Label,Mode,FlexPinky,FlexRing,FlexMiddle,FlexIndex,FlexThumb,TouchIndex,TouchMiddle,TouchRing,TouchPinky,TouchR,TouchU,AccX,AccY,AccZ,GyroX,GyroY,GyroZ
A,1,378,672,498,251,2612,1,1,1,1,1,0,17880,584,-3716,-287,-631,-126
A,1,354,670,498,307,2618,1,1,1,1,1,0,17896,1280,-3944,-536,-526,-214
A,1,354,657,456,241,2640,1,1,1,1,1,0,17708,1068,-4272,-858,-197,-212
A,1,358,658,479,278,2609,1,1,1,1,1,0,18300,1488,-3868,-1023,587,-419
A,1,368,634,494,269,2618,1,1,1,1,1,0,17600,888,-3512,-1273,-85,93
A,1,366,672,442,281,2623,1,1,1,1,1,0,18088,1236,-3500,-756,428,-190
A,1,369,646,467,256,2638,1,1,1,1,1,0,17860,1344,-3428,-632,-245,72
A,1,383,640,483,261,2608,1,1,1,1,1,0,17916,1564,-3144,-611,159,-15
A,1,375,656,472,257,2611,1,1,1,1,1,0,18000,960,-3380,-208,-201,249
A,1,335,660,474,243,2630,1,1,1,1,1,0,17948,1132,-3524,-330,-183,86
A,1,348,672,471,247,2613,1,1,1,1,1,0,17840,1208,-3792,-535,-313,168
A,1,352,646,477,269,2621,1,1,1,1,1,0,18140,948,-3440,-282,-178,186
A,1,365,656,465,270,2616,1,1,1,1,1,0,17800,1128,-3544,-665,-307,33
A,1,337,661,475,247,2615,1,1,1,1,1,0,17768,824,-3748,-216,-160,140
A,1,370,656,459,281,2607,1,1,1,1,1,0,17972,1124,-3560,-628,-306,-58
A,1,347,641,496,265,2603,1,1,1,1,1,0,18036,1172,-3392,-414,-516,78
A,1,357,673,471,245,2618,1,1,1,1,1,0,17848,1392,-3552,-464,-372,71
A,1,379,639,493,245,2620,1,1,1,1,1,0,17944,1152,-3696,-793,-308,34
A,1,367,658,464,272,2595,1,1,1,1,1,0,18048,920,-3616,-446,-243,22
A,1,358,644,489,232,2630,1,1,1,1,1,0,17896,1372,-3408,-716,-290,-12
A,1,379,656,495,236,2611,1,1,1,1,1,0,17936,1016,-3556,-283,-401,87
A,1,373,655,464,292,2613,1,1,1,1,1,0,17936,1372,-3360,-532,-441,-21
A,1,355,648,490,247,2621,1,1,1,1,1,0,17820,1280,-3852,-236,-523,194
A,1,344,643,510,231,2635,1,1,1,1,1,0,17984,1096,-3924,-484,-162,167
A,1,367,644,484,246,2631,1,1,1,1,1,0,17896,1044,-3600,-577,-431,129
A,1,372,675,462,247,2623,1,1,1,1,1,0,18016,1232,-3788,-305,-196,165
A,1,354,642,487,261,2626,1,1,1,1,1,0,17820,1120,-3696,-419,-324,76
A,1,394,630,501,255,2612,1,1,1,1,1,0,17824,1220,-3880,-441,-277,92
A,1,370,646,446,298,2594,1,1,1,1,1,0,17720,1276,-3908,-612,-1,13
A,1,358,650,464,258,2627,1,1,1,1,1,0,17832,1160,-3804,-681,-175,73
A,1,365,641,479,258,2608,1,1,1,1,1,0,18032,1276,-3540,-550,-115,186
A,1,377,648,473,257,2608,1,1,1,1,1,0,18000,1160,-3572,-780,-238,88
A,1,390,638,469,272,2619,1,1,1,1,1,0,17960,1328,-3668,-679,-266,189
A,1,358,666,461,271,2603,1,1,1,1,1,0,17916,960,-3512,-405,-206,159
A,1,348,650,496,247,2624,1,1,1,1,1,0,17924,1316,-3504,-461,-256,105
A,1,374,656,475,277,2624,1,1,1,1,1,0,17664,1176,-3660,-609,-238,116
A,1,355,668,464,251,2624,1,1,1,1,1,0,18008,1208,-3548,-557,-286,98
A,1,359,641,526,213,2612,1,1,1,1,1,0,18004,1248,-3344,-282,-384,169
A,1,337,671,449,278,2615,1,1,1,1,1,0,18152,1184,-3376,-424,-480,162
A,1,381,663,452,269,2629,1,1,1,1,1,0,18000,1112,-3640,-387,-63,-13
A,1,354,650,489,254,2624,1,1,1,1,1,0,17772,1292,-3664,-618,-388,43
A,1,364,652,483,262,2615,1,1,1,1,1,0,17952,940,-3656,-429,-158,72
A,1,375,681,448,293,2608,1,1,1,1,1,0,17728,1028,-3752,-453,-261,83
A,1,350,657,464,265,2613,1,1,1,1,1,0,18068,1496,-3460,-497,-396,113
A,1,349,629,499,237,2608,1,1,1,1,1,0,18000,1172,-3708,-495,-253,98
A,1,366,653,479,272,2608,1,1,1,1,1,0,18032,1208,-3592,-561,-476,120
A,1,369,662,478,256,2625,1,1,1,1,1,0,17940,1332,-3636,-493,-272,142
A,1,349,653,470,238,2617,1,1,1,1,1,0,17884,1340,-3536,-527,-451,197
A,1,363,641,475,269,2601,1,1,1,1,1,0,17872,1184,-3640,-436,-238,171
A,1,354,656,456,277,2614,1,1,1,1,1,0,17840,1188,-3684,-515,-176,96
A,1,336,667,474,249,2627,1,1,1,1,1,0,17976,1448,-3544,-628,-352,147
A,1,361,646,474,268,2608,1,1,1,1,1,0,17908,1012,-3756,-652,-253,158
A,1,386,660,463,268,2593,1,1,1,1,1,0,18040,1188,-3484,-508,-322,213
A,1,357,661,482,271,2609,1,1,1,1,1,0,17828,1224,-3612,-437,-267,191
A,1,371,647,490,226,2610,1,1,1,1,1,0,17924,1200,-3376,-595,-326,192
A,1,389,656,454,258,2627,1,1,1,1,1,0,17836,1008,-3704,-549,-63,82
A,1,384,659,438,297,2594,1,1,1,1,1,0,17896,1140,-3712,-572,-239,-39
A,1,320,677,473,240,2639,1,1,1,1,1,0,17924,1152,-3732,-647,-171,28
A,1,352,645,494,251,2606,1,1,1,1,1,0,17876,1320,-3556,-475,-171,42
A,1,378,659,457,277,2608,1,1,1,1,1,0,17912,1416,-3572,-615,-169,81
A,1,354,677,437,272,2613,1,1,1,1,1,0,17932,1232,-3476,-528,-179,74
A,1,373,654,501,241,2613,1,1,1,1,1,0,17772,1264,-3688,-504,-319,64
A,1,382,656,469,282,2609,1,1,1,1,1,0,17736,940,-3588,-302,-511,205
A,1,353,663,487,254,2614,1,1,1,1,1,0,18032,1404,-3428,-491,-271,2
A,1,343,651,485,247,2625,1,1,1,1,1,0,17900,1244,-3712,-637,-352,121
A,1,361,649,494,294,2606,1,1,1,1,1,0,18040,1124,-3616,-345,-115,178
A,1,367,671,464,288,2606,1,1,1,1,1,0,17852,1140,-3700,-434,-303,53
A,1,343,687,438,278,2609,1,1,1,1,1,0,17844,1232,-3344,-566,-480,-31
A,1,368,629,496,267,2607,1,1,1,1,1,0,17920,1336,-3640,-451,-498,57
A,1,385,642,477,276,2606,1,1,1,1,1,0,17884,1072,-3920,-564,-617,183
A,1,359,671,448,243,2615,1,1,1,1,1,0,17972,1456,-3952,-287,44,83
A,1,353,668,496,240,2628,1,1,1,1,1,0,17840,1068,-3696,-834,-189,61
A,1,362,642,509,267,2588,1,1,1,1,1,0,17936,1048,-3524,-368,-209,-6
A,1,368,655,482,254,2611,1,1,1,1,1,0,17860,1428,-3660,-275,-700,-7
A,1,354,656,506,253,2624,1,1,1,1,1,0,17868,1504,-3944,-292,-175,-33
A,1,384,640,509,216,2614,1,1,1,1,1,0,17564,1396,-4164,-716,-119,-8
A,1,387,652,464,286,2602,1,1,1,1,1,0,17916,1356,-3648,-578,-96,256
A,1,348,656,503,254,2618,1,1,1,1,1,0,17952,1216,-3428,-530,-100,268
A,1,349,651,486,259,2621,1,1,1,1,1,0,17960,1096,-3652,-713,-307,230
A,1,357,641,491,250,2622,1,1,1,1,1,0,18128,1156,-3684,-472,160,-58
A,1,387,643,463,263,2624,1,1,1,1,1,0,17688,1296,-3628,-693,-177,137
A,1,348,670,471,242,2613,1,1,1,1,1,0,17980,992,-3396,-363,-129,74
A,1,371,640,509,265,2606,1,1,1,1,1,0,17784,1760,-3248,-367,-39,-190
A,1,368,649,481,251,2612,1,1,1,1,1,0,17872,1440,-3476,-630,-247,207
A,1,375,653,454,259,2624,1,1,1,1,1,0,18092,1080,-3872,-354,-146,84
A,1,351,655,496,240,2625,1,1,1,1,1,0,18144,1380,-3632,-440,203,-18
A,1,361,672,483,274,2609,1,1,1,1,1,0,17772,1448,-3332,-560,-64,32
A,1,368,680,452,284,2608,1,1,1,1,1,0,17820,1236,-3568,-509,-148,93
A,1,352,647,487,241,2631,1,1,1,1,1,0,17856,1188,-3484,-154,-42,86
A,1,367,646,469,271,2607,1,1,1,1,1,0,17736,940,-3624,-312,312,-90
A,1,403,663,459,307,2593,1,1,1,1,1,0,17920,1304,-3444,-385,-445,57
A,1,306,641,501,296,2617,1,1,1,1,1,0,18084,1372,-3300,-319,411,-48
A,1,342,640,499,229,2623,1,1,1,1,1,0,18036,1200,-3368,-542,-216,-86
A,1,385,646,493,292,2585,1,1,1,1,1,0,18100,1556,-3332,-270,124,-69
A,1,345,662,473,257,2631,1,1,1,1,1,0,17860,1184,-3420,-532,215,-164
A,1,320,672,481,245,2629,1,1,1,1,1,0,17940,1584,-3116,-829,-227,-90
A,1,349,646,511,244,2596,1,1,1,1,1,0,17828,1588,-3128,-409,392,82
A,1,368,656,465,263,2607,1,1,1,1,1,0,17960,1576,-2916,-915,-270,98
A,1,368,647,466,279,2599,1,1,1,1,1,0,18172,1212,-2732,-526,37,164
A,1,347,656,494,266,2608,1,1,1,1,1,0,18020,1532,-3076,-463,-151,108
A,1,343,656,490,236,2612,1,1,1,1,1,0,17868,1504,-3280,-944,-149,172
A,1,379,655,460,289,2618,1,1,1,1,1,0,17988,1172,-2976,-191,-127,188
A,1,368,656,492,268,2615,1,1,1,1,1,0,17940,1620,-3212,-459,-113,56
A,1,370,638,464,267,2603,1,1,1,1,1,0,18012,1680,-3156,-526,-440,62
A,1,366,641,496,258,2614,1,1,1,1,1,0,18124,1492,-3216,-510,160,107
A,1,350,657,497,240,2627,1,1,1,1,1,0,17816,1388,-2908,-939,-471,117
A,1,356,656,470,273,2618,1,1,1,1,1,0,18264,1248,-3020,-554,-161,5
A,1,373,663,431,262,2599,1,1,1,1,1,0,17756,1748,-3232,-166,-306,169
A,1,368,655,480,224,2630,1,1,1,1,1,0,18096,1580,-3060,-814,-190,194
A,1,353,644,503,251,2619,1,1,1,1,1,0,17892,1332,-3080,-442,-137,169
A,1,369,642,470,294,2597,1,1,1,1,1,0,18072,1516,-2904,-566,-418,45
A,1,368,656,490,252,2611,1,1,1,1,1,0,17764,1332,-3276,-837,335,-240
A,1,344,655,511,237,2636,1,1,1,1,1,0,18088,1520,-3056,-546,-573,149
A,1,383,653,528,232,2623,1,1,1,1,1,0,18160,1864,-3112,-674,135,70
A,1,354,647,506,261,2622,1,1,1,1,1,0,17780,1312,-3168,-805,-390,130
A,1,378,651,482,272,2605,1,1,1,1,1,0,18256,1552,-2868,-412,-390,105
A,1,368,656,482,257,2625,1,1,1,1,1,0,17792,1728,-3340,-447,-192,132
A,1,363,675,472,271,2602,1,1,1,1,1,0,18088,1480,-2908,-853,-638,167
A,1,391,629,498,257,2615,1,1,1,1,1,0,18112,1480,-3212,-6,166,145
A,1,343,659,482,271,2617,1,1,1,1,1,0,18048,1692,-3332,-611,-819,212
A,1,378,653,475,262,2610,1,1,1,1,1,0,18236,1444,-3056,-220,-501,186
A,1,369,656,478,261,2620,1,1,1,1,1,0,17936,1392,-2964,-541,-404,93
A,1,346,682,458,258,2614,1,1,1,1,1,0,17988,1508,-3160,-310,-159,83
A,1,368,633,483,244,2618,1,1,1,1,1,0,17820,1472,-3424,-450,-334,125
A,1,355,650,495,272,2622,1,1,1,1,1,0,18080,1420,-3048,-443,-391,174
A,1,364,667,469,263,2624,1,1,1,1,1,0,17868,1448,-3260,-566,7,10
A,1,359,650,523,240,2608,1,1,1,1,1,0,17940,1336,-3160,-593,-538,141
A,1,368,650,465,282,2590,1,1,1,1,1,0,18168,1648,-3100,-481,-175,49
A,1,365,678,463,266,2627,1,1,1,1,1,0,17656,1368,-3204,-447,-48,166
A,1,381,666,469,250,2611,1,1,1,1,1,0,18124,1196,-3424,-627,63,168
A,1,351,638,482,260,2608,1,1,1,1,1,0,17656,1316,-3424,-715,214,-32
A,1,365,656,451,289,2605,1,1,1,1,1,0,18248,1624,-2868,-690,-441,214
A,1,337,677,464,247,2603,1,1,1,1,1,0,18140,1692,-2844,-560,-94,135
A,1,374,662,526,247,2608,1,1,1,1,1,0,18088,1508,-3372,-621,-443,229
A,1,388,644,496,282,2608,1,1,1,1,1,0,18036,1224,-3068,-455,-265,135
A,1,368,655,467,265,2623,1,1,1,1,1,0,17896,1536,-2832,-412,-326,68
A,1,325,671,467,257,2624,1,1,1,1,1,0,17988,1588,-2956,-482,-473,40
A,1,369,647,496,247,2634,1,1,1,1,1,0,17748,1412,-3336,-649,-266,107
A,1,386,637,476,273,2609,1,1,1,1,1,0,17980,1488,-3224,-530,-219,112
A,1,368,656,489,258,2618,1,1,1,1,1,0,18128,1588,-3220,-583,-156,109
A,1,367,650,487,250,2627,1,1,1,1,1,0,18068,1508,-3188,-350,-330,175
A,1,397,624,496,259,2609,1,1,1,1,1,0,18084,1496,-3144,-835,-247,96
A,1,365,652,497,247,2627,1,1,1,1,1,0,17760,1460,-3352,-512,109,75
A,1,382,645,453,272,2621,1,1,1,1,1,0,18020,1648,-2788,-779,-230,116
A,1,382,644,499,275,2609,1,1,1,1,1,0,17936,1644,-2996,-513,-85,195
A,1,357,639,475,255,2602,1,1,1,1,1,0,17924,1440,-3028,-472,-383,230
A,1,363,655,475,246,2631,1,1,1,1,1,0,18232,1508,-3064,-613,-294,147
A,1,346,645,500,251,2602,1,1,1,1,1,0,17956,1528,-3100,-419,12,69
A,1,352,644,465,274,2613,1,1,1,1,1,0,18032,1280,-2864,-503,-485,170
A,1,356,662,487,257,2621,1,1,1,1,1,0,18020,1492,-3336,-366,-4,42
A,1,357,656,542,237,2605,1,1,1,1,1,0,17860,1332,-3208,-595,-244,21
A,1,378,631,510,285,2601,1,1,1,1,1,0,17952,1768,-2892,-543,-33,22
A,1,357,655,500,260,2609,1,1,1,1,1,0,17700,1420,-3232,-691,-166,74
A,1,384,645,462,256,2624,1,1,1,1,1,0,18280,1496,-2936,-529,-470,230
A,1,372,644,486,270,2602,1,1,1,1,1,0,17872,1556,-3296,-377,61,128
A,1,400,643,493,276,2607,1,1,1,1,1,0,18080,1444,-3044,-575,-727,161
A,1,385,660,497,261,2614,1,1,1,1,1,0,18104,1672,-3304,-497,47,206
A,1,352,627,506,247,2613,1,1,1,1,1,0,17616,1184,-3180,-519,-281,124
A,1,381,678,496,246,2630,1,1,1,1,1,0,18324,1472,-2968,-447,-511,121
A,1,384,666,447,278,2607,1,1,1,1,1,0,17852,1432,-3360,-446,168,16
A,1,342,645,495,272,2630,1,1,1,1,1,0,18148,1620,-2924,-418,-741,147
A,1,391,626,509,247,2607,1,1,1,1,1,0,18124,1312,-2812,-308,-214,54
A,1,368,667,471,259,2606,1,1,1,1,1,0,17956,1476,-3432,-427,-457,31
A,1,355,656,478,250,2626,1,1,1,1,1,0,18012,1492,-3204,-416,-348,80
A,1,370,632,511,250,2623,1,1,1,1,1,0,17620,1616,-3324,-560,-147,82
A,1,371,673,496,256,2608,1,1,1,1,1,0,18072,1480,-2952,-720,-607,212
A,1,361,653,471,268,2609,1,1,1,1,1,0,17956,1428,-3212,-402,-19,14
A,1,362,655,504,240,2609,1,1,1,1,1,0,18268,1680,-3188,-440,-698,123
A,1,371,640,491,273,2602,1,1,1,1,1,0,18092,1452,-3228,-484,76,145
A,1,383,644,461,273,2613,1,1,1,1,1,0,17720,1292,-3424,-797,-773,295
A,1,347,685,457,269,2630,1,1,1,1,1,0,18224,1560,-2948,-461,-315,139
A,1,370,672,465,258,2625,1,1,1,1,1,0,17600,964,-3736,-979,-46,-75
A,1,389,662,449,286,2606,1,1,1,1,1,0,18096,1488,-3400,-55,-429,156
A,1,361,675,480,268,2619,1,1,1,1,1,0,17880,1952,-3332,-687,-44,38
A,1,352,642,499,239,2623,1,1,1,1,1,0,18056,1252,-3036,-565,-418,165
A,1,368,673,454,288,2607,1,1,1,1,1,0,18112,1684,-3300,-317,-51,115
A,1,387,669,448,260,2627,1,1,1,1,1,0,17656,1212,-3380,-578,-341,124
A,1,355,659,465,271,2617,1,1,1,1,1,0,17976,956,-3392,-513,-206,41
A,1,357,651,509,245,2608,1,1,1,1,1,0,17728,1728,-3324,-341,-80,9
A,1,352,675,466,253,2622,1,1,1,1,1,0,17940,1396,-3376,-1008,-450,39
A,1,354,679,474,256,2621,1,1,1,1,1,0,17816,1252,-3352,-263,-121,146
A,1,381,655,451,247,2634,1,1,1,1,1,0,18088,1976,-3084,-249,-13,144
A,1,384,638,489,291,2589,1,1,1,1,1,0,17832,1320,-3576,-809,0,-5
A,1,355,677,483,299,2619,1,1,1,1,1,0,17920,1312,-3184,-518,-601,223
A,1,370,663,474,250,2608,1,1,1,1,1,0,17872,1668,-2968,-337,165,105
A,1,375,646,477,242,2617,1,1,1,1,1,0,17808,1124,-3416,-509,-680,126
A,1,368,656,455,296,2617,1,1,1,1,1,0,18136,1540,-3064,-148,-427,90
A,1,350,662,474,257,2625,1,1,1,1,1,0,17780,1504,-3516,-567,-16,29
A,1,368,626,482,247,2610,1,1,1,1,1,0,18176,1300,-3252,-638,-674,119
A,1,367,640,507,272,2587,1,1,1,1,1,0,18180,1752,-3220,-195,113,83
A,1,369,670,464,253,2608,1,1,1,1,1,0,17848,1592,-3124,-809,-493,132
A,1,355,653,496,256,2629,1,1,1,1,1,0,17992,1592,-3728,-528,160,255
A,1,341,639,497,250,2602,1,1,1,1,1,0,17836,1404,-3352,-825,14,125
A,1,386,656,466,273,2608,1,1,1,1,1,0,17972,1516,-3004,-585,-295,143
A,1,384,654,466,277,2608,1,1,1,1,1,0,18064,1512,-3096,-587,-65,78
A,1,346,635,510,258,2609,1,1,1,1,1,0,17920,1488,-3184,-640,-302,92
A,1,382,656,451,272,2618,1,1,1,1,1,0,17844,1216,-3352,-522,-260,240
A,1,355,674,493,282,2625,1,1,1,1,1,0,18188,1412,-3036,-343,81,23
A,1,336,665,495,240,2635,1,1,1,1,1,0,17572,1444,-3152,-811,-202,-13
A,1,373,640,499,257,2608,1,1,1,1,1,0,18196,1748,-3096,-245,-528,248
B,1,1216,1840,912,581,2559,1,1,1,1,1,0,16824,6848,-1768,-227,145,321
B,1,1219,1811,909,564,2551,1,1,1,1,1,0,17104,6228,-1568,-798,-539,120
B,1,1250,1829,885,585,2555,1,1,1,1,1,0,16764,7020,-1704,-355,-6,103
B,1,1218,1842,906,571,2559,1,1,1,1,1,0,16756,6532,-1692,-972,-528,112
B,1,1215,1857,871,569,2592,1,1,1,1,1,0,16796,6612,-1636,-398,-130,185
B,1,1218,1841,891,575,2559,1,1,1,1,1,0,16776,6728,-1608,-657,-194,112
B,1,1217,1850,880,583,2559,1,1,1,1,1,0,16860,6712,-1528,-643,-73,60
B,1,1200,1843,925,564,2605,1,1,1,1,1,0,16832,6604,-1444,-509,-327,102
B,1,1230,1854,880,576,2555,1,1,1,1,1,0,16900,6832,-1400,-372,-53,123
B,1,1209,1842,896,583,2545,1,1,1,1,1,0,16832,6556,-1580,-471,-372,77
B,1,1214,1854,874,588,2559,1,1,1,1,1,0,16716,6452,-1540,-287,-542,74
B,1,1206,1850,911,562,2587,1,1,1,1,1,0,16712,6604,-1640,-525,-474,-37
B,1,1271,1867,865,613,2559,1,1,1,1,1,0,16800,6868,-1664,-248,-164,28
B,1,1212,1874,899,586,2559,1,1,1,1,1,0,16696,7040,-1516,-532,-115,97
B,1,1238,1855,886,589,2581,1,1,1,1,1,0,17016,6640,-1608,-812,-510,161
B,1,1237,1845,887,567,2555,1,1,1,1,1,0,16832,6824,-1536,-266,-107,174
B,1,1214,1840,888,581,2559,1,1,1,1,1,0,17016,6512,-1428,-748,-505,67
B,1,1207,1853,922,541,2579,1,1,1,1,1,0,16792,7024,-1520,-265,-62,65
B,1,1216,1845,901,579,2559,1,1,1,1,1,0,16744,6464,-1380,-565,-682,108
B,1,1227,1843,887,595,2559,1,1,1,1,1,0,16908,6816,-1932,-321,-282,195
B,1,1219,1853,886,576,2559,1,1,1,1,1,0,16932,6560,-1972,-407,-331,-8
B,1,1205,1842,886,571,2559,1,1,1,1,1,0,17036,6784,-1876,-681,-328,224
B,1,1229,1832,900,583,2559,1,1,1,1,1,0,16912,6664,-1740,-322,-28,47
B,1,1231,1859,869,583,2553,1,1,1,1,1,0,17044,6552,-1556,-468,-303,164
B,1,1230,1843,882,559,2583,1,1,1,1,1,0,16928,6852,-1652,-607,-118,25
B,1,1234,1841,896,581,2558,1,1,1,1,1,0,16976,6444,-1616,-513,-392,75
B,1,1222,1854,850,592,2551,1,1,1,1,1,0,16752,6844,-1884,-636,-70,33
B,1,1232,1841,899,576,2589,1,1,1,1,1,0,16856,6812,-1656,-563,-314,76
B,1,1232,1841,895,562,2593,1,1,1,1,1,0,16928,6864,-1624,-402,1,95
B,1,1232,1856,893,585,2559,1,1,1,1,1,0,16872,6540,-1680,-415,-173,55
B,1,1217,1849,885,573,2590,1,1,1,1,1,0,16744,6680,-1724,-630,-175,61
B,1,1242,1839,898,585,2549,1,1,1,1,1,0,16884,6672,-1516,-521,-470,102
B,1,1226,1845,931,579,2549,1,1,1,1,1,0,16672,6992,-1600,-431,-99,124
B,1,1249,1840,870,578,2592,1,1,1,1,1,0,16932,6704,-1704,-323,-264,163
B,1,1200,1842,905,578,2559,1,1,1,1,1,0,16892,6656,-1392,-390,91,-93
B,1,1215,1820,923,571,2559,1,1,1,1,1,0,16692,7016,-1904,-872,-293,-15
B,1,1229,1835,901,579,2581,1,1,1,1,1,0,17216,6624,-1528,90,-23,89
B,1,1227,1862,883,557,2607,1,1,1,1,1,0,16696,6796,-1600,-715,-452,117
B,1,1241,1854,883,560,2597,1,1,1,1,1,0,16864,6748,-1692,-287,-306,81
B,1,1218,1849,880,574,2557,1,1,1,1,1,0,16672,6808,-1804,-541,-368,-71
B,1,1227,1843,849,594,2559,1,1,1,1,1,0,16828,6908,-1608,-154,-190,215
B,1,1223,1840,937,555,2559,1,1,1,1,1,0,16676,6860,-1896,-1122,-263,-77
B,1,1200,1821,933,560,2557,1,1,1,1,1,0,16880,6780,-1520,-143,-174,199
B,1,1238,1839,914,592,2559,1,1,1,1,1,0,16768,7016,-1800,-880,45,160
B,1,1206,1837,882,571,2559,1,1,1,1,1,0,17076,6812,-1520,-576,-229,150
B,1,1201,1840,896,570,2586,1,1,1,1,1,0,16812,6660,-1732,-674,109,79
B,1,1251,1805,911,561,2541,1,1,1,1,1,0,16948,6756,-1100,-410,-316,211
B,1,1213,1840,870,599,2559,1,1,1,1,1,0,16736,6808,-1736,-739,-353,225
B,1,1227,1809,913,565,2585,1,1,1,1,1,0,16972,6664,-1636,-443,-234,58
B,1,1213,1824,899,575,2559,1,1,1,1,1,0,16720,6972,-1436,-525,-158,240
B,1,1247,1839,877,607,2542,1,1,1,1,1,0,16952,6840,-1584,-733,-288,16
B,1,1238,1803,922,560,2581,1,1,1,1,1,0,16864,6772,-1432,-363,-188,57
B,1,1242,1814,896,594,2551,1,1,1,1,1,0,16816,6996,-1612,-377,-318,220
B,1,1215,1833,866,574,2549,1,1,1,1,1,0,16672,6856,-1928,-810,-353,99
B,1,1217,1833,894,583,2559,1,1,1,1,1,0,16864,6684,-1708,-272,110,319
B,1,1179,1842,907,576,2586,1,1,1,1,1,0,16612,6756,-1576,-1127,-164,149
B,1,1229,1822,886,608,2531,1,1,1,1,1,0,16988,6552,-1208,-308,0,43
B,1,1201,1829,894,587,2558,1,1,1,1,1,0,16812,6976,-1324,-636,-335,110
B,1,1217,1819,912,574,2559,1,1,1,1,1,0,16952,6688,-1408,-48,-463,262
B,1,1217,1816,897,571,2557,1,1,1,1,1,0,16812,6756,-1776,-731,-521,32
B,1,1220,1838,871,618,2559,1,1,1,1,1,0,16908,6716,-1652,13,-146,65
B,1,1217,1825,912,558,2588,1,1,1,1,1,0,16604,6908,-1648,-723,-525,98
B,1,1232,1838,874,590,2559,1,1,1,1,1,0,16944,6580,-1700,-154,-177,167
B,1,1204,1834,912,576,2551,1,1,1,1,1,0,16640,6924,-1848,-897,-288,45
B,1,1210,1841,864,565,2593,1,1,1,1,1,0,16964,6572,-1548,-129,-206,155
B,1,1212,1808,917,566,2559,1,1,1,1,1,0,16844,7108,-1464,-615,-705,577
B,1,1209,1824,910,595,2548,1,1,1,1,1,0,16892,6096,-2604,-548,-607,-21
B,1,1228,1808,866,596,2580,1,1,1,1,1,0,16684,6768,-1936,-605,-302,354
B,1,1197,1815,902,568,2585,1,1,1,1,1,0,16964,6640,-1560,-393,-313,211
B,1,1232,1808,907,583,2559,1,1,1,1,1,0,16836,6504,-1600,-461,-558,414
B,1,1207,1808,910,582,2559,1,1,1,1,1,0,16960,6632,-1952,-153,-176,348
B,1,1217,1837,870,585,2593,1,1,1,1,1,0,16912,6564,-1700,-758,-770,319
B,1,1202,1801,923,574,2559,1,1,1,1,1,0,16872,6612,-2104,-436,-240,230
B,1,1232,1808,895,576,2559,1,1,1,1,1,0,16912,6040,-2088,-713,-867,123
B,1,1200,1835,876,585,2599,1,1,1,1,1,0,16980,6628,-1796,-224,299,-158
B,1,1226,1796,922,570,2559,1,1,1,1,1,0,16980,6324,-1916,-857,-547,-183
B,1,1213,1797,912,575,2549,1,1,1,1,1,0,16692,6928,-2016,-290,133,-61
B,1,1229,1822,879,576,2559,1,1,1,1,1,0,16904,6356,-1800,-528,-272,12
B,1,1187,1829,896,566,2583,1,1,1,1,1,0,16844,6856,-1936,-871,-162,216
B,1,1240,1808,900,591,2559,1,1,1,1,1,0,17100,6220,-1660,-99,-504,11
B,1,1262,1792,912,591,2550,1,1,1,1,1,0,16956,6908,-1872,-804,-16,22
B,1,1203,1819,908,559,2559,1,1,1,1,1,0,17020,6396,-1836,-419,-615,48
B,1,1216,1811,894,561,2587,1,1,1,1,1,0,16608,6696,-1920,-698,-202,167
B,1,1220,1807,921,549,2559,1,1,1,1,1,0,16964,6368,-2068,-30,85,-63
B,1,1197,1798,868,583,2559,1,1,1,1,1,0,16656,6928,-1808,-1169,-223,-58
B,1,1199,1806,899,573,2559,1,1,1,1,1,0,16836,6864,-1864,-186,343,285
B,1,1200,1795,915,560,2559,1,1,1,1,1,0,17072,6180,-1648,-985,-349,19
B,1,1214,1807,896,579,2559,1,1,1,1,1,0,16928,6424,-1716,-288,214,28
B,1,1225,1834,902,577,2559,1,1,1,1,1,0,16892,6620,-1868,-873,-208,-207
B,1,1232,1818,885,586,2559,1,1,1,1,1,0,16696,7228,-1304,-434,-81,148
B,1,1248,1794,893,583,2558,1,1,1,1,1,0,16712,6800,-1696,-454,-168,300
B,1,1229,1799,934,553,2559,1,1,1,1,1,0,16956,6348,-1636,-501,-454,318
B,1,1194,1808,912,550,2590,1,1,1,1,1,0,16952,6464,-1736,-318,101,174
B,1,1230,1790,896,575,2525,1,1,1,1,1,0,17012,6408,-1804,-800,-331,-42
B,1,1203,1801,852,592,2559,1,1,1,1,1,0,16964,6776,-1568,-604,10,1
B,1,1178,1825,887,553,2557,1,1,1,1,1,0,16920,6572,-1260,-621,-670,80
B,1,1221,1791,899,560,2554,1,1,1,1,1,0,16812,6616,-1908,-338,-71,-3
B,1,1205,1796,879,570,2559,1,1,1,1,1,0,16836,6644,-1840,-597,-387,-144
B,1,1198,1814,869,561,2583,1,1,1,1,1,0,16592,7100,-2072,-262,189,123
B,1,1217,1780,896,559,2559,1,1,1,1,1,0,16824,6648,-1828,-814,-325,154
B,1,1212,1776,909,575,2558,1,1,1,1,1,0,16720,6668,-1660,-104,245,131
B,1,1195,1808,868,564,2559,1,1,1,1,1,0,17060,6680,-1400,-710,-338,157
B,1,1193,1803,881,568,2559,1,1,1,1,1,0,16712,6648,-1608,-348,12,92
B,1,1216,1783,898,562,2544,1,1,1,1,1,0,17020,6344,-1488,-419,-293,265
B,1,1251,1799,875,573,2559,1,1,1,1,1,0,16640,7000,-1732,-748,-292,39
B,1,1190,1791,922,537,2590,1,1,1,1,1,0,16980,6660,-1372,-76,-233,269
B,1,1226,1800,885,571,2583,1,1,1,1,1,0,16708,6904,-1960,-637,-351,195
B,1,1233,1786,901,590,2559,1,1,1,1,1,0,17068,6340,-1952,-317,-168,365
B,1,1206,1793,876,559,2559,1,1,1,1,1,0,16956,6416,-1872,-955,-243,41
B,1,1199,1813,871,564,2559,1,1,1,1,1,0,16972,6692,-1604,-462,187,-149
B,1,1213,1777,893,572,2559,1,1,1,1,1,0,16720,6904,-1244,-984,-458,62
B,1,1222,1815,845,578,2559,1,1,1,1,1,0,16692,6924,-1584,-12,-30,237
B,1,1211,1776,863,557,2559,1,1,1,1,1,0,16920,6360,-1828,-584,-289,173
B,1,1190,1795,884,556,2579,1,1,1,1,1,0,16920,6720,-1700,-354,461,126
B,1,1186,1791,882,560,2559,1,1,1,1,1,0,17112,6736,-1304,-733,-752,236
B,1,1177,1827,864,565,2559,1,1,1,1,1,0,16932,6656,-1380,-346,448,234
B,1,1189,1793,889,563,2586,1,1,1,1,1,0,17056,6684,-1156,-966,-692,226
B,1,1226,1779,870,575,2559,1,1,1,1,1,0,16924,6388,-1600,-127,66,-163
B,1,1190,1802,880,559,2559,1,1,1,1,1,0,16916,6528,-1292,-666,-564,-95
B,1,1194,1776,918,558,2559,1,1,1,1,1,0,16524,7392,-1596,-503,-69,920
B,1,1225,1785,907,555,2543,1,1,1,1,1,0,16856,6696,-1824,-472,-492,475
B,1,1207,1788,888,566,2559,1,1,1,1,1,0,16964,6560,-1964,-650,534,341
B,1,1199,1808,855,576,2559,1,1,1,1,1,0,17244,6072,-1672,-954,-252,213
B,1,1170,1799,893,549,2585,1,1,1,1,1,0,16960,6512,-1060,-661,537,37
B,1,1217,1763,893,571,2559,1,1,1,1,1,0,17052,6456,-600,-577,-803,-37
B,1,1199,1818,877,565,2559,1,1,1,1,1,0,16920,6720,-1036,-144,-315,-264
B,1,1194,1781,897,563,2559,1,1,1,1,1,0,16964,6252,-1668,-171,-653,-238
B,1,1201,1793,863,561,2551,1,1,1,1,1,0,16772,6648,-2296,-671,-389,-73
B,1,1210,1792,854,543,2582,1,1,1,1,1,0,16640,6932,-2452,-981,526,-36
B,1,1213,1794,865,531,2583,1,1,1,1,1,0,16908,6928,-1608,-834,738,24
B,1,1203,1754,912,539,2559,1,1,1,1,1,0,17052,6520,-608,-862,690,175
B,1,1227,1761,842,604,2541,1,1,1,1,1,0,17124,6336,-684,-375,164,-42
B,1,1187,1781,880,561,2559,1,1,1,1,1,0,16872,6728,-960,-607,-144,-292
B,1,1188,1766,924,561,2559,1,1,1,1,1,0,16824,7024,-888,154,-194,105
B,1,1233,1793,843,560,2559,1,1,1,1,1,0,16556,7008,-1372,-710,-746,259
B,1,1200,1794,848,560,2559,1,1,1,1,1,0,17096,6536,-1444,153,5,418
B,1,1193,1789,854,562,2559,1,1,1,1,1,0,16956,6416,-1456,-858,-452,123
B,1,1204,1793,833,576,2559,1,1,1,1,1,0,17044,6528,-1168,-422,-89,34
B,1,1229,1785,837,587,2559,1,1,1,1,1,0,16840,6660,-1056,-684,-445,-203
B,1,1183,1781,864,545,2607,1,1,1,1,1,0,16816,6740,-1052,-489,-416,4
B,1,1199,1765,881,558,2559,1,1,1,1,1,0,16960,6632,-1348,-233,-411,-87
B,1,1203,1758,883,566,2559,1,1,1,1,1,0,16888,6820,-1332,-222,-503,69
B,1,1187,1791,875,558,2559,1,1,1,1,1,0,16608,6936,-1680,-381,-433,92
B,1,1220,1771,899,543,2559,1,1,1,1,1,0,16952,7096,-1772,-659,-98,212
B,1,1207,1775,878,576,2559,1,1,1,1,1,0,16892,6800,-1668,-611,118,334
B,1,1201,1789,866,576,2559,1,1,1,1,1,0,17120,6872,-1340,-971,389,346
B,1,1199,1777,881,527,2601,1,1,1,1,1,0,16772,6464,-728,-783,-306,716
B,1,1213,1756,880,574,2547,1,1,1,1,1,0,17012,6384,-1148,-554,185,414
B,1,1241,1776,869,565,2546,1,1,1,1,1,0,16740,6500,-972,-1005,-301,37
B,1,1201,1759,878,566,2559,1,1,1,1,1,0,16972,6424,-1040,86,152,-42
B,1,1215,1759,912,549,2555,1,1,1,1,1,0,16904,6848,568,-999,-1005,-214
B,1,1190,1793,886,547,2559,1,1,1,1,1,0,17128,6816,-1472,215,-5,-64
B,1,1187,1807,835,566,2581,1,1,1,1,1,0,16796,6828,-1300,-899,-322,-187
B,1,1188,1776,905,531,2559,1,1,1,1,1,0,16840,7008,-1000,-385,-185,100
B,1,1229,1786,866,561,2550,1,1,1,1,1,0,16816,6604,-1144,-492,-236,95
B,1,1197,1779,866,585,2559,1,1,1,1,1,0,16732,6776,-1324,-560,-191,-52
B,1,1206,1773,896,555,2553,1,1,1,1,1,0,16904,6948,-1128,-692,25,474
B,1,1210,1781,866,560,2582,1,1,1,1,1,0,16824,6788,-1076,-1332,-255,272
B,1,1219,1787,827,561,2559,1,1,1,1,1,0,17164,6840,-844,-660,-312,514
B,1,1183,1807,867,559,2559,1,1,1,1,1,0,16984,6444,-1448,-594,-257,141
B,1,1175,1772,921,545,2593,1,1,1,1,1,0,16996,6428,-1288,-223,-54,278
B,1,1191,1776,907,550,2559,1,1,1,1,1,0,16880,6684,-1148,-569,143,-110
B,1,1206,1780,848,571,2559,1,1,1,1,1,0,17104,6796,432,-374,-300,88
B,1,1185,1798,863,550,2559,1,1,1,1,1,0,16792,6736,-860,-124,-415,-145
B,1,1197,1775,871,560,2551,1,1,1,1,1,0,17080,6316,-1384,-530,-456,-113
B,1,1183,1791,845,550,2555,1,1,1,1,1,0,16736,7136,-1396,-595,-163,-275
B,1,1162,1805,858,570,2559,1,1,1,1,1,0,17188,6568,-1220,-440,-539,9
B,1,1219,1794,883,547,2559,1,1,1,1,1,0,16700,7184,-1572,-714,177,177
B,1,1187,1787,854,546,2559,1,1,1,1,1,0,17168,6356,-1128,-553,-115,180
B,1,1182,1807,848,566,2559,1,1,1,1,1,0,16732,6688,-980,-942,-137,181
B,1,1173,1797,854,562,2557,1,1,1,1,1,0,17112,6496,-968,-609,-70,29
B,1,1213,1776,847,570,2559,1,1,1,1,1,0,16932,6672,-1024,-921,-363,-12
B,1,1200,1798,844,593,2550,1,1,1,1,1,0,17132,6792,-952,-279,-39,-23
B,1,1195,1789,878,576,2591,1,1,1,1,1,0,16752,7036,-1080,-762,-498,96
B,1,1191,1782,847,571,2559,1,1,1,1,1,0,16932,6656,-1276,-363,22,180
B,1,1223,1775,885,546,2592,1,1,1,1,1,0,16840,6588,-1056,-743,-212,90
B,1,1193,1808,845,551,2595,1,1,1,1,1,0,16812,6620,-1256,-732,-52,-3
B,1,1179,1782,881,546,2554,1,1,1,1,1,0,16908,6468,-932,-428,-127,-117
B,1,1227,1775,847,574,2554,1,1,1,1,1,0,16812,7216,-908,-804,-218,34
B,1,1185,1811,842,561,2596,1,1,1,1,1,0,16988,6968,-800,-227,-288,129
B,1,1168,1781,882,545,2594,1,1,1,1,1,0,16860,7112,-1512,-1015,-370,219
B,1,1191,1791,870,560,2559,1,1,1,1,1,0,16896,6636,-1036,-175,-88,152
B,1,1195,1791,894,555,2558,1,1,1,1,1,0,16876,6656,-1072,-714,-117,196
B,1,1183,1802,861,545,2583,1,1,1,1,1,0,16984,6464,-1072,-592,-146,-9
B,1,1196,1777,889,541,2559,1,1,1,1,1,0,16672,6916,-1084,-682,-193,-11
B,1,1221,1782,848,543,2588,1,1,1,1,1,0,16848,7072,-900,-414,-57,103
B,1,1213,1806,835,554,2583,1,1,1,1,1,0,16780,6920,-928,-835,-583,273
B,1,1177,1791,880,556,2559,1,1,1,1,1,0,17060,6768,-1000,-164,64,189
B,1,1206,1773,880,555,2559,1,1,1,1,1,0,16820,6656,-980,-847,-458,90
B,1,1168,1809,819,560,2591,1,1,1,1,1,0,16856,6540,-1012,-306,109,37
B,1,1190,1779,863,550,2591,1,1,1,1,1,0,16680,6764,-804,-804,-509,-112
B,1,1191,1775,894,567,2559,1,1,1,1,1,0,16772,7024,-804,-373,-122,-115
B,1,1200,1808,859,581,2559,1,1,1,1,1,0,16816,6988,-788,-524,-661,86
B,1,1182,1808,837,560,2559,1,1,1,1,1,0,16884,7140,-1120,-493,-164,296
B,1,1200,1766,891,560,2559,1,1,1,1,1,0,17160,6660,-1084,-807,-414,216
B,1,1185,1785,847,592,2557,1,1,1,1,1,0,16852,6812,-1084,-432,59,122
B,1,1183,1776,875,559,2549,1,1,1,1,1,0,17128,6636,-756,-633,-329,55
B,1,1186,1783,877,564,2551,1,1,1,1,1,0,16748,7068,-984,-495,-180,96
B,1,1232,1792,859,557,2559,1,1,1,1,1,0,16756,6772,-1152,-550,-377,125
B,1,1178,1807,838,571,2559,1,1,1,1,1,0,16628,7008,-1036,-580,-50,173
C,1,529,762,573,402,2582,0,1,1,1,1,0,15960,5260,-6908,-1416,1,-155
C,1,537,763,541,404,2559,0,1,1,1,1,0,16208,4760,-6584,-794,-490,286
C,1,509,767,555,399,2559,0,1,1,1,1,0,16040,5264,-6960,-1283,121,405
C,1,499,757,575,377,2581,0,1,1,1,1,0,16412,4716,-6552,-1081,126,402
C,1,547,739,558,413,2542,0,1,1,1,1,0,16300,4624,-6724,-1796,400,704
C,1,511,763,581,390,2591,0,1,1,1,1,0,16448,4264,-6352,-527,441,236
C,1,540,767,577,367,2588,0,1,1,1,1,0,16448,4412,-5924,-1183,484,90
C,1,525,768,563,410,2559,0,1,1,1,1,0,16444,5072,-5420,86,-87,32
C,1,525,779,566,413,2557,0,1,1,1,1,0,16384,4540,-6024,-623,-582,401
C,1,511,762,592,397,2559,0,1,1,1,1,0,16208,4644,-6488,-588,-206,110
C,1,544,778,577,395,2559,0,1,1,1,1,0,16552,4452,-6180,-721,-269,221
C,1,511,752,560,412,2559,0,1,1,1,1,0,16432,4432,-6064,-410,-176,-107
C,1,537,768,560,400,2587,0,1,1,1,1,0,16580,4832,-5896,-878,-237,12
C,1,545,756,583,394,2555,0,1,1,1,1,0,16624,5108,-6132,-656,-698,130
C,1,524,755,576,398,2553,0,1,1,1,1,0,16100,4332,-6696,-237,-84,281
C,1,527,786,561,423,2559,0,1,1,1,1,0,16356,4284,-6528,-531,-938,54
C,1,511,768,579,391,2586,0,1,1,1,1,0,16360,4280,-6532,-411,233,-103
C,1,531,784,560,417,2555,0,1,1,1,1,0,16564,4764,-6336,-172,-702,-52
C,1,529,739,553,394,2547,0,1,1,1,1,0,16360,5104,-6516,-710,-145,171
C,1,511,765,558,399,2559,0,1,1,1,1,0,16352,4424,-6552,-256,-816,299
C,1,511,752,560,389,2559,0,1,1,1,1,0,16356,4652,-6512,-463,468,201
C,1,530,767,541,408,2556,0,1,1,1,1,0,16220,4424,-5580,-384,-761,436
C,1,496,783,543,385,2587,0,1,1,1,1,0,16512,4456,-6184,-452,112,132
C,1,511,754,560,414,2559,0,1,1,1,1,0,16240,4592,-6064,-572,-478,62
C,1,557,728,576,411,2546,0,1,1,1,1,0,16468,4464,-6392,-317,-335,43
C,1,511,790,566,402,2559,0,1,1,1,1,0,16496,4400,-6200,-459,-944,301
C,1,502,767,582,391,2559,0,1,1,1,1,0,16284,4476,-6696,-423,278,96
C,1,526,761,575,400,2544,0,1,1,1,1,0,16092,4584,-6324,-519,-488,43
C,1,559,749,581,397,2549,0,1,1,1,1,0,16452,4624,-6156,-623,-50,41
C,1,546,771,535,419,2559,0,1,1,1,1,0,16048,4448,-6496,-467,-412,162
C,1,552,766,571,391,2559,0,1,1,1,1,0,16244,4592,-6520,-395,-350,156
C,1,559,757,560,426,2542,0,1,1,1,1,0,16160,4384,-6712,-716,-150,182
C,1,541,789,566,443,2546,0,1,1,1,1,0,16424,4380,-6596,-205,-66,74
C,1,534,758,560,394,2590,0,1,1,1,1,0,16284,4608,-6436,-777,-133,61
C,1,541,771,534,427,2556,0,1,1,1,1,0,16152,4560,-6244,-412,-135,124
C,1,529,753,560,426,2559,0,1,1,1,1,0,16124,4464,-6532,-350,-411,43
C,1,511,773,564,400,2551,0,1,1,1,1,0,16220,4544,-6604,-435,-93,98
C,1,535,753,575,389,2593,0,1,1,1,1,0,16316,4304,-6552,-628,8,48
C,1,544,758,525,432,2534,0,1,1,1,1,0,16404,4672,-6296,-355,-143,120
C,1,502,762,563,424,2545,0,1,1,1,1,0,16428,4864,-6152,-663,-131,310
C,1,528,764,560,416,2555,0,1,1,1,1,0,16432,4048,-6396,-443,-471,137
C,1,533,755,565,395,2557,0,1,1,1,1,0,16256,4372,-6500,-506,-301,32
C,1,501,784,546,411,2544,0,1,1,1,1,0,16180,4584,-6512,-368,-410,17
C,1,484,781,559,427,2590,0,1,1,1,1,0,16192,4628,-6648,-625,-69,77
C,1,500,733,576,421,2559,0,1,1,1,1,0,16332,4800,-6248,-541,-198,323
C,1,560,758,569,400,2550,0,1,1,1,1,0,16320,4340,-6620,-499,-171,149
C,1,528,772,538,386,2590,0,1,1,1,1,0,16764,4052,-6648,-684,-182,270
C,1,496,739,599,403,2559,0,1,1,1,1,0,16344,4572,-6760,-255,-379,31
C,1,511,750,559,422,2559,0,1,1,1,1,0,16424,4504,-6552,-622,-243,210
C,1,510,785,511,414,2559,0,1,1,1,1,0,16304,4204,-6692,-441,-88,79
C,1,493,769,572,395,2559,0,1,1,1,1,0,16508,4784,-6436,-597,144,118
C,1,496,780,543,432,2545,0,1,1,1,1,0,16448,4412,-6392,-588,30,119
C,1,511,769,585,431,2559,0,1,1,1,1,0,16464,4332,-6320,-624,-128,91
C,1,539,763,553,391,2588,0,1,1,1,1,0,16536,4360,-6160,-468,-26,54
C,1,537,764,575,407,2531,0,1,1,1,1,0,16492,4223,-8225,-8225,-8225,-8225
C,1,528,754,560,428,2559,0,1,1,1,1,0,16344,4692,-6384,-610,-130,132
C,1,511,789,539,402,2559,0,1,1,1,1,0,16352,3924,-6104,-82,-837,274
C,1,549,735,572,390,2583,0,1,1,1,1,0,16352,4636,-6532,-872,149,115
C,1,528,729,581,407,2549,0,1,1,1,1,0,16272,4008,-6452,-684,-290,-186
C,1,544,767,559,423,2546,0,1,1,1,1,0,16540,4872,-5996,-343,-70,18
C,1,508,762,564,386,2593,0,1,1,1,1,0,16300,4960,-6400,-774,-286,140
C,1,544,751,551,448,2523,0,1,1,1,1,0,16452,4372,-6396,-161,-419,218
C,1,528,752,586,395,2588,0,1,1,1,1,0,16376,4436,-6600,-415,9,246
C,1,501,757,545,423,2547,0,1,1,1,1,0,16788,3776,-7172,-924,221,337
C,1,532,751,569,400,2539,0,1,1,1,1,0,16264,4508,-6036,-535,69,189
C,1,543,749,560,432,2551,0,1,1,1,1,0,16684,4272,-5840,-451,-772,285
C,1,497,769,589,390,2559,0,1,1,1,1,0,16412,4396,-6488,-49,15,-75
C,1,545,729,588,404,2559,0,1,1,1,1,0,16420,4508,-6172,-826,-305,45
C,1,531,771,555,406,2581,0,1,1,1,1,0,16360,4552,-6408,-531,77,-17
C,1,511,774,557,398,2559,0,1,1,1,1,0,16268,4640,-6292,-752,-134,351
C,1,496,758,592,401,2589,0,1,1,1,1,0,16408,4328,-6192,-451,66,304
C,1,526,737,611,386,2559,0,1,1,1,1,0,16460,4296,-6072,-667,-51,380
C,1,496,767,540,409,2585,0,1,1,1,1,0,16460,4168,-6072,-515,-209,174
C,1,494,769,569,404,2549,0,1,1,1,1,0,16640,4280,-5692,-492,81,88
C,1,511,742,535,384,2545,0,1,1,1,1,0,16460,4508,-6196,-730,-589,125
C,1,546,738,563,456,2525,0,1,1,1,1,0,16532,4500,-6112,-272,-50,49
C,1,496,783,569,423,2559,0,1,1,1,1,0,16416,4448,-6228,-1004,-236,231
C,1,497,773,558,384,2559,0,1,1,1,1,0,16384,4580,-5980,-175,29,179
C,1,558,767,583,430,2544,0,1,1,1,1,0,16332,4316,-6192,-929,-31,365
C,1,528,752,553,409,2550,0,1,1,1,1,0,16600,4360,-5980,-104,-342,156
C,1,522,749,566,415,2553,0,1,1,1,1,0,16588,4284,-6288,-605,-146,175
C,1,548,736,576,388,2559,0,1,1,1,1,0,16620,4360,-6016,-598,-315,93
C,1,529,761,539,434,2559,0,1,1,1,1,0,16480,4352,-6084,-445,-146,182
C,1,493,755,542,402,2601,0,1,1,1,1,0,16420,4312,-6268,-419,-340,116
C,1,522,749,582,390,2582,0,1,1,1,1,0,16428,4172,-6228,-582,-71,178
C,1,538,752,570,413,2590,0,1,1,1,1,0,16472,4512,-6088,-551,-300,150
C,1,495,785,528,411,2587,0,1,1,1,1,0,16644,4480,-5960,-398,-130,148
C,1,534,765,545,393,2606,0,1,1,1,1,0,16632,4156,-6112,-561,-272,206
C,1,524,751,548,400,2556,0,1,1,1,1,0,16696,4760,-5904,-758,109,197
C,1,528,761,541,421,2559,0,1,1,1,1,0,16500,4320,-6012,-503,-309,190
C,1,511,767,549,413,2559,0,1,1,1,1,0,16552,4140,-6072,-739,67,188
C,1,511,755,557,370,2559,0,1,1,1,1,0,16432,4516,-6236,-219,-265,83
C,1,510,759,551,400,2559,0,1,1,1,1,0,16448,4372,-6140,-646,-9,232
C,1,511,749,578,393,2559,0,1,1,1,1,0,16516,4244,-6044,-872,-502,176
C,1,504,769,559,391,2559,0,1,1,1,1,0,16520,4220,-6140,-699,-267,22
C,1,511,738,595,407,2551,0,1,1,1,1,0,16596,4276,-5784,-1120,-528,29
C,1,525,769,506,439,2557,0,1,1,1,1,0,16728,4440,-5900,-766,41,-40
C,1,487,742,575,385,2582,0,1,1,1,1,0,16676,4412,-5684,-442,-414,-42
C,1,565,742,578,400,2559,0,1,1,1,1,0,16668,4628,-5976,-36,-301,27
C,1,493,755,505,411,2553,0,1,1,1,1,0,16492,4356,-5856,-734,-426,323
C,1,511,759,559,395,2559,0,1,1,1,1,0,16588,4356,-6164,-422,-71,153
C,1,509,741,609,373,2583,0,1,1,1,1,0,16600,4256,-5968,-624,-51,254
C,1,525,763,574,383,2544,0,1,1,1,1,0,16712,4240,-5968,-476,-118,145
C,1,510,759,548,400,2559,0,1,1,1,1,0,16668,4496,-5892,-511,-39,86
C,1,471,750,584,383,2559,0,1,1,1,1,0,16556,4428,-6028,-342,-264,228
C,1,543,780,551,400,2559,0,1,1,1,1,0,16512,4016,-6208,-659,-241,168
C,1,534,758,535,438,2559,0,1,1,1,1,0,16672,4236,-5740,-617,-160,33
C,1,500,752,548,389,2549,0,1,1,1,1,0,16476,4456,-5964,-501,-431,142
C,1,531,752,575,404,2555,0,1,1,1,1,0,16760,4436,-5888,-254,-217,119
C,1,507,772,553,433,2559,0,1,1,1,1,0,16476,4076,-6288,-959,-344,248
C,1,526,752,569,400,2559,0,1,1,1,1,0,16732,4428,-5984,-285,-196,109
C,1,511,726,599,389,2559,0,1,1,1,1,0,16484,3804,-5484,-250,-352,96
C,1,525,734,553,404,2549,0,1,1,1,1,0,16640,4148,-5748,-525,-262,158
C,1,525,756,560,400,2559,0,1,1,1,1,0,16432,4176,-6160,-448,-24,26
C,1,496,755,562,422,2551,0,1,1,1,1,0,16400,4240,-5804,-727,-362,160
C,1,534,731,549,407,2559,0,1,1,1,1,0,16712,4168,-6156,-525,-222,135
C,1,547,737,564,412,2557,0,1,1,1,1,0,16668,4420,-5976,-554,-508,83
C,1,497,757,536,375,2595,0,1,1,1,1,0,16656,4172,-5936,-197,-85,74
C,1,511,750,578,384,2559,0,1,1,1,1,0,16668,4296,-5944,-855,-188,42
C,1,562,736,562,393,2557,0,1,1,1,1,0,16576,4556,-5900,-542,-24,88
C,1,528,752,557,432,2559,0,1,1,1,1,0,16544,4136,-6164,-510,-385,148
C,1,498,757,578,401,2559,0,1,1,1,1,0,16504,4028,-5884,-332,-240,201
C,1,554,753,558,425,2546,0,1,1,1,1,0,16684,4236,-5724,-726,-315,28
C,1,529,769,551,401,2559,0,1,1,1,1,0,16564,4396,-5920,-312,-168,53
C,1,555,736,592,403,2559,0,1,1,1,1,0,16652,4076,-6012,-864,-552,82
C,1,501,777,553,403,2586,0,1,1,1,1,0,16616,4320,-5872,-217,92,-179
C,1,549,779,551,411,2549,0,1,1,1,1,0,16768,4560,-5572,-787,-212,160
C,1,511,746,556,388,2559,0,1,1,1,1,0,16528,4460,-5740,-158,-243,110
C,1,531,771,528,423,2559,0,1,1,1,1,0,16484,4236,-5944,-480,-344,193
C,1,507,755,591,400,2553,0,1,1,1,1,0,16528,4360,-6096,-440,-126,79
C,1,539,763,525,432,2558,0,1,1,1,1,0,16624,4412,-5824,-633,-196,236
C,1,496,770,560,386,2559,0,1,1,1,1,0,16636,4032,-6116,-358,-234,139
C,1,510,758,574,416,2559,0,1,1,1,1,0,16636,4524,-5680,-752,-215,329
C,1,507,766,546,415,2587,0,1,1,1,1,0,16600,3960,-5600,-366,-345,127
C,1,523,762,576,416,2586,0,1,1,1,1,0,16436,4428,-5856,-349,-118,147
C,1,496,772,560,417,2579,0,1,1,1,1,0,16476,4340,-6000,-193,-317,147
C,1,528,757,560,421,2559,0,1,1,1,1,0,16656,4216,-5960,-658,-181,287
C,1,511,765,549,396,2559,0,1,1,1,1,0,16660,4336,-5776,-626,60,155
C,1,506,761,558,415,2550,0,1,1,1,1,0,16820,4488,-5680,-715,-542,296
C,1,527,754,565,419,2559,0,1,1,1,1,0,16484,4188,-5292,-124,82,194
C,1,555,763,511,411,2580,0,1,1,1,1,0,16576,4196,-5868,-525,-446,178
C,1,538,765,560,403,2557,0,1,1,1,1,0,16648,4164,-5888,-708,12,115
C,1,531,752,571,402,2554,0,1,1,1,1,0,15952,4872,-4176,471,-1160,132
C,1,511,759,560,408,2559,0,1,1,1,1,0,16592,4344,-6136,-789,143,61
C,1,506,761,541,414,2559,0,1,1,1,1,0,16848,4296,-5208,-543,-644,248
C,1,510,740,593,370,2559,0,1,1,1,1,0,16720,4256,-6364,-171,-324,145
C,1,510,750,563,407,2559,0,1,1,1,1,0,16668,4068,-5992,-815,465,206
C,1,528,761,546,407,2546,0,1,1,1,1,0,16740,3972,-5800,-381,-301,48
C,1,496,729,603,399,2542,0,1,1,1,1,0,16676,4516,-5404,-658,332,310
C,1,532,752,592,398,2534,0,1,1,1,1,0,16604,3628,-5828,-417,-1135,141
C,1,511,758,588,383,2559,0,1,1,1,1,0,16708,3880,-6264,-476,210,-69
C,1,511,761,565,369,2559,0,1,1,1,1,0,16688,4384,-5604,-647,-71,-96
C,1,511,746,553,398,2559,0,1,1,1,1,0,16624,4760,-5996,-452,-479,400
C,1,509,770,510,428,2550,0,1,1,1,1,0,16568,4104,-6060,-448,-450,339
C,1,505,778,582,390,2557,0,1,1,1,1,0,16652,4004,-5820,-593,-438,167
C,1,523,763,558,384,2559,0,1,1,1,1,0,16684,4124,-5588,-676,112,56
C,1,528,752,528,391,2556,0,1,1,1,1,0,16764,4188,-5524,-546,-725,181
C,1,497,783,511,418,2559,0,1,1,1,1,0,16716,4012,-6728,-398,-64,17
C,1,496,752,553,397,2559,0,1,1,1,1,0,16772,4456,-5348,-533,-1053,329
C,1,501,756,555,391,2559,0,1,1,1,1,0,16800,3924,-5992,-253,8,-11
C,1,555,759,533,415,2539,0,1,1,1,1,0,16620,4092,-5700,-764,-284,-29
C,1,510,753,560,384,2590,0,1,1,1,1,0,16836,4252,-5732,-420,-442,-95
C,1,522,764,528,418,2546,0,1,1,1,1,0,16580,4400,-5828,-630,-264,84
C,1,506,759,511,420,2559,0,1,1,1,1,0,16504,4272,-6136,-313,-666,124
C,1,511,743,566,385,2559,0,1,1,1,1,0,16520,4116,-6224,-783,-19,200
C,1,528,745,590,400,2559,0,1,1,1,1,0,16916,4204,-5720,-504,48,229
C,1,509,749,560,397,2559,0,1,1,1,1,0,16768,4128,-5692,-647,-383,104
C,1,511,734,561,397,2559,0,1,1,1,1,0,16636,4012,-5584,-787,-933,43
C,1,467,774,532,380,2559,0,1,1,1,1,0,16384,3820,-6388,-366,-600,-142
C,1,528,757,541,390,2556,0,1,1,1,1,0,16464,3968,-6204,-604,-499,-101
C,1,526,748,511,400,2554,0,1,1,1,1,0,16448,4380,-6100,-891,-388,-195
C,1,496,752,542,390,2559,0,1,1,1,1,0,16672,4376,-5828,-708,-486,-55
C,1,524,735,586,393,2559,0,1,1,1,1,0,16864,4696,-5980,-614,-174,-57
C,1,511,742,571,395,2558,0,1,1,1,1,0,16664,4628,-5852,-566,-790,157
C,1,478,784,545,393,2559,0,1,1,1,1,0,16468,4412,-6644,-490,-96,121
C,1,487,757,565,370,2586,0,1,1,1,1,0,16520,4500,-6112,-642,-325,176
C,1,543,733,570,400,2553,0,1,1,1,1,0,16492,4388,-6200,-336,-177,254
C,1,539,748,559,402,2549,0,1,1,1,1,0,16492,4116,-6240,-586,-87,168
C,1,499,780,529,379,2597,0,1,1,1,1,0,16416,4400,-6200,-367,-83,182
C,1,507,747,575,383,2554,0,1,1,1,1,0,16512,4540,-6124,-214,111,163
C,1,491,750,569,384,2544,0,1,1,1,1,0,16692,4252,-6392,-1177,147,336
C,1,526,747,551,375,2559,0,1,1,1,1,0,16696,4236,-5980,-372,-96,162
C,1,510,724,576,378,2539,0,1,1,1,1,0,16636,4324,-5816,-690,-97,279
C,1,511,733,576,372,2586,0,1,1,1,1,0,16716,4288,-5744,-308,-360,98
C,1,497,751,560,417,2559,0,1,1,1,1,0,16444,4176,-6076,-669,-268,203
C,1,491,754,533,387,2591,0,1,1,1,1,0,16672,4224,-5740,-357,-353,18
C,1,507,746,554,398,2559,0,1,1,1,1,0,16708,4296,-6148,-604,-227,104
C,1,559,758,527,381,2557,0,1,1,1,1,0,16720,3996,-5936,-385,-211,-29
C,1,511,751,537,361,2594,0,1,1,1,1,0,16644,4336,-6180,-716,-313,-74
C,1,527,724,577,368,2585,0,1,1,1,1,0,16676,4592,-5488,-162,-307,-98
C,1,496,746,527,417,2556,0,1,1,1,1,0,16508,3932,-6076,-573,-429,82
C,1,482,755,529,379,2589,0,1,1,1,1,0,16468,4456,-6212,-429,-146,119
C,1,506,727,588,363,2559,0,1,1,1,1,0,16480,4260,-5968,-721,-371,179
C,1,498,753,567,413,2535,0,1,1,1,1,0,16440,4296,-6072,-179,-236,70
C,1,495,748,571,387,2549,0,1,1,1,1,0,16728,4328,-6072,-492,-215,87
C,1,493,735,551,391,2559,0,1,1,1,1,0,16524,4388,-6028,-440,-89,102
C,1,508,752,534,387,2585,0,1,1,1,1,0,16688,4284,-6136,-767,-139,138
C,1,550,742,533,419,2557,0,1,1,1,1,0,16628,4256,-6100,-412,-198,206
C,1,511,739,528,382,2610,0,1,1,1,1,0,16664,4168,-6068,-519,-289,136
C,1,497,724,593,383,2559,0,1,1,1,1,0,16752,4268,-5788,-498,-398,162
D,1,437,736,534,754,2555,1,0,1,1,1,1,17396,2852,-4520,-153,-175,-32
D,1,461,733,539,774,2541,1,0,1,1,1,1,17404,3772,-4020,-1300,-1,406
D,1,464,722,531,762,2557,1,0,1,1,1,1,17456,3208,-4524,-717,-162,330
D,1,442,751,535,770,2550,1,0,1,1,1,1,17624,3256,-3984,-1021,324,326
D,1,465,741,549,747,2558,1,0,1,1,1,1,17244,3120,-4116,-590,-61,149
D,1,474,718,555,784,2533,1,0,1,1,1,1,17544,3424,-3728,-519,-263,72
D,1,473,722,541,759,2559,1,0,1,1,1,1,17564,3304,-3708,-766,-335,204
D,1,446,716,511,765,2559,1,0,1,1,1,1,17604,3236,-3664,-191,-355,-63
D,1,476,723,559,758,2559,1,0,1,1,1,1,17468,3396,-4084,-817,-485,52
D,1,467,747,528,779,2542,1,0,1,1,1,1,17452,3440,-4012,-321,-231,-28
D,1,457,721,539,763,2557,1,0,1,1,1,1,17348,3508,-4016,-702,28,134
D,1,479,734,525,793,2530,1,0,1,1,1,1,17480,3528,-3580,-175,-576,109
D,1,485,703,549,758,2551,1,0,1,1,1,1,17332,3684,-4248,-826,34,371
D,1,443,751,496,785,2544,1,0,1,1,1,1,17624,3272,-4012,-360,-505,319
D,1,464,729,562,759,2544,1,0,1,1,1,1,17548,3340,-3908,-613,744,66
D,1,452,731,548,763,2545,1,0,1,1,1,1,17472,3448,-3556,-516,-1022,211
D,1,471,729,538,768,2558,1,0,1,1,1,1,17508,3340,-3780,-429,62,12
D,1,448,747,570,747,2559,1,0,1,1,1,1,17448,3372,-3672,-445,-659,230
D,1,437,752,529,774,2538,1,0,1,1,1,1,17432,3336,-4176,-827,709,230
D,1,465,726,510,791,2559,1,0,1,1,1,1,17524,3236,-3788,-132,-626,255
D,1,446,734,542,770,2559,1,0,1,1,1,1,17676,3448,-3776,-833,310,231
D,1,442,725,544,771,2547,1,0,1,1,1,1,17800,3236,-3704,-420,-863,185
D,1,487,717,547,763,2551,1,0,1,1,1,1,17600,3084,-3660,-485,-117,148
D,1,449,719,544,769,2549,1,0,1,1,1,1,17640,3104,-3732,-367,-1098,88
D,1,464,733,541,770,2534,1,0,1,1,1,1,17472,3412,-3968,-415,-176,21
D,1,461,717,565,773,2541,1,0,1,1,1,1,17436,3264,-4092,-327,-795,108
D,1,437,720,550,759,2557,1,0,1,1,1,1,17588,3584,-3936,-406,91,189
D,1,427,740,532,785,2544,1,0,1,1,1,1,17896,2612,-4444,-913,-1092,160
D,1,442,719,555,784,2534,1,0,1,1,1,1,17732,3308,-3680,-473,701,124
D,1,479,746,501,790,2543,1,0,1,1,1,1,17432,3104,-4280,-656,-743,-29
D,1,458,741,527,772,2557,1,0,1,1,1,1,17548,3620,-3664,-416,334,108
D,1,460,739,539,756,2559,1,0,1,1,1,1,17200,3232,-3852,-633,-529,136
D,1,471,723,537,763,2551,1,0,1,1,1,1,17656,3308,-3864,-441,225,208
D,1,483,746,496,812,2546,1,0,1,1,1,1,17624,2928,-3916,-434,-567,65
D,1,440,727,562,743,2559,1,0,1,1,1,1,17632,3436,-4068,-675,404,39
D,1,465,726,551,796,2541,1,0,1,1,1,1,17508,3272,-4036,-514,-262,46
D,1,491,727,527,761,2558,1,0,1,1,1,1,17564,3224,-3736,-178,-160,62
D,1,469,741,511,795,2549,1,0,1,1,1,1,17292,3356,-3924,-705,124,229
D,1,438,743,546,755,2559,1,0,1,1,1,1,17424,3284,-3936,-543,14,211
D,1,473,719,530,799,2519,1,0,1,1,1,1,17548,3272,-3708,-720,322,232
D,1,459,715,528,768,2583,1,0,1,1,1,1,17744,3072,-3348,-444,-348,54
D,1,421,732,535,766,2549,1,0,1,1,1,1,17708,3228,-3576,-639,-31,-24
D,1,431,746,538,767,2559,1,0,1,1,1,1,17736,3436,-3628,-183,-546,-57
D,1,462,707,528,791,2549,1,0,1,1,1,1,17600,3160,-4012,-683,-171,5
D,1,429,747,538,757,2557,1,0,1,1,1,1,17512,3380,-3720,-430,-569,216
D,1,460,752,528,795,2543,1,0,1,1,1,1,17356,3244,-3956,-728,-16,215
D,1,434,752,528,773,2559,1,0,1,1,1,1,17556,3092,-3972,-466,-513,-25
D,1,448,753,511,783,2559,1,0,1,1,1,1,17304,3584,-3824,-733,-189,120
D,1,431,731,577,758,2537,1,0,1,1,1,1,17440,3428,-3996,-557,-79,118
D,1,474,722,551,775,2544,1,0,1,1,1,1,17800,3312,-3516,-463,-210,146
D,1,457,752,511,786,2544,1,0,1,1,1,1,17660,3060,-3728,-698,-183,118
D,1,431,739,535,763,2538,1,0,1,1,1,1,17748,3140,-3784,-497,-564,7
D,1,437,726,555,759,2555,1,0,1,1,1,1,17352,3392,-3900,-407,-215,-20
D,1,448,754,511,790,2538,1,0,1,1,1,1,17528,3456,-3840,-636,-713,132
D,1,425,731,554,751,2559,1,0,1,1,1,1,17428,3220,-4020,-540,-174,164
D,1,435,731,576,759,2544,1,0,1,1,1,1,17708,2984,-3584,-536,-518,113
D,1,448,742,562,765,2559,1,0,1,1,1,1,17456,3396,-4040,-716,77,59
D,1,450,759,565,784,2555,1,0,1,1,1,1,17856,3308,-3720,-231,-711,76
D,1,442,739,550,766,2550,1,0,1,1,1,1,17308,3308,-4252,-753,-351,204
D,1,463,714,554,791,2544,1,0,1,1,1,1,17608,3244,-4064,-177,-330,157
D,1,449,731,508,773,2545,1,0,1,1,1,1,17508,3468,-3828,-516,-144,171
D,1,453,709,576,741,2546,1,0,1,1,1,1,17512,3448,-3824,-369,-120,279
D,1,435,732,538,779,2547,1,0,1,1,1,1,17608,3088,-4008,-568,-215,212
D,1,447,752,522,795,2529,1,0,1,1,1,1,17708,3032,-3816,-124,-98,66
D,1,446,730,529,774,2544,1,0,1,1,1,1,17512,3256,-4188,-800,-148,16
D,1,448,719,560,757,2540,1,0,1,1,1,1,17556,3372,-3780,-215,-262,-2
D,1,474,710,532,754,2555,1,0,1,1,1,1,17304,3284,-4072,-680,-265,170
D,1,463,752,505,775,2539,1,0,1,1,1,1,17728,3120,-3896,-139,71,26
D,1,435,720,559,750,2545,1,0,1,1,1,1,17160,3268,-4108,-374,332,56
D,1,465,720,543,773,2541,1,0,1,1,1,1,17900,3584,-3580,-397,-109,-3
D,1,431,758,526,763,2559,1,0,1,1,1,1,17396,3224,-3632,-221,137,171
D,1,431,742,553,750,2559,1,0,1,1,1,1,17672,3208,-3712,-456,-439,307
D,1,439,720,527,778,2525,1,0,1,1,1,1,17340,3144,-4032,-493,-126,229
D,1,456,750,542,763,2538,1,0,1,1,1,1,17612,2860,-3904,-192,-478,5
D,1,432,743,541,760,2558,1,0,1,1,1,1,17484,3240,-4024,-822,-143,0
D,1,448,726,551,742,2551,1,0,1,1,1,1,17744,3364,-3740,-358,-728,71
D,1,467,752,551,742,2535,1,0,1,1,1,1,17548,3200,-3668,-566,41,139
D,1,477,723,511,779,2544,1,0,1,1,1,1,17596,3108,-3640,-365,-512,19
D,1,425,739,557,752,2555,1,0,1,1,1,1,17640,3372,-3660,-634,62,4
D,1,449,710,549,756,2550,1,0,1,1,1,1,17480,3428,-3768,-508,-763,140
D,1,457,725,553,784,2547,1,0,1,1,1,1,17492,3288,-3920,-353,-122,226
D,1,434,739,557,745,2559,1,0,1,1,1,1,17440,2996,-3988,-706,-736,232
D,1,438,722,541,762,2534,1,0,1,1,1,1,17648,3152,-3872,-416,71,49
D,1,468,741,549,763,2534,1,0,1,1,1,1,17632,3212,-3544,-457,-597,65
D,1,425,737,528,752,2559,1,0,1,1,1,1,17760,3492,-3628,-492,-104,113
D,1,415,745,555,748,2532,1,0,1,1,1,1,17460,3156,-4216,-160,-664,227
D,1,455,707,551,763,2551,1,0,1,1,1,1,17624,3200,-3932,-725,-191,522
D,1,438,733,529,752,2559,1,0,1,1,1,1,17344,2708,-4364,-227,-11,-4
D,1,439,743,548,741,2559,1,0,1,1,1,1,17468,3216,-3740,-615,-472,216
D,1,451,720,535,768,2545,1,0,1,1,1,1,17756,3320,-3668,-288,-90,112
D,1,474,726,528,758,2559,1,0,1,1,1,1,17688,2880,-3872,-689,-714,130
D,1,423,741,541,753,2558,1,0,1,1,1,1,17524,3324,-4192,-455,-105,61
D,1,449,742,547,751,2559,1,0,1,1,1,1,17476,3028,-4192,-457,-699,133
D,1,443,726,554,767,2533,1,0,1,1,1,1,17340,3164,-4160,-747,836,38
D,1,453,707,571,767,2553,1,0,1,1,1,1,17316,3116,-3804,-454,-556,180
D,1,443,727,561,750,2547,1,0,1,1,1,1,17720,3268,-3776,-885,606,109
D,1,481,709,560,750,2551,1,0,1,1,1,1,17344,3020,-3916,-712,-1083,268
D,1,461,711,528,782,2539,1,0,1,1,1,1,18000,3336,-3616,-110,-19,8
D,1,449,723,551,753,2559,1,0,1,1,1,1,17672,3064,-3848,-681,-788,72
D,1,460,709,567,756,2550,1,0,1,1,1,1,17852,3320,-3656,-331,-13,66
D,1,431,725,531,789,2544,1,0,1,1,1,1,17304,2980,-3944,-680,-568,84
D,1,480,711,539,757,2559,1,0,1,1,1,1,17640,3368,-3560,-210,-401,106
D,1,450,740,533,748,2559,1,0,1,1,1,1,17452,3088,-4056,-818,-94,111
D,1,464,720,529,769,2546,1,0,1,1,1,1,17688,3144,-3824,-343,-702,0
D,1,459,730,496,753,2558,1,0,1,1,1,1,17444,3348,-4296,-736,-107,106
D,1,427,747,542,769,2525,1,0,1,1,1,1,17620,3336,-4020,-491,50,161
D,1,442,710,539,787,2559,1,0,1,1,1,1,17556,3188,-3768,-582,-356,213
D,1,479,738,495,785,2551,1,0,1,1,1,1,17508,3060,-3748,-446,-242,118
D,1,428,733,533,762,2549,1,0,1,1,1,1,17740,3172,-3964,-672,22,-31
D,1,462,720,554,756,2544,1,0,1,1,1,1,17320,3212,-3784,-472,-332,149
D,1,482,711,538,767,2525,1,0,1,1,1,1,17544,3188,-4096,-549,-403,70
D,1,418,756,534,752,2555,1,0,1,1,1,1,17512,3268,-3880,-524,213,35
D,1,433,711,562,780,2528,1,0,1,1,1,1,17620,3276,-3840,-673,-753,190
D,1,449,721,541,762,2551,1,0,1,1,1,1,17640,3220,-3700,-454,290,66
D,1,467,740,506,759,2559,1,0,1,1,1,1,17484,2996,-3692,-710,-681,112
D,1,472,747,533,759,2559,1,0,1,1,1,1,17496,3280,-3904,-269,73,12
D,1,479,709,531,787,2521,1,0,1,1,1,1,17632,3096,-3592,-765,-692,159
D,1,443,704,531,787,2541,1,0,1,1,1,1,17668,3124,-3892,-167,-160,11
D,1,454,720,544,752,2547,1,0,1,1,1,1,17664,3056,-4100,-746,-393,84
D,1,459,735,533,784,2538,1,0,1,1,1,1,17600,3384,-3992,-422,-33,123
D,1,477,721,554,767,2539,1,0,1,1,1,1,17244,3060,-4140,-1168,-643,290
D,1,437,723,560,742,2559,1,0,1,1,1,1,17780,2908,-3680,-15,-21,-14
D,1,446,736,549,735,2559,1,0,1,1,1,1,17352,3360,-4124,-1013,-759,229
D,1,464,719,551,779,2535,1,0,1,1,1,1,17564,3240,-4248,-194,-188,139
D,1,469,704,556,752,2554,1,0,1,1,1,1,17688,3068,-3820,-555,-167,202
D,1,464,751,567,755,2545,1,0,1,1,1,1,17816,2976,-3748,-505,-7,-102
D,1,461,745,527,768,2539,1,0,1,1,1,1,17404,3364,-3736,-736,-43,158
D,1,449,737,552,769,2530,1,0,1,1,1,1,17956,3460,-3964,-531,-172,232
D,1,439,738,511,762,2559,1,0,1,1,1,1,17420,3068,-4112,-796,91,167
D,1,449,732,535,759,2552,1,0,1,1,1,1,17584,3296,-3872,-323,-32,257
D,1,463,725,545,755,2544,1,0,1,1,1,1,17408,2868,-3732,-812,-389,251
D,1,435,746,511,766,2559,1,0,1,1,1,1,17816,3060,-3652,-303,-176,-96
D,1,435,731,555,758,2538,1,0,1,1,1,1,17792,3184,-3540,-779,-434,-15
D,1,466,706,559,756,2524,1,0,1,1,1,1,17576,3396,-3872,-440,-287,147
D,1,449,731,532,771,2557,1,0,1,1,1,1,17408,3040,-4056,-790,-100,280
D,1,430,742,547,749,2559,1,0,1,1,1,1,17528,3012,-3732,-250,-495,-5
D,1,464,745,507,768,2544,1,0,1,1,1,1,17480,3388,-3764,-642,-98,121
D,1,457,731,547,752,2539,1,0,1,1,1,1,17688,3004,-3412,-149,-666,-32
D,1,458,736,530,755,2557,1,0,1,1,1,1,17696,3076,-3732,-384,-871,163
D,1,439,746,523,754,2539,1,0,1,1,1,1,17624,3696,-3848,-221,-376,-66
D,1,448,745,531,761,2530,1,0,1,1,1,1,17752,3112,-4112,-262,-875,151
D,1,463,750,494,769,2559,1,0,1,1,1,1,17260,3376,-4436,-206,-272,43
D,1,453,742,529,745,2553,1,0,1,1,1,1,17528,3000,-4248,-302,-934,200
D,1,457,726,536,769,2544,1,0,1,1,1,1,17196,2852,-4692,-242,-255,130
D,1,452,746,528,774,2546,1,0,1,1,1,1,17272,2620,-4728,-524,-551,50
D,1,463,711,561,733,2553,1,0,1,1,1,1,17672,3732,-4016,-682,841,211
D,1,421,720,573,723,2559,1,0,1,1,1,1,17468,3032,-4304,-700,-786,266
D,1,449,738,552,753,2542,1,0,1,1,1,1,17696,3196,-4144,-25,101,147
D,1,415,765,501,759,2559,1,0,1,1,1,1,17404,2264,-4548,-1051,-900,846
D,1,432,742,529,731,2559,1,0,1,1,1,1,17532,3144,-4172,2,412,28
D,1,449,747,499,765,2547,1,0,1,1,1,1,17280,3408,-3960,-1221,431,24
D,1,448,717,544,769,2539,1,0,1,1,1,1,17792,2956,-3588,-458,98,22
D,1,439,737,561,734,2558,1,0,1,1,1,1,17632,3572,-3352,-512,-76,274
D,1,465,741,582,751,2534,1,0,1,1,1,1,17584,2908,-3936,-878,-257,536
D,1,478,722,545,723,2559,1,0,1,1,1,1,17672,2800,-3720,-166,17,184
D,1,464,720,530,725,2557,1,0,1,1,1,1,17772,2420,-3888,-766,-900,339
D,1,473,714,538,750,2545,1,0,1,1,1,1,17488,2396,-4496,-418,-345,-367
D,1,467,720,549,745,2549,1,0,1,1,1,1,17396,3336,-3916,-855,-19,-847
D,1,417,767,510,729,2559,1,0,1,1,1,1,17396,3756,-3732,-292,217,-66
D,1,457,720,557,707,2559,1,0,1,1,1,1,17420,2808,-4156,-847,-790,34
D,1,485,719,530,754,2527,1,0,1,1,1,1,17628,3564,-4272,-1007,-223,7
D,1,435,740,554,734,2559,1,0,1,1,1,1,17480,3568,-4008,-399,23,49
D,1,451,723,533,727,2555,1,0,1,1,1,1,17640,3540,-3656,-932,35,360
D,1,479,707,571,727,2547,1,0,1,1,1,1,17596,2544,-3788,-244,-283,394
D,1,479,737,527,723,2559,1,0,1,1,1,1,17452,2356,-4248,-914,-136,-80
D,1,445,734,544,717,2559,1,0,1,1,1,1,17604,3836,-3672,-671,-29,-449
D,1,458,733,560,739,2543,1,0,1,1,1,1,17640,3516,-3584,-397,-465,158
D,1,458,718,549,735,2544,1,0,1,1,1,1,17576,3564,-4040,-416,103,-230
D,1,452,756,507,743,2540,1,0,1,1,1,1,17668,2924,-4028,-755,-623,330
D,1,464,720,528,716,2558,1,0,1,1,1,1,17472,3568,-3812,4,236,154
D,1,436,704,563,720,2549,1,0,1,1,1,1,17512,2900,-3976,-1081,-1127,394
D,1,477,737,509,726,2559,1,0,1,1,1,1,17452,3236,-3980,-50,884,-305
D,1,432,724,541,735,2539,1,0,1,1,1,1,17532,3268,-3704,-1070,-68,236
D,1,443,720,549,747,2519,1,0,1,1,1,1,17408,3168,-3760,-595,-327,89
D,1,482,719,542,718,2543,1,0,1,1,1,1,17760,3280,-3620,-764,-79,39
D,1,423,738,535,721,2559,1,0,1,1,1,1,17576,3480,-3556,-554,-412,124
D,1,454,751,560,717,2550,1,0,1,1,1,1,17656,2920,-4004,-739,-413,102
D,1,459,717,562,728,2533,1,0,1,1,1,1,17628,3144,-3780,-558,-187,-76
D,1,474,727,557,752,2550,1,0,1,1,1,1,17400,3368,-3984,-768,-184,-108
D,1,453,737,532,710,2559,1,0,1,1,1,1,17456,3712,-3608,-375,-347,66
D,1,492,719,546,742,2543,1,0,1,1,1,1,17640,3432,-3724,-481,-213,206
D,1,471,727,511,752,2559,1,0,1,1,1,1,17596,3428,-3696,-195,-552,208
D,1,445,735,533,732,2559,1,0,1,1,1,1,17404,3276,-3728,-472,-447,303
D,1,458,724,544,738,2549,1,0,1,1,1,1,17524,2948,-4320,-216,-810,90
D,1,480,703,557,741,2544,1,0,1,1,1,1,17404,3428,-3968,-588,-5,85
D,1,435,723,532,748,2549,1,0,1,1,1,1,17428,3416,-3980,-497,-401,185
D,1,462,734,534,725,2551,1,0,1,1,1,1,17592,3036,-4044,-316,27,64
D,1,454,726,541,730,2543,1,0,1,1,1,1,17672,3012,-3924,-855,-299,-181
D,1,449,726,554,739,2550,1,0,1,1,1,1,17684,3816,-3588,-312,-37,-226
D,1,449,720,555,724,2559,1,0,1,1,1,1,17328,3712,-3856,-532,-601,176
D,1,468,723,543,734,2531,1,0,1,1,1,1,17404,3452,-4100,-486,-377,129
D,1,454,751,505,729,2559,1,0,1,1,1,1,17328,3144,-4160,-567,-562,284
D,1,427,743,538,720,2559,1,0,1,1,1,1,17552,2948,-4220,-388,-246,-41
D,1,417,733,544,737,2537,1,0,1,1,1,1,17500,3388,-3924,-662,-110,-53
D,1,463,731,534,748,2525,1,0,1,1,1,1,17420,3504,-3860,-716,-265,-36
D,1,454,741,511,739,2546,1,0,1,1,1,1,17464,3784,-4040,-540,211,70
D,1,458,741,534,720,2549,1,0,1,1,1,1,17592,3468,-3980,-133,-328,79
D,1,469,716,546,739,2534,1,0,1,1,1,1,17580,3356,-4024,-456,122,157
D,1,460,746,503,741,2550,1,0,1,1,1,1,17324,3500,-3732,-798,-396,315
D,1,452,752,555,698,2547,1,0,1,1,1,1,17688,3084,-3844,-254,-43,81
E,1,430,729,503,241,2506,0,0,0,1,1,0,17804,3976,-748,-193,-101,32
E,1,401,751,493,245,2495,0,0,0,1,1,0,17740,3660,-1040,-863,28,-278
E,1,401,742,509,224,2511,0,0,0,1,1,0,17876,4316,-1152,-161,-33,-67
E,1,405,739,511,238,2501,0,0,0,1,1,0,17572,4196,-1244,-1082,-243,151
E,1,407,734,493,254,2499,0,0,0,1,1,0,17776,4016,-1464,417,-348,-105
E,1,417,750,496,240,2511,0,0,0,1,1,0,17972,4772,-1160,-1152,-359,10
E,1,398,741,526,233,2511,0,0,0,1,1,0,17840,4048,-1688,-265,-107,-35
E,1,419,733,500,238,2497,0,0,0,1,1,0,17876,3944,-1524,-776,14,-189
E,1,411,754,500,249,2499,0,0,0,1,1,0,17696,4244,-1140,-778,-188,-341
E,1,399,727,510,241,2498,0,0,0,1,1,0,17688,4216,-852,-373,-316,-179
E,1,400,725,533,229,2494,0,0,0,1,1,0,17660,4704,-1276,-717,-632,-157
E,1,396,751,511,235,2503,0,0,0,1,1,0,17864,4284,-1008,-326,-596,40
E,1,403,750,496,240,2512,0,0,0,1,1,0,17796,4400,-1428,-538,-455,3
E,1,405,745,511,240,2506,0,0,0,1,1,0,17804,4272,-1408,-546,-462,-92
E,1,406,734,528,233,2496,0,0,0,1,1,0,17572,4708,-1444,-453,-446,-28
E,1,390,727,507,242,2501,0,0,0,1,1,0,17576,4448,-1816,-598,-12,32
E,1,387,731,511,239,2497,0,0,0,1,1,0,17500,4548,-1660,-535,-149,151
E,1,416,718,509,246,2493,0,0,0,1,1,0,17648,4404,-1476,-474,194,215
E,1,406,745,524,230,2489,0,0,0,1,1,0,17796,4116,-1232,-863,120,214
E,1,381,763,500,240,2436,0,0,0,1,1,0,17720,4288,-1096,-664,-20,49
E,1,412,736,511,240,2490,0,0,0,1,1,0,17820,4488,-1160,-900,-24,134
E,1,400,743,498,246,2441,0,0,0,1,1,0,17760,4308,-1236,-390,-194,101
E,1,400,740,499,225,2416,0,0,0,1,1,0,17760,4336,-1264,-571,-74,185
E,1,407,741,503,241,2490,0,0,0,1,1,0,17672,4356,-1712,-571,-21,160
E,1,422,721,528,242,2256,0,0,0,1,1,0,17724,4168,-1160,-781,-132,209
E,1,384,749,524,226,2506,0,0,0,1,1,0,17628,4440,-1044,-613,-86,77
E,1,398,734,508,234,2511,0,0,0,1,1,0,17940,4376,-1356,-488,-105,205
E,1,400,741,528,240,2498,0,0,0,1,1,0,17628,4308,-1192,-553,-253,28
E,1,400,752,465,263,2412,0,0,0,1,1,0,17744,4236,-1152,-632,-381,47
E,1,417,727,528,223,2430,0,0,0,1,1,0,17712,4576,-1036,-480,-295,-106
E,1,400,722,533,226,2415,0,0,0,1,1,0,17600,4292,-1168,-571,-220,-41
E,1,429,731,501,249,2436,0,0,0,1,1,0,17568,4480,-1360,-618,-346,4
E,1,395,733,511,231,2499,0,0,0,1,1,0,17860,4472,-1180,-343,-194,86
E,1,409,732,499,227,2423,0,0,0,1,1,0,17856,4392,-1080,-1167,-499,185
E,1,394,731,539,223,2379,0,0,0,1,1,0,17772,4580,-1456,-337,-26,77
E,1,413,753,528,229,2456,0,0,0,1,1,0,17880,4408,-1188,-817,-238,135
E,1,397,733,510,240,2507,0,0,0,1,1,0,17788,4600,-984,-452,-20,86
E,1,399,721,529,228,2329,0,0,0,1,1,0,17644,4396,-1148,-771,-128,95
E,1,391,755,494,256,2384,0,0,0,1,1,0,17668,4632,-1116,-225,-82,103
E,1,395,742,499,223,2505,0,0,0,1,1,0,17824,4384,-792,-640,-186,231
E,1,387,733,536,223,2480,0,0,0,1,1,0,17776,4412,-1072,-259,-313,167
E,1,421,722,507,239,2496,0,0,0,1,1,0,17928,4452,-972,-613,-257,172
E,1,394,731,511,227,2368,0,0,0,1,1,0,17760,4080,-996,-500,-103,55
E,1,423,739,511,221,2512,0,0,0,1,1,0,17624,4604,-1084,-507,-181,-60
E,1,400,720,537,233,2497,0,0,0,1,1,0,17488,4484,-1264,-559,-405,51
E,1,413,751,491,240,2495,0,0,0,1,1,0,17748,4340,-956,-167,-75,68
E,1,393,741,497,222,2396,0,0,0,1,1,0,17644,4620,-1220,-1080,-237,33
E,1,389,732,539,218,2487,0,0,0,1,1,0,17824,4420,-1036,-211,0,90
E,1,423,744,506,240,2471,0,0,0,1,1,0,17792,4512,-912,-705,-147,127
E,1,389,746,496,240,2486,0,0,0,1,1,0,17760,4624,-924,-608,-325,189
E,1,400,748,502,245,2506,0,0,0,1,1,0,17608,4328,-1160,-476,77,119
E,1,396,735,511,239,2497,0,0,0,1,1,0,17652,4652,-1000,-560,-221,296
E,1,411,743,493,245,2503,0,0,0,1,1,0,17700,4460,-900,-622,-374,324
E,1,410,739,541,205,2512,0,0,0,1,1,0,17660,3988,-1056,-688,-226,52
E,1,417,716,544,220,2493,0,0,0,1,1,0,17792,4576,-1000,-414,-332,56
E,1,421,726,498,249,2498,0,0,0,1,1,0,17828,4184,-1236,-467,-158,-52
E,1,400,735,526,215,2512,0,0,0,1,1,0,17780,4420,-912,-292,-401,150
E,1,405,734,533,238,2502,0,0,0,1,1,0,17876,4348,-1184,-754,-237,11
E,1,411,723,510,240,2494,0,0,0,1,1,0,17684,4304,-960,-140,-259,42
E,1,407,751,487,243,2502,0,0,0,1,1,0,17692,4744,-1008,-880,-271,-2
E,1,423,724,525,225,2505,0,0,0,1,1,0,17828,4420,-972,-298,-372,55
E,1,403,732,526,238,2498,0,0,0,1,1,0,17640,4404,-1280,-675,-208,80
E,1,399,740,487,231,2513,0,0,0,1,1,0,17744,4576,-1024,-265,-403,154
E,1,395,740,497,239,2506,0,0,0,1,1,0,17776,4668,-1120,-979,-380,191
E,1,395,734,540,243,2501,0,0,0,1,1,0,17752,4084,-1064,-185,-168,24
E,1,399,725,496,227,2509,0,0,0,1,1,0,17536,4508,-1052,-709,-333,-16
E,1,395,745,528,229,2512,0,0,0,1,1,0,17712,4000,-896,-347,-285,-136
E,1,415,720,526,231,2495,0,0,0,1,1,0,17696,4668,-780,-402,-525,-183
E,1,409,743,497,242,2500,0,0,0,1,1,0,17436,4944,-1216,-640,-405,-324
E,1,425,723,526,230,2496,0,0,0,1,1,0,17728,4988,-1472,-513,-307,-19
E,1,406,733,511,225,2503,0,0,0,1,1,0,17592,4880,-1472,-649,-266,303
E,1,419,726,509,234,2510,0,0,0,1,1,0,17820,4368,-1560,-916,-3,392
E,1,417,733,497,237,2453,0,0,0,1,1,0,17700,4440,-852,-235,222,158
E,1,378,738,535,224,2474,0,0,0,1,1,0,17836,4520,-420,-944,-213,155
E,1,405,729,510,221,2469,0,0,0,1,1,0,17824,4500,-896,-126,-153,94
E,1,391,743,511,226,2483,0,0,0,1,1,0,17740,4744,-1316,-605,-460,84
E,1,389,734,505,228,2491,0,0,0,1,1,0,17728,4688,-1336,-338,-223,119
E,1,392,733,511,221,2485,0,0,0,1,1,0,17808,4548,-1196,-766,-406,105
E,1,394,747,511,214,2344,0,0,0,1,1,0,17512,4492,-1204,-445,-121,82
E,1,402,733,496,231,2394,0,0,0,1,1,0,17764,4560,-760,-547,-437,230
E,1,400,752,546,234,2371,0,0,0,1,1,0,17544,4460,-1160,-553,-222,163
E,1,401,737,507,229,2400,0,0,0,1,1,0,17756,4292,-1020,-621,-545,147
E,1,399,748,487,245,2398,0,0,0,1,1,0,17632,4760,-1116,-516,-69,37
E,1,406,737,528,215,2405,0,0,0,1,1,0,17668,4700,-876,-611,-43,76
E,1,408,737,506,243,2415,0,0,0,1,1,0,17776,4588,-880,-498,-147,244
E,1,401,733,500,256,2384,0,0,0,1,1,0,17744,4460,-1112,-598,-77,143
E,1,391,731,511,240,2363,0,0,0,1,1,0,17796,4224,-1140,-203,-289,-84
E,1,381,738,527,237,2191,0,0,0,1,1,0,17524,4892,-1096,-751,-227,-53
E,1,406,726,499,239,2201,0,0,0,1,1,0,17552,4512,-1196,-509,-280,194
E,1,399,753,495,240,2326,0,0,0,1,1,0,17792,4592,-1044,-520,23,170
E,1,384,749,527,226,2352,0,0,0,1,1,0,17668,4544,-968,-670,-138,172
E,1,400,720,529,231,2416,0,0,0,1,1,0,17824,4612,-984,-311,-111,118
E,1,411,737,497,240,2327,0,0,0,1,1,0,17784,4504,-860,-555,-118,79
E,1,415,733,526,238,2445,0,0,0,1,1,0,17616,4532,-1016,-342,-282,168
E,1,399,719,510,238,2384,0,0,0,1,1,0,17788,4444,-1072,-569,-58,-17
E,1,402,736,528,239,2224,0,0,0,1,1,0,17712,4704,-768,-597,-308,202
E,1,396,743,508,235,2425,0,0,0,1,1,0,17704,4640,-1120,-503,-72,153
E,1,403,737,528,221,2493,0,0,0,1,1,0,17912,4428,-776,-161,-289,129
E,1,423,736,496,245,2349,0,0,0,1,1,0,17780,4760,-888,-804,-95,69
E,1,422,731,525,219,2255,0,0,0,1,1,0,17864,4548,-772,-346,-431,154
E,1,399,739,529,240,2463,0,0,0,1,1,0,17668,4464,-912,-471,-189,150
E,1,412,724,525,233,2501,0,0,0,1,1,0,17676,4492,-1084,-333,-644,32
E,1,417,726,489,251,2499,0,0,0,1,1,0,17632,4560,-1040,-591,-142,111
E,1,400,734,511,227,2510,0,0,0,1,1,0,17704,4548,-924,-514,-179,193
E,1,387,746,495,229,2498,0,0,0,1,1,0,17724,4740,-1056,-752,-159,132
E,1,427,729,533,245,2487,0,0,0,1,1,0,17716,4508,-1008,-447,19,134
E,1,403,733,511,254,2499,0,0,0,1,1,0,17596,4712,-1108,-754,-282,145
E,1,402,731,501,235,2503,0,0,0,1,1,0,17856,4424,-744,-244,-61,58
E,1,404,727,509,255,2491,0,0,0,1,1,0,17600,4628,-856,-802,-252,50
E,1,428,724,506,254,2491,0,0,0,1,1,0,17708,4604,-972,-344,-262,51
E,1,396,747,523,229,2500,0,0,0,1,1,0,17780,4740,-1072,-621,-170,57
E,1,406,720,528,229,2506,0,0,0,1,1,0,17676,4528,-968,-386,-233,101
E,1,409,745,511,229,2493,0,0,0,1,1,0,17652,4528,-932,-667,-322,95
E,1,384,745,491,234,2512,0,0,0,1,1,0,17856,4392,-808,-408,-105,15
E,1,397,745,499,228,2499,0,0,0,1,1,0,17728,4972,-676,-473,-104,165
E,1,421,730,495,239,2505,0,0,0,1,1,0,17584,4652,-820,-488,-5,157
E,1,404,742,503,251,2510,0,0,0,1,1,0,17504,4284,-1132,-205,-161,57
E,1,381,735,528,221,2525,0,0,0,1,1,0,17564,4644,-696,-891,-411,152
E,1,411,729,494,244,2494,0,0,0,1,1,0,17856,4688,-1000,-441,-34,7
E,1,401,733,511,249,2503,0,0,0,1,1,0,17856,4336,-792,-672,-313,191
E,1,403,723,498,229,2512,0,0,0,1,1,0,17656,4880,-1076,-480,67,46
E,1,410,738,533,236,2491,0,0,0,1,1,0,17732,4436,-744,-636,-457,153
E,1,384,729,503,241,2487,0,0,0,1,1,0,17748,4572,-644,-259,71,135
E,1,379,737,494,239,2495,0,0,0,1,1,0,17600,4480,-1004,-884,-371,111
E,1,417,752,511,230,2496,0,0,0,1,1,0,17740,4500,-924,-247,-27,27
E,1,411,715,527,227,2423,0,0,0,1,1,0,17732,4500,-920,-661,-347,136
E,1,391,746,496,240,2469,0,0,0,1,1,0,17780,4632,-796,-301,-29,91
E,1,419,746,510,224,2475,0,0,0,1,1,0,17716,4676,-668,-990,-406,210
E,1,409,735,511,261,2470,0,0,0,1,1,0,17672,4300,-972,-173,-126,117
E,1,410,720,531,240,2489,0,0,0,1,1,0,17600,4476,-728,-393,-365,39
E,1,393,749,506,240,2498,0,0,0,1,1,0,17624,4816,-592,-827,-207,78
E,1,397,736,535,243,2506,0,0,0,1,1,0,17736,4556,-816,-180,-129,85
E,1,392,723,537,240,2481,0,0,0,1,1,0,17804,4540,-1000,-908,-531,171
E,1,400,748,525,237,2509,0,0,0,1,1,0,17860,4728,-1220,-252,-10,15
E,1,381,752,511,224,2507,0,0,0,1,1,0,17664,4780,-596,-1163,-163,287
E,1,414,735,537,239,2494,0,0,0,1,1,0,17792,4492,-592,-438,-71,194
E,1,406,753,497,250,2505,0,0,0,1,1,0,17728,4524,-716,-776,-215,160
E,1,389,735,511,227,2503,0,0,0,1,1,0,17544,4480,-612,-125,-109,87
E,1,399,739,511,231,2491,0,0,0,1,1,0,17728,4556,-816,-962,-427,172
E,1,432,727,526,235,2489,0,0,0,1,1,0,17652,4680,-904,-441,-170,85
E,1,380,746,496,242,2480,0,0,0,1,1,0,17716,4292,-816,-415,-43,99
E,1,387,739,538,218,2383,0,0,0,1,1,0,17688,4664,-724,-955,-172,23
E,1,411,729,499,242,2407,0,0,0,1,1,0,17704,4760,-488,-435,-22,143
E,1,399,726,525,234,2454,0,0,0,1,1,0,17692,4352,-748,-687,-192,173
E,1,403,747,511,230,2501,0,0,0,1,1,0,17744,4516,-916,-476,56,31
E,1,407,742,497,240,2501,0,0,0,1,1,0,17608,4576,-636,-693,-76,103
E,1,403,747,483,261,2418,0,0,0,1,1,0,17748,4852,-676,-554,-104,193
E,1,405,739,496,234,2498,0,0,0,1,1,0,17892,4456,-432,-656,-114,129
E,1,400,731,497,240,2493,0,0,0,1,1,0,17828,4528,-532,-515,-189,162
E,1,414,733,523,237,2496,0,0,0,1,1,0,17664,4616,-492,-579,-274,102
E,1,386,754,496,234,2509,0,0,0,1,1,0,17680,4644,-804,-597,-338,89
E,1,390,747,511,224,2501,0,0,0,1,1,0,17620,4364,-716,-431,-217,-27
E,1,403,732,501,235,2465,0,0,0,1,1,0,17596,4940,-732,-587,-257,98
E,1,383,737,511,235,2437,0,0,0,1,1,0,17676,4628,-764,-631,-151,198
E,1,401,750,500,241,2408,0,0,0,1,1,0,17840,4440,-504,-537,-35,170
E,1,417,735,541,226,2369,0,0,0,1,1,0,17840,4768,-528,-768,-89,174
E,1,415,739,493,255,2326,0,0,0,1,1,0,17804,4328,-532,-516,-263,86
E,1,391,737,509,231,2384,0,0,0,1,1,0,17728,4348,-604,-628,-156,34
E,1,415,727,538,222,2418,0,0,0,1,1,0,17608,4632,-592,-420,-211,-42
E,1,400,743,503,236,2416,0,0,0,1,1,0,17728,4560,-628,-554,-339,96
E,1,397,722,508,240,2439,0,0,0,1,1,0,17864,4796,-752,-455,-227,61
E,1,397,749,508,243,2433,0,0,0,1,1,0,17692,4300,-872,-661,11,144
E,1,422,738,511,237,2341,0,0,0,1,1,0,17956,4388,-596,-513,-257,90
E,1,403,735,497,254,2368,0,0,0,1,1,0,17728,4848,-104,-721,-32,29
E,1,399,753,511,233,2389,0,0,0,1,1,0,17512,4744,-676,-521,-328,135
E,1,391,720,511,217,2307,0,0,0,1,1,0,17660,4636,-696,-459,-314,156
E,1,403,739,501,241,2325,0,0,0,1,1,0,17696,4344,-724,-570,-253,68
E,1,379,735,529,228,2393,0,0,0,1,1,0,17724,4856,-636,-494,-110,154
E,1,405,733,523,215,2369,0,0,0,1,1,0,17976,4652,256,-638,-304,141
E,1,425,726,503,246,2335,0,0,0,1,1,0,17848,4608,-396,-492,-96,85
E,1,420,727,525,238,2384,0,0,0,1,1,0,17836,4664,-604,-501,-225,85
E,1,387,736,511,229,2399,0,0,0,1,1,0,17672,4456,-540,-513,-251,87
E,1,423,721,522,234,2321,0,0,0,1,1,0,17596,4736,-732,-574,-120,27
E,1,407,732,489,247,2431,0,0,0,1,1,0,17560,4784,-564,-430,-106,294
E,1,384,745,511,209,2410,0,0,0,1,1,0,17924,4596,-424,-599,-227,294
E,1,400,720,511,208,2419,0,0,0,1,1,0,18012,4368,-320,-484,-137,150
E,1,406,730,511,226,2410,0,0,0,1,1,0,17688,4492,-608,-549,-327,104
E,1,414,736,528,221,2334,0,0,0,1,1,0,17696,4264,-588,-852,-292,-72
E,1,394,748,511,209,2379,0,0,0,1,1,0,17608,4904,-604,-334,-55,36
E,1,400,721,523,239,2361,0,0,0,1,1,0,17628,4548,-604,-721,-404,194
E,1,400,721,511,235,2365,0,0,0,1,1,0,17760,4708,-344,-370,-242,79
E,1,396,743,510,225,2407,0,0,0,1,1,0,17692,4660,-600,-540,-332,227
E,1,402,752,498,243,2384,0,0,0,1,1,0,17868,4428,-668,-470,-367,160
E,1,413,720,511,228,2413,0,0,0,1,1,0,17708,4580,-668,-585,-156,-103
E,1,381,745,522,226,2404,0,0,0,1,1,0,17648,4820,-416,-413,-364,54
E,1,399,742,527,226,2394,0,0,0,1,1,0,17680,4748,-552,-671,-91,77
E,1,413,738,503,240,2401,0,0,0,1,1,0,17596,4700,-636,-458,-379,161
E,1,399,751,496,240,2422,0,0,0,1,1,0,17656,4748,-504,-522,-24,138
E,1,381,741,536,219,2441,0,0,0,1,1,0,17628,4776,-304,-701,-458,392
E,1,415,713,540,240,2429,0,0,0,1,1,0,17788,4516,-512,-334,-91,296
E,1,397,736,502,240,2512,0,0,0,1,1,0,17876,4348,-740,-887,-141,231
E,1,395,736,511,231,2498,0,0,0,1,1,0,17600,4576,-392,-442,-103,156
E,1,384,742,527,231,2421,0,0,0,1,1,0,17608,4464,-388,-603,-228,42
E,1,423,737,496,243,2395,0,0,0,1,1,0,17732,4696,-456,-570,-235,74
E,1,379,747,509,237,2403,0,0,0,1,1,0,17748,4312,-700,-489,-197,-82
E,1,395,725,511,224,2455,0,0,0,1,1,0,17792,4948,-448,-371,-269,165
E,1,411,731,507,235,2448,0,0,0,1,1,0,17812,4500,-644,-660,-347,164
E,1,411,752,493,261,2433,0,0,0,1,1,0,17712,4320,-336,-469,47,127
E,1,396,746,501,240,2447,0,0,0,1,1,0,17668,4728,-540,-690,-360,130
E,1,405,729,541,215,2397,0,0,0,1,1,0,17676,4472,-488,-540,-279,7
F,1,1175,1621,720,247,2593,0,1,1,1,1,1,16236,7312,3936,-505,-669,-416
F,1,1187,1600,758,240,2581,0,1,1,1,1,1,16116,7688,3512,42,-651,104
F,1,1151,1593,763,238,2559,0,1,1,1,1,1,15912,7548,3192,-404,-166,-263
F,1,1175,1621,720,273,2559,0,1,1,1,1,1,16292,7756,3476,-560,-236,-56
F,1,1178,1610,729,249,2559,0,1,1,1,1,1,15992,7512,3764,-365,-230,68
F,1,1178,1605,752,236,2559,0,1,1,1,1,1,16156,7956,3552,-1059,-282,160
F,1,1185,1615,714,263,2559,0,1,1,1,1,1,16140,7356,3888,-572,-183,84
F,1,1179,1623,710,269,2582,0,1,1,1,1,1,16116,7616,3976,-652,-326,120
F,1,1168,1605,766,238,2586,0,1,1,1,1,1,15980,7604,4004,-457,-571,139
F,1,1174,1616,752,240,2585,0,1,1,1,1,1,16128,7732,3380,-535,-570,352
F,1,1173,1631,704,267,2559,0,1,1,1,1,1,16124,7232,3448,-632,-229,18
F,1,1177,1634,738,256,2592,0,1,1,1,1,1,16200,7976,3484,-701,-276,130
F,1,1195,1614,727,242,2581,0,1,1,1,1,1,16360,7180,3868,-517,-266,-97
F,1,1196,1616,720,267,2559,0,1,1,1,1,1,16004,7696,4228,-278,-306,-8
F,1,1155,1621,746,240,2594,0,1,1,1,1,1,15916,7872,3768,-399,-663,-38
F,1,1170,1628,743,243,2559,0,1,1,1,1,1,16056,7796,3304,-566,-502,73
F,1,1197,1601,745,250,2559,0,1,1,1,1,1,16088,7172,3284,24,-91,276
F,1,1169,1617,766,253,2559,0,1,1,1,1,1,16164,7512,3308,-853,-66,-53
F,1,1166,1614,720,267,2590,0,1,1,1,1,1,16196,7684,4068,-547,-289,176
F,1,1196,1606,761,253,2559,0,1,1,1,1,1,16296,7644,3820,-332,3,221
F,1,1185,1616,752,237,2595,0,1,1,1,1,1,16244,7676,3564,-569,-396,152
F,1,1198,1601,754,240,2559,0,1,1,1,1,1,16252,7348,3512,-442,-90,-25
F,1,1165,1615,783,228,2590,0,1,1,1,1,1,16032,7596,3720,-162,-241,126
F,1,1167,1613,734,248,2559,0,1,1,1,1,1,15900,7788,3696,-554,-453,106
F,1,1177,1623,721,256,2590,0,1,1,1,1,1,16240,7608,3672,-451,-297,65
F,1,1136,1631,775,249,2594,0,1,1,1,1,1,16036,7824,3852,-453,-629,231
F,1,1168,1617,754,228,2594,0,1,1,1,1,1,16360,7468,3664,-247,-546,457
F,1,1168,1622,747,240,2593,0,1,1,1,1,1,16340,7224,2832,-418,-159,-90
F,1,1194,1602,769,236,2594,0,1,1,1,1,1,16220,7404,3556,-273,-552,122
F,1,1163,1621,749,262,2559,0,1,1,1,1,1,15976,7972,3492,-565,-169,40
F,1,1171,1615,731,244,2588,0,1,1,1,1,1,16192,7348,3092,-681,-519,-61
F,1,1191,1627,752,257,2587,0,1,1,1,1,1,16304,7684,3252,-723,-91,-34
F,1,1170,1598,746,258,2559,0,1,1,1,1,1,16488,7336,3496,-278,-263,87
F,1,1167,1612,731,249,2550,0,1,1,1,1,1,16196,7820,3456,-856,101,-457
F,1,1178,1624,730,250,2559,0,1,1,1,1,1,15940,8164,3820,-262,-265,276
F,1,1162,1620,709,257,2607,0,1,1,1,1,1,16176,7648,3668,-529,-220,188
F,1,1181,1630,752,230,2559,0,1,1,1,1,1,16196,7708,3168,-765,-440,373
F,1,1161,1610,779,245,2559,0,1,1,1,1,1,16456,7060,3332,-417,141,327
F,1,1149,1623,757,241,2599,0,1,1,1,1,1,15836,7704,3700,-869,-321,118
F,1,1192,1600,741,249,2590,0,1,1,1,1,1,16464,7488,3876,-665,-147,-22
F,1,1201,1611,726,267,2580,0,1,1,1,1,1,16052,7568,3792,-202,-526,183
F,1,1168,1630,736,241,2594,0,1,1,1,1,1,16240,8200,3432,-743,-544,129
F,1,1150,1606,762,210,2595,0,1,1,1,1,1,16148,7616,2608,-318,-460,495
F,1,1165,1611,758,240,2559,0,1,1,1,1,1,16532,7640,3140,-640,-286,244
F,1,1168,1639,726,270,2585,0,1,1,1,1,1,16140,7228,3268,-767,-387,87
F,1,1153,1621,784,213,2607,0,1,1,1,1,1,16304,7780,3544,-306,-40,269
F,1,1169,1630,727,256,2559,0,1,1,1,1,1,16332,7380,3428,-700,-247,42
F,1,1165,1635,745,254,2551,0,1,1,1,1,1,16380,7652,3344,-397,-29,217
F,1,1138,1633,741,240,2610,0,1,1,1,1,1,16148,7356,3244,-640,-246,107
F,1,1152,1600,752,222,2559,0,1,1,1,1,1,16252,7744,3488,-489,-275,194
F,1,1203,1594,753,257,2559,0,1,1,1,1,1,16084,7540,3520,-548,-208,139
F,1,1159,1651,718,263,2595,0,1,1,1,1,1,16416,7460,3440,-377,-397,295
F,1,1175,1635,754,237,2559,0,1,1,1,1,1,16324,7516,3308,-817,-57,-190
F,1,1163,1627,731,256,2559,0,1,1,1,1,1,16336,7640,3748,-355,-321,349
F,1,1152,1636,701,257,2602,0,1,1,1,1,1,16352,7728,3476,-793,-119,53
F,1,1165,1626,730,225,2624,0,1,1,1,1,1,16312,7164,3388,-536,-94,249
F,1,1151,1607,737,242,2549,0,1,1,1,1,1,16388,7412,3568,-752,40,29
F,1,1167,1621,717,256,2596,0,1,1,1,1,1,15932,7548,3580,-519,-248,41
F,1,1136,1617,741,263,2595,0,1,1,1,1,1,16120,7572,3476,-667,-182,159
F,1,1153,1600,755,223,2593,0,1,1,1,1,1,16188,7428,3388,-429,-281,234
F,1,1183,1606,759,245,2559,0,1,1,1,1,1,16464,7308,3312,-838,-138,-109
F,1,1149,1629,717,267,2585,0,1,1,1,1,1,16104,7676,3692,-363,-300,204
F,1,1146,1622,752,208,2605,0,1,1,1,1,1,16276,7664,3412,-538,-161,84
F,1,1190,1607,750,247,2555,0,1,1,1,1,1,16104,7328,3708,-653,-342,22
F,1,1189,1622,769,241,2595,0,1,1,1,1,1,16272,7756,3532,-506,-248,286
F,1,1154,1616,726,272,2559,0,1,1,1,1,1,16152,7092,3348,-564,-294,-81
F,1,1132,1615,757,241,2559,0,1,1,1,1,1,16604,7208,4628,-786,-197,-55
F,1,1168,1605,753,242,2559,0,1,1,1,1,1,16108,8128,3856,-688,-496,201
F,1,1159,1613,733,243,2588,0,1,1,1,1,1,16540,7180,3484,-423,-353,367
F,1,1142,1625,775,208,2601,0,1,1,1,1,1,16352,7472,3148,-679,-162,-60
F,1,1189,1607,727,266,2559,0,1,1,1,1,1,16196,7384,3388,-469,-173,52
F,1,1161,1628,735,258,2582,0,1,1,1,1,1,16188,7576,3580,-524,-80,52
F,1,1170,1626,790,230,2585,0,1,1,1,1,1,16096,7488,3624,-492,-447,161
F,1,1177,1616,752,259,2559,0,1,1,1,1,1,16268,7584,3300,-508,-289,189
F,1,1201,1616,771,240,2585,0,1,1,1,1,1,16360,7132,3480,-379,-320,129
F,1,1157,1627,727,262,2605,0,1,1,1,1,1,16392,7620,3388,-527,-45,74
F,1,1178,1600,785,225,2585,0,1,1,1,1,1,16124,7516,3568,-399,-274,-14
F,1,1153,1605,780,266,2559,0,1,1,1,1,1,16392,7372,3380,-493,-170,248
F,1,1146,1625,746,258,2559,0,1,1,1,1,1,16100,7508,3044,-554,24,-54
F,1,1151,1619,790,227,2588,0,1,1,1,1,1,16144,7456,3712,-636,-365,151
F,1,1194,1584,785,255,2559,0,1,1,1,1,1,16368,7504,3332,-434,-65,128
F,1,1163,1604,760,227,2559,0,1,1,1,1,1,16208,7544,3340,-559,-215,68
F,1,1152,1627,752,231,2608,0,1,1,1,1,1,16280,7664,3556,-760,-225,197
F,1,1168,1609,761,240,2559,0,1,1,1,1,1,16336,7288,3356,-451,-148,172
F,1,1173,1595,777,254,2559,0,1,1,1,1,1,16272,7404,3556,-829,-52,-143
F,1,1179,1599,767,240,2585,0,1,1,1,1,1,16104,7836,3780,-343,-234,162
F,1,1151,1616,785,241,2596,0,1,1,1,1,1,16160,7452,3632,-828,-601,168
F,1,1193,1611,752,272,2559,0,1,1,1,1,1,16440,7184,3544,-458,-214,152
F,1,1158,1614,754,254,2559,0,1,1,1,1,1,16288,8020,3464,-604,-22,21
F,1,1158,1599,756,255,2559,0,1,1,1,1,1,16172,7072,3844,-878,-452,27
F,1,1156,1616,766,256,2582,0,1,1,1,1,1,16172,7380,3432,-252,13,114
F,1,1153,1626,762,237,2559,0,1,1,1,1,1,16152,7604,3832,-789,-374,140
F,1,1168,1591,730,268,2608,0,1,1,1,1,1,16212,7424,3624,-376,-391,296
F,1,1163,1601,784,235,2559,0,1,1,1,1,1,16268,7288,3376,-680,-421,30
F,1,1173,1612,752,259,2551,0,1,1,1,1,1,16344,7492,3668,-514,-173,-70
F,1,1146,1606,778,234,2559,0,1,1,1,1,1,16336,7912,3628,-527,-90,41
F,1,1134,1603,801,210,2609,0,1,1,1,1,1,16140,7456,3376,-716,-317,182
F,1,1172,1603,752,272,2583,0,1,1,1,1,1,16216,7372,3564,-427,-226,225
F,1,1166,1615,746,261,2585,0,1,1,1,1,1,16156,7596,3652,-330,-18,87
F,1,1142,1616,764,242,2559,0,1,1,1,1,1,16316,7208,3824,-601,-300,28
F,1,1152,1602,761,259,2593,0,1,1,1,1,1,16164,7848,3568,-445,-117,95
F,1,1172,1611,731,269,2558,0,1,1,1,1,1,16488,7636,3704,-388,-588,224
F,1,1186,1595,733,252,2588,0,1,1,1,1,1,16412,7520,3276,-916,-457,-137
F,1,1169,1585,779,246,2559,0,1,1,1,1,1,16276,7276,3536,-279,-356,-101
F,1,1194,1596,752,288,2553,0,1,1,1,1,1,16120,7952,3544,-568,-269,7
F,1,1163,1637,754,261,2598,0,1,1,1,1,1,16172,7468,3524,-581,-609,179
F,1,1191,1584,795,261,2559,0,1,1,1,1,1,16168,7508,3176,-442,36,31
F,1,1200,1590,784,241,2587,0,1,1,1,1,1,15952,7484,3360,-577,-273,103
F,1,1199,1599,755,257,2559,0,1,1,1,1,1,16284,7824,3636,-589,-66,118
F,1,1195,1600,801,240,2608,0,1,1,1,1,1,16268,7292,3608,-328,-258,298
F,1,1197,1581,787,265,2559,0,1,1,1,1,1,16456,7540,3568,-503,-186,38
F,1,1199,1566,806,258,2559,0,1,1,1,1,1,15908,7776,3664,-649,-263,-102
F,1,1178,1571,781,256,2598,0,1,1,1,1,1,16356,7436,3824,-188,-544,403
F,1,1192,1585,784,249,2559,0,1,1,1,1,1,16132,7704,3232,-578,-52,-75
F,1,1221,1595,795,230,2595,0,1,1,1,1,1,16168,7412,3720,-489,-468,136
F,1,1200,1599,764,265,2559,0,1,1,1,1,1,16308,7572,3352,-574,-106,-30
F,1,1205,1575,781,266,2559,0,1,1,1,1,1,16132,7308,3420,-355,-453,135
F,1,1198,1580,791,274,2559,0,1,1,1,1,1,16272,7760,3400,-532,-196,-1
F,1,1199,1588,773,250,2587,0,1,1,1,1,1,15968,7660,3132,-679,-323,-30
F,1,1182,1600,774,251,2587,0,1,1,1,1,1,16140,7488,3468,-460,-423,109
F,1,1200,1562,805,240,2557,0,1,1,1,1,1,16196,7716,3496,-588,-174,-2
F,1,1191,1584,791,252,2559,0,1,1,1,1,1,16136,7484,3256,-462,-544,82
F,1,1211,1577,784,272,2559,0,1,1,1,1,1,16544,7596,3512,-343,-87,166
F,1,1189,1582,799,230,2594,0,1,1,1,1,1,16224,7652,3132,-733,-192,-69
F,1,1233,1578,819,258,2582,0,1,1,1,1,1,16316,7864,3680,-445,-307,247
F,1,1211,1569,758,289,2559,0,1,1,1,1,1,16276,7280,3584,-462,-150,143
F,1,1210,1585,794,221,2587,0,1,1,1,1,1,16212,7652,3552,-641,-219,26
F,1,1223,1571,806,267,2586,0,1,1,1,1,1,16192,7556,3268,-604,-319,81
F,1,1215,1570,766,271,2559,0,1,1,1,1,1,16396,7624,3328,-515,-305,337
F,1,1200,1591,771,240,2601,0,1,1,1,1,1,16340,7404,3172,-450,-132,45
F,1,1175,1588,784,258,2591,0,1,1,1,1,1,16444,7440,3604,-704,-298,139
F,1,1216,1565,767,267,2589,0,1,1,1,1,1,16144,7560,3540,-518,-22,-41
F,1,1197,1577,771,256,2609,0,1,1,1,1,1,16064,7488,3704,-597,-534,194
F,1,1206,1568,794,253,2559,0,1,1,1,1,1,16232,7584,3376,-392,-30,-4
F,1,1189,1580,781,257,2559,0,1,1,1,1,1,16164,7696,3312,-565,-436,184
F,1,1211,1571,778,238,2582,0,1,1,1,1,1,16216,7468,3216,-445,3,52
F,1,1217,1575,775,243,2559,0,1,1,1,1,1,16328,7468,3612,-514,-396,191
F,1,1231,1572,785,249,2590,0,1,1,1,1,1,16476,7588,3276,-366,136,52
F,1,1213,1574,775,250,2559,0,1,1,1,1,1,15920,7692,3544,-865,-596,-87
F,1,1200,1583,784,240,2608,0,1,1,1,1,1,16284,7560,3364,-170,-22,162
F,1,1203,1565,832,218,2597,0,1,1,1,1,1,15924,7824,3144,-789,-367,62
F,1,1216,1562,778,273,2587,0,1,1,1,1,1,16504,7376,3520,-524,-148,252
F,1,1223,1583,769,256,2585,0,1,1,1,1,1,16080,7564,3140,-286,37,134
F,1,1210,1555,800,228,2607,0,1,1,1,1,1,16308,7584,3544,-648,-294,105
F,1,1212,1535,789,268,2559,0,1,1,1,1,1,16220,7644,3356,-596,-246,-30
F,1,1249,1573,756,281,2559,0,1,1,1,1,1,16148,7708,3516,-365,-325,232
F,1,1200,1555,796,221,2599,0,1,1,1,1,1,16204,7616,3268,-620,-349,80
F,1,1227,1535,784,256,2585,0,1,1,1,1,1,16220,7448,3452,-630,-288,80
F,1,1231,1552,785,266,2559,0,1,1,1,1,1,16116,7904,3336,-500,-176,138
F,1,1230,1554,778,276,2559,0,1,1,1,1,1,16320,7300,3376,-617,-392,31
F,1,1212,1535,801,259,2586,0,1,1,1,1,1,16452,7784,3468,-303,-116,121
F,1,1249,1533,774,268,2594,0,1,1,1,1,1,15964,7908,3348,-683,-388,-8
F,1,1228,1567,767,271,2593,0,1,1,1,1,1,16384,7588,3344,-556,-285,264
F,1,1222,1535,793,248,2582,0,1,1,1,1,1,16120,7644,3428,-508,-174,203
F,1,1223,1535,799,255,2559,0,1,1,1,1,1,16040,7608,3444,-572,-311,136
F,1,1250,1531,805,261,2590,0,1,1,1,1,1,16140,7632,3360,-663,-324,19
F,1,1202,1534,790,249,2559,0,1,1,1,1,1,16348,7708,3224,-470,-271,243
F,1,1213,1525,794,251,2559,0,1,1,1,1,1,16304,7704,3500,-529,-57,76
F,1,1238,1530,787,272,2583,0,1,1,1,1,1,16096,7680,3628,-663,-361,182
F,1,1203,1535,800,257,2582,0,1,1,1,1,1,16016,7388,3476,-364,-210,128
F,1,1198,1535,784,256,2587,0,1,1,1,1,1,16216,7440,3456,-417,-402,227
F,1,1203,1527,797,241,2602,0,1,1,1,1,1,16204,7752,3612,-778,-204,-207
F,1,1216,1560,763,267,2593,0,1,1,1,1,1,16284,7588,3568,-600,-460,194
F,1,1213,1535,799,227,2559,0,1,1,1,1,1,16376,7740,3240,-386,0,225
F,1,1203,1525,821,228,2602,0,1,1,1,1,1,16188,7520,3504,-709,-386,29
F,1,1211,1531,786,259,2559,0,1,1,1,1,1,16448,7484,3472,-431,-119,249
F,1,1231,1535,784,233,2587,0,1,1,1,1,1,16076,7636,3364,-649,-160,-71
F,1,1200,1515,797,240,2580,0,1,1,1,1,1,16272,7472,3452,-461,-281,251
F,1,1250,1506,797,275,2544,0,1,1,1,1,1,16080,7664,3296,-764,-182,-21
F,1,1209,1535,773,270,2559,0,1,1,1,1,1,16284,7584,3704,-482,-343,372
F,1,1199,1534,801,224,2599,0,1,1,1,1,1,16040,7740,3200,-877,-156,-3
F,1,1216,1508,796,250,2559,0,1,1,1,1,1,16448,7204,3448,-556,-498,189
F,1,1233,1534,769,263,2601,0,1,1,1,1,1,16300,7536,3412,-541,-34,-165
F,1,1200,1535,816,241,2623,0,1,1,1,1,1,15856,7416,3552,-503,-592,61
F,1,1190,1522,803,240,2605,0,1,1,1,1,1,16252,7764,3428,-465,-85,68
F,1,1262,1521,798,265,2559,0,1,1,1,1,1,15896,7052,3176,-689,-287,-172
F,1,1216,1520,807,238,2559,0,1,1,1,1,1,16456,7668,2928,-205,-135,240
F,1,1213,1523,816,244,2583,0,1,1,1,1,1,16072,7804,3376,-699,-173,-156
F,1,1242,1515,813,243,2591,0,1,1,1,1,1,16508,7464,3788,-405,-502,286
F,1,1221,1525,809,239,2559,0,1,1,1,1,1,16160,7856,3176,-425,-113,166
F,1,1198,1535,787,249,2595,0,1,1,1,1,1,16228,7368,3688,-660,-541,119
F,1,1217,1535,819,253,2549,0,1,1,1,1,1,16152,7756,3424,-324,108,104
F,1,1233,1535,807,244,2559,0,1,1,1,1,1,16220,7440,3352,-650,-576,140
F,1,1227,1554,800,257,2589,0,1,1,1,1,1,16356,7556,3296,-458,-71,45
F,1,1207,1527,819,246,2609,0,1,1,1,1,1,16292,7616,3380,-494,-370,251
F,1,1247,1518,810,259,2559,0,1,1,1,1,1,16368,7752,3112,-494,-34,163
F,1,1238,1535,757,262,2597,0,1,1,1,1,1,16124,7280,3584,-808,-390,36
F,1,1210,1535,805,230,2597,0,1,1,1,1,1,16200,7584,3372,-160,-1,185
F,1,1191,1535,799,226,2559,0,1,1,1,1,1,16012,7556,3376,-809,-412,31
F,1,1241,1535,778,275,2559,0,1,1,1,1,1,16296,7284,3548,-312,-170,146
F,1,1218,1521,816,234,2593,0,1,1,1,1,1,16108,7704,3268,-636,-242,34
F,1,1222,1535,802,259,2559,0,1,1,1,1,1,16284,7708,3372,-339,-392,399
F,1,1235,1535,806,249,2587,0,1,1,1,1,1,16212,7612,3284,-713,-174,31
F,1,1237,1522,801,239,2595,0,1,1,1,1,1,16192,7260,3468,-389,-423,132
F,1,1211,1535,797,272,2559,0,1,1,1,1,1,16156,7644,3380,-792,89,-102
F,1,1230,1520,797,272,2559,0,1,1,1,1,1,15860,7680,3336,-648,-405,144
F,1,1225,1554,816,253,2584,0,1,1,1,1,1,16304,7540,3328,-417,-52,181
F,1,1216,1527,813,233,2587,0,1,1,1,1,1,16348,7568,3524,-639,-358,22
F,1,1232,1512,842,242,2595,0,1,1,1,1,1,16164,7704,3736,-439,-112,56
F,1,1242,1515,793,245,2599,0,1,1,1,1,1,16148,7472,3316,-417,-396,235
G,1,385,560,464,0,2630,0,1,1,1,1,0,17940,3400,-2436,30,-404,273
G,1,363,591,395,0,2607,0,1,1,1,1,0,17640,3160,-3212,-914,390,-2
G,1,368,586,442,0,2661,0,1,1,1,1,0,17708,3560,-1920,-659,-878,360
G,1,349,581,432,0,2612,0,1,1,1,1,0,17840,3996,-2348,-585,22,-146
G,1,333,603,430,0,2611,0,1,1,1,1,0,17736,3844,-2320,-459,-90,322
G,1,337,575,452,0,2612,0,1,1,1,1,0,17900,3892,-2340,-559,-52,122
G,1,313,567,453,0,2613,0,1,1,1,1,0,17744,3428,-2012,-855,-57,267
G,1,382,604,399,0,2627,0,1,1,1,1,0,17684,3916,-2112,-576,237,229
G,1,337,624,425,0,2624,0,1,1,1,1,0,17792,3404,-2080,-890,-937,305
G,1,336,588,435,0,2605,0,1,1,1,1,0,17728,3768,-2060,-652,296,-114
G,1,367,590,457,0,2594,0,1,1,1,1,0,17912,3572,-2012,-822,-1206,229
G,1,343,579,434,0,2605,0,1,1,1,1,0,17952,3372,-2356,-467,278,-111
G,1,320,617,454,0,2623,0,1,1,1,1,0,17632,4116,-2112,-1243,-499,229
G,1,339,578,466,0,2608,0,1,1,1,1,0,17980,3660,-1764,-433,-99,-70
G,1,372,595,409,0,2599,0,1,1,1,1,0,17648,3932,-2344,-777,-115,372
G,1,303,607,395,0,2637,0,1,1,1,1,0,17980,3544,-1752,-988,-841,140
G,1,308,613,440,0,2629,0,1,1,1,1,0,18052,3780,-1980,-605,-353,-151
G,1,325,574,437,0,2599,0,1,1,1,1,0,17748,3976,-2356,-413,-751,176
G,1,339,597,405,0,2599,0,1,1,1,1,0,17816,3700,-2172,-890,-657,-98
G,1,298,586,453,0,2623,0,1,1,1,1,0,17596,3672,-2640,-278,-325,100
G,1,325,573,405,0,2605,0,1,1,1,1,0,17648,3764,-2612,-708,-616,159
G,1,319,599,393,0,2605,0,1,1,1,1,0,17772,3628,-2592,-749,-462,66
G,1,314,602,400,0,2633,0,1,1,1,1,0,17596,3876,-2588,-382,28,46
G,1,337,583,454,0,2622,0,1,1,1,1,0,17884,3872,-2492,-1104,-395,154
G,1,362,621,421,0,2608,0,1,1,1,1,0,17632,3624,-2344,177,-295,-123
G,1,350,583,448,0,2619,0,1,1,1,1,0,17792,4076,-2644,-1477,-68,351
G,1,336,624,406,0,2633,0,1,1,1,1,0,17800,4720,-1728,564,-1723,196
G,1,354,576,479,0,2594,0,1,1,1,1,0,17980,3740,-2536,-1534,403,589
G,1,333,611,396,0,2613,0,1,1,1,1,0,17668,3232,-2824,-213,-36,-118
G,1,339,589,417,0,2627,0,1,1,1,1,0,17988,4324,-1684,-663,-240,216
G,1,322,560,464,0,2605,0,1,1,1,1,0,17788,3360,-2544,-635,-189,-43
G,1,361,573,448,0,2598,0,1,1,1,1,0,17940,4064,-2140,-38,-308,116
G,1,364,624,395,0,2639,0,1,1,1,1,0,17660,3668,-2664,-809,169,59
G,1,314,579,459,0,2615,0,1,1,1,1,0,17700,3552,-1892,-213,-372,257
G,1,363,593,418,0,2597,0,1,1,1,1,0,17580,3632,-2488,-769,-52,174
G,1,309,626,417,0,2607,0,1,1,1,1,0,17692,3728,-2352,264,-445,319
G,1,353,590,439,0,2624,0,1,1,1,1,0,17812,3852,-2304,-895,93,169
G,1,386,564,451,0,2587,0,1,1,1,1,0,17844,3200,-1956,158,-539,82
G,1,348,592,415,0,2615,0,1,1,1,1,0,17840,4208,-1776,-577,502,98
G,1,278,622,393,0,2623,0,1,1,1,1,0,17816,3064,-2144,-482,-555,415
G,1,317,602,402,0,2615,0,1,1,1,1,0,17776,3368,-2480,-159,-308,-203
G,1,351,579,419,0,2598,0,1,1,1,1,0,17416,4060,-2864,-508,26,-260
G,1,283,597,427,0,2627,0,1,1,1,1,0,17884,3828,-2188,-181,-62,380
G,1,339,592,464,0,2622,0,1,1,1,1,0,17968,3544,-2008,-869,-110,151
G,1,375,558,477,0,2583,0,1,1,1,1,0,17880,3068,-2188,62,-674,3
G,1,351,613,409,0,2634,0,1,1,1,1,0,17904,3520,-2428,-886,-185,-222
G,1,315,579,439,0,2624,0,1,1,1,1,0,17468,3812,-2892,-965,-214,-116
G,1,352,579,448,0,2611,0,1,1,1,1,0,17832,4316,-2204,-270,333,135
G,1,361,589,427,0,2625,0,1,1,1,1,0,17432,3664,-2740,-1329,706,199
G,1,313,625,421,0,2621,0,1,1,1,1,0,17960,4036,-1648,-209,293,431
G,1,287,587,459,0,2611,0,1,1,1,1,0,18032,3336,-1704,-914,169,395
G,1,339,592,465,0,2608,0,1,1,1,1,0,17956,3336,-1420,175,-450,180
G,1,336,624,389,0,2640,0,1,1,1,1,0,18068,3360,-2136,-1059,-456,-279
G,1,340,585,426,0,2610,0,1,1,1,1,0,17700,3272,-2156,438,-79,-657
G,1,338,603,430,0,2609,0,1,1,1,1,0,18020,4676,-1916,-534,-294,-90
G,1,338,620,418,0,2594,0,1,1,1,1,0,17608,3512,-2248,-480,-406,101
G,1,359,589,411,0,2613,0,1,1,1,1,0,17764,3868,-2024,-603,-485,65
G,1,336,600,454,0,2608,0,1,1,1,1,0,17784,3580,-2200,-788,674,-18
G,1,349,581,432,0,2601,0,1,1,1,1,0,17808,3408,-2176,105,-1141,-164
G,1,320,635,415,0,2616,0,1,1,1,1,0,17912,4368,-1880,-1189,-102,15
G,1,351,592,420,0,2606,0,1,1,1,1,0,17736,4308,-1496,-58,-88,210
G,1,385,585,393,0,2608,0,1,1,1,1,0,17668,3372,-2388,-721,-664,304
G,1,305,612,479,0,2606,0,1,1,1,1,0,17800,3640,-2348,-391,-558,124
G,1,322,599,445,0,2624,0,1,1,1,1,0,17748,3460,-2892,-1114,716,-15
G,1,308,613,431,0,2583,0,1,1,1,1,0,17740,4048,-2172,35,-640,-212
G,1,352,595,448,0,2594,0,1,1,1,1,0,18152,4336,-1252,-1155,486,233
G,1,315,570,432,0,2627,0,1,1,1,1,0,17672,3636,-1936,34,-639,109
G,1,321,594,442,0,2622,0,1,1,1,1,0,17620,3964,-2424,-669,125,148
G,1,347,587,429,0,2605,0,1,1,1,1,0,17600,3112,-2848,-551,1011,438
G,1,299,605,398,0,2599,0,1,1,1,1,0,17916,3288,-2512,-816,-105,467
G,1,320,621,436,0,2623,0,1,1,1,1,0,17872,3576,-1612,-935,732,72
G,1,338,593,423,0,2587,0,1,1,1,1,0,17960,4152,-1284,47,-967,205
G,1,321,583,438,0,2608,0,1,1,1,1,0,17864,3804,-1848,-402,-244,23
G,1,288,594,453,0,2605,0,1,1,1,1,0,17772,3544,-2460,-253,-577,-88
G,1,336,558,415,0,2608,0,1,1,1,1,0,17620,3672,-2512,-754,41,-63
G,1,315,587,432,0,2626,0,1,1,1,1,0,17624,3796,-2264,-490,-227,-43
G,1,336,607,438,0,2624,0,1,1,1,1,0,17656,4188,-1952,-742,-165,280
G,1,330,590,439,0,2608,0,1,1,1,1,0,17848,3408,-1936,-685,-240,193
G,1,371,577,457,0,2559,0,1,1,1,1,0,17940,3628,-1996,-296,76,-4
G,1,330,613,402,0,2633,0,1,1,1,1,0,17812,4084,-1904,-987,-405,189
G,1,283,598,455,0,2617,0,1,1,1,1,0,17784,4000,-2312,-237,69,248
G,1,362,569,431,0,2608,0,1,1,1,1,0,17612,3764,-2156,-668,-164,328
G,1,352,607,386,0,2606,0,1,1,1,1,0,17708,3380,-1984,-653,-23,261
G,1,343,579,450,0,2631,0,1,1,1,1,0,17820,3636,-1776,-554,-108,141
G,1,295,602,430,0,2640,0,1,1,1,1,0,17996,3672,-1520,-508,14,-48
G,1,331,589,466,0,2625,0,1,1,1,1,0,18088,3732,-1412,-943,-31,-270
G,1,337,576,432,0,2613,0,1,1,1,1,0,17988,4100,-1368,-503,-522,-39
G,1,340,592,446,0,2615,0,1,1,1,1,0,17928,3928,-2028,-280,-594,48
G,1,359,582,403,0,2559,0,1,1,1,1,0,17744,3864,-2296,-784,-464,98
G,1,369,622,430,0,2632,0,1,1,1,1,0,17580,4276,-1920,-813,76,160
G,1,317,592,469,0,2629,0,1,1,1,1,0,17764,3668,-1904,-739,-57,405
G,1,336,590,393,0,2624,0,1,1,1,1,0,17976,3628,-1672,-735,-293,274
G,1,330,621,432,0,2612,0,1,1,1,1,0,17744,3640,-2176,-1262,-98,379
G,1,318,606,432,0,2608,0,1,1,1,1,0,17924,3564,-1336,36,60,-143
G,1,295,562,405,0,2585,0,1,1,1,1,0,17804,4024,-1544,-1162,535,199
G,1,341,592,419,0,2617,0,1,1,1,1,0,17808,3792,-1080,-220,-743,-30
G,1,336,594,432,0,2614,0,1,1,1,1,0,17880,3668,-1828,-187,-249,-33
G,1,331,584,459,0,2614,0,1,1,1,1,0,17656,3628,-2308,-152,-1048,-52
G,1,398,574,430,0,2597,0,1,1,1,1,0,17896,3852,-2252,-687,-29,-82
G,1,333,624,400,0,2617,0,1,1,1,1,0,17836,3824,-1588,-556,-223,196
G,1,296,592,425,0,2611,0,1,1,1,1,0,17944,3884,-1276,-330,-360,152
G,1,350,594,415,0,2601,0,1,1,1,1,0,17880,3572,-1836,-829,-104,94
G,1,357,592,404,0,2605,0,1,1,1,1,0,17572,3444,-2228,-502,-766,124
G,1,313,621,409,0,2621,0,1,1,1,1,0,17920,4120,-1540,-268,-25,72
G,1,298,618,399,0,2604,0,1,1,1,1,0,17716,3588,-2000,-856,-747,386
G,1,330,592,451,0,2593,0,1,1,1,1,0,17924,3672,-1708,-192,238,-12
G,1,278,637,407,0,2640,0,1,1,1,1,0,17828,4104,-1992,-757,-348,274
G,1,333,592,431,0,2598,0,1,1,1,1,0,17880,3732,-1748,-69,-355,280
G,1,350,585,447,0,2612,0,1,1,1,1,0,17696,3768,-2224,-683,95,313
G,1,321,624,423,0,2610,0,1,1,1,1,0,17640,3808,-1772,-326,-73,338
G,1,299,592,457,0,2608,0,1,1,1,1,0,17868,3480,-2104,-740,307,159
G,1,358,592,477,0,2605,0,1,1,1,1,0,17680,3864,-1292,-577,467,191
G,1,350,601,404,0,2598,0,1,1,1,1,0,18040,3764,-988,-772,-586,371
G,1,326,606,432,0,2609,0,1,1,1,1,0,17948,3172,-1848,-171,-365,-174
G,1,318,563,467,0,2636,0,1,1,1,1,0,18176,3984,-988,-757,-1072,254
G,1,336,587,547,410,2593,0,1,1,1,1,0,17712,3172,-2080,-389,-740,-259
G,1,337,579,480,436,2616,0,1,1,1,1,0,17788,3744,-2256,-550,-927,-302
G,1,317,597,494,410,2629,0,1,1,1,1,0,17480,3912,-2668,-843,-746,-261
G,1,367,570,471,449,2608,0,1,1,1,1,0,17672,4060,-1776,-515,-457,32
G,1,383,577,499,436,2595,0,1,1,1,1,0,17972,3288,-2588,-407,-1778,-174
G,1,334,622,485,420,2630,0,1,1,1,1,0,17676,4040,-2532,-237,-134,-114
G,1,318,589,502,403,2599,0,1,1,1,1,0,17788,3296,-2228,-521,-1581,-248
G,1,350,593,503,420,2608,0,1,1,1,1,0,17676,4732,-2588,-643,629,152
G,1,337,592,481,441,2601,0,1,1,1,1,0,17376,3524,-2452,-976,-966,259
G,1,336,605,485,449,2595,0,1,1,1,1,0,17824,3828,-2952,23,924,23
G,1,334,592,477,428,2599,0,1,1,1,1,0,17616,3836,-2316,-852,-344,205
G,1,336,609,464,438,2622,0,1,1,1,1,0,17824,4188,-2040,-198,351,45
G,1,320,590,497,423,2611,0,1,1,1,1,0,17844,3752,-2388,-946,-103,174
G,1,336,594,455,432,2585,0,1,1,1,1,0,17800,3456,-2204,-39,154,-132
G,1,326,625,458,462,2602,0,1,1,1,1,0,17372,4064,-2288,-1007,166,-48
G,1,321,618,472,421,2640,0,1,1,1,1,0,17932,4440,-1084,-337,-249,207
G,1,340,566,511,432,2613,0,1,1,1,1,0,17576,4120,-2060,-724,-667,452
G,1,361,589,494,441,2602,0,1,1,1,1,0,17804,3392,-2156,-838,-769,416
G,1,361,591,507,450,2631,0,1,1,1,1,0,17848,3648,-2272,-284,548,-53
G,1,326,597,464,475,2593,0,1,1,1,1,0,17908,4076,-1440,-87,-914,386
G,1,334,559,472,432,2608,0,1,1,1,1,0,17736,3832,-2204,-700,-960,549
G,1,349,598,454,468,2613,0,1,1,1,1,0,17640,2628,-2672,-317,-923,-133
G,1,305,623,445,457,2629,0,1,1,1,1,0,17624,4056,-2560,-754,271,-497
G,1,330,618,459,460,2608,0,1,1,1,1,0,17656,3664,-1984,-97,-806,228
G,1,366,586,448,499,2559,0,1,1,1,1,0,17784,4036,-2588,-408,-652,78
G,1,321,592,439,485,2624,0,1,1,1,1,0,17608,3624,-2972,-280,-359,-125
G,1,323,599,465,464,2611,0,1,1,1,1,0,17744,4712,-2968,-438,185,-88
G,1,349,592,454,466,2608,0,1,1,1,1,0,17796,2096,-2568,-957,363,261
G,1,336,599,465,506,2611,0,1,1,1,1,0,17632,3588,-2244,-362,602,-171
G,1,302,620,458,467,2641,0,1,1,1,1,0,17936,4476,-1200,-773,156,-108
G,1,331,587,449,496,2598,0,1,1,1,1,0,17556,4152,-2160,319,89,-1
G,1,343,594,454,462,2599,0,1,1,1,1,0,17788,4704,-2012,-613,-126,560
G,1,346,599,461,475,2622,0,1,1,1,1,0,17852,3304,-2508,-993,379,587
G,1,375,588,432,457,2613,0,1,1,1,1,0,18080,3152,-1420,-490,272,29
G,1,321,601,479,454,2610,0,1,1,1,1,0,17800,3360,-1396,-1222,44,61
G,1,335,592,442,503,2614,0,1,1,1,1,0,18028,3852,-1188,23,-923,-492
G,1,326,593,474,452,2611,0,1,1,1,1,0,17416,4576,-2408,-511,211,-382
G,1,363,576,478,487,2596,0,1,1,1,1,0,17604,4860,-1584,316,-1085,126
G,1,373,604,469,464,2594,0,1,1,1,1,0,17848,3700,-2596,-711,-456,648
G,1,311,619,427,501,2608,0,1,1,1,1,0,17668,3124,-2404,-383,-736,-77
G,1,321,560,500,483,2605,0,1,1,1,1,0,18092,4128,-1268,-39,142,-237
G,1,359,594,458,496,2608,0,1,1,1,1,0,17576,3908,-1424,-20,-1617,-24
G,1,329,637,464,448,2608,0,1,1,1,1,0,17940,4304,-1936,171,-1300,48
G,1,310,610,463,477,2630,0,1,1,1,1,0,17596,3700,-2940,-414,-1193,330
G,1,359,576,442,458,2602,0,1,1,1,1,0,17468,3772,-3312,-86,-1115,-105
G,1,321,592,470,495,2634,0,1,1,1,1,0,17664,3752,-2948,-1116,28,-319
G,1,320,607,440,485,2621,0,1,1,1,1,0,17496,4500,-2168,-146,-654,-179
G,1,361,569,479,510,2608,0,1,1,1,1,0,17668,4920,-2436,-201,-145,205
G,1,320,602,386,534,2601,0,1,1,1,1,0,17456,3984,-2808,138,-1035,839
G,1,322,605,413,486,2597,0,1,1,1,1,0,17676,3252,-3372,-905,157,521
G,1,331,574,493,489,2603,0,1,1,1,1,0,17444,3108,-3260,-990,253,57
G,1,359,583,449,499,2596,0,1,1,1,1,0,17980,4472,-1956,-747,810,-98
G,1,337,609,430,503,2618,0,1,1,1,1,0,17672,4232,-1852,-713,-261,252
G,1,281,612,441,481,2608,0,1,1,1,1,0,17924,4240,-2324,219,-466,226
G,1,348,565,462,524,2583,0,1,1,1,1,0,17628,3704,-2668,-485,-1080,318
G,1,333,639,417,511,2588,0,1,1,1,1,0,17840,2972,-3112,-430,-473,-138
G,1,329,614,446,476,2634,0,1,1,1,1,0,17512,4168,-2232,-215,-607,-376
G,1,342,586,478,465,2627,0,1,1,1,1,0,17644,4520,-3264,-151,-1906,603
G,1,357,588,443,549,2597,0,1,1,1,1,0,17584,3000,-3512,-920,469,12
G,1,322,610,448,471,2629,0,1,1,1,1,0,17780,4176,-2004,-959,-62,-62
G,1,339,590,462,486,2611,0,1,1,1,1,0,17772,3664,-1920,-782,-441,-219
G,1,368,589,451,511,2584,0,1,1,1,1,0,17800,4364,-2092,-412,-1290,8
G,1,320,611,436,496,2640,0,1,1,1,1,0,17564,3856,-2876,-903,-681,311
G,1,300,602,477,469,2653,0,1,1,1,1,0,17448,3600,-3404,328,-950,-183
G,1,336,589,445,498,2598,0,1,1,1,1,0,17436,4164,-3176,-669,-663,157
G,1,365,591,457,496,2594,0,1,1,1,1,0,17540,3636,-3664,-663,-958,368
G,1,352,592,447,491,2614,0,1,1,1,1,0,17536,3232,-4184,-1336,203,-114
G,1,304,603,444,464,2595,0,1,1,1,1,0,17860,3988,-2300,-918,2,-368
G,1,329,609,464,532,2598,0,1,1,1,1,0,17588,4776,-2072,-783,-33,-134
G,1,320,606,442,485,2622,0,1,1,1,1,0,17464,4100,-2348,-412,-849,172
G,1,342,590,452,475,2614,0,1,1,1,1,0,17440,4532,-2912,-524,-1054,455
G,1,363,588,464,494,2614,1,1,1,1,1,0,17388,3404,-3892,-305,-317,197
G,1,317,640,381,543,2604,1,1,1,1,1,0,17556,3836,-3188,-881,-228,162
G,1,304,585,471,464,2620,1,1,1,1,1,0,17664,3728,-3264,-467,-72,-176
G,1,350,576,461,496,2621,1,1,1,1,1,0,17680,3776,-2880,-242,-449,-311
G,1,343,619,421,528,2607,1,1,1,1,1,0,17428,4632,-3324,-497,-86,-294
G,1,338,592,464,490,2609,1,1,1,1,1,0,17320,4688,-2924,-200,-326,194
G,1,376,586,462,491,2629,1,1,1,1,1,0,17464,4376,-3272,-422,-385,676
G,1,379,564,462,498,2615,1,1,1,1,1,0,17556,3584,-3300,-427,-489,672
G,1,358,595,469,502,2618,1,1,1,1,1,0,17656,3520,-3200,-1108,-316,246
G,1,368,574,426,499,2624,1,1,1,1,1,0,17492,4120,-2984,-598,-490,-6
G,1,337,596,453,493,2613,1,1,1,1,1,0,17648,4440,-2984,-1161,-381,470
G,1,389,592,421,482,2629,1,1,1,1,1,0,17352,4120,-3512,-1254,106,330
G,1,345,589,496,477,2610,1,1,1,1,1,0,17732,3812,-3328,-1332,-518,799
G,1,351,570,485,494,2608,1,1,1,1,1,0,17100,3324,-4500,-1540,74,304
G,1,330,623,455,426,2614,1,1,1,1,1,0,18472,2080,-848,-1452,-207,-201
G,1,369,580,528,421,2617,1,1,1,1,1,0,18040,2456,-296,-628,-195,-197
G,1,336,617,441,432,2601,1,1,1,1,1,0,18368,2348,-396,-578,-554,-404
G,1,352,586,455,475,2633,1,1,1,1,1,0,18180,2736,-644,-984,-1066,-246
G,1,330,595,446,436,2612,1,1,1,1,1,0,18060,1964,-1184,-5,-763,-674
G,1,346,610,447,429,2621,1,1,1,1,1,0,18120,2748,-1300,-1065,-613,-532
G,1,342,625,463,426,2609,1,1,1,1,1,0,18276,3132,-940,395,-438,-613
G,1,318,592,460,423,2631,1,1,1,1,1,0,18048,3040,-1344,-700,-367,-216
G,1,325,615,442,434,2656,1,1,1,1,1,0,18064,3212,-900,-67,-449,-107
G,1,355,626,433,413,2613,1,1,1,1,1,0,18096,2608,-708,-718,-726,144
G,1,359,603,463,432,2621,1,1,1,1,1,0,17940,3208,-1516,294,-1156,-114
G,1,367,591,464,432,2621,1,1,1,1,1,0,18096,2636,-1624,-865,-410,194
G,1,340,622,485,414,2618,1,1,1,1,1,0,17944,3044,-992,75,-220,24
G,1,375,606,447,468,2593,1,1,1,1,1,0,18168,2616,-1820,227,416,583
G,1,346,582,429,467,2609,1,1,1,1,1,0,18140,3168,-1044,-155,-344,628
G,1,337,609,476,432,2629,1,1,1,1,1,0,18080,2608,-972,-945,59,629
G,1,380,596,482,423,2635,1,1,1,1,1,0,17720,2744,-1936,-476,-494,-214
G,1,359,610,438,458,2598,1,1,1,1,1,0,18196,2776,-1636,-841,405,276
G,1,337,599,459,450,2633,1,1,1,1,1,0,17964,2724,-1420,-466,-353,-109
G,1,324,594,448,434,2601,1,1,1,1,1,0,18196,2868,-876,-715,67,218
G,1,352,593,451,461,2590,1,1,1,1,1,0,18120,2584,-944,-118,-417,-89
G,1,362,625,425,434,2627,1,1,1,1,1,0,18236,2836,-1184,-445,-229,34
G,1,357,609,459,423,2602,1,1,1,1,1,0,18012,2908,-1376,-701,42,-23
G,1,312,605,499,432,2594,1,1,1,1,1,0,18088,2992,-1204,141,-351,168
G,1,375,595,451,435,2610,1,1,1,1,1,0,17856,3220,-1976,-323,264,400
G,1,336,623,446,431,2635,1,1,1,1,1,0,18072,2784,-1216,-704,329,489
G,1,350,607,431,417,2598,1,1,1,1,1,0,18156,2924,-712,-1486,-390,229
G,1,343,592,486,437,2637,1,1,1,1,1,0,18472,2224,-420,-525,-283,564
G,1,352,599,486,443,2631,1,1,1,1,1,0,18280,1928,-688,-805,-1024,-120
G,1,351,597,480,437,2624,1,1,1,1,1,0,17928,2856,-1292,-254,-426,-478
G,1,330,644,452,447,2610,1,1,1,1,1,0,17820,3044,-1944,-1441,-901,-179
G,1,317,629,441,432,2616,1,1,1,1,1,0,17944,2920,-1548,-338,285,-119
G,1,337,621,446,439,2623,1,1,1,1,1,0,18480,2256,-736,-1978,-1169,309
G,1,325,615,455,455,2615,1,1,1,1,1,0,18172,2320,-1756,-76,184,-502
G,1,348,618,443,447,2609,1,1,1,1,1,0,18204,3304,-804,-976,-728,-501
G,1,358,593,463,485,2614,1,1,1,1,1,0,17732,3660,-1528,-311,34,-75
G,1,384,621,436,458,2605,1,1,1,1,1,0,17960,2808,-928,353,-624,80
G,1,339,613,451,450,2608,1,1,1,1,1,0,17920,2844,-1716,-666,-524,71
G,1,335,630,436,429,2635,1,1,1,1,1,0,17856,2752,-1608,-337,-245,-89
G,1,326,606,460,432,2627,1,1,1,1,1,0,18132,3164,-1308,-364,-575,13
G,1,339,583,431,452,2637,1,1,1,1,1,0,18048,3400,-1340,-746,-303,78
G,1,342,606,464,449,2640,1,1,1,1,1,0,18208,2744,-1220,-420,-447,30
G,1,351,615,439,437,2598,1,1,1,1,1,0,18140,3132,-1460,-414,-608,-147
G,1,309,627,447,451,2608,1,1,1,1,1,0,17824,3592,-1888,-75,-460,57
G,1,355,605,465,464,2606,1,1,1,1,1,0,17852,3296,-1700,-820,-344,-19
G,1,308,634,422,411,2625,1,1,1,1,1,0,17880,3016,-1564,-512,-273,109
G,1,343,635,431,445,2635,1,1,1,1,1,0,18168,3492,-1212,-361,-229,199
G,1,346,607,435,471,2608,1,1,1,1,1,0,17940,2760,-1628,-394,-679,181
G,1,336,597,427,483,2636,1,1,1,1,1,0,18108,2796,-1792,-203,-340,-113
G,1,336,619,484,402,2637,1,1,1,1,1,0,17912,3120,-1668,-573,-290,19
G,1,342,589,489,417,2624,1,1,1,1,1,0,17972,3132,-1628,-570,-292,44
G,1,349,629,438,496,2599,1,1,1,1,1,0,17948,3476,-1352,-597,-90,18
G,1,325,624,404,441,2622,1,1,1,1,1,0,18232,3156,-1480,-669,-557,-23
G,1,325,624,455,450,2623,1,1,1,1,1,0,17872,3068,-1832,-340,98,-41
G,1,352,617,444,459,2608,1,1,1,1,1,0,17976,3264,-1640,-892,-455,137
G,1,334,630,444,447,2628,1,1,1,1,1,0,18136,3104,-1616,-206,77,-37
G,1,326,611,459,429,2627,1,1,1,1,1,0,17892,3164,-1520,-610,-325,124
G,1,333,587,528,414,2606,1,1,1,1,1,0,18012,3000,-1592,-465,-28,118
G,1,357,609,473,438,2623,1,1,1,1,1,0,17952,3180,-1456,-440,-184,15
G,1,326,612,464,425,2631,1,1,1,1,1,0,18012,3484,-1640,-471,-166,145
G,1,359,573,477,395,2630,1,1,1,1,1,0,18032,3172,-1676,-51,-43,173
G,1,337,607,471,439,2624,1,1,1,1,1,0,18112,3268,-1280,-512,-540,327
G,1,338,630,424,451,2610,1,1,1,1,1,0,17984,2628,-1760,-255,-480,135
G,1,346,608,448,421,2608,1,1,1,1,1,0,18056,2984,-1712,-524,-349,-153
G,1,340,606,471,446,2607,1,1,1,1,1,0,17824,3288,-1368,-888,-208,-27
G,1,404,618,463,464,2622,1,1,1,1,1,0,18108,3648,-1196,-169,-389,101
G,1,333,635,451,419,2640,1,1,1,1,1,0,18036,3316,-1740,-748,10,110
G,1,341,594,461,409,2624,1,1,1,1,1,0,18032,3128,-1520,-376,-489,215
G,1,359,640,421,445,2618,1,1,1,1,1,0,17964,3340,-1524,-673,176,107
G,1,332,615,432,439,2627,1,1,1,1,1,0,17828,3196,-1356,-543,-424,156
G,1,385,602,471,424,2613,1,1,1,1,1,0,17936,3216,-1660,-390,-186,175
G,1,379,595,464,449,2603,1,1,1,1,1,0,17872,2808,-1772,-673,-236,30
G,1,340,623,416,466,2641,1,1,1,1,1,0,18008,3472,-1532,-399,-17,56
G,1,352,598,477,418,2651,1,1,1,1,1,0,17940,3368,-1356,-1024,-150,114
G,1,360,604,448,429,2629,1,1,1,1,1,0,18036,3088,-1480,-428,-496,134
G,1,381,603,442,442,2611,1,1,1,1,1,0,18044,3216,-1484,-690,17,56
G,1,343,594,460,448,2618,1,1,1,1,1,0,17900,3272,-1388,-504,-517,179
G,1,323,627,466,422,2618,1,1,1,1,1,0,17996,3008,-1536,-489,-46,163
G,1,369,600,442,432,2619,1,1,1,1,1,0,17732,3124,-1736,-370,-368,-31
G,1,343,639,423,417,2631,1,1,1,1,1,0,18224,3240,-1428,-648,-266,210
G,1,368,607,497,421,2647,1,1,1,1,1,0,18016,3356,-1684,-700,44,12
G,1,368,608,458,443,2617,1,1,1,1,1,0,18224,3204,-1172,-265,-384,168
G,1,333,621,450,410,2605,1,1,1,1,1,0,17804,3132,-1528,-659,-8,72
G,1,336,624,464,426,2608,1,1,1,1,1,0,17976,3136,-1336,-512,-535,48
G,1,369,591,458,403,2609,1,1,1,1,1,0,18012,3512,-1520,-293,-167,39
G,1,311,586,475,450,2603,1,1,1,1,1,0,17892,3064,-1320,-875,-407,125
G,1,343,625,457,403,2617,1,1,1,1,1,0,18072,3564,-1160,-59,-35,-68
G,1,335,594,490,415,2599,1,1,1,1,1,0,17872,3268,-1840,-1385,-775,365
G,1,344,605,449,447,2619,1,1,1,1,1,0,18092,3316,-1632,-240,-244,23
G,1,365,598,464,436,2606,1,1,1,1,1,0,17728,3624,-1732,-1304,324,90
G,1,370,592,496,402,2619,1,1,1,1,1,0,17704,4104,-1308,456,-63,608
G,1,340,637,433,442,2614,1,1,1,1,1,0,18108,2992,-1388,153,140,926
G,1,326,603,462,450,2635,1,1,1,1,1,0,18216,2904,-1696,364,-114,345
G,1,332,606,455,415,2634,1,1,1,1,1,0,18116,3180,-1916,716,440,469
G,1,356,595,483,432,2612,1,1,1,1,1,0,18288,3116,-1844,179,748,558
G,1,340,596,464,417,2629,1,1,1,1,1,0,18152,2336,-1096,254,1161,368
G,1,317,633,454,430,2599,1,1,1,1,1,0,18132,2820,-408,-832,769,263
G,1,311,635,464,439,2609,1,1,1,1,1,0,18204,3000,-476,235,586,70
G,1,371,607,464,436,2619,1,1,1,1,1,0,18012,2812,-956,-759,-222,129
G,1,343,649,419,469,2617,1,1,1,1,1,0,18116,3116,-1124,164,141,-87
G,1,336,592,486,429,2622,1,1,1,1,1,0,18556,2632,-888,-1703,-40,6
G,1,324,608,511,416,2630,1,1,1,1,1,0,17760,2864,-2340,-220,623,64
G,1,343,640,483,443,2599,1,1,1,1,1,0,18532,2328,-324,-848,405,291
G,1,350,628,432,447,2623,1,1,1,1,1,0,18144,2800,-100,-35,662,-147
G,1,336,599,458,400,2613,1,1,1,1,1,0,18124,2920,-160,-1001,101,150
G,1,330,612,444,435,2608,1,1,1,1,1,0,18152,2896,-272,-61,-187,-68
G,1,349,623,425,438,2608,1,1,1,1,1,0,18044,3632,-396,-450,170,392
G,1,367,615,443,410,2634,1,1,1,1,1,0,18216,2936,-516,-273,357,611
G,1,368,594,490,432,2610,1,1,1,1,1,0,18324,2816,-152,-495,-72,561
G,1,364,639,442,466,2595,1,1,1,1,1,0,18184,2624,-344,-431,193,586
G,1,354,579,475,422,2641,1,1,1,1,1,0,18292,2576,-320,-771,-186,342
G,1,363,627,463,451,2593,1,1,1,1,1,0,18100,2576,44,-575,391,52
G,1,354,597,471,454,2609,1,1,1,1,1,0,18160,2508,160,-541,-725,66
G,1,363,612,455,438,2622,1,1,1,1,1,0,18308,2976,-428,-33,-248,-101
G,1,360,599,500,418,2604,1,1,1,1,1,0,18148,2696,-280,-678,-458,49
G,1,341,641,451,453,2607,1,1,1,1,1,0,18048,2972,-124,-190,-509,-54
G,1,351,621,446,445,2603,1,1,1,1,1,0,18092,2588,-740,-734,29,186
G,1,322,609,483,427,2619,1,1,1,1,1,0,17948,2804,-612,-571,-581,-37
G,1,336,623,459,439,2618,1,1,1,1,1,0,18280,2916,80,-326,-18,218
G,1,352,633,423,483,2606,1,1,1,1,1,0,18056,2704,-132,-1010,-915,-137
G,1,315,640,502,431,2640,1,1,1,1,1,0,18264,2864,-348,-283,-240,-24
G,1,338,592,497,445,2627,1,1,1,1,1,0,18184,2656,-708,-898,-512,-94
G,1,363,618,432,446,2608,1,1,1,1,1,0,18060,2936,-392,-422,-41,-95
G,1,352,624,423,451,2611,1,1,1,1,1,0,17920,3000,-384,-625,-541,151
G,1,343,610,449,442,2597,1,1,1,1,1,0,18036,3072,-304,-564,-263,122
G,1,344,605,455,444,2615,1,1,1,1,1,0,18052,2544,-776,-630,-382,-16
G,1,333,595,454,459,2608,1,1,1,1,1,0,18172,3168,-644,-905,47,70
G,1,334,621,436,449,2608,1,1,1,1,1,0,18208,3292,-356,-599,78,110
G,1,350,615,477,424,2623,1,1,1,1,1,0,18052,3004,-248,-717,-64,361
G,1,397,606,488,429,2609,1,1,1,1,1,0,18096,2604,-116,-500,120,246
G,1,367,639,368,433,2640,1,1,1,1,1,0,18128,2660,-200,-666,-142,201
G,1,304,613,462,409,2601,1,1,1,1,1,0,18392,2692,-8,-284,48,201
G,1,368,601,461,446,2606,1,1,1,1,1,0,18116,2948,-56,-853,-298,135
G,1,345,615,436,448,2617,1,1,1,1,1,0,18276,2928,216,-380,-292,40
G,1,317,622,422,449,2633,1,1,1,1,1,0,18156,2620,-272,-633,-536,2
G,1,353,630,453,432,2608,1,1,1,1,1,0,18024,2756,-792,-780,-441,54
G,1,386,642,446,441,2606,1,1,1,1,1,0,17996,2696,-244,-505,-188,-4
G,1,326,645,464,421,2627,1,1,1,1,1,0,18324,2984,-1480,-835,-137,44
G,1,317,640,503,404,2635,1,1,1,1,1,0,18236,3012,236,-11,-403,-80
G,1,383,589,443,432,2607,1,1,1,1,1,0,18076,3040,-508,-566,-607,64
G,1,355,643,439,415,2640,1,1,1,1,1,0,18268,2692,-232,-310,-778,-89
G,1,331,603,471,437,2595,1,1,1,1,1,0,18040,3244,-948,-553,-376,46
G,1,366,618,465,438,2614,1,1,1,1,1,0,18252,2796,-380,-438,-180,-59
G,1,355,587,421,450,2586,1,1,1,1,1,0,17872,3276,-184,-563,-691,-383
G,1,368,593,480,413,2633,1,1,1,1,1,0,17924,3232,-596,-726,-98,312
G,1,330,603,448,426,2606,1,1,1,1,1,0,18012,2984,-712,-872,-433,247
G,1,359,633,459,429,2608,1,1,1,1,1,0,18280,3112,-708,-744,106,152
G,1,339,619,433,455,2630,1,1,1,1,1,0,18124,2932,-244,-841,-22,294
G,1,394,611,454,427,2607,1,1,1,1,1,0,18192,2804,-220,-593,-4,210
G,1,349,614,496,413,2624,1,1,1,1,1,0,18036,3088,-440,-871,-207,79
G,1,319,609,479,433,2633,1,1,1,1,1,0,17952,2968,-196,-78,-264,100
G,1,356,647,475,414,2642,1,1,1,1,1,0,18176,2988,-324,-791,-345,297
G,1,341,609,479,437,2618,1,1,1,1,1,0,18216,2776,-576,-254,39,38
G,1,336,592,489,447,2626,1,1,1,1,1,0,18256,3048,-256,-445,-395,81
G,1,343,605,432,437,2635,1,1,1,1,1,0,18196,3264,-276,-720,-175,221
G,1,352,617,469,400,2597,1,1,1,1,1,0,18368,2768,-116,-734,-24,262
G,1,384,577,464,453,2614,1,1,1,1,1,0,18000,2892,-348,-282,195,163
G,1,341,602,455,435,2613,1,1,1,1,1,0,18212,3028,176,-521,-625,177
G,1,338,581,470,390,2651,1,1,1,1,1,0,17884,2716,-476,-255,132,23
G,1,377,589,507,397,2624,1,1,1,1,1,0,18452,3304,40,-694,-353,178
G,1,400,611,475,433,2605,1,1,1,1,1,0,18192,2964,-564,-668,-266,-52
G,1,304,624,472,397,2640,1,1,1,1,1,0,18160,2816,-48,-192,-114,195
G,1,362,608,480,423,2621,1,1,1,1,1,0,18164,3136,-348,-612,-262,87
G,1,372,636,398,459,2592,1,1,1,1,1,0,18040,2880,-144,-859,11,202
G,1,371,621,496,421,2635,1,1,1,1,1,0,18104,2892,-276,-84,-285,65
G,1,336,631,462,429,2610,1,1,1,1,1,0,18076,3016,-336,-875,-154,192
G,1,370,614,446,432,2608,1,1,1,1,1,0,18368,2576,-68,-162,-636,44
G,1,345,638,421,447,2612,1,1,1,1,1,0,18020,3236,-140,-1013,-41,145
G,1,375,656,437,448,2608,1,1,1,1,1,0,18372,2764,-296,-405,-346,228
G,1,331,613,477,432,2617,1,1,1,1,1,0,17964,2504,-544,-671,-11,48
G,1,400,596,439,455,2604,1,1,1,1,1,0,18000,2964,-44,-205,-233,73
G,1,336,626,432,442,2636,1,1,1,1,1,0,18008,3064,-160,-884,-101,58
G,1,355,617,483,419,2620,1,1,1,1,1,0,18196,2772,-128,-51,-433,24
G,1,339,629,450,460,2598,1,1,1,1,1,0,18092,3128,-572,-781,-258,69
G,1,351,640,435,457,2635,1,1,1,1,1,0,18140,3104,-76,-504,-422,155
G,1,368,622,446,448,2615,1,1,1,1,1,0,18140,3136,-620,-244,96,119
G,1,400,622,459,392,2602,1,1,1,1,1,0,18000,2948,-80,-667,-248,338
G,1,357,621,467,427,2622,1,1,1,1,1,0,18208,2828,-236,-460,9,218
G,1,352,639,464,438,2618,1,1,1,1,1,0,18120,2692,-36,-642,-70,230
G,1,372,605,437,415,2614,1,1,1,1,1,0,18128,2836,-28,-299,-537,12
G,1,341,627,485,421,2598,1,1,1,1,1,0,18216,3020,-256,-1354,278,192
G,1,345,613,457,432,2623,1,1,1,1,1,0,17972,3104,-48,127,-87,6
G,1,326,639,439,406,2629,1,1,1,1,1,0,18152,3276,40,-1117,-310,237
G,1,353,627,445,454,2589,1,1,1,1,1,0,17768,2804,36,122,-115,195
G,1,380,615,455,439,2598,1,1,1,1,1,0,18208,2756,144,-819,-227,154
G,1,313,605,455,445,2621,1,1,1,1,1,0,17900,2940,-80,-409,-155,40
G,1,341,624,492,432,2614,1,1,1,1,1,0,18188,3056,-16,-431,-503,66
G,1,384,623,411,460,2624,1,1,1,1,1,0,18196,2964,-380,-465,-71,16
G,1,349,605,464,423,2626,1,1,1,1,1,0,18192,2812,-156,-495,-267,160
G,1,333,624,448,443,2610,1,1,1,1,1,0,18156,2696,-572,-562,23,-76
G,1,357,592,462,418,2593,1,1,1,1,1,0,17860,2992,64,-763,-335,36
G,1,371,613,432,432,2608,1,1,1,1,1,0,18332,2960,152,-351,-36,71
G,1,320,631,464,422,2617,1,1,1,1,1,0,18076,2748,-480,-545,-442,159
G,1,335,629,447,440,2598,1,1,1,1,1,0,18264,2632,-292,-199,55,-204
G,1,396,603,470,420,2633,1,1,1,1,1,0,18132,3276,-232,-454,158,-337
G,1,355,619,443,426,2602,1,1,1,1,1,0,18196,2948,60,-582,-94,-105
G,1,354,592,479,389,2632,1,1,1,1,1,0,18092,2912,228,-51,-394,-191
G,1,397,569,447,438,2593,1,1,1,1,1,0,18004,2992,-44,-480,-949,-167
G,1,351,591,464,414,2640,1,1,1,1,1,0,18136,3156,-372,-35,-565,-196
G,1,340,580,470,464,2623,1,1,1,1,1,1,18256,3560,-1588,253,-317,-40
G,1,391,611,441,490,2633,1,1,1,1,1,1,17768,3240,-1744,763,-721,-542
G,1,303,618,441,471,2624,1,1,1,1,1,1,17864,4272,-652,-1453,-838,-565
G,1,364,594,462,490,2638,1,1,1,1,1,1,17764,4580,-1032,995,-948,-278
G,1,367,596,450,494,2610,1,1,1,1,1,1,17516,4232,-2044,-1133,-920,-166
G,1,321,585,471,487,2619,1,1,1,1,1,1,17816,4552,-1640,-244,-704,245
G,1,336,601,422,460,2628,1,1,1,1,1,1,17632,3344,-2376,-542,-254,284
G,1,384,590,475,501,2607,1,1,1,1,1,1,17772,4584,-1464,-884,112,260
G,1,361,607,418,499,2629,1,1,1,1,1,1,17780,3776,-1204,-621,-434,406
G,1,325,594,466,470,2635,1,1,1,1,1,1,17824,3488,-1688,-1056,-765,9
G,1,358,581,462,511,2611,1,1,1,1,1,1,17648,3924,-1228,-130,-204,-77
G,1,372,591,448,501,2602,1,1,1,1,1,1,17740,4136,-1440,-1559,-795,-243
G,1,333,630,451,502,2624,1,1,1,1,1,1,17540,4424,-2028,281,-583,-104
G,1,368,595,457,464,2614,1,1,1,1,1,1,17756,4408,-1912,-1150,-321,-120
G,1,353,598,470,491,2610,1,1,1,1,1,1,17868,4540,-1556,-461,-434,226
G,1,361,596,435,495,2630,1,1,1,1,1,1,17844,3960,-1984,-606,-388,324
G,1,307,611,464,475,2633,1,1,1,1,1,1,17772,3956,-1628,-680,-146,-51
G,1,355,591,464,471,2633,1,1,1,1,1,1,17600,3988,-1704,-593,-527,-104
G,1,359,598,418,511,2619,1,1,1,1,1,1,17752,4352,-1412,-489,-262,-176
G,1,345,608,444,511,2624,1,1,1,1,1,1,17652,4308,-1728,275,-394,-303
G,1,314,579,496,481,2596,1,1,1,1,1,1,17564,4836,-1672,-1125,-532,152
G,1,338,606,454,476,2612,1,1,1,1,1,1,17828,4268,-2008,-110,-351,157
G,1,313,586,435,511,2609,1,1,1,1,1,1,17676,4108,-1852,-833,-411,183
G,1,355,614,479,496,2624,1,1,1,1,1,1,17548,4152,-2080,-585,-423,-222
G,1,383,618,439,481,2643,1,1,1,1,1,1,17580,4668,-1820,-303,-403,-27
G,1,349,636,468,495,2645,1,1,1,1,1,1,17556,4652,-1504,-557,-356,-113
G,1,334,631,448,481,2651,1,1,1,1,1,1,17716,4780,-1496,-207,-274,210
G,1,336,574,464,495,2637,1,1,1,1,1,1,17612,4104,-1796,-470,-139,99
G,1,369,600,447,503,2609,1,1,1,1,1,1,17812,4048,-2052,-282,-633,73
G,1,332,595,462,478,2630,1,1,1,1,1,1,17552,4372,-2012,-614,16,-35
G,1,367,587,455,524,2610,1,1,1,1,1,1,17632,4392,-1720,-619,-439,2
G,1,341,583,464,481,2635,1,1,1,1,1,1,17668,4524,-2084,-593,-81,30
G,1,333,595,448,528,2608,1,1,1,1,1,1,17532,4192,-2100,-663,-114,42
G,1,353,612,459,487,2625,1,1,1,1,1,1,17784,4620,-1696,-291,-108,-6
G,1,364,561,481,490,2606,1,1,1,1,1,1,17684,4312,-2056,-65,-172,-25
G,1,374,592,489,483,2604,1,1,1,1,1,1,17796,4624,-2008,-953,-277,206
G,1,333,624,485,478,2614,1,1,1,1,1,1,17660,4448,-2136,-305,212,164
G,1,345,615,464,477,2634,1,1,1,1,1,1,17604,4296,-1776,-616,-265,263
G,1,368,599,455,496,2612,1,1,1,1,1,1,17800,4332,-1380,-461,164,223
G,1,373,596,451,470,2625,1,1,1,1,1,1,17736,4404,-1688,-160,-235,278
G,1,333,579,468,505,2625,1,1,1,1,1,1,17916,4436,-1624,-785,-486,227
G,1,336,606,432,503,2599,1,1,1,1,1,1,17712,4168,-1924,-282,-364,142
G,1,367,623,459,523,2634,1,1,1,1,1,1,18052,4392,-1660,-898,-191,210
G,1,343,606,470,481,2633,1,1,1,1,1,1,17548,4192,-1836,-507,-52,153
G,1,355,570,465,464,2623,1,1,1,1,1,1,17972,4628,-1300,-370,-10,385
G,1,398,621,464,490,2602,1,1,1,1,1,1,17416,4116,-1960,-789,-267,304
G,1,342,583,465,489,2620,1,1,1,1,1,1,17892,4156,-1608,-455,-319,297
G,1,336,595,466,464,2638,1,1,1,1,1,1,17624,3800,-1804,-299,211,162
G,1,365,603,463,511,2611,1,1,1,1,1,1,17696,4272,-1552,-383,15,27
G,1,365,602,502,483,2639,1,1,1,1,1,1,17904,4400,-1452,-386,-400,154
G,1,354,634,461,496,2615,1,1,1,1,1,1,17676,4068,-2068,-616,-936,156
G,1,367,590,469,458,2625,1,1,1,1,1,1,17896,4276,-2164,-732,195,136
G,1,357,608,432,528,2611,1,1,1,1,1,1,17520,3852,-2188,-648,-186,-199
G,1,345,611,448,483,2624,1,1,1,1,1,1,17820,4728,-1284,-504,665,97
G,1,325,631,445,503,2615,1,1,1,1,1,1,17668,4352,-1552,-943,-47,-43
G,1,375,597,467,490,2609,1,1,1,1,1,1,17964,4484,-1300,-332,-666,332
G,1,320,628,448,523,2644,1,1,1,1,1,1,17652,4028,-2044,-597,193,-48
G,1,374,592,489,497,2611,1,1,1,1,1,1,17564,4160,-1684,-558,-565,-53
G,1,368,573,470,496,2614,1,1,1,1,1,1,17760,4364,-1488,91,-75,6
G,1,327,603,400,533,2610,1,1,1,1,1,1,17556,4508,-1584,-1318,-793,170
G,1,289,640,433,459,2636,1,1,1,1,1,1,17860,4660,-1424,104,-146,49
G,1,350,585,495,474,2622,1,1,1,1,1,1,17556,4132,-1856,-1129,-598,107
G,1,369,603,478,494,2625,1,1,1,1,1,1,17824,4252,-1820,164,-492,154
G,1,336,615,453,510,2627,1,1,1,1,1,1,17696,4300,-1672,-1103,-527,170
G,1,384,609,502,464,2622,1,1,1,1,1,1,17576,4252,-1612,-339,-413,-107
G,1,371,614,470,511,2593,1,1,1,1,1,1,17620,4208,-1928,-667,-242,126
G,1,368,637,443,471,2630,1,1,1,1,1,1,17312,4240,-2172,-608,-690,-130
G,1,341,614,460,496,2634,1,1,1,1,1,1,17936,4440,-1724,-1020,131,134
G,1,352,602,485,511,2624,1,1,1,1,1,1,17652,4020,-2012,-464,-79,69
G,1,329,599,496,511,2608,1,1,1,1,1,1,17912,4496,-1488,-621,-74,51
G,1,363,606,475,482,2640,1,1,1,1,1,1,17728,4164,-1548,-430,-438,169
G,1,357,623,464,475,2613,1,1,1,1,1,1,17800,4256,-1732,-468,-558,135
G,1,361,602,479,491,2622,1,1,1,1,1,1,17540,3984,-2720,-585,-446,7
G,1,369,592,447,511,2607,1,1,1,1,1,1,17832,4612,-2040,-954,-404,38
G,1,297,605,495,471,2644,1,1,1,1,1,1,17576,4128,-2280,-605,367,41
G,1,346,624,501,493,2611,1,1,1,1,1,1,17968,4676,-1264,-381,-1463,232
G,1,353,625,449,493,2619,1,1,1,1,1,1,17496,4336,-1756,-993,43,229
G,1,351,624,447,479,2627,1,1,1,1,1,1,17548,4100,-1128,25,-1424,621
G,1,350,593,494,464,2627,1,1,1,1,1,1,17664,4024,-1964,-1119,212,222
G,1,372,616,443,495,2624,1,1,1,1,1,1,17532,4384,-1688,133,-1178,-104
G,1,342,623,443,500,2607,1,1,1,1,1,1,17664,4700,-1796,-1424,-167,148
G,1,379,603,454,467,2623,1,1,1,1,1,1,17288,4188,-1988,-78,-886,-61
G,1,348,599,477,495,2609,1,1,1,1,1,1,17936,4492,-2312,-759,-221,66
G,1,350,608,417,506,2618,1,1,1,1,1,1,17500,4116,-2404,-233,-577,-24
G,1,370,594,448,491,2635,1,1,1,1,1,1,17536,4696,-2000,-338,-539,163
G,1,345,614,503,501,2625,1,1,1,1,1,1,17440,4068,-2500,-836,-48,197
G,1,400,598,448,497,2630,1,1,1,1,1,1,17536,4384,-2228,-329,-326,89
G,1,359,607,448,496,2621,1,1,1,1,1,1,17820,4372,-1912,-716,346,23
G,1,297,617,479,439,2635,1,1,1,1,1,1,17564,4092,-2132,-215,-267,57
G,1,350,617,483,461,2624,1,1,1,1,1,1,17904,4496,-2212,-790,275,190
G,1,384,624,457,491,2624,1,1,1,1,1,1,17560,4224,-2532,-567,-39,146
G,1,368,593,462,497,2618,1,1,1,1,1,1,17772,4660,-1520,-284,43,229
G,1,366,593,478,490,2613,1,1,1,1,1,1,17448,4388,-1664,-855,157,482
G,1,368,576,489,511,2618,1,1,1,1,1,1,17884,4068,-1344,-307,-339,245
G,1,385,631,463,468,2642,1,1,1,1,1,1,17632,3904,-1772,-864,23,167
G,1,370,595,501,487,2619,1,1,1,1,1,1,17956,4388,-1620,-491,-783,-39
G,1,374,609,475,487,2610,1,1,1,1,1,1,17568,4140,-2392,-1108,369,-1
G,1,352,621,462,483,2622,1,1,1,1,1,1,17652,4380,-1992,84,-410,-134
G,1,325,627,474,466,2607,1,1,1,1,1,1,17632,4364,-1976,-1497,-191,254
G,1,322,605,482,469,2636,1,1,1,1,1,1,17424,4344,-2176,768,-453,66
G,1,370,612,441,485,2615,1,1,1,1,1,1,17592,4712,-1952,-1898,25,417
G,1,354,610,464,494,2631,1,1,1,1,1,1,17488,4316,-1660,597,-49,227
G,1,357,601,476,487,2621,1,1,1,1,1,1,18128,4288,-1228,-1502,-58,396
G,1,370,583,443,481,2638,1,1,1,1,1,1,17568,4092,-1608,50,-224,-23
G,1,385,597,464,493,2621,1,1,1,1,1,1,17936,4236,-1392,-493,-757,185
G,1,335,622,477,459,2622,1,1,1,1,1,1,17472,3952,-2092,-491,-409,-210
G,1,378,595,465,490,2603,1,1,1,1,1,1,17768,4568,-2252,-576,-844,-127
G,1,346,614,463,476,2608,1,1,1,1,1,1,17672,4584,-1896,-585,-130,-271
G,1,310,624,453,474,2639,1,1,1,1,1,1,17752,4796,-2012,-262,-319,70
G,1,338,624,455,496,2629,1,1,1,1,1,1,17448,4512,-2108,-748,-92,222
G,1,333,595,448,507,2623,1,1,1,1,1,1,17720,4376,-1672,-5,-357,475
G,1,345,625,448,496,2625,1,1,1,1,1,1,17732,4080,-2108,-1302,-61,410
G,1,339,645,447,498,2631,1,1,1,1,1,1,17632,4032,-1720,313,110,61
G,1,363,627,458,477,2630,1,1,1,1,1,1,17624,5024,396,-958,109,252
G,1,338,641,427,499,2618,1,1,1,1,1,1,17620,4232,-1592,-64,-604,12
G,1,325,609,460,511,2622,1,1,1,1,1,1,18128,4608,-1636,-867,-215,23
G,1,355,597,483,464,2626,1,1,1,1,1,1,17560,3876,-2620,-665,-189,-76
G,1,336,612,443,485,2627,1,1,1,1,1,1,17956,4836,-1372,-434,-12,209
G,1,343,612,466,475,2656,1,1,1,1,1,1,17440,3968,-1652,-760,214,-48
G,1,340,617,479,485,2617,1,1,1,1,1,1,17572,4468,-1412,-284,-635,388
G,1,375,621,502,488,2630,1,1,1,1,1,1,17928,4216,-1740,-587,87,227
G,1,357,622,432,503,2622,1,1,1,1,1,1,17684,4180,-2096,-456,-551,312
G,1,374,621,464,465,2615,1,1,1,1,1,1,18064,4336,-1552,-525,478,114
G,1,371,585,485,485,2581,1,1,1,1,1,1,17292,4092,-1696,-792,-483,191
G,1,374,624,437,483,2639,1,1,1,1,1,1,18328,4436,-988,309,497,5
G,1,372,607,471,450,2661,1,1,1,1,1,1,17320,3752,-2272,-1050,149,-236
G,1,347,602,487,475,2614,1,1,1,1,1,1,17856,4792,-1400,-229,-461,173
G,1,361,600,493,475,2609,1,1,1,1,1,1,17596,4256,-1744,-1029,-257,18
G,1,378,597,496,468,2640,1,1,1,1,1,1,17828,4596,-1616,-261,-306,90
G,1,346,606,447,464,2615,1,1,1,1,1,1,17800,4228,-1844,-755,-131,151
G,1,348,611,448,466,2608,1,1,1,1,1,1,17652,4524,-1532,-255,-422,320
G,1,353,605,477,485,2613,1,1,1,1,1,1,17744,4000,-1824,-651,135,230
G,1,334,604,464,471,2619,1,1,1,1,1,1,17616,4240,-1592,-415,-646,185
G,1,373,624,445,478,2615,1,1,1,1,1,1,17712,4136,-1892,-1028,596,172
G,1,338,606,480,495,2597,1,1,1,1,1,1,17564,4124,-1136,-881,-212,-120
G,1,320,618,493,475,2638,1,1,1,1,1,1,18008,4908,-1236,-558,-306,94
G,1,338,585,448,464,2633,1,1,1,1,1,1,17476,3952,-1712,-893,-457,85
G,1,366,605,462,487,2638,1,1,1,1,1,1,17104,4580,-1564,-160,-204,144
G,1,340,625,448,484,2631,1,1,1,1,1,1,17620,4256,-1152,-1016,-79,214
G,1,368,595,459,496,2622,1,1,1,1,1,1,17772,4376,-1220,242,-675,9
G,1,350,599,471,473,2621,1,1,1,1,1,1,17760,4308,-1896,-1087,288,212
G,1,348,593,432,511,2643,1,1,1,1,1,1,17604,4080,-1548,-191,-890,-204
G,1,311,631,497,480,2640,1,1,1,1,1,1,18024,4508,-1760,-711,481,27
G,1,352,585,486,450,2626,1,1,1,1,1,1,17452,4668,-1596,-560,-670,122
G,1,387,591,433,525,2624,1,1,1,1,1,1,17760,4532,-1596,-502,-63,364
G,1,345,597,437,493,2634,1,1,1,1,1,1,17480,4216,-1760,-352,-685,450
G,1,352,630,461,467,2624,1,1,1,1,1,1,17880,4344,-1780,-668,37,253
G,1,384,607,475,468,2619,1,1,1,1,1,1,17776,3828,-1724,-365,-584,282
G,1,354,642,437,511,2612,1,1,1,1,1,1,18064,4116,-1192,-696,-305,167
G,1,321,631,421,469,2642,1,1,1,1,1,1,17648,4032,-1824,-601,-28,-79
G,1,358,592,477,480,2617,1,1,1,1,1,1,18004,4308,-1224,-680,-431,23
G,1,386,597,447,483,2625,1,1,1,1,1,1,17296,4416,-1780,-1115,-66,-70
G,1,353,615,458,463,2618,1,1,1,1,1,1,17632,4288,-1288,58,-1120,124
G,1,350,605,454,464,2641,1,1,1,1,1,1,17664,4268,-1896,-689,42,-6
G,1,350,579,476,498,2601,1,1,1,1,1,1,17792,4528,-1728,-93,-884,169
G,1,365,618,457,496,2612,1,1,1,1,1,1,17748,4628,-2132,-751,14,76
G,1,336,612,511,461,2645,1,1,1,1,1,1,17904,4364,-1780,209,-430,364
G,1,401,592,538,464,2642,1,1,1,1,1,1,17608,3300,-4428,-267,710,65
G,1,394,625,461,464,2629,1,1,1,1,1,1,18052,3980,-1608,-806,-157,-22
G,1,309,638,455,449,2630,1,1,1,1,1,1,17236,3912,-1968,-419,-12,-278
G,1,353,605,463,473,2637,1,1,1,1,1,1,18068,4836,-1332,-669,-511,262
G,1,401,595,431,496,2585,1,1,1,1,1,1,17356,4064,-2436,-699,1046,-175
G,1,362,631,455,504,2623,1,1,1,1,1,1,18248,4652,-1004,-206,-614,445
G,1,347,645,499,471,2620,1,1,1,1,1,1,17676,4260,-2064,-1122,177,-81
G,1,341,592,453,483,2625,1,1,1,1,1,1,17668,4480,-1296,259,-683,250
G,1,365,624,465,485,2608,1,1,1,1,1,1,17716,4440,-1744,-1215,252,64
G,1,335,610,500,464,2613,1,1,1,1,1,1,17240,4248,-1644,112,-402,98
G,1,361,629,482,460,2629,1,1,1,1,1,1,17720,4344,-1628,-1044,-180,278
G,1,319,604,494,479,2625,1,1,1,1,1,1,17684,4412,-1544,-196,-161,145
G,1,351,611,449,483,2611,1,1,1,1,1,1,17880,4596,-1332,-442,-375,155
G,1,329,599,497,461,2643,1,1,1,1,1,1,17464,4156,-1876,-792,-218,285
G,1,350,592,501,475,2620,1,1,1,1,1,1,17880,4148,-1560,-146,-407,263
G,1,366,637,458,486,2625,1,1,1,1,1,1,17440,4020,-2108,-1028,-139,-223
G,1,319,604,434,483,2640,1,1,1,1,1,1,18084,4496,-1616,7,-41,103
G,1,336,592,493,479,2641,1,1,1,1,1,1,17392,4392,-1876,-1064,-284,120
G,1,368,602,463,496,2622,1,1,1,1,1,1,18048,4080,-1556,81,-558,165
G,1,382,636,466,459,2625,1,1,1,1,1,1,17672,4252,-2296,-1531,187,156
G,1,340,622,468,486,2624,1,1,1,1,1,1,17736,4236,-1656,373,-749,125
G,1,366,623,443,511,2605,1,1,1,1,1,1,17748,4336,-1868,-1271,333,230
G,1,338,619,453,475,2617,1,1,1,1,1,1,17488,4080,-1644,164,-742,240
G,1,352,637,465,476,2625,1,1,1,1,1,1,17748,4500,-1832,-970,3,336
G,1,353,623,481,475,2619,1,1,1,1,1,1,17516,3704,-1088,-322,-903,263
G,1,337,640,450,509,2613,1,1,1,1,1,1,18280,4280,-1572,-601,211,145
G,1,336,607,464,497,2608,1,1,1,1,1,1,17564,4032,-1880,-647,-897,24
G,1,377,605,479,468,2611,1,1,1,1,1,1,18004,4336,-1508,-143,14,129
G,1,391,592,464,534,2614,1,1,1,1,1,1,16872,4068,180,-1010,-1634,-73
G,1,327,647,438,497,2626,1,1,1,1,1,1,18068,4472,-1644,-49,-104,132
G,1,336,617,491,477,2638,1,1,1,1,1,1,17396,4124,-2736,-1209,123,24
G,1,374,629,479,496,2610,1,1,1,1,1,1,18144,4320,-152,213,-547,205
G,1,351,611,464,498,2609,1,1,1,1,1,1,17640,4468,-1756,-1310,213,205
G,1,363,640,464,467,2631,1,1,1,1,1,1,18076,4048,-1168,335,-609,179
G,1,342,605,481,493,2617,1,1,1,1,1,1,17376,4160,-1776,-898,-266,124
G,1,349,603,455,496,2608,1,1,1,1,1,1,17968,4160,-1404,131,-1049,158
G,1,368,620,485,493,2622,1,1,1,1,1,1,17444,3924,-2596,-1161,423,57
G,1,334,623,470,471,2627,1,1,1,1,1,1,17864,3984,-1500,202,-577,-125
G,1,383,603,446,528,2593,1,1,1,1,1,1,17588,4512,-1876,-1081,307,143
G,1,341,644,417,487,2648,1,1,1,1,1,1,17804,4088,-1588,401,-1153,40
G,1,338,603,466,480,2640,1,1,1,1,1,1,17700,4116,-2240,-1104,57,209
G,1,363,622,482,507,2610,1,1,1,1,1,1,17504,4052,-2044,-174,-725,68
G,1,365,608,479,490,2628,1,1,1,1,1,1,17704,4132,-2004,-847,402,55
H,1,410,687,1296,511,2597,1,1,1,1,1,0,2620,-13624,-8500,-1563,-497,362
H,1,387,697,1270,501,2207,1,1,1,1,1,0,2836,-13344,-8308,-785,-636,55
H,1,239,847,1248,497,2559,1,1,1,1,1,0,2704,-13412,-8476,-559,-164,74
H,1,310,599,1306,560,2580,1,1,1,1,1,0,2660,-13560,-8576,-259,-209,154
H,1,231,703,1301,443,2615,1,1,1,1,1,0,2556,-13772,-8536,-315,-249,388
H,1,434,688,1235,490,2619,1,1,1,1,1,0,2628,-14048,-8692,-317,-142,356
H,1,411,685,1264,586,2589,1,1,1,1,1,0,2408,-14076,-8492,-90,-566,324
H,1,387,681,1200,544,2559,1,1,1,1,1,0,2364,-14424,-8844,-526,-180,148
H,1,304,722,1282,464,2593,1,1,1,1,1,0,2488,-14116,-8768,-801,-26,-54
H,1,369,677,1293,505,2551,1,1,1,1,1,0,2668,-13932,-8664,-747,-341,90
H,1,421,709,1269,508,2608,1,1,1,1,1,0,2552,-13992,-8552,-961,-371,171
H,1,422,692,1277,463,2559,1,1,1,1,1,0,2516,-13924,-8700,-693,-176,-58
H,1,333,734,1171,509,2587,1,1,1,1,1,0,2508,-13784,-8728,-372,-311,-175
H,1,405,541,1280,634,2592,1,1,1,1,1,0,2720,-13928,-8868,-759,134,-10
H,1,400,726,1232,601,2609,1,1,1,1,1,0,2552,-13940,-8644,-369,-272,59
H,1,450,706,1268,477,2599,1,1,1,1,1,0,2624,-13972,-8552,-593,-204,-20
H,1,443,655,1289,542,2589,1,1,1,1,1,0,2504,-13940,-8620,-618,-308,92
H,1,390,688,1201,574,2622,1,1,1,1,1,0,2464,-13600,-8572,-570,-459,282
H,1,497,752,1165,459,2666,1,1,1,1,1,0,2404,-13688,-8628,-310,-110,250
H,1,367,754,1281,511,2581,1,1,1,1,1,0,2320,-14240,-8924,-797,-520,453
H,1,397,751,1251,479,2603,1,1,1,1,1,0,2540,-14108,-8744,-813,-277,180
H,1,395,681,1201,417,2608,1,1,1,1,1,0,2388,-14132,-8756,-676,-162,-242
H,1,434,683,1222,511,2645,1,1,1,1,1,0,2388,-13664,-8812,-823,-791,5
H,1,289,738,1322,476,2550,1,1,1,1,1,0,2376,-13424,-8988,-916,-648,275
H,1,343,709,1327,492,2599,1,1,1,1,1,0,2236,-13968,-8724,-376,-332,9
H,1,387,688,1281,511,2603,1,1,1,1,1,0,2408,-14072,-8716,-437,-582,-94
H,1,443,677,1311,502,2593,1,1,1,1,1,0,2532,-13704,-8800,-811,-213,-27
H,1,527,662,1272,546,2591,1,1,1,1,1,0,2580,-13564,-8816,-674,-420,248
H,1,341,735,1255,352,2625,1,1,1,1,1,0,2420,-13820,-8880,-675,-159,250
H,1,438,710,1296,511,2608,1,1,1,1,1,0,2444,-14020,-8772,-363,-27,-70
H,1,425,693,1255,474,2603,1,1,1,1,1,0,2500,-13892,-8784,-450,-12,-88
H,1,350,694,1285,492,2559,1,1,1,1,1,0,2400,-13928,-8508,-434,-244,-40
H,1,339,682,1263,592,2615,1,1,1,1,1,0,2404,-13800,-8664,-338,-406,-34
H,1,486,592,1257,527,2611,1,1,1,1,1,0,2348,-13736,-8612,-538,-430,128
H,1,339,727,1318,523,2622,1,1,1,1,1,0,2256,-13928,-9100,-815,-440,316
H,1,401,725,1302,494,2559,1,1,1,1,1,0,2424,-13984,-8916,-342,-30,4
H,1,400,719,1226,500,2559,1,1,1,1,1,0,2548,-13824,-8788,-420,-99,71
H,1,432,783,1254,534,2544,1,1,1,1,1,0,2484,-13816,-8600,-421,-285,113
H,1,507,761,1181,437,2649,1,1,1,1,1,0,2464,-13816,-8656,-574,-230,97
H,1,378,693,1245,533,2559,1,1,1,1,1,0,2660,-13932,-8648,-469,-635,118
H,1,398,670,1309,488,2603,1,1,1,1,1,0,2680,-13800,-8888,-689,-757,155
H,1,393,656,1224,478,2606,1,1,1,1,1,0,2664,-13632,-8836,-133,-354,-226
H,1,486,643,1135,448,2649,1,1,1,1,1,0,2708,-13876,-8508,-41,-94,-400
H,1,287,740,1327,457,2598,1,1,1,1,1,0,2252,-14004,-8500,-532,-571,-23
H,1,393,657,1293,490,2607,1,1,1,1,1,0,2148,-14172,-8768,-678,-653,115
H,1,349,690,1296,490,2594,1,1,1,1,1,0,2128,-13888,-8892,-488,-581,-70
H,1,415,682,1299,455,2618,1,1,1,1,1,0,2188,-13836,-8592,-309,-490,143
H,1,247,815,1359,390,2595,1,1,1,1,1,0,2028,-13840,-8420,-513,-344,287
H,1,307,750,1327,509,2544,1,1,1,1,1,0,2260,-13800,-8636,-772,-292,417
H,1,433,702,1248,459,2631,1,1,1,1,1,0,2260,-13748,-8712,-399,-55,240
H,1,385,670,1258,493,2602,1,1,1,1,1,0,2544,-13748,-8784,-421,-152,464
H,1,331,751,1242,482,2559,1,1,1,1,1,0,2588,-13768,-8540,-434,-107,605
H,1,496,640,1353,495,2559,1,1,1,1,1,0,2408,-14344,-8664,-555,-361,635
H,1,464,529,1251,574,2605,1,1,1,1,1,0,2544,-14164,-8692,-470,-136,185
H,1,405,720,1293,528,2617,1,1,1,1,1,0,2488,-13920,-8564,-445,-203,39
H,1,368,698,1266,525,2624,1,1,1,1,1,0,2340,-13980,-8672,-707,-244,111
H,1,397,715,1264,653,2559,1,1,1,1,1,0,2104,-13804,-8652,-675,-600,144
H,1,301,817,1365,353,2509,1,1,1,1,1,0,2176,-13492,-8688,-202,-510,-90
H,1,456,752,1181,397,2642,1,1,1,1,1,0,2060,-13820,-8820,-293,-84,66
H,1,416,741,1289,463,2608,1,1,1,1,1,0,2104,-14024,-8728,-391,-114,218
H,1,469,703,1231,481,2625,1,1,1,1,1,0,2332,-14048,-8620,-382,-64,175
H,1,389,662,723,485,2640,1,1,1,1,1,0,2324,-14176,-8476,-387,-423,260
H,1,493,764,1341,441,2640,1,1,1,1,1,0,2280,-14132,-8748,-611,-205,132
H,1,626,768,1023,418,2695,1,1,1,1,1,0,2168,-13996,-8940,-655,-336,202
H,1,302,661,1242,461,2609,1,1,1,1,1,0,2216,-13952,-8844,-649,-69,200
H,1,392,709,1267,479,2602,1,1,1,1,1,0,2372,-13900,-8584,-649,-159,232
H,1,532,673,1246,479,2607,1,1,1,1,1,0,2272,-14056,-8612,-952,-100,359
H,1,393,710,1157,455,2608,1,1,1,1,1,0,2316,-13788,-8624,-566,-215,96
H,1,592,510,1205,610,2608,1,1,1,1,1,0,2284,-13660,-8828,-552,-243,193
H,1,445,735,1089,484,2608,1,1,1,1,1,0,2280,-13932,-8704,-372,-130,152
H,1,400,652,1239,529,2590,1,1,1,1,1,0,2172,-13924,-8580,-412,38,80
H,1,381,678,1208,454,2638,1,1,1,1,1,0,2232,-13848,-8432,-427,-135,110
H,1,351,702,1334,400,2623,1,1,1,1,1,0,2128,-14240,-8772,-596,-520,204
H,1,404,594,1293,581,2528,1,1,1,1,1,0,2136,-14008,-8948,-768,-304,100
H,1,413,733,1249,493,2608,1,1,1,1,1,0,1948,-13836,-8628,-452,-207,37
H,1,345,704,1263,496,2597,1,1,1,1,1,0,2148,-13860,-8612,-713,4,216
H,1,375,716,1238,496,2581,1,1,1,1,1,0,2412,-13896,-8520,-255,-108,20
H,1,471,608,1254,471,2638,1,1,1,1,1,0,2312,-14052,-8732,-293,-284,20
H,1,505,651,1120,475,2656,1,1,1,1,1,0,2344,-13620,-8428,-572,-357,110
H,1,383,689,1269,490,2608,1,1,1,1,1,0,2256,-13692,-8684,-643,-680,436
H,1,382,664,1223,543,2583,1,1,1,1,1,0,2248,-14144,-8736,-479,-382,273
H,1,419,715,1195,503,2620,1,1,1,1,1,0,2192,-13852,-8640,-544,-230,140
H,1,343,815,1110,422,2694,1,1,1,1,1,0,2252,-14000,-8548,-524,-539,246
H,1,267,869,1247,432,2608,1,1,1,1,1,0,2108,-13952,-8728,-712,-442,88
H,1,375,723,1288,496,2678,1,1,1,1,1,0,2084,-13948,-8792,-545,-333,118
H,1,449,691,1213,465,2615,1,1,1,1,1,0,2116,-13812,-8692,-558,-424,198
H,1,348,710,1258,464,2624,1,1,1,1,1,0,2144,-13768,-8736,-469,-334,122
H,1,298,757,1389,483,2559,1,1,1,1,1,0,1936,-13864,-8728,-578,-366,273
H,1,128,587,1306,474,2529,1,1,1,1,1,0,2036,-13576,-8528,-367,-49,20
H,1,40,656,1187,502,2642,1,1,1,1,1,0,2084,-13284,-8096,-458,-757,649
H,1,414,720,1207,483,2582,1,1,1,1,1,0,2004,-14420,-9132,-802,-652,797
H,1,373,707,1187,480,2613,1,1,1,1,1,0,1864,-14348,-9232,-237,-77,-146
H,1,469,707,1277,421,2618,1,1,1,1,1,0,2136,-13904,-8760,-314,67,-273
H,1,528,662,1148,511,2633,1,1,1,1,1,0,1960,-14000,-8616,-800,-104,253
H,1,409,781,1188,470,2625,1,1,1,1,1,0,1832,-14048,-8644,-719,-502,332
H,1,386,719,1264,503,2559,1,1,1,1,1,0,1884,-13680,-8612,-494,60,-105
H,1,414,630,1218,431,2620,1,1,1,1,1,0,1844,-13868,-8564,-429,-57,-48
H,1,363,761,1142,530,2593,1,1,1,1,1,0,2064,-13880,-8580,-846,-138,278
H,1,386,802,1183,409,2628,1,1,1,1,1,0,2048,-13952,-8800,-291,-514,164
H,1,364,675,1236,487,2607,1,1,1,1,1,0,2040,-13904,-8740,-640,-253,209
H,1,417,696,1190,484,2610,1,1,1,1,1,0,1984,-13836,-8656,-425,-369,103
H,1,321,599,1234,477,2642,1,1,1,1,1,0,2096,-13900,-8692,-633,-393,276
H,1,290,670,1168,529,2555,1,1,1,1,1,0,2056,-13836,-8596,-359,-176,-15
H,1,316,698,1201,448,2559,1,1,1,1,1,0,2084,-13844,-8788,-674,-142,52
H,1,386,685,1290,484,2595,1,1,1,1,1,0,1964,-13764,-8804,-331,-390,114
H,1,405,688,1229,466,2591,1,1,1,1,1,0,1996,-13928,-8808,-621,-157,240
H,1,333,737,1315,452,2635,1,1,1,1,1,0,1980,-13768,-8596,-496,-155,185
H,1,401,679,1280,415,2635,1,1,1,1,1,0,1840,-13900,-8984,-572,-269,331
H,1,337,656,1297,567,2554,1,1,1,1,1,0,1896,-13980,-8672,-322,-65,110
H,1,403,679,1169,496,2582,1,1,1,1,1,0,1904,-14056,-8612,-372,-180,99
H,1,390,662,1275,496,2594,1,1,1,1,1,0,1916,-13896,-8556,-645,-412,371
H,1,401,645,1220,507,2586,1,1,1,1,1,0,1984,-14188,-8828,-538,-290,173
H,1,385,687,1168,447,2741,1,1,1,1,1,0,2032,-14060,-8552,-647,-254,174
H,1,371,814,1215,384,2601,1,1,1,1,1,0,1988,-13968,-8812,-567,-400,127
H,1,386,649,1206,477,2601,1,1,1,1,1,0,1988,-13812,-8808,-554,-216,80
H,1,368,703,1232,494,2611,1,1,1,1,1,0,1812,-13916,-8920,-944,-135,298
H,1,410,553,1197,473,2527,1,1,1,1,1,0,1432,-13744,-8736,-978,-176,573
H,1,435,638,1171,475,2559,1,1,1,1,1,0,1608,-13768,-9032,-673,-328,631
H,1,322,674,1307,541,2535,1,1,1,1,1,0,1984,-13944,-8896,-1118,323,645
H,1,353,726,1210,479,2607,1,1,1,1,1,0,1888,-13960,-8636,-703,331,204
H,1,390,679,1200,475,2608,1,1,1,1,1,0,1976,-13828,-8604,-750,-126,105
H,1,493,589,1249,510,2559,1,1,1,1,1,0,1900,-13644,-8692,-576,-412,-91
H,1,318,800,1185,490,2588,1,1,1,1,1,0,1912,-13548,-8672,-626,-327,-57
H,1,197,705,1278,501,2533,1,1,1,1,1,0,1788,-13508,-8832,-394,-332,-47
H,1,442,756,1175,501,2559,1,1,1,1,1,0,1592,-13536,-8960,-432,-423,191
H,1,385,645,1205,474,2608,1,1,1,1,1,0,1772,-13632,-8868,-152,-440,207
H,1,428,816,1202,560,2623,1,1,1,1,1,0,1884,-13700,-8700,-418,-582,450
H,1,400,699,1103,677,2550,1,1,1,1,1,0,1712,-13896,-8704,-587,-451,714
H,1,345,614,1260,543,2554,1,1,1,1,1,0,1640,-14252,-8956,-587,-773,888
H,1,449,688,1153,490,2609,1,1,1,1,1,0,1584,-14320,-9032,-912,-742,561
H,1,336,650,1274,491,2596,1,1,1,1,1,0,1604,-13948,-9100,-670,118,-325
H,1,449,639,1237,500,2613,1,1,1,1,1,0,1736,-13540,-8788,-621,-238,-92
H,1,434,711,1451,400,2524,1,1,1,1,1,0,1536,-13792,-8796,-776,-306,191
H,1,357,592,1270,595,2559,1,1,1,1,1,0,1524,-13904,-8940,-514,-257,25
H,1,384,667,1219,464,2551,1,1,1,1,1,0,1536,-13576,-8896,-606,-147,-61
H,1,399,666,1191,511,2606,1,1,1,1,1,0,1640,-13520,-8712,-229,-334,13
H,1,510,643,1097,550,2601,1,1,1,1,1,0,1548,-13804,-9020,-557,-304,339
H,1,561,720,895,549,2614,1,1,1,1,1,0,1440,-13844,-8928,-496,-257,171
H,1,347,838,1274,387,2552,1,1,1,1,1,0,1560,-13692,-8828,-306,-274,-90
H,1,384,679,1230,511,2609,1,1,1,1,1,0,1672,-13556,-8812,-455,7,-29
H,1,411,667,1217,499,2622,1,1,1,1,1,0,1584,-13532,-8852,-393,-551,271
H,1,448,688,1043,422,2597,1,1,1,1,1,0,1532,-13620,-8804,-464,-293,421
H,1,405,816,938,495,2609,1,1,1,1,1,0,1576,-13988,-8736,-360,-110,372
H,1,305,724,1257,493,2608,1,1,1,1,1,0,1528,-14116,-8692,-259,-179,162
H,1,414,663,1216,526,2602,1,1,1,1,1,0,1488,-14120,-8728,-520,-280,7
H,1,462,734,1175,470,2626,1,1,1,1,1,0,1588,-13800,-8848,-308,-382,-38
H,1,356,769,1196,447,2512,1,1,1,1,1,0,1736,-13852,-8836,-544,-448,299
H,1,368,593,1413,447,2496,1,1,1,1,1,0,1476,-13956,-8960,-744,-465,235
H,1,407,552,1222,491,2582,1,1,1,1,1,0,1452,-13764,-8976,-524,-224,-63
H,1,402,698,1206,464,2620,1,1,1,1,1,0,1496,-13872,-8640,-567,-301,60
H,1,399,634,1198,496,2606,1,1,1,1,1,0,1548,-13864,-8464,-429,-581,-46
H,1,128,674,1186,527,2612,1,1,1,1,1,0,1396,-13760,-8628,-677,-613,146
H,1,891,624,1071,360,2698,1,1,1,1,1,0,1472,-13888,-8952,-424,-459,-1
H,1,359,803,1103,432,2600,1,1,1,1,1,0,1572,-13876,-8796,-577,-494,130
H,1,386,656,1205,492,2610,1,1,1,1,1,0,1420,-14044,-8872,-837,-290,214
H,1,402,681,1195,496,2611,1,1,1,1,1,0,1400,-13932,-8804,-763,-390,69
H,1,380,701,1173,459,2608,1,1,1,1,1,0,1592,-13580,-8840,-658,-117,2
H,1,353,691,1230,493,2591,1,1,1,1,1,0,1420,-13584,-8652,-944,-16,278
H,1,331,610,1179,508,2655,1,1,1,1,1,0,1324,-13720,-8864,-588,-327,57
H,1,424,656,1171,483,2612,1,1,1,1,1,0,1336,-13732,-9172,-600,54,-76
H,1,390,693,1207,485,2608,1,1,1,1,1,0,1468,-13556,-8712,-407,-154,26
H,1,355,699,1194,486,2559,1,1,1,1,1,0,1424,-13500,-8752,-507,-300,359
H,1,657,449,1269,496,2634,1,1,1,1,1,0,1296,-13960,-8848,-391,-262,377
H,1,439,795,1124,429,2582,1,1,1,1,1,0,1416,-13700,-8648,-137,-47,-102
H,1,406,589,1211,511,2609,1,1,1,1,1,0,1560,-13512,-9016,-399,-447,323
H,1,415,656,1162,505,2614,1,1,1,1,1,0,1424,-14016,-9124,-625,-92,351
H,1,445,400,1041,551,3071,1,1,1,1,1,0,1580,-14124,-8876,-330,310,-104
H,1,689,441,1245,487,2652,1,1,1,1,1,0,1556,-13812,-8640,-460,-175,3
H,1,434,746,1123,511,2470,1,1,1,1,1,0,1592,-13956,-8568,-905,-434,232
H,1,419,734,1232,511,2559,1,1,1,1,1,0,1472,-13988,-8868,-532,-280,-16
H,1,395,673,1206,468,2603,1,1,1,1,1,0,1424,-13676,-8864,-607,-357,34
H,1,428,610,1224,478,2620,1,1,1,1,1,0,1440,-13728,-8744,-500,-292,73
H,1,557,800,903,496,2637,1,1,1,1,1,0,1256,-13864,-8720,-353,-469,152
H,1,423,693,1216,550,2638,1,1,1,1,1,0,1400,-14092,-8960,-757,-3,187
H,1,418,663,1179,476,2585,1,1,1,1,1,0,1308,-13884,-8788,-432,-432,85
H,1,464,694,1131,495,2559,1,1,1,1,1,0,1476,-13648,-8972,-698,-179,145
H,1,314,814,1317,453,2615,1,1,1,1,1,0,1532,-13796,-8744,-281,-94,-2
H,1,245,631,1246,559,2559,1,1,1,1,1,0,1640,-13784,-8740,-683,-73,120
H,1,423,483,1200,444,2631,1,1,1,1,1,0,1524,-13900,-8788,-409,-117,-184
H,1,374,646,1126,511,2625,1,1,1,1,1,0,1456,-13620,-8792,-476,-280,51
H,1,358,655,1206,493,2601,1,1,1,1,1,0,1580,-13644,-8832,-312,-337,151
H,1,402,672,1043,530,2654,1,1,1,1,1,0,1424,-13968,-8836,-489,-132,275
H,1,511,625,1043,487,2666,1,1,1,1,1,0,1616,-14008,-8756,-351,137,54
H,1,375,704,1104,546,2712,1,1,1,1,1,0,1620,-14160,-8856,-491,-397,75
H,1,359,660,1185,501,2610,1,1,1,1,1,0,1452,-13940,-8668,-515,-99,-22
H,1,437,640,1126,501,2615,1,1,1,1,1,0,1420,-13816,-9100,-765,-613,266
H,1,404,736,1194,153,2595,1,1,1,1,1,0,1392,-13756,-8932,-730,-215,233
H,1,270,738,1191,418,2559,1,1,1,1,1,0,1344,-13916,-8892,-596,492,-79
H,1,353,641,1121,474,2541,1,1,1,1,1,0,1564,-13700,-8396,-537,145,-64
H,1,430,669,1130,455,2613,1,1,1,1,1,0,1780,-13680,-8624,-477,-172,150
H,1,405,689,1153,453,2617,1,1,1,1,1,0,1724,-13964,-8736,-536,-398,200
H,1,368,720,636,494,2601,1,1,1,1,1,0,1660,-13972,-8864,-635,-786,200
H,1,257,598,1222,547,2559,1,1,1,1,1,0,1520,-13784,-8756,-644,-107,-48
H,1,480,682,981,496,2595,1,1,1,1,1,0,1356,-13668,-8704,-541,-447,131
H,1,400,647,1115,480,2598,1,1,1,1,1,0,1204,-13740,-9048,-631,-575,322
H,1,375,651,1161,508,2587,1,1,1,1,1,0,1396,-13544,-8996,-260,132,-151
H,1,419,679,1903,505,2559,1,1,1,1,1,0,1500,-13652,-8904,-336,103,261
H,1,582,548,1126,561,2615,1,1,1,1,1,0,1444,-13752,-8476,-382,-110,433
H,1,390,650,1054,464,2602,1,1,1,1,1,0,1368,-14096,-9088,-661,-542,583
H,1,386,666,1141,502,2606,1,1,1,1,1,0,1492,-14100,-9156,-512,68,43
I,1,1279,752,830,399,2480,0,1,1,1,0,0,15356,8572,-4248,-578,-308,68
I,1,1365,723,756,333,2585,1,1,1,1,0,0,15488,8432,-4392,-772,-85,155
I,1,1242,791,730,358,2598,1,1,1,1,0,0,15496,8436,-3840,-309,-142,131
I,1,1295,784,784,311,2559,1,1,1,1,0,0,15620,8616,-4216,-696,-295,171
I,1,1283,783,722,339,2559,1,1,1,1,0,0,15372,8424,-4116,-384,-44,369
I,1,1248,891,844,288,2592,0,0,1,1,0,0,15624,8388,-4152,-425,-304,76
I,1,1239,717,862,304,2539,1,1,1,1,0,0,15200,8480,-4000,-679,-183,-2
I,1,1318,777,763,277,2602,1,1,1,1,0,0,15512,8524,-3680,-157,-214,-98
I,1,1330,785,752,247,2559,1,1,1,1,0,0,15264,8560,-4528,-717,-839,45
I,1,1285,851,720,294,2559,1,1,1,1,0,0,15240,8724,-4804,-234,-16,379
I,1,1333,735,689,259,2602,0,1,1,1,0,0,15496,8216,-4060,-532,-64,334
I,1,1201,701,1002,429,2437,1,1,1,1,0,0,15264,8200,-4408,-1249,-292,190
I,1,1353,794,773,241,2545,1,1,1,1,0,0,15584,8152,-3944,-312,95,34
I,1,1314,770,780,282,2554,1,1,1,1,0,0,15448,8068,-3648,-567,-480,-362
I,1,1236,791,743,285,2535,1,1,1,1,0,0,15428,8676,-3852,146,-268,-257
I,1,1349,745,816,315,2543,1,1,1,1,0,0,15388,8644,-4224,-200,-555,-162
I,1,1340,834,687,208,2608,1,1,1,1,0,0,15276,8772,-4636,4,-416,-59
I,1,1305,783,764,243,2557,1,1,1,1,0,0,15404,8368,-4604,-395,-343,108
I,1,1322,746,763,283,2583,0,1,1,1,0,0,15316,8484,-4496,-488,-432,110
I,1,1247,853,799,267,2559,1,1,1,1,0,0,15368,8484,-4416,-174,36,76
I,1,1300,804,739,332,2544,1,1,1,1,0,0,15268,8536,-4200,-656,-205,-56
I,1,1446,875,640,183,2682,1,1,1,1,0,0,15240,8636,-4228,-231,-329,78
I,1,1306,757,794,327,2559,1,1,1,1,0,0,15068,8480,-4328,-997,-531,237
I,1,1342,767,734,304,2559,0,1,1,1,0,0,15064,8480,-4420,-378,-432,269
I,1,1393,761,799,259,2559,1,1,1,1,0,0,15524,8508,-4316,-394,-573,43
I,1,1333,768,843,138,2598,0,1,1,1,0,0,15452,8576,-4512,-242,-416,174
I,1,1241,704,801,386,2551,0,1,1,1,0,0,15316,8316,-4556,-499,-265,90
I,1,1307,815,759,284,2559,1,1,1,1,0,0,15484,8316,-4472,-39,-235,32
I,1,1313,781,779,283,2559,1,1,1,1,0,0,15200,8656,-4904,-773,-415,47
I,1,1315,767,739,281,2559,1,1,1,1,0,0,15296,8376,-4504,-205,26,165
I,1,1414,805,557,331,2608,1,1,1,1,0,0,15200,8588,-4712,-994,-298,260
I,1,1355,816,703,241,2558,1,1,1,1,0,0,15132,8368,-4420,-712,133,148
I,1,1311,818,752,281,2549,1,1,1,1,0,0,15296,8532,-4412,-1037,-412,172
I,1,1325,779,763,308,2559,0,1,1,1,0,0,14728,9312,-4644,-649,141,903
I,1,1232,766,674,240,2626,1,1,1,1,0,0,15264,8620,-3864,206,179,1554
I,1,1277,819,754,225,2595,0,1,1,1,0,0,15620,7720,-4404,-1250,-1078,1371
I,1,1304,753,817,343,2645,1,1,1,1,0,0,16232,6400,-4740,-671,-538,477
I,1,1361,772,736,304,2593,1,1,1,1,0,0,16140,6704,-4468,-1198,-109,-1112
I,1,1274,766,768,292,2559,1,1,1,1,0,0,15864,8828,-4292,603,55,-1000
I,1,1313,816,783,247,2593,1,1,1,1,0,0,15092,9328,-5120,-239,-209,-122
I,1,1274,798,875,298,2559,0,0,1,1,0,0,14628,9136,-5180,-879,263,541
I,1,1294,639,872,338,2554,1,1,1,1,0,0,15332,8032,-3944,-760,505,33
I,1,1303,784,737,281,2585,1,1,1,1,0,0,15508,8088,-3864,-1146,-678,418
I,1,1318,790,742,277,2559,0,0,1,1,0,0,15428,8084,-4568,-768,-342,108
I,1,1307,752,743,245,2554,1,1,1,1,0,0,15364,7876,-3836,-482,-155,-377
I,1,1350,657,718,439,2666,0,1,1,1,0,0,15388,8676,-3992,-630,-763,-242
I,1,1287,783,637,336,2586,1,1,1,1,0,0,15284,8568,-4544,480,-257,113
I,1,1315,780,754,256,2582,1,1,1,1,0,0,15092,8688,-5388,-723,-792,426
I,1,1313,766,758,267,2555,0,0,1,1,0,0,15304,8444,-4840,-954,-431,422
I,1,1527,693,619,347,2614,1,1,1,1,0,0,15380,7780,-4240,-1975,-178,-169
I,1,1420,864,563,252,2624,1,1,1,1,0,0,15416,8644,-4196,-1307,-458,22
I,1,1313,745,755,326,2596,1,1,1,1,0,0,15464,8844,-4472,-131,245,522
I,1,1331,754,734,272,2593,1,1,1,1,0,0,15276,8416,-4868,-682,-23,771
I,1,1304,797,731,207,2559,1,1,1,1,0,0,15120,7636,-4496,-1097,35,382
I,1,1311,781,734,399,2608,1,1,1,1,0,0,15624,7688,-3252,-968,-355,-467
I,1,1344,653,690,406,2667,0,1,1,1,0,0,15508,7932,-3220,554,-915,-465
I,1,1307,905,774,464,2559,1,1,1,1,0,0,15280,8704,-4596,177,-1031,-68
I,1,1296,746,783,315,2559,1,1,1,1,0,0,14972,8680,-5112,938,-370,209
I,1,1313,783,758,291,2559,0,1,1,1,0,0,15172,8624,-4772,538,-420,-6
I,1,1349,731,676,275,2608,1,1,1,1,0,0,15264,8912,-5288,-108,-254,342
I,1,1263,816,901,294,2529,0,0,1,1,0,0,15280,8664,-5324,-487,73,767
I,1,1281,725,750,272,2558,1,1,1,1,0,0,15280,8664,-5324,-487,73,767
I,1,1264,750,758,272,2606,1,1,1,1,0,0,15280,8664,-5324,-487,73,767
I,1,1307,808,781,274,2596,1,1,1,1,0,0,15280,8664,-5324,-487,73,767
I,1,1309,763,704,286,2559,1,1,1,1,0,0,15280,8664,-5324,-487,73,767
I,1,1273,784,779,177,2559,0,1,1,1,0,0,15280,8664,-5324,-487,73,767
I,1,1330,855,771,307,2549,1,1,1,1,0,0,15280,8664,-5324,-487,73,767
I,1,1212,777,775,257,2559,0,1,1,1,0,0,15280,8664,-5324,-487,73,767
I,1,1284,843,703,202,2599,1,1,1,1,0,0,15280,8664,-5324,-487,73,767
I,1,1296,591,765,364,2543,0,1,1,1,0,0,15280,8664,-5324,-487,73,767
I,1,1571,770,717,271,2602,1,1,1,1,0,0,15280,8664,-5324,-487,73,767
I,1,1287,767,739,253,2558,1,1,1,1,0,0,15280,8664,-5324,-487,73,767
I,1,1277,771,752,287,2593,1,1,1,1,0,0,15280,8664,-5324,-487,73,767
I,1,1290,782,756,293,2557,0,1,1,1,0,0,15280,8664,-5324,-487,73,767
I,1,1282,785,768,289,2539,1,1,1,1,0,0,15280,8664,-5324,-487,73,767
I,1,1223,784,823,277,2589,0,1,1,1,0,0,15092,8300,-3600,489,2784,-685
I,1,1174,763,896,336,2514,1,1,1,1,0,0,15884,8608,-2288,-2263,1194,46
I,1,1307,760,647,318,2623,0,1,1,1,0,0,16072,6724,-1880,-1998,-1055,485
I,1,1254,752,773,306,2594,0,1,1,1,0,0,16316,7044,-2456,-3386,-3285,379
I,1,1273,793,785,272,2559,1,1,1,1,0,0,16416,7972,-3860,-1536,-3092,1299
I,1,1307,809,459,169,2589,0,1,1,1,0,0,15940,7728,-5004,-1242,-628,2211
I,1,1219,886,774,190,2579,1,1,1,1,0,0,15740,5508,-4828,-609,-2420,1701
I,1,1272,715,539,315,2502,0,1,1,1,0,0,15820,5852,-6044,-1338,-2428,-1264
I,1,1266,778,734,304,2559,1,1,1,1,0,0,15368,8228,-5748,-1611,-1111,-1400
I,1,1263,781,749,269,2601,1,1,1,1,0,0,15172,8356,-5356,-1256,-734,106
I,1,1275,1292,773,307,2559,0,1,1,1,0,0,15092,7924,-5060,-1316,-1025,1245
I,1,1343,784,619,176,2675,1,1,1,1,0,0,15664,6704,-5248,-1133,-1619,1300
I,1,1197,817,788,258,2642,0,1,1,1,0,0,15828,6544,-6268,-1463,-1320,64
I,1,1246,762,784,276,2582,0,1,1,1,0,0,15868,7224,-5480,185,114,149
I,1,1260,784,779,299,2559,1,1,1,1,0,0,15976,6540,-5456,-635,-845,321
I,1,1184,880,1200,144,2539,0,1,1,1,0,0,16044,6504,-5876,429,-623,446
I,1,1108,765,829,295,2532,1,1,1,1,0,0,16172,6464,-6200,-906,-492,447
I,1,893,789,681,287,2631,1,1,1,1,0,0,15904,6688,-5968,-1431,235,-14
I,1,1271,768,749,281,2586,0,1,1,1,0,0,16760,6316,-6024,-2392,-499,-530
I,1,1264,767,775,277,2559,1,1,1,1,0,0,16672,6116,-8224,-3294,-15,-542
I,1,1758,807,791,289,2522,0,1,1,1,0,0,15672,6824,-7160,-2010,2376,-2041
I,1,1360,878,598,190,2674,1,1,1,1,0,0,15740,7724,-4784,-3880,2575,-1969
I,1,1258,739,731,237,2592,0,1,1,1,0,0,15508,7684,-2372,-2439,2575,-1422
I,1,1258,797,782,268,2559,1,1,1,1,0,0,15340,8064,-1284,-2062,1071,-2134
I,1,1232,766,752,281,2559,1,1,1,1,0,0,15408,9484,-1356,-1208,-734,-1476
I,1,1221,825,795,217,2529,1,1,1,1,0,0,14840,9968,-2712,377,-1999,-578
I,1,1179,770,930,272,2539,1,1,1,1,0,0,14544,9968,-3924,771,-1596,550
I,1,1296,822,755,295,2559,1,1,1,1,0,0,15060,8724,-4424,1810,-1006,435
I,1,1245,781,774,271,2559,1,1,1,1,0,0,15132,8528,-5468,-40,-1750,235
I,1,1266,771,773,289,2559,1,1,1,1,0,0,15176,8524,-5468,534,-813,449
I,1,1280,730,747,334,2608,0,1,1,1,0,0,15548,8056,-5124,-168,-159,317
I,1,1327,769,707,282,2625,1,1,1,1,0,0,15840,7988,-4908,-170,-897,468
I,1,1279,800,802,186,2559,1,1,1,1,0,0,15324,7884,-6008,-900,-433,655
I,1,1296,789,767,285,2559,1,1,1,1,0,0,15292,7708,-5052,-541,551,213
I,1,1305,809,779,279,2624,1,1,1,1,0,0,15428,7956,-4320,-937,-508,-227
I,1,1296,750,811,225,2606,0,1,1,1,0,0,15268,7872,-4012,-1035,-500,-391
I,1,1262,767,796,310,2542,1,1,1,1,0,0,15400,8188,-3280,-87,-813,-560
I,1,1245,755,787,297,2589,1,1,1,1,0,0,15068,9060,-4848,-1023,-1854,-454
I,1,1267,789,768,279,2559,0,1,1,1,0,0,14844,8932,-5392,469,-914,216
I,1,1259,784,900,270,2559,1,1,1,1,0,0,15000,8224,-5772,-296,-1173,56
I,1,1236,758,808,336,2547,1,1,1,1,0,0,14896,9008,-5580,-485,-385,76
I,1,1322,826,689,208,2592,1,1,1,1,0,0,15096,8236,-4876,-562,-578,444
I,1,1269,773,810,313,2559,1,1,1,1,0,0,15340,8376,-5096,-1148,-1177,274
I,1,1265,794,780,276,2559,1,1,1,1,0,0,15216,8060,-5292,-858,-804,573
I,1,1281,751,854,272,2559,1,1,1,1,0,0,15064,7628,-5116,-710,-691,316
I,1,1253,767,784,310,2603,0,1,1,1,0,0,14980,7948,-5336,-621,-775,-459
I,1,1250,688,766,384,2598,0,1,1,1,0,0,14928,8432,-5652,-466,-734,-817
I,1,1242,747,783,276,2556,1,1,1,1,0,0,14904,8780,-5740,-545,-443,-486
I,1,1264,784,789,255,2587,1,1,1,1,0,0,14764,8536,-5644,-1264,-616,-285
I,1,1271,781,759,13,2559,1,1,1,1,0,0,14936,8508,-5476,-1374,-918,-206
I,1,1301,745,727,211,2608,1,1,1,1,0,0,14776,8408,-4864,-189,-87,-710
I,1,1164,983,764,94,2559,1,1,1,1,0,0,14840,8536,-4756,1662,-351,-929
I,1,1259,733,726,291,2586,1,1,1,1,0,0,14616,9000,-6224,312,-934,-756
I,1,1241,756,761,288,2583,0,1,1,1,0,0,14284,9496,-6040,826,-53,-214
I,1,1238,946,759,227,2587,1,1,1,1,0,0,14520,8852,-5680,693,-325,-121
I,1,1231,867,753,176,2629,0,1,1,1,0,0,14412,9264,-6228,-552,-545,294
I,1,1215,802,789,272,2559,0,1,1,1,0,0,14520,8408,-6324,-145,138,513
I,1,1264,778,777,277,2559,1,1,1,1,0,0,14644,8444,-6736,-1590,94,363
I,1,1267,754,775,281,2585,1,1,1,1,0,0,14504,8632,-6068,-763,985,390
I,1,1229,769,752,304,2598,1,1,1,1,0,0,14620,8308,-4636,264,2149,-132
I,1,1402,636,755,427,2593,0,1,1,1,0,0,15268,8712,-5080,-691,1646,-445
I,1,1533,780,786,208,2589,1,1,1,1,0,0,15048,9208,-5636,-1092,-728,661
I,1,1273,783,758,256,2551,1,1,1,1,0,0,14732,8752,-5904,-1689,-509,770
I,1,1264,778,771,287,2579,1,1,1,1,0,0,15200,8980,-5032,-1132,-528,1301
I,1,1264,975,718,260,2607,1,1,1,1,0,0,14484,7136,-4788,-1466,-1899,463
I,1,1259,879,816,153,2498,1,1,1,1,0,0,15068,7992,-5176,-381,-687,131
I,1,1232,739,773,208,2537,1,1,1,1,0,0,14900,8444,-5720,-487,327,-282
I,1,1266,770,751,262,2559,1,1,1,1,0,0,14712,8844,-5256,-303,239,-80
I,1,1264,799,751,284,2559,0,1,1,1,0,0,14460,8780,-5188,-223,22,149
I,1,1253,768,752,272,2535,1,1,1,1,0,0,14536,8896,-5152,-87,-167,393
I,1,1322,782,670,238,2641,1,1,1,1,0,0,14740,8500,-5052,-40,-254,386
I,1,1313,808,799,272,2620,1,1,1,1,0,0,14816,8464,-5716,248,-12,435
I,1,1291,784,765,273,2559,1,1,1,1,0,0,14524,8256,-4028,-192,1189,172
I,1,1267,778,754,269,2587,1,1,1,1,0,0,15316,7796,-5892,223,-212,-53
I,1,1271,814,767,422,2555,1,1,1,1,0,0,15196,8280,-5748,-806,-647,-339
I,1,1177,753,871,331,2553,0,1,1,1,0,0,14860,8140,-6336,-577,-395,-255
I,1,1275,763,545,289,2586,1,1,1,1,0,0,14692,8372,-6140,-426,-89,-98
I,1,1254,771,777,304,2559,1,1,1,1,0,0,14724,8304,-5636,-532,458,-435
I,1,1231,766,767,283,2559,0,0,1,1,0,0,14688,8572,-5364,-300,630,-455
I,1,1205,773,759,284,2559,1,1,1,1,0,0,14640,8356,-5664,28,1061,-406
I,1,1217,879,833,160,2487,1,1,1,1,0,0,14416,8612,-5388,-901,-469,-301
I,1,1234,752,778,505,2559,1,1,1,1,0,0,14944,8956,-5128,-89,-656,29
I,1,1230,737,766,304,2557,1,1,1,1,0,0,14964,8720,-5380,-892,-776,326
I,1,1216,773,720,176,2554,1,1,1,1,0,0,14892,8572,-5360,-145,-418,263
I,1,1132,695,711,291,2559,1,1,1,1,0,0,14656,8500,-5524,-520,-636,76
I,1,1232,719,749,333,2592,1,1,1,1,0,0,15008,8768,-5784,-40,-574,303
I,1,1166,822,794,471,2580,1,1,1,1,0,0,14784,8056,-5992,-430,-157,404
I,1,1235,767,763,309,2585,1,1,1,1,0,0,14024,8280,-5112,-55,134,-984
I,1,1299,775,707,261,2559,0,1,1,1,0,0,15156,10504,-4392,528,-474,-109
I,1,1296,773,774,272,2586,1,1,1,1,0,0,14944,8632,-6404,-1730,-1906,2061
I,1,1246,656,753,416,2592,0,0,1,1,0,0,14200,7320,-7936,-3698,-1020,908
I,1,1231,807,784,273,2559,1,1,1,1,0,0,14372,8008,-5424,213,1477,-1035
I,1,1212,777,779,311,2559,1,1,1,1,0,0,15892,9020,-3928,160,-250,-328
I,1,1244,766,735,288,2630,0,1,1,1,0,0,14732,7740,-6120,-2191,-1614,1013
I,1,1264,852,686,289,2525,1,1,1,1,0,0,13824,7680,-5492,524,700,-828
I,1,1136,715,912,304,2446,0,0,1,1,0,0,14740,10072,-4640,997,-144,-1213
I,1,1247,778,759,274,2559,1,1,1,1,0,0,14808,10084,-6424,-409,-1922,1056
I,1,1261,802,758,304,2559,1,1,1,1,0,0,14724,8092,-6860,-323,-25,1887
I,1,1248,775,727,45,2559,0,1,1,1,0,0,15564,7084,-6624,-1052,-126,991
I,1,1310,776,715,191,2594,1,1,1,1,0,0,14620,6612,-6140,-1422,116,-858
I,1,1239,825,763,210,2585,0,1,1,1,0,0,14516,9516,-4076,-312,678,-2126
I,1,1242,769,784,323,2584,0,1,1,1,0,0,15104,10636,-5172,496,-1421,663
I,1,1297,762,753,253,2559,1,1,1,1,0,0,14772,8984,-7992,-2726,-1294,2166
I,1,1271,756,752,156,2581,0,1,1,1,0,0,13560,6104,-6776,-916,1092,579
I,1,1216,807,752,313,2525,1,1,1,1,0,0,14508,8500,-3260,132,1481,-2194
I,1,1312,842,709,178,2559,1,1,1,1,0,0,15608,10704,-3928,837,-2219,70
I,1,1310,787,763,319,2559,1,1,1,1,0,0,15112,8824,-7948,-1625,-1854,1973
I,1,1253,768,762,275,2554,1,1,1,1,0,0,14340,6608,-7680,-894,904,1432
I,1,1247,773,801,266,2580,0,1,1,1,0,0,14696,7464,-4876,132,1255,-1703
I,1,1263,682,948,358,2559,0,1,1,1,0,0,15112,10492,-4288,-271,-1046,-549
I,1,1349,800,681,240,2650,1,1,1,1,0,0,14672,9148,-6916,-523,-714,1794
I,1,1268,782,752,244,2594,1,1,1,1,0,0,14764,7168,-7084,-824,441,1345
I,1,1264,743,747,294,2586,1,1,1,1,0,0,14468,7248,-4712,-327,910,-804
I,1,1296,784,759,288,2559,1,1,1,1,0,0,15044,9572,-3476,793,-246,-1175
I,1,1217,697,963,211,2522,1,1,1,1,0,0,14936,9428,-6236,-366,-2153,1063
I,1,1281,718,688,268,2605,1,1,1,1,0,0,14904,8044,-8088,-983,-231,1699
I,1,1235,821,777,291,2559,1,1,1,1,0,0,15360,6188,-6172,386,1061,677
I,1,1245,771,808,304,2547,1,1,1,1,0,0,15056,6656,-4712,517,681,-1463
I,1,1313,777,731,244,2595,0,1,1,1,0,0,14880,9496,-4744,536,63,-1752
I,1,1227,810,782,247,2592,1,1,1,1,0,0,14900,9976,-6376,535,-639,254
I,1,1355,691,772,259,2586,1,1,1,1,0,0,14520,8204,-7200,-965,3,1211
I,1,1293,805,752,272,2559,1,1,1,1,0,0,14528,7588,-5428,-738,830,-455
I,1,1287,773,746,272,2587,1,1,1,1,0,0,15200,8860,-4224,-836,-66,-721
I,1,1243,780,816,314,2588,0,1,1,1,0,0,14900,8860,-5704,-1288,-1468,498
I,1,1310,843,674,213,2590,1,1,1,1,0,0,14572,8312,-6524,-1131,-726,1012
J,1,1199,742,751,346,2590,1,1,1,1,1,0,15452,8116,-4680,-616,-302,-103
J,1,1211,797,663,305,2605,1,1,1,1,1,0,15556,8656,-4736,-797,-289,-74
J,1,1243,759,728,326,2590,1,1,1,1,1,0,15448,9660,-4708,-1568,-1491,-36
J,1,1157,592,669,500,2679,0,1,1,1,1,0,15228,10024,-4884,-2600,-3368,-983
J,1,1125,763,816,305,2559,1,1,1,1,1,0,12952,9028,-4108,-1698,-5659,412
J,1,1085,739,741,317,2581,1,1,1,1,1,0,11188,4492,-2972,2286,-9373,282
J,1,1125,719,688,212,2559,1,1,1,1,1,0,9672,5228,-4016,2617,-14251,-936
J,1,1086,743,762,285,2615,1,1,1,1,1,0,11060,4980,-7940,7497,-14972,-682
J,1,1034,751,797,334,2555,0,1,1,1,1,0,14168,6728,-9200,10688,-11718,541
J,1,1022,686,771,355,2597,1,1,1,1,1,0,16612,3524,-11408,16343,-9525,-2513
J,1,1023,750,772,385,2601,1,1,1,1,1,0,15588,4504,-12244,16930,-5227,-3900
J,1,1009,725,703,351,2556,0,1,1,1,1,0,13440,4524,-16944,15624,-3665,-9064
J,1,1019,662,749,198,2554,1,1,1,1,1,0,13292,1592,-12716,17545,4642,-12532
J,1,1133,829,667,141,2614,1,1,1,1,1,0,12436,3444,-18092,14028,775,-15041
J,1,1109,729,769,131,2551,0,1,1,1,1,0,11692,6240,-23736,-2342,2309,-13436
J,1,1161,727,687,312,2593,1,1,1,1,1,0,10996,5464,-23468,-10316,5414,-9738
J,1,1123,772,624,191,2559,1,1,1,1,1,0,11128,5544,-17656,-11372,12447,-6146
J,1,1088,638,748,280,2605,1,1,1,1,1,0,10808,3300,-15568,-15011,11919,-4814
J,1,1296,785,639,222,2620,1,1,1,1,1,0,10268,4900,-12044,-16710,10076,-4707
J,1,1226,770,720,257,2557,0,1,1,1,1,0,9428,5972,-8676,-13162,10267,-3688
J,1,1123,757,754,335,2559,1,1,1,1,1,0,9448,4424,-5964,-7246,7935,-3625
J,1,1469,748,721,330,2607,0,1,1,1,1,0,9632,7076,-3508,-6113,6190,-3133
J,1,1165,880,592,131,2665,1,1,1,1,1,0,9320,8568,-2240,-4032,3252,-2058
J,1,1086,790,749,145,2589,1,1,1,1,1,0,9052,9652,-2060,-2304,768,-146
J,1,1090,707,753,322,2618,1,1,1,1,1,0,9732,10768,-3092,-293,-1672,2819
J,1,1073,752,718,273,2559,1,1,1,1,1,0,11148,11636,-4664,825,-2567,4618
J,1,1023,750,754,304,2559,0,1,1,1,1,0,12988,11148,-6012,-28,-3454,5863
J,1,1104,638,783,324,2559,0,1,1,1,1,0,14604,11160,-7984,-3364,-3914,6086
J,1,1139,793,624,213,2608,1,1,1,1,1,0,16696,11756,-8480,-7038,-3328,4474
J,1,1031,756,770,332,2559,1,1,1,1,1,0,17380,14064,-8804,-10238,-1970,3119
J,1,1078,742,769,314,2559,1,1,1,1,1,0,17256,12236,-5976,-9185,206,2589
J,1,1058,730,674,243,2605,0,1,1,1,1,0,16864,8920,-2920,-6576,183,2113
J,1,899,765,940,580,2400,1,1,1,1,1,0,15264,7736,-1728,-6415,-973,-759
J,1,1086,624,739,401,2608,1,1,1,1,1,0,14112,5724,-2264,-6480,-3184,-2066
J,1,1157,761,775,247,2559,1,1,1,1,1,0,13620,7820,-2440,-6215,-2015,-1737
J,1,1135,720,758,325,2581,1,1,1,1,1,0,12952,8712,-2148,-2311,-231,-1478
J,1,894,720,789,241,2559,1,1,1,1,1,0,13016,10148,-1552,-2636,-436,-808
J,1,1162,861,818,51,2617,1,1,1,1,1,0,12184,10552,-1628,-1761,-445,148
J,1,1122,771,746,222,2559,1,1,1,1,1,0,12524,11144,-1856,-5,-749,2039
J,1,1183,737,752,215,2559,1,1,1,1,1,0,13228,11328,-1804,474,-661,2425
J,1,1159,800,738,272,2586,1,1,1,1,1,0,13020,10048,-1540,2702,-1933,3898
J,1,1174,739,705,303,2511,0,1,1,1,1,0,12180,7216,-1892,4639,-4556,3287
J,1,1287,785,641,289,2626,1,1,1,1,1,0,12316,6440,-2828,3861,-8074,2587
J,1,1124,788,593,310,16,1,1,1,1,1,0,13008,7660,-5236,3476,-12342,279
J,1,1137,743,745,288,2582,1,1,1,1,1,0,13124,7960,-6984,7176,-13674,1048
J,1,1108,720,735,326,2602,1,1,1,1,1,0,11552,8152,-7028,11165,-13726,3209
J,1,936,663,817,336,2516,0,0,1,1,1,0,13332,5280,-13420,13590,-13166,1223
J,1,960,624,796,400,2586,1,1,1,1,1,0,16288,3516,-13940,15153,-6239,-653
J,1,954,862,837,146,2583,1,1,1,1,1,0,13860,7016,-14356,15403,-2213,-1266
J,1,932,721,741,289,220,1,1,1,1,1,0,14424,3208,-14956,16692,-1556,-7240
J,1,1003,763,739,214,183,1,1,1,1,1,0,13800,1884,-16524,9404,-1127,-9449
J,1,957,637,757,256,1634,1,1,1,1,1,0,10596,6604,-18216,108,1223,-10256
J,1,975,631,768,480,336,0,1,1,1,1,0,11300,7472,-17764,817,4703,-7680
J,1,975,1318,775,259,201,1,1,1,1,1,0,11932,4584,-16328,-3036,7207,-4582
J,1,995,724,783,320,481,1,1,1,1,1,0,11764,3908,-15292,-6003,8146,-4429
J,1,1023,754,813,257,251,1,1,1,1,1,0,12364,4440,-13076,-7160,8970,-4042
J,1,1062,786,731,211,94,1,1,1,1,1,0,11592,5156,-11592,-8056,8626,-3469
J,1,1035,896,832,112,65,1,1,1,1,1,0,12088,5868,-10112,-7543,6917,-2310
J,1,1098,777,753,286,258,1,1,1,1,1,0,12568,7076,-9576,-9347,6111,-2222
J,1,1070,782,765,240,2559,1,1,1,1,1,0,12416,6744,-7856,-5651,5844,-1181
J,1,1072,561,750,304,2598,1,1,1,1,1,0,12908,5984,-6228,-2592,4551,-1394
J,1,1148,655,702,398,2607,0,1,1,1,1,0,12280,7280,-5176,-3346,2189,-2083
J,1,1133,807,611,176,2635,1,1,1,1,1,0,10932,8228,-4420,754,428,225
J,1,940,720,761,274,2584,1,1,1,1,1,0,11564,6020,-4076,4998,-450,2227
J,1,998,768,764,309,2582,1,1,1,1,1,0,11408,6640,-6692,830,-3998,2169
J,1,931,832,699,307,2585,1,1,1,1,1,0,12624,8752,-9848,-4250,-5293,2862
J,1,1001,790,725,257,2553,0,1,1,1,1,0,15160,11008,-11808,-6674,-4784,3260
J,1,1063,720,618,215,2626,1,1,1,1,1,0,16744,11728,-13044,-12025,-2344,2028
J,1,944,836,684,208,2593,1,1,1,1,1,0,16732,12176,-10720,-13523,-815,3383
J,1,1007,710,736,276,2559,0,1,1,1,1,0,16080,8824,-7744,-9080,4656,3519
J,1,907,634,749,291,2595,1,1,1,1,1,0,15316,5652,-4208,-10263,5298,1382
J,1,995,770,755,303,2621,0,1,1,1,1,0,14356,6752,-1528,-11306,3732,-62
J,1,1079,695,750,348,2558,1,1,1,1,1,0,13700,7472,116,-7044,3278,-297
J,1,1020,833,742,295,2558,1,1,1,1,1,0,14320,8224,676,-4125,1683,-181
J,1,1067,765,725,285,2559,1,1,1,1,1,0,14580,9412,-156,-3986,921,-350
J,1,1078,774,721,233,2504,1,1,1,1,1,0,14648,9920,-1012,-2111,430,308
J,1,1043,821,666,318,2559,1,1,1,1,1,0,15780,9764,-268,-780,605,615
J,1,1017,694,823,355,2534,1,1,1,1,1,0,15008,9752,-1228,-2237,-76,-746
J,1,1110,770,635,293,2553,1,1,1,1,1,0,14916,9456,-820,269,-801,-518
J,1,1147,742,734,243,2583,1,1,1,1,1,0,14364,10224,-1216,-919,-729,-271
J,1,1171,704,789,323,2559,1,1,1,1,1,0,14372,9436,-1756,-1048,-1033,-138
J,1,1101,1005,700,91,2496,1,1,1,1,1,0,14740,10388,-1672,-921,-568,410
J,1,1168,687,781,406,2556,1,1,1,1,1,0,14724,10264,-1272,-365,-348,192
J,1,1171,817,746,299,2559,1,1,1,1,1,0,14364,10272,-976,-16,-945,1232
J,1,1167,763,755,321,2559,1,1,1,1,1,0,12928,8264,32,1749,-2034,1957
J,1,1165,721,747,280,2558,1,1,1,1,1,0,12456,6864,-72,3074,-6804,1456
J,1,1072,931,779,208,2492,1,1,1,1,1,0,12312,9200,-1348,4090,-10530,1445
J,1,1004,697,822,363,2559,1,1,1,1,1,0,13904,6880,-3536,9189,-12560,1160
J,1,954,761,807,256,224,1,1,1,1,1,0,13944,7708,-6524,5664,-14819,-38
J,1,946,737,766,308,2548,1,1,1,1,1,0,14296,7548,-10520,7543,-13491,-2073
J,1,1040,789,652,239,2608,1,1,1,1,1,0,15064,6976,-10548,12199,-6565,-135
J,1,893,918,718,192,2553,1,1,1,1,1,0,14484,6860,-11400,13091,-3183,-811
J,1,1099,671,583,465,2559,1,1,1,1,1,0,15352,3780,-12972,12830,-1126,-3750
J,1,915,743,704,234,2543,1,1,1,1,1,0,14584,4244,-11840,10603,273,-5023
J,1,944,749,708,272,2587,1,1,1,1,1,0,12912,7744,-15960,3998,-612,-8195
J,1,945,709,726,306,2559,1,1,1,1,1,0,12452,9580,-16068,2355,3964,-5846
J,1,981,831,752,163,2559,1,1,1,1,1,0,12152,6684,-13584,3740,7270,-3194
J,1,975,740,645,329,2664,0,1,1,1,1,0,12548,5020,-12644,-1426,6780,-3642
J,1,999,778,758,317,2559,1,1,1,1,1,0,12508,7096,-12504,-4280,5977,-4226
J,1,1023,766,715,238,2559,1,1,1,1,1,0,12428,7480,-10956,-3654,6743,-2458
J,1,827,731,736,272,2538,1,1,1,1,1,0,13200,7696,-9660,-6523,6014,-3046
J,1,853,688,921,321,2527,1,1,1,1,1,0,13548,7204,-8824,-4978,4938,-2293
J,1,971,749,656,242,2595,1,1,1,1,1,0,13276,7208,-8072,-4716,4803,-2862
J,1,1043,751,710,335,2592,1,1,1,1,1,0,12492,7116,-6652,-4685,3440,-2528
J,1,1023,752,689,279,2579,1,1,1,1,1,0,11892,8136,-5828,-3387,2428,-1440
J,1,1168,735,674,598,2583,1,1,1,1,1,0,12336,7888,-5468,-1497,1611,-644
J,1,1081,717,745,336,2599,1,1,1,1,1,0,12780,8024,-6004,-1285,286,-293
J,1,1050,794,683,175,2606,1,1,1,1,1,0,13280,9792,-6712,-3024,-790,-21
J,1,1054,759,699,273,2594,1,1,1,1,1,0,13744,9744,-6752,-2231,41,1249
J,1,1023,754,721,638,2603,0,0,1,1,1,0,14732,9276,-7092,-2671,542,1221
J,1,1049,782,704,240,2587,1,1,1,1,1,0,14624,10556,-8036,-7374,629,-92
J,1,1023,816,768,182,2559,1,1,1,1,1,0,14536,10936,-6628,-8430,1170,1103
J,1,1082,752,670,418,2814,1,1,1,1,1,0,13916,10108,-4624,-7390,592,2312
J,1,1055,742,721,286,2559,1,1,1,1,1,0,13316,8784,-3144,-6943,-1095,1763
J,1,1022,751,704,304,2559,0,1,1,1,1,0,12920,9916,-2868,-7291,-1783,1509
J,1,1091,607,583,527,2692,1,1,1,1,1,0,13900,9036,-3364,-5981,-1408,2277
J,1,1174,821,618,130,2614,1,1,1,1,1,0,15044,8888,-3700,-6448,-1164,2371
J,1,1073,878,717,360,2559,1,1,1,1,1,0,15732,9152,-2936,-5403,258,2278
J,1,1068,745,770,282,2559,1,1,1,1,1,0,16072,8808,-1260,-2728,1718,2327
J,1,1051,797,716,273,2531,1,1,1,1,1,0,16384,8404,-676,-3038,849,1178
J,1,1050,739,685,224,2547,1,1,1,1,1,0,15660,9544,-904,-3309,285,-249
J,1,1280,832,495,94,2705,1,1,1,1,1,0,15560,9896,-1004,-1641,324,-64
J,1,1111,737,720,643,2559,1,1,1,1,1,0,15012,9480,-1236,-1548,-630,-30
J,1,1066,718,719,301,2591,1,1,1,1,1,0,14600,9752,-1104,-654,-1806,28
J,1,1053,767,816,178,2559,1,1,1,1,1,0,13192,9200,-1464,-496,-3702,213
J,1,922,709,867,510,2551,1,1,1,1,1,0,11840,8984,-656,3109,-6319,3297
J,1,1090,720,623,305,2635,1,1,1,1,1,0,14152,6740,-2884,3214,-7683,2469
J,1,1040,715,750,326,2585,1,1,1,1,1,0,15472,8704,-4652,698,-9565,705
J,1,977,767,699,277,2583,1,1,1,1,1,0,14884,9492,-5736,1403,-9931,477
J,1,889,789,669,320,2559,0,1,1,1,1,0,13188,6108,-5940,2464,-9865,1207
J,1,742,665,784,255,2552,1,1,1,1,1,0,12292,7016,-6332,3369,-11764,1276
J,1,970,720,696,319,2551,1,1,1,1,1,0,13084,3876,-7432,7768,-11558,1260
J,1,917,732,715,247,2598,1,1,1,1,1,0,13096,7080,-9552,6993,-9120,201
J,1,928,734,686,298,2585,1,1,1,1,1,0,15212,7040,-11372,10601,-6455,615
J,1,927,777,635,236,2614,0,1,1,1,1,0,15060,5364,-12356,9809,-3041,76
J,1,879,693,907,202,2557,0,1,1,1,1,0,16140,4344,-12844,9305,-2032,-2105
J,1,925,719,698,330,2559,1,1,1,1,1,0,13992,4804,-13252,6965,-829,-3638
J,1,899,762,723,250,2559,1,1,1,1,1,0,13376,5416,-14524,5831,584,-5258
J,1,942,768,752,304,2559,1,1,1,1,1,0,13584,4604,-13912,4982,2194,-5671
J,1,941,761,720,293,2559,1,1,1,1,1,0,12632,4820,-15168,399,5557,-6393
J,1,863,627,1087,258,2510,1,1,1,1,1,0,12444,6188,-14096,-1824,5910,-3743
J,1,911,620,762,241,2550,0,1,1,1,1,0,12892,4952,-12576,-2961,6830,-4027
J,1,912,758,725,224,2593,1,1,1,1,1,0,12164,4208,-11692,-3636,6462,-4064
J,1,958,784,720,246,2559,1,1,1,1,1,0,12260,5208,-11332,-5245,5562,-4274
J,1,1066,812,588,171,2551,0,1,1,1,1,0,11364,6796,-9916,-4261,5131,-2790
J,1,858,841,713,163,2605,1,1,1,1,1,0,11344,6632,-8904,-1694,4174,-835
J,1,1009,641,643,402,2555,1,1,1,1,1,0,11896,5644,-8076,-2249,2430,-88
J,1,961,736,722,285,2592,1,1,1,1,1,0,12164,6024,-9188,-2688,874,204
J,1,989,726,737,301,2553,1,1,1,1,1,0,13524,8052,-10456,-5073,812,-521
J,1,976,784,656,299,2559,1,1,1,1,1,0,14720,10536,-10004,-8794,1357,1660
J,1,889,788,848,237,2559,1,1,1,1,1,0,15408,8764,-9092,-12151,2593,1337
J,1,1071,686,537,511,2447,1,1,1,1,1,0,15584,9308,-7420,-14735,2358,1329
J,1,1040,762,674,300,2591,1,1,1,1,1,0,15036,8188,-6636,-11298,4793,1509
J,1,998,756,773,229,2585,1,1,1,1,1,0,14940,7560,-4200,-9802,5828,2737
J,1,954,736,719,316,2595,0,1,1,1,1,0,15048,7512,-1140,-8281,5937,1744
J,1,1174,753,603,280,2643,1,1,1,1,1,0,14896,7312,320,-5765,4657,1288
J,1,1003,645,884,494,2698,1,1,1,1,1,0,14724,8064,588,-5387,3186,428
J,1,978,754,740,277,2559,1,1,1,1,1,0,15060,8440,404,-3396,1827,997
J,1,1046,762,755,272,2582,1,1,1,1,1,0,15228,8004,348,-2297,1463,433
J,1,1008,742,509,304,2559,0,1,1,1,1,0,15692,8492,476,-933,-15,346
J,1,1226,845,473,223,2636,1,1,1,1,1,0,15660,9372,416,-1652,-323,-375
J,1,1051,923,686,272,2587,1,1,1,1,1,0,15208,9248,448,47,-1673,242
J,1,1034,758,699,280,2538,1,1,1,1,1,0,15044,8796,364,466,-2998,95
J,1,1023,784,749,241,2581,1,1,1,1,1,0,14276,9032,-588,227,-5421,341
J,1,1010,782,743,317,2531,0,1,1,1,1,0,15292,8400,-1828,-444,-5925,1190
J,1,1039,683,705,373,2614,1,1,1,1,1,0,15980,8068,-2608,-1495,-5431,1430
J,1,1010,589,704,240,2557,1,1,1,1,1,0,14980,8064,-2356,982,-6561,51
J,1,1018,743,693,247,2592,1,1,1,1,1,0,13612,7968,-2660,2652,-9855,415
J,1,958,720,713,320,2630,1,1,1,1,1,0,13208,8204,-3836,764,-12683,-266
J,1,981,757,717,240,2555,0,1,1,1,1,0,13548,7944,-5440,3197,-13021,991
J,1,1157,736,627,290,2642,1,1,1,1,1,0,14036,7984,-7660,3655,-9434,1204
J,1,829,723,703,291,2634,1,1,1,1,1,0,14748,6988,-7456,6578,-7672,2408
J,1,880,763,738,272,2559,1,1,1,1,1,0,15656,3996,-8520,9290,-8187,68
J,1,850,775,602,287,200,1,1,1,1,1,0,14020,5644,-9756,7325,-8402,-1951
J,1,832,839,753,378,226,1,1,1,1,1,0,13424,6536,-10196,11571,-6431,-3483
J,1,880,681,689,369,317,1,1,1,1,1,0,13776,4544,-13844,13315,-4419,-5299
J,1,889,769,800,256,369,1,1,1,1,1,0,13680,4644,-15416,7603,-175,-6736
J,1,892,777,701,301,2559,1,1,1,1,1,0,12824,7044,-17140,2420,-259,-6818
J,1,926,730,785,79,2602,1,1,1,1,1,0,12112,8432,-16640,-1642,4715,-4771
J,1,873,615,860,352,2587,1,1,1,1,1,0,11948,5844,-14980,1470,8442,-2570
J,1,986,741,586,208,2674,1,1,1,1,1,0,12672,5104,-12812,-1642,9240,-3331
J,1,924,752,711,192,2597,1,1,1,1,1,0,11760,4468,-12172,-2840,7979,-4026
J,1,933,741,688,266,2608,1,1,1,1,1,0,12144,6772,-10980,-2865,7197,-4695
J,1,929,719,678,297,2608,1,1,1,1,1,0,12484,6788,-10536,-3937,7324,-3849
J,1,945,660,855,297,2480,0,1,1,1,1,0,12412,6960,-8676,-4777,5146,-2810
J,1,987,563,635,561,2683,1,1,1,1,1,0,12520,8108,-7772,-4912,4551,-1789
J,1,971,722,725,320,2589,1,1,1,1,1,0,12332,7580,-7188,-3526,4087,-398
J,1,935,764,702,288,2559,1,1,1,1,1,0,12704,7640,-6800,-3024,2874,442
J,1,929,767,689,218,2585,1,1,1,1,1,0,13316,7168,-6376,-2007,1713,624
J,1,1040,742,734,0,2640,1,1,1,1,1,0,13556,7804,-7624,-3623,1005,-162
J,1,815,738,825,362,2531,1,1,1,1,1,0,14236,10276,-8776,-8291,697,-227
J,1,958,773,720,240,2558,1,1,1,1,1,0,14908,10628,-7744,-10468,1935,1421
J,1,951,765,699,301,2559,1,1,1,1,1,0,15500,9668,-5736,-14535,2756,1308
J,1,1023,749,616,378,2083,1,1,1,1,1,0,15500,9668,-5736,-14535,2756,1308
J,1,1137,805,643,204,2633,1,1,1,1,1,0,15008,9116,-1328,-8189,5022,3244
J,1,848,772,879,355,2506,1,1,1,1,1,0,14768,7864,776,-5704,3869,3304
J,1,930,748,701,278,2605,1,1,1,1,1,0,14492,8040,1916,-4542,1656,2903
J,1,967,789,761,270,2559,1,1,1,1,1,0,14556,7564,2056,-1313,247,2869
J,1,946,798,701,401,2594,1,1,1,1,1,0,15592,7368,896,-959,-1137,1986
J,1,1177,727,640,260,2621,1,1,1,1,1,0,16568,7996,188,420,-1193,924
K,1,472,702,1133,417,2667,1,1,0,1,1,1,17680,5244,2532,-623,-199,186
K,1,384,782,1182,379,2617,1,1,1,1,1,1,17368,4780,2132,-362,-817,917
K,1,384,655,1264,435,2635,1,1,1,1,1,1,17628,4292,1908,-68,34,425
K,1,418,642,1130,439,2635,1,1,0,1,1,1,17552,4720,2288,-558,214,3
K,1,400,701,1163,419,2624,1,1,1,1,1,1,17312,4804,2648,-289,-13,158
K,1,291,611,1289,528,2593,1,1,0,1,1,1,17520,4664,2472,-456,-305,-61
K,1,466,582,1129,448,2659,1,1,1,1,1,1,17632,4968,2404,-378,-458,224
K,1,343,691,1175,400,2436,1,1,1,1,1,1,17752,4768,2056,-732,-402,1
K,1,387,657,1179,448,2627,1,1,0,1,1,1,17712,4816,2120,-377,-482,78
K,1,413,677,1147,438,2610,1,1,1,1,1,1,17752,4764,1792,-582,-253,-43
K,1,1,720,1185,419,2679,1,1,0,1,1,1,17780,4948,2172,-369,-179,260
K,1,240,607,1360,554,2496,1,1,1,1,1,1,17496,4648,2120,-524,-179,280
K,1,1143,641,1191,443,2660,1,1,1,1,1,1,17528,4560,2292,-455,-208,111
K,1,383,677,1190,433,2625,1,1,0,1,1,1,17424,4636,2088,-62,-183,135
K,1,433,701,1239,437,2629,1,1,1,1,1,1,17456,5176,2044,-386,-95,146
K,1,481,687,1193,406,2623,1,1,0,1,1,1,17532,4892,2196,-135,-270,442
K,1,325,848,1264,275,2613,1,1,1,1,1,1,17556,4532,2044,-638,-289,79
K,1,398,679,1202,446,2622,1,1,1,1,1,1,17572,4784,2000,-347,-283,298
K,1,449,700,1168,409,2630,1,1,0,1,1,1,17712,4780,2124,-713,-19,51
K,1,457,714,1143,439,2624,1,1,1,1,1,1,17420,4800,1968,-701,-267,148
K,1,255,599,1264,488,2522,1,1,0,1,1,1,17840,4724,2004,-809,-155,121
K,1,305,647,1213,435,2551,1,1,1,1,1,1,17632,4524,2104,-443,99,188
K,1,492,672,1203,445,2627,1,1,1,1,1,1,17804,4372,2288,-374,-102,169
K,1,465,720,1138,415,2624,1,1,0,1,1,1,17672,4704,2316,-568,-364,-12
K,1,413,697,1167,426,2688,1,1,1,1,1,1,17544,4696,2552,228,-275,399
K,1,477,754,1178,340,2654,1,1,0,1,1,1,17304,4884,2352,-422,-571,157
K,1,348,761,1174,330,2621,1,1,1,1,1,1,17536,4744,2012,568,-427,352
K,1,438,667,1152,391,2635,1,1,1,1,1,1,17748,4956,1640,-294,-12,221
K,1,418,667,1163,366,2630,1,1,0,1,1,1,17876,4784,1944,-301,-119,446
K,1,431,635,1190,304,2660,1,1,1,1,1,1,17896,4248,1788,-662,112,-62
K,1,542,771,1071,304,2715,1,1,1,1,1,1,17480,4572,2308,-576,-165,128
K,1,407,747,1213,288,2605,1,1,1,1,1,1,17684,4532,2308,135,-232,230
K,1,379,686,1200,378,2665,1,1,1,1,1,1,17592,4928,2072,-552,-397,98
K,1,432,625,1179,389,2639,1,1,0,1,1,1,17444,4872,2188,21,-132,365
K,1,432,944,1247,404,2634,1,1,1,1,1,1,17740,4428,1976,-487,-491,63
K,1,432,562,1255,393,2636,1,1,0,1,1,1,17596,4452,1712,-500,-307,169
K,1,311,838,1335,315,2605,1,1,1,1,1,1,17652,4632,1936,-577,-232,222
K,1,444,687,1173,383,2624,1,1,1,1,1,1,17604,4592,2108,-448,-367,170
K,1,462,629,1203,388,2623,1,1,0,1,1,1,17628,4608,1848,-583,-364,219
K,1,406,670,1168,404,2544,1,1,1,1,1,1,17604,4468,1832,-727,-290,238
K,1,367,658,1105,481,2621,1,1,0,1,1,1,17820,4616,2080,-618,-122,-74
K,1,679,818,966,367,2645,1,1,1,1,1,1,17708,4708,2168,-550,-261,-2
K,1,423,653,1167,430,2624,1,1,1,1,1,1,17752,4568,2044,-257,-475,157
K,1,407,698,1152,382,2641,1,1,0,1,1,1,17820,4344,1892,-34,-328,24
K,1,404,685,1072,560,2623,1,1,1,1,1,1,17640,4840,2160,-176,-462,30
K,1,267,573,1429,395,2480,1,1,0,1,1,1,17600,4972,1872,-402,-415,82
K,1,487,564,1130,399,2637,1,1,1,1,1,1,17624,4828,1748,-473,-345,47
K,1,401,675,1188,382,2653,1,1,1,1,1,1,17624,4380,1928,-555,-310,35
K,1,399,693,1194,368,2631,1,1,0,1,1,1,17572,4568,1692,-577,-243,13
K,1,384,667,1149,373,2621,1,1,1,1,1,1,17560,4796,1816,-668,-120,-24
K,1,496,752,1168,357,2590,1,1,0,1,1,1,17684,4648,1768,-633,45,-142
K,1,325,720,1232,400,2624,1,1,1,1,1,1,17444,4728,1904,-677,-239,-55
K,1,432,676,1176,358,2615,1,1,1,1,1,1,17888,4936,1928,-318,-111,176
K,1,423,679,1175,390,2639,1,1,0,1,1,1,17660,4616,2120,-573,-317,83
K,1,365,496,1121,492,2337,1,1,1,1,1,1,17648,5068,2024,-229,-135,87
K,1,448,757,1079,356,2681,1,1,1,1,1,1,17744,4700,1984,-456,-306,148
K,1,357,721,1182,407,2621,1,1,1,1,1,1,17808,4676,1948,-305,-246,157
K,1,427,667,1190,389,2653,1,1,1,1,1,1,17648,4608,1952,-635,-252,120
K,1,382,678,1182,375,2622,1,1,0,1,1,1,17600,4712,1988,-427,-525,3
K,1,406,665,1189,411,2610,1,1,1,1,1,1,17672,4844,1916,-659,-280,-57
K,1,469,594,1204,432,2617,1,1,0,1,1,1,17620,4848,2000,-480,-188,-43
K,1,384,661,1169,289,2608,1,1,1,1,1,1,17708,4980,1880,-646,-142,46
K,1,398,647,1184,385,2626,1,1,1,1,1,1,17732,4960,2048,-365,-143,253
K,1,407,627,1164,381,2638,1,1,0,1,1,1,17792,4844,2096,-398,-322,312
K,1,0,667,1165,353,2623,1,1,1,1,1,1,17792,4616,1800,-242,-194,113
K,1,369,561,1259,470,2639,1,1,0,1,1,1,17792,4760,1804,-710,-223,116
K,1,448,716,1248,357,2587,1,1,1,1,1,1,17640,4524,1928,-253,-5,128
K,1,399,677,1216,386,2619,1,1,1,1,1,1,17688,4700,1896,-540,-293,39
K,1,390,693,1172,377,2642,1,1,0,1,1,1,17404,4972,2016,-343,-183,189
K,1,75,656,1057,384,2631,1,1,1,1,1,1,17500,5008,1768,-773,-469,151
K,1,570,439,1140,432,2598,1,1,0,1,1,1,17752,4372,1996,154,-190,417
K,1,336,719,1177,489,2672,1,1,1,1,1,1,17672,4068,1576,-661,-487,-89
K,1,419,684,1200,381,2609,1,1,1,1,1,1,17684,4484,1496,96,-163,-89
K,1,406,678,1168,384,2615,1,1,0,1,1,1,17604,5032,1764,-593,-354,-250
K,1,639,745,1187,366,2621,1,1,1,1,1,1,17524,5524,1512,-575,-208,-64
K,1,319,816,1278,240,2545,1,1,1,1,1,1,17612,5056,1536,-907,-450,230
K,1,417,657,1207,381,2618,1,1,1,1,1,1,17884,4700,1612,-575,-66,356
K,1,395,710,1193,385,2614,1,1,1,1,1,1,17680,4288,1620,-916,-63,46
K,1,393,679,1155,395,2966,1,1,0,1,1,1,17580,4724,2180,-360,73,-33
K,1,385,658,1176,366,2622,1,1,1,1,1,1,17376,4876,1888,-579,-300,107
K,1,446,569,1175,480,2597,1,1,0,1,1,1,17340,5068,2048,-503,-491,222
K,1,441,690,1121,359,2646,1,1,1,1,1,1,17688,4736,1840,-431,-398,332
K,1,423,704,1202,401,2615,1,1,1,1,1,1,17712,4420,1700,-413,-387,221
K,1,407,624,1091,485,2638,1,1,0,1,1,1,17664,4692,1600,-518,-6,-144
K,1,439,643,1193,383,2640,1,1,1,1,1,1,17640,4940,1756,-193,-99,-24
K,1,421,780,1154,333,2645,1,1,1,1,1,1,17516,5268,1872,-797,-303,34
K,1,400,698,1222,382,2608,1,1,0,1,1,1,17376,4924,1148,-391,-168,351
K,1,370,671,1190,389,2624,1,1,1,1,1,1,17804,4584,1644,-525,-436,381
K,1,389,763,1215,367,2617,1,1,1,1,1,1,17764,4360,1460,-385,-416,-2
K,1,351,666,1150,378,2626,1,1,1,1,1,1,17836,4844,1632,-556,-180,-62
K,1,578,688,1088,349,2721,1,1,1,1,1,1,17744,4752,1752,-458,3,-64
K,1,367,741,1213,368,2613,1,1,0,1,1,1,17476,5184,1832,-871,-255,67
K,1,405,668,1179,387,2614,1,1,1,1,1,1,17540,4888,1736,-634,-61,255
K,1,453,654,1195,314,2618,1,1,0,1,1,1,17624,4420,1784,-748,-336,165
K,1,320,658,1178,406,2628,1,1,1,1,1,1,17672,4444,1632,-466,-71,-84
K,1,256,647,1286,402,2559,1,1,0,1,1,1,17612,4984,1944,-509,-283,-63
K,1,451,668,1170,343,2637,1,1,0,1,1,1,17736,4964,1836,-229,-127,66
K,1,430,671,1146,359,2640,1,1,1,1,1,1,17684,5108,1824,-700,-257,77
K,1,352,716,1172,381,2686,1,1,0,1,1,1,17620,4768,1612,-474,-100,76
K,1,368,657,1101,371,2646,1,1,1,1,1,1,17768,4696,1640,-227,23,156
K,1,394,816,1167,309,2611,1,1,0,1,1,1,17552,4816,1980,-478,-407,186
K,1,405,649,1324,338,2582,1,1,0,1,1,1,17724,4804,1904,-232,-409,122
K,1,400,688,1179,356,2624,1,1,1,1,1,1,17544,4648,1896,-596,-551,-134
K,1,403,693,1242,345,2623,1,1,0,1,1,1,17788,4884,1480,53,-195,27
K,1,330,631,1127,386,2602,1,1,1,1,1,1,17496,5144,1444,-909,-384,49
K,1,477,744,1078,320,2661,1,1,1,1,1,1,17468,5080,1868,-521,146,251
K,1,436,928,1141,344,2625,1,1,0,1,1,1,17460,4648,1812,-779,-57,227
K,1,420,663,1175,374,2623,1,1,1,1,1,1,17732,4596,1908,-446,-129,175
K,1,299,693,1170,343,2599,1,1,0,1,1,1,17616,4684,1876,-371,-85,134
K,1,511,562,1174,400,2672,1,1,1,1,1,1,17684,4808,2016,-469,-374,46
K,1,448,782,1127,311,2676,1,1,1,1,1,1,17684,5216,1792,-273,-168,127
K,1,354,640,1213,380,2615,1,1,0,1,1,1,17624,4676,1720,-621,-487,-33
K,1,382,675,1206,343,2627,1,1,1,1,1,1,17584,4784,1640,-206,-274,99
K,1,331,653,1192,367,2608,1,1,0,1,1,1,17372,4744,1720,-571,-582,98
K,1,474,526,1200,410,2610,1,1,1,1,1,1,17648,5092,1852,-175,-259,177
K,1,540,705,1074,304,2649,1,1,1,1,1,1,17360,4888,1696,-570,-526,227
K,1,417,675,1194,348,2606,1,1,0,1,1,1,17644,4896,1540,-517,-299,127
K,1,416,669,1205,362,2623,1,1,1,1,1,1,17504,4856,1332,-1078,-276,97
K,1,351,659,1179,336,2614,1,1,0,1,1,1,17848,4768,1728,-424,-65,292
K,1,309,779,1129,361,2531,1,1,1,1,1,1,17808,4892,1768,-779,-277,167
K,1,493,606,1137,394,2607,1,1,0,1,1,1,17728,4708,1556,-383,-189,35
K,1,405,689,1165,323,2639,1,1,0,1,1,1,17708,5020,1736,-580,-176,40
K,1,391,678,1200,369,2617,1,1,1,1,1,1,17836,4820,1596,-522,-322,73
K,1,533,758,1041,323,2622,1,1,0,1,1,1,17504,4976,1216,-914,81,34
K,1,359,586,1295,369,2547,1,1,1,1,1,1,17696,4412,1812,-219,-170,153
K,1,429,700,1135,358,2625,1,1,1,1,1,1,17596,4672,1724,-655,-297,-18
K,1,428,692,1185,363,2619,1,1,1,1,1,1,17392,4980,1772,-373,-274,13
K,1,374,679,1191,370,2629,1,1,1,1,1,1,17568,5092,1748,-401,-273,162
K,1,355,683,1200,429,2623,1,1,0,1,1,1,17556,4712,1640,-406,-501,82
K,1,272,700,1250,365,2593,1,1,1,1,1,1,17720,4804,1476,-117,-562,250
K,1,450,656,1186,360,2598,1,1,1,1,1,1,17616,4904,2060,-398,-298,5
K,1,401,678,1164,367,2637,1,1,0,1,1,1,17676,5016,1564,-521,-241,18
K,1,432,698,1177,349,2614,1,1,1,1,1,1,17628,5016,1768,-364,-191,145
K,1,509,688,1142,338,2709,1,1,0,1,1,1,17704,4496,1816,163,-335,203
K,1,352,726,1149,336,2615,1,1,1,1,1,1,17672,4668,1512,-231,-532,-134
K,1,541,560,1114,353,2611,1,1,1,1,1,1,17768,5492,1384,-417,-232,51
K,1,396,657,1143,347,2643,1,1,0,1,1,1,17636,4948,1412,-582,-292,243
K,1,437,674,1129,359,2623,1,1,1,1,1,1,17724,4804,1376,-627,-176,235
K,1,551,778,972,275,2621,1,1,0,1,1,1,17772,4620,1620,-559,14,123
K,1,311,701,1238,365,2614,1,1,1,1,1,1,17604,4956,1664,-659,-120,-33
K,1,368,704,1182,253,2590,1,1,1,1,1,1,17584,4752,1684,-424,-232,23
K,1,394,693,1174,349,2599,1,1,0,1,1,1,17644,4888,1788,-224,-409,98
K,1,396,693,1162,383,2640,1,1,1,1,1,1,17788,5208,1120,-583,-363,97
K,1,528,505,947,299,2640,1,1,0,1,1,1,17780,4956,1400,-456,-195,157
K,1,221,667,1361,423,2489,1,1,1,1,1,1,17740,4820,1668,-597,-118,163
K,1,447,677,1237,379,2613,1,1,1,1,1,1,17680,4688,1492,-655,-296,87
K,1,394,663,1133,359,2630,1,1,0,1,1,1,17560,4952,1560,-409,-98,86
K,1,400,673,1166,364,2627,1,1,1,1,1,1,17352,4912,1500,-727,-197,-45
K,1,406,675,1104,400,2619,1,1,0,1,1,1,17452,5124,1700,-446,-222,208
K,1,368,749,1185,354,2603,1,1,1,1,1,1,17292,4680,1540,-670,-358,163
K,1,461,660,1172,384,2886,1,1,1,1,1,1,17608,4924,1516,-552,-169,202
K,1,389,667,1137,371,2640,1,1,0,1,1,1,17600,4668,1592,-529,-154,119
K,1,432,671,1138,386,2735,1,1,1,1,1,1,17660,5032,1884,-429,-233,137
K,1,407,657,1169,400,2633,1,1,0,1,1,1,17620,4812,1720,-605,-432,-15
K,1,382,816,1079,342,2627,1,1,1,1,1,1,17740,5088,1664,-263,-344,228
K,1,375,679,1165,409,2640,1,1,1,1,1,1,17684,4748,1512,-771,-343,32
K,1,385,677,1170,425,2591,1,1,0,1,1,1,17824,4556,1660,-45,-58,195
K,1,548,627,1164,439,2592,1,1,1,1,1,1,17432,4724,1564,-845,-185,-141
K,1,470,659,1143,468,2625,1,1,0,1,1,1,17864,5044,1848,-168,-52,-82
K,1,576,686,987,385,2730,1,1,1,1,1,1,17496,4976,1500,-642,-148,-28
K,1,400,684,1194,451,2619,1,1,1,1,1,1,17404,5076,1340,-403,-288,256
K,1,389,672,1104,436,2633,1,1,0,1,1,1,17532,5124,1488,-704,-139,225
K,1,482,667,1131,404,2626,1,1,1,1,1,1,17584,4568,1760,-462,-90,192
K,1,466,668,1163,394,2614,1,1,0,1,1,1,17632,4964,1528,-958,-265,64
K,1,341,595,1185,496,2599,1,1,1,1,1,1,17872,4896,1484,-500,20,173
K,1,409,689,1171,710,2642,1,1,1,1,1,1,17588,4860,1748,-737,-129,93
K,1,396,667,1121,425,2635,1,1,0,1,1,1,17748,4764,1756,-314,-181,24
K,1,427,697,1147,375,2688,1,1,1,1,1,1,17532,4880,1752,-490,-392,113
K,1,433,757,1184,470,2613,1,1,0,1,1,1,17612,4952,1520,-486,-325,169
K,1,304,720,1088,377,2639,1,1,1,1,1,1,17556,4896,1660,-515,-299,127
K,1,402,682,1150,432,2603,1,1,1,1,1,1,17568,5128,1340,-850,-83,106
K,1,402,649,1115,458,2637,1,1,0,1,1,1,17528,4632,1944,-162,-143,309
K,1,432,665,1200,449,2614,1,1,1,1,1,1,17588,4596,1736,-267,-300,93
K,1,432,608,1075,460,2710,1,1,0,1,1,1,17544,4920,1592,-603,-482,31
K,1,439,705,1046,389,2646,1,1,1,1,1,1,17608,4820,1512,-116,-204,129
K,1,401,651,1146,511,2609,1,1,1,1,1,1,17544,4828,1440,-825,-413,-101
K,1,350,674,1146,449,2619,1,1,0,1,1,1,17792,5416,1304,-356,-62,162
K,1,478,629,1168,478,2640,1,1,1,1,1,1,17580,4848,1608,-611,-144,90
K,1,263,611,1286,478,2532,1,1,0,1,1,1,17596,4836,1900,-394,-300,270
K,1,457,562,1148,511,2637,1,1,1,1,1,1,17584,4720,1688,-430,-238,156
K,1,411,662,1142,453,2640,1,1,1,1,1,1,17508,4960,1728,-593,-223,75
K,1,444,689,1122,464,2624,1,1,0,1,1,1,17460,4636,1480,-586,-348,95
K,1,478,678,1127,479,2752,1,1,1,1,1,1,17564,4896,1512,-353,-139,115
K,1,336,827,1007,443,2559,1,1,0,1,1,1,17656,5104,1592,-765,-277,114
K,1,455,565,1153,580,2677,1,1,1,1,1,1,17564,5128,1696,-756,-30,114
K,1,379,677,1113,450,2612,1,1,1,1,1,1,17516,4888,1800,-684,-94,183
K,1,367,662,1153,442,2638,1,1,0,1,1,1,17696,4676,1908,-515,-212,252
K,1,430,604,1020,496,2615,1,1,1,1,1,1,17716,4708,1984,-447,-343,78
K,1,491,720,1175,381,2595,1,1,1,1,1,1,17696,5076,1704,-524,-353,78
K,1,256,653,1272,528,2590,1,1,1,1,1,1,17804,5052,1568,-524,-195,55
K,1,406,667,1173,473,2630,1,1,1,1,1,1,17684,4836,1464,-597,-235,140
K,1,371,691,1168,441,2613,1,1,0,1,1,1,17848,4896,1592,-704,-144,185
K,1,467,661,1161,489,2625,1,1,1,1,1,1,17692,4456,1780,-388,-114,113
K,1,498,645,997,402,2742,1,1,1,1,1,1,17424,4816,1708,-443,-224,51
K,1,314,684,1139,538,2672,1,1,1,1,1,1,17552,5048,1732,-386,-280,141
K,1,417,658,1151,450,2634,1,1,1,1,1,1,17608,5036,1624,-526,-294,156
K,1,406,661,1161,463,2629,1,1,0,1,1,1,17772,4848,1500,-525,-196,75
K,1,424,810,1262,447,2559,1,1,1,1,1,1,17744,4824,1676,-389,-86,128
K,1,479,602,1093,466,2656,1,1,0,1,1,1,17620,5100,1516,-731,-263,91
K,1,496,688,1134,427,2625,1,1,1,1,1,1,17580,5156,1764,-404,-290,501
L,1,630,625,423,660,2677,1,1,1,1,1,1,0,0,0,0,0,0
L,1,246,751,619,535,2581,1,1,1,1,1,1,0,0,0,0,0,0
L,1,580,765,227,475,2782,1,1,1,1,1,1,0,0,0,0,0,0
L,1,304,607,496,531,2630,1,1,1,1,1,1,0,0,0,0,0,0
L,1,351,608,439,619,2647,1,0,1,1,1,1,0,0,0,0,0,0
L,1,350,705,527,599,2610,1,1,1,1,1,1,0,0,0,0,0,0
L,1,327,624,490,617,2623,1,0,1,1,1,1,0,0,0,0,0,0
L,1,400,649,560,616,2624,1,1,1,1,1,1,0,0,0,0,0,0
L,1,359,641,462,606,2636,1,0,0,1,1,1,25060,-72,-8480,3313,5749,-1537
L,1,272,615,529,619,2601,1,1,1,1,1,1,16940,4744,-3928,230,-1473,1225
L,1,325,625,511,629,2626,1,1,1,1,1,1,17400,2804,-4472,710,-984,902
L,1,343,653,496,624,2624,1,1,1,1,1,1,17008,3276,-4832,872,-1813,315
L,1,345,646,485,638,2628,1,1,1,1,1,1,17016,4040,-5248,322,-571,-367
L,1,419,639,483,640,2623,1,0,0,1,1,1,16740,4208,-5428,736,-609,252
L,1,353,675,481,608,2639,1,1,1,1,1,1,17176,3624,-5684,-133,-638,24
L,1,297,636,528,658,2627,1,0,1,1,1,1,17232,3680,-5328,-326,-265,-44
L,1,339,649,482,640,2627,1,0,1,1,1,1,16728,4372,-5328,-817,-447,464
L,1,332,661,494,641,2630,1,1,1,1,1,1,16844,3748,-5704,-744,-452,606
L,1,334,624,485,669,2628,1,0,1,1,1,1,16824,3312,-5492,-1554,92,728
L,1,807,864,144,567,2675,1,1,1,1,1,1,16896,3876,-4884,-1603,947,431
L,1,359,698,472,571,2665,1,1,1,1,1,1,17160,2980,-5508,331,-388,335
L,1,372,658,471,614,2617,1,0,1,1,1,1,17120,3716,-5384,-872,-360,120
L,1,383,662,565,640,2657,1,1,1,1,1,1,16980,4412,-5692,-438,-62,647
L,1,323,656,612,693,2624,1,0,1,1,1,1,16844,4040,-5164,-1630,244,1082
L,1,192,592,658,704,2541,1,1,1,1,1,1,16808,3540,-4364,-1450,-454,1517
L,1,423,752,491,560,2608,1,1,1,1,1,1,16924,3496,-4764,-221,-965,1949
L,1,369,619,343,617,2653,1,0,1,1,1,1,16916,2780,-5560,-1671,-186,1751
L,1,182,689,484,657,2627,1,1,1,1,1,1,17352,2216,-5540,-60,-1393,1604
L,1,451,797,624,423,2615,1,0,1,1,1,1,17508,1728,-6240,-652,-712,810
L,1,80,573,708,669,2497,1,1,1,1,1,1,17392,1420,-6600,-253,-417,-153
L,1,331,585,469,631,2613,1,1,1,1,1,1,17340,1404,-6792,-421,1052,-1359
L,1,347,620,411,611,2617,1,0,1,1,1,1,17336,2804,-5636,-403,1550,-2096
L,1,358,668,455,688,2483,1,1,1,1,1,1,17264,5876,-2692,-1822,483,-1175
L,1,442,726,364,656,2589,1,0,1,1,1,1,16424,6684,-2668,-1978,-1872,2136
L,1,303,910,400,496,2661,1,1,1,1,1,1,17304,1060,-7212,1003,-1766,1894
L,1,414,623,405,643,2642,1,1,1,1,1,1,16544,-1960,-8628,309,2615,-2291
L,1,388,666,487,611,2634,1,0,1,1,1,1,18192,3292,-3908,-1344,1392,-2024
L,1,384,558,484,848,2645,1,1,1,1,1,1,16356,6496,-2436,493,399,-592
L,1,223,720,389,720,2643,1,0,1,1,1,1,16444,5688,-4772,-555,-1473,978
L,1,253,462,598,782,2558,1,1,1,1,1,1,17492,2164,-6048,-353,-948,839
L,1,353,741,449,607,2627,1,1,1,1,1,1,17764,844,-6244,275,571,-359
L,1,309,613,373,654,2639,1,0,1,1,1,1,17244,5164,-3856,-1954,876,-147
L,1,302,729,469,639,2629,1,1,1,1,1,1,16488,5160,-3056,404,-863,1186
L,1,334,627,566,576,2688,1,0,1,1,1,1,17120,2588,-5508,-706,-843,1143
L,1,47,621,708,662,2614,1,1,1,1,1,1,17548,2040,-5916,-726,650,466
L,1,400,629,511,608,2559,1,1,1,1,1,1,17372,3196,-5048,-749,689,793
L,1,321,642,499,685,2619,1,0,1,1,1,1,16812,3200,-4684,-305,-1,1764
L,1,378,582,572,652,2631,1,1,1,1,1,1,16828,4024,-3296,-710,-415,505
L,1,317,672,379,710,2768,1,0,1,1,1,1,17840,2860,-3640,200,-1447,1811
L,1,71,624,694,656,2527,1,1,1,1,1,1,17588,184,-7152,-541,-233,2688
L,1,394,593,411,685,2657,1,1,1,1,1,1,17616,1176,-5952,-228,776,-123
L,1,349,684,537,591,2619,1,0,1,1,1,1,17408,1844,-5596,2720,488,-110
L,1,358,592,142,656,2613,1,1,1,1,1,1,17468,2832,-3864,-1907,-384,191
L,1,367,832,176,654,2559,1,0,1,1,1,1,17336,1724,-4784,-151,531,-427
L,1,184,726,652,609,2557,1,1,1,1,1,1,17580,2020,-5376,-503,-72,-213
L,1,333,656,525,688,2625,1,1,1,1,1,1,17444,3448,-4156,51,110,369
L,1,294,653,510,642,2606,1,0,1,1,1,1,17412,2364,-4292,194,-744,1071
L,1,390,669,443,667,2626,1,1,1,1,1,1,17596,536,-5676,200,-320,242
L,1,599,831,52,545,2766,1,1,1,1,1,1,17068,-312,-6140,-56,-477,-1074
L,1,33,592,735,706,2551,1,1,1,1,1,1,17756,2252,-4860,-781,1570,-3316
L,1,395,636,437,618,2618,1,1,1,1,1,1,17440,3816,-4896,-1188,888,-2211
L,1,342,647,497,654,2624,1,0,1,1,1,1,17464,3216,-3796,-344,1471,-2213
L,1,363,668,507,640,2559,1,1,1,1,1,1,17084,5424,-3588,-388,1188,-1355
L,1,505,731,374,614,2691,1,0,1,1,1,1,17088,4736,-3720,770,99,235
L,1,367,695,596,640,2545,1,1,1,1,1,1,17584,3208,-3616,-45,-232,967
L,1,432,666,444,615,2630,1,1,1,1,1,1,17316,2620,-4660,-995,-85,208
L,1,336,610,528,624,2555,1,0,1,1,1,1,17688,2244,-4724,-140,-266,117
L,1,330,656,407,666,2475,1,1,1,1,1,1,17680,2336,-3996,-537,66,-381
L,1,464,640,405,682,2656,1,0,1,1,1,1,17456,3272,-4352,-362,-12,-726
L,1,359,612,383,890,2606,1,1,1,1,1,1,17440,4236,-4548,-961,-43,-334
L,1,339,630,471,675,2620,1,1,1,1,1,1,17388,4104,-3896,-300,356,397
L,1,310,656,511,634,2624,1,0,1,1,1,1,17512,3592,-3740,-651,-219,577
L,1,306,564,627,655,2622,1,1,1,1,1,1,17640,2740,-3684,-577,-250,504
L,1,715,878,199,579,2674,1,0,1,1,1,1,17564,2760,-4156,-344,-464,118
L,1,338,625,575,101,2559,1,1,1,1,1,1,17496,3012,-4180,-123,-257,229
L,1,335,677,449,650,2656,1,1,1,1,1,1,17348,3208,-4216,68,-269,229
L,1,279,617,506,645,2626,1,0,1,1,1,1,17720,2900,-3680,32,-536,157
L,1,448,567,464,720,2648,1,1,1,1,1,1,17388,2896,-3732,-8,-853,349
L,1,485,772,354,500,2671,1,0,1,1,1,1,17384,2848,-3796,467,-984,369
L,1,391,623,598,710,2792,1,1,1,1,1,1,17340,2896,-4060,-2262,-1904,137
L,1,349,590,465,666,2683,1,1,1,1,1,1,17508,3460,-5668,-880,-1863,77
L,1,257,606,537,646,2605,1,0,1,1,1,1,17416,3148,-5888,-749,-363,464
L,1,334,666,523,644,2610,1,1,1,1,1,1,17412,3216,-5148,-451,197,404
L,1,336,863,423,495,2655,1,0,1,1,1,1,17492,3120,-4868,-492,475,298
L,1,258,595,505,742,2631,1,1,1,1,1,1,17380,3056,-4200,-552,303,255
L,1,363,650,458,653,2674,1,1,1,1,1,1,17456,3020,-3932,-517,-52,378
L,1,338,612,500,609,2615,1,0,1,1,1,1,17368,2784,-4204,-380,247,499
L,1,439,511,346,817,2681,1,1,1,1,1,1,17360,2344,-4588,-237,-41,384
L,1,478,670,342,596,2702,1,0,1,1,1,1,17480,2444,-4376,-239,-60,89
L,1,368,619,464,604,2640,1,1,1,1,1,1,17428,2868,-4320,-82,-422,185
L,1,387,678,506,618,2640,1,1,1,1,1,1,17668,2712,-4156,-195,-321,36
L,1,353,642,531,618,2619,1,0,1,1,1,1,17588,2896,-4464,-425,-289,101
L,1,413,579,409,715,2644,1,1,1,1,1,1,17436,2932,-4480,28,-111,-45
L,1,385,817,400,431,2608,1,1,1,1,1,1,17196,2680,-4616,136,415,-324
L,1,336,645,504,596,2607,1,0,1,1,1,1,17336,2928,-4676,-1316,-773,351
L,1,319,624,496,640,2619,1,1,1,1,1,1,17736,2948,-4396,22,-285,395
L,1,296,627,523,627,2640,1,0,1,1,1,1,17616,2232,-4784,-370,-320,415
L,1,422,660,479,637,2559,1,1,1,1,1,1,17424,2384,-4444,-276,-384,90
L,1,213,725,548,520,2622,1,0,1,1,1,1,17396,2596,-4592,217,-228,-55
L,1,304,315,507,676,2640,1,0,1,1,1,1,17452,3136,-4564,78,-206,-322
L,1,352,656,560,628,2611,1,1,1,1,1,1,17212,2472,-4508,573,-596,615
L,1,504,587,579,638,2611,1,0,1,1,1,1,17540,2740,-4948,-1089,-360,96
L,1,211,640,511,586,2547,1,1,1,1,1,1,17680,2668,-4652,-632,-62,50
L,1,304,816,509,450,2545,1,1,1,1,1,1,17548,2624,-4816,-1005,-110,5
L,1,311,670,522,597,2627,1,0,1,1,1,1,17468,2768,-4444,-247,-453,107
L,1,263,603,581,639,2597,1,1,1,1,1,1,17652,2544,-4704,163,-500,221
L,1,304,1095,489,592,2609,1,0,1,1,1,1,17312,2332,-4704,-621,-504,-7
L,1,560,576,625,503,2624,1,1,1,1,1,1,17548,2552,-4824,-740,-420,7
L,1,466,593,351,570,2730,1,1,1,1,1,1,17488,2856,-4920,-884,-13,106
L,1,382,691,542,586,2595,1,1,1,1,1,1,17228,2636,-4656,-634,-221,-35
L,1,271,666,510,654,2606,1,1,1,1,1,1,17472,2900,-4508,-765,-344,35
L,1,365,623,534,563,2636,1,0,1,1,1,1,17264,2740,-5016,-908,-48,-43
L,1,320,555,291,640,2703,1,1,1,1,1,1,17464,2704,-5016,-1075,-316,142
L,1,247,869,739,364,2533,1,1,1,1,1,1,17564,2816,-4612,-867,-247,281
L,1,369,628,485,586,2632,1,1,1,1,1,1,17396,2500,-4732,-545,190,132
L,1,340,604,471,640,2608,1,1,1,1,1,1,17548,2620,-4336,-1006,-109,-46
L,1,344,623,476,610,2641,1,0,1,1,1,1,17608,2572,-4688,-222,-129,7
L,1,169,621,644,646,2630,1,1,1,1,1,1,16848,2580,-4460,-852,-465,76
L,1,410,557,549,811,2611,1,0,1,1,1,1,17608,2892,-4892,-580,-114,-124
L,1,311,589,495,574,2986,1,0,1,1,1,1,17328,2764,-4908,-1018,737,-65
L,1,339,615,494,661,2625,1,1,1,1,1,1,17348,2964,-4296,-740,-451,325
L,1,291,661,431,528,2711,1,0,1,1,1,1,17988,2680,-4520,-1237,299,-130
L,1,455,595,545,556,2658,1,1,1,1,1,1,16992,2856,-4316,-1383,-179,206
L,1,438,530,464,704,2630,1,0,1,1,1,1,17796,3108,-4072,-607,-7,29
L,1,307,622,479,766,2669,1,0,1,1,1,1,17512,2652,-4748,-947,18,235
L,1,384,587,434,656,2637,1,1,1,1,1,1,17600,2860,-4300,-496,-469,268
L,1,351,694,503,455,2613,1,0,1,1,1,1,17848,2848,-4500,-591,-125,122
L,1,231,627,511,638,2592,1,1,1,1,1,1,17488,2748,-4456,-505,-7,44
L,1,592,791,143,530,2781,1,0,1,1,1,1,17540,2764,-4240,-517,-266,-59
L,1,275,663,492,642,2640,1,0,1,1,1,1,17540,3104,-4564,-709,-7,70
L,1,349,687,554,625,2627,1,1,1,1,1,1,17284,2756,-4320,-331,-93,44
L,1,293,665,471,579,2439,1,0,1,1,1,1,17604,2960,-4192,-532,-522,334
L,1,27,766,648,736,2448,1,1,1,1,1,1,17296,2936,-4464,-296,-357,337
L,1,609,704,271,497,2752,1,1,1,1,1,1,17476,2948,-4424,-876,-348,361
L,1,365,591,429,611,2630,1,0,1,1,1,1,17656,2500,-4524,-306,-77,169
L,1,359,651,464,623,2636,1,1,1,1,1,1,17412,2736,-4768,-867,-57,-120
L,1,371,640,459,467,2630,1,0,1,1,1,1,17744,2988,-4200,-558,-10,-156
L,1,0,694,475,786,2447,1,1,1,1,1,1,17576,3144,-4296,-1144,55,41
L,1,446,582,465,650,2654,1,0,1,1,1,1,17332,2924,-4112,-178,-483,506
L,1,279,646,511,624,2622,1,0,1,1,1,1,17316,2728,-4340,-787,-264,-14
L,1,352,625,542,655,2624,1,1,1,1,1,1,17456,3052,-4020,-67,-241,13
L,1,12,655,448,511,2611,1,0,1,1,1,1,17412,2696,-4452,-445,-678,288
L,1,112,470,903,523,2507,1,1,1,1,1,1,17608,2540,-4696,52,-432,232
L,1,594,533,271,625,2646,1,1,1,1,1,1,17140,2548,-5040,-565,-949,172
L,1,384,692,561,586,2601,1,0,1,1,1,1,17648,3156,-4316,-657,-252,-68
L,1,375,708,481,598,2595,1,1,1,1,1,1,17116,2724,-4296,-603,112,-148
L,1,469,656,362,511,2608,1,0,1,1,1,1,17376,3264,-4028,-536,-377,250
L,1,94,609,769,605,2497,1,1,1,1,1,1,17468,2724,-4736,130,-687,524
L,1,348,535,493,627,2640,1,0,1,1,1,1,17396,2712,-5480,-484,-562,199
L,1,333,653,466,614,2634,1,0,1,1,1,1,17360,2788,-5284,-396,-45,52
L,1,413,637,485,618,2625,1,1,1,1,1,1,17408,2592,-4452,-349,269,-75
L,1,360,637,470,578,2674,1,0,1,1,1,1,17412,2844,-4140,-652,137,47
L,1,0,523,834,769,2407,1,1,1,1,1,1,17252,3052,-3676,-222,-48,71
L,1,592,764,351,496,2769,1,1,1,1,1,1,17512,2840,-4144,52,-402,364
L,1,371,641,478,592,2642,1,0,1,1,1,1,17412,2524,-4716,-452,-277,135
L,1,365,615,533,622,2615,1,1,1,1,1,1,17500,2576,-5088,-672,-383,116
L,1,617,575,457,588,2634,1,0,1,1,1,1,17564,2992,-4508,-493,202,-15
L,1,0,432,826,754,2551,1,1,1,1,1,1,17560,2884,-4260,-589,-66,91
L,1,415,632,444,644,2559,1,1,1,1,1,1,17520,3068,-4236,-574,-4,61
L,1,287,621,453,630,2631,1,0,1,1,1,1,17348,3232,-4208,-487,-279,332
L,1,320,594,449,661,2642,1,1,1,1,1,1,17616,2604,-4684,-544,-311,508
L,1,380,725,426,598,2591,1,0,1,1,1,1,17388,2380,-4784,-684,-149,316
L,1,226,699,598,579,2594,1,1,1,1,1,1,17780,2352,-4304,-114,-215,112
L,1,400,735,412,526,2657,1,1,1,1,1,1,17272,2520,-4588,-780,-329,31
L,1,351,642,511,587,2638,1,0,1,1,1,1,17512,2784,-4568,-391,-142,-71
L,1,399,602,444,606,2641,1,1,1,1,1,1,17464,3100,-4520,-889,213,-54
L,1,467,711,368,444,2743,1,0,1,1,1,1,17436,3392,-4276,-792,-70,468
L,1,55,704,694,560,2544,1,1,1,1,1,1,17672,2884,-4140,-629,-57,603
L,1,320,667,475,621,2638,1,1,1,1,1,1,17648,2188,-4300,-576,-181,166
L,1,257,659,495,624,2611,1,0,1,1,1,1,17512,2212,-4248,-220,-335,82
L,1,329,613,545,571,2629,1,1,1,1,1,1,17536,2484,-4284,84,-442,15
L,1,467,752,426,614,2623,1,0,1,1,1,1,17524,2728,-4732,-634,-463,-145
L,1,168,747,549,555,2601,1,1,1,1,1,1,17428,2976,-4752,-732,-187,-71
L,1,369,658,507,587,2630,1,1,1,1,1,1,17244,3060,-4660,-807,138,222
L,1,346,590,535,580,2631,1,0,1,1,1,1,17408,2456,-4196,-356,-182,388
L,1,432,617,470,581,2608,1,1,1,1,1,1,17480,2360,-4140,-800,-257,36
L,1,281,632,624,302,2559,1,0,1,1,1,1,17532,2784,-4332,-675,-121,96
L,1,384,428,507,785,2625,1,1,1,1,1,1,17512,2844,-4128,-540,-67,37
L,1,419,635,528,567,2654,1,1,1,1,1,1,17620,2912,-4232,-767,-346,-96
L,1,356,674,539,606,2593,1,0,1,1,1,1,17520,2856,-4404,-890,-294,-46
L,1,310,613,577,697,2480,1,1,1,1,1,1,17560,2912,-4372,-721,-272,206
L,1,336,719,509,495,2559,1,0,1,1,1,1,17544,2900,-4448,-668,-130,253
L,1,254,699,634,454,2512,1,1,1,1,1,1,17396,2484,-4496,-498,-2,190
L,1,363,683,463,586,2622,1,1,1,1,1,1,17632,2592,-4244,-688,-181,99
L,1,317,643,485,581,2655,1,0,1,1,1,1,17596,2616,-4448,-482,-43,16
L,1,387,727,496,625,2675,1,1,1,1,1,1,17320,2724,-4328,-418,-49,-47
L,1,344,672,453,567,2601,1,0,1,1,1,1,17572,2796,-4244,-584,-47,68
L,1,694,846,144,439,2786,1,1,1,1,1,1,17564,2848,-4092,-238,-114,-62
L,1,259,609,544,643,2608,1,1,1,1,1,1,17652,2812,-4172,-676,-260,48
L,1,345,603,481,551,2609,1,0,1,1,1,1,17540,2968,-4268,-353,30,87
L,1,354,673,498,625,2635,1,1,1,1,1,1,17752,2696,-4156,-660,1,190
L,1,444,525,314,674,2605,1,0,1,1,1,1,17576,2680,-4108,-524,-62,60
L,1,230,880,591,368,2549,1,1,1,1,1,1,17584,2704,-4152,-685,-276,266
L,1,315,640,479,624,2864,1,1,1,1,1,1,17380,2804,-4164,12,-8,39
L,1,369,678,494,551,2619,1,0,1,1,1,1,17336,2916,-4236,-356,-556,-32
L,1,431,491,607,574,2613,1,1,1,1,1,1,17436,2996,-4224,-213,-435,92
L,1,253,528,487,598,2669,1,0,1,1,1,1,17316,2540,-4468,-581,-167,146
L,1,744,718,125,586,2701,1,1,1,1,1,1,17660,2616,-4260,-411,-177,68
L,1,446,637,480,557,2621,1,1,1,1,1,1,17684,2768,-4120,-441,-169,-25
L,1,374,606,489,613,2640,1,0,1,1,1,1,17608,2928,-4224,-428,-162,11
M,1,368,1,486,249,2621,0,1,1,1,1,0,13312,0,0,0,0,0
M,1,301,0,475,302,2584,0,0,1,1,1,0,13312,0,0,0,0,0
M,1,427,70,377,400,2607,0,0,1,1,1,0,13312,0,0,0,0,0
M,1,242,0,576,310,2583,0,0,1,1,1,0,13312,0,0,0,0,0
M,1,352,0,511,208,2641,0,0,1,1,1,0,13312,0,0,0,0,0
M,1,270,266,651,26,2499,0,0,1,1,1,0,13312,0,0,0,0,0
M,1,651,231,194,54,2763,0,0,1,1,1,0,13312,0,0,0,0,0
M,1,486,0,604,70,2659,0,0,1,1,1,0,13312,0,0,0,0,0
M,1,320,0,471,274,2677,0,0,1,1,1,0,13312,0,0,0,0,0
M,1,368,32,499,272,2584,0,0,1,1,1,0,13312,0,0,0,0,0
M,1,315,25,489,272,2605,0,0,1,1,1,0,13312,0,0,0,0,0
M,1,298,57,528,239,2601,0,0,1,1,1,0,13312,0,0,0,0,0
M,1,447,0,526,285,2559,0,0,1,1,1,0,13312,0,0,0,0,0
M,1,384,75,536,247,2586,0,0,1,1,1,0,13312,0,0,0,0,0
M,1,365,265,342,221,2582,0,0,1,1,1,0,13312,0,0,0,0,0
M,1,455,0,401,231,2621,0,0,1,1,1,0,13312,0,0,0,0,0
M,1,389,0,469,415,2615,0,0,1,1,1,0,13312,0,0,0,0,0
M,1,423,0,543,511,2609,0,0,1,1,1,0,13312,0,0,0,0,0
M,1,315,0,528,299,2551,0,0,1,1,1,0,13312,0,0,0,0,0
M,1,398,0,419,271,2595,0,0,1,1,1,0,13312,0,0,0,0,0
M,1,310,8,500,304,2601,0,0,1,1,1,0,13312,0,0,0,0,0
M,1,346,0,470,272,2611,0,0,1,1,1,0,13312,0,0,0,0,0
M,1,364,32,581,284,2602,0,1,1,1,1,0,13312,0,0,0,0,0
M,1,337,71,441,251,2385,0,0,1,1,1,0,13312,0,0,0,0,0
M,1,359,0,447,321,2614,0,0,1,1,1,0,13312,0,0,0,0,0
M,1,318,0,586,446,2555,0,0,1,1,1,0,13312,0,0,0,0,0
M,1,45,0,786,406,2467,0,0,1,1,1,0,13312,0,0,0,0,0
M,1,373,0,455,256,2521,0,0,1,1,1,0,13312,0,0,0,0,0
M,1,395,0,485,241,2592,0,0,1,1,1,0,13312,0,0,0,0,0
M,1,350,0,546,250,2598,0,0,1,1,1,0,13312,0,0,0,0,0
M,1,335,0,495,259,2624,0,0,1,1,1,0,13312,0,0,0,0,0
M,1,364,0,474,235,2603,0,0,1,1,1,0,13312,0,0,0,0,0
M,1,350,50,455,192,2559,0,0,1,1,1,0,13312,0,0,0,0,0
M,1,425,43,496,0,2603,0,0,1,1,1,0,13312,0,0,0,0,0
M,1,556,0,213,322,2660,0,0,1,1,1,0,13312,0,0,0,0,0
M,1,272,0,592,340,2530,0,0,1,1,1,0,13312,0,0,0,0,0
M,1,164,675,585,336,2502,0,0,1,1,1,0,13312,0,0,0,0,0
M,1,429,660,471,337,2604,0,0,1,1,1,0,13312,0,0,0,0,0
M,1,408,762,496,159,2607,0,1,1,1,1,0,13312,0,0,0,0,0
M,1,333,679,453,285,2626,0,0,1,1,1,0,13312,0,0,0,0,0
M,1,381,710,442,247,2629,0,0,1,1,1,0,13312,0,0,0,0,0
M,1,313,646,489,244,2591,0,0,1,1,1,0,13312,0,0,0,0,0
M,1,406,611,592,238,2589,0,0,1,1,1,0,13312,0,0,0,0,0
M,1,1158,640,541,177,2639,0,0,1,1,1,0,13312,0,0,0,0,0
M,1,145,594,711,321,2615,0,0,1,1,1,0,13312,0,0,0,0,0
M,1,253,884,693,69,2486,0,0,1,1,1,0,13312,0,0,0,0,0
M,1,563,533,369,303,2639,0,0,1,1,1,0,13312,0,0,0,0,0
M,1,292,578,851,438,2316,0,0,1,1,1,0,13312,0,0,0,0,0
M,1,326,889,449,285,2559,0,0,1,1,1,0,13312,0,0,0,0,0
M,1,303,683,487,238,2608,0,0,1,1,1,0,17368,3440,-3284,-1579,-875,175
M,1,311,688,469,240,2595,0,0,1,1,1,0,17392,5396,-1944,3095,-550,191
M,1,437,608,544,307,2559,0,0,1,1,1,0,17452,4108,-3024,1792,-1018,190
M,1,760,656,254,47,2778,0,0,1,1,1,0,17808,4552,-3520,-443,-1658,105
M,1,273,784,495,215,2582,0,0,1,1,1,0,17808,4552,-3520,-443,-1658,105
M,1,363,697,491,219,2617,0,0,1,1,1,0,17808,4552,-3520,-443,-1658,105
M,1,310,647,511,282,2559,0,0,1,1,1,0,17884,3312,-5104,-577,-1303,691
M,1,426,699,496,211,2599,0,0,1,1,1,0,17884,3312,-5104,-577,-1303,691
M,1,268,635,570,348,2458,0,0,1,1,1,0,17884,3312,-5104,-577,-1303,691
M,1,656,720,323,251,2623,0,0,1,1,1,0,17884,3312,-5104,-577,-1303,691
M,1,444,624,451,349,2599,0,0,1,1,1,0,17884,3312,-5104,-577,-1303,691
M,1,425,793,448,298,2559,0,0,1,1,1,0,17884,3312,-5104,-577,-1303,691
M,1,357,661,482,263,2590,0,0,1,1,1,0,17884,3312,-5104,-577,-1303,691
M,1,343,701,482,247,2610,0,0,1,1,1,0,17884,3312,-5104,-577,-1303,691
M,1,385,662,450,285,2596,0,0,1,1,1,0,17884,3312,-5104,-577,-1303,691
M,1,350,627,496,290,2627,0,0,0,1,1,0,17884,3312,-5104,-577,-1303,691
M,1,351,592,470,334,2608,0,0,1,1,1,0,17884,3312,-5104,-577,-1303,691
M,1,282,669,490,244,2592,0,0,1,1,1,0,17884,3312,-5104,-577,-1303,691
M,1,295,705,588,124,2559,0,0,1,1,1,0,17884,3312,-5104,-577,-1303,691
M,1,261,753,620,176,2533,0,0,1,1,1,0,17884,3312,-5104,-577,-1303,691
M,1,224,912,654,67,2480,0,0,1,1,1,0,17884,3312,-5104,-577,-1303,691
M,1,439,809,427,274,2625,0,0,1,1,1,0,17884,3312,-5104,-577,-1303,691
M,1,307,646,533,299,2606,0,0,1,1,1,0,17884,3312,-5104,-577,-1303,691
M,1,389,693,466,242,2609,0,0,1,1,1,0,17884,3312,-5104,-577,-1303,691
M,1,345,656,508,209,2594,0,0,1,1,1,0,17884,3312,-5104,-577,-1303,691
M,1,382,724,534,259,2604,0,0,1,1,1,0,17884,3312,-5104,-577,-1303,691
M,1,330,593,547,215,2559,0,0,0,1,1,0,17884,3312,-5104,-577,-1303,691
M,1,314,671,479,201,2608,0,0,1,1,1,0,17884,3312,-5104,-577,-1303,691
M,1,635,154,296,147,2702,0,0,1,1,1,0,17884,3312,-5104,-577,-1303,691
M,1,630,661,270,229,2677,0,0,1,1,1,0,17884,3312,-5104,-577,-1303,691
M,1,441,491,540,326,2624,0,0,1,1,1,0,17884,3312,-5104,-577,-1303,691
M,1,407,665,406,326,2528,0,0,1,1,1,0,17884,3312,-5104,-577,-1303,691
M,1,417,634,505,286,2598,0,0,1,1,1,0,17884,3312,-5104,-577,-1303,691
M,1,323,671,501,270,2556,0,0,1,1,1,0,17884,3312,-5104,-577,-1303,691
M,1,368,693,511,229,2551,0,0,1,1,1,0,17884,3312,-5104,-577,-1303,691
M,1,386,740,499,197,2582,0,0,0,1,1,0,17884,3312,-5104,-577,-1303,691
M,1,471,753,408,209,2586,0,0,1,1,1,0,17884,3312,-5104,-577,-1303,691
M,1,394,617,482,250,2639,0,0,1,1,1,0,17884,3312,-5104,-577,-1303,691
M,1,347,785,361,321,2538,0,0,1,1,1,0,17884,3312,-5104,-577,-1303,691
M,1,208,637,658,290,2501,0,0,1,1,1,0,17884,3312,-5104,-577,-1303,691
M,1,334,852,538,128,2528,0,0,1,1,1,0,17884,3312,-5104,-577,-1303,691
M,1,231,634,375,240,2559,0,0,1,1,1,0,17884,3312,-5104,-577,-1303,691
M,1,496,706,448,227,2610,0,0,1,1,1,0,17884,3312,-5104,-577,-1303,691
M,1,338,662,492,319,2604,0,0,1,1,1,0,17884,3312,-5104,-577,-1303,691
M,1,368,649,495,280,2593,0,0,1,1,1,0,17884,3312,-5104,-577,-1303,691
M,1,326,691,464,309,2555,0,0,1,1,1,0,17884,3312,-5104,-577,-1303,691
M,1,333,32,569,285,2883,0,0,0,1,1,0,17884,3312,-5104,-577,-1303,691
M,1,287,0,623,480,2480,0,0,1,1,1,0,17884,3312,-5104,-577,-1303,691
M,1,307,601,549,254,2604,0,0,1,1,1,0,17884,3312,-5104,-577,-1303,691
M,1,283,848,500,139,2559,0,0,1,1,1,0,17884,3312,-5104,-577,-1303,691
M,1,355,783,500,65,2617,0,0,1,1,1,0,17884,3312,-5104,-577,-1303,691
M,1,601,661,415,307,2690,0,0,1,1,1,0,17884,3312,-5104,-577,-1303,691
M,1,365,611,410,219,2590,0,0,1,1,1,0,17884,3312,-5104,-577,-1303,691
M,1,338,676,509,253,2583,0,0,1,1,1,0,17884,3312,-5104,-577,-1303,691
M,1,377,709,455,239,2611,0,0,1,1,1,0,17884,3312,-5104,-577,-1303,691
M,1,311,638,480,312,2624,0,0,1,1,1,0,17884,3312,-5104,-577,-1303,691
M,1,724,704,447,366,3152,0,0,1,1,1,0,17884,3312,-5104,-577,-1303,691
M,1,350,577,607,382,2558,0,0,1,1,1,0,17884,3312,-5104,-577,-1303,691
M,1,298,749,478,345,2544,0,0,1,1,1,0,17884,3312,-5104,-577,-1303,691
M,1,302,773,593,212,2559,0,0,1,1,1,0,17884,3312,-5104,-577,-1303,691
M,1,355,832,576,121,2581,0,0,1,1,1,0,17884,3312,-5104,-577,-1303,691
M,1,448,700,392,265,2598,0,0,1,1,1,0,17884,3312,-5104,-577,-1303,691
M,1,784,585,466,227,2621,0,0,1,1,1,0,17884,3312,-5104,-577,-1303,691
M,1,382,693,531,247,2585,0,0,1,1,1,0,17884,3312,-5104,-577,-1303,691
M,1,387,672,413,258,2592,0,0,1,1,1,0,17884,3312,-5104,-577,-1303,691
M,1,369,688,511,293,2587,0,0,1,1,1,0,17884,3312,-5104,-577,-1303,691
M,1,335,705,457,223,2580,0,0,0,1,1,0,17884,3312,-5104,-577,-1303,691
M,1,304,560,645,400,2539,0,0,1,1,1,0,17884,3312,-5104,-577,-1303,691
M,1,284,615,418,352,2559,0,0,1,1,1,0,17884,3312,-5104,-577,-1303,691
M,1,414,208,339,164,2687,0,0,1,1,1,0,17884,3312,-5104,-577,-1303,691
M,1,493,16,432,341,2640,0,0,1,1,1,0,17884,3312,-5104,-577,-1303,691
M,1,268,0,656,320,2506,0,0,1,1,1,0,17884,3312,-5104,-577,-1303,691
M,1,366,1,493,273,2588,0,0,1,1,1,0,17884,3312,-5104,-577,-1303,691
M,1,273,66,489,270,2598,0,0,1,1,1,0,17884,3312,-5104,-577,-1303,691
M,1,268,82,546,268,2559,0,0,1,1,1,0,17884,3312,-5104,-577,-1303,691
M,1,418,0,485,242,2620,0,0,1,1,1,0,17884,3312,-5104,-577,-1303,691
M,1,420,0,480,267,2589,0,0,1,1,1,0,17376,4328,-3412,-386,-542,70
M,1,291,16,486,263,2603,0,0,1,1,1,0,17472,4148,-3664,-629,-468,43
M,1,446,71,384,96,2655,0,0,1,1,1,0,17380,4024,-3676,-653,-270,134
M,1,457,106,574,249,2599,0,0,1,1,1,0,17436,4076,-3380,-687,-288,169
M,1,357,21,435,239,2594,0,0,1,1,1,0,17316,4232,-3676,-531,-587,-28
M,1,300,44,331,277,2754,0,0,1,1,1,0,17396,4428,-3644,-480,-425,76
M,1,271,32,559,215,2603,0,0,1,1,1,0,17360,4184,-3624,-424,-486,64
M,1,408,283,360,112,2639,0,0,1,1,1,0,17436,4344,-3768,-421,-245,62
M,1,369,0,453,313,2864,0,0,1,1,1,0,17396,4200,-3700,-311,-191,-19
M,1,417,12,464,293,2618,0,0,1,1,1,0,17440,4364,-3728,-415,-357,-3
M,1,304,64,462,272,2544,0,0,1,1,1,0,17444,4352,-3784,-353,-303,28
M,1,448,0,422,339,2559,0,0,1,1,1,0,17372,4516,-3920,-574,-245,82
M,1,293,284,608,95,2491,0,0,1,1,1,0,17400,4412,-4048,-624,-129,152
M,1,455,43,485,608,2557,0,0,1,1,1,0,17332,4228,-3612,-505,-56,156
M,1,350,22,406,265,2608,0,0,1,1,1,0,17340,4164,-3712,-639,-32,211
M,1,275,16,459,176,2623,0,0,1,1,1,0,17244,4176,-3828,-429,40,125
M,1,320,198,720,207,2593,0,0,1,1,1,0,17284,4168,-3632,-390,194,56
M,1,491,0,318,262,2595,0,0,1,1,1,0,17216,4268,-3344,-453,18,-59
M,1,338,0,511,261,2583,0,0,1,1,1,0,17236,4312,-3144,-302,-276,-69
M,1,375,27,480,297,2639,0,0,1,1,1,0,17168,4472,-3652,-577,-442,105
M,1,302,0,422,288,2582,0,0,1,1,1,0,17340,4516,-3680,-602,-288,182
M,1,494,242,304,144,2799,0,0,1,1,1,0,17412,4376,-3668,-651,-368,348
M,1,353,0,565,388,2559,0,0,1,1,1,0,17476,4052,-3796,-780,-252,261
M,1,223,144,566,225,2526,0,0,1,1,1,0,17640,4056,-3584,-554,-155,184
M,1,406,54,578,275,2549,0,0,1,1,1,0,17532,4008,-3704,-497,-72,-115
M,1,304,0,496,550,2600,0,0,1,1,1,0,17620,4256,-3388,-306,-98,-113
M,1,423,95,401,593,2590,0,0,1,1,1,0,17392,4528,-3312,-512,-265,-181
M,1,23,0,725,370,2467,0,0,1,1,1,0,17356,4600,-3504,-499,-397,114
M,1,311,0,666,247,2546,0,0,1,1,1,0,17500,4276,-3608,-451,-516,182
M,1,322,0,437,271,2598,0,0,1,1,1,0,17404,4304,-3896,-642,-488,219
M,1,385,57,487,243,2588,0,0,1,1,1,0,17316,4316,-3900,-617,-446,267
M,1,397,82,336,258,2641,0,0,1,1,1,0,17352,4216,-3616,-453,-416,233
M,1,0,0,606,335,2496,0,0,1,1,1,0,17360,4136,-3760,-525,-576,293
M,1,347,480,528,0,2559,0,0,1,1,1,0,17148,4096,-4228,-699,-367,103
M,1,370,0,432,226,2601,0,0,1,1,1,0,17308,4140,-4324,-310,-194,15
M,1,343,71,511,235,2559,0,0,1,1,1,0,17328,4460,-4184,-701,119,209
M,1,351,0,415,151,2662,0,0,1,1,1,0,17372,4092,-4192,-427,466,53
M,1,27,0,769,424,2465,0,0,1,1,1,0,17340,4368,-3480,-627,438,-97
M,1,320,117,528,309,2559,0,0,1,1,1,0,17384,4272,-3072,-423,172,-35
M,1,402,42,433,245,2592,0,0,1,1,1,0,17380,4448,-2860,-453,-195,100
M,1,338,79,490,240,2592,0,0,1,1,1,0,17340,4440,-3336,-665,-671,320
M,1,326,139,481,303,2601,0,0,1,1,1,0,17408,4252,-3756,-268,-614,393
M,1,678,0,304,480,2613,0,0,1,1,1,0,17416,4176,-4232,-848,-637,302
M,1,192,47,672,275,2480,0,0,1,1,1,0,17412,4052,-3844,-394,-109,230
M,1,325,11,468,265,2589,0,0,1,1,1,0,17580,4052,-3676,-640,-85,-33
M,1,445,91,419,268,2631,0,0,1,1,1,0,17488,4164,-3516,-500,57,-65
M,1,447,73,511,375,3084,0,0,1,1,1,0,17456,4112,-3168,-273,-44,-121
M,1,370,0,478,394,2594,0,0,1,1,1,0,17344,4424,-3312,-342,42,-109
M,1,407,67,455,309,2555,0,0,1,1,1,0,17408,4184,-3484,-376,-216,-232
M,1,354,25,475,270,2541,0,0,1,1,1,0,17248,4700,-3484,-352,-503,53
M,1,375,10,527,291,2559,0,0,1,1,1,0,17300,4500,-3904,-771,-817,376
M,1,344,754,556,121,2483,0,0,1,1,1,0,17432,4336,-3940,-489,-330,365
M,1,349,592,631,354,2527,0,0,1,1,1,0,17356,4064,-3888,-925,63,237
M,1,528,507,509,0,2595,0,0,1,1,1,0,17348,3956,-3724,-508,150,158
M,1,368,635,528,297,2559,0,0,1,1,1,0,17436,4204,-3308,-450,277,-61
M,1,400,731,447,277,2583,0,0,1,1,1,0,17496,4348,-3152,-479,-19,-84
M,1,261,797,528,299,2555,0,0,1,1,1,0,17460,4524,-3104,-393,-257,4
M,1,399,735,386,163,2625,0,0,1,1,1,0,17376,4460,-3588,-508,-563,100
M,1,496,720,130,289,2316,0,0,1,1,1,0,17480,4404,-3768,-357,-352,220
M,1,316,688,534,273,2582,0,0,1,1,1,0,17408,4376,-3644,-772,-292,184
M,1,368,656,458,303,2608,0,0,1,1,1,0,17648,4020,-3612,-420,-231,144
M,1,1488,625,421,321,2661,0,0,1,1,1,0,17336,4100,-3616,-487,-293,22
M,1,240,723,582,123,2585,0,0,1,1,1,0,17396,4456,-3692,-417,-357,21
M,1,636,777,462,304,2622,0,0,1,1,1,0,17364,4368,-3724,-497,-217,155
M,1,320,688,439,224,2601,0,0,1,1,1,0,17412,4248,-3512,-456,-240,145
M,1,342,697,557,222,2618,0,0,1,1,1,0,17428,4140,-3608,-543,-230,51
M,1,337,645,536,237,2794,0,0,1,1,1,0,17292,4260,-3420,-428,-269,5
M,1,128,656,640,254,2493,0,0,1,1,1,0,17224,4244,-3552,-528,-458,30
M,1,314,676,536,364,2595,0,0,1,1,1,0,17372,4396,-3556,-334,-442,58
M,1,364,697,498,246,2546,0,0,1,1,1,0,17344,4256,-3720,-435,-552,-25
M,1,434,691,474,214,2608,0,0,1,1,1,0,17332,4456,-3956,-565,-345,111
M,1,535,699,582,239,2619,0,0,1,1,1,0,17336,4396,-3796,-568,-302,143
M,1,0,589,845,357,2525,0,0,1,1,1,0,17484,4196,-3836,-516,-67,140
M,1,304,770,780,0,2541,0,0,1,1,1,0,17392,4376,-3812,-613,-26,87
M,1,416,655,430,256,2593,0,0,1,1,1,0,17448,4328,-3528,-507,-95,85
N,1,318,681,736,207,2548,0,0,1,1,1,0,17624,4128,-2516,-520,404,203
N,1,333,624,503,232,2559,0,0,0,1,1,0,17516,4448,-2232,-522,336,476
N,1,408,658,528,268,2480,0,0,1,1,1,0,17744,3664,-2096,-533,-37,593
N,1,546,510,690,149,2631,0,0,0,1,1,0,17744,3292,-2276,-709,-50,216
N,1,210,663,637,197,2512,0,0,1,1,1,0,17828,3528,-2224,-604,-89,-140
N,1,328,673,283,254,2667,0,0,1,1,1,0,17820,3896,-1916,-191,-158,-286
N,1,321,640,575,217,2582,0,0,0,1,1,0,17524,4552,-2028,-515,-328,-111
N,1,410,608,592,160,2559,0,0,1,1,1,0,17628,4392,-2308,-547,-424,239
N,1,547,618,439,305,2643,0,0,0,1,1,0,17724,3848,-2384,-829,-515,362
N,1,78,807,574,135,2592,0,0,1,1,1,0,17872,3492,-2440,-682,-358,56
N,1,437,699,561,0,2559,0,0,1,1,1,0,17764,3552,-2228,-546,-349,-198
N,1,336,617,535,202,2581,0,0,0,1,1,0,17664,4156,-2244,-398,-342,-218
N,1,288,633,619,187,2597,0,0,1,1,1,0,17760,4156,-2304,-238,-362,-9
N,1,524,576,467,409,2633,0,0,0,1,1,0,17592,4160,-2572,-658,-374,-103
N,1,202,691,694,143,2553,0,0,1,1,1,0,17680,4076,-2504,-162,-297,-3
N,1,341,662,549,327,2602,0,0,1,1,1,0,17672,4152,-2440,-296,-671,107
N,1,327,632,523,213,2595,0,0,0,1,1,0,17552,4144,-2688,-415,-102,74
N,1,391,570,646,0,2559,0,0,1,1,1,0,17652,4276,-2324,-331,-94,133
N,1,529,544,483,199,2589,0,0,0,1,1,0,17788,4332,-2288,-564,-24,160
N,1,177,885,738,13,2479,0,0,1,1,1,0,17740,4156,-2480,-637,-34,211
N,1,416,673,540,278,2429,0,0,1,1,1,0,17820,4016,-2464,-684,-13,45
N,1,334,579,539,209,2593,0,0,0,1,1,0,17692,3696,-2456,-502,42,40
N,1,405,699,511,237,2496,0,0,1,1,1,0,17760,3816,-2312,-441,-82,-45
N,1,397,629,574,195,2582,0,0,0,1,1,0,18016,4076,-2348,-546,-142,-149
N,1,311,818,613,80,2559,0,0,1,1,1,0,17836,4056,-2380,-412,-210,15
N,1,352,665,569,246,2559,0,0,1,1,1,0,17704,4140,-2496,-324,185,-263
N,1,336,641,573,238,2535,0,0,0,1,1,0,17692,4492,-2272,-469,160,-142
N,1,421,593,283,234,2557,0,0,1,1,1,0,17484,4396,-1948,-693,176,-206
N,1,59,619,774,421,2479,0,0,0,1,1,0,17552,4592,-1636,-509,-5,241
N,1,352,776,502,99,2624,0,0,1,1,1,0,17604,4064,-2480,-900,-681,359
N,1,367,660,383,275,2585,0,0,1,1,1,0,17472,4056,-2464,-473,-167,19
N,1,336,635,477,241,2559,0,0,0,1,1,0,17592,4196,-1652,-105,-92,11
N,1,445,632,611,260,2582,0,0,1,1,1,0,17472,4352,-1680,177,-433,-137
N,1,275,443,944,311,2530,0,0,0,1,1,0,17464,4644,-1996,-194,-809,29
N,1,383,733,432,141,2592,0,0,1,1,1,0,17724,4256,-2640,64,-977,493
N,1,424,629,511,240,2581,0,0,1,1,1,0,17864,3720,-3628,-760,-662,-69
N,1,350,615,560,215,2590,0,0,0,1,1,0,17788,4064,-2724,-508,357,-201
N,1,393,606,640,0,2559,0,0,1,1,1,0,17588,4228,-1804,-443,303,-119
N,1,448,607,562,197,2615,0,0,0,1,1,0,17544,4700,-1824,-261,-222,-198
N,1,560,677,387,178,2675,0,0,1,1,1,0,17644,4860,-1940,-40,-340,71
N,1,304,240,615,358,2618,0,0,1,1,1,0,17756,4164,-2240,72,-848,776
N,1,331,663,561,185,2559,0,0,0,1,1,0,17860,3520,-3776,-1103,-1082,-27
N,1,416,556,546,327,2705,0,0,1,1,1,0,17676,4184,-2988,-1003,-76,-300
N,1,231,646,589,362,2601,0,0,0,1,1,0,17424,4424,-1932,-501,253,-186
N,1,661,647,359,211,2638,0,0,1,1,1,0,17388,4644,-1868,-106,-42,10
N,1,377,626,375,240,2559,0,0,1,1,1,0,17532,4716,-2280,-26,-440,70
N,1,377,629,481,209,2581,0,0,0,1,1,0,17572,4396,-3072,-255,-587,567
N,1,399,611,573,119,2606,0,0,1,1,1,0,17860,3376,-3340,-397,-605,478
N,1,393,611,674,187,2542,0,0,0,1,1,0,17936,3808,-3792,-1372,-141,-70
N,1,527,534,438,263,2593,0,0,1,1,1,0,17480,4080,-2964,-1525,942,-477
N,1,326,697,613,155,2592,0,0,1,1,1,0,17536,4612,-1708,-1112,1332,-362
N,1,367,634,529,231,2594,0,0,0,1,1,0,17408,4796,-1320,-1026,985,-650
N,1,225,679,0,284,2593,0,0,1,1,1,0,17696,4884,-1124,-352,474,-273
N,1,466,717,403,179,2693,0,0,0,1,1,0,17824,4412,-1860,-464,-673,183
N,1,75,580,708,271,2465,0,0,1,1,1,0,18040,4056,-3080,-704,-698,-169
N,1,247,491,538,211,2582,0,0,1,1,1,0,17728,4640,-2428,-858,530,-245
N,1,291,610,533,257,2593,0,0,0,1,1,0,17600,4728,-1288,-65,945,-100
N,1,420,640,553,302,2559,0,0,1,1,1,0,17440,4764,-1048,-306,267,-186
N,1,576,570,544,176,2556,0,0,0,1,1,0,17424,5168,-1364,111,-383,173
N,1,0,455,867,385,2427,0,0,1,1,1,0,17684,4392,-2596,98,-880,216
N,1,309,686,634,256,2527,0,0,1,1,1,0,17376,4300,-2852,-837,-153,-196
N,1,273,603,573,285,2608,0,0,0,1,1,0,17440,4716,-1452,-587,720,-157
N,1,320,639,543,221,2638,0,0,1,1,1,0,17344,5020,-964,-386,407,-133
N,1,231,622,631,334,2447,0,0,0,1,1,0,17444,4924,-1716,39,-742,356
N,1,511,504,473,277,2622,0,0,1,1,1,0,17560,4544,-2704,-845,-910,10
N,1,365,715,605,95,2559,0,0,1,1,1,0,17504,4984,-1900,-59,499,172
N,1,368,592,582,201,2593,0,0,0,1,1,0,17588,4472,-988,-408,38,298
N,1,368,594,560,240,2607,0,0,1,1,1,0,17716,5056,-1444,-314,-793,237
N,1,496,637,507,241,2662,0,0,0,1,1,0,17704,4944,-2560,-313,-646,459
N,1,688,272,403,400,2617,0,0,1,1,1,0,17868,4120,-2900,-392,-453,884
N,1,379,1072,592,311,2559,0,0,1,1,1,0,17952,3808,-1920,-949,-114,206
N,1,368,594,562,224,2580,0,0,0,1,1,0,17560,4364,-1420,-1297,-48,-238
N,1,173,635,583,235,2559,0,0,1,1,1,0,17472,4964,-1468,-733,-84,-261
N,1,249,790,489,216,2644,0,0,0,1,1,0,17540,5500,-1780,-445,-86,214
N,1,419,307,435,442,2678,0,0,1,1,1,0,17976,4708,-2132,278,-257,1520
N,1,364,641,544,193,2559,0,0,1,1,1,0,18284,2640,-2352,-145,-639,812
N,1,401,702,505,191,2603,0,0,0,1,1,0,18972,1104,-2648,1506,24,1006
N,1,363,625,486,298,2503,0,0,1,1,1,0,17104,4600,-1816,1687,78,-385
N,1,259,644,650,121,2593,0,0,0,1,1,0,17196,5832,-1180,2445,226,-1218
N,1,624,704,379,126,2686,0,0,1,1,1,0,17640,4672,-1224,821,581,-1096
N,1,350,487,621,270,2559,0,0,1,1,1,0,17572,4212,-1840,-37,-127,-1067
N,1,324,687,596,203,2554,0,0,0,1,1,0,17976,4944,-2380,-2150,-1934,-420
N,1,438,576,589,295,2606,0,0,1,1,1,0,17516,4828,-3712,-4397,-865,360
N,1,37,660,566,327,2522,0,0,0,1,1,0,18092,1204,-1020,659,1059,597
N,1,319,762,451,79,2657,0,0,1,1,1,0,16868,4364,-672,-2246,-1543,-3174
N,1,373,543,606,368,2531,0,0,1,1,1,0,16904,7616,-1620,1467,-581,-2459
N,1,365,651,511,272,2559,0,0,0,1,1,0,17012,6928,-1872,288,-1608,-1178
N,1,383,689,467,262,2556,0,0,1,1,1,0,17164,6144,-1316,1523,-1959,231
N,1,589,427,504,303,2639,0,0,0,1,1,0,17576,5012,-2656,2149,-1435,1120
N,1,140,671,714,235,2469,0,0,1,1,1,0,17460,6536,-1940,4613,-999,2106
N,1,425,547,528,176,2559,0,0,1,1,1,0,16668,4868,-3604,3791,-1348,3761
N,1,343,604,536,252,2601,0,0,0,1,1,0,16644,5380,-5468,1286,-1920,1533
N,1,592,633,594,177,2602,0,0,1,1,1,0,17772,3388,-4308,2414,119,1093
N,1,645,826,386,288,2559,0,0,0,1,1,0,17764,3108,-4228,567,-55,1891
N,1,0,602,644,335,2496,0,0,1,1,1,0,17828,2816,-5264,-815,647,451
N,1,348,706,630,339,2553,0,0,1,1,1,0,17564,3184,-3024,753,1981,-113
N,1,329,675,511,215,2583,0,0,0,1,1,0,17928,3844,-3808,-3091,786,-2711
N,1,499,637,539,279,2630,0,0,1,1,1,0,17612,4364,-3152,460,687,-26
N,1,528,713,450,163,2623,0,0,0,1,1,0,18000,3576,-4144,-819,1804,-930
N,1,155,511,702,304,2507,0,0,1,1,1,0,17676,5076,-3488,-1807,1869,-928
N,1,405,900,597,207,2559,0,0,1,1,1,0,17464,4824,-2456,-354,3077,911
N,1,359,599,529,234,2593,0,0,0,1,1,0,17412,3980,-2188,-1441,2836,-43
N,1,0,631,624,240,2650,0,0,1,1,1,0,17412,5088,-1328,-1382,2501,-153
N,1,461,655,528,258,2637,0,0,0,1,1,0,17616,4440,-424,-913,1985,582
N,1,85,636,824,323,2491,0,0,1,1,1,0,17676,3600,-88,-1062,897,584
N,1,409,643,477,263,2592,0,0,1,1,1,0,17748,3816,-108,-590,517,411
N,1,314,631,570,230,2559,0,0,0,1,1,0,17980,3860,-904,-596,-24,175
N,1,368,624,597,575,2583,0,0,1,1,1,0,17720,3940,-824,-392,400,31
N,1,562,395,441,293,2701,0,0,0,1,1,0,17952,4544,-28,-654,109,217
N,1,202,658,689,145,2544,0,0,1,1,1,0,17872,3832,-1312,-2482,-402,864
N,1,290,591,538,253,2607,0,0,1,1,1,0,18076,3284,-736,-765,371,667
N,1,347,618,574,240,2591,0,0,0,1,1,0,17832,3608,-912,-438,-356,-801
N,1,368,704,559,309,2525,0,0,1,1,1,0,17808,5048,-1296,-862,-155,-474
N,1,405,726,408,302,2483,0,0,0,1,1,0,17732,4324,-732,-284,225,600
N,1,115,612,705,289,2490,0,0,1,1,1,0,17984,4120,-764,-978,-163,234
N,1,283,561,529,305,2557,0,0,1,1,1,0,17844,4944,-568,-363,423,608
N,1,342,609,573,223,2544,0,0,0,1,1,0,18060,3716,-516,-1058,5,910
N,1,437,732,479,189,2629,0,0,1,1,1,0,18084,3268,-292,-510,-20,635
N,1,258,450,675,416,2487,0,0,0,1,1,0,18240,2864,-292,-274,-97,-112
N,1,338,832,500,71,2590,0,0,1,1,1,0,18004,4020,-460,-521,-297,-557
N,1,358,566,551,262,2559,0,0,1,1,1,0,17744,4472,-936,-543,-189,-441
N,1,395,653,509,256,2599,0,0,0,1,1,0,17736,4816,-636,-1478,-219,-82
N,1,408,576,528,242,2627,0,0,1,1,1,0,17740,4256,-288,-837,-261,484
N,1,509,606,613,208,2475,0,0,0,1,1,0,17960,3716,-364,-401,-351,483
N,1,375,757,464,101,2623,0,0,1,1,1,0,17888,3792,-568,-878,-537,189
N,1,432,581,465,272,2559,0,0,1,1,1,0,18084,3752,-452,-45,-309,143
N,1,368,654,495,256,2559,0,0,0,1,1,0,17876,3664,-488,-658,-528,-229
N,1,320,704,497,181,2627,0,0,1,1,1,0,17892,4220,-620,-524,-549,-173
N,1,99,635,608,191,2533,0,0,0,1,1,0,17808,4120,-328,-445,-598,-80
N,1,315,754,479,84,2611,0,0,1,1,1,0,17808,4384,-652,-584,-823,13
N,1,307,658,591,272,2559,0,0,1,1,1,0,17904,4352,-948,-478,-569,279
N,1,334,660,610,222,2594,0,0,0,1,1,0,18028,3852,-1004,-361,-482,365
N,1,368,662,589,183,2605,0,0,1,1,1,0,18020,3784,-724,-459,-352,142
N,1,386,507,785,112,2522,0,0,0,1,1,0,17924,3780,-820,-457,-407,-109
N,1,715,739,290,41,2751,0,0,1,1,1,0,17856,4216,-980,-475,-550,-85
N,1,370,678,551,237,2559,0,0,1,1,1,0,17968,4240,-952,-332,-420,80
N,1,296,652,531,254,2559,0,0,0,1,1,0,17828,4252,-1020,-407,-345,158
N,1,445,614,572,0,2559,0,0,1,1,1,0,17716,4160,-880,-278,-208,246
N,1,434,614,701,38,2623,0,0,0,1,1,0,17708,4004,-924,-181,-154,131
N,1,800,368,496,353,2583,0,0,1,1,1,0,17620,4052,-760,-267,-303,97
N,1,272,595,613,221,2559,0,0,1,1,1,0,17824,4132,-884,-181,-409,178
N,1,397,609,572,223,2555,0,0,0,1,1,0,17840,3816,-948,-118,-351,120
N,1,387,657,935,307,2559,0,0,1,1,1,0,17756,4032,-1252,-239,-373,59
N,1,389,848,615,0,2677,0,0,0,1,1,0,17900,3868,-748,186,-191,-94
N,1,432,387,528,496,2624,0,0,1,1,1,0,17860,4052,-104,315,-665,-323
N,1,318,595,479,268,2612,0,0,1,1,1,0,17760,4400,-1232,-294,-541,-132
N,1,369,690,562,226,2559,0,0,0,1,1,0,17948,4416,-1220,-490,-238,247
N,1,389,659,592,240,2529,0,0,1,1,1,0,17980,3960,-1424,-410,-185,269
N,1,749,653,400,222,2559,0,0,0,1,1,0,17924,3912,-1224,-495,-105,135
N,1,523,313,356,495,2748,0,0,1,1,1,0,17848,4056,-1108,-344,-235,-33
N,1,285,576,541,297,2592,0,0,1,1,1,0,17892,4280,-976,-157,-347,-20
N,1,401,630,507,206,2595,0,0,0,1,1,0,17776,4244,-1284,-566,-289,-40
N,1,383,607,655,268,2864,0,0,1,1,1,0,17864,4288,-1264,-335,-256,239
N,1,581,693,626,0,2559,0,0,0,1,1,0,17808,4148,-1388,-843,-61,205
N,1,225,441,644,351,2509,0,0,1,1,1,0,17832,4052,-1456,-722,93,113
N,1,375,656,563,240,2559,0,0,1,1,1,0,17768,4212,-1040,-900,216,137
N,1,297,625,540,238,2559,0,0,0,1,1,0,17672,4196,-624,-393,371,177
N,1,357,647,782,214,2610,0,0,1,1,1,0,17552,4324,-892,-505,98,247
N,1,494,611,576,108,2674,0,0,1,1,1,0,17864,4028,-1024,-321,45,263
N,1,5,446,848,250,2542,0,0,1,1,1,0,17880,3756,-696,191,117,150
N,1,351,670,582,240,2544,0,0,1,1,1,0,18004,4048,-1160,-312,20,209
N,1,329,654,544,192,2559,0,0,0,1,1,0,18008,3820,-1244,745,499,259
N,1,439,684,410,389,2591,0,0,1,1,1,0,17952,4040,-1224,170,549,-148
N,1,563,909,239,113,2671,0,0,1,1,1,0,17784,4372,-1176,-109,873,88
N,1,0,493,752,374,2399,0,0,1,1,1,0,17960,4296,-624,-146,795,307
N,1,403,652,533,186,2551,0,0,1,1,1,0,17824,4320,-236,-576,636,383
N,1,313,613,548,302,2557,0,0,0,1,1,0,17820,3680,256,-455,372,586
N,1,687,735,645,48,2503,0,0,1,1,1,0,17904,3488,-28,-305,-139,139
N,1,86,293,910,458,2447,0,0,0,1,1,0,18112,3780,-432,-92,10,2
N,1,604,563,355,275,2585,0,0,1,1,1,0,17956,3756,-980,-273,262,-181
N,1,358,644,595,304,2559,0,0,1,1,1,0,17900,4320,-288,-399,664,35
N,1,345,621,497,198,2559,0,0,0,1,1,0,17812,4068,432,-690,297,30
N,1,336,650,564,243,2613,0,0,1,1,1,0,17824,3900,472,-464,-258,84
N,1,161,501,747,323,2490,0,0,0,1,1,0,17868,3972,144,-383,-583,-52
N,1,342,689,662,161,2528,0,0,1,1,1,0,17836,3968,-276,-465,-583,-54
N,1,357,615,527,261,2593,0,0,1,1,1,0,17856,4236,-644,-522,-250,-131
N,1,298,627,576,259,2547,0,0,0,1,1,0,18112,4204,-344,49,-15,8
N,1,317,742,512,192,2544,0,0,1,1,1,0,18044,3984,-924,-909,147,-242
N,1,534,576,509,304,2587,0,0,0,1,1,0,17888,4184,-236,-504,604,-394
N,1,48,511,648,237,2521,0,0,1,1,1,0,17972,4428,836,-186,386,-98
N,1,271,674,619,277,2587,0,0,1,1,1,0,17692,4420,524,-512,-312,-175
N,1,351,605,543,253,2559,0,0,0,1,1,0,17620,4704,488,435,-490,60
N,1,241,763,601,179,2479,0,0,1,1,1,0,17852,4412,-56,-86,-1093,381
N,1,769,631,339,262,2658,0,0,0,1,1,0,18044,4004,-644,-103,-848,732
N,1,121,527,665,384,2559,0,0,1,1,1,0,18196,2992,-1308,92,-276,135
N,1,336,582,558,241,2559,0,0,1,1,1,0,18112,3688,-616,257,539,-382
N,1,337,655,564,256,2559,0,0,0,1,1,0,17760,4544,-116,416,403,-296
N,1,0,704,688,256,2590,0,0,1,1,1,0,17556,4600,-164,-73,179,-338
N,1,656,379,391,529,2557,0,0,0,1,1,0,17464,5108,172,331,244,26
N,1,276,771,592,452,2541,0,0,0,1,1,0,17996,4560,-288,-683,-410,546
N,1,411,707,529,209,2550,0,0,1,1,1,0,17972,3680,-688,-826,45,493
N,1,336,640,535,231,2559,0,0,0,1,1,0,17980,4020,12,-207,637,63
N,1,256,623,611,276,2608,0,0,1,1,1,0,17848,4256,232,-605,211,-24
N,1,645,719,210,153,2725,0,0,1,1,1,0,17716,4420,364,-551,59,99
N,1,443,618,464,312,2652,0,0,1,1,1,0,17800,4480,120,-584,-166,109
N,1,356,620,571,176,2582,0,0,1,1,1,0,17876,4492,292,-271,-298,444
N,1,400,659,490,207,2603,0,0,0,1,1,0,18116,3648,-268,-651,-432,578
N,1,299,669,543,420,2586,0,0,1,1,1,0,17984,3304,-560,-792,-1,-117
N,1,163,961,800,0,2447,0,0,0,1,1,0,17900,4252,236,-26,461,-478
N,1,23,572,0,285,2757,0,0,1,1,1,0,17596,4696,348,-382,51,-319
O,1,605,695,342,169,2742,0,0,0,1,1,0,0,0,0,0,0,0
O,1,469,643,621,242,2640,0,0,0,1,1,0,0,0,0,0,0,0
O,1,557,623,377,301,2625,0,0,0,1,1,0,0,0,0,0,0,0
O,1,410,646,565,289,2597,0,0,0,1,1,0,0,0,0,0,0,0
O,1,459,673,572,238,2611,0,0,0,1,1,0,0,0,0,0,0,0
O,1,469,701,511,213,2618,0,0,0,1,1,0,0,0,0,0,0,0
O,1,500,624,686,91,2602,0,0,0,1,1,0,0,0,0,0,0,0
O,1,743,762,373,127,2640,0,0,0,1,1,0,0,0,0,0,0,0
O,1,576,748,436,214,2595,0,0,0,1,1,0,0,0,0,0,0,0
O,1,433,558,621,374,2559,0,0,0,1,1,0,0,0,0,0,0,0
O,1,448,788,614,118,2559,0,0,0,1,1,0,0,0,0,0,0,0
O,1,323,712,539,256,2519,0,0,0,1,1,0,0,0,0,0,0,0
O,1,507,706,531,237,2636,0,0,0,1,1,0,0,0,0,0,0,0
O,1,463,689,560,218,2559,0,0,0,1,1,0,0,0,0,0,0,0
O,1,530,727,502,238,2639,0,0,0,1,1,0,0,0,0,0,0,0
O,1,477,624,483,282,2608,0,0,0,1,1,0,0,0,0,0,0,0
O,1,535,143,449,273,2780,0,0,0,1,1,0,0,0,0,0,0,0
O,1,612,538,389,432,2719,0,0,0,1,1,0,0,0,0,0,0,0
O,1,568,464,772,224,2640,0,0,0,1,1,0,0,0,0,0,0,0
O,1,354,608,681,356,2559,0,0,0,1,1,0,0,0,0,0,0,0
O,1,197,561,822,298,2736,0,0,0,1,1,0,0,0,0,0,0,0
O,1,447,638,656,294,2625,0,0,0,1,1,0,0,0,0,0,0,0
O,1,496,688,413,226,2615,0,0,0,1,1,0,0,0,0,0,0,0
O,1,498,689,464,0,2653,0,0,0,1,1,0,0,0,0,0,0,0
O,1,494,638,526,0,2583,0,0,0,1,1,0,0,0,0,0,0,0
O,1,478,673,386,0,2479,0,0,0,1,1,0,0,0,0,0,0,0
O,1,493,632,498,0,2638,0,0,0,1,1,0,0,0,0,0,0,0
O,1,449,486,701,349,2485,0,0,0,1,1,0,0,0,0,0,0,0
O,1,320,653,693,304,2544,0,0,0,1,1,0,0,0,0,0,0,0
O,1,424,703,573,0,2546,0,0,0,1,1,0,0,0,0,0,0,0
O,1,464,601,507,79,2641,0,0,0,1,1,0,0,0,0,0,0,0
O,1,595,667,525,0,2624,0,0,0,1,1,0,0,0,0,0,0,0
O,1,472,714,624,0,2627,0,0,0,1,1,0,0,0,0,0,0,0
O,1,496,640,464,0,2601,0,0,0,1,1,0,0,0,0,0,0,0
O,1,463,643,528,0,2623,0,0,0,1,1,0,0,0,0,0,0,0
O,1,478,609,498,0,2641,0,0,0,1,1,0,0,0,0,0,0,0
O,1,485,635,438,0,2611,0,0,0,1,1,0,0,0,0,0,0,0
O,1,448,742,485,293,2512,0,0,0,1,1,0,0,0,0,0,0,0
O,1,262,671,709,365,2537,0,0,0,1,1,0,0,0,0,0,0,0
O,1,323,688,656,210,2557,0,0,0,1,1,0,0,0,0,0,0,0
O,1,497,689,597,229,2477,0,0,0,1,1,0,0,0,0,0,0,0
O,1,436,694,544,196,2614,0,0,0,1,1,0,0,0,0,0,0,0
O,1,508,671,491,256,2640,0,0,0,1,1,0,0,0,0,0,0,0
O,1,496,690,528,214,2620,0,0,0,1,1,0,0,0,0,0,0,0
O,1,422,703,443,238,2633,0,0,0,1,1,0,0,0,0,0,0,0
O,1,576,544,418,358,2854,0,0,0,1,1,0,0,0,0,0,0,0
O,1,592,560,496,335,2698,0,0,0,1,1,0,0,0,0,0,0,0
O,1,592,403,681,446,2534,0,0,0,1,1,0,0,0,0,0,0,0
O,1,215,539,860,553,2435,0,0,0,1,1,0,0,0,0,0,0,0
O,1,474,597,568,251,2605,0,0,0,1,1,0,0,0,0,0,0,0
O,1,493,685,614,297,2608,0,0,0,1,1,0,0,0,0,0,0,0
O,1,492,662,556,272,2619,0,0,0,1,1,0,0,0,0,0,0,0
O,1,432,643,563,272,2626,0,0,0,1,1,0,0,0,0,0,0,0
O,1,497,713,495,198,2615,0,0,0,1,1,0,0,0,0,0,0,0
O,1,510,880,542,213,2608,0,0,0,1,1,0,0,0,0,0,0,0
O,1,1136,725,419,136,2698,0,0,0,1,1,0,0,0,0,0,0,0
O,1,430,704,483,354,2622,0,0,0,1,1,0,0,0,0,0,0,0
O,1,336,630,682,277,2581,0,0,0,1,1,0,0,0,0,0,0,0
O,1,499,753,426,173,2642,0,0,0,1,1,0,0,0,0,0,0,0
O,1,586,615,523,265,2338,0,0,0,1,1,0,0,0,0,0,0,0
O,1,539,710,506,250,2607,0,0,0,1,1,0,0,0,0,0,0,0
O,1,496,671,507,243,2633,0,0,0,1,1,0,0,0,0,0,0,0
O,1,445,654,550,260,2599,0,0,0,1,1,0,0,0,0,0,0,0
O,1,448,627,576,310,2618,0,0,0,1,1,0,0,0,0,0,0,0
O,1,1260,752,549,327,2848,0,0,0,1,1,0,0,0,0,0,0,0
O,1,579,754,382,283,2719,0,0,0,1,1,0,0,0,0,0,0,0
O,1,572,550,537,137,2678,0,0,0,1,1,0,0,0,0,0,0,0
O,1,680,414,338,322,2616,0,0,0,1,1,0,0,0,0,0,0,0
O,1,448,534,592,331,2592,0,0,0,1,1,0,0,0,0,0,0,0
O,1,483,609,432,272,2609,0,0,0,1,1,0,0,0,0,0,0,0
O,1,447,688,529,310,2624,0,0,0,1,1,0,0,0,0,0,0,0
O,1,477,699,548,305,2624,0,0,0,1,1,0,0,0,0,0,0,0
O,1,502,738,544,258,2613,0,0,0,1,1,0,0,0,0,0,0,0
O,1,444,811,507,272,2545,0,0,0,1,1,0,0,0,0,0,0,0
O,1,580,711,459,63,2624,0,0,0,1,1,0,0,0,0,0,0,0
O,1,508,697,430,293,2651,0,0,0,1,1,0,0,0,0,0,0,0
O,1,631,443,407,507,2699,0,0,0,1,1,0,0,0,0,0,0,0
O,1,362,581,577,354,2559,0,0,0,1,1,0,0,0,0,0,0,0
O,1,371,661,602,466,2559,0,0,0,1,1,0,0,0,0,0,0,0
O,1,432,607,742,307,2611,0,0,0,1,1,0,0,0,0,0,0,0
O,1,418,668,560,241,2593,0,0,0,1,1,0,0,0,0,0,0,0
O,1,522,684,540,240,2655,0,0,0,1,1,0,0,0,0,0,0,0
O,1,455,673,586,302,2595,0,0,0,1,1,0,0,0,0,0,0,0
O,1,403,674,343,167,2641,0,0,0,1,1,0,0,0,0,0,0,0
O,1,415,816,645,335,2545,0,0,0,1,1,0,0,0,0,0,0,0
O,1,375,657,559,308,2683,0,0,0,1,1,0,0,0,0,0,0,0
O,1,685,833,252,207,2723,0,0,0,1,1,0,0,0,0,0,0,0
O,1,544,620,475,342,2617,0,0,0,1,1,0,0,0,0,0,0,0
O,1,503,721,435,353,2647,0,0,0,1,1,0,0,0,0,0,0,0
O,1,453,661,569,272,2606,0,0,0,1,1,0,0,0,0,0,0,0
O,1,505,624,477,308,2616,0,0,0,1,1,0,0,0,0,0,0,0
O,1,421,727,561,240,2639,0,0,0,1,1,0,0,0,0,0,0,0
O,1,471,707,592,383,2631,0,0,0,1,1,0,0,0,0,0,0,0
O,1,537,276,421,111,2547,0,0,0,1,1,0,0,0,0,0,0,0
O,1,423,695,500,230,2621,0,0,0,1,1,0,0,0,0,0,0,0
O,1,455,499,569,425,2602,0,0,0,1,1,0,0,0,0,0,0,0
O,1,193,534,833,302,2461,0,0,0,1,1,0,0,0,0,0,0,0
O,1,213,627,469,323,2670,0,0,0,1,1,0,0,0,0,0,0,0
O,1,383,752,566,211,2593,0,0,0,1,1,0,0,0,0,0,0,0
O,1,471,649,502,240,2610,0,0,0,1,1,0,0,0,0,0,0,0
O,1,459,646,544,272,2636,0,0,0,1,1,0,0,0,0,0,0,0
O,1,503,656,482,279,2623,0,0,0,1,1,0,0,0,0,0,0,0
O,1,442,727,547,471,2594,0,0,0,1,1,0,0,0,0,0,0,0
O,1,495,624,638,346,2544,0,0,0,1,1,0,0,0,0,0,0,0
O,1,296,670,579,499,2481,0,0,0,1,1,0,0,0,0,0,0,0
O,1,389,688,653,228,2559,0,0,0,1,1,0,0,0,0,0,0,0
O,1,401,695,603,240,2559,0,0,0,1,1,0,0,0,0,0,0,0
O,1,405,740,1076,176,2449,0,0,0,1,1,0,0,0,0,0,0,0
O,1,409,738,620,265,2607,0,0,0,1,1,0,0,0,0,0,0,0
O,1,421,683,499,274,2608,0,0,0,1,1,0,0,0,0,0,0,0
O,1,525,656,467,225,2640,0,0,0,1,1,0,0,0,0,0,0,0
O,1,479,640,530,259,2610,0,0,0,1,1,0,0,0,0,0,0,0
O,1,448,699,455,222,2610,0,0,0,1,1,0,0,0,0,0,0,0
O,1,532,624,451,363,2659,0,0,0,1,1,0,0,0,0,0,0,0
O,1,421,670,523,468,2604,0,0,0,1,1,0,0,0,0,0,0,0
O,1,331,563,613,413,2544,0,0,0,1,1,0,0,0,0,0,0,0
O,1,246,581,774,483,2391,0,0,0,1,1,0,0,0,0,0,0,0
O,1,477,678,483,291,2710,0,0,0,1,1,0,0,0,0,0,0,0
O,1,398,644,560,263,2608,0,0,0,1,1,0,0,0,0,0,0,0
O,1,490,691,544,254,2608,0,0,0,1,1,0,0,0,0,0,0,0
O,1,565,688,496,256,2606,0,0,0,1,1,0,0,0,0,0,0,0
O,1,511,699,489,320,2559,0,0,0,1,1,0,0,0,0,0,0,0
O,1,425,659,565,321,2588,0,0,0,1,1,0,0,0,0,0,0,0
O,1,335,624,751,293,2527,0,0,0,1,1,0,0,0,0,0,0,0
O,1,296,687,752,258,2519,0,0,0,1,1,0,0,0,0,0,0,0
O,1,334,704,656,224,2581,0,0,0,1,1,0,0,0,0,0,0,0
O,1,441,794,888,212,2736,0,0,0,1,1,0,0,0,0,0,0,0
O,1,402,663,551,298,2495,0,0,0,1,1,0,0,0,0,0,0,0
O,1,532,671,560,275,2639,0,0,0,1,1,0,0,0,0,0,0,0
O,1,469,689,560,237,2611,0,0,0,1,1,0,0,0,0,0,0,0
O,1,462,634,543,272,2604,0,0,0,1,1,0,0,0,0,0,0,0
O,1,222,656,581,210,2427,0,0,0,1,1,0,0,0,0,0,0,0
O,1,511,752,487,183,2659,0,0,0,1,1,0,0,0,0,0,0,0
O,1,570,607,558,292,2599,0,0,0,1,1,0,0,0,0,0,0,0
O,1,335,875,693,30,2513,0,0,0,1,1,0,0,0,0,0,0,0
O,1,626,631,401,270,2665,0,0,0,1,1,0,0,0,0,0,0,0
O,1,435,629,455,336,2613,0,0,0,1,1,0,0,0,0,0,0,0
O,1,554,745,590,279,2559,0,0,0,1,1,0,0,0,0,0,0,0
O,1,498,660,500,247,2610,0,0,0,1,1,0,0,0,0,0,0,0
O,1,510,672,534,297,2629,0,0,0,1,1,0,0,0,0,0,0,0
O,1,401,640,554,259,2608,0,0,0,1,1,0,0,0,0,0,0,0
O,1,369,602,569,255,2586,0,0,0,1,1,0,0,0,0,0,0,0
O,1,618,854,490,298,2647,0,0,0,1,1,0,0,0,0,0,0,0
O,1,381,610,415,430,2703,0,0,0,1,1,0,0,0,0,0,0,0
O,1,240,611,720,358,2559,0,0,0,1,1,0,0,0,0,0,0,0
O,1,384,715,511,349,2590,0,0,0,1,1,0,0,0,0,0,0,0
O,1,388,610,558,273,2593,0,0,0,1,1,0,0,0,0,0,0,0
O,1,463,687,497,231,2623,0,0,0,1,1,0,0,0,0,0,0,0
O,1,481,619,587,255,2655,0,0,0,1,1,0,0,0,0,0,0,0
O,1,464,646,448,251,2614,0,0,0,1,1,0,0,0,0,0,0,0
O,1,416,747,496,307,2467,0,0,0,1,1,0,0,0,0,0,0,0
O,1,480,734,436,213,2640,0,0,0,1,1,0,0,0,0,0,0,0
O,1,608,529,304,500,2672,0,0,0,1,1,0,0,0,0,0,0,0
O,1,455,539,586,450,2624,0,0,0,1,1,0,0,0,0,0,0,0
O,1,323,676,607,335,2550,0,0,0,1,1,0,0,0,0,0,0,0
O,1,436,642,619,331,2626,0,0,0,1,1,0,0,0,0,0,0,0
O,1,424,720,553,222,2618,0,0,0,1,1,0,0,0,0,0,0,0
O,1,414,671,571,280,2606,0,0,0,1,1,0,0,0,0,0,0,0
O,1,435,687,482,278,2615,0,0,0,1,1,0,0,0,0,0,0,0
O,1,473,666,497,265,2640,0,0,0,1,1,0,0,0,0,0,0,0
O,1,532,656,513,240,2619,0,0,0,1,1,0,0,0,0,0,0,0
O,1,324,535,457,296,2625,0,0,0,1,1,0,0,0,0,0,0,0
O,1,593,583,580,373,2587,0,0,0,1,1,0,0,0,0,0,0,0
O,1,386,572,651,325,2537,0,0,0,1,1,0,0,0,0,0,0,0
O,1,202,550,847,442,2423,0,0,0,1,1,0,0,0,0,0,0,0
O,1,496,560,167,344,2589,0,0,0,1,1,0,0,0,0,0,0,0
O,1,464,656,496,272,2638,0,0,0,1,1,0,0,0,0,0,0,0
O,1,441,694,578,246,2608,0,0,0,1,1,0,0,0,0,0,0,0
O,1,453,739,486,252,2644,0,0,0,1,1,0,0,0,0,0,0,0
O,1,582,670,404,205,2614,0,0,0,1,1,0,0,0,0,0,0,0
O,1,464,682,544,323,2625,0,0,0,1,1,0,0,0,0,0,0,0
O,1,561,779,461,239,2655,0,0,0,1,1,0,0,0,0,0,0,0
O,1,617,574,435,295,2629,0,0,0,1,1,0,0,0,0,0,0,0
O,1,557,592,489,368,2642,0,0,0,1,1,0,0,0,0,0,0,0
O,1,423,528,387,410,2665,0,0,0,1,1,0,0,0,0,0,0,0
O,1,477,671,472,303,2609,0,0,0,1,1,0,0,0,0,0,0,0
O,1,410,645,528,345,2622,0,0,0,1,1,0,0,0,0,0,0,0
O,1,448,657,572,305,2614,0,0,0,1,1,0,0,0,0,0,0,0
O,1,430,650,596,293,2591,0,0,0,1,1,0,0,0,0,0,0,0
O,1,495,689,529,336,2583,0,0,0,1,1,0,0,0,0,0,0,0
O,1,333,1431,556,304,2638,0,0,0,1,1,0,0,0,0,0,0,0
O,1,220,896,558,198,2588,0,0,0,1,1,0,17792,4228,-672,-338,-391,-227
O,1,567,723,438,207,2656,0,0,0,1,1,0,17824,4480,-800,-253,-587,-149
O,1,438,637,510,335,2660,0,0,0,1,1,0,17820,4500,-896,-321,-482,-30
O,1,447,688,526,259,2611,0,0,0,1,1,0,17776,4440,-1316,-473,-378,98
O,1,418,752,963,274,2639,0,0,0,1,1,0,17692,4192,-1168,-451,-84,149
O,1,339,656,549,248,2678,0,0,0,1,1,0,17684,4292,-800,-571,120,192
O,1,597,679,369,235,2704,0,0,0,1,1,0,17724,4376,-680,-670,-8,52
O,1,502,592,470,237,2607,0,0,0,1,1,0,17768,4432,-684,-346,-153,92
O,1,401,624,587,268,2611,0,0,0,1,1,0,17740,4376,-800,-296,-389,194
O,1,569,638,499,322,2643,0,0,0,1,1,0,17844,4328,-1072,-414,-532,115
O,1,368,624,620,403,2448,0,0,0,1,1,0,17644,4308,-1128,-388,-606,-8
O,1,615,786,396,189,2648,0,0,0,1,1,0,17652,4456,-1100,-668,-417,123
O,1,495,675,487,253,2624,0,0,0,1,1,0,17544,4396,-1040,-473,-141,380
O,1,453,695,529,304,2617,0,0,0,1,1,0,17772,4328,-772,-525,-219,420
O,1,528,638,525,258,2657,0,0,0,1,1,0,17924,4112,-744,-255,-555,270
O,1,333,543,822,263,2654,0,0,0,1,1,0,18568,4512,-948,-579,-614,155
O,1,670,704,349,247,2670,0,0,0,1,1,0,18560,4020,-940,-213,-405,-370
O,1,451,641,559,298,2618,0,0,0,1,1,0,17132,3528,-980,-193,-568,-466
O,1,491,670,511,256,2626,0,0,0,1,1,0,17640,4320,-1488,-942,-1488,-331
P,1,532,663,688,553,2627,1,0,1,1,1,1,3636,840,-16376,117,39,-251
P,1,433,677,710,558,2611,1,0,1,1,1,1,3712,316,-16268,-549,-500,267
P,1,431,656,0,666,2620,1,0,1,1,1,1,3424,332,-16520,-301,-456,15
P,1,430,628,674,688,2544,1,0,1,1,1,1,3456,348,-16540,-122,-179,-114
P,1,348,791,768,446,2559,1,0,1,1,1,1,3616,488,-16444,-333,-424,31
P,1,355,662,735,607,2633,1,0,1,1,1,1,3472,536,-16556,-608,-425,-2
P,1,407,703,686,557,2609,1,0,1,1,1,1,3448,680,-16736,-460,-307,-71
P,1,500,741,645,557,2880,1,0,1,1,1,1,3404,396,-16684,-324,273,-182
P,1,361,631,793,727,2482,1,0,1,1,1,1,3548,400,-16044,-273,330,-114
P,1,659,764,458,527,2775,1,0,1,1,1,1,3688,396,-16132,-476,-260,-107
P,1,452,677,720,603,2640,1,0,1,1,1,1,3460,652,-16388,-284,-611,-18
P,1,485,627,689,559,2635,1,0,1,1,1,1,3208,376,-16624,-364,-346,241
P,1,433,693,816,523,2641,1,0,1,1,1,1,3252,196,-16620,-462,-23,-19
P,1,709,752,629,377,2745,1,0,1,1,1,1,3476,524,-16400,-479,107,-50
P,1,369,507,887,694,2545,1,0,1,1,1,1,3396,240,-16180,-564,-324,205
P,1,511,716,835,576,2604,1,0,1,1,1,1,3244,688,-15912,-474,-370,144
P,1,445,709,707,559,2622,1,0,1,1,1,1,3316,772,-16100,-278,-212,249
P,1,403,751,694,591,3011,1,0,1,1,1,1,3724,992,-16308,48,104,516
P,1,463,682,755,496,2662,1,0,1,1,1,1,4068,540,-16576,578,300,453
P,1,301,785,854,563,2582,1,0,1,1,1,1,4044,-256,-16420,191,-314,650
P,1,427,745,695,600,2631,1,0,1,1,1,1,3804,-568,-16496,-444,-472,489
P,1,417,701,715,591,2611,1,0,1,1,1,1,3460,-536,-16700,-466,-618,65
P,1,448,699,755,493,2677,1,0,1,1,1,1,3160,-32,-16616,-678,-357,31
P,1,323,848,898,397,2666,1,0,1,1,1,1,3220,124,-16472,-703,-234,6
P,1,511,586,654,570,2625,1,0,1,1,1,1,3380,372,-16184,-495,-97,18
P,1,164,705,531,623,2643,1,0,1,1,1,1,3488,408,-16288,-559,409,10
P,1,471,673,688,560,2621,1,0,1,1,1,1,3824,156,-16284,-491,64,219
P,1,211,727,716,641,2640,1,0,1,1,1,1,3788,44,-16208,-252,-279,62
P,1,535,689,602,645,2672,1,0,1,1,1,1,3824,48,-16344,-352,-538,48
P,1,98,599,794,638,2559,1,0,1,1,1,1,3624,-20,-16348,-525,-548,89
P,1,466,743,688,914,2663,1,0,1,1,1,1,3476,28,-16544,-533,-558,57
P,1,471,737,702,533,2624,1,0,1,1,1,1,3324,-80,-16600,-696,-364,188
P,1,337,718,848,652,2609,1,0,1,1,1,1,3448,80,-16644,-384,209,-20
P,1,361,677,752,427,2624,1,0,1,1,1,1,3752,32,-16348,-522,121,50
P,1,574,499,693,687,2613,1,0,1,1,1,1,3640,140,-16300,-551,10,37
P,1,432,1328,754,538,2559,1,0,1,1,1,1,3728,240,-16088,-500,-189,113
P,1,430,676,702,577,2614,1,0,1,1,1,1,3628,92,-16352,-657,-326,217
P,1,381,645,704,561,2653,1,0,1,1,1,1,3468,44,-16628,-673,-145,75
P,1,441,763,785,551,2607,1,0,1,1,1,1,3576,164,-16488,-473,111,23
P,1,205,618,995,680,2489,1,0,1,1,1,1,3744,-96,-16452,-351,49,-125
P,1,472,677,80,533,2637,1,0,1,1,1,1,3840,84,-16260,-611,148,-246
P,1,411,695,726,511,2640,1,0,1,1,1,1,3864,364,-16264,-449,-29,-122
P,1,401,707,754,606,2617,1,0,1,1,1,1,3864,272,-16352,-519,-334,363
P,1,447,687,934,567,2655,1,0,1,1,1,1,3796,-164,-16120,-555,-734,554
P,1,553,452,599,749,2682,1,0,1,1,1,1,3580,-248,-16676,-707,-676,294
P,1,315,1460,769,531,2559,1,0,1,1,1,1,3520,140,-16608,-434,-47,-152
P,1,458,725,714,591,2607,1,0,1,1,1,1,3752,112,-16304,-508,131,-43
P,1,409,763,702,539,2646,1,0,1,1,1,1,3776,188,-15988,-616,158,-84
P,1,482,810,511,487,2775,1,0,1,1,1,1,3936,244,-16292,-704,140,126
P,1,115,575,958,662,2494,1,0,1,1,1,1,3880,-100,-16572,-386,-307,186
P,1,306,807,624,561,2624,1,0,1,1,1,1,3616,-16,-16672,-582,-208,17
P,1,391,690,693,565,2637,1,0,1,1,1,1,3468,-56,-16712,-710,76,-105
P,1,505,782,725,551,2608,1,0,1,1,1,1,3744,120,-16380,-429,-79,-194
P,1,528,666,666,638,2666,1,0,1,1,1,1,4016,364,-16100,-507,-6,-103
P,1,247,718,912,529,2559,1,0,1,1,1,1,4020,80,-16332,-813,-369,239
P,1,521,723,626,592,2656,1,0,1,1,1,1,3968,-40,-17096,-933,-186,415
P,1,355,641,714,598,2634,1,0,1,1,1,1,4136,-200,-17268,-810,328,-66
P,1,359,703,742,541,2614,1,0,1,1,1,1,4036,8,-16640,-844,-464,-291
P,1,464,679,645,615,2608,1,0,1,1,1,1,3672,920,-16000,-1541,-505,255
P,1,361,849,694,386,2608,1,0,1,1,1,1,3796,1140,-15600,-1108,-223,446
P,1,214,755,476,625,2493,1,0,1,1,1,1,3904,424,-15824,-646,-371,346
P,1,432,613,659,535,2623,1,0,1,1,1,1,3700,60,-16320,-1201,-317,599
P,1,418,768,687,571,2592,1,0,1,1,1,1,3628,252,-16404,-985,13,-88
P,1,440,681,734,92,2605,1,0,1,1,1,1,3656,896,-16368,-457,451,-352
P,1,863,443,667,646,2688,1,0,1,1,1,1,3832,832,-16060,-361,374,34
P,1,292,782,820,673,2634,1,0,1,1,1,1,4064,920,-16072,-390,-224,174
P,1,503,678,689,526,2640,1,0,1,1,1,1,3952,496,-16356,-609,-542,382
P,1,428,737,752,575,2624,1,0,1,1,1,1,4140,352,-16476,-519,-469,82
P,1,462,721,706,704,2599,1,0,1,1,1,1,4136,316,-16644,-469,-729,-150
P,1,507,404,816,720,2545,1,0,1,1,1,1,3896,388,-16744,-760,-246,-187
P,1,287,735,746,464,2624,1,0,1,1,1,1,3828,364,-16564,-449,245,-531
P,1,461,720,685,538,2643,1,0,1,1,1,1,3748,540,-16412,-475,833,-647
P,1,443,672,701,551,2643,1,0,1,1,1,1,3880,800,-16304,-658,792,-429
P,1,478,687,754,496,2593,1,0,1,1,1,1,3964,1064,-16112,-547,368,-34
P,1,397,721,599,719,2559,1,0,1,1,1,1,4128,872,-15940,-535,174,213
P,1,401,922,743,429,2599,1,0,1,1,1,1,4092,548,-15940,-888,-76,452
P,1,336,695,697,541,2621,1,0,1,1,1,1,4204,352,-16132,-207,-180,70
P,1,447,636,688,591,2630,1,0,1,1,1,1,4340,568,-16480,-306,-48,-10
P,1,455,679,752,608,2625,1,0,1,1,1,1,4288,1040,-16448,-40,38,78
P,1,221,809,718,473,2640,1,0,1,1,1,1,4580,1344,-16584,138,231,341
P,1,613,646,639,607,2690,1,0,1,1,1,1,3952,332,-16628,678,664,1203
P,1,439,748,636,569,2603,1,0,1,1,1,1,4244,900,-15644,399,-818,959
P,1,453,695,662,509,2639,1,0,1,1,1,1,4060,1332,-15628,380,-909,1542
P,1,437,722,675,640,2651,1,0,1,1,1,1,4360,292,-15496,-71,336,2318
P,1,475,731,755,427,2645,1,0,1,1,1,1,5248,-1068,-15660,1385,982,1154
P,1,444,496,704,663,2653,1,0,1,1,1,1,5584,-1576,-16136,699,1325,351
P,1,419,640,693,464,2263,1,0,1,1,1,1,5244,-1040,-16968,887,915,-404
P,1,431,720,743,542,2591,1,0,1,1,1,1,4940,-296,-17068,987,377,-770
P,1,398,699,698,592,2624,1,0,1,1,1,1,5104,-300,-16640,398,-145,-194
P,1,487,630,754,528,2640,1,0,1,1,1,1,4644,-1136,-16116,-143,-217,638
P,1,495,613,688,674,2638,1,0,1,1,1,1,4448,-1140,-15588,-216,-695,257
P,1,416,718,740,603,2553,1,0,1,1,1,1,4672,-976,-16332,-505,-1363,287
P,1,490,702,688,477,2616,1,0,1,1,1,1,4728,-1028,-16252,-1341,-1032,986
P,1,367,720,687,433,2601,1,0,1,1,1,1,5164,-1112,-16232,-671,-955,522
P,1,552,743,631,494,2672,1,0,1,1,1,1,5508,-1020,-16452,-354,-1316,204
P,1,247,678,883,599,2586,1,0,1,1,1,1,5388,-936,-16308,-942,-1875,611
P,1,394,773,659,541,2674,1,0,1,1,1,1,4616,-1332,-16284,-1021,-2693,902
P,1,371,663,752,582,2643,1,0,1,1,1,1,3552,-1196,-16780,-2001,-2768,997
P,1,430,727,725,1079,2597,1,0,1,1,1,1,3052,-820,-17060,-1490,-1661,381
P,1,358,688,741,381,2639,1,0,1,1,1,1,2852,8,-16476,-1674,256,68
P,1,367,787,743,377,2622,1,0,1,1,1,1,2912,-284,-15732,135,1598,-28
P,1,464,565,784,528,2547,1,0,1,1,1,1,3676,172,-15716,-11,1534,22
P,1,471,704,688,530,2635,1,0,1,1,1,1,4248,564,-15260,1128,1375,118
P,1,432,678,733,557,2630,1,0,1,1,1,1,4280,112,-15360,965,384,266
P,1,563,704,660,529,2627,1,0,1,1,1,1,4636,-384,-15492,722,-519,792
P,1,546,779,576,484,2654,1,0,1,1,1,1,4224,-1060,-16640,323,-1320,1385
P,1,484,669,576,549,2685,1,0,1,1,1,1,3832,-1272,-17008,-321,-371,1645
P,1,374,666,724,564,2635,1,0,1,1,1,1,4168,-1476,-16088,1164,1623,386
P,1,432,701,674,530,2620,1,0,1,1,1,1,5340,-1404,-16328,1922,2262,-230
P,1,310,555,835,567,2519,1,0,1,1,1,1,5056,-2044,-15808,328,1063,-67
P,1,503,858,577,437,2661,1,0,1,1,1,1,5192,-372,-15600,952,845,-561
P,1,335,623,753,581,2586,1,0,1,1,1,1,5980,-1944,-16020,2198,1153,564
P,1,417,742,734,528,2597,1,0,1,1,1,1,5404,-2832,-16056,932,196,1300
P,1,423,659,752,528,2625,1,0,1,1,1,1,5164,-3788,-17192,-767,-954,1217
P,1,437,546,840,556,2418,1,0,1,1,1,1,5004,-3440,-17012,-532,-1367,409
P,1,592,719,563,558,2699,1,0,1,1,1,1,5092,-3720,-16572,-665,-1811,-681
P,1,343,618,912,956,2511,1,0,1,1,1,1,4008,-2496,-17072,-1684,-1476,-686
P,1,485,649,741,551,2610,1,0,1,1,1,1,3856,-1796,-16768,-574,-862,-777
P,1,445,690,702,541,2628,1,0,1,1,1,1,3288,-1764,-16352,-1988,234,106
P,1,469,688,692,568,2607,1,0,1,1,1,1,3664,-772,-15420,318,1234,-77
P,1,234,613,924,606,2525,1,0,1,1,1,1,4204,-1776,-14968,1573,633,835
P,1,544,751,625,368,2589,1,0,1,1,1,1,4540,-2580,-15992,-632,-210,2816
P,1,414,676,658,560,2623,1,0,1,1,1,1,4816,-3416,-16692,-278,70,2122
P,1,402,702,715,508,2650,1,0,1,1,1,1,4564,-4124,-16076,-1540,1550,850
P,1,544,598,699,563,2614,1,0,1,1,1,1,6024,-1564,-14724,268,1417,-1193
P,1,359,818,683,386,2735,1,0,1,1,1,1,5624,-1076,-15892,-707,-882,422
P,1,467,576,725,641,2715,1,0,1,1,1,1,5156,-2496,-15920,-1278,-1663,1516
P,1,417,691,698,469,2559,1,0,1,1,1,1,5044,-3416,-16228,-862,-1328,1016
P,1,379,685,714,526,2640,1,0,1,1,1,1,5504,-3908,-16200,-597,-345,-136
P,1,407,698,728,571,2619,1,0,1,1,1,1,5932,-3240,-16060,-1368,-647,-866
P,1,802,674,635,436,2736,1,0,1,1,1,1,5820,-1660,-15604,-999,-1264,-1822
P,1,228,642,828,545,2559,1,0,1,1,1,1,5344,-1184,-15912,-1194,-2215,-1106
P,1,264,772,692,532,2590,1,0,1,1,1,1,4308,-1596,-15960,-1915,-2208,-484
P,1,368,687,715,546,2613,1,0,1,1,1,1,4040,-1880,-16048,-1824,-2522,-310
P,1,831,625,901,572,2683,1,0,1,1,1,1,3592,-2180,-16784,-1516,-3112,-200
P,1,462,695,751,510,2670,1,0,1,1,1,1,2348,-1696,-16408,-2259,-2723,89
P,1,307,999,922,221,2581,1,0,1,1,1,1,2476,-940,-16424,-1770,-2226,-224
P,1,386,683,711,535,2659,1,0,1,1,1,1,2688,-604,-16388,-1372,-1383,-262
P,1,459,706,735,502,2602,1,0,1,1,1,1,2296,-268,-15916,-543,-568,-406
P,1,352,743,736,504,2602,0,0,1,1,1,1,1908,-1060,-15844,-575,-575,51
P,1,544,555,735,510,2624,1,0,1,1,1,1,2128,-1048,-16212,-14,537,-71
P,1,529,777,466,448,2690,1,0,1,1,1,1,2860,-1200,-16672,306,755,272
P,1,421,686,703,526,2636,1,0,1,1,1,1,3636,-1256,-16864,-778,-271,492
P,1,421,693,655,534,2618,1,0,1,1,1,1,4068,-1024,-16432,147,-1084,220
P,1,336,752,699,363,2629,1,0,1,1,1,1,3588,-2716,-17100,-968,-1540,630
P,1,572,591,788,511,2675,1,0,1,1,1,1,2688,-2748,-16676,-2384,-463,664
P,1,280,738,796,551,2522,1,0,1,1,1,1,2488,-2132,-15856,-428,-170,-912
P,1,323,687,718,482,2602,1,0,1,1,1,1,2324,-1112,-16060,-1452,-200,-1174
P,1,432,708,746,564,2627,1,0,1,1,1,1,2892,1352,-16116,117,-83,-1208
P,1,391,531,663,528,2634,1,0,1,1,1,1,2848,-112,-17052,4,-7,522
P,1,335,693,691,551,2594,1,0,1,1,1,1,2788,-2052,-16888,-2240,632,1493
P,1,629,656,597,527,2672,1,0,1,1,1,1,3744,-1428,-16116,-667,319,-78
P,1,416,647,727,546,2643,1,0,1,1,1,1,3740,-1664,-16028,156,-476,-187
P,1,400,671,692,541,2647,1,0,1,1,1,1,3608,-1780,-16564,-1717,-1353,-730
P,1,419,524,784,561,2599,1,0,1,1,1,1,2812,-492,-17204,-1996,-394,-1522
P,1,412,726,669,459,2618,1,0,1,1,1,1,2212,-324,-15704,-763,2219,-1584
P,1,537,375,595,758,2734,1,0,1,1,1,1,4144,176,-14392,852,1247,-1704
P,1,389,601,746,448,2508,1,0,1,1,1,1,4080,-232,-15916,-327,-2830,4
P,1,448,675,717,541,2610,1,0,1,1,1,1,1860,-852,-17684,-2970,-2930,1349
P,1,459,708,678,533,2623,1,0,1,1,1,1,992,-644,-17544,-1835,-512,207
P,1,580,982,635,479,2641,1,0,1,1,1,1,1500,-356,-17212,68,1854,-971
P,1,217,845,759,397,2624,1,0,1,1,1,1,2804,-236,-16144,425,2135,-254
P,1,556,631,597,591,2659,1,0,1,1,1,1,3720,-356,-15832,-356,681,716
P,1,453,679,703,505,2640,1,0,1,1,1,1,3524,-608,-16092,-1040,-800,1391
P,1,374,743,786,544,2597,1,0,1,1,1,1,3512,-864,-16452,-818,-917,890
P,1,511,539,603,538,2743,1,0,1,1,1,1,3296,-620,-16744,-660,-401,342
P,1,482,846,602,405,2687,1,0,1,1,1,1,3464,-448,-16668,-419,115,-35
P,1,500,592,560,547,2654,1,0,1,1,1,1,3612,-376,-16648,-279,302,-115
P,1,432,704,688,523,2624,1,0,1,1,1,1,3424,-800,-16248,-385,349,-128
P,1,450,720,749,533,2617,1,0,1,1,1,1,3268,-816,-16048,-514,-451,-85
P,1,387,677,651,560,2616,1,0,1,1,1,1,3016,-448,-16468,-922,-466,41
P,1,545,546,721,528,2633,1,0,1,1,1,1,3136,-384,-16400,-885,-153,47
P,1,67,647,656,605,2550,1,0,1,1,1,1,3340,-204,-16368,-284,-112,-222
P,1,439,720,729,499,2646,1,0,1,1,1,1,3056,-236,-16156,-469,-46,95
P,1,384,704,801,531,2622,1,0,1,1,1,1,3124,-288,-15416,-67,-367,97
P,1,400,818,1535,478,2389,1,0,1,1,1,1,3012,-504,-16204,-313,-973,199
P,1,374,547,815,677,2624,1,0,1,1,1,1,2920,-580,-17240,-218,-863,642
P,1,364,807,771,400,2517,1,0,1,1,1,1,2940,-1288,-17500,-375,-254,722
P,1,417,720,747,523,2625,1,0,1,1,1,1,3204,-844,-17028,-411,22,297
P,1,381,687,743,557,2592,1,0,1,1,1,1,3060,-1076,-16880,-782,345,326
P,1,470,674,681,415,2730,1,0,1,1,1,1,3276,-772,-16028,-651,1111,-415
P,1,314,501,1077,395,2667,1,0,1,1,1,1,3496,-312,-15984,-434,609,-717
P,1,361,997,795,334,2512,1,0,1,1,1,1,3828,112,-15972,-453,47,-225
P,1,399,736,722,537,2622,1,0,1,1,1,1,3740,-392,-16284,-658,-381,363
P,1,407,640,674,511,2646,1,0,1,1,1,1,3508,-816,-16504,-674,-706,378
P,1,400,688,630,499,2621,1,0,1,1,1,1,3336,-892,-16392,-479,-458,290
P,1,501,550,950,487,2512,1,0,1,1,1,1,3236,-928,-16604,-689,164,-49
P,1,781,889,432,333,2803,1,0,1,1,1,1,3352,-344,-16484,-579,69,-186
P,1,364,677,714,528,2641,1,0,1,1,1,1,3344,-400,-16196,-715,323,43
P,1,384,663,759,534,2630,1,0,1,1,1,1,3704,-640,-16272,-758,-105,101
P,1,455,683,686,593,2674,1,0,1,1,1,1,3572,-372,-16248,-647,-272,189
P,1,208,799,837,402,2603,1,0,1,1,1,1,3432,-668,-16388,-641,-201,231
P,1,661,579,670,619,2627,1,0,1,1,1,1,3448,-608,-16300,-367,18,-97
P,1,480,695,1620,511,2608,1,0,1,1,1,1,3768,-544,-16164,-512,288,-176
P,1,434,682,651,553,2646,1,0,1,1,1,1,4004,-812,-15924,-329,111,-316
P,1,449,718,721,395,2491,1,0,1,1,1,1,3748,-900,-16240,-836,-756,-413
P,1,263,862,591,585,2544,1,0,1,1,1,1,3424,-52,-16632,-577,-827,-402
P,1,519,442,627,761,2736,1,0,1,1,1,1,3336,-108,-16372,-387,-341,18
P,1,367,603,814,511,2661,1,0,1,1,1,1,3440,-456,-16364,-375,-196,-10
P,1,419,655,743,523,2597,1,0,1,1,1,1,3576,-536,-16244,-296,-478,31
Q,1,315,774,695,354,2559,1,1,1,1,1,1,-7368,176,-14392,-392,259,465
Q,1,369,720,624,496,2701,1,1,1,1,1,1,-6512,-1392,-13500,611,-22,-299
Q,1,382,574,589,459,2659,1,1,1,1,1,1,-6872,-936,-14332,-895,-188,150
Q,1,382,565,566,464,2599,1,0,1,1,1,1,-6708,-624,-13720,-136,14,-262
Q,1,0,658,584,512,2709,1,1,1,1,1,1,-6416,-952,-13748,-216,-153,61
Q,1,184,595,743,476,2559,1,1,1,1,1,1,-6544,-900,-13908,-1027,-313,242
Q,1,529,259,501,634,2718,1,1,1,1,1,1,-6696,-868,-13848,-555,-280,-80
Q,1,457,651,525,442,2599,1,1,1,1,1,1,-6952,-768,-14132,-628,-328,-122
Q,1,438,639,544,470,2642,1,0,1,1,1,1,-6808,-800,-14052,-697,-432,-116
Q,1,448,667,0,489,2650,1,1,1,1,1,1,-6652,-644,-13920,-462,-423,-458
Q,1,574,476,645,449,2617,1,0,1,1,1,1,-7052,-416,-13900,-747,-61,134
Q,1,509,438,472,634,2666,1,1,1,1,1,1,-6760,-892,-13764,-561,-744,252
Q,1,637,683,491,485,2624,1,1,1,1,1,1,-6716,-644,-13876,-678,-404,3
Q,1,461,621,540,464,2645,1,0,1,1,1,1,-6852,-324,-13768,-673,-277,287
Q,1,350,656,582,534,2621,1,1,1,1,1,1,-6652,-892,-13484,-651,-448,281
Q,1,419,546,613,423,2640,1,0,1,1,1,1,-7000,-488,-14072,-292,-758,85
Q,1,735,854,115,368,2688,1,1,1,1,1,1,-6764,-940,-13780,-391,-350,86
Q,1,335,462,638,560,2709,1,1,1,1,1,1,-6812,-828,-13788,-494,-471,-22
Q,1,402,586,564,466,2659,1,0,1,1,1,1,-6808,-788,-13704,-437,-661,28
Q,1,384,598,555,464,2624,1,1,1,1,1,1,-6936,-636,-13832,-613,-721,193
Q,1,405,687,251,405,2689,1,0,1,1,1,1,-7180,-844,-13800,-376,-393,145
Q,1,551,797,460,317,2697,1,1,1,1,1,1,-7180,-976,-13920,-439,-477,-3
Q,1,325,545,383,464,2659,1,0,1,1,1,1,-7060,-756,-13896,-598,-488,-72
Q,1,349,555,612,490,2651,1,0,1,1,1,1,-7132,-688,-13856,-546,-62,143
Q,1,464,535,592,485,2622,1,1,1,1,1,1,-7260,-760,-14072,-346,-184,34
Q,1,358,579,552,477,2656,1,0,1,1,1,1,-6952,-748,-13668,-936,4,222
Q,1,529,604,231,649,2654,1,1,1,1,1,1,-7080,-696,-13656,-657,-300,530
Q,1,169,807,711,397,2629,1,1,1,1,1,1,-7004,-1188,-13376,-1539,-732,749
Q,1,459,624,503,416,2633,1,0,1,1,1,1,-7180,-408,-13848,-888,-290,23
Q,1,398,597,601,454,2630,1,1,1,1,1,1,-7200,-616,-13788,125,-96,-345
Q,1,356,582,531,463,2641,1,1,1,1,1,1,-7120,-696,-14164,-1292,-377,607
Q,1,505,749,347,313,2815,1,1,1,1,1,1,-6832,-656,-13360,-232,302,-127
Q,1,99,478,755,552,2511,1,1,1,1,1,1,-7552,-1200,-14048,-2323,-872,1162
Q,1,368,558,585,484,2608,1,1,1,1,1,1,-7016,-28,-13188,-160,163,-529
Q,1,372,610,643,491,2598,1,1,1,1,1,1,-6836,-692,-13608,-18,-103,-524
Q,1,395,549,509,477,2643,1,1,1,1,1,1,-6796,-492,-13724,-910,-799,133
Q,1,433,672,624,414,2630,1,1,1,1,1,1,-7100,340,-13768,-694,-227,-288
Q,1,355,397,594,530,2582,1,1,1,1,1,1,-7304,-576,-14212,-574,-389,319
Q,1,400,694,680,407,2640,1,1,1,1,1,1,-6940,-372,-13576,-950,-314,345
Q,1,452,602,575,461,2640,1,1,1,1,1,1,-7064,-212,-13520,-132,62,-60
Q,1,415,573,586,453,2621,1,0,1,1,1,1,-7228,-704,-13688,-328,-364,189
Q,1,433,579,570,491,2657,1,1,1,1,1,1,-7400,300,-13660,1110,-249,-826
Q,1,589,464,498,528,2647,1,1,1,1,1,1,-7184,-1252,-13844,1274,-360,-822
Q,1,432,816,326,404,2763,1,1,1,1,1,1,-7624,-924,-14020,-1378,259,937
Q,1,327,607,606,458,2592,1,1,1,1,1,1,-7356,-868,-13684,-986,-265,654
Q,1,391,590,627,496,2594,1,0,1,1,1,1,-6548,-1032,-13240,-877,82,-209
Q,1,431,627,543,511,2669,1,1,1,1,1,1,-6904,-484,-13380,-1272,-651,-270
Q,1,374,672,211,564,2535,1,1,1,1,1,1,-6972,-220,-13540,-39,-490,-334
Q,1,465,803,446,336,2714,1,1,1,1,1,1,-7280,-932,-13864,-536,-671,352
Q,1,441,638,546,401,2608,1,1,1,1,1,1,-7460,-1028,-14280,-311,-594,-106
Q,1,399,596,604,431,2607,1,0,1,1,1,1,-7564,-944,-14224,-287,149,-400
Q,1,466,622,511,576,2631,1,1,1,1,1,1,-7656,-1124,-14492,-233,-142,-727
Q,1,400,955,335,338,2794,1,1,1,1,1,1,-7200,-1248,-13844,-1738,409,-216
Q,1,377,880,606,258,2629,1,1,1,1,1,1,-7024,-340,-13508,-1690,179,165
Q,1,308,558,765,497,2602,1,1,1,1,1,1,-6876,-376,-13460,-148,237,-433
Q,1,363,604,622,447,2608,1,0,1,1,1,1,-6820,-312,-13252,-297,137,-281
Q,1,462,620,593,429,2635,1,1,1,1,1,1,-6736,-564,-13268,12,-509,-57
Q,1,313,576,652,413,2676,1,0,1,1,1,1,-6940,-940,-14156,-1029,-163,550
Q,1,290,717,727,350,2559,1,1,1,1,1,1,-7048,-1184,-13996,-1105,-340,639
Q,1,184,450,703,578,2545,1,1,1,1,1,1,-6776,-1032,-13980,-212,-369,-36
Q,1,418,636,560,433,2639,1,0,1,1,1,1,-6884,-1224,-14068,-1059,83,25
Q,1,386,560,642,477,2624,1,1,1,1,1,1,-6776,-940,-13792,-1015,-99,-430
Q,1,336,593,576,439,2659,1,0,1,1,1,1,-6640,-1044,-13476,-1229,107,-726
Q,1,170,733,784,336,2597,1,1,1,1,1,1,-6932,-720,-13900,-1064,-644,-340
Q,1,374,424,635,1376,2667,1,1,1,1,1,1,-6820,112,-14040,-890,-261,87
Q,1,470,511,496,490,2657,1,0,1,1,1,1,-7228,-84,-13864,88,-294,251
Q,1,422,611,572,446,2627,1,1,1,1,1,1,-6920,-1096,-14012,19,-254,327
Q,1,373,659,592,480,2605,1,1,1,1,1,1,-7120,-1372,-13876,-842,-410,148
Q,1,495,634,229,343,2798,1,1,1,1,1,1,-7028,-976,-13820,-708,-160,-455
Q,1,378,720,627,309,2599,1,1,1,1,1,1,-7208,-384,-13876,-737,-77,-197
Q,1,347,553,720,496,2583,1,0,1,1,1,1,-6592,-572,-13372,484,197,-361
Q,1,381,614,603,447,2624,1,1,1,1,1,1,-7248,-652,-14300,-642,-295,394
Q,1,357,688,481,479,2616,1,1,1,1,1,1,-6628,-80,-13256,491,399,-316
Q,1,599,737,304,464,2813,1,1,1,1,1,1,-7500,-724,-14452,-93,-348,738
Q,1,259,886,721,281,2559,1,1,1,1,1,1,-7040,-812,-13676,-841,57,800
Q,1,320,583,559,499,2590,1,0,1,1,1,1,-6844,-1172,-13476,166,-70,117
Q,1,385,626,629,497,2621,1,1,1,1,1,1,-7092,-1284,-14084,-555,13,209
Q,1,368,631,559,505,2623,1,0,1,1,1,1,-6816,-1032,-13556,188,-89,-264
Q,1,576,439,453,976,2656,1,1,1,1,1,1,-6748,-872,-13764,-391,-471,282
Q,1,423,971,560,302,2643,1,1,1,1,1,1,-6952,-888,-14028,-722,-126,304
Q,1,367,543,565,498,2549,1,1,1,1,1,1,-7052,-980,-14036,-95,45,-95
Q,1,417,621,574,446,2595,1,1,1,1,1,1,-6948,-1076,-14256,-430,-161,38
Q,1,345,597,564,469,2625,1,0,1,1,1,1,-6628,-1140,-13896,-557,167,114
Q,1,433,554,555,548,2695,1,1,1,1,1,1,-6716,-1160,-14148,-250,225,-279
Q,1,175,848,832,290,2541,1,1,1,1,1,1,-6592,-852,-13744,-646,91,181
Q,1,307,528,335,466,2607,1,1,1,1,1,1,-6508,-944,-13384,-136,-88,163
Q,1,511,715,640,448,2651,1,1,1,1,1,1,-6640,-1152,-13912,-122,-58,403
Q,1,406,640,599,414,2625,1,0,1,1,1,1,-6416,-1724,-13704,-530,-339,360
Q,1,464,592,576,448,2589,1,1,1,1,1,1,-6648,-1520,-13844,-737,-206,-178
Q,1,271,706,511,461,2559,1,1,1,1,1,1,-7036,-1200,-14176,-633,-90,-286
Q,1,528,334,560,627,2644,1,1,1,1,1,1,-6476,-1592,-14196,-1540,20,401
Q,1,328,603,784,523,2672,1,1,1,1,1,1,-7132,-1380,-15228,-845,453,241
Q,1,403,592,598,453,2602,1,1,1,1,1,1,-6376,-1076,-14388,56,964,-1235
Q,1,528,272,624,416,2642,1,1,1,1,1,1,-6452,-488,-13736,-135,1030,-833
Q,1,374,694,650,432,2651,1,1,1,1,1,1,-6016,-408,-13708,-741,-220,138
Q,1,273,435,655,531,2607,1,1,1,1,1,1,-5660,368,-12892,896,696,139
Q,1,396,609,537,469,2615,1,1,1,1,1,1,-6716,-2004,-14500,1268,-632,1144
Q,1,381,597,560,444,2614,1,1,1,1,1,1,-6040,-2364,-13560,682,25,501
Q,1,414,602,559,0,2640,1,1,1,1,1,1,-6232,-2816,-13656,-716,327,-553
Q,1,343,655,606,403,2635,1,1,1,1,1,1,-6484,-1644,-14468,-752,-1052,-967
Q,1,459,380,530,609,2627,1,1,1,1,1,1,-5972,-1220,-13428,-1370,69,-490
Q,1,455,453,490,449,2637,1,1,1,1,1,1,-6160,-1708,-13784,-402,-584,-600
Q,1,432,624,611,457,2610,1,1,1,1,1,1,-6616,-1548,-14444,-1142,-967,-768
Q,1,410,605,567,443,2629,1,1,1,1,1,1,-6016,-1232,-13116,-41,73,-1870
Q,1,304,680,586,0,2607,1,1,1,1,1,1,-7268,-1652,-13852,281,-548,-1637
Q,1,213,471,421,82,2640,1,1,1,1,1,1,-6532,-1872,-13888,-1179,-804,-1197
Q,1,479,699,400,300,2629,1,1,1,1,1,1,-6832,-1308,-13416,204,-364,-1014
Q,1,359,563,566,0,2635,1,1,1,1,1,1,-7084,-2484,-14872,429,-1285,-764
Q,1,417,565,642,433,2639,1,1,1,1,1,1,-7088,-3028,-14488,-1764,65,-394
Q,1,400,625,529,432,2611,1,1,1,1,1,1,-7240,-2276,-13220,-1139,403,-2285
Q,1,551,551,720,471,2600,1,1,1,1,1,1,-6196,-596,-12716,-451,73,-2790
Q,1,402,742,549,366,2631,1,1,1,1,1,1,-6860,-244,-14560,898,-207,249
Q,1,418,576,463,0,2640,1,1,1,1,1,1,-7396,-3632,-13916,2816,-152,1602
Q,1,385,624,616,415,2583,1,1,1,1,1,1,-6616,-5208,-14576,-542,286,-121
Q,1,400,590,560,455,2619,1,1,1,1,1,1,-6372,-2448,-12980,173,1073,-1086
Q,1,400,592,506,0,2559,1,1,1,1,1,1,-5592,-4816,-12964,2170,297,-2183
Q,1,336,725,624,0,2605,1,1,1,1,1,1,-5480,-2404,-15668,103,-1192,-1298
Q,1,464,598,529,10,2620,1,1,1,1,1,1,-5380,-3640,-16228,-1643,275,1196
Q,1,349,624,577,0,2614,1,1,1,1,1,1,-6096,-3236,-16212,-602,1170,-762
Q,1,395,606,560,0,2618,1,1,1,1,1,1,-5884,-2912,-14240,492,3258,-2187
Q,1,433,427,538,1,2626,1,1,1,1,1,1,-5176,-1888,-14804,118,2110,-1232
Q,1,127,503,851,26,2581,1,1,1,1,1,1,-2280,-4276,-13260,-1495,2219,697
Q,1,496,825,402,274,2732,1,1,1,1,1,1,-2140,-2800,-9680,-2261,1954,-2476
Q,1,368,547,567,507,2624,1,1,1,1,1,1,-3840,-2684,-13344,689,-2779,1292
Q,1,448,612,565,448,2640,1,1,1,1,1,1,-2764,-5320,-15784,-1525,-603,512
Q,1,384,713,704,465,2466,1,1,1,1,1,1,-4012,-3208,-16256,-1068,-1672,-795
Q,1,506,443,407,769,2647,1,1,1,1,1,1,-4556,-2984,-16320,337,-915,55
Q,1,413,832,509,343,2671,1,1,1,1,1,1,-5436,-3324,-15640,-1019,-440,1114
Q,1,369,541,597,455,2667,1,1,1,1,1,1,-5304,-4768,-15124,170,251,-608
Q,1,427,571,613,449,2607,1,0,1,1,1,1,-5356,-3480,-14236,97,718,-1634
Q,1,397,640,688,457,2640,1,1,1,1,1,1,-5560,-2660,-14932,-678,-1086,-896
Q,1,347,524,594,473,2654,1,0,1,1,1,1,-6080,-1660,-17252,-433,66,-46
Q,1,111,918,688,398,2657,1,1,1,1,1,1,-5700,-3660,-16152,1313,1445,146
Q,1,498,634,560,493,2611,1,1,1,1,1,1,-4692,-4924,-14376,993,2356,-534
Q,1,347,624,567,455,2589,1,0,1,1,1,1,-3420,-5352,-13396,-800,1484,-313
Q,1,373,644,619,493,2633,1,1,1,1,1,1,-2444,-4324,-13564,436,682,-1287
Q,1,315,580,511,496,2610,1,0,1,1,1,1,-2860,-4740,-14060,-2718,-153,549
Q,1,273,867,614,251,2558,1,1,1,1,1,1,-3300,-3888,-13776,-1014,-170,-158
Q,1,548,383,699,544,2679,1,1,1,1,1,1,-3912,-4168,-14680,-202,-310,-188
Q,1,432,597,572,506,2624,1,0,1,1,1,1,-3976,-4188,-14748,-2145,-870,856
Q,1,409,638,618,464,2608,1,1,1,1,1,1,-4528,-4196,-14492,-780,-452,-537
Q,1,329,441,716,560,2639,1,0,1,1,1,1,-4732,-4064,-15384,-1690,-262,216
Q,1,687,385,476,613,2654,1,1,1,1,1,1,-4376,-2880,-14916,-1028,-579,178
Q,1,321,803,602,309,2598,1,1,1,1,1,1,-4676,-3156,-15196,-1293,-690,745
Q,1,370,597,592,511,2641,1,0,1,1,1,1,-4848,-3920,-15248,-1212,147,438
Q,1,424,629,602,455,2629,1,1,1,1,1,1,-4192,-3416,-14524,-355,562,221
Q,1,470,580,667,486,2593,1,1,1,1,1,1,-3660,-3600,-14492,-523,-92,-26
Q,1,375,640,420,495,2643,1,1,1,1,1,1,-4044,-4040,-15292,-1278,-130,268
Q,1,355,832,704,382,2654,1,1,1,1,1,1,-4016,-3012,-14784,-1455,-218,94
Q,1,353,544,624,507,2663,1,0,1,1,1,1,-3436,-3352,-13776,629,157,-808
Q,1,480,622,557,451,2653,1,1,1,1,1,1,-3716,-3440,-14860,-1141,-1130,-49
Q,1,309,587,574,596,2607,1,1,1,1,1,1,-4272,-2624,-14972,-1539,-336,495
Q,1,496,496,378,594,2704,1,1,1,1,1,1,-4240,-3240,-14804,38,-294,75
Q,1,438,649,386,419,2686,1,1,1,1,1,1,-3968,-3724,-14468,-1968,-953,1272
Q,1,283,632,585,543,2606,1,1,1,1,1,1,-4660,-3248,-15392,-133,-1344,252
Q,1,368,561,600,487,2640,1,1,1,1,1,1,-4332,-3436,-15268,-509,-401,-580
Q,1,398,579,567,454,2626,1,0,1,1,1,1,-4232,-3172,-14628,-234,165,-716
Q,1,624,551,467,946,2675,1,1,1,1,1,1,-4056,-3004,-14736,-144,-1134,-441
Q,1,395,797,535,343,2639,1,1,1,1,1,1,-4884,-2816,-15272,-504,-460,-205
Q,1,176,471,1024,511,2772,1,1,1,1,1,1,-4400,-2988,-14312,252,-415,-402
Q,1,438,611,529,429,2624,1,1,1,1,1,1,-4080,-3920,-14664,-355,-355,330
Q,1,423,610,581,447,2618,1,0,1,1,1,1,-4816,-3464,-15472,-1201,-996,838
Q,1,353,431,752,511,2631,1,1,1,1,1,1,-4716,-3836,-14916,47,133,-666
Q,1,397,528,640,589,2691,1,1,1,1,1,1,-4852,-3368,-14840,-519,141,44
Q,1,151,917,771,208,2559,1,1,1,1,1,1,-3864,-3744,-14352,-418,-525,178
Q,1,412,486,528,525,2659,1,1,1,1,1,1,-4720,-3732,-15352,-885,-571,-58
Q,1,336,609,592,496,2645,1,0,1,1,1,1,-4628,-3316,-14880,-755,191,-656
Q,1,463,562,656,497,2640,1,1,1,1,1,1,-4440,-3028,-14404,-840,255,-38
Q,1,425,496,406,432,2699,1,0,1,1,1,1,-4524,-3472,-15348,-1185,-551,310
Q,1,192,679,806,476,2559,1,1,1,1,1,1,-4792,-3064,-15064,-612,99,-368
Q,1,463,610,508,439,2626,1,1,1,1,1,1,-4064,-2596,-14104,-19,128,-401
Q,1,400,617,599,437,2598,1,0,1,1,1,1,-3980,-3128,-14732,-598,-277,570
Q,1,448,655,592,480,2640,1,1,1,1,1,1,-4636,-3404,-15556,-487,-695,509
Q,1,541,735,341,321,2723,1,0,1,1,1,1,-4432,-2864,-14540,-988,113,143
Q,1,252,355,1067,554,2555,1,1,1,1,1,1,-4256,-3500,-14596,232,308,-294
Q,1,634,649,950,420,2688,1,1,1,1,1,1,-4188,-3356,-14672,-848,-537,342
Q,1,368,663,613,446,2598,1,0,1,1,1,1,-4604,-3524,-15192,-208,-275,-193
Q,1,434,632,526,458,2635,1,1,1,1,1,1,-4400,-2720,-14416,-823,-334,343
Q,1,636,503,597,507,2614,1,1,1,1,1,1,-4300,-3004,-14472,-4,111,632
Q,1,271,570,832,448,2559,1,1,1,1,1,1,-3948,-4032,-14608,-404,-1384,186
Q,1,510,436,623,474,2608,1,1,1,1,1,1,-4616,-3596,-15452,-1160,-220,146
Q,1,420,557,622,485,2644,1,0,1,1,1,1,-4272,-3272,-14320,-823,-192,281
Q,1,464,624,595,442,2624,1,1,1,1,1,1,-3996,-3500,-14428,-48,-753,-565
Q,1,405,660,502,383,2649,1,1,1,1,1,1,-4980,-2800,-15248,-809,-303,309
Q,1,225,525,764,625,2455,1,1,1,1,1,1,-4384,-3260,-14536,-609,-658,308
Q,1,526,452,493,464,2623,1,1,1,1,1,1,-4276,-3640,-14848,-132,-336,172
Q,1,385,643,540,431,2661,1,0,1,1,1,1,-4764,-3536,-15220,-727,-758,407
Q,1,405,639,592,484,2609,1,1,1,1,1,1,-5272,-3276,-15220,-846,-293,-123
Q,1,450,607,528,432,2621,1,0,1,1,1,1,-4784,-3220,-14992,-68,338,-241
Q,1,422,642,543,463,2587,1,1,1,1,1,1,-4432,-3424,-14644,-985,-119,426
Q,1,550,652,239,369,2735,1,1,1,1,1,1,-4540,-3196,-14844,-758,-65,6
Q,1,320,592,592,186,2614,1,1,1,1,1,1,-4644,-3084,-14948,-1008,-40,165
Q,1,432,610,502,468,2624,1,1,1,1,1,1,-4144,-2668,-14372,-708,229,344
Q,1,381,596,490,492,2610,1,0,1,1,1,1,-3860,-3220,-14232,-906,-838,815
Q,1,436,658,640,495,2674,1,1,1,1,1,1,-4544,-3764,-15180,-9,-330,-12
Q,1,756,736,394,432,2673,1,1,1,1,1,1,-4768,-2944,-15036,-958,-254,166
Q,1,399,573,688,400,2800,1,1,1,1,1,1,-4420,-3080,-14524,-98,-172,203
Q,1,422,535,555,503,2653,1,1,1,1,1,1,-4868,-3716,-15472,-774,-495,366
Q,1,397,637,557,432,2629,1,0,1,1,1,1,-4596,-3388,-14784,-570,27,-315
Q,1,408,635,592,524,2591,1,1,1,1,1,1,-4672,-3088,-14952,-368,84,-333
R,1,439,529,861,380,2639,1,1,1,1,0,1,15928,4932,-8396,164,-804,389
R,1,473,595,755,430,2622,1,1,1,1,0,1,15600,3704,-8684,-688,-276,941
R,1,431,607,699,464,2646,1,1,1,1,0,1,15840,3512,-7680,-1018,417,244
R,1,489,573,313,391,2637,1,1,1,1,0,1,16412,3980,-6632,-700,73,-235
R,1,122,898,909,317,2637,1,1,1,1,0,1,16040,4244,-7088,-550,-547,-42
R,1,261,535,872,482,2670,1,1,1,1,0,1,15780,4180,-7556,-226,-443,-95
R,1,554,684,754,331,2608,1,1,1,1,0,1,15764,4240,-7860,-716,-656,214
R,1,442,594,757,355,2618,1,1,1,1,0,1,15784,4196,-7904,-756,-191,312
R,1,432,579,366,387,2590,1,0,1,1,0,1,15992,3984,-7364,-787,-236,56
R,1,405,471,858,336,2714,1,1,1,1,0,1,15920,4452,-7256,-628,-602,57
R,1,734,603,490,350,2735,1,1,1,1,0,1,15808,4320,-7524,-477,-908,191
R,1,483,652,704,446,2640,1,1,1,1,0,1,15696,4336,-7612,-197,201,96
R,1,419,597,742,433,2603,1,1,1,1,0,1,16024,4120,-8160,-754,-37,390
R,1,465,686,778,461,2618,1,1,1,1,0,1,15976,3888,-8040,-1258,406,687
R,1,397,678,846,358,2559,1,1,1,1,0,1,16048,3676,-7428,-1265,629,508
R,1,301,877,1011,167,2509,1,1,1,1,0,1,16052,3696,-7124,-1268,354,281
R,1,464,723,714,451,2559,1,1,1,1,0,1,16032,4228,-7008,-992,118,231
R,1,435,695,810,439,2615,1,1,1,1,0,1,15692,4324,-7096,-2238,-208,412
R,1,469,659,812,388,2603,1,0,1,1,0,1,15836,4744,-7016,-1939,480,124
R,1,480,715,735,171,2615,1,1,1,1,0,1,16268,4684,-7120,159,1645,-517
R,1,349,887,944,214,2558,1,1,1,1,0,1,16368,4040,-6712,-166,334,235
R,1,432,597,678,476,2559,1,1,1,1,0,1,16028,3556,-7204,-306,440,-22
R,1,450,647,609,384,2615,1,1,1,1,0,1,16300,3888,-6676,-34,746,-1092
R,1,449,615,765,437,2619,1,0,1,1,0,1,16568,4556,-6476,-875,299,-780
R,1,0,709,840,384,2627,1,1,1,1,0,1,16132,5036,-6716,-743,207,-300
R,1,48,563,827,479,2559,1,1,1,1,0,1,16216,4960,-6684,-271,189,-211
R,1,521,765,560,323,2697,1,1,1,1,0,1,16200,4648,-7000,-242,264,119
R,1,365,623,634,407,2608,1,1,1,1,0,1,15832,4608,-6752,754,1402,-835
R,1,415,624,571,397,2640,1,1,1,1,0,1,16140,3684,-6824,1744,2146,-1421
R,1,525,483,752,446,2633,1,1,1,1,0,1,16836,5000,-6008,-862,1448,-704
R,1,384,798,848,403,2592,1,1,1,1,0,1,16224,4696,-6156,-784,951,60
R,1,560,335,482,609,2630,1,1,1,1,0,1,16352,4712,-4896,-1405,1089,-220
R,1,483,601,495,393,2642,1,1,1,1,0,1,16912,6140,-4652,-479,205,-402
R,1,461,633,745,441,2646,1,1,1,1,0,1,16516,5860,-5164,-1569,-946,1512
R,1,507,593,572,417,2589,1,1,1,1,0,1,16696,5196,-4484,-534,-429,1786
R,1,464,585,615,401,2586,1,1,1,1,0,1,16908,4816,-4504,100,-1503,1483
R,1,733,654,428,283,2722,1,1,1,1,0,1,16492,4452,-6004,302,-1970,1661
R,1,482,627,496,496,2559,1,1,1,1,0,1,16372,4160,-6444,-428,-1736,2090
R,1,385,595,569,413,2610,1,1,1,1,0,1,16556,3504,-6060,-465,-1590,1453
R,1,459,666,811,449,2620,1,1,1,1,0,1,17076,3616,-6176,95,-2333,1361
R,1,630,820,688,338,2635,1,1,1,1,0,1,16328,2852,-7220,-1137,-2481,1758
R,1,290,909,946,133,2559,1,1,1,1,0,1,16012,2868,-7644,-332,-1800,577
R,1,1504,689,662,486,2613,1,1,1,1,0,1,16228,3608,-7604,441,-358,-285
R,1,463,634,753,355,2605,1,1,1,1,0,1,16120,3612,-7924,-514,-455,485
R,1,438,698,821,369,2629,1,1,1,1,0,1,16332,3060,-7272,-1088,231,354
R,1,478,583,763,443,2608,1,0,1,1,0,1,16736,3308,-6312,-693,-25,-205
R,1,605,205,651,716,2683,1,1,1,1,0,1,16424,3844,-7232,-1663,-844,548
R,1,448,922,674,175,2559,1,1,1,1,0,1,16132,3680,-7632,-1364,-505,1093
R,1,495,661,539,346,2656,1,1,1,1,0,1,15848,3440,-7700,-1340,357,778
R,1,460,646,799,400,2638,1,1,1,1,0,1,16084,3776,-7368,-375,800,343
R,1,368,558,496,355,2957,1,1,1,1,0,1,16088,3060,-7888,-1543,1407,930
R,1,293,627,608,359,2656,1,1,1,1,0,1,16436,3256,-6108,-2640,2048,1366
R,1,617,526,638,427,2663,1,1,1,1,0,1,17480,3044,-4660,-360,694,744
R,1,427,635,741,448,2625,1,1,1,1,0,1,17044,2220,-5300,-1024,435,525
R,1,503,675,750,399,2638,1,1,1,1,0,1,16644,3224,-5264,477,448,-433
R,1,376,656,738,7,2599,1,1,1,1,0,1,17164,3832,-5692,-681,-195,-512
R,1,533,499,624,558,2723,1,1,1,1,0,1,16476,3692,-6616,-1436,-1148,653
R,1,446,826,771,261,2639,1,1,1,1,0,1,16672,3812,-5864,-637,-660,568
R,1,543,569,538,456,2692,1,0,1,1,0,1,17168,3228,-6040,-206,-1792,937
R,1,487,640,752,416,2667,1,1,1,1,0,1,16928,2400,-6460,-1188,-982,732
R,1,483,686,689,384,2601,1,0,1,1,0,1,16792,2408,-6148,-560,-435,-345
R,1,956,666,757,400,2559,1,1,1,1,0,1,16944,3324,-6572,-278,-890,-539
R,1,144,544,948,511,2510,1,1,1,1,0,1,16148,3448,-7356,-961,-472,-4
R,1,404,793,817,404,2559,1,1,1,1,0,1,16240,3168,-6832,-1013,-386,-312
R,1,411,589,757,453,2626,1,1,1,1,0,1,16724,3896,-6376,-358,-262,-505
R,1,464,649,752,413,2629,1,0,1,1,0,1,16372,3272,-7376,-704,-461,667
R,1,481,724,751,511,2494,1,1,1,1,0,1,16456,3208,-6332,-1181,696,209
R,1,507,892,590,407,2531,1,1,1,1,0,1,16928,3616,-5756,-780,39,-632
R,1,435,439,852,573,2614,1,1,1,1,0,1,16696,3668,-6316,-631,-493,-13
R,1,502,747,657,381,2608,1,1,1,1,0,1,16444,3572,-6332,-789,-84,-7
R,1,464,574,755,387,2618,1,1,1,1,0,1,16772,4064,-6572,-49,-874,-284
R,1,443,615,55,418,2627,1,1,1,1,0,1,16300,3404,-7044,-545,-2,630
R,1,510,497,805,478,2559,1,1,1,1,0,1,16600,2724,-6564,-393,35,92
R,1,688,803,389,233,2838,1,1,1,1,0,1,16524,3680,-5996,104,120,-668
R,1,417,682,861,291,2587,1,1,1,1,0,1,16728,4168,-6304,1539,-700,-115
R,1,471,629,747,441,2614,1,1,1,1,0,1,16088,3400,-7252,-968,-443,165
R,1,465,647,841,367,2608,1,1,1,1,0,1,16380,4016,-6560,-1010,370,472
R,1,576,545,758,415,2647,1,0,1,1,0,1,17056,3176,-6324,-422,-199,375
R,1,446,806,668,215,2702,1,1,1,1,0,1,16676,2720,-6696,-1570,64,939
R,1,542,511,887,271,2656,1,1,1,1,0,1,16612,2964,-6588,-413,608,-295
R,1,503,640,692,406,2624,1,1,1,1,0,1,16620,3340,-6336,-256,625,-637
R,1,437,656,784,372,2640,1,1,1,1,0,1,16964,3932,-5820,-404,139,4
R,1,565,723,755,343,2758,1,1,1,1,0,1,16500,3340,-5968,-164,-213,-49
R,1,237,737,807,310,2585,1,1,1,1,0,1,16544,3688,-5944,-159,-129,-277
R,1,634,477,880,404,2606,1,1,1,1,0,1,16540,3976,-6680,-282,-1291,359
R,1,480,571,828,349,2586,1,1,1,1,0,1,16236,3336,-7064,-1700,-309,1077
R,1,498,589,810,407,2634,1,1,1,1,0,1,16876,3028,-6128,-1061,-299,448
R,1,532,641,753,429,2622,1,1,1,1,0,1,16884,3320,-5884,-1163,-488,283
R,1,496,493,592,507,2630,1,1,1,1,0,1,16892,3428,-6280,-454,-911,112
R,1,259,591,927,442,2544,1,1,1,1,0,1,16408,3488,-6892,-899,-732,95
R,1,479,607,723,417,2608,1,1,1,1,0,1,16448,3696,-6964,-1278,-148,477
R,1,439,599,767,425,2622,1,1,1,1,0,1,16764,2920,-6968,-1000,-425,720
R,1,229,651,781,343,2714,1,1,1,1,0,1,16808,2612,-6484,-1464,139,283
R,1,231,624,719,551,2495,1,1,1,1,0,1,16856,3012,-5480,-588,15,-760
R,1,749,731,615,326,2675,1,1,1,1,0,1,16644,3880,-5516,-632,-582,-878
R,1,442,544,749,476,2621,1,1,1,1,0,1,16336,4112,-6088,-129,-1315,-357
R,1,449,635,774,387,2606,1,1,1,1,0,1,16316,4080,-6744,-172,-1210,-81
R,1,415,624,698,443,2626,1,1,1,1,0,1,16340,4020,-6904,-439,-933,296
R,1,397,720,928,303,2463,1,1,1,1,0,1,16552,3100,-6828,-657,-941,490
R,1,464,428,870,560,2559,1,1,1,1,0,1,17128,2916,-5784,-104,-1138,-521
R,1,290,613,790,400,2535,1,1,1,1,0,1,17196,2080,-6664,2514,-1499,-1288
R,1,497,630,751,426,2640,1,1,1,1,0,1,16164,2656,-8544,-376,-1480,-1851
R,1,397,610,684,374,2559,1,0,1,1,0,1,15396,4788,-8752,-1438,-329,-1284
R,1,529,604,880,560,2646,1,1,1,1,0,1,15704,5216,-8064,-710,419,-1142
R,1,365,910,960,272,2512,1,1,1,1,0,1,14804,4908,-4040,-754,441,-155
R,1,592,496,624,526,2701,1,1,1,1,0,1,16596,4084,-5176,455,713,-294
R,1,487,651,779,414,2641,1,1,1,1,0,1,16872,3892,-5724,2429,-257,-1219
R,1,490,627,744,403,2638,1,1,1,1,0,1,15912,3928,-6688,1966,299,-950
R,1,522,641,575,394,2655,1,1,1,1,0,1,16204,4628,-6892,945,-601,-791
R,1,149,666,919,682,2320,1,1,1,1,0,1,15660,4744,-8132,166,-379,177
R,1,675,586,779,430,2679,1,1,1,1,0,1,16244,4284,-7200,-95,-844,661
R,1,448,592,815,431,2207,1,1,1,1,0,1,15896,3768,-7628,-1775,-506,1168
R,1,466,631,820,397,2615,1,1,1,1,0,1,16120,3632,-7280,-649,-451,437
R,1,336,607,791,476,2622,1,1,1,1,0,1,16336,3740,-6716,-61,-420,-500
R,1,501,771,720,353,2727,1,1,1,1,0,1,16136,3820,-7408,716,-942,-435
R,1,384,761,865,314,2559,1,1,1,1,0,1,16008,3716,-7412,-273,-129,-368
R,1,447,634,720,461,2559,1,1,1,1,0,1,16060,4292,-7388,370,-600,-558
R,1,382,641,801,423,2623,1,1,1,1,0,1,15724,4052,-8040,-64,-171,105
R,1,429,555,756,336,2631,1,1,1,1,0,1,15932,3704,-7956,-970,-40,399
R,1,438,755,877,272,2541,1,1,1,1,0,1,16140,3548,-7228,-576,336,-113
R,1,838,317,663,477,2645,1,1,1,1,0,1,16268,4140,-6624,-60,328,-346
R,1,359,739,1055,340,2607,1,1,1,1,0,1,16116,4260,-6700,657,-212,-541
R,1,487,622,715,423,2656,1,1,1,1,0,1,16200,4188,-7112,-384,-517,-135
R,1,449,630,752,416,2651,1,1,1,1,0,1,15808,4440,-7856,-644,-771,314
R,1,471,343,722,497,2659,1,0,1,1,0,1,16016,3996,-7588,-653,-229,257
R,1,267,949,974,155,2480,1,1,1,1,0,1,16220,3764,-7520,-731,-303,252
R,1,748,536,784,1078,2625,1,1,1,1,0,1,15904,3752,-7564,-1381,-162,316
R,1,449,661,798,337,2605,1,1,1,1,0,1,15944,4116,-7096,-806,231,-189
R,1,391,592,848,397,2657,1,1,1,1,0,1,15872,4428,-7156,-782,-94,-67
R,1,384,603,730,351,2667,1,1,1,1,0,1,16260,4500,-6912,-205,-379,96
R,1,355,453,1014,453,2653,1,1,1,1,0,1,15920,4252,-7292,-518,-391,253
R,1,394,859,863,182,2559,1,1,1,1,0,1,16024,4268,-7104,-336,-327,350
R,1,511,639,789,437,2631,1,1,1,1,0,1,16144,4256,-7276,-93,-692,437
R,1,470,662,743,357,2601,1,1,1,1,0,1,16064,3820,-7736,-1476,-860,1177
R,1,540,559,579,526,2618,1,1,1,1,0,1,16060,3968,-7200,-1553,-328,1056
R,1,354,763,936,304,2533,1,1,1,1,0,1,16140,3680,-7148,-456,-738,471
R,1,409,406,838,602,2585,1,1,1,1,0,1,16148,3956,-7336,-767,-732,464
R,1,491,658,752,317,2559,1,1,1,1,0,1,15908,3756,-7668,-391,-852,196
R,1,481,640,739,385,2615,1,1,1,1,0,1,15676,3928,-7856,-548,-540,243
R,1,439,675,763,502,2668,1,1,1,1,0,1,15932,3688,-7788,21,-476,116
R,1,304,708,894,491,2513,1,1,1,1,0,1,15852,3416,-8208,-643,-342,222
R,1,688,843,386,379,2828,1,1,1,1,0,1,15812,3796,-7444,-440,274,-219
R,1,440,528,994,466,2684,1,0,1,1,0,1,15848,4212,-7456,-50,-70,-176
R,1,420,650,823,434,2608,1,1,1,1,0,1,15952,4236,-7244,-822,-263,357
R,1,422,576,767,361,2621,1,0,1,1,0,1,16068,3704,-7736,-518,-619,318
R,1,577,638,842,292,2943,1,1,1,1,0,1,15824,3596,-7956,-923,-108,355
R,1,135,410,1101,617,2509,1,1,1,1,0,1,16256,3560,-7456,-279,-257,43
R,1,445,672,730,240,2832,1,1,1,1,0,1,15900,3256,-8144,-1281,79,354
R,1,467,666,693,407,2637,1,1,1,1,0,1,15924,3704,-7304,-708,488,-161
R,1,439,656,714,411,2623,1,1,1,1,0,1,15928,4048,-6892,-368,40,-411
R,1,480,674,795,464,2928,1,1,1,1,0,1,15752,4700,-7340,-785,54,81
R,1,527,498,931,526,2614,1,1,1,1,0,1,15800,4348,-7676,-531,-334,364
R,1,756,722,498,323,2758,1,1,1,1,0,1,16092,3900,-7328,-779,-118,725
R,1,465,707,699,331,2614,1,1,1,1,0,1,16192,3388,-7644,-547,90,585
R,1,411,626,802,453,2602,1,1,1,1,0,1,16212,3000,-7468,-982,-127,369
R,1,460,647,563,482,2640,1,1,1,1,0,1,16272,3536,-7380,-871,-59,-116
R,1,400,759,660,432,2613,1,1,1,1,0,1,16484,3972,-6688,-769,-384,-168
R,1,347,703,861,400,2585,1,1,1,1,0,1,16040,3724,-7096,-1386,-761,215
R,1,646,908,737,418,2636,1,1,1,1,0,1,16164,3760,-6956,-1097,-969,-320
R,1,464,613,799,419,2599,1,1,1,1,0,1,15876,4440,-7264,-339,-967,-479
R,1,0,631,889,361,2631,1,0,1,1,0,1,15736,4132,-7316,588,-743,-474
R,1,407,631,689,414,2618,1,1,1,1,0,1,15908,5748,-7076,1783,-510,-577
R,1,637,636,608,398,2701,1,1,1,1,0,1,15404,4004,-8228,1365,-1232,878
R,1,358,646,675,232,2622,1,1,1,1,0,1,16040,3376,-7772,-882,-1331,1424
R,1,450,574,801,434,2625,1,1,1,1,0,1,16104,2232,-8616,-3344,-993,1459
R,1,487,592,661,444,2658,1,1,1,1,0,1,15876,3556,-8316,-3963,-1489,1226
R,1,890,483,976,493,2466,1,1,1,1,0,1,15396,3880,-9228,-90,-223,-409
R,1,831,910,355,327,2759,1,1,1,1,0,1,15612,3608,-8964,-1567,548,163
R,1,390,339,1103,636,2432,1,1,1,1,0,1,15860,3984,-7376,-1208,706,-113
R,1,528,589,754,457,2655,1,1,1,1,0,1,16216,4276,-6960,-342,-310,-319
R,1,497,671,805,371,2624,1,1,1,1,0,1,15864,4412,-6676,708,-275,-313
R,1,448,579,751,458,2682,1,1,1,1,0,1,15668,4196,-7648,697,-1029,-31
R,1,458,355,926,460,2683,1,1,1,1,0,1,15324,3728,-8668,-321,-849,379
R,1,699,613,663,391,2672,1,1,1,1,0,1,15824,3616,-7960,460,-259,-96
R,1,496,619,765,358,2559,1,1,1,1,0,1,15548,3372,-8948,-1010,-495,380
R,1,486,615,769,443,2624,1,1,1,1,0,1,15392,4216,-8272,-3485,551,1121
R,1,458,640,650,480,2625,1,1,1,1,0,1,16040,4380,-6964,628,109,0
R,1,770,722,656,261,2622,1,1,1,1,0,1,16164,3408,-7196,569,-449,127
R,1,278,663,874,336,2588,1,1,1,1,0,1,15480,4208,-8148,-1008,-1138,662
R,1,412,912,763,432,2619,1,0,1,1,0,1,15368,4532,-7312,-516,-475,543
R,1,496,610,767,394,2615,1,1,1,1,0,1,15656,5440,-7512,1579,-1304,228
R,1,391,592,723,464,2610,1,1,1,1,0,1,15620,2728,-8856,-1100,-685,2107
R,1,495,656,742,272,2543,1,1,1,1,0,1,15664,1844,-9608,-1032,-1502,2373
R,1,266,656,896,386,2587,1,1,1,1,0,1,16504,1120,-7724,-38,460,565
R,1,502,576,889,320,2860,1,1,1,1,0,1,16500,1720,-6956,846,-710,-1301
R,1,469,637,774,400,2593,1,1,1,1,0,1,15808,3372,-8120,1482,-1193,-1690
R,1,455,618,753,416,2611,1,0,1,1,0,1,15204,3496,-9320,475,-1338,-1037
R,1,336,671,814,448,2604,1,1,1,1,0,1,14752,3852,-11188,-1235,-481,-388
R,1,656,532,732,463,2600,1,1,1,1,0,1,14644,4812,-10732,-3748,1074,1171
R,1,547,591,911,321,2674,1,1,1,1,0,1,14904,4748,-7896,-2343,2044,1602
R,1,420,566,816,413,2624,1,1,1,1,0,1,16204,3236,-5764,-1012,1389,745
R,1,402,640,773,430,2629,1,1,1,1,0,1,16956,2772,-5760,-738,-556,765
R,1,462,671,784,385,2609,1,1,1,1,0,1,16464,2372,-7300,-1077,-1766,509
R,1,140,813,661,304,2526,1,1,1,1,0,1,15848,2312,-8864,-666,-1259,-1159
R,1,758,619,595,435,2628,1,1,1,1,0,1,15212,3480,-8880,851,-71,-1880
R,1,478,703,835,441,2639,1,1,1,1,0,1,15324,4656,-9012,480,-285,-1145
R,1,480,585,730,397,2630,1,1,1,1,0,1,15504,4728,-8128,-91,-714,417
R,1,479,589,801,421,2768,1,1,1,1,0,1,15864,3636,-8072,-118,-811,925
R,1,559,723,816,300,2654,1,1,1,1,0,1,15632,2396,-8320,-244,-675,269
R,1,241,611,960,407,2559,1,1,1,1,0,1,15904,3196,-8524,32,-878,-704
S,1,306,574,567,436,2607,0,0,1,1,1,1,0,0,0,0,0,0
S,1,358,600,655,237,2589,1,1,1,1,1,1,0,0,0,0,0,0
S,1,255,625,670,236,2469,1,0,0,1,1,1,0,0,0,0,0,0
S,1,668,719,393,139,2662,1,1,1,1,1,1,0,0,0,0,0,0
S,1,570,642,322,144,2714,1,1,1,1,1,1,0,0,0,0,0,0
S,1,559,401,327,571,2673,1,1,1,1,1,1,0,0,0,0,0,0
S,1,320,549,613,336,2527,1,1,1,1,1,1,0,0,0,0,0,0
S,1,325,618,491,227,2587,1,0,0,1,1,1,0,0,0,0,0,0
S,1,368,640,506,160,2558,1,1,1,1,1,1,0,0,0,0,0,0
S,1,369,633,496,236,2543,1,0,0,1,1,1,0,0,0,0,0,0
S,1,379,638,489,194,2582,1,1,1,1,1,1,0,0,0,0,0,0
S,1,286,740,361,195,2527,0,0,1,1,1,1,0,0,0,0,0,0
S,1,422,707,540,242,2598,1,1,1,1,1,1,0,0,0,0,0,0
S,1,294,696,535,195,2557,1,0,0,1,1,1,0,0,0,0,0,0
S,1,352,751,147,119,2801,1,1,1,1,1,1,0,0,0,0,0,0
S,1,576,379,343,554,2716,1,1,1,1,1,1,0,0,0,0,0,0
S,1,278,593,563,357,2524,1,1,1,1,1,1,0,0,0,0,0,0
S,1,101,687,560,224,2590,1,1,1,1,1,1,0,0,0,0,0,0
S,1,336,630,471,199,2559,1,0,0,1,1,1,0,0,0,0,0,0
S,1,463,677,464,204,2559,1,1,1,1,1,1,0,0,0,0,0,0
S,1,353,685,455,176,2544,1,0,0,1,1,1,0,0,0,0,0,0
S,1,289,661,528,256,2559,1,1,1,1,1,1,0,0,0,0,0,0
S,1,246,635,503,259,2545,1,0,1,1,1,1,0,0,0,0,0,0
S,1,326,560,570,203,2559,1,1,1,1,1,1,0,0,0,0,0,0
S,1,642,811,359,86,2768,1,0,0,1,1,1,0,0,0,0,0,0
S,1,434,459,477,338,2704,1,1,1,1,1,1,0,0,0,0,0,0
S,1,20,629,589,183,2473,1,1,1,1,1,1,0,0,0,0,0,0
S,1,210,751,561,171,2544,1,1,1,1,1,1,0,0,0,0,0,0
S,1,375,724,585,131,2603,1,1,1,1,1,1,0,0,0,0,0,0
S,1,456,656,0,233,2598,1,0,1,1,1,1,0,0,0,0,0,0
S,1,423,674,511,240,2559,1,1,1,1,1,1,0,0,0,0,0,0
S,1,348,615,439,191,2551,1,0,0,1,1,1,0,0,0,0,0,0
S,1,372,667,495,192,2558,1,1,1,1,1,1,0,0,0,0,0,0
S,1,476,641,503,195,2672,0,0,0,1,1,1,0,0,0,0,0,0
S,1,625,665,480,391,2602,1,1,1,1,1,1,0,0,0,0,0,0
S,1,572,582,439,369,2597,0,0,0,1,1,1,0,0,0,0,0,0
S,1,423,497,668,208,2544,1,1,1,1,1,1,0,0,0,0,0,0
S,1,346,733,507,55,2559,1,1,1,1,1,1,0,0,0,0,0,0
S,1,383,780,465,50,2640,1,1,1,1,1,1,0,0,0,0,0,0
S,1,502,544,183,240,2534,1,0,1,1,1,1,0,0,0,0,0,0
S,1,289,757,528,231,2554,1,0,1,1,1,1,0,0,0,0,0,0
S,1,272,577,529,219,2582,1,1,1,1,1,1,0,0,0,0,0,0
S,1,366,711,506,207,2559,1,0,0,1,1,1,0,0,0,0,0,0
S,1,321,655,533,226,2586,1,1,1,1,1,1,0,0,0,0,0,0
S,1,271,668,495,165,2559,0,0,0,1,1,1,0,0,0,0,0,0
S,1,384,646,525,655,2559,1,1,1,1,1,1,0,0,0,0,0,0
S,1,291,670,458,326,2559,1,0,0,1,1,1,0,0,0,0,0,0
S,1,409,714,560,64,2598,1,1,1,1,1,1,0,0,0,0,0,0
S,1,336,542,464,233,2526,1,1,1,1,1,1,0,0,0,0,0,0
S,1,178,759,634,177,2525,1,1,1,1,1,1,0,0,0,0,0,0
S,1,640,763,285,139,2636,1,1,1,1,1,1,0,0,0,0,0,0
S,1,340,551,576,195,2551,1,1,1,1,1,1,0,0,0,0,0,0
S,1,281,640,556,215,2544,1,1,1,1,1,1,0,0,0,0,0,0
S,1,391,677,511,194,2559,1,0,0,1,1,1,0,0,0,0,0,0
S,1,326,624,509,202,2602,1,1,1,1,1,1,0,0,0,0,0,0
S,1,358,637,398,238,2608,0,0,0,1,1,1,15956,5484,-7108,-307,-428,149
S,1,448,611,704,256,2481,1,1,1,1,1,1,15856,5032,-7324,-779,-389,252
S,1,388,562,545,384,2531,1,1,1,1,1,1,16080,5132,-7204,-456,-2,149
S,1,246,715,619,157,2512,1,1,1,1,1,1,15816,4972,-7128,-1296,-152,185
S,1,390,692,433,249,2585,1,1,1,1,1,1,15628,5536,-6364,-758,34,-148
S,1,375,670,508,145,2553,1,0,0,1,1,1,15952,5544,-6080,-120,-263,-231
S,1,452,576,476,286,2557,1,1,1,1,1,1,15908,5240,-6316,380,-439,-467
S,1,285,721,464,113,2441,1,1,1,1,1,1,16084,5328,-6828,756,-666,-391
S,1,0,471,928,350,2499,1,1,1,1,1,1,15636,6224,-7612,191,-835,158
S,1,391,720,548,123,2554,1,1,1,1,1,1,15312,6576,-7492,-227,-477,1161
S,1,326,656,478,259,2583,1,0,1,1,1,1,15788,5564,-6880,-23,-140,1883
S,1,384,699,536,198,2623,1,1,1,1,1,1,16220,3888,-6084,-781,-341,1719
S,1,342,495,638,404,2511,0,0,0,1,1,1,16188,4260,-6564,-635,-1399,1120
S,1,640,752,187,49,2698,1,1,1,1,1,1,15904,4408,-7512,-32,-1175,621
S,1,437,657,522,167,2535,1,1,1,1,1,1,15696,4152,-7872,290,-1046,324
S,1,334,634,394,172,2582,1,0,0,1,1,1,15688,4296,-8328,-497,-560,152
S,1,343,658,478,224,2559,1,1,1,1,1,1,15708,4324,-8020,-195,-80,42
S,1,480,448,417,362,2559,1,0,0,1,1,1,15924,3720,-7964,1071,287,-657
S,1,155,683,683,191,2523,1,1,1,1,1,1,15892,4036,-8164,-1395,391,-752
S,1,624,491,348,265,2584,1,1,1,1,1,1,15856,4980,-7392,-1108,644,-1018
S,1,351,698,528,183,2559,1,0,1,1,1,1,15860,5132,-6872,-529,860,-1032
S,1,415,641,432,218,2559,1,1,1,1,1,1,15852,5448,-6820,-510,482,-694
S,1,402,581,532,333,2630,0,0,1,1,1,1,15812,5176,-6512,-207,371,-526
S,1,528,385,181,575,2512,1,1,1,1,1,1,15888,5048,-6632,-227,-306,-395
S,1,449,666,304,128,2593,1,1,1,1,1,1,15704,5520,-7708,-440,-196,-121
S,1,248,645,546,273,2545,1,1,1,1,1,1,15396,5300,-7648,-689,103,160
S,1,338,633,532,220,2559,1,1,1,1,1,1,15780,5000,-7288,-1003,193,406
S,1,307,607,463,212,2608,1,0,1,1,1,1,15928,4528,-6704,-1157,107,131
S,1,593,711,93,243,2559,1,1,1,1,1,1,16072,4632,-6364,-445,108,-455
S,1,286,600,611,315,2519,1,1,1,1,1,1,15900,5548,-6668,-193,-111,-521
S,1,337,618,579,186,2075,1,1,1,1,1,1,15772,5924,-6516,-85,-456,-185
S,1,363,649,498,192,2611,1,1,1,1,1,1,15860,5712,-6628,-68,-668,467
S,1,341,840,310,180,2559,1,0,1,1,1,1,15752,5152,-7336,-967,-885,833
S,1,26,670,558,229,2559,1,1,1,1,1,1,15988,4688,-7428,-642,-450,537
S,1,646,428,474,374,2525,1,1,1,1,1,1,16020,4580,-7236,-840,-211,367
S,1,387,543,535,288,2608,1,0,0,1,1,1,15892,4348,-7352,-1026,-278,160
S,1,364,597,529,239,2608,1,1,1,1,1,1,15760,4832,-6960,-558,12,-334
S,1,248,646,500,209,2551,0,0,0,1,1,1,15776,5556,-6396,-93,-153,-192
S,1,413,656,452,357,2559,1,1,1,1,1,1,15792,5612,-6440,-401,-513,111
S,1,662,677,368,150,2609,1,1,1,1,1,1,15788,5484,-6728,-276,-713,436
S,1,371,574,988,334,2546,1,1,1,1,1,1,15828,4972,-7912,-1178,-656,558
S,1,347,639,532,208,2559,1,1,1,1,1,1,15844,4652,-7664,-543,-132,349
S,1,323,652,498,192,2559,1,0,0,1,1,1,16272,4764,-7024,-1194,14,413
S,1,497,666,614,422,2539,1,1,1,1,1,1,16036,4584,-7288,-1356,-13,268
S,1,400,707,607,0,2627,1,0,1,1,1,1,15956,4660,-6976,-906,307,-145
S,1,562,413,338,461,2620,1,1,1,1,1,1,15876,5400,-6484,-343,409,-241
S,1,341,656,509,187,2559,1,1,1,1,1,1,15808,5680,-6268,-361,106,145
S,1,379,630,464,208,2559,1,0,0,1,1,1,16032,5172,-6392,-63,-486,339
S,1,403,738,417,243,2549,1,1,1,1,1,1,15848,5016,-6952,-292,-806,469
S,1,69,583,610,449,2623,0,0,0,1,1,1,15876,4952,-7544,-731,-441,490
S,1,630,683,289,141,2725,1,1,1,1,1,1,15948,4836,-7132,-661,29,323
S,1,388,641,519,272,2523,1,1,1,1,1,1,16004,4408,-7188,-1555,32,142
S,1,400,661,446,195,2548,1,0,0,1,1,1,16028,4556,-6892,-1134,333,-272
S,1,387,691,494,175,2551,1,1,1,1,1,1,16180,5332,-5968,-18,209,-550
S,1,365,614,592,339,2559,0,0,0,1,1,1,15944,5912,-5868,-417,-171,-161
S,1,430,762,381,75,2624,1,1,1,1,1,1,15896,5700,-6224,163,-654,81
S,1,550,547,500,310,2455,1,1,1,1,1,1,15792,5324,-6860,-341,-1143,485
S,1,304,673,545,253,2559,1,0,0,1,1,1,15772,4808,-7720,-360,-814,620
S,1,380,611,432,257,2559,1,1,1,1,1,1,15752,4784,-7648,-760,-229,336
S,1,475,824,333,109,2513,1,0,0,1,1,1,15936,5120,-6940,-720,-197,366
S,1,336,688,564,71,2544,1,1,1,1,1,1,15984,4644,-6944,-1045,-471,386
S,1,687,399,317,590,2551,1,1,1,1,1,1,15972,4508,-7156,-664,-198,-34
S,1,337,694,495,238,2519,1,0,0,1,1,1,15840,5344,-7012,-43,126,-299
S,1,350,707,494,211,2593,1,1,1,1,1,1,15956,5700,-6296,-208,-157,158
S,1,384,609,457,453,2598,0,0,1,1,1,1,15920,5260,-6428,-101,-686,458
S,1,346,594,766,313,2447,1,1,1,1,1,1,16096,4956,-7112,-192,-869,557
S,1,463,682,400,159,2609,1,1,1,1,1,1,16020,4700,-7644,-623,-508,495
S,1,246,656,567,291,2548,1,0,1,1,1,1,15864,4768,-7760,-528,-209,274
S,1,356,605,457,214,2596,1,1,1,1,1,1,16068,4652,-7024,-969,-313,424
S,1,283,630,499,294,2544,0,0,1,1,1,1,15756,4268,-7104,-1156,-462,170
S,1,365,621,579,161,2533,1,1,1,1,1,1,15788,4868,-6860,-387,-34,-112
S,1,707,742,123,199,2651,1,1,1,1,1,1,15872,5212,-6980,-437,-240,90
S,1,418,499,547,295,2532,1,1,1,1,1,1,15880,5048,-6616,-206,-74,15
S,1,463,656,455,184,2554,1,1,1,1,1,1,16244,5096,-6360,59,-845,191
S,1,390,693,509,219,2599,0,0,0,1,1,1,15964,4736,-7520,-646,-985,418
S,1,394,614,775,299,2549,1,1,1,1,1,1,15704,4768,-8192,-217,-429,299
S,1,262,724,557,144,2553,1,1,1,1,1,1,16024,4484,-7400,-817,-433,404
S,1,404,709,391,277,2544,1,1,1,1,1,1,16020,4124,-7252,-975,-514,74
S,1,464,666,510,188,2527,1,1,1,1,1,1,15768,4488,-7728,-606,96,-325
S,1,352,610,506,230,2559,1,0,1,1,1,1,15516,5460,-7248,-501,236,-51
S,1,426,914,511,248,2608,1,1,1,1,1,1,15804,4972,-6916,-518,-47,278
S,1,145,737,432,303,2481,1,0,1,1,1,1,15896,4848,-6288,-437,-360,314
S,1,430,414,468,507,2679,1,1,1,1,1,1,15872,4864,-6904,-371,-821,358
S,1,438,721,549,275,2546,1,1,1,1,1,1,16076,4432,-8036,-403,-715,275
S,1,306,651,550,223,2528,1,0,1,1,1,1,15752,4400,-8792,-1326,201,60
S,1,449,573,528,238,2580,1,1,1,1,1,1,15948,4928,-6756,-460,937,-586
S,1,485,711,371,80,2624,0,0,0,1,1,1,15984,5524,-5752,-395,263,-309
S,1,149,660,656,199,2539,1,1,1,1,1,1,15748,5320,-6800,-5,-733,220
S,1,353,431,511,211,2556,1,1,1,1,1,1,15536,5120,-8084,-678,-414,310
S,1,384,704,460,169,2553,1,0,0,1,1,1,15700,5152,-8072,-1076,120,986
S,1,380,649,418,198,2603,1,1,1,1,1,1,16060,3924,-6404,-1461,215,635
S,1,289,558,656,480,2342,0,0,0,1,1,1,16348,3980,-6176,-1381,-535,151
S,1,348,468,544,401,2544,1,1,1,1,1,1,16020,4284,-7356,-582,-456,-480
S,1,432,817,352,259,2679,1,1,1,1,1,1,15796,5108,-7544,255,-90,-610
S,1,263,630,547,186,2598,1,0,1,1,1,1,15352,5024,-6496,-291,370,-566
S,1,357,605,538,281,2559,1,1,1,1,1,1,16452,6048,-5300,1467,-417,-826
S,1,414,607,400,244,2620,1,0,0,1,1,1,15692,5376,-7480,-383,-1585,592
S,1,622,976,27,240,2591,1,1,1,1,1,1,15664,5180,-9408,-439,-1260,969
S,1,22,506,818,332,2501,1,1,1,1,1,1,16132,3944,-9260,-1230,880,931
S,1,378,649,499,259,2559,1,0,0,1,1,1,15972,3120,-6740,-2222,1175,-536
S,1,378,657,432,225,2594,1,1,1,1,1,1,16280,5852,-5328,163,539,-1213
S,1,336,592,538,329,2583,1,0,1,1,1,1,15408,6176,-7720,-1524,-135,519
S,1,375,699,593,84,2622,1,1,1,1,1,1,15192,5920,-7776,57,1044,369
S,1,206,613,607,313,2473,1,1,1,1,1,1,16236,4900,-5776,-959,1611,561
S,1,386,691,431,259,2552,1,1,1,1,1,1,16320,5272,-4588,-1492,335,534
S,1,303,649,511,255,2559,1,1,1,1,1,1,16532,5288,-5412,-548,-816,647
S,1,378,627,565,188,2724,1,0,1,1,1,1,16520,4120,-6872,-857,-1052,748
S,1,336,736,343,144,2583,1,1,1,1,1,1,16348,3644,-7448,-540,-538,-348
S,1,295,547,575,416,2544,1,1,1,1,1,1,16220,4832,-6480,704,318,-1215
S,1,320,721,528,479,2608,1,1,1,1,1,1,15964,5916,-5756,613,-455,-750
S,1,288,557,435,220,2549,1,1,1,1,1,1,15824,5784,-6816,318,-1102,-25
S,1,395,705,511,127,2587,0,0,0,1,1,1,15692,5272,-7836,-320,-494,616
S,1,447,599,688,876,2447,1,1,1,1,1,1,15852,4744,-7700,-159,498,298
S,1,498,528,351,239,2621,1,1,1,1,1,1,16308,4500,-6296,-176,449,282
S,1,261,591,597,276,2535,1,1,1,1,1,1,16376,3680,-6240,-884,-198,-262
S,1,393,752,449,166,2547,1,1,1,1,1,1,16060,4868,-6476,-115,-21,-957
S,1,379,670,491,208,2581,1,0,0,1,1,1,15944,5624,-6580,539,22,-796
S,1,457,359,576,327,2401,1,1,1,1,1,1,15848,6208,-6216,-304,-8,-146
S,1,497,464,405,368,2512,1,1,1,1,1,1,16152,5472,-5928,-69,-468,229
S,1,113,702,723,274,2481,1,1,1,1,1,1,16120,5156,-7140,-1002,-832,579
S,1,382,864,484,240,2536,1,1,1,1,1,1,15892,4916,-7716,-489,-163,529
S,1,365,685,482,171,2559,1,0,1,1,1,1,16172,4480,-6760,-584,355,370
S,1,432,655,530,498,2598,1,1,1,1,1,1,16244,4136,-6756,-1327,-105,100
S,1,199,704,528,64,2669,0,0,0,1,1,1,16024,5020,-6264,-450,369,-534
S,1,252,563,607,320,2522,1,1,1,1,1,1,15940,5860,-5964,-209,120,-374
S,1,448,640,437,0,2559,1,1,1,1,1,1,15796,5908,-5936,-409,-413,271
S,1,368,675,494,128,2559,1,0,1,1,1,1,15972,5180,-6296,-85,-697,497
S,1,350,656,495,199,2555,1,1,1,1,1,1,16120,4784,-7184,-919,-708,559
S,1,588,437,439,247,2543,0,0,0,1,1,1,16160,4940,-7276,-119,-215,440
S,1,499,602,365,222,2621,1,1,1,1,1,1,16408,4844,-6592,-441,-168,350
S,1,664,536,496,192,2610,1,1,1,1,1,1,16220,4296,-6800,-1377,-427,387
S,1,352,704,506,141,2559,1,0,0,1,1,1,16228,4388,-6900,-558,-27,-327
S,1,372,678,511,202,2521,1,1,1,1,1,1,16048,5548,-6584,-401,370,-551
S,1,382,1486,528,299,2559,1,0,0,1,1,1,15852,5852,-6068,-102,47,42
S,1,295,833,420,39,2606,1,1,1,1,1,1,16128,5596,-5860,-72,-427,382
S,1,204,595,657,290,2498,1,1,1,1,1,1,15860,4888,-6832,-776,-777,681
S,1,357,623,442,252,2597,1,0,1,1,1,1,16036,4404,-7112,-412,-588,342
S,1,419,646,495,239,2614,1,1,1,1,1,1,16260,4784,-6832,-354,-250,226
S,1,293,605,508,125,2579,1,0,1,1,1,1,16260,4328,-7044,-1201,-333,-11
S,1,380,589,495,268,2549,1,1,1,1,1,1,16272,4592,-6896,-528,146,-468
S,1,411,474,496,411,2607,1,1,1,1,1,1,15968,5176,-6716,-631,284,-476
S,1,305,675,1378,254,2579,1,0,1,1,1,1,15988,5524,-5924,19,86,-225
S,1,419,709,482,198,2558,1,1,1,1,1,1,16296,5548,-5864,115,-304,40
S,1,311,764,526,311,2867,0,0,1,1,1,1,15836,5292,-6652,-408,-866,430
S,1,285,666,323,224,2587,1,1,1,1,1,1,15924,4768,-7276,-223,-700,346
T,1,454,578,573,286,2607,0,0,1,1,1,1,9108,4848,-13772,-636,-801,379
T,1,448,595,592,287,2607,0,1,1,1,1,1,9292,4980,-14456,-628,-718,418
T,1,494,591,593,771,2629,0,0,1,1,1,1,9148,4644,-14468,-555,-344,428
T,1,478,597,627,272,2599,0,1,1,1,1,1,9392,4408,-14040,-842,-210,120
T,1,432,589,644,308,2590,0,0,1,1,1,1,9272,4680,-13736,-809,-220,-73
T,1,449,597,597,288,2593,0,0,1,1,1,1,8816,4884,-13676,-561,-444,-186
T,1,450,592,601,279,2609,0,1,1,1,1,1,8820,5248,-14064,-419,-50,68
T,1,467,619,574,291,2593,0,0,1,1,1,1,9048,4980,-13640,-232,4,-5
T,1,464,591,595,266,2620,0,1,1,1,1,1,8828,5064,-13956,-430,-108,144
T,1,447,542,607,294,2599,0,0,1,1,1,1,9164,4872,-13664,-68,-320,-28
T,1,427,591,568,285,2602,0,0,1,1,1,1,9012,4828,-14116,-385,-453,-80
T,1,444,599,602,289,2623,0,1,1,1,1,1,8916,5064,-14336,-460,-222,-94
T,1,434,609,637,272,2629,0,0,1,1,1,1,8884,4920,-14028,-489,-329,-173
T,1,432,595,589,307,2595,0,1,1,1,1,1,8976,5328,-13868,-661,-444,122
T,1,304,581,619,304,2590,0,0,1,1,1,1,8828,5208,-13880,-576,-641,451
T,1,473,614,563,327,2656,0,0,1,1,1,1,9020,4796,-13936,-571,-446,563
T,1,451,599,605,278,2599,0,1,1,1,1,1,8856,4528,-13944,-475,-394,479
T,1,448,599,585,289,2608,0,0,1,1,1,1,8664,4704,-13992,-267,-414,275
T,1,431,630,703,284,2603,0,1,1,1,1,1,9004,4744,-13720,92,-48,78
T,1,487,530,615,274,2606,0,0,1,1,1,1,8968,4736,-14224,-373,-192,141
T,1,463,591,588,377,2598,0,1,1,1,1,1,8968,5096,-14508,-69,114,214
T,1,441,615,608,287,2593,0,1,1,1,1,1,9096,4588,-13960,-33,168,151
T,1,425,594,606,292,2608,0,0,1,1,1,1,8968,4804,-13972,-644,-337,144
T,1,450,593,557,287,2611,0,1,1,1,1,1,8900,4868,-14064,-540,-488,313
T,1,421,614,623,270,2587,0,0,1,1,1,1,8816,4752,-13932,-488,-1032,684
T,1,508,613,560,272,2634,0,1,1,1,1,1,9308,4376,-13904,-859,-1147,537
T,1,413,577,611,298,2587,0,1,1,1,1,1,9140,4700,-14768,-912,-867,281
T,1,451,603,592,271,2608,0,0,1,1,1,1,8916,4668,-14308,-336,-142,169
T,1,448,606,595,241,2618,0,1,1,1,1,1,8896,4452,-13912,11,-41,343
T,1,450,576,592,314,2613,0,0,1,1,1,1,8924,4016,-13912,-464,-609,-220
T,1,463,576,490,286,2611,0,1,1,1,1,1,8780,4808,-14648,-1465,-2193,-569
T,1,431,572,624,299,2599,0,0,1,1,1,1,7648,5308,-14852,-1463,-776,95
T,1,458,603,575,267,2606,0,0,1,1,1,1,8232,4372,-14472,102,1,148
T,1,432,592,597,288,2608,0,1,1,1,1,1,8152,5320,-14000,-778,192,431
T,1,467,598,493,208,2612,0,0,1,1,1,1,8828,5492,-13856,-556,59,965
T,1,340,559,783,288,2599,0,1,1,1,1,1,9040,4560,-13852,-432,-577,1153
T,1,448,591,624,304,2587,0,0,1,1,1,1,8708,4396,-14144,-364,-695,812
T,1,444,575,588,290,2608,0,0,1,1,1,1,8840,3940,-14092,288,-1265,205
T,1,464,592,592,282,2597,0,1,1,1,1,1,7840,4344,-14980,-727,-1050,101
T,1,400,620,623,278,2605,0,0,1,1,1,1,8028,4760,-15232,-64,-379,-178
T,1,419,597,587,301,2603,0,1,1,1,1,1,8544,4836,-15004,-604,97,611
T,1,475,538,567,334,2599,0,0,1,1,1,1,8840,4508,-14728,-443,-6,792
T,1,444,624,606,283,2545,0,0,1,1,1,1,8752,3924,-14532,-795,-491,526
T,1,436,597,607,288,2597,0,1,1,1,1,1,8740,4360,-14376,-1125,-118,167
T,1,443,593,621,287,2604,0,1,1,1,1,1,9288,4560,-14120,-475,291,-215
T,1,478,567,583,283,2608,0,1,1,1,1,1,9444,4396,-13840,-980,-65,-533
T,1,496,641,511,208,2668,0,0,1,1,1,1,8512,4788,-13628,-830,129,-891
T,1,413,499,573,278,2612,0,0,1,1,1,1,8484,4480,-13972,-141,-441,-1096
T,1,437,587,597,282,2610,0,1,1,1,1,1,8116,4968,-14440,-1002,-250,-637
T,1,433,592,592,272,2598,0,0,1,1,1,1,8244,4904,-14400,-682,-113,-131
T,1,464,626,511,235,2675,0,1,1,1,1,1,7944,4732,-14632,-710,-259,-52
T,1,390,595,653,288,2583,0,0,1,1,1,1,7712,4616,-14600,-888,-99,-104
T,1,455,598,577,344,2587,0,1,1,1,1,1,7820,5244,-14500,-962,329,361
T,1,457,603,609,269,2603,0,1,1,1,1,1,8700,5112,-13584,-5,528,873
T,1,432,592,592,295,2605,0,0,1,1,1,1,9700,4160,-13772,-474,-1391,770
T,1,449,619,578,295,2669,0,1,1,1,1,1,8752,4308,-14720,-1429,-2149,-224
T,1,371,648,603,259,2631,0,0,1,1,1,1,7568,5408,-16136,-1592,-1153,276
T,1,467,563,612,272,2603,0,1,1,1,1,1,8476,4764,-15368,-543,951,584
T,1,437,593,571,287,2606,0,1,1,1,1,1,8852,5136,-13832,-1078,664,-157
T,1,437,592,605,289,2608,0,0,1,1,1,1,8216,5024,-13476,-2030,43,257
T,1,433,602,598,304,2425,0,1,1,1,1,1,7976,6004,-13620,-1430,257,359
T,1,416,575,653,269,2606,0,0,1,1,1,1,9088,5404,-13632,-377,-91,1054
T,1,478,615,448,293,2625,0,1,1,1,1,1,9228,5584,-13744,-1208,-382,1015
T,1,451,627,620,275,3004,0,0,1,1,1,1,8516,4884,-14028,-972,-576,397
T,1,453,598,566,294,2605,0,0,1,1,1,1,8228,4616,-13948,-693,-726,318
T,1,426,594,594,275,2608,0,1,1,1,1,1,8064,5012,-14176,-974,-616,-186
T,1,449,579,662,282,2608,0,0,1,1,1,1,8136,5748,-14540,-591,-481,-92
T,1,417,615,586,269,2602,0,1,1,1,1,1,8792,5428,-13856,-591,-1207,572
T,1,464,578,603,309,2606,0,0,1,1,1,1,8604,5208,-14472,-1406,-927,693
T,1,427,607,599,278,2614,0,0,1,1,1,1,8652,4752,-14708,-315,-1053,125
T,1,448,594,611,272,2607,0,1,1,1,1,1,8564,5208,-14156,-646,-942,-214
T,1,395,611,589,285,2624,0,0,1,1,1,1,8080,5220,-14204,-1386,-823,-354
T,1,499,550,560,370,2589,0,1,1,1,1,1,8172,5496,-14320,-1112,-409,-570
T,1,432,642,598,267,2613,0,0,1,1,1,1,7540,5468,-14224,-732,892,-248
T,1,470,599,580,274,2598,0,0,1,1,1,1,8076,4808,-13556,78,-326,-826
T,1,432,592,612,288,2608,0,1,1,1,1,1,7588,5936,-14280,-1412,-1107,-630
T,1,448,592,624,273,2601,0,0,1,1,1,1,7648,6796,-14500,-459,-529,-448
T,1,464,585,581,279,2608,0,1,1,1,1,1,7892,6332,-14452,44,165,179
T,1,412,636,587,249,2611,0,0,1,1,1,1,8124,5684,-13888,-214,430,138
T,1,592,609,611,283,2611,0,0,1,1,1,1,7844,5432,-14004,-162,249,-168
T,1,448,592,595,295,2611,0,1,1,1,1,1,7740,5672,-14772,-487,-125,118
T,1,443,637,567,275,2603,0,0,1,1,1,1,7888,5660,-14056,244,688,221
T,1,436,670,591,275,2608,0,1,1,1,1,1,8400,5604,-13800,390,771,100
T,1,479,592,535,269,2661,0,0,1,1,1,1,8388,5680,-14228,618,508,528
T,1,431,747,588,288,2613,0,0,1,1,1,1,8744,5224,-14280,252,-162,446
T,1,441,592,602,318,2611,0,0,1,1,1,1,8468,5048,-14668,-623,-392,338
T,1,432,594,587,285,2613,0,0,1,1,1,1,8528,4988,-14480,-407,-130,246
T,1,452,573,592,288,2603,0,1,1,1,1,1,8500,4836,-13980,-554,-336,-34
T,1,464,627,573,278,2621,0,0,1,1,1,1,8476,5220,-13408,-547,-590,-210
T,1,399,642,624,322,2605,0,0,1,1,1,1,7820,4944,-14104,-670,-2087,-768
T,1,446,592,596,279,2624,0,1,1,1,1,1,6644,6440,-14624,-380,-1323,-557
T,1,447,605,602,296,2609,0,0,1,1,1,1,7044,5956,-13848,1292,409,146
T,1,414,588,588,279,2609,0,1,1,1,1,1,7956,5016,-13644,877,-290,532
T,1,442,560,659,271,2597,0,0,1,1,1,1,7884,4896,-14024,-763,-1253,1179
T,1,549,511,591,317,2599,0,1,1,1,1,1,8440,5656,-14804,-572,-921,1722
T,1,434,623,624,281,2593,0,0,1,1,1,1,9108,4544,-15068,748,-683,2528
T,1,446,592,598,290,2609,0,0,1,1,1,1,8672,3148,-15444,-61,-96,1379
T,1,448,593,35,304,2609,0,1,1,1,1,1,7852,3700,-14980,-514,-189,-87
T,1,446,594,592,275,2593,0,0,1,1,1,1,7480,4984,-14988,-953,-629,-362
T,1,400,624,640,267,2590,0,0,1,1,1,1,7484,5408,-15020,-1079,-111,541
T,1,449,574,651,293,2741,0,0,1,1,1,1,8224,4576,-14352,-376,198,707
T,1,443,615,622,273,2596,0,0,1,1,1,1,8092,4020,-14320,-706,-367,694
T,1,447,602,603,294,2607,0,1,1,1,1,1,7500,3884,-14404,-509,-129,400
T,1,427,592,389,285,2621,0,0,1,1,1,1,7688,3864,-14852,-564,-108,-96
T,1,416,590,624,294,2595,0,1,1,1,1,1,8208,5256,-15472,-1057,-184,-93
T,1,429,640,591,306,2620,0,0,1,1,1,1,7640,5900,-15180,87,2056,699
T,1,425,614,606,277,2608,0,0,1,1,1,1,8108,4152,-12996,1783,2038,603
T,1,431,586,611,282,2611,0,0,1,1,1,1,9100,4596,-14484,-366,1248,857
T,1,433,576,590,256,2529,0,0,1,1,1,1,9032,4984,-14472,-385,863,598
T,1,444,576,596,290,2596,0,1,1,1,1,1,9256,4432,-13248,432,801,922
T,1,435,609,573,240,2626,0,0,1,1,1,1,10204,2776,-13116,75,-854,1145
T,1,434,551,656,286,2595,0,0,1,1,1,1,9680,2772,-13752,-1113,-1825,643
T,1,448,589,592,304,2608,0,0,1,1,1,1,8296,3172,-14144,-684,-403,-182
T,1,427,597,569,295,2616,0,0,1,1,1,1,9008,3000,-12512,1915,9,-703
T,1,434,598,592,282,2605,0,1,1,1,1,1,9340,3536,-13452,971,-2695,-1071
T,1,415,629,616,280,2598,0,0,1,1,1,1,7772,3568,-16716,-2068,-4044,-903
T,1,290,598,733,307,2590,0,0,1,1,1,1,7084,4828,-17292,-2084,-1002,-485
T,1,448,601,595,277,2608,0,1,1,1,1,1,7652,4560,-15828,1424,810,-944
T,1,434,592,594,278,2608,0,0,1,1,1,1,7764,4652,-15392,398,1626,-587
T,1,448,596,630,300,2609,0,1,1,1,1,1,8536,5304,-14828,628,2420,297
T,1,547,601,546,289,2640,0,0,1,1,1,1,9264,3652,-15236,72,1135,961
T,1,407,569,662,254,2593,0,0,1,1,1,1,8936,2548,-14624,-1950,-191,690
T,1,455,601,594,289,2607,0,1,1,1,1,1,8556,2344,-14628,-1632,-675,-7
T,1,448,601,624,282,2603,0,0,1,1,1,1,8652,3180,-14048,-1601,-39,-513
T,1,523,581,599,305,2608,0,1,1,1,1,1,8668,3980,-13872,-1069,-100,-727
T,1,450,630,621,236,2611,0,0,1,1,1,1,8280,4304,-13784,-554,427,-848
T,1,402,595,627,314,2586,0,0,1,1,1,1,8580,4576,-13452,-494,-716,-131
T,1,423,618,592,276,2629,0,0,1,1,1,1,8468,5200,-13420,-156,-1088,-211
T,1,432,602,619,277,2591,0,0,1,1,1,1,7816,5224,-14172,393,-472,743
T,1,437,611,559,297,2598,0,1,1,1,1,1,8808,4276,-13776,1733,425,614
T,1,405,621,563,272,2591,0,0,1,1,1,1,9176,4144,-14596,856,-198,703
T,1,432,545,610,326,2624,0,0,1,1,1,1,9088,3332,-15340,-274,-1978,1282
T,1,461,595,589,293,2608,0,0,1,1,1,1,7984,2572,-15544,-1069,-2585,1819
T,1,419,607,592,294,2605,0,0,1,1,1,1,7244,2420,-15468,389,870,1237
T,1,458,599,615,278,2607,0,1,1,1,1,1,8300,1516,-15140,3585,719,-107
T,1,530,671,591,210,2606,0,0,1,1,1,1,7620,1920,-15864,-4257,-56,-174
T,1,434,656,591,231,2609,0,1,1,1,1,1,8540,3728,-14604,-1337,-617,-1500
T,1,368,606,784,288,2624,0,1,1,1,1,1,7676,4256,-16208,919,-1267,-2625
T,1,439,596,606,282,2601,0,0,1,1,1,1,8684,3720,-15156,724,-1186,-1703
T,1,433,597,603,282,2595,0,1,1,1,1,1,8856,2984,-14752,615,-1820,-2391
T,1,458,592,570,358,2503,0,0,1,1,1,1,8392,2868,-14112,-1487,-1422,-2826
T,1,418,607,614,262,2604,0,1,1,1,1,1,7900,3244,-14964,-301,-2210,-2884
T,1,493,542,471,379,2489,0,0,1,1,1,1,5992,3656,-15556,1665,-2420,-1225
T,1,429,603,606,283,2617,0,0,1,1,1,1,6124,4008,-16096,1098,-1277,-136
T,1,446,593,593,289,2619,0,1,1,1,1,1,7276,4456,-15004,788,858,-926
T,1,450,598,592,286,2736,0,0,1,1,1,1,8048,3412,-13988,1919,-254,-435
T,1,432,575,609,282,2592,0,1,1,1,1,1,7184,3444,-14148,393,-1501,893
T,1,506,614,563,253,2635,0,0,1,1,1,1,7048,1992,-14368,-251,-1618,1018
T,1,443,593,736,261,2551,0,0,1,1,1,1,6804,916,-14748,-3355,-2460,1243
T,1,442,595,595,285,2606,0,1,1,1,1,1,6428,2568,-16680,-2209,-106,920
T,1,432,606,627,383,2736,0,0,1,1,1,1,6196,2500,-16052,3101,1696,-397
T,1,469,618,532,336,2601,0,1,1,1,1,1,7048,2700,-16240,-166,745,-782
T,1,462,631,586,269,2617,0,0,1,1,1,1,8892,4612,-15124,-1900,-1080,-532
T,1,511,592,606,279,2547,0,0,1,1,1,1,8436,3580,-15992,-1539,-1248,924
T,1,458,598,604,275,2608,0,0,1,1,1,1,7160,1552,-16404,-1263,-2266,1255
T,1,435,597,575,287,2595,0,0,1,1,1,1,4528,1160,-17344,-2587,-247,17
T,1,384,708,616,304,2608,0,1,1,1,1,1,5608,2732,-15764,1377,2951,-1729
T,1,423,647,618,243,2581,0,0,1,1,1,1,7932,3312,-13912,1184,3253,-1539
T,1,464,591,419,293,2612,0,0,1,1,1,1,8540,4132,-13648,-72,2030,-952
T,1,451,597,617,272,2606,0,0,1,1,1,1,8668,4020,-13608,1043,1507,-854
T,1,445,605,604,288,2601,0,0,1,1,1,1,8088,3416,-13832,-197,-31,-277
T,1,482,613,560,355,2613,0,1,1,1,1,1,7296,3504,-14184,-1736,-2523,-337
T,1,398,654,624,302,2600,0,0,1,1,1,1,6352,3960,-15332,-2120,-3404,-177
T,1,470,559,587,305,2586,0,1,1,1,1,1,6416,3896,-15264,-1536,-3029,319
T,1,445,577,630,291,2605,0,1,1,1,1,1,5408,4440,-15984,-1399,-1809,574
T,1,448,608,595,273,2602,0,1,1,1,1,1,4916,4456,-15764,-275,-295,1011
T,1,451,525,624,265,2641,0,1,1,1,1,1,5128,3972,-15456,-209,244,1909
T,1,465,575,528,316,2599,0,0,1,1,1,1,5496,3488,-16336,-371,262,2120
T,1,507,607,529,292,2622,0,1,1,1,1,1,5880,2500,-16756,-2131,-596,2034
T,1,435,599,599,240,2609,0,1,1,1,1,1,5896,2536,-16652,-3250,149,1630
T,1,464,596,595,282,2608,0,0,1,1,1,1,6856,2040,-14912,-2226,191,449
T,1,432,573,599,392,2468,0,1,1,1,1,1,7036,2184,-13256,-3347,-1719,116
T,1,560,500,607,287,2618,0,0,1,1,1,1,7060,3996,-14480,-3710,-3346,-46
T,1,484,615,579,270,2624,0,1,1,1,1,1,6336,4828,-15368,-3038,-3451,582
T,1,447,633,575,290,2603,0,1,1,1,1,1,6040,4600,-15792,-2483,-2313,649
T,1,445,602,581,288,2608,0,0,1,1,1,1,5720,4916,-15068,-1603,-1680,616
T,1,448,590,581,301,2608,0,1,1,1,1,1,5296,4424,-14932,-771,-1219,1136
T,1,422,663,609,342,2603,0,1,1,1,1,1,5400,4184,-15580,276,-642,965
T,1,419,651,641,245,2559,0,1,1,1,1,1,5000,4616,-17000,754,653,1351
T,1,421,599,605,77,2559,0,0,1,1,1,1,5784,4916,-16556,-2465,1026,2304
T,1,455,608,594,275,2607,0,0,1,1,1,1,5992,4556,-15452,-1905,877,1778
T,1,442,605,623,277,2596,0,1,1,1,1,1,5120,4600,-14928,-1391,1026,1733
T,1,465,599,576,319,2641,0,1,1,1,1,1,5452,5332,-14164,-67,173,1623
T,1,417,592,595,262,2625,0,1,1,1,1,1,4552,4612,-16444,-629,-583,2263
T,1,382,545,789,318,2559,0,0,1,1,1,1,5400,4136,-15672,-2486,1533,3483
T,1,575,603,498,282,2602,0,0,1,1,1,1,7328,2012,-14404,-786,2260,2651
T,1,442,593,593,290,2608,0,1,1,1,1,1,8088,2632,-12508,764,4127,1528
T,1,457,599,601,289,2610,0,0,1,1,1,1,8640,3080,-12632,2703,3998,1061
T,1,427,614,590,260,2619,0,1,1,1,1,1,9508,4172,-12972,1939,1629,1110
T,1,398,593,624,272,2559,0,0,1,1,1,1,9548,4436,-13764,897,146,1732
T,1,451,730,591,280,2608,0,0,1,1,1,1,7936,4296,-17008,997,-2866,1591
T,1,438,603,596,294,2614,0,1,1,1,1,1,8056,3552,-17484,1248,1833,1789
T,1,405,607,611,285,2603,0,0,1,1,1,1,8624,2836,-15732,1582,3689,3256
T,1,411,598,578,291,2693,0,1,1,1,1,1,9824,3232,-13192,92,2516,3643
T,1,438,527,560,364,2644,0,0,1,1,1,1,24148,-3192,-13908,-6190,192,-353
T,1,510,576,564,313,2559,0,1,1,1,1,1,5708,4704,-14920,569,944,-662
T,1,444,599,592,292,2617,0,1,1,1,1,1,10340,3048,-15076,2042,-179,772
T,1,445,599,592,288,2603,0,0,1,1,1,1,8628,2224,-14700,-947,695,2339
T,1,425,577,622,278,2537,0,1,1,1,1,1,9524,940,-12652,1226,-574,-33
T,1,510,642,576,241,2633,0,0,1,1,1,1,9576,1448,-14100,-1063,-2181,172
U,1,400,563,1292,563,2601,1,1,1,1,1,0,16096,6512,-3944,-79,-46,1052
U,1,384,655,1264,564,2614,1,1,1,1,1,0,16700,7208,-3740,30,518,264
U,1,435,636,1311,569,2582,1,1,1,1,1,0,16584,7100,-3884,-981,-272,634
U,1,507,639,1253,567,2581,1,1,1,1,1,0,16872,6920,-3964,-284,583,217
U,1,443,627,1344,574,2607,1,1,1,1,1,0,16160,6672,-3880,-610,100,453
U,1,442,614,1348,609,2626,1,1,1,1,1,0,16432,6688,-4320,-316,482,-17
U,1,434,631,1398,590,2593,1,1,1,1,1,0,15952,6616,-3660,-1075,-735,496
U,1,401,586,1459,624,2605,1,1,1,1,1,0,16692,6932,-2796,-225,-1077,635
U,1,417,634,1415,593,2608,1,1,1,1,1,0,16644,7224,-3980,-507,116,392
U,1,463,625,1452,594,2586,1,1,1,1,1,0,16372,6804,-3732,-449,-502,422
U,1,459,624,1456,598,2608,1,1,1,1,1,0,16964,6712,-3964,386,567,257
U,1,431,629,1472,607,2594,1,1,1,1,1,0,15764,6708,-4680,-882,48,392
U,1,511,533,1490,645,2583,1,1,1,1,1,0,16540,6592,-4044,687,433,218
U,1,491,673,1438,555,2625,1,1,1,1,1,0,16408,6444,-4372,-457,1774,-906
U,1,451,623,1451,598,2609,1,1,1,1,1,0,16328,6636,-3372,441,-396,20
U,1,470,633,1472,592,2607,1,1,1,1,1,0,16988,7384,-3308,-726,-402,58
U,1,452,609,1496,607,2605,1,1,1,1,1,0,16428,6244,-3136,-1692,-994,415
U,1,592,620,1488,592,2634,1,1,1,1,1,0,16648,6292,-2496,-1410,-677,61
U,1,395,731,1557,477,2611,1,1,1,1,1,0,16424,6196,-3352,-1353,-361,6
U,1,448,640,1483,576,2585,1,1,1,1,1,0,16784,6740,-2580,-321,-1207,46
U,1,464,605,1454,598,2593,1,1,1,1,1,0,16372,7448,-3140,-304,-1002,215
U,1,432,627,1437,605,2592,1,1,1,1,1,0,16404,6880,-3668,-234,-911,101
U,1,447,642,1443,605,2559,1,1,1,1,1,0,16672,6836,-3644,-130,-159,142
U,1,464,595,1494,603,2589,1,1,1,1,1,0,16156,6860,-3384,317,-37,306
U,1,462,631,1400,579,2606,1,1,1,1,1,0,16808,6452,-3644,197,-551,356
U,1,467,626,1449,576,2599,1,1,1,1,1,0,16480,6892,-3708,153,-560,131
U,1,485,601,1424,592,2603,1,1,1,1,1,0,16328,6828,-4144,677,-578,37
U,1,511,598,1413,645,2582,1,1,1,1,1,0,16812,6808,-4252,-433,-441,690
U,1,552,658,1417,561,2635,1,1,1,1,1,0,16432,6592,-3820,-473,18,432
U,1,521,614,1424,549,2583,1,1,1,1,1,0,16544,6156,-3652,-284,-1052,404
U,1,495,612,1429,643,2608,1,1,1,1,1,0,16892,6452,-3936,-479,-343,96
U,1,468,624,1424,600,2598,1,1,1,1,1,0,16296,6120,-4064,-117,-361,-133
U,1,464,638,1391,582,2603,1,1,1,1,1,0,16776,6356,-3688,264,-217,-314
U,1,430,624,1390,626,2602,1,1,1,1,1,0,16196,6568,-4104,-406,-130,-29
U,1,401,619,1487,608,2595,1,1,1,1,1,0,16356,6576,-4592,433,-34,58
U,1,464,602,1432,596,2608,1,1,1,1,1,0,16440,7056,-3920,-480,-564,655
U,1,464,635,1453,582,2595,1,1,1,1,1,0,16516,6528,-4336,-339,-885,450
U,1,455,625,1405,575,2559,1,1,1,1,1,0,16564,6300,-4184,-154,-428,208
U,1,493,615,1419,575,2611,1,1,1,1,1,0,16524,6296,-3828,-497,-238,86
U,1,407,659,1472,553,2595,1,1,1,1,1,0,16776,6268,-3588,61,-518,-147
U,1,464,605,1441,602,2586,1,1,1,1,1,0,16588,6768,-4348,-273,-638,169
U,1,489,625,1413,577,2596,1,1,1,1,1,0,16480,6600,-4352,61,368,234
U,1,462,628,1440,574,2595,1,1,1,1,1,0,16412,6240,-4104,-382,-180,595
U,1,501,660,1417,422,2589,1,1,1,1,1,0,16604,6004,-4000,204,-130,113
U,1,565,631,1358,603,2643,1,1,1,1,1,0,16344,6412,-4544,-408,-1168,-63
U,1,387,563,1581,478,2602,1,1,1,1,1,0,17224,6564,-3856,-104,-358,-310
U,1,465,627,1447,602,2608,1,1,1,1,1,0,15652,6676,-3728,-326,-988,193
U,1,451,636,1486,603,2586,1,1,1,1,1,0,17052,6712,-4408,522,-577,352
U,1,455,626,1467,576,2614,1,1,1,1,1,0,16480,6136,-5196,-837,480,521
U,1,482,590,1518,587,2583,1,1,1,1,1,0,16728,6376,-3760,666,-911,628
U,1,494,570,1472,626,2601,1,1,1,1,1,0,16844,6104,-4640,69,269,73
U,1,463,624,1439,612,2605,1,1,1,1,1,0,16560,5556,-4320,-1100,-877,84
U,1,480,609,1488,611,2605,1,1,1,1,1,0,17348,5896,-4544,920,-346,-276
U,1,456,593,1474,576,2607,1,1,1,1,1,0,16444,5980,-5276,-408,203,-261
U,1,448,631,1461,576,2610,1,1,1,1,1,0,15436,6780,-4740,-43,486,-404
U,1,528,649,1391,511,2686,1,1,1,1,1,0,15684,7200,-3904,-158,552,280
U,1,432,625,1389,639,2597,1,1,1,1,1,0,16008,6460,-4164,180,113,980
U,1,467,624,1477,592,2587,1,1,1,1,1,0,16320,5976,-4204,31,-172,939
U,1,437,636,1456,579,2603,1,1,1,1,1,0,16676,5912,-4592,-458,-156,644
U,1,492,666,1449,606,2480,1,1,1,1,1,0,16712,5776,-4608,-271,-123,449
U,1,500,624,1408,570,2639,1,1,1,1,1,0,17296,6040,-4932,-54,220,356
U,1,457,606,1456,527,2608,1,1,1,1,1,0,16824,5660,-4880,-58,-104,378
U,1,494,635,1458,583,2601,1,1,1,1,1,0,16748,5492,-4528,211,-379,120
U,1,463,624,1458,590,2603,1,1,1,1,1,0,16324,5500,-4320,930,-514,-578
U,1,461,606,1484,601,2559,1,1,1,1,1,0,16184,6212,-4992,-233,-1183,-293
U,1,414,601,1648,688,2529,1,1,1,1,1,0,16524,6516,-5552,25,-532,-149
U,1,525,613,1423,613,2633,1,1,1,1,1,0,16784,6012,-5328,-934,87,407
U,1,487,624,1462,592,2588,1,1,1,1,1,0,16656,5712,-4524,-865,152,636
U,1,458,624,1445,592,2595,1,1,1,1,1,0,16768,5348,-3880,-915,352,407
U,1,464,630,1427,559,2602,1,1,1,1,1,0,16596,4784,-3612,-26,-1019,72
U,1,471,611,1434,586,2597,1,1,1,1,1,0,16652,5436,-4272,-133,-949,-104
U,1,496,560,1437,640,2620,1,1,1,1,1,0,16676,5592,-5644,-176,-272,-224
U,1,434,620,1455,1191,2604,1,1,1,1,1,0,16396,6128,-5440,-563,205,-263
U,1,464,625,1434,567,2586,1,1,1,1,1,0,16516,5848,-4824,-188,330,-21
U,1,505,639,1405,573,2593,1,1,1,1,1,0,16564,5780,-3940,-40,-242,113
U,1,482,640,1395,565,2586,1,1,1,1,1,0,16680,5788,-4024,329,-855,-119
U,1,481,571,1382,607,2611,1,1,1,1,1,0,16004,5788,-5380,293,-889,878
U,1,432,569,1410,240,2617,1,1,1,1,1,0,16480,5956,-5684,-132,212,1376
U,1,475,634,1349,560,2607,1,1,1,1,1,0,16784,5252,-4944,152,818,745
U,1,478,603,1363,551,2610,1,1,1,1,1,0,16936,5068,-4640,-224,-107,554
U,1,432,619,1332,551,2594,1,1,1,1,1,0,16644,5460,-4436,255,-233,5
U,1,496,619,1407,511,2559,1,1,1,1,1,0,16252,5160,-5400,200,-2208,25
U,1,479,592,1362,590,2610,1,1,1,1,1,0,16616,5444,-5356,-185,-1953,79
U,1,267,633,1376,560,2609,1,1,1,1,1,0,16616,5576,-5896,-235,-1091,228
U,1,507,624,1370,560,2607,1,1,1,1,1,0,16468,5176,-6148,-470,-298,290
U,1,457,615,1368,539,2608,1,1,1,1,1,0,16500,5356,-5764,21,-46,624
U,1,502,581,1264,599,2622,1,1,1,1,1,0,16288,5488,-5540,808,1155,405
U,1,490,635,1298,535,2602,1,1,1,1,1,0,16992,4460,-5604,-1186,-499,829
U,1,460,598,1360,299,2615,1,1,1,1,1,0,16312,5020,-4800,-1535,-101,269
U,1,464,624,1317,539,2598,1,1,1,1,1,0,16348,4572,-5212,-656,-841,29
U,1,477,629,1328,537,2605,1,1,1,1,1,0,16388,5356,-5308,-475,-215,83
U,1,511,650,1267,511,2666,1,1,1,1,1,0,16160,5116,-5268,-945,111,292
U,1,446,666,1331,530,2583,1,1,1,1,1,0,16320,5424,-5208,-48,-388,250
U,1,457,706,1253,487,2585,1,1,1,1,1,0,16296,5064,-5364,-425,-194,367
U,1,467,640,1294,533,2599,1,1,1,1,1,0,16676,4928,-5012,-87,-750,260
U,1,457,627,1289,560,2610,1,1,1,1,1,0,16644,4812,-5540,-210,-660,-18
U,1,438,623,1305,898,2559,1,1,1,1,1,0,16760,4872,-6048,-610,-575,47
U,1,462,571,774,581,2624,1,1,1,1,1,0,16380,5408,-6204,1294,1000,203
U,1,511,688,1053,496,2611,1,1,1,1,1,0,16796,4556,-6072,-241,1233,770
U,1,448,624,975,507,2595,1,1,1,1,1,0,17452,5304,-5916,-379,1499,65
U,1,479,631,1111,503,2597,1,1,1,1,1,0,17348,4380,-5528,-1929,538,-621
U,1,464,626,1447,528,2608,1,1,1,1,1,0,16408,4976,-4212,-1993,-978,-957
U,1,528,656,1211,501,2591,1,1,1,1,1,0,16004,5228,-4768,-1303,-466,-545
U,1,407,610,1224,528,2559,1,1,1,1,1,0,16732,5180,-5116,109,-43,160
U,1,497,650,1150,539,2603,1,1,1,1,1,0,16828,5664,-4808,-945,538,642
U,1,469,624,1133,539,2609,1,1,1,1,1,0,16908,5664,-4396,-244,4,647
U,1,444,654,1039,528,2601,1,1,1,1,1,0,17240,5060,-4544,-477,-616,657
U,1,471,496,1120,511,2583,1,1,1,1,1,0,16804,5108,-4716,-376,-623,545
U,1,494,557,1152,561,2586,1,1,1,1,1,0,16684,4348,-5220,-322,-162,295
U,1,488,643,1161,498,2591,1,1,1,1,1,0,16704,4580,-5004,-114,-88,94
U,1,473,611,1133,523,2608,1,1,1,1,1,0,16608,4684,-4692,80,-33,-83
U,1,495,621,1110,511,2599,1,1,1,1,1,0,16772,4972,-4948,109,-461,16
U,1,400,647,1115,503,2592,1,1,1,1,1,0,16676,5244,-5368,-183,-645,31
U,1,681,632,994,553,2643,1,1,1,1,1,0,16620,5036,-5304,-27,-228,-24
U,1,412,613,1153,545,2559,1,1,1,1,1,0,16568,4784,-5424,-198,-475,182
U,1,469,631,1106,511,2605,1,1,1,1,1,0,16548,4764,-5268,-348,-134,-65
U,1,458,624,1133,511,2593,1,1,1,1,1,0,16752,5044,-5424,-319,-222,-56
U,1,496,625,1082,496,2607,1,1,1,1,1,0,16508,5284,-4972,-346,-372,283
U,1,534,610,1138,486,2609,1,1,1,1,1,0,16452,5168,-5532,-337,456,463
U,1,505,593,1072,532,2608,1,1,1,1,1,0,16848,4596,-4996,-532,-82,755
U,1,448,718,1095,398,2601,1,1,1,1,1,0,17012,4840,-4856,-6,118,387
U,1,495,623,1071,501,2610,1,1,1,1,1,0,16764,4824,-4980,13,-386,350
U,1,497,592,1079,511,2592,1,1,1,1,1,0,16728,4928,-5568,-208,-519,462
U,1,363,543,1088,508,2592,1,1,1,1,1,0,16848,4460,-5660,-194,-33,245
U,1,596,720,903,511,2609,1,1,1,1,1,0,16872,4312,-5456,-848,-307,76
U,1,432,574,1099,532,2559,1,1,1,1,1,0,16856,4144,-5432,-299,-114,-384
U,1,466,624,1051,511,2599,1,1,1,1,1,0,16876,4516,-5024,-826,-158,-389
U,1,464,612,1041,506,2603,1,1,1,1,1,0,16852,5144,-4792,-759,-373,-133
U,1,455,624,1023,469,2602,1,1,1,1,1,0,16648,4980,-4980,-480,110,-226
U,1,443,653,1058,482,2559,1,1,1,1,1,0,16916,5092,-5184,-378,-331,185
U,1,422,611,975,500,2591,1,1,1,1,1,0,16880,5148,-5136,-170,34,205
U,1,462,618,1045,507,2603,1,1,1,1,1,0,16876,4736,-4872,-445,-173,387
U,1,464,629,1009,494,2607,1,1,1,1,1,0,16792,4516,-4844,-316,-477,177
U,1,484,607,965,496,2271,1,1,1,1,1,0,16688,4704,-5164,-560,-504,98
U,1,450,611,1034,507,2608,1,1,1,1,1,0,16644,4872,-5312,-276,-311,78
U,1,559,608,919,496,2619,1,1,1,1,1,0,16536,4772,-5336,-421,-329,329
U,1,473,629,955,496,2623,1,1,1,1,1,0,16572,4532,-5172,-251,-497,384
U,1,492,623,970,491,2604,1,1,1,1,1,0,16532,4556,-5444,-415,47,176
U,1,462,620,971,471,2590,1,1,1,1,1,0,16956,4832,-5488,-716,-240,397
U,1,499,623,948,467,2599,1,1,1,1,1,0,16972,4740,-5528,-509,637,66
U,1,445,592,1003,511,2603,1,1,1,1,1,0,16888,4628,-4956,-1033,-56,196
U,1,448,626,994,492,2589,1,1,1,1,1,0,17184,4680,-4868,-377,325,-232
U,1,488,625,954,501,2609,1,1,1,1,1,0,16856,4420,-4820,-521,-685,-236
U,1,485,651,979,493,2609,1,1,1,1,1,0,16916,4748,-5536,91,-1285,-320
U,1,448,574,1082,481,2380,1,1,1,1,1,0,16512,4816,-6084,-773,-828,-183
U,1,528,603,921,495,2602,1,1,1,1,1,0,16408,4760,-5456,-593,-536,10
U,1,451,597,1000,505,2559,1,1,1,1,1,0,16556,4640,-4720,-677,178,-235
U,1,469,633,971,483,2605,1,1,1,1,1,0,16372,4700,-4712,-860,-322,-92
U,1,468,641,998,506,2590,1,1,1,1,1,0,16720,5052,-5128,454,19,-137
U,1,468,635,1006,509,2598,1,1,1,1,1,0,16612,4940,-5552,-149,170,179
U,1,357,745,1023,487,2593,1,1,1,1,1,0,16736,5156,-5376,46,-98,371
U,1,393,612,1015,507,2581,1,1,1,1,1,0,16896,4740,-5264,-431,-94,497
U,1,487,718,976,506,2587,1,1,1,1,1,0,16792,4408,-5132,-403,-382,327
U,1,481,617,976,509,2605,1,1,1,1,1,0,16800,4500,-5164,-332,-746,121
U,1,455,643,975,486,2606,1,1,1,1,1,0,16888,5012,-5388,-374,-368,151
U,1,441,559,1050,619,2618,1,1,1,1,1,0,17032,4696,-5248,-267,-331,232
U,1,445,591,973,538,2591,1,1,1,1,1,0,16956,4712,-5436,-243,-167,146
U,1,461,635,927,511,2611,1,1,1,1,1,0,16796,4416,-5248,-166,154,-135
U,1,488,635,945,490,2602,1,1,1,1,1,0,16820,4544,-5080,-225,-316,-127
U,1,464,601,972,488,2597,1,1,1,1,1,0,16560,4696,-5172,-256,-147,-163
U,1,567,624,983,538,2618,1,1,1,1,1,0,16384,4928,-5312,-161,-526,14
U,1,476,605,897,509,2599,1,1,1,1,1,0,16496,5048,-5436,-356,-418,414
U,1,410,662,996,630,2539,1,1,1,1,1,0,16844,4464,-5276,-683,-440,510
U,1,466,610,928,502,2609,1,1,1,1,1,0,17000,4672,-5720,-1284,-893,714
U,1,461,628,945,473,2601,1,1,1,1,1,0,16800,4560,-5504,-243,-351,250
U,1,373,663,1009,532,2683,1,1,1,1,1,0,16908,4404,-5704,-330,-176,66
U,1,546,594,931,495,2581,1,1,1,1,1,0,16688,4628,-5468,-490,-20,267
U,1,398,626,1008,564,2583,1,1,1,1,1,0,16696,4548,-5544,-226,-113,269
U,1,476,621,930,495,2605,1,1,1,1,1,0,16700,4680,-5468,-377,-101,499
U,1,466,613,919,496,2593,1,1,1,1,1,0,16660,4508,-5572,-369,-253,782
U,1,511,614,927,496,2528,1,1,1,1,1,0,16292,4096,-5404,-519,-385,512
U,1,372,703,960,476,2579,1,1,1,1,1,0,17360,4460,-5308,-482,-436,56
U,1,500,556,838,561,2640,1,1,1,1,1,0,16948,4316,-5300,-738,-505,-87
U,1,425,626,966,493,2603,1,1,1,1,1,0,17004,4172,-5504,-211,-747,-244
U,1,493,622,922,492,2606,1,1,1,1,1,0,16592,4340,-5732,-713,-391,-6
U,1,443,631,921,500,2227,1,1,1,1,1,0,16768,4700,-5600,-355,-221,143
U,1,464,612,706,492,2609,1,1,1,1,1,0,16616,4496,-5484,-763,117,476
U,1,493,572,901,497,2602,1,1,1,1,1,0,16748,4212,-5428,-415,-215,490
U,1,465,656,947,496,2599,1,1,1,1,1,0,16836,4048,-5436,-526,-373,501
U,1,468,622,913,491,2607,1,1,1,1,1,0,16652,4116,-5620,-265,-608,188
U,1,466,621,941,496,2591,1,1,1,1,1,0,16660,4492,-5788,-204,-561,-80
U,1,462,605,928,464,2583,1,1,1,1,1,0,16416,4724,-6040,-374,-294,528
U,1,431,741,896,431,2597,1,1,1,1,1,0,16912,4348,-5892,-376,157,744
U,1,464,615,922,474,2591,1,1,1,1,1,0,17072,4044,-5180,-608,331,480
U,1,454,624,951,485,2598,1,1,1,1,1,0,17300,3784,-5104,-342,-527,198
U,1,464,640,974,498,2589,1,1,1,1,1,0,16972,3884,-5684,-446,-940,-241
U,1,453,595,931,483,2627,1,1,1,1,1,0,16768,4136,-5784,-278,-438,-429
U,1,400,555,1068,431,2583,1,1,1,1,1,0,16360,4260,-5596,-456,-482,-234
U,1,532,602,915,483,2591,1,1,1,1,1,0,16312,4228,-5464,-610,-303,-269
U,1,467,626,947,475,2587,1,1,1,1,1,0,16816,4644,-5864,-570,-988,39
U,1,471,640,932,496,2607,1,1,1,1,1,0,16856,4328,-6044,-775,-204,-86
U,1,461,641,1136,592,2598,1,1,1,1,1,0,17116,4116,-5900,-551,-245,-125
U,1,550,594,881,553,2731,1,1,1,1,1,0,16976,4208,-5876,-314,254,-387
U,1,490,683,881,451,2613,1,1,1,1,1,0,16588,4040,-5848,-302,-213,-723
U,1,460,592,944,465,2590,1,1,1,1,1,0,16712,4596,-5732,-488,56,-730
U,1,464,624,948,470,2586,1,1,1,1,1,0,16372,4700,-5368,-524,440,-497
U,1,472,582,917,474,2608,1,1,1,1,1,0,16324,4848,-5240,-47,208,59
U,1,496,629,880,583,2615,1,1,1,1,1,0,16484,4656,-5384,-113,140,584
U,1,346,588,919,491,2559,1,1,1,1,1,0,16784,4736,-5492,-513,-460,660
U,1,466,624,903,419,2601,1,1,1,1,1,0,16956,4460,-5780,-139,-414,220
V,1,464,608,955,507,2609,1,1,1,1,1,1,16012,7212,-5084,206,-171,-442
V,1,473,609,963,525,2606,1,1,1,1,1,1,15532,7248,-5424,-327,-414,-247
V,1,471,624,956,510,2615,1,1,1,1,1,1,15632,7412,-5284,-301,-53,-299
V,1,509,593,941,526,2610,1,1,1,1,1,1,15780,7204,-5048,397,-39,-321
V,1,496,628,938,510,2590,1,1,1,1,1,1,15652,7152,-5420,-194,-340,-219
V,1,482,611,947,498,2609,1,1,1,1,1,1,15516,7396,-5360,-286,-242,-562
V,1,481,620,923,505,2608,1,1,1,1,1,1,15684,7288,-4980,288,-35,-775
V,1,483,615,943,496,2619,1,1,1,1,1,1,15540,7304,-5460,277,-598,-771
V,1,496,601,917,496,2630,1,1,1,1,1,1,15500,7584,-5516,-290,-487,-350
V,1,457,592,955,492,2581,1,1,1,1,1,1,15460,7624,-5648,575,-523,-671
V,1,481,611,916,492,2622,1,1,1,1,1,1,15288,7572,-5824,-43,102,-869
V,1,475,624,933,496,2601,1,1,1,1,1,1,15304,8000,-5584,-648,63,-215
V,1,481,620,923,497,2606,1,1,1,1,1,1,15212,7700,-5492,-346,-5,-119
V,1,483,609,929,496,2608,1,1,1,1,1,1,15384,7720,-5408,-863,228,-248
V,1,468,611,916,523,2608,1,1,1,1,1,1,15276,7848,-5396,-286,-52,60
V,1,466,609,921,499,2614,1,1,1,1,1,1,15296,8068,-5476,-451,124,187
V,1,469,616,921,496,2618,1,1,1,1,1,1,15276,7852,-5540,-407,131,303
V,1,481,619,937,505,2608,1,1,1,1,1,1,15228,7860,-5300,-656,168,326
V,1,471,617,922,496,2608,1,1,1,1,1,1,15404,7828,-5200,-422,117,381
V,1,491,625,928,481,2608,1,1,1,1,1,1,15500,7820,-5252,-586,58,632
V,1,473,599,922,496,2606,1,1,1,1,1,1,15484,7756,-5200,-774,19,774
V,1,464,607,928,503,2610,1,1,1,1,1,1,15512,7508,-5604,-615,150,756
V,1,464,619,933,496,2614,1,1,1,1,1,1,15652,7648,-5136,-734,308,830
V,1,465,621,926,502,2608,1,1,1,1,1,1,15696,7508,-5348,-1160,283,1144
V,1,490,647,942,479,2594,1,1,1,1,1,1,15724,7380,-5436,-325,906,1025
V,1,481,623,948,495,2608,1,1,1,1,1,1,15444,6984,-5560,-259,1594,714
V,1,470,623,946,498,2607,1,1,1,1,1,1,15720,7480,-4900,-695,2057,592
V,1,479,608,944,511,2606,1,1,1,1,1,1,16188,7076,-4240,-781,1557,1001
V,1,470,625,944,511,2625,1,1,1,1,1,1,16128,6648,-4080,-2079,851,1559
V,1,485,555,960,542,2619,1,1,1,1,1,1,16392,7508,-3680,-1467,1449,1165
V,1,511,611,909,508,2626,1,1,1,1,1,1,16640,7348,-3444,153,1176,1602
V,1,475,606,944,511,2614,1,1,1,1,1,1,16816,6928,-3424,521,428,2435
V,1,479,613,943,508,2615,1,1,1,1,1,1,16708,5764,-3632,-626,-41,2661
V,1,467,623,938,511,2610,1,1,1,1,1,1,17152,5264,-2896,-858,300,1279
V,1,544,695,907,511,2608,1,1,1,1,1,1,17044,5088,-3220,-528,-311,-321
V,1,448,608,973,511,2605,1,1,1,1,1,1,16972,5900,-3236,-582,-352,-1057
V,1,487,624,944,510,2609,1,1,1,1,1,1,16832,6120,-3608,24,-723,-801
V,1,487,624,954,503,2609,1,1,1,1,1,1,16476,6028,-3964,-689,-1026,-326
V,1,475,609,944,523,2623,1,1,1,1,1,1,16488,5988,-4168,-1228,-339,-670
V,1,410,575,955,523,2599,1,1,1,1,1,1,16648,6332,-3784,-743,-821,-736
V,1,524,675,874,528,2618,1,1,1,1,1,1,16468,6476,-4040,-380,-388,-893
V,1,475,614,970,528,2608,1,1,1,1,1,1,16388,6816,-4304,457,-77,-1296
V,1,485,613,944,506,2599,1,1,1,1,1,1,16164,7004,-4296,702,-312,-534
V,1,473,623,966,511,2605,1,1,1,1,1,1,16116,7244,-4032,306,-232,8
V,1,489,617,950,500,2624,1,1,1,1,1,1,16180,7600,-3948,-297,-11,377
V,1,467,580,966,531,2609,1,1,1,1,1,1,16340,7380,-3452,-369,-241,779
V,1,484,602,934,496,2615,1,1,1,1,1,1,15944,7212,-4220,-70,-591,1258
V,1,474,617,957,511,2586,1,1,1,1,1,1,16100,6532,-4360,208,610,372
V,1,471,624,957,509,2613,1,1,1,1,1,1,16380,6024,-4664,141,335,404
V,1,470,628,952,530,2608,1,1,1,1,1,1,16460,6476,-4372,-683,1025,536
V,1,432,621,951,527,2595,1,1,1,1,1,1,16652,5960,-3772,-584,2005,229
V,1,494,612,934,502,2621,1,1,1,1,1,1,17068,5956,-2776,-1245,1531,99
V,1,483,620,943,503,2606,1,1,1,1,1,1,17452,6096,-2268,-1136,-132,26
V,1,469,622,951,511,2609,1,1,1,1,1,1,17120,6224,-2204,-1947,-901,96
V,1,464,609,923,507,2606,1,1,1,1,1,1,17172,6716,-2644,-522,-1103,-384
V,1,486,614,966,486,2598,1,1,1,1,1,1,16588,6684,-3760,189,-1438,-335
V,1,489,574,928,554,2663,1,1,1,1,1,1,15988,6552,-4508,-804,-1219,-59
V,1,467,599,972,525,2608,1,1,1,1,1,1,16384,7092,-3840,-136,-137,-392
V,1,482,624,961,525,2603,1,1,1,1,1,1,16372,6348,-3840,-90,-696,112
V,1,471,624,946,522,2608,1,1,1,1,1,1,16368,7012,-3552,-992,-740,472
V,1,453,624,976,511,2608,1,1,1,1,1,1,16368,6852,-3716,-494,-351,273
V,1,510,608,931,501,2613,1,1,1,1,1,1,16504,6716,-3932,-714,-531,359
V,1,469,621,945,511,2608,1,1,1,1,1,1,16760,6504,-3580,-343,-607,258
V,1,481,609,952,523,2615,1,1,1,1,1,1,16524,6444,-3948,-1205,-1074,434
V,1,475,611,959,524,2608,1,1,1,1,1,1,16860,6716,-3792,-558,-551,321
V,1,462,607,944,530,2613,1,1,1,1,1,1,16296,6244,-4308,-15,-1063,498
V,1,438,626,960,500,2610,1,1,1,1,1,1,16224,6492,-4620,-112,-477,50
V,1,496,606,960,506,2597,1,1,1,1,1,1,16256,6260,-4500,-499,12,95
V,1,489,618,950,508,2610,1,1,1,1,1,1,16512,6240,-4136,-907,-58,377
V,1,478,625,949,511,2608,1,1,1,1,1,1,16412,6480,-3968,-703,58,-39
V,1,497,615,949,524,2629,1,1,1,1,1,1,16392,6644,-4060,-618,188,-3
V,1,481,611,978,538,2596,1,1,1,1,1,1,16292,6696,-4124,-584,101,406
V,1,464,607,933,509,2623,1,1,1,1,1,1,16516,6212,-4076,-142,629,13
V,1,473,629,961,511,2609,1,1,1,1,1,1,16564,6260,-4292,-750,354,113
V,1,464,619,944,511,2608,1,1,1,1,1,1,16684,6344,-3688,-808,782,-37
V,1,479,626,963,523,2607,1,1,1,1,1,1,16732,6248,-3232,-286,426,-282
V,1,487,578,969,535,2608,1,1,1,1,1,1,16780,6328,-3084,-505,-315,10
V,1,447,635,965,502,2609,1,1,1,1,1,1,16624,7076,-3768,-313,-994,387
V,1,465,621,974,497,2613,1,1,1,1,1,1,16360,6532,-3520,-579,-2,246
V,1,469,611,951,523,2608,1,1,1,1,1,1,16616,6380,-3304,-129,-783,-33
V,1,464,623,956,511,2608,1,1,1,1,1,1,16420,6364,-3820,-695,-897,0
V,1,473,602,977,531,2611,1,1,1,1,1,1,16500,6444,-4096,-501,-376,6
V,1,448,610,971,564,2590,1,1,1,1,1,1,16528,6424,-4064,-586,-295,85
V,1,479,602,955,523,2608,1,1,1,1,1,1,16428,6512,-4196,-289,-213,-113
V,1,476,613,976,522,2608,1,1,1,1,1,1,16428,6732,-4052,-522,-13,120
V,1,493,615,957,511,2608,1,1,1,1,1,1,16652,6528,-3728,-201,136,200
V,1,476,624,962,541,2632,1,1,1,1,1,1,16752,6648,-3456,-654,-292,501
V,1,464,582,973,533,2613,1,1,1,1,1,1,16516,6664,-3488,-205,-293,387
V,1,479,624,964,528,2608,1,1,1,1,1,1,16524,6440,-3884,-891,-223,681
V,1,476,608,956,511,2609,1,1,1,1,1,1,16872,6044,-3764,69,-442,454
V,1,474,615,967,524,2614,1,1,1,1,1,1,16408,5916,-4016,-821,-238,488
V,1,448,621,948,511,2609,1,1,1,1,1,1,16536,6040,-3776,-273,-340,304
V,1,495,613,931,525,2651,1,1,1,1,1,1,16864,6024,-3444,-135,131,-155
V,1,466,623,965,511,2608,1,1,1,1,1,1,16628,6168,-3876,-552,-300,-108
V,1,476,610,958,511,2617,1,1,1,1,1,1,16792,6276,-3708,-480,-156,-94
V,1,481,610,961,525,2614,1,1,1,1,1,1,16676,6312,-3712,-474,-348,-59
V,1,493,622,955,531,2606,1,1,1,1,1,1,16716,6368,-3424,-560,-267,-79
V,1,496,643,939,535,2591,1,1,1,1,1,1,16596,6376,-3876,-309,-397,-111
V,1,470,601,985,511,2587,1,1,1,1,1,1,16608,6360,-3840,-441,-481,-72
V,1,475,623,944,528,2599,1,1,1,1,1,1,16640,5900,-3756,-602,-815,-231
V,1,481,615,961,523,2626,1,1,1,1,1,1,16412,6380,-3924,-827,-400,-363
V,1,483,624,957,508,2608,1,1,1,1,1,1,16316,6792,-4120,-30,-251,-538
V,1,496,603,963,501,2624,1,1,1,1,1,1,16228,6776,-4236,-353,-63,-219
V,1,442,607,1038,556,2555,1,1,1,1,1,1,16464,6856,-3948,-294,-159,5
V,1,487,611,944,511,2605,1,1,1,1,1,1,16584,6624,-3784,-25,-112,-39
V,1,465,617,975,511,2611,1,1,1,1,1,1,16516,6524,-3860,-244,-129,-68
V,1,482,618,964,497,2619,1,1,1,1,1,1,16652,6484,-3568,-315,-23,-214
V,1,466,634,962,505,2625,1,1,1,1,1,1,16660,6388,-3852,-246,-642,-200
V,1,511,670,867,511,2613,1,1,1,1,1,1,16544,6720,-4052,-914,-429,-231
V,1,502,611,970,509,2613,1,1,1,1,1,1,16260,6904,-4084,-891,-507,1
V,1,477,624,953,510,2612,1,1,1,1,1,1,16112,6776,-4140,-388,-459,-45
V,1,467,615,956,498,2609,1,1,1,1,1,1,16308,6844,-4188,-431,-309,131
V,1,481,608,950,526,2642,1,1,1,1,1,1,16244,6800,-4120,36,-203,4
V,1,482,641,944,495,2608,1,1,1,1,1,1,16324,6604,-3884,-451,-274,208
V,1,487,619,976,496,2607,1,1,1,1,1,1,16536,6788,-3924,-330,-432,134
V,1,490,624,958,511,2619,1,1,1,1,1,1,16404,6692,-4368,-474,-231,52
V,1,449,623,951,498,2612,1,1,1,1,1,1,16292,6660,-4372,-603,-260,166
V,1,486,619,957,501,2626,1,1,1,1,1,1,16216,6780,-4376,-281,112,71
V,1,496,631,949,496,2608,1,1,1,1,1,1,16300,6712,-4124,-599,16,336
V,1,431,627,970,509,2605,1,1,1,1,1,1,16436,6648,-3796,-268,277,-11
V,1,467,623,962,511,2611,1,1,1,1,1,1,16488,6608,-3820,-516,-153,205
V,1,469,605,958,503,2613,1,1,1,1,1,1,16440,6768,-3856,-603,-191,171
V,1,505,619,944,498,2611,1,1,1,1,1,1,16352,6580,-3996,-712,-272,240
V,1,402,605,953,499,2595,1,1,1,1,1,1,16464,6372,-3680,-1001,-701,166
V,1,504,634,944,463,2630,1,1,1,1,1,1,16164,6700,-4180,-1836,-701,508
V,1,475,610,953,511,2609,1,1,1,1,1,1,16216,6968,-4136,-766,-496,288
V,1,475,611,958,511,2607,1,1,1,1,1,1,16460,6400,-4060,-273,-354,-12
V,1,465,621,949,508,2605,1,1,1,1,1,1,16460,6644,-4136,-710,-722,199
V,1,492,619,983,486,2637,1,1,1,1,1,1,16340,6824,-4052,-296,-460,65
V,1,461,627,960,507,2609,1,1,1,1,1,1,16284,6560,-4444,-760,-485,423
V,1,489,634,949,508,2605,1,1,1,1,1,1,16324,6516,-4468,-154,-148,73
V,1,464,622,949,507,2615,1,1,1,1,1,1,16280,6228,-4332,-552,-72,147
V,1,474,614,943,492,2607,1,1,1,1,1,1,16316,6416,-4012,-350,-51,-129
V,1,430,619,967,506,2595,1,1,1,1,1,1,16284,6644,-4100,95,156,-507
V,1,526,624,912,506,2626,1,1,1,1,1,1,16372,6796,-3972,-514,-150,-50
V,1,478,592,973,511,2607,1,1,1,1,1,1,16048,7352,-4252,393,-62,-23
V,1,495,620,944,496,2617,1,1,1,1,1,1,16172,7016,-4116,-143,0,379
V,1,478,621,957,503,2607,1,1,1,1,1,1,16596,7116,-3784,-610,-16,572
V,1,496,620,902,465,2623,1,1,1,1,1,1,16696,6736,-3572,-56,-348,931
V,1,469,635,949,484,2601,1,1,1,1,1,1,16592,5820,-3960,-1614,-418,1025
V,1,485,598,930,491,2613,1,1,1,1,1,1,16804,6204,-4036,-1621,-900,489
V,1,482,620,930,501,2613,1,1,1,1,1,1,16560,6444,-4064,-921,-881,265
V,1,464,624,946,507,2612,1,1,1,1,1,1,16388,6200,-4488,-230,-1042,283
V,1,489,625,941,496,2609,1,1,1,1,1,1,16128,5996,-4744,-739,-554,-72
V,1,470,592,986,511,2634,1,1,1,1,1,1,16352,6324,-4624,-612,182,-379
V,1,462,635,945,492,2608,1,1,1,1,1,1,16596,6268,-3420,-241,347,-771
V,1,487,618,933,497,2610,1,1,1,1,1,1,16524,6832,-3808,-638,-91,-583
V,1,469,624,944,523,2609,1,1,1,1,1,1,16540,6872,-4116,-112,-452,-468
V,1,475,616,922,501,2614,1,1,1,1,1,1,16272,7096,-4172,221,-279,-405
V,1,487,608,949,510,2602,1,1,1,1,1,1,16312,7036,-3972,565,-126,-448
V,1,473,597,926,530,2619,1,1,1,1,1,1,16392,6996,-4232,-401,-761,-21
V,1,455,627,907,474,2617,1,1,1,1,1,1,16264,7096,-4032,-719,-960,442
V,1,476,624,923,494,2609,1,1,1,1,1,1,16148,6792,-4720,86,-508,401
V,1,480,620,894,492,2608,1,1,1,1,1,1,16056,6536,-4776,-509,-571,794
V,1,495,595,883,496,2611,1,1,1,1,1,1,16212,6468,-4408,234,-430,320
V,1,434,659,991,407,2619,1,1,1,1,1,1,16236,6316,-4708,560,-267,162
V,1,507,614,891,496,2604,1,1,1,1,1,1,16260,6232,-4768,229,-159,59
V,1,467,622,873,496,2615,1,1,1,1,1,1,16348,6252,-4616,-91,116,-154
V,1,475,623,880,486,2617,1,1,1,1,1,1,16484,6360,-4520,397,73,-239
V,1,485,616,889,471,2593,1,1,1,1,1,1,16336,6460,-4644,1485,-163,-689
V,1,436,614,902,496,2583,1,1,1,1,1,1,16452,6556,-4616,-3,-238,-498
V,1,467,631,890,463,2586,1,1,1,1,1,1,16224,6548,-4660,-1514,-443,-19
V,1,482,619,880,479,2608,1,1,1,1,1,1,16144,6500,-4544,-2659,-697,285
V,1,473,629,879,490,2606,1,1,1,1,1,1,16144,6992,-4552,-3233,-945,776
V,1,483,577,757,480,2608,1,1,1,1,1,1,15832,6868,-4900,-1840,-862,752
V,1,497,657,831,458,2621,1,1,1,1,1,1,16324,6660,-4368,-811,-214,122
V,1,455,626,891,471,2614,1,1,1,1,1,1,16228,6324,-4584,-886,-566,-70
V,1,468,624,871,489,2611,1,1,1,1,1,1,16348,6912,-4364,-975,-467,-147
V,1,471,624,879,489,2613,1,1,1,1,1,1,16240,6816,-4600,-417,-557,-182
V,1,481,626,879,486,2609,1,1,1,1,1,1,16136,6996,-5032,-980,-557,318
V,1,468,624,877,511,2608,1,1,1,1,1,1,16084,6928,-4900,-241,-311,135
V,1,489,630,887,469,2614,1,1,1,1,1,1,16068,6508,-5036,48,-147,101
V,1,486,615,880,493,2613,1,1,1,1,1,1,16016,6564,-4644,-996,174,303
V,1,487,624,881,480,2610,1,1,1,1,1,1,16244,6668,-4520,86,456,-433
V,1,473,631,870,489,2608,1,1,1,1,1,1,16028,6860,-4576,-685,395,151
V,1,501,610,860,490,2624,1,1,1,1,1,1,15860,7072,-4520,-204,266,298
V,1,447,613,901,483,2599,1,1,1,1,1,1,16108,6872,-4344,-245,367,452
V,1,496,624,879,490,2607,1,1,1,1,1,1,16480,6648,-4060,-1289,227,820
V,1,489,624,878,489,2603,1,1,1,1,1,1,16692,6408,-3824,-810,58,618
V,1,486,625,885,484,2617,1,1,1,1,1,1,16772,6196,-3804,-652,-381,362
V,1,453,558,991,537,2607,1,1,1,1,1,1,16616,6608,-3876,-805,-711,249
V,1,530,622,842,481,2628,1,1,1,1,1,1,16440,6580,-4320,-111,-702,-162
V,1,467,615,891,478,2610,1,1,1,1,1,1,16344,6124,-4404,-1496,-1251,116
V,1,487,621,885,487,2607,1,1,1,1,1,1,16296,7084,-4472,-1138,-814,186
V,1,485,622,873,489,2614,1,1,1,1,1,1,16100,6184,-5136,-356,-1189,355
V,1,485,626,860,474,2631,1,1,1,1,1,1,15836,6340,-5568,-1072,-657,158
V,1,474,624,910,497,2592,1,1,1,1,1,1,16004,6260,-4928,-306,681,-761
V,1,511,635,829,462,2626,1,1,1,1,1,1,16356,6416,-4260,203,743,-1358
V,1,478,623,880,496,2619,1,1,1,1,1,1,16308,7128,-4188,-350,414,-1078
V,1,483,624,875,482,2614,1,1,1,1,1,1,16064,7752,-4312,-88,74,-806
V,1,474,558,897,565,2607,1,1,1,1,1,1,16176,7504,-4072,-522,-235,-146
V,1,534,601,881,487,2635,1,1,1,1,1,1,16032,7616,-4548,-1126,-870,1170
V,1,436,629,962,494,2603,1,1,1,1,1,1,16196,7192,-4284,-944,-289,1056
V,1,487,624,849,489,2615,1,1,1,1,1,1,16240,6300,-4368,346,-908,294
V,1,479,630,873,486,2615,1,1,1,1,1,1,16052,6200,-4528,-649,-1151,75
V,1,487,631,870,483,2616,1,1,1,1,1,1,16328,6872,-4536,-612,-845,283
V,1,409,547,907,478,2608,1,1,1,1,1,1,16088,6496,-4840,-552,-808,430
V,1,560,703,798,502,2618,1,1,1,1,1,1,15772,6552,-5156,-535,-562,-28
V,1,483,617,873,493,2602,1,1,1,1,1,1,15732,7112,-5408,132,190,-589
V,1,473,623,890,480,2603,1,1,1,1,1,1,15624,7300,-5516,-595,557,70
W,1,47,1555,796,455,2670,1,1,0,1,1,1,17236,5344,-5100,-1425,216,-1111
W,1,390,1573,858,433,2638,1,1,0,1,1,1,16908,5656,-5176,-2542,-34,341
W,1,338,1597,865,403,2608,1,0,0,1,1,1,16736,4752,-4936,-699,278,60
W,1,261,1562,965,468,2653,1,1,0,1,1,1,16552,4940,-4712,-1189,18,-567
W,1,465,1466,784,491,2619,1,1,0,1,1,1,16616,5556,-4556,-70,182,-377
W,1,171,1615,863,439,2559,1,1,0,1,1,1,16556,5200,-4820,-147,55,-160
W,1,325,1555,829,447,2597,1,1,0,1,1,1,16684,5364,-5052,-335,-287,-321
W,1,318,1568,839,426,2609,1,1,0,1,1,1,16820,5132,-4596,31,-153,-153
W,1,301,1535,831,483,2626,1,1,0,1,1,1,16936,4860,-4936,24,-274,-312
W,1,386,1649,818,323,2602,1,1,0,1,1,1,16572,5152,-5092,-4,-317,-438
W,1,206,1491,998,497,2539,1,1,0,1,1,1,16536,5308,-5020,642,-216,-605
W,1,279,1578,975,425,2591,1,1,0,1,1,1,16604,5660,-5448,-17,-335,-478
W,1,287,1599,862,445,2608,1,1,0,1,1,1,16164,5372,-5712,-746,-381,-237
W,1,414,1535,755,534,2610,1,1,0,1,1,1,16292,5392,-5036,-1915,171,-374
W,1,418,1571,965,240,2674,1,1,0,1,1,1,16976,5868,-4400,-1793,-387,-169
W,1,288,1475,871,576,2592,1,1,0,1,1,1,16776,5336,-5300,-1789,-876,67
W,1,362,1566,833,397,2598,1,1,0,1,1,1,16520,5248,-5136,-206,-138,-218
W,1,352,1568,830,411,2617,1,1,0,1,1,1,16332,5424,-6504,-341,643,-1352
W,1,400,1557,832,432,2610,1,1,0,1,1,1,16264,6332,-5596,-254,1645,-757
W,1,114,1434,1097,407,2640,1,1,0,1,1,1,16312,6756,-5032,-1052,1533,-459
W,1,432,1472,798,465,2601,1,1,0,1,1,1,16436,6612,-3332,-232,1860,-665
W,1,261,1583,903,424,2588,1,1,0,1,1,1,16848,6120,-2920,-7,582,-421
W,1,423,1535,818,469,2619,1,1,0,1,1,1,16588,6284,-3412,82,-136,-4
W,1,402,1623,838,426,2627,1,1,0,1,1,1,16680,6380,-3936,145,-268,326
W,1,349,1504,875,423,2612,1,0,0,1,1,1,16436,5832,-4240,195,-1035,389
W,1,485,1535,724,359,2678,1,1,0,1,1,1,16596,5528,-3988,783,86,-331
W,1,327,1600,831,479,2588,1,1,0,1,1,1,17468,5360,-4576,1239,-301,-784
W,1,386,1505,835,481,2630,1,1,0,1,1,1,16516,5848,-6136,249,-788,104
W,1,340,1510,846,477,2608,1,1,0,1,1,1,16020,5832,-5988,990,704,-340
W,1,367,1526,877,426,2601,1,0,0,1,1,1,16324,6236,-5544,391,944,-1236
W,1,258,1462,962,468,2529,1,1,0,1,1,1,16072,7212,-5224,-1922,748,-353
W,1,341,1558,891,450,2559,1,1,0,1,1,1,15640,6732,-3764,-1918,90,478
W,1,269,1485,880,391,2583,1,1,0,1,1,1,17832,5964,-2536,-1623,1045,773
W,1,309,1476,860,315,2626,1,1,0,1,1,1,17556,5652,-2664,987,225,125
W,1,441,1430,667,442,2598,1,0,0,1,1,1,16424,6148,-4068,320,-1104,-400
W,1,526,1503,672,453,2583,1,1,0,1,1,1,15780,6580,-4128,1651,-432,-321
W,1,202,1517,944,445,2598,1,1,0,1,1,1,16584,6308,-4804,662,-456,242
W,1,301,1433,848,442,2592,1,1,0,1,1,1,16500,5832,-3992,655,-400,69
W,1,363,1422,895,464,2582,1,1,0,1,1,1,16648,6076,-4352,936,18,124
W,1,318,1385,830,367,2612,1,0,0,1,1,1,16936,5300,-4612,68,-701,337
W,1,257,1423,852,388,2544,1,1,0,1,1,1,16792,5492,-4816,468,-746,-459
W,1,545,1150,852,574,2603,1,0,0,1,1,1,16500,6276,-4868,234,-1022,-193
W,1,387,1392,843,379,2620,1,1,0,1,1,1,16220,5892,-5884,297,-382,203
W,1,297,1387,912,379,2559,1,1,0,1,1,1,16384,6020,-4800,125,478,136
W,1,400,1359,810,354,2639,1,1,0,1,1,1,16576,5836,-4592,-170,-191,14
W,1,304,1426,875,336,2597,1,1,0,1,1,1,16308,6128,-4948,-1011,-516,361
W,1,458,1403,782,304,2629,1,1,0,1,1,1,16348,6040,-5224,-439,8,474
W,1,437,1407,831,384,2608,1,1,0,1,1,1,16372,6052,-5464,-1051,217,628
W,1,380,1389,815,372,2624,1,1,0,1,1,1,16572,5660,-5032,-621,805,382
W,1,362,1392,849,382,2608,1,0,0,1,1,1,16660,5240,-4476,-579,599,557
W,1,554,1275,720,415,2596,1,1,0,1,1,1,16540,5424,-3224,-924,745,76
W,1,319,1509,880,294,2543,1,1,0,1,1,1,17256,5684,-3064,342,215,-732
W,1,498,1328,836,494,2598,1,1,0,1,1,1,16912,6108,-3584,-204,-1215,-355
W,1,371,1422,867,385,2591,1,1,0,1,1,1,16544,6384,-5432,529,-723,46
W,1,400,1385,846,382,2626,1,1,0,1,1,1,16424,5624,-6380,-754,-59,471
W,1,426,1392,809,383,2596,1,1,0,1,1,1,16692,5364,-4928,-534,930,-175
W,1,599,1209,928,379,2615,1,1,0,1,1,1,16760,5792,-3980,575,704,-120
W,1,241,1470,885,382,2617,1,1,0,1,1,1,16460,5484,-3624,1035,290,-93
W,1,378,1401,863,448,2597,1,1,0,1,1,1,16408,5740,-4136,303,-35,-161
W,1,307,1379,880,428,2593,1,1,0,1,1,1,16592,6036,-4612,165,-172,-211
W,1,347,1328,849,493,2606,1,1,0,1,1,1,16608,6024,-4684,-108,-210,175
W,1,176,1444,816,411,2598,1,1,0,1,1,1,16776,5828,-4596,-741,-196,453
W,1,531,1162,735,618,2738,1,1,0,1,1,1,16980,5308,-4724,-832,-650,176
W,1,295,1409,905,415,2608,1,1,0,1,1,1,16664,5712,-4216,-1558,-582,356
W,1,320,1359,835,425,2634,1,1,0,1,1,1,16472,6272,-3860,-539,-335,435
W,1,314,1381,845,443,2606,1,1,0,1,1,1,16472,5508,-4160,-940,-765,425
W,1,285,1371,873,503,2606,1,1,0,1,1,1,16808,5668,-4340,-1113,-947,435
W,1,432,1423,720,303,2677,1,1,0,1,1,1,16476,5672,-5264,-944,-829,264
W,1,386,1405,811,368,2634,1,1,0,1,1,1,16576,6020,-5380,-1370,-586,540
W,1,388,1415,859,426,2632,1,1,0,1,1,1,16312,6076,-5112,-1790,-235,968
W,1,326,1427,877,439,2614,1,1,0,1,1,1,16324,6280,-4184,-2042,-480,1439
W,1,340,1414,816,462,2624,1,1,0,1,1,1,16816,6108,-4148,-2541,-908,2370
W,1,251,1535,941,384,2559,1,1,0,1,1,1,17232,4772,-3420,-1755,-2779,3651
W,1,263,1520,781,394,2640,1,1,0,1,1,1,17372,3500,-5700,-3363,-2003,2433
W,1,347,1556,877,333,2626,1,1,0,1,1,1,16620,5100,-5112,-4892,-2336,1230
W,1,373,1619,889,400,2608,1,1,0,1,1,1,16384,5088,-5476,-484,-97,671
W,1,380,1602,864,426,2604,1,0,0,1,1,1,16256,6488,-6172,-1213,480,1062
W,1,762,1426,818,282,2627,1,1,0,1,1,1,15952,7396,-6380,6670,2766,2973
W,1,238,1608,910,411,2591,1,1,0,1,1,1,17588,2376,-6320,13418,8288,1498
W,1,325,1517,894,399,2608,1,1,0,1,1,1,18536,532,-4496,7933,6464,834
W,1,365,1598,912,377,2591,1,1,0,1,1,1,18328,1376,-3120,-2269,2703,2
W,1,320,1535,887,353,2595,1,1,0,1,1,1,18104,3184,-1632,-4199,575,-32
W,1,248,1703,927,273,2610,1,1,0,1,1,1,17784,3532,-1856,-3818,-52,-492
W,1,397,1467,827,356,2637,1,1,0,1,1,1,17540,3272,-2492,-5291,-1981,-317
W,1,335,1584,908,421,2599,1,1,0,1,1,1,17696,4264,-2716,-9249,-2630,263
W,1,295,1584,949,459,2597,1,1,0,1,1,1,17292,5064,-2676,-5947,-3178,1211
W,1,336,1584,915,510,2587,1,0,0,1,1,1,17080,3820,-3980,-1478,-1247,659
W,1,301,1634,944,354,2581,1,1,0,1,1,1,17848,2976,-2716,-14339,-5104,1645
W,1,351,1488,941,602,2583,1,1,0,1,1,1,17524,5968,-528,-17509,-9393,2610
W,1,346,1583,941,390,2559,1,1,0,1,1,1,17684,4508,-3740,-8736,-9114,-868
W,1,272,1530,916,511,2601,1,1,0,1,1,1,14084,6976,-8548,-4406,-7073,-2651
W,1,400,1580,890,449,2601,1,0,0,1,1,1,15732,7340,-10516,10628,3131,2271
W,1,172,1447,938,426,2599,1,1,0,1,1,1,16824,1148,-7324,32228,13140,1824
W,1,620,1568,761,432,2678,1,1,0,1,1,1,18880,-964,-4060,26731,11890,-2954
W,1,273,1463,1040,426,2544,1,1,0,1,1,1,19472,-272,-2920,140,2969,-4417
W,1,275,1557,926,477,2618,1,1,0,1,1,1,17456,3064,-1996,-15133,-6476,-2091
W,1,300,1584,946,468,2611,1,1,0,1,1,1,16260,6112,-3652,-8265,-3289,-2188
W,1,422,1574,918,416,2603,1,1,0,1,1,1,16012,5768,-5288,1933,1641,-1041
W,1,302,1707,971,420,2597,1,1,0,1,1,1,17052,4684,-5036,322,2388,156
W,1,430,1607,912,502,2559,1,1,0,1,1,1,17544,4080,-3516,-1791,973,634
W,1,400,1645,915,431,2608,1,1,0,1,1,1,17548,3212,-3180,-886,-427,-294
W,1,319,1648,944,462,2613,1,1,0,1,1,1,17316,4128,-2936,-291,-148,-1003
W,1,395,1638,929,425,2609,1,1,0,1,1,1,16936,4132,-3488,591,223,-1357
W,1,178,1572,1194,464,2559,1,0,0,1,1,1,17256,4292,-3864,1323,788,-1250
W,1,674,1741,691,305,2810,1,1,0,1,1,1,16872,5124,-4404,4134,351,-1191
W,1,303,1625,992,496,2630,1,1,0,1,1,1,17188,4980,-4912,3591,1321,-618
W,1,307,1616,934,535,2594,1,1,0,1,1,1,17392,4716,-4176,-1163,135,637
W,1,334,1630,925,511,2559,1,1,0,1,1,1,17648,4000,-2916,-2510,-1005,1149
W,1,428,1447,858,688,2791,1,0,0,1,1,1,17488,3644,-3048,-2270,-1003,-225
W,1,274,1758,1017,332,2507,1,1,0,1,1,1,17528,3324,-3648,-4982,-2084,205
W,1,378,1589,926,546,2612,1,1,0,1,1,1,17132,5048,-2348,-14754,-6783,1957
W,1,295,1586,971,486,2618,1,1,0,1,1,1,16772,4944,-3712,-18423,-6342,1532
W,1,366,1578,925,484,2586,1,1,0,1,1,1,16276,7640,-3096,-16927,-8105,1722
W,1,362,1641,912,467,2591,1,1,0,1,1,1,16036,6968,-5124,-2101,-3684,1218
W,1,327,1520,992,570,2591,1,1,0,1,1,1,16936,4392,-6776,-2113,-1799,1187
W,1,435,1639,1015,534,2533,1,1,0,1,1,1,16884,4916,-6512,-2544,-2697,821
W,1,342,1600,986,511,2595,1,1,0,1,1,1,16856,4492,-5736,5216,1326,-1040
W,1,400,1626,923,496,2591,1,1,0,1,1,1,17064,3472,-5308,5753,1741,-2228
W,1,355,1602,950,511,2615,1,0,0,1,1,1,16596,4992,-4884,518,-105,-2523
W,1,566,1525,854,591,2609,1,1,0,1,1,1,15920,6740,-4752,841,-215,-1749
W,1,304,1669,976,397,2461,1,1,0,1,1,1,16220,6896,-5060,2212,707,-622
W,1,398,1588,909,527,2608,1,1,0,1,1,1,16164,6604,-5556,441,-988,489
W,1,390,1623,929,527,2610,1,1,0,1,1,1,16368,5880,-7316,434,-115,714
W,1,358,1612,913,543,2631,1,0,0,1,1,1,16504,4720,-6080,-558,653,643
W,1,272,1683,897,455,2586,1,1,0,1,1,1,16580,4916,-4484,522,1112,165
W,1,438,1438,880,705,2761,1,1,0,1,1,1,16700,4924,-4260,-330,765,-429
W,1,390,1609,954,507,2621,1,1,0,1,1,1,16436,5844,-4168,-159,-3,-295
W,1,307,1615,960,497,2581,1,1,0,1,1,1,16448,6764,-5080,4232,805,-43
W,1,320,1616,941,459,2610,1,0,0,1,1,1,16696,5852,-6052,8764,2741,187
W,1,464,1650,1063,399,2617,1,1,0,1,1,1,17248,4588,-6784,10736,3420,1024
W,1,478,1628,852,304,2688,1,1,0,1,1,1,16968,2852,-6696,12314,4097,-231
W,1,338,1631,923,448,2630,1,1,0,1,1,1,17520,2688,-5092,10159,4558,-1854
W,1,388,1626,918,414,2613,1,1,0,1,1,1,17012,2676,-3980,12929,4864,-2714
W,1,297,1611,953,425,2608,1,0,0,1,1,1,17152,2916,-3232,8528,3987,-3779
W,1,590,1712,767,431,2627,1,1,0,1,1,1,17140,4464,-3712,679,143,-2210
W,1,49,1584,1060,470,2544,1,1,0,1,1,1,17136,5016,-3468,556,268,-1877
W,1,464,1648,962,400,2677,1,1,0,1,1,1,17076,5072,-4532,1967,-219,-950
W,1,365,1633,995,501,2591,1,1,0,1,1,1,17020,4804,-5088,-80,-63,-144
W,1,402,1629,953,477,2642,1,1,0,1,1,1,16976,4412,-4940,572,616,405
W,1,270,1552,1111,541,2545,1,1,0,1,1,1,17160,4332,-4128,2733,1322,103
W,1,602,1612,817,442,2681,1,1,0,1,1,1,17464,3608,-3716,3120,1056,-185
W,1,327,1626,955,576,2511,1,1,0,1,1,1,17344,3448,-3952,847,281,-202
W,1,368,1616,971,526,2611,1,1,0,1,1,1,17160,4868,-3952,-164,-1035,600
W,1,320,1587,975,522,2602,1,0,0,1,1,1,16988,4072,-3924,2889,477,-122
W,1,411,1605,962,497,2588,1,1,0,1,1,1,17176,3136,-4796,-2475,-230,727
W,1,378,1583,1065,421,2547,1,0,0,1,1,1,17332,4220,-3544,-3433,-2405,2012
W,1,597,1535,849,474,2674,1,1,0,1,1,1,17188,3432,-4716,3022,272,707
W,1,310,1554,931,543,2582,1,1,0,1,1,1,17384,2716,-5116,694,-81,965
W,1,383,1627,926,495,2622,1,1,0,1,1,1,17296,3544,-3876,-1156,-824,900
W,1,422,1613,860,470,2594,1,1,0,1,1,1,17556,3364,-3032,-4970,-1544,1003
W,1,175,1559,1051,592,2485,1,0,0,1,1,1,17504,3932,-2908,-19329,-6565,3234
W,1,624,1577,700,473,2726,1,1,0,1,1,1,17020,3888,-3988,-26304,-10190,4284
W,1,303,1574,965,374,2624,1,1,0,1,1,1,16368,5160,-5868,-23901,-13716,4057
W,1,402,1535,950,419,2619,1,1,0,1,1,1,16056,4728,-6540,-18610,-11273,1965
W,1,395,1634,981,434,2613,1,1,0,1,1,1,15372,4700,-8960,-8315,-6711,944
W,1,511,1814,912,498,2615,1,1,0,1,1,1,15704,5064,-8284,-3768,-3696,-535
W,1,222,1731,1059,499,2543,1,1,0,1,1,1,15232,5236,-7144,-3090,-2858,-1287
W,1,483,1677,925,418,2641,1,1,0,1,1,1,15220,6420,-8156,175,-84,-1202
W,1,378,1712,927,511,2582,1,1,0,1,1,1,15936,5832,-7832,669,83,-1366
W,1,394,1712,895,470,2646,1,1,0,1,1,1,15304,6204,-7384,3130,705,-1051
W,1,367,1727,959,504,2591,1,1,0,1,1,1,15656,4988,-7136,3021,1107,-1214
W,1,442,1565,918,677,2640,1,1,0,1,1,1,16028,4668,-7296,3261,1290,-2212
W,1,351,1712,1009,485,2612,1,1,0,1,1,1,15100,5852,-8500,1725,1137,-3262
W,1,354,1710,953,532,2618,1,1,0,1,1,1,15060,6676,-7064,1127,2206,-2557
W,1,334,1673,967,526,2611,1,1,0,1,1,1,15192,6864,-7600,1242,1753,-2257
W,1,446,1642,894,560,2624,1,0,0,1,1,1,16036,5476,-6892,1814,654,-1637
W,1,720,1706,781,400,2738,1,1,0,1,1,1,14732,5160,-7968,2262,1146,-3324
W,1,247,1703,1039,467,2582,1,1,0,1,1,1,13964,8212,-7084,452,2711,-3615
W,1,378,1676,963,528,2559,1,1,0,1,1,1,14960,7828,-5064,2999,3331,-2698
W,1,319,1653,959,486,2587,1,1,0,1,1,1,15168,9052,-3804,2366,2002,-1262
W,1,384,1665,938,522,2623,1,1,0,1,1,1,15052,8312,-5168,1794,-868,124
W,1,214,1614,1043,511,2508,1,1,0,1,1,1,15160,6744,-7092,3348,-2025,1268
W,1,448,1562,953,613,2603,1,1,0,1,1,1,15164,5576,-9504,996,-1622,954
W,1,333,1619,926,471,2657,1,1,0,1,1,1,15284,5536,-9272,1219,31,599
W,1,354,1621,976,505,2590,1,1,0,1,1,1,15396,4968,-8780,-136,636,217
W,1,326,1635,944,486,2608,1,0,0,1,1,1,15016,5916,-7596,69,1268,-388
W,1,495,1431,749,511,2622,1,1,0,1,1,1,14840,6764,-7608,-1152,891,-303
W,1,477,1642,848,453,2639,1,1,0,1,1,1,14428,7988,-8292,-2036,737,585
W,1,336,1598,891,467,2608,1,1,0,1,1,1,14560,7728,-8652,-2809,1454,2051
W,1,427,1638,924,454,2595,1,1,0,1,1,1,14952,6200,-9084,-2725,3147,3235
W,1,327,1633,985,501,2591,1,1,0,1,1,1,16316,4856,-7964,-4243,4681,2353
W,1,327,1612,994,511,2593,1,1,0,1,1,1,16656,3820,-5940,-4493,4711,2007
W,1,471,1486,822,501,2642,1,1,0,1,1,1,16792,4528,-4124,-5532,4853,994
W,1,80,1694,976,300,2640,1,1,0,1,1,1,16696,4496,-1560,-5103,4685,-837
W,1,371,1562,851,453,2611,1,1,0,1,1,1,16864,6092,904,-1956,3161,-1279
W,1,310,1588,927,497,2601,1,1,0,1,1,1,17200,7116,1660,1769,1985,-1756
W,1,318,1575,829,576,2559,1,1,0,1,1,1,16636,7348,-1256,-878,-2842,-812
W,1,272,1643,718,449,2768,1,1,0,1,1,1,15656,8236,-3532,649,-2262,-404
W,1,129,1600,1089,538,2512,1,1,0,1,1,1,16036,6680,-4956,1340,-1319,317
W,1,304,1579,912,465,2624,1,1,0,1,1,1,16820,6304,-4740,303,-1558,109
W,1,330,1579,909,475,2589,1,1,0,1,1,1,16536,6220,-5008,-235,-1090,-355
W,1,448,1535,880,433,2630,1,1,0,1,1,1,16264,6844,-4680,-48,-877,-85
W,1,336,1616,789,571,2590,1,1,0,1,1,1,16260,7140,-4784,-1262,-562,171
W,1,448,1441,855,591,2640,1,1,0,1,1,1,16088,6720,-3980,-219,-171,720
W,1,383,1619,930,473,2610,1,1,0,1,1,1,16604,6092,-2788,1498,-10,57
W,1,330,1567,899,479,2622,1,1,0,1,1,1,16252,5916,-2844,12,-1021,-375
W,1,363,1588,879,483,2624,1,1,0,1,1,1,15808,6792,-3968,-587,-1007,-208
W,1,151,1582,913,480,2559,1,0,0,1,1,1,16540,7032,-4408,929,-671,-533
W,1,645,1647,631,331,2823,1,1,0,1,1,1,16124,6456,-4972,-213,-2072,-322
W,1,321,1576,882,439,2581,1,1,0,1,1,1,16116,6560,-4964,645,-1087,-328
X,1,400,618,611,224,174,1,1,1,1,1,1,16088,648,-7652,-472,71,-254
X,1,354,649,558,239,140,1,0,0,1,1,1,16220,360,-7824,-164,58,-307
X,1,353,576,660,391,99,1,1,1,1,1,1,16256,412,-7844,-150,-256,-222
X,1,391,747,550,169,128,1,1,1,1,1,1,16040,372,-8240,-229,-237,222
X,1,386,682,678,248,128,1,1,1,1,1,1,16124,-52,-8508,-266,-617,292
X,1,404,689,583,195,166,1,1,1,1,1,1,15992,496,-8092,-713,-420,319
X,1,279,625,708,198,148,1,0,0,1,1,1,16164,564,-8184,-562,-443,439
X,1,394,674,579,220,170,1,1,1,1,1,1,16408,300,-8116,-847,-336,261
X,1,139,511,835,197,103,1,1,1,1,1,1,16328,168,-8184,-489,-91,72
X,1,560,670,465,188,326,1,1,1,1,1,1,16456,160,-8016,-382,47,-178
X,1,357,653,630,290,197,1,1,1,1,1,1,16248,132,-8088,-447,-210,-5
X,1,399,707,601,145,236,1,0,0,1,1,1,16140,76,-8128,-790,-547,255
X,1,351,672,662,243,86,1,1,1,1,1,1,15968,500,-7956,-830,-419,172
X,1,545,848,323,0,465,1,0,0,1,1,1,16308,824,-7904,-491,-313,86
X,1,0,464,992,496,0,1,1,1,1,1,1,15872,580,-7860,-1012,-209,363
X,1,329,687,625,262,211,1,1,1,1,1,1,16020,576,-7720,-37,-19,262
X,1,366,651,587,223,128,1,0,0,1,1,1,16372,148,-8428,-407,-265,295
X,1,399,663,559,240,237,1,1,1,1,1,1,16636,4,-8248,-252,-359,-86
X,1,119,908,709,0,13,1,0,0,1,1,1,16208,-260,-8052,-773,-535,-425
X,1,567,615,400,256,424,1,1,1,1,1,1,16056,8,-8304,-1939,-549,-348
X,1,284,583,544,272,246,1,1,1,1,1,1,16136,684,-8084,-791,-439,-439
X,1,369,673,622,178,171,1,0,1,1,1,1,16180,976,-8188,-821,-299,-593
X,1,340,647,596,242,143,1,1,1,1,1,1,15984,1108,-8012,-510,117,-200
X,1,521,754,401,147,283,1,0,0,1,1,1,16040,760,-7972,92,239,33
X,1,38,551,966,366,0,1,1,1,1,1,1,16100,716,-8096,-317,-348,163
X,1,288,786,624,144,98,1,1,1,1,1,1,16008,300,-8260,-713,-218,350
X,1,338,661,576,248,138,1,1,1,1,1,1,15852,192,-8316,-1236,-452,470
X,1,314,671,637,241,191,1,1,1,1,1,1,16324,776,-7992,-343,-344,269
X,1,369,621,561,243,190,1,0,0,1,1,1,16804,756,-7960,-160,-200,79
X,1,373,960,463,41,22,1,1,1,1,1,1,16532,596,-7708,73,-333,-160
X,1,193,507,665,350,288,1,1,1,1,1,1,16104,324,-7664,86,-505,-87
X,1,304,655,657,249,197,1,1,1,1,1,1,16204,492,-8408,-239,-693,71
X,1,367,628,545,300,228,1,1,1,1,1,1,15992,424,-8524,-285,-604,85
X,1,357,678,622,195,83,1,0,0,1,1,1,15856,120,-8412,-1283,-224,353
X,1,450,685,511,246,191,1,1,1,1,1,1,15900,220,-8460,-824,-321,207
X,1,240,912,1000,0,79,1,1,1,1,1,1,16376,680,-8364,-1215,-666,462
X,1,330,694,574,258,144,1,1,1,1,1,1,16488,940,-8016,-907,-528,249
X,1,263,637,676,300,162,1,1,1,1,1,1,16288,444,-8048,413,-96,-160
X,1,334,656,670,200,121,1,0,0,1,1,1,16248,300,-8104,36,-459,-181
X,1,357,735,592,176,0,1,1,1,1,1,1,16068,424,-8460,-434,-679,-52
X,1,387,565,581,361,331,1,1,1,1,1,1,15612,-156,-8712,-1438,-825,432
X,1,309,720,671,212,56,1,1,1,1,1,1,15860,56,-8680,-1080,-119,327
X,1,432,685,582,234,141,1,1,1,1,1,1,16104,512,-8336,-462,173,-88
X,1,368,689,603,216,103,1,0,0,1,1,1,16252,652,-7924,-872,64,-300
X,1,394,639,624,299,233,1,1,1,1,1,1,15964,788,-7876,-319,-244,-236
X,1,383,701,370,112,127,1,1,1,1,1,1,16128,852,-8152,-134,-386,-107
X,1,240,726,667,368,28,1,1,1,1,1,1,16088,724,-8700,-365,-673,172
X,1,449,708,523,253,149,1,1,1,1,1,1,15704,496,-8784,-727,-661,391
X,1,306,675,619,272,154,1,0,0,1,1,1,15788,604,-8408,-1321,-479,288
X,1,361,592,610,244,125,1,1,1,1,1,1,16064,648,-8420,-728,-190,112
X,1,624,418,405,320,368,1,0,0,1,1,1,16316,720,-8440,-327,-31,-74
X,1,311,774,414,35,5,1,1,1,1,1,1,16364,836,-8060,-211,133,-357
X,1,462,663,723,304,140,1,1,1,1,1,1,16036,908,-8192,-503,-34,-179
X,1,346,587,577,294,178,1,0,0,1,1,1,16000,1136,-8104,-483,-256,-178
X,1,351,657,565,272,183,1,1,1,1,1,1,15844,980,-8324,-563,-185,41
X,1,198,610,721,316,50,1,0,0,1,1,1,15572,300,-8692,-826,-141,588
X,1,608,300,366,442,420,1,1,1,1,1,1,15652,692,-8148,-283,-155,527
X,1,112,675,560,256,160,1,1,1,1,1,1,16288,884,-8052,-239,-171,335
X,1,277,656,592,224,224,1,0,1,1,1,1,16432,716,-8076,-851,-61,185
X,1,370,693,630,236,149,1,1,1,1,1,1,16328,800,-8208,204,-383,-283
X,1,370,686,586,267,195,1,0,0,1,1,1,16228,680,-8224,-114,-520,-63
X,1,694,671,361,254,415,1,1,1,1,1,1,15516,852,-8344,-159,-386,116
X,1,345,759,663,164,23,1,1,1,1,1,1,15676,460,-8392,-68,-409,391
X,1,346,642,568,258,168,1,1,1,1,1,1,16312,220,-8580,-1788,-1111,527
X,1,382,673,573,225,171,1,1,1,1,1,1,15980,752,-8760,-1098,-1553,-181
X,1,334,646,650,240,130,1,0,0,1,1,1,15388,688,-8884,265,25,-51
X,1,510,569,704,109,93,1,1,1,1,1,1,16132,300,-8600,884,2302,2
X,1,526,432,475,529,443,1,1,1,1,1,1,16788,-244,-7764,1893,2299,-1163
X,1,350,690,626,222,141,1,1,1,1,1,1,15904,232,-7300,1285,758,-972
X,1,335,750,655,230,84,1,1,1,1,1,1,15820,-236,-7868,-2315,-398,970
X,1,347,688,611,230,128,1,0,0,1,1,1,16904,560,-8032,-2204,-1479,1007
X,1,452,693,490,123,173,1,1,1,1,1,1,16220,724,-8436,-1165,-1779,224
X,1,255,869,798,76,0,1,1,1,1,1,1,15752,716,-8404,-774,-1438,257
X,1,400,677,575,294,172,1,1,1,1,1,1,15828,748,-8512,-775,-927,351
X,1,273,635,599,269,176,1,1,1,1,1,1,16460,972,-8868,24,-412,-130
X,1,348,625,678,240,160,1,0,0,1,1,1,16024,412,-8920,-764,-194,195
X,1,448,656,565,204,272,1,1,1,1,1,1,15452,332,-8596,-790,-261,102
X,1,238,717,744,269,0,1,1,1,1,1,1,15736,612,-8028,-854,205,261
X,1,443,705,592,134,205,1,1,1,1,1,1,15724,720,-7652,-412,166,272
X,1,315,658,676,272,161,1,1,1,1,1,1,16120,744,-8076,-14,249,181
X,1,351,673,628,178,149,1,0,0,1,1,1,16148,312,-8720,204,-154,370
X,1,386,688,595,208,154,1,1,1,1,1,1,16336,-184,-9124,-322,-586,453
X,1,422,416,656,207,443,1,1,1,1,1,1,16136,148,-9116,-779,-677,259
X,1,208,750,720,115,0,1,1,1,1,1,1,16000,340,-8728,-1078,-385,-6
X,1,445,639,574,215,240,1,1,1,1,1,1,15764,584,-8208,-672,121,-112
X,1,301,642,622,265,158,1,0,0,1,1,1,16324,632,-7708,-332,256,-325
X,1,370,626,635,276,181,1,1,1,1,1,1,16336,524,-7976,-188,55,-247
X,1,368,713,577,192,154,1,0,0,1,1,1,16104,60,-8188,-615,-937,95
X,1,0,431,998,433,182,1,1,1,1,1,1,15916,484,-8656,-995,-1386,162
X,1,358,707,613,253,133,1,1,1,1,1,1,15768,680,-8744,-1118,-1076,45
X,1,305,656,640,269,193,1,0,1,1,1,1,15764,868,-8684,-676,-200,-123
X,1,368,669,643,259,189,1,1,1,1,1,1,16100,776,-8228,-81,196,-281
X,1,336,611,604,259,229,1,0,0,1,1,1,16364,964,-7996,91,195,-579
X,1,743,717,434,133,146,1,1,1,1,1,1,16012,520,-8248,104,-536,-238
X,1,380,615,557,351,143,1,1,1,1,1,1,15472,284,-8636,-610,-1107,-87
X,1,330,635,543,217,163,1,1,1,1,1,1,15480,564,-9188,-649,-889,-52
X,1,371,688,572,208,210,1,1,1,1,1,1,15688,884,-8968,-742,-41,-61
X,1,413,619,631,253,207,1,0,0,1,1,1,15752,640,-8672,-622,517,-33
X,1,265,816,651,305,0,1,1,1,1,1,1,16212,772,-8424,-651,182,-129
X,1,525,511,464,240,413,1,1,1,1,1,1,16000,852,-8460,-501,-85,86
X,1,327,670,635,263,170,1,1,1,1,1,1,15812,388,-8560,-968,-533,460
X,1,446,619,557,263,205,1,1,1,1,1,1,15780,740,-8504,-880,-834,316
X,1,454,677,580,243,111,1,0,0,1,1,1,15736,1064,-8624,-965,-371,148
X,1,450,546,804,322,256,1,1,1,1,1,1,15732,828,-8472,-611,-5,119
X,1,744,773,315,208,219,1,1,1,1,1,1,15564,876,-8376,-1050,-406,303
X,1,378,581,603,256,125,1,1,1,1,1,1,15932,1276,-8316,-519,-506,72
X,1,420,644,586,176,129,1,1,1,1,1,1,15928,1028,-8648,-248,-129,521
X,1,431,672,497,240,119,1,0,0,1,1,1,15828,776,-9040,-782,-392,835
X,1,270,595,755,309,19,1,1,1,1,1,1,15844,592,-9092,-759,-542,624
X,1,538,603,421,157,191,1,1,1,1,1,1,15652,656,-8940,-1059,-405,418
X,1,161,564,639,291,126,1,1,1,1,1,1,15468,484,-8520,-1042,157,335
X,1,529,699,495,166,151,1,1,1,1,1,1,16052,652,-7976,-631,-30,55
X,1,369,685,666,236,112,1,0,0,1,1,1,16292,624,-8136,-205,-720,599
X,1,447,651,577,160,244,1,1,1,1,1,1,15176,-508,-9188,-2878,-2823,776
X,1,256,826,607,198,14,1,0,0,1,1,1,15240,1908,-9624,-725,-577,564
X,1,466,390,534,379,338,1,1,1,1,1,1,15776,1080,-9076,-322,1761,99
X,1,307,642,574,200,157,1,1,1,1,1,1,16432,1316,-7872,-118,1499,217
X,1,406,634,523,232,134,1,0,0,1,1,1,16296,900,-8084,-885,608,802
X,1,400,654,579,218,128,1,1,1,1,1,1,15872,576,-9260,-1819,-678,1301
X,1,424,551,567,240,348,1,0,0,1,1,1,15504,-540,-9340,-1095,-541,1852
X,1,551,806,496,103,76,1,1,1,1,1,1,15288,-856,-8640,-1383,72,1282
X,1,478,747,563,220,80,1,1,1,1,1,1,16120,-548,-7976,-855,430,678
X,1,372,645,613,283,160,1,0,1,1,1,1,16892,-200,-7924,-770,896,181
X,1,352,663,615,256,167,1,1,1,1,1,1,17416,72,-7996,-934,-84,-1127
X,1,678,624,594,261,199,1,0,0,1,1,1,16940,1128,-8412,-1104,-300,-2036
X,1,112,799,673,209,0,1,1,1,1,1,1,16200,1412,-8056,-421,-687,-1521
X,1,417,693,547,160,117,1,1,1,1,1,1,15324,976,-8652,-1354,-1750,-113
X,1,349,671,586,237,143,1,1,1,1,1,1,14708,1304,-8424,-1684,-1274,78
X,1,363,695,619,262,119,1,1,1,1,1,1,13908,1356,-8260,-1286,-580,489
X,1,327,706,602,183,109,1,0,0,1,1,1,14480,1412,-8052,-378,-501,1784
X,1,479,326,715,444,339,1,1,1,1,1,1,15620,1344,-8340,478,-544,2511
X,1,478,806,576,168,105,1,1,1,1,1,1,15600,468,-9716,-169,-647,3053
X,1,379,671,624,189,144,1,1,1,1,1,1,15136,-168,-10516,-1577,-211,3429
X,1,384,715,577,223,137,1,1,1,1,1,1,15984,-164,-9316,-943,1200,2637
X,1,317,646,562,271,128,1,0,0,1,1,1,24272,-396,-9180,-3269,1739,1071
X,1,208,759,621,225,0,1,1,1,1,1,1,17124,-84,-7068,-1101,1922,-2196
X,1,277,564,720,422,307,1,1,1,1,1,1,16864,-844,-6904,-914,-507,-1601
X,1,359,640,614,239,144,1,1,1,1,1,1,17904,-388,-9004,-2102,-1949,-1194
X,1,417,695,655,290,120,1,1,1,1,1,1,15548,1100,-8580,-1426,-2908,-1447
X,1,350,634,507,157,256,1,0,0,1,1,1,13784,616,-8944,-2201,-2397,479
X,1,320,650,715,293,150,1,1,1,1,1,1,12748,408,-9660,-3930,-560,2291
X,1,511,704,414,175,332,1,1,1,1,1,1,21392,552,-10392,-7246,1844,2676
X,1,387,595,560,226,127,1,1,1,1,1,1,15216,1888,-7628,-2500,4122,-489
X,1,451,674,511,219,145,1,1,1,1,1,1,16980,280,-5796,917,3315,-540
X,1,336,656,574,208,145,1,0,0,1,1,1,16876,836,-6996,-1687,-43,811
X,1,417,672,575,187,215,1,1,1,1,1,1,16188,2036,-7992,-2801,-934,1013
X,1,299,743,741,241,16,1,1,1,1,1,1,16288,1488,-8376,-669,251,764
X,1,623,656,483,181,228,1,1,1,1,1,1,16872,736,-7208,-13,1028,999
X,1,320,592,651,342,215,1,1,1,1,1,1,16924,100,-6864,156,75,987
X,1,356,691,596,219,156,1,0,0,1,1,1,16600,204,-7188,-1655,-417,982
X,1,202,715,617,226,144,1,1,1,1,1,1,16796,728,-7048,-638,-205,258
X,1,407,525,683,189,256,1,0,0,1,1,1,16600,256,-7692,82,-619,393
X,1,280,735,703,128,0,1,1,1,1,1,1,16484,20,-7936,-1588,-424,725
X,1,320,640,649,237,129,1,1,1,1,1,1,16640,128,-7768,-995,-512,300
X,1,323,646,640,295,165,1,0,0,1,1,1,16740,-196,-7384,-1652,-893,345
X,1,381,645,561,231,187,1,1,1,1,1,1,16584,584,-7248,-885,-1049,-542
X,1,263,839,794,101,0,1,0,0,1,1,1,16380,944,-7816,-1095,-1267,-191
X,1,595,576,459,321,400,1,1,1,1,1,1,16204,1108,-7624,-1121,-1094,-209
X,1,366,767,686,241,182,1,1,1,1,1,1,16144,1140,-8212,-157,-1189,-482
X,1,368,683,618,227,146,1,0,1,1,1,1,15944,1276,-8180,81,-1159,-141
X,1,368,670,590,229,176,1,1,1,1,1,1,16036,1264,-8080,-618,-1130,370
X,1,439,656,607,271,218,1,0,0,1,1,1,15664,664,-9356,-570,-1030,1024
X,1,367,918,595,27,0,1,1,1,1,1,1,15536,120,-8980,-1613,-180,606
X,1,247,653,682,254,247,1,1,1,1,1,1,15932,1408,-8580,-435,69,79
X,1,400,678,624,211,145,1,1,1,1,1,1,15984,960,-8124,-226,259,760
X,1,357,590,576,303,166,1,1,1,1,1,1,16144,608,-8000,-430,292,824
X,1,396,726,525,121,279,1,0,0,1,1,1,15948,596,-8372,-714,59,746
X,1,382,635,686,210,225,1,1,1,1,1,1,16344,692,-8092,-283,637,840
X,1,425,789,511,149,99,1,1,1,1,1,1,16256,-384,-7988,49,351,798
X,1,336,623,636,263,176,1,1,1,1,1,1,17064,8,-6456,2662,426,-371
X,1,368,592,523,287,214,1,1,1,1,1,1,16344,-980,-8060,-432,-716,-259
X,1,363,643,621,240,112,1,0,0,1,1,1,15880,536,-8828,-3582,-929,384
X,1,466,673,511,158,229,1,1,1,1,1,1,15992,1488,-7796,-1175,147,-29
X,1,97,558,942,464,0,1,1,1,1,1,1,16092,1008,-8056,2045,380,-370
X,1,456,671,530,231,163,1,1,1,1,1,1,16200,-260,-8256,-333,-407,563
X,1,373,678,624,223,130,1,1,1,1,1,1,16432,-224,-8320,-532,3,104
X,1,443,690,577,192,176,1,0,0,1,1,1,16508,-148,-8144,-670,134,-208
X,1,348,644,638,238,188,1,1,1,1,1,1,16148,-224,-7948,-1263,284,-361
X,1,527,784,455,42,97,1,0,0,1,1,1,16512,284,-7812,246,180,-1087
X,1,439,577,503,346,335,1,1,1,1,1,1,16120,536,-8152,-1429,145,-526
X,1,330,751,645,282,206,1,1,1,1,1,1,16024,1316,-7488,-782,24,-696
X,1,320,678,569,198,170,1,0,0,1,1,1,16368,1844,-7560,424,33,-357
X,1,406,624,569,314,158,1,1,1,1,1,1,16472,640,-7904,218,61,231
X,1,134,705,709,529,212,1,0,0,1,1,1,16372,-284,-8356,-442,158,67
X,1,325,892,547,3,0,1,1,1,1,1,1,16460,368,-8080,-1276,580,-182
X,1,427,659,572,266,175,1,1,1,1,1,1,16332,372,-8080,-2147,960,-74
X,1,339,653,539,272,177,1,0,0,1,1,1,16656,884,-6836,-1624,686,-774
X,1,368,640,654,286,192,1,1,1,1,1,1,16864,1732,-6624,-1047,381,-610
X,1,283,705,827,101,41,1,0,0,1,1,1,16672,1284,-6660,-931,171,-25
X,1,653,316,507,340,326,1,1,1,1,1,1,16584,1224,-6832,-227,75,-109
X,1,335,623,577,222,188,1,1,1,1,1,1,16396,1168,-7204,-341,-285,-142
X,1,358,704,638,245,144,1,0,1,1,1,1,16340,1276,-7572,-846,96,258
X,1,316,672,622,236,135,1,1,1,1,1,1,16616,1232,-7368,-423,203,246
X,1,430,652,557,237,221,1,0,0,1,1,1,16784,660,-7060,-965,343,804
X,1,127,964,832,0,0,1,1,1,1,1,1,16768,412,-6732,-1252,112,-27
X,1,455,503,671,288,230,1,1,1,1,1,1,17264,1332,-6148,37,-397,-436
X,1,354,641,601,227,158,1,1,1,1,1,1,16568,1188,-6476,-844,-892,-77
X,1,394,742,593,207,162,1,1,1,1,1,1,16716,1832,-5920,-1042,-1753,-629
X,1,385,631,618,224,115,1,0,0,1,1,1,16532,2508,-6668,-115,-2141,-203
X,1,687,682,422,23,504,1,1,1,1,1,1,16032,1580,-7652,121,-1693,696
Y,1,1233,994,852,341,2554,1,1,1,1,1,0,16380,6920,-4408,784,146,113
Y,1,1329,660,681,237,2623,1,1,1,1,1,0,16084,6204,-5672,-154,-772,589
Y,1,1254,688,749,247,2631,1,0,1,1,1,0,15904,6444,-5664,-424,30,14
Y,1,1299,738,762,274,2603,1,1,1,1,1,0,16140,6624,-5520,777,-193,-402
Y,1,1243,682,701,336,2544,1,0,1,1,1,0,15592,6756,-6044,-356,-494,143
Y,1,1408,656,533,362,2686,1,1,1,1,1,0,15484,6728,-6260,-47,67,-150
Y,1,1277,784,877,349,2604,1,1,1,1,1,0,15376,7076,-6184,-1033,330,182
Y,1,1283,640,752,272,2638,1,0,1,1,1,0,15936,6952,-5280,139,396,259
Y,1,1287,701,766,275,2602,1,1,1,1,1,0,15748,6316,-5736,-1245,125,234
Y,1,1457,497,649,214,2634,1,0,1,1,1,0,15884,7056,-5420,-842,547,127
Y,1,1073,967,987,0,2628,1,1,1,1,1,0,16004,6496,-5284,-1092,218,479
Y,1,1309,712,688,323,2643,1,1,1,1,1,0,15396,6452,-4868,-1698,535,-425
Y,1,1264,715,768,289,2624,1,0,1,1,1,0,16416,8544,-3928,565,150,-596
Y,1,1296,690,772,266,2591,1,1,1,1,1,0,16024,7108,-5144,-1285,-1261,1279
Y,1,1169,730,706,238,2613,1,0,1,1,1,0,16120,6680,-5008,-163,-606,1235
Y,1,1274,546,807,535,2607,1,1,1,1,1,0,16196,5812,-5312,-729,-1137,706
Y,1,1488,722,740,165,2551,1,1,1,1,1,0,15828,5952,-6312,-725,-796,200
Y,1,1266,658,681,288,2645,1,0,1,1,1,0,15696,6240,-6716,-364,28,-698
Y,1,1290,723,754,256,2609,1,1,1,1,1,0,15588,6784,-6020,-691,346,-376
Y,1,1233,726,721,316,2619,1,0,0,1,1,0,15672,7412,-5360,-285,497,-175
Y,1,1503,734,766,34,2631,1,1,1,1,1,0,16012,7272,-4796,-237,289,271
Y,1,1264,528,779,444,2649,1,1,1,1,1,0,16100,6592,-5064,-808,-533,694
Y,1,1295,677,719,281,2640,1,1,1,1,1,0,16032,6396,-5184,-555,-672,465
Y,1,1317,714,739,217,2622,1,1,1,1,1,0,16268,6644,-5756,24,-976,827
Y,1,1256,723,731,223,2637,1,0,0,1,1,0,15704,6508,-5996,-382,-779,899
Y,1,1306,820,592,263,2738,1,1,1,1,1,0,15784,6340,-5456,-1188,422,390
Y,1,1083,654,1156,439,2407,1,1,1,1,1,0,16084,6380,-4820,-809,820,-37
Y,1,1202,711,758,243,2629,1,1,1,1,1,0,16056,6436,-4644,-209,110,-363
Y,1,1286,777,802,223,2598,1,1,1,1,1,0,15888,7076,-5032,-76,-175,-261
Y,1,1245,688,784,283,2626,1,0,1,1,1,0,16176,6792,-4392,641,-279,-75
Y,1,1271,701,739,227,2619,1,1,1,1,1,0,16524,6248,-4160,1039,-1371,159
Y,1,1050,1018,1107,127,2599,1,0,1,1,1,0,15924,5892,-6088,5,-2254,33
Y,1,1267,665,790,246,2610,1,1,1,1,1,0,15896,6312,-7492,-507,-1653,110
Y,1,1290,727,726,293,2660,1,1,1,1,1,0,15760,5900,-8328,-810,-366,141
Y,1,1265,778,768,195,2611,1,0,1,1,1,0,15636,5644,-7356,-1163,1076,-200
Y,1,1299,731,816,298,2612,1,1,1,1,1,0,15788,6708,-5724,-1146,1899,-1115
Y,1,1358,692,617,308,2702,1,1,1,1,1,0,15748,7200,-4660,-1681,1233,-504
Y,1,1072,865,856,238,2670,1,1,1,1,1,0,15752,7128,-4092,-1250,430,-295
Y,1,1223,711,835,272,2608,1,1,1,1,1,0,16280,7372,-3868,-814,-266,-402
Y,1,1283,725,752,240,2559,1,0,1,1,1,0,16076,6940,-4988,-104,-1075,14
Y,1,1267,699,834,304,2605,1,1,1,1,1,0,16000,6468,-5832,-796,-744,96
Y,1,1232,804,401,266,2621,1,1,1,1,1,0,15420,6508,-7336,-721,192,-273
Y,1,784,560,992,427,2512,1,1,1,1,1,0,15788,6744,-6144,-1687,1297,-417
Y,1,1271,705,771,267,2614,1,1,1,1,1,0,16124,7228,-4836,-2165,932,-197
Y,1,1277,706,801,282,2627,1,0,1,1,1,0,15948,7072,-4604,-1841,1172,-173
Y,1,1303,747,752,283,2621,1,1,1,1,1,0,16292,6988,-4872,-1539,432,35
Y,1,1232,642,623,480,2688,1,0,1,1,1,0,15660,7148,-4716,-1837,809,-202
Y,1,1042,1017,850,0,2621,1,1,1,1,1,0,15812,7644,-3536,-1127,665,-211
Y,1,1338,742,770,242,2595,1,1,1,1,1,0,16000,7548,-2352,-1062,176,-471
Y,1,1231,671,756,235,2611,1,0,1,1,1,0,15736,8132,-2868,-434,-672,-355
Y,1,1249,738,752,293,2613,1,1,1,1,1,0,15816,7872,-2864,-707,-813,-638
Y,1,1232,725,783,285,2603,1,0,1,1,1,0,16708,7328,-3168,1112,-1929,-852
Y,1,1383,417,534,583,2698,1,1,1,1,1,0,16116,7576,-5612,712,-3034,-420
Y,1,1235,859,848,238,2559,1,1,1,1,1,0,15056,7640,-8692,757,-1097,-306
Y,1,1276,690,723,274,2607,1,0,1,1,1,0,15084,7840,-7404,493,1100,304
Y,1,1215,698,790,304,2608,1,1,1,1,1,0,15176,7488,-5544,-3037,1165,980
Y,1,1301,720,694,269,2605,1,0,1,1,1,0,15804,7956,-2984,-2228,1066,644
Y,1,1111,726,1074,336,2502,1,1,1,1,1,0,16128,7548,-2724,-617,-294,511
Y,1,1466,835,633,144,2756,1,1,1,1,1,0,15560,8280,-3616,-1275,-309,738
Y,1,1296,710,754,279,2618,1,1,1,1,1,0,15644,7712,-4148,736,31,1027
Y,1,1264,737,710,239,2634,1,1,1,1,1,0,16212,6988,-4272,400,-810,1186
Y,1,1245,731,743,294,2606,1,0,0,1,1,0,16000,6908,-5168,142,-766,1073
Y,1,1294,749,770,199,2590,1,1,1,1,1,0,16224,6464,-5188,-239,-846,1423
Y,1,1088,656,819,412,2518,1,1,1,1,1,0,15992,6300,-5172,-514,-571,641
Y,1,1206,735,785,289,2649,1,1,1,1,1,0,16324,6844,-4984,-75,-106,388
Y,1,1246,689,725,236,2621,1,1,1,1,1,0,15884,6880,-5308,-1018,-491,619
Y,1,1190,688,755,275,2599,1,0,1,1,1,0,16324,6788,-4428,-735,-352,469
Y,1,1222,715,827,250,2645,1,1,1,1,1,0,16260,6784,-3716,482,-1902,1559
Y,1,1430,877,443,250,2750,1,1,1,1,1,0,16332,8716,-4264,305,-1657,90
Y,1,1233,598,755,300,2629,1,1,1,1,1,0,15972,7812,-6628,-953,-2603,4511
Y,1,1232,727,784,299,2623,1,1,1,1,1,0,16840,3496,-5768,-1350,-1069,3789
Y,1,1226,691,784,265,2624,1,0,1,1,1,0,16708,1040,-5276,-3398,-807,-783
Y,1,1314,741,773,272,2635,1,1,1,1,1,0,16180,4660,-6432,-57,-2351,-4290
Y,1,1217,547,769,464,2605,1,0,1,1,1,0,16128,8708,-8192,5896,-3278,-4169
Y,1,1200,643,816,361,2559,1,1,1,1,1,0,15528,9824,-9720,979,-332,601
Y,1,1292,709,799,347,2639,1,1,1,1,1,0,13168,4560,-6832,-5286,592,3909
Y,1,1313,743,706,272,2607,1,0,1,1,1,0,14680,4404,-4356,-4338,3921,-2351
Y,1,1328,721,740,256,2644,1,1,1,1,1,0,16112,6564,-4372,-3523,2680,-5124
Y,1,1128,831,1046,0,2613,1,0,1,1,1,0,16576,9832,-4072,-6294,-307,-2091
Y,1,1500,768,560,230,2671,1,1,1,1,1,0,14568,10616,-5536,-3994,-1153,1070
Y,1,1235,718,820,286,2608,1,1,1,1,1,0,14380,8560,-2936,885,2170,1374
Y,1,1325,719,784,247,2609,1,0,1,1,1,0,16000,10032,-1212,2175,2827,1214
Y,1,1317,735,786,265,2623,1,1,1,1,1,0,16828,6888,-3572,573,-674,4212
Y,1,1509,795,572,210,2629,1,0,1,1,1,0,16040,4932,-5484,-1815,-519,3005
Y,1,1140,688,998,337,2541,1,1,1,1,1,0,16804,5100,-5244,1072,1665,420
Y,1,1391,731,685,222,2602,1,1,1,1,1,0,16736,5580,-4796,-1823,1592,379
Y,1,1296,699,801,308,2585,1,0,1,1,1,0,16908,6124,-2140,-2075,1437,-30
Y,1,1330,764,745,275,2625,1,1,1,1,1,0,16720,5968,-1220,-2837,155,-527
Y,1,1242,694,805,329,2531,1,0,0,1,1,0,16196,7164,-1032,-938,444,-1947
Y,1,1435,640,643,351,2639,1,1,1,1,1,0,17464,8408,-1532,5144,-1257,-2218
Y,1,1369,724,891,285,2600,1,1,1,1,1,0,15124,7964,-6524,2544,-2026,-177
Y,1,1250,739,775,281,2611,1,0,1,1,1,0,15648,7756,-5696,3099,177,-1041
Y,1,1334,763,799,255,2589,1,1,1,1,1,0,16388,7468,-3096,-1432,923,617
Y,1,1491,830,763,246,2623,1,0,1,1,1,0,16376,6732,-3560,-1364,-653,494
Y,1,1071,545,1168,425,2415,1,1,1,1,1,0,16380,6340,-3896,-2607,-586,202
Y,1,1449,720,779,248,2615,1,1,1,1,1,0,16536,7260,-3660,-613,-218,-311
Y,1,1305,714,827,275,2607,1,1,1,1,1,0,16420,7488,-3932,-1817,-102,-376
Y,1,1344,705,813,280,2608,1,1,1,1,1,0,15804,7000,-4472,-1663,-311,254
Y,1,1264,697,842,404,2605,1,0,0,1,1,0,16072,7552,-4140,-1244,682,-341
Y,1,1277,735,813,274,2672,1,1,1,1,1,0,15976,7400,-3704,-546,901,-447
Y,1,1195,704,1058,464,2437,1,1,1,1,1,0,16252,8036,-1912,-708,1016,69
Y,1,1282,700,741,268,2656,1,1,1,1,1,0,16496,7900,-1952,-60,-523,176
Y,1,1341,718,764,254,2634,1,1,1,1,1,0,15888,7540,-3676,-1436,-1478,1080
Y,1,1335,763,706,291,2638,1,0,1,1,1,0,16208,6988,-4344,-251,-659,889
Y,1,1283,486,1039,423,2599,1,1,1,1,1,0,16672,6916,-4224,-901,-195,474
Y,1,1450,810,592,110,2639,1,1,1,1,1,0,16224,6700,-4612,-2032,60,859
Y,1,1334,659,842,272,2583,1,1,1,1,1,0,16352,7092,-2604,-356,1300,-209
Y,1,1341,767,741,240,2608,1,1,1,1,1,0,16680,7672,-832,1261,947,-161
Y,1,1266,737,848,301,2621,1,0,1,1,1,0,16160,7580,-2216,-472,-1686,683
Y,1,1339,739,781,219,2601,1,1,1,1,1,0,16164,7908,-3400,637,-1197,477
Y,1,1275,645,897,432,2551,1,0,1,1,1,0,16192,6752,-4408,349,-1274,1002
Y,1,1267,789,668,240,2611,1,1,1,1,1,0,16332,6808,-4276,-686,-761,833
Y,1,1266,699,813,308,2634,1,1,1,1,1,0,16552,6464,-3716,-412,-502,585
Y,1,1360,674,721,257,2641,1,0,1,1,1,0,16560,6676,-3924,-700,-490,647
Y,1,1296,573,814,257,2613,1,1,1,1,1,0,16320,5984,-3788,328,58,-238
Y,1,1463,671,536,225,2651,1,1,1,1,1,0,16752,7040,-3504,275,-178,-303
Y,1,1008,640,1229,432,2401,1,1,1,1,1,0,16436,7040,-3732,-827,-250,251
Y,1,1345,825,812,299,2611,1,1,1,1,1,0,16288,7812,-3784,-213,70,207
Y,1,1281,692,806,273,2587,1,0,1,1,1,0,16452,6904,-3508,-499,-253,692
Y,1,1294,721,717,203,2619,1,1,1,1,1,0,16292,6264,-4016,-1285,-452,478
Y,1,983,669,897,400,2525,1,0,1,1,1,0,16672,6180,-3656,329,55,-5
Y,1,1399,870,608,93,2690,1,1,1,1,1,0,16888,6704,-3976,-1017,-652,199
Y,1,1343,688,816,307,2583,1,1,1,1,1,0,15692,6176,-4848,-505,-296,-137
Y,1,1277,691,752,272,2624,1,0,1,1,1,0,16068,7272,-3408,62,1204,-1487
Y,1,1245,702,782,268,2625,1,1,1,1,1,0,16252,8168,-3436,-2046,352,243
Y,1,1305,748,750,281,2634,1,0,1,1,1,0,16512,7220,-2304,-1430,150,631
Y,1,918,419,1008,404,2559,1,1,1,1,1,0,16616,7096,-3180,-725,-464,604
Y,1,1219,809,785,322,2608,1,1,1,1,1,0,16480,6656,-3852,-942,-716,787
Y,1,1252,730,753,207,2608,1,0,1,1,1,0,16924,6528,-3736,-198,-485,546
Y,1,1339,721,774,300,2624,1,1,1,1,1,0,16872,6024,-3912,-256,-486,299
Y,1,1344,737,784,246,2607,1,0,1,1,1,0,16292,5568,-4056,-798,-612,211
Y,1,1362,624,640,309,2659,1,1,1,1,1,0,16136,7096,-3520,242,565,-983
Y,1,1232,687,814,320,2637,1,1,1,1,1,0,16512,7248,-2992,-312,-72,-284
Y,1,1264,720,785,258,2603,1,1,1,1,1,0,16320,7156,-2788,461,-137,-154
Y,1,1299,695,764,282,2624,1,1,1,1,1,0,16244,6896,-3528,1357,-522,-22
Y,1,1278,751,810,285,2606,1,0,0,1,1,0,16532,6740,-3652,-684,-1363,584
Y,1,1265,659,749,144,2791,1,1,1,1,1,0,16448,6516,-4088,60,-991,240
Y,1,1089,637,887,321,2496,1,1,1,1,1,0,16720,6424,-4428,-683,-1207,571
Y,1,1277,729,750,270,2636,1,1,1,1,1,0,16400,5884,-4848,-376,-770,30
Y,1,1204,700,803,281,2603,1,1,1,1,1,0,16376,6024,-4048,-376,-78,-696
Y,1,1291,723,752,276,2639,1,0,1,1,1,0,16440,6956,-3448,-807,-398,-571
Y,1,1155,698,941,305,2515,1,1,1,1,1,0,15980,7284,-3876,332,-685,-573
Y,1,1535,814,540,133,2790,1,1,1,1,1,0,15864,7244,-4264,-262,-468,-154
Y,1,1285,703,714,300,2633,1,1,1,1,1,0,15956,7312,-4108,-2081,-1530,742
Y,1,1318,732,750,257,2624,1,1,1,1,1,0,15992,7348,-4468,-222,-1215,418
Y,1,1238,673,720,272,2622,1,0,1,1,1,0,16436,6668,-4948,-189,-268,667
Y,1,1452,784,683,0,2630,1,1,1,1,1,0,16384,6484,-4584,-850,-933,963
Y,1,1180,592,871,402,2547,1,0,1,1,1,0,16436,6308,-4636,156,-564,224
Y,1,1342,674,753,269,2559,1,1,1,1,1,0,16376,6364,-4464,-664,-345,-36
Y,1,1344,752,848,279,2603,1,1,1,1,1,0,16336,6632,-4560,-47,-395,-61
Y,1,1279,707,768,265,2605,1,0,1,1,1,0,16076,6688,-4732,-433,-233,-80
Y,1,1241,704,717,365,2620,1,1,1,1,1,0,15944,7160,-4816,-576,265,373
Y,1,1360,887,829,104,2540,1,0,1,1,1,0,16600,6732,-4532,-418,-129,491
Y,1,1415,400,541,587,2791,1,1,1,1,1,0,16148,5988,-5220,-1464,-487,502
Y,1,1344,784,735,250,2607,1,1,1,1,1,0,16220,5948,-3944,-186,311,-718
Y,1,1264,739,816,239,2609,1,0,1,1,1,0,16732,7104,-2332,-460,-198,-1217
Y,1,1281,741,751,206,2603,1,1,1,1,1,0,16640,7964,-4040,581,-2370,475
Y,1,1434,610,675,469,2608,1,0,1,1,1,0,15320,7048,-7588,-384,-1640,995
Y,1,1175,1015,942,0,2512,1,1,1,1,1,0,14780,6400,-7648,-600,1273,397
Y,1,1350,695,702,189,2603,1,1,1,1,1,0,16576,6676,-3480,495,2407,-391
Y,1,1263,691,757,294,2611,1,0,1,1,1,0,17012,6136,-2368,-1765,-468,1190
Y,1,1301,727,759,256,2598,1,1,1,1,1,0,16604,5936,-3188,-58,-1201,600
Y,1,1314,748,692,208,2607,1,0,1,1,1,0,16152,5476,-4928,1134,-1678,-488
Y,1,937,457,1250,550,2402,1,1,1,1,1,0,15564,6444,-6540,-613,-412,-518
Y,1,1270,898,711,1,2739,1,1,1,1,1,0,16168,6836,-5244,726,955,-852
Y,1,1279,702,710,238,2611,1,0,1,1,1,0,16360,6572,-4888,-962,92,-222
Y,1,1264,727,803,310,2640,1,1,1,1,1,0,16144,7048,-4696,-946,57,-43
Y,1,1170,678,839,305,2588,1,0,0,1,1,0,16336,6900,-4440,-377,175,-187
Y,1,1440,432,549,557,2677,1,1,1,1,1,0,16068,6960,-4788,-1153,-75,103
Y,1,1142,886,881,272,2624,1,1,1,1,1,0,15992,7012,-4204,-261,321,381
Y,1,1248,713,771,239,2587,1,1,1,1,1,0,16164,6444,-3616,-659,-450,578
Y,1,1293,720,788,246,2638,1,1,1,1,1,0,16260,6580,-4000,-293,-1409,782
Y,1,1261,750,715,287,2625,1,0,1,1,1,0,16188,6024,-4712,-426,-871,129
Y,1,1302,542,979,273,2519,1,1,1,1,1,0,16128,6328,-5308,-175,-758,-239
Y,1,1354,502,663,547,2761,1,1,1,1,1,0,15644,6620,-5728,565,-169,-428
Y,1,1247,736,735,269,2627,1,1,1,1,1,0,16052,7648,-5432,434,222,-179
Y,1,1309,734,786,278,2623,1,1,1,1,1,0,15936,7172,-6348,-251,275,1293
Y,1,1279,691,772,320,2624,1,0,0,1,1,0,16132,6108,-6904,54,1783,1263
Y,1,1272,768,793,202,2687,1,1,1,1,1,0,16368,5280,-5272,-1888,2170,670
Y,1,1136,732,1020,377,2502,1,1,1,1,1,0,16968,6192,-2628,-3213,1414,487
Y,1,1286,721,778,305,2624,1,1,1,1,1,0,16596,6032,-1356,-3478,381,415
Y,1,1283,739,677,257,2606,1,1,1,1,1,0,17044,5940,-1432,-2792,139,-138
Y,1,1258,735,761,213,2599,1,0,1,1,1,0,17452,5836,-1860,97,-1260,-400
Y,1,1374,778,592,148,2638,1,1,1,1,1,0,16384,5832,-3800,-99,-2971,-838
Y,1,1008,511,1055,336,2543,1,1,1,1,1,0,15944,7468,-5224,606,-2295,-979
Y,1,1155,669,754,167,2613,1,1,1,1,1,0,16160,7684,-5608,324,-2109,328
Y,1,1346,722,678,252,2655,1,1,1,1,1,0,15584,6692,-6620,-2183,-2333,1410
Y,1,1261,738,745,239,2651,1,0,1,1,1,0,15528,6544,-5756,-1405,337,612
Y,1,1209,709,784,290,2614,1,1,1,1,1,0,16352,7072,-4268,-272,898,439
Y,1,1296,1072,544,67,2658,1,0,1,1,1,0,16308,6816,-3860,-1007,-124,965
Y,1,1098,601,925,426,2512,1,1,1,1,1,0,16408,6828,-4152,1246,14,1050
Y,1,1291,723,717,221,2621,1,1,1,1,1,0,16216,6224,-5440,510,53,1414
Y,1,1264,751,803,265,2598,1,0,1,1,1,0,16440,5876,-5208,419,684,1403
Y,1,1264,765,817,238,2622,1,1,1,1,1,0,16772,4824,-4584,-199,431,1401
Y,1,1332,624,710,246,2682,1,0,1,1,1,0,17248,4576,-4128,-1423,71,813
Y,1,1049,958,870,144,2559,1,1,1,1,1,0,17328,5040,-4128,-1023,-560,-277
Y,1,1246,758,709,258,2614,1,1,1,1,1,0,17080,5220,-4632,-573,158,-851
Y,1,1168,721,787,295,2624,1,0,1,1,1,0,16720,5452,-5120,-1348,389,-1392
Y,1,1188,690,817,322,2608,1,1,1,1,1,0,16156,6532,-4988,-846,982,-1470
Y,1,1187,685,744,197,2610,1,0,1,1,1,0,16352,6892,-3936,-422,1509,-1451
Z,1,336,703,511,421,2586,1,1,1,1,1,1,14948,8092,-5412,-470,-586,3
Z,1,384,697,528,431,2603,1,0,0,1,1,1,15156,8272,-5304,-216,-391,-39
Z,1,163,671,711,369,2543,1,1,1,1,1,1,15160,8056,-5516,-118,-335,-47
Z,1,468,591,459,435,2640,1,1,1,1,1,1,14888,8932,-5908,-1181,-379,-3
Z,1,422,654,463,427,2559,1,1,1,1,1,1,13856,10528,-8732,-3527,-680,476
Z,1,457,686,507,433,2611,1,1,1,1,1,1,9932,12884,-10528,-7692,320,2957
Z,1,417,673,560,423,2559,1,0,0,1,1,1,10044,11160,-6944,-7924,-58,5789
Z,1,225,472,891,342,2513,1,1,1,1,1,1,13756,6936,-6440,-8720,-2415,8482
Z,1,465,699,279,379,2621,1,1,1,1,1,1,13756,6936,-6440,-8720,-2415,8482
Z,1,531,629,501,474,2608,1,1,1,1,1,1,13756,6936,-6440,-8720,-2415,8482
Z,1,348,576,418,0,2609,1,1,1,1,1,1,18216,3376,-3128,-10364,-1073,7187
Z,1,402,622,509,0,2599,1,0,1,1,1,1,20408,-4012,5996,4120,-12179,-7233
Z,1,378,609,526,0,2559,1,1,1,1,1,1,17984,-1484,680,9882,-13243,-16126
Z,1,406,606,432,0,2667,1,0,0,1,1,1,12632,7500,-11476,9955,-13070,-20260
Z,1,226,914,662,176,2447,1,1,1,1,1,1,6864,17056,-20248,1786,-111,-15160
Z,1,378,705,540,374,2553,1,1,1,1,1,1,596,25080,-20096,7568,695,-6621
Z,1,359,696,568,364,2556,1,0,1,1,1,1,192,17208,-17936,142,-98,1081
Z,1,297,597,554,389,2558,1,1,1,1,1,1,612,14088,-13652,-4833,-2562,8173
Z,1,437,707,469,346,2554,1,0,0,1,1,1,3872,9768,-12096,-2687,-4950,12713
Z,1,111,586,759,453,2471,1,1,1,1,1,1,3872,9768,-12096,-2687,-4950,12713
Z,1,289,752,511,0,2550,1,1,1,1,1,1,10088,7316,-9436,-3120,-4743,14723
Z,1,406,599,426,0,2559,1,1,1,1,1,1,19020,2272,-8992,-3261,551,11383
Z,1,313,592,557,0,2594,1,1,1,1,1,1,20500,2676,-7328,-4014,5508,6125
Z,1,368,688,612,0,2553,1,0,0,1,1,1,20500,2676,-7328,-4014,5508,6125
Z,1,374,725,541,0,2496,1,1,1,1,1,1,20500,2676,-7328,-4014,5508,6125
Z,1,464,777,383,0,2681,1,0,0,1,1,1,20500,2676,-7328,-4014,5508,6125
Z,1,562,498,276,627,2703,1,1,1,1,1,1,20420,3996,-6348,-1457,7780,583
Z,1,256,892,720,202,2614,1,1,1,1,1,1,14420,7084,-5940,1073,9749,-1481
Z,1,403,641,560,368,2559,1,1,1,1,1,1,14704,7660,-4592,2737,8464,-583
Z,1,448,645,471,355,2620,1,1,1,1,1,1,15152,7192,-3780,2316,7123,71
Z,1,425,624,587,432,2548,1,0,0,1,1,1,15444,6508,-1656,1788,5134,1091
Z,1,335,666,557,335,2541,1,1,1,1,1,1,15524,6048,-924,4556,2928,333
Z,1,464,501,484,553,2640,1,1,1,1,1,1,15200,4260,-2308,3878,-244,-1607
Z,1,391,667,496,389,2591,1,1,1,1,1,1,15040,6684,-4036,1114,-995,-2380
Z,1,365,641,597,411,2588,1,1,1,1,1,1,15296,7896,-6132,4352,-1835,-1527
Z,1,355,635,458,389,2613,1,0,0,1,1,1,16544,6588,-7876,3264,-199,-1295
Z,1,229,487,458,655,2595,1,1,1,1,1,1,14820,6152,-6908,460,-3091,-1648
Z,1,526,615,448,431,2605,1,1,1,1,1,1,14488,8296,-6284,-2096,-2003,-2023
Z,1,414,621,491,400,2580,1,1,1,1,1,1,12744,9660,-7300,-1993,-2090,-1332
Z,1,373,709,555,381,2548,1,1,1,1,1,1,12228,9976,-8104,-3834,-2511,458
Z,1,302,655,538,386,2543,1,0,0,1,1,1,11960,10764,-9152,-7121,-1315,4608
Z,1,534,679,357,307,2640,1,1,1,1,1,1,14048,9696,-6800,-6399,1469,7471
Z,1,144,543,656,463,2477,1,1,1,1,1,1,16092,6364,-3348,-3830,1816,8078
Z,1,397,648,511,327,2602,1,1,1,1,1,1,16820,2808,-1432,-4924,-759,7053
Z,1,343,656,509,379,2594,1,1,1,1,1,1,18012,572,704,-2307,-1213,4297
Z,1,423,639,528,432,2602,1,0,0,1,1,1,19636,284,1204,-1231,-5608,1454
Z,1,320,711,529,396,2590,1,1,1,1,1,1,19804,896,-808,-1725,-6372,-2139
Z,1,146,582,632,406,2512,1,1,1,1,1,1,19708,1748,-872,4438,-6133,-5289
Z,1,328,772,546,303,2559,1,1,1,1,1,1,18352,2924,-5868,9141,-7100,-8660
Z,1,464,692,540,367,2559,1,1,1,1,1,1,16068,4160,-8460,8420,-6868,-10071
Z,1,400,658,483,367,2588,1,0,0,1,1,1,13708,5404,-8948,6886,-5386,-11516
Z,1,357,643,675,353,2614,1,1,1,1,1,1,10756,9920,-11692,3991,-4730,-9440
Z,1,547,660,401,378,2559,1,1,1,1,1,1,8764,14080,-10648,3162,-2983,-7121
Z,1,368,496,689,463,2529,1,1,1,1,1,1,8684,12444,-14464,1904,-806,-2821
Z,1,468,633,489,337,2592,1,1,1,1,1,1,8528,11816,-12788,-1333,1073,1285
Z,1,417,615,576,353,2559,1,0,1,1,1,1,7896,10988,-12236,-1410,-116,4190
Z,1,384,701,511,343,2594,1,1,1,1,1,1,7756,9464,-11816,-1837,-1028,6842
Z,1,262,529,625,239,2559,1,0,0,1,1,1,9096,8728,-11756,-122,-2675,10454
Z,1,620,863,448,288,2646,1,1,1,1,1,1,13240,6256,-12700,-1719,-2456,12937
Z,1,350,650,527,397,2602,1,1,1,1,1,1,17372,2960,-9384,-2801,2644,12459
Z,1,335,618,572,369,2608,1,0,1,1,1,1,19484,-600,-6724,-5004,2146,7445
Z,1,367,688,551,342,144,1,1,1,1,1,1,19196,948,-5128,-7241,2155,4149
Z,1,325,800,681,258,103,1,0,0,1,1,1,17160,2140,-5284,-1713,1535,1307
Z,1,477,423,434,583,484,1,1,1,1,1,1,16608,1316,-6420,1632,1383,-1047
Z,1,255,691,602,309,196,1,1,1,1,1,1,16328,1896,-8388,146,769,-2858
Z,1,324,672,559,373,2587,1,1,1,1,1,1,16348,4212,-9656,-1109,2755,-3715
Z,1,368,699,557,347,2556,1,1,1,1,1,1,17444,5876,-9632,1006,4022,-4561
Z,1,397,656,592,389,2583,1,0,0,1,1,1,17152,6896,-9520,1629,4674,-3886
Z,1,528,374,413,586,2672,1,1,1,1,1,1,16828,6744,-7472,1266,5032,-3220
Z,1,448,671,593,397,149,1,1,1,1,1,1,15848,6608,-6044,1679,4394,-3505
Z,1,357,714,559,376,156,1,1,1,1,1,1,15132,6380,-5544,753,3267,-3384
Z,1,461,684,528,362,205,1,1,1,1,1,1,14292,6440,-5532,2,1568,-2191
Z,1,353,717,539,384,136,1,0,0,1,1,1,14136,6888,-5648,286,376,-1727
Z,1,51,915,603,333,2590,1,1,1,1,1,1,13876,6808,-6488,1231,-584,-814
Z,1,500,468,436,593,2676,1,1,1,1,1,1,13996,6384,-6248,507,-941,-1410
Z,1,349,640,528,397,2599,1,1,1,1,1,1,14364,6372,-6732,-1081,-601,-1338
Z,1,400,645,451,449,2591,1,1,1,1,1,1,14448,8020,-6624,172,-892,-1069
Z,1,283,690,551,458,2545,1,0,0,1,1,1,12504,8856,-9064,-817,-1636,-105
Z,1,421,845,425,365,2615,1,1,1,1,1,1,11580,9676,-10208,-3765,-247,2025
Z,1,255,925,763,215,2433,1,1,1,1,1,1,12092,9636,-9512,-4254,1448,4200
Z,1,372,655,479,381,2592,1,1,1,1,1,1,13652,8152,-8284,-3230,2361,6059
Z,1,414,701,526,379,2559,1,1,1,1,1,1,15612,5760,-5756,-4820,2532,6697
Z,1,407,716,561,383,2585,1,0,0,1,1,1,17348,4216,-3276,-5630,336,6065
Z,1,493,611,448,400,2638,1,1,1,1,1,1,17644,3104,-2468,-5786,-1041,5295
Z,1,443,759,413,354,2591,1,1,1,1,1,1,17548,1992,-1836,-4994,-2036,4104
Z,1,391,666,525,358,2559,1,1,1,1,1,1,17672,1312,-640,-3239,-2781,2296
Z,1,308,614,509,427,2599,1,1,1,1,1,1,17468,1524,-952,454,-4203,-588
Z,1,400,656,474,385,2612,1,0,0,1,1,1,17096,1280,-3076,2448,-5476,-2479
Z,1,290,607,591,412,2559,1,1,1,1,1,1,17588,1344,-4816,3755,-5279,-4603
Z,1,308,529,621,530,2553,1,1,1,1,1,1,18020,2176,-6044,6096,-5243,-8996
Z,1,320,820,463,350,2559,1,1,1,1,1,1,16308,5292,-9200,4105,-5675,-10037
Z,1,365,673,601,406,2559,1,1,1,1,1,1,14104,8688,-11288,1919,-5065,-9472
Z,1,429,673,499,408,2559,1,0,0,1,1,1,12008,10328,-12592,1559,-2504,-7225
Z,1,406,672,552,363,2582,1,1,1,1,1,1,10452,9540,-12272,-50,-1054,-4751
Z,1,402,658,569,321,2559,1,1,1,1,1,1,8836,11264,-11596,-2988,-809,-2169
Z,1,304,630,587,368,2549,1,1,1,1,1,1,8508,12092,-11768,-2860,-316,652
Z,1,455,696,556,347,2539,1,1,1,1,1,1,8072,12724,-11780,-2253,-619,4461
Z,1,351,657,511,391,203,1,0,0,1,1,1,9948,11060,-9996,-2148,744,8781
Z,1,411,653,570,314,162,1,1,1,1,1,1,14184,6752,-6896,-1073,-219,10775
Z,1,239,672,464,551,2526,1,1,1,1,1,1,17280,3332,-5364,-923,-2369,9146
Z,1,195,752,687,285,663,1,1,1,1,1,1,17968,2384,-7352,-3721,-3141,6313
Z,1,432,709,566,341,209,1,1,1,1,1,1,17236,3040,-8024,-1826,-1402,3405
Z,1,332,661,531,378,2585,1,0,1,1,1,1,16588,2256,-9032,2033,683,849
Z,1,435,565,483,446,2558,1,1,1,1,1,1,16820,2624,-9820,2250,2542,-1205
Z,1,223,656,802,241,2495,1,0,0,1,1,1,17568,3992,-9864,1429,3639,-3158
Z,1,511,320,451,631,2659,1,1,1,1,1,1,18736,5068,-9008,3351,4720,-4510
Z,1,316,686,582,358,2605,1,1,1,1,1,1,17644,6828,-8188,-462,4501,-4692
Z,1,391,669,495,432,2609,1,0,1,1,1,1,16076,7248,-7040,1992,4077,-4553
Z,1,322,752,484,419,2608,1,1,1,1,1,1,14188,6200,-7416,5431,3683,-4455
Z,1,432,656,458,356,2606,1,0,0,1,1,1,13308,5904,-7792,2472,2228,-3083
Z,1,171,720,678,367,2499,1,1,1,1,1,1,12504,6132,-8124,664,1945,-2164
Z,1,400,688,453,336,2542,1,1,1,1,1,1,12688,8044,-8760,-1062,1860,-486
Z,1,411,666,461,415,2607,1,1,1,1,1,1,13396,8028,-8056,-923,3133,721
Z,1,421,670,496,410,2535,1,1,1,1,1,1,14276,6760,-6860,2719,3313,333
Z,1,334,722,591,423,2559,1,0,0,1,1,1,15028,5280,-6120,-774,2031,128
Z,1,596,576,450,448,2607,1,1,1,1,1,1,15040,6172,-5240,-673,375,-319
Z,1,271,545,624,442,2550,1,1,1,1,1,1,14852,6228,-5748,472,-38,-913
Z,1,420,674,478,413,2597,1,1,1,1,1,1,14276,6996,-6328,-2184,-142,-543
Z,1,385,582,572,446,2614,1,1,1,1,1,1,14384,7972,-6508,-1371,-27,279
Z,1,460,734,347,305,2591,1,0,0,1,1,1,15104,7824,-6364,-1269,675,870
Z,1,287,510,907,371,2609,1,1,1,1,1,1,14852,7128,-6320,-1367,646,1469
Z,1,820,715,303,343,2630,1,1,1,1,1,1,12980,7456,-7624,-2877,-235,2059
Z,1,373,658,542,403,2608,1,1,1,1,1,1,13604,8784,-8512,-4601,-862,3814
Z,1,396,720,533,436,2549,1,1,1,1,1,1,14720,6664,-7804,-5359,-78,5046
Z,1,236,589,536,345,2559,1,0,0,1,1,1,15512,6356,-6428,-5955,1916,6263
Z,1,461,626,496,369,2663,1,1,1,1,1,1,17584,6532,-3460,-5563,2250,6092
Z,1,142,615,660,445,2499,1,1,1,1,1,1,18032,2724,-1952,-1480,1751,6395
Z,1,399,634,534,413,2583,1,1,1,1,1,1,19096,-288,380,-2520,-319,4288
Z,1,439,638,576,424,2624,1,1,1,1,1,1,18488,-472,-28,-1831,-3840,702
Z,1,314,607,528,407,2586,1,0,0,1,1,1,17828,1604,-2200,547,-4376,-2852
Z,1,53,675,465,410,2595,1,1,1,1,1,1,18076,1832,-2048,3411,-2253,-2545
Z,1,441,460,464,572,2672,1,1,1,1,1,1,17824,1292,-3780,1214,-6156,-5448
Z,1,294,755,637,382,2559,1,1,1,1,1,1,17088,3108,-3496,5927,-5791,-8086
Z,1,423,640,496,391,2594,1,1,1,1,1,1,14640,4948,-8952,12477,-7805,-11165
Z,1,386,688,574,371,2586,1,0,0,1,1,1,13540,7580,-11800,4489,-4664,-8054
Z,1,422,660,545,357,2589,1,1,1,1,1,1,12180,9624,-13024,3992,-2827,-4964
Z,1,266,677,684,368,2529,1,1,1,1,1,1,12320,8944,-12580,6026,-494,-3565
Z,1,349,764,469,410,2542,1,1,1,1,1,1,10428,7692,-13656,2214,-669,-1278
Z,1,456,626,526,352,2601,1,1,1,1,1,1,8484,7208,-13304,-2288,575,1292
Z,1,380,660,509,422,2617,1,0,0,1,1,1,9904,7808,-12984,-3409,1151,3647
Z,1,459,649,562,363,2559,1,1,1,1,1,1,12440,7548,-11784,-2815,1783,6112
Z,1,0,551,841,473,2518,1,1,1,1,1,1,15104,6544,-10084,-4709,2172,7449
Z,1,455,652,613,343,133,1,1,1,1,1,1,17456,5000,-6360,-3955,3224,6765
Z,1,529,749,511,336,162,1,1,1,1,1,1,18160,3352,-4708,-2927,1472,5043
Z,1,363,667,567,401,2558,1,0,0,1,1,1,18348,2540,-5160,-4839,1028,3134
Z,1,352,602,672,336,2589,1,1,1,1,1,1,18420,2756,-5964,-4694,1389,967
Z,1,469,902,275,318,2801,1,1,1,1,1,1,18448,4544,-6212,-3397,3528,-53
Z,1,99,653,717,375,2541,1,1,1,1,1,1,18636,5624,-5248,-459,4499,-981
Z,1,407,647,485,336,2622,1,1,1,1,1,1,18276,5636,-4696,1360,4276,-1722
Z,1,333,647,545,399,2587,1,0,1,1,1,1,17564,5036,-5044,1055,1934,-1809
Z,1,403,630,507,455,2533,1,1,1,1,1,1,16696,5992,-5432,-413,1097,-1649
Z,1,423,674,403,413,2596,1,0,0,1,1,1,16404,6064,-5548,1099,920,-1388
Z,1,539,562,384,461,2609,1,1,1,1,1,1,16120,5924,-6160,734,783,-887
Z,1,373,784,610,464,2534,1,1,1,1,1,1,16100,5596,-5604,-1154,548,-130
Z,1,346,629,593,435,2594,1,0,1,1,1,1,15888,6172,-5376,671,-96,289
Z,1,407,732,560,387,2583,1,1,1,1,1,1,15264,4876,-6364,580,-452,-412
Z,1,432,672,463,394,2611,1,0,0,1,1,1,14960,4948,-6672,-46,-375,490
Z,1,240,764,631,284,2540,1,1,1,1,1,1,14736,5024,-5628,294,882,285
Z,1,400,704,549,377,2589,1,1,1,1,1,1,14884,4408,-4872,1723,1432,-409
Z,1,357,688,532,446,2581,1,1,1,1,1,1,15544,4264,-3836,2810,1083,-510
Z,1,467,615,511,441,2624,1,1,1,1,1,1,15972,4284,-4420,1356,-153,-1263
Z,1,285,757,557,327,2555,1,0,0,1,1,1,16276,4504,-4776,-139,-987,-1874
Z,1,627,311,354,693,2586,1,1,1,1,1,1,16632,4976,-5012,-109,-1505,-1862
Z,1,292,808,719,343,2544,1,1,1,1,1,1,16452,6488,-5364,-635,-2314,-1846
Z,1,404,668,545,445,2609,1,1,1,1,1,1,15744,6964,-6988,400,-2022,-1643
Z,1,369,672,509,448,2587,1,1,1,1,1,1,14168,6944,-8360,319,-1481,-919
Z,1,326,666,582,451,2535,1,0,0,1,1,1,12768,8092,-9976,-2707,-1350,59
Z,1,528,702,586,196,2738,1,1,1,1,1,1,12360,9400,-9844,-4542,-407,2266
Z,1,444,499,528,624,2662,1,1,1,1,1,1,12944,9200,-9248,-4702,50,5262
Z,1,395,688,554,381,2559,1,1,1,1,1,1,14708,7168,-8016,-6223,471,7081
Z,1,352,590,463,449,2624,1,1,1,1,1,1,16072,5244,-6736,-5527,1057,7618
Z,1,460,689,479,431,2586,1,0,0,1,1,1,17668,2584,-4804,-3633,1659,6460
Z,1,295,623,495,448,2710,1,1,1,1,1,1,18552,752,-3152,-5011,876,5254
Z,1,765,822,375,362,2643,1,1,1,1,1,1,18816,-316,-1984,-7191,-1397,2642
Z,1,367,671,549,392,2592,1,1,1,1,1,1,18244,1624,-2788,-7118,-2718,1100
Z,1,432,604,429,394,2597,1,1,1,1,1,1,18032,1524,-2340,-3919,-1835,-471
Z,1,282,592,522,409,2544,1,0,0,1,1,1,17312,1520,-1956,-1016,-2512,-2494
Z,1,533,785,266,323,2631,1,1,1,1,1,1,17516,2072,-2180,-285,-3779,-4682
Z,1,118,577,676,470,2513,1,1,1,1,1,1,17004,2440,-1460,2558,-5170,-5937
Z,1,494,751,528,385,2595,1,1,1,1,1,1,16336,1540,-5376,2925,-8574,-8823
Z,1,411,646,559,473,2594,1,1,1,1,1,1,15032,4560,-9036,-236,-7710,-11350
Z,1,464,630,489,400,2559,1,0,0,1,1,1,12512,9808,-11392,841,-3843,-11192
Z,1,387,608,533,449,2582,1,1,1,1,1,1,11564,12612,-11756,5220,113,-9016
Z,1,419,858,605,307,2583,1,1,1,1,1,1,11004,12384,-11840,4767,998,-5864
Z,1,476,706,304,510,2653,1,1,1,1,1,1,10276,12188,-10172,3349,2492,-3264
Z,1,363,737,632,374,2555,1,1,1,1,1,1,9564,11440,-9588,1638,-25,-872
Z,1,337,687,538,356,2608,1,0,0,1,1,1,6340,11344,-10660,-2032,-47,3023
Z,1,410,659,560,386,2585,1,1,1,1,1,1,5652,11056,-10576,-3307,-1081,7449
Z,1,669,708,405,396,2627,1,1,1,1,1,1,11500,10084,-11176,-4805,-1386,12044
Z,1,157,666,754,454,2533,1,1,1,1,1,1,17176,6700,-9856,-4629,-860,12885
Z,1,432,672,465,411,235,1,1,1,1,1,1,20208,2808,-7544,-2124,-441,9543
Z,1,384,677,587,390,143,1,0,0,1,1,1,19616,1396,-6980,-2481,-1,5103
Z,1,370,761,550,357,2559,1,1,1,1,1,1,16892,1888,-6872,-3779,554,2419
Z,1,346,563,700,526,2704,1,0,0,1,1,1,16076,3128,-5604,-767,1541,336
Z,1,237,773,687,302,2559,1,1,1,1,1,1,16060,3236,-6212,421,1426,-1427
Z,1,489,688,566,379,2559,1,1,1,1,1,1,16456,5108,-7132,48,1732,-2379
Z,1,397,675,511,406,2593,1,0,1,1,1,1,16744,6252,-7332,2477,2435,-2855
Z,1,381,670,476,438,2559,1,1,1,1,1,1,16384,6832,-8476,2573,2829,-2151
Z,1,402,650,671,363,2631,1,0,0,1,1,1,17128,6644,-8704,1079,4501,-1719
Z,1,697,807,278,327,2736,1,1,1,1,1,1,17556,7176,-7920,254,5743,-1836
