flex_pinky,flex_ring,flex_middle,flex_index,flex_thumb,touch_index,touch_middle,touch_ring,touch_pinky,touch_r,touch_u,ax,ay,az,gx,gy,gz,label,rep,session,day
0.08363636363636363,0.01870748299319728,0.058394160583941604,0.06912442396313365,0.8053691275167785,1.0,1.0,1.0,1.0,1.0,1.0,0.5511474609375,0.01171875,-0.0838623046875,-0.016265869140625,-0.002777099609375,0.003326416015625,B,0,2026-08-22_23-06-48,2026-08-22
0.0,0.013605442176870748,0.058394160583941604,0.2672811059907834,0.48322147651006714,1.0,1.0,1.0,1.0,1.0,1.0,0.5506591796875,0.014892578125,-0.0867919921875,-0.015167236328125,-0.00653076171875,0.004180908203125,B,0,2026-08-22_23-06-48,2026-08-22
0.0,0.0,0.0,0.17972350230414746,0.33557046979865773,1.0,1.0,1.0,1.0,1.0,1.0,0.5538330078125,0.020263671875,-0.0850830078125,-0.0079345703125,-0.01043701171875,0.00555419921875,B,0,2026-08-22_23-06-48,2026-08-22
0.2109090909090909,0.15136054421768708,0.40875912408759124,0.43317972350230416,0.8053691275167785,1.0,1.0,1.0,1.0,1.0,1.0,0.553955078125,0.0179443359375,-0.085693359375,-0.003326416015625,-0.010894775390625,0.005401611328125,B,0,2026-08-22_23-06-48,2026-08-22
0.35818181818181816,0.011904761904761904,0.0,0.2119815668202765,0.4429530201342282,1.0,1.0,1.0,1.0,1.0,1.0,0.5528564453125,0.02001953125,-0.08935546875,-0.00384521484375,-0.009552001953125,0.005340576171875,B,0,2026-08-22_23-06-48,2026-08-22
0.0,0.061224489795918366,0.45985401459854014,0.7557603686635944,0.3221476510067114,1.0,1.0,1.0,1.0,1.0,1.0,0.555419921875,0.019287109375,-0.0887451171875,-0.00775146484375,-0.01202392578125,0.00677490234375,B,0,2026-08-22_23-06-48,2026-08-22
0.0,0.0,0.2956204379562044,0.7972350230414746,0.0,1.0,1.0,1.0,1.0,1.0,1.0,0.5528564453125,0.0128173828125,-0.0931396484375,-0.012451171875,-0.012176513671875,0.007354736328125,B,0,2026-08-22_23-06-48,2026-08-22
0.0,0.025510204081632654,0.4197080291970803,0.8110599078341014,0.0,1.0,1.0,1.0,1.0,1.0,1.0,0.547607421875,0.0135498046875,-0.0899658203125,-0.0172119140625,-0.01153564453125,0.005401611328125,B,0,2026-08-22_23-06-48,2026-08-22
0.0,0.07142857142857142,0.5875912408759124,0.6774193548387096,0.0,1.0,1.0,1.0,1.0,1.0,1.0,0.552490234375,0.0123291015625,-0.0938720703125,-0.013031005859375,-0.008941650390625,0.0040283203125,B,0,2026-08-22_23-06-48,2026-08-22
0.007272727272727273,0.13095238095238096,0.5,0.6497695852534562,0.1476510067114094,1.0,1.0,1.0,1.0,1.0,1.0,0.5528564453125,0.01611328125,-0.090087890625,-0.0064697265625,-0.007781982421875,0.00384521484375,B,0,2026-08-22_23-06-48,2026-08-22
0.0,0.0,0.0,0.6036866359447005,0.0,1.0,1.0,1.0,1.0,1.0,1.0,0.5552978515625,0.0103759765625,-0.09130859375,-0.003814697265625,-0.006195068359375,0.00299072265625,B,0,2026-08-22_23-06-48,2026-08-22
0.06909090909090909,0.07993197278911565,0.35036496350364965,0.16129032258064516,1.0,1.0,1.0,1.0,1.0,1.0,1.0,0.555908203125,0.0096435546875,-0.0926513671875,-0.011138916015625,-0.007598876953125,0.000946044921875,B,0,2026-08-22_23-06-48,2026-08-22
0.13090909090909092,0.04081632653061224,0.0,0.0,1.0,1.0,1.0,1.0,1.0,1.0,1.0,0.5506591796875,0.0155029296875,-0.0921630859375,-0.011871337890625,-0.009490966796875,0.002716064453125,B,0,2026-08-22_23-06-48,2026-08-22
0.012727272727272728,0.0,0.0,0.07373271889400922,1.0,1.0,1.0,1.0,1.0,1.0,1.0,0.550048828125,0.0145263671875,-0.0859375,-0.015045166015625,-0.00909423828125,0.0035400390625,B,0,2026-08-22_23-06-48,2026-08-22
0.025454545454545455,0.0,0.0,0.14746543778801843,1.0,1.0,1.0,1.0,1.0,1.0,1.0,0.5506591796875,0.016845703125,-0.0916748046875,-0.015899658203125,-0.01025390625,0.0032958984375,B,0,2026-08-22_23-06-48,2026-08-22
0.18363636363636363,0.0,0.0,0.0,1.0,1.0,1.0,1.0,1.0,1.0,1.0,0.5477294921875,0.0189208984375,-0.0906982421875,-0.0089111328125,-0.00762939453125,0.004180908203125,B,0,2026-08-22_23-06-48,2026-08-22
0.11818181818181818,0.02891156462585034,0.0,0.0,0.8053691275167785,1.0,1.0,1.0,1.0,1.0,1.0,0.5523681640625,0.0174560546875,-0.0887451171875,-0.00787353515625,-0.00762939453125,0.004241943359375,B,0,2026-08-22_23-06-48,2026-08-22
0.0,0.0,0.0,0.22580645161290322,1.0,1.0,1.0,1.0,1.0,1.0,1.0,0.549560546875,0.01953125,-0.0902099609375,-0.012603759765625,-0.00775146484375,0.0037841796875,B,0,2026-08-22_23-06-48,2026-08-22
0.0,0.015306122448979591,0.0,0.4470046082949309,0.0,1.0,1.0,1.0,1.0,1.0,1.0,0.5496826171875,0.0142822265625,-0.0887451171875,-0.011322021484375,-0.00701904296875,0.005096435546875,B,0,2026-08-22_23-06-48,2026-08-22
0.04909090909090909,0.0,0.0,0.11981566820276497,0.8053691275167785,1.0,1.0,1.0,1.0,1.0,1.0,0.5546875,0.013427734375,-0.09228515625,-0.01080322265625,-0.005767822265625,0.00531005859375,B,0,2026-08-22_23-06-48,2026-08-22
0.0,0.0,0.0,0.28110599078341014,0.8053691275167785,1.0,1.0,1.0,1.0,1.0,1.0,0.5535888671875,0.0111083984375,-0.088134765625,-0.0135498046875,-0.008270263671875,0.00469970703125,B,0,2026-08-22_23-06-48,2026-08-22
0.0,0.022108843537414966,0.20072992700729927,0.3317972350230415,0.0,1.0,1.0,1.0,1.0,1.0,1.0,0.552734375,0.0172119140625,-0.087890625,-0.00946044921875,-0.007293701171875,0.003875732421875,B,0,2026-08-22_23-06-48,2026-08-22
0.03272727272727273,0.03571428571428571,0.06204379562043796,0.2534562211981567,0.4563758389261745,1.0,1.0,1.0,1.0,1.0,1.0,0.5556640625,0.0098876953125,-0.0938720703125,-0.006988525390625,-0.006500244140625,0.003204345703125,B,0,2026-08-22_23-06-48,2026-08-22
0.0,0.0,0.0,0.29493087557603687,0.0,1.0,1.0,1.0,1.0,1.0,1.0,0.5509033203125,0.01416015625,-0.093505859375,-0.014251708984375,-0.007598876953125,0.000396728515625,B,0,2026-08-22_23-06-48,2026-08-22
0.005454545454545455,0.0,0.0036496350364963502,0.2857142857142857,0.3087248322147651,1.0,1.0,1.0,1.0,1.0,1.0,0.5489501953125,0.0174560546875,-0.0870361328125,-0.0123291015625,-0.008514404296875,0.001800537109375,B,0,2026-08-22_23-06-48,2026-08-22
0.014545454545454545,0.011904761904761904,0.11678832116788321,0.3456221198156682,0.4429530201342282,1.0,1.0,1.0,1.0,1.0,1.0,0.54833984375,0.016357421875,-0.093017578125,-0.00885009765625,-0.009368896484375,0.002838134765625,B,0,2026-08-22_23-06-48,2026-08-22
0.04,0.0,0.0072992700729927005,0.17050691244239632,0.28187919463087246,1.0,1.0,1.0,1.0,1.0,1.0,0.5484619140625,0.018310546875,-0.0899658203125,-0.011016845703125,-0.009765625,0.003082275390625,B,0,2026-08-22_23-06-48,2026-08-22
0.025454545454545455,0.0,0.0364963503649635,0.15207373271889402,0.4563758389261745,1.0,1.0,1.0,1.0,1.0,1.0,0.549560546875,0.021484375,-0.0892333984375,-0.0098876953125,-0.00927734375,0.0037841796875,B,0,2026-08-22_23-06-48,2026-08-22
0.00909090909090909,0.0,0.09854014598540146,0.1935483870967742,0.8053691275167785,1.0,1.0,1.0,1.0,1.0,1.0,0.5482177734375,0.016845703125,-0.090576171875,-0.00958251953125,-0.009552001953125,0.00634765625,B,0,2026-08-22_23-06-48,2026-08-22
0.025454545454545455,0.00510204081632653,0.0,0.2350230414746544,0.8053691275167785,1.0,1.0,1.0,1.0,1.0,1.0,0.553466796875,0.0147705078125,-0.0946044921875,-0.00860595703125,-0.00836181640625,0.00714111328125,B,0,2026-08-22_23-06-48,2026-08-22
0.02181818181818182,0.0,0.07664233576642336,0.2073732718894009,0.4429530201342282,1.0,1.0,1.0,1.0,1.0,1.0,0.5516357421875,0.012451171875,-0.0936279296875,-0.008453369140625,-0.006378173828125,0.006317138671875,B,0,2026-08-22_23-06-48,2026-08-22
0.02181818181818182,0.0,0.040145985401459854,0.2350230414746544,0.348993288590604,1.0,1.0,1.0,1.0,1.0,1.0,0.5506591796875,0.0118408203125,-0.090576171875,-0.01318359375,-0.007232666015625,0.005035400390625,B,0,2026-08-22_23-06-48,2026-08-22
0.04181818181818182,0.00510204081632653,0.058394160583941604,0.20276497695852536,0.2953020134228188,1.0,1.0,1.0,1.0,1.0,1.0,0.5545654296875,0.01220703125,-0.0914306640625,-0.011749267578125,-0.007843017578125,0.005126953125,B,0,2026-08-22_23-06-48,2026-08-22
0.0,0.0,0.0,0.29493087557603687,0.5100671140939598,1.0,1.0,1.0,1.0,1.0,1.0,0.555908203125,0.011962890625,-0.0914306640625,-0.01019287109375,-0.00579833984375,0.00341796875,B,0,2026-08-22_23-06-48,2026-08-22
0.05454545454545454,0.030612244897959183,0.0,0.24423963133640553,0.4429530201342282,1.0,1.0,1.0,1.0,1.0,1.0,0.5513916015625,0.0115966796875,-0.087646484375,-0.0087890625,-0.004547119140625,0.002716064453125,B,0,2026-08-22_23-06-48,2026-08-22
0.0,0.0,0.0036496350364963502,0.29493087557603687,0.33557046979865773,1.0,1.0,1.0,1.0,1.0,1.0,0.5545654296875,0.015869140625,-0.0880126953125,-0.00762939453125,-0.005035400390625,0.001312255859375,B,0,2026-08-22_23-06-48,2026-08-22
0.025454545454545455,0.0,0.0,0.11981566820276497,0.8053691275167785,1.0,1.0,1.0,1.0,1.0,1.0,0.5533447265625,0.0145263671875,-0.085205078125,-0.008544921875,-0.005828857421875,0.002655029296875,B,0,2026-08-22_23-06-48,2026-08-22
0.038181818181818185,0.034013605442176874,0.032846715328467155,0.30414746543778803,0.48322147651006714,1.0,1.0,1.0,1.0,1.0,1.0,0.5546875,0.0113525390625,-0.09130859375,-0.010528564453125,-0.006317138671875,0.002288818359375,B,0,2026-08-22_23-06-48,2026-08-22
0.06181818181818182,0.0,0.0,0.29493087557603687,0.09395973154362416,1.0,1.0,1.0,1.0,1.0,1.0,0.5540771484375,0.015625,-0.0887451171875,-0.012939453125,-0.008575439453125,0.0028076171875,B,0,2026-08-22_23-06-48,2026-08-22
0.03636363636363636,0.0,0.06934306569343066,0.24423963133640553,0.42953020134228187,1.0,1.0,1.0,1.0,1.0,1.0,0.5504150390625,0.015625,-0.0841064453125,-0.010833740234375,-0.010467529296875,0.00372314453125,B,0,2026-08-22_23-06-48,2026-08-22
0.15818181818181817,0.0935374149659864,0.072992700729927,0.004608294930875576,1.0,1.0,1.0,1.0,1.0,1.0,1.0,0.5423583984375,0.132080078125,-0.0068359375,0.003753662109375,-0.009521484375,0.003082275390625,B,1,2026-08-22_23-06-48,2026-08-22
0.0,0.0,0.5036496350364964,0.2304147465437788,0.0,1.0,1.0,1.0,1.0,1.0,1.0,0.54150390625,0.135009765625,-0.0133056640625,-0.003082275390625,-0.0146484375,0.011566162109375,B,1,2026-08-22_23-06-48,2026-08-22
0.0,0.0,0.45255474452554745,0.29493087557603687,0.06711409395973154,1.0,1.0,1.0,1.0,1.0,1.0,0.544677734375,0.1314697265625,-0.01123046875,-0.016815185546875,-0.012115478515625,0.019927978515625,B,1,2026-08-22_23-06-48,2026-08-22
0.014545454545454545,0.0,0.0,0.0,1.0,1.0,1.0,1.0,1.0,1.0,1.0,0.54638671875,0.1357421875,-0.0074462890625,-0.02227783203125,-0.003936767578125,0.025665283203125,B,1,2026-08-22_23-06-48,2026-08-22
0.0,0.0,0.11678832116788321,0.5668202764976958,0.0,1.0,1.0,1.0,1.0,1.0,1.0,0.549560546875,0.1265869140625,0.0015869140625,-0.01898193359375,0.005706787109375,0.028167724609375,B,1,2026-08-22_23-06-48,2026-08-22
0.0,0.0,0.0,0.0,0.3624161073825503,1.0,1.0,1.0,1.0,1.0,1.0,0.5537109375,0.1129150390625,0.0093994140625,-0.0107421875,0.009735107421875,0.026824951171875,B,1,2026-08-22_23-06-48,2026-08-22
0.02,0.0,0.0,0.0,0.9395973154362416,1.0,1.0,1.0,1.0,1.0,1.0,0.555908203125,0.1070556640625,0.02099609375,-0.00030517578125,0.006561279296875,0.019073486328125,B,1,2026-08-22_23-06-48,2026-08-22
0.06909090909090909,0.0,0.021897810218978103,0.14746543778801843,0.4429530201342282,1.0,1.0,1.0,1.0,1.0,1.0,0.55322265625,0.1063232421875,0.0225830078125,0.008453369140625,-0.002471923828125,0.011962890625,B,1,2026-08-22_23-06-48,2026-08-22
0.0,0.0,0.0,0.35023041474654376,0.48322147651006714,1.0,1.0,1.0,1.0,1.0,1.0,0.55078125,0.1043701171875,0.0174560546875,0.01409912109375,-0.006683349609375,0.00457763671875,B,1,2026-08-22_23-06-48,2026-08-22
0.0,0.0,0.0,0.30414746543778803,0.026845637583892617,1.0,1.0,1.0,1.0,1.0,1.0,0.5543212890625,0.1070556640625,0.0140380859375,0.007354736328125,-0.009429931640625,-0.000396728515625,B,1,2026-08-22_23-06-48,2026-08-22
0.0,0.0,0.040145985401459854,0.3271889400921659,0.0,1.0,1.0,1.0,1.0,1.0,1.0,0.549072265625,0.1094970703125,0.004638671875,-0.00421142578125,-0.01153564453125,-0.001373291015625,B,1,2026-08-22_23-06-48,2026-08-22
0.0,0.0,0.021897810218978103,0.15668202764976957,0.37583892617449666,1.0,1.0,1.0,1.0,1.0,1.0,0.5499267578125,0.1156005859375,0.00732421875,-0.017730712890625,-0.011993408203125,0.001434326171875,B,1,2026-08-22_23-06-48,2026-08-22
0.0,0.0,0.0,0.1336405529953917,0.0,1.0,1.0,1.0,1.0,1.0,1.0,0.550537109375,0.1201171875,-0.0009765625,-0.020355224609375,-0.0084228515625,0.003509521484375,B,1,2026-08-22_23-06-48,2026-08-22
0.0,0.0,0.0,0.06912442396313365,0.8053691275167785,1.0,1.0,1.0,1.0,1.0,1.0,0.55078125,0.120361328125,0.0010986328125,-0.015960693359375,-0.00579833984375,0.004241943359375,B,1,2026-08-22_23-06-48,2026-08-22
0.0,0.0,0.0,0.1382488479262673,0.3221476510067114,1.0,1.0,1.0,1.0,1.0,1.0,0.5477294921875,0.1229248046875,-0.0013427734375,-0.008270263671875,-0.006378173828125,0.003387451171875,B,1,2026-08-22_23-06-48,2026-08-22
0.0,0.0,0.0,0.29493087557603687,0.8053691275167785,1.0,1.0,1.0,1.0,1.0,1.0,0.5462646484375,0.123291015625,-0.001220703125,-0.007568359375,-0.002960205078125,0.000579833984375,B,1,2026-08-22_23-06-48,2026-08-22
0.0,0.0,0.0,0.22580645161290322,0.8053691275167785,1.0,1.0,1.0,1.0,1.0,1.0,0.54833984375,0.1192626953125,-0.0040283203125,-0.0106201171875,-6.103515625e-05,-0.000640869140625,B,1,2026-08-22_23-06-48,2026-08-22
0.0,0.0,0.0,0.14746543778801843,0.33557046979865773,1.0,1.0,1.0,1.0,1.0,1.0,0.54736328125,0.1219482421875,-0.0009765625,-0.020294189453125,0.000579833984375,0.002471923828125,B,1,2026-08-22_23-06-48,2026-08-22
0.0,0.0,0.0,0.1382488479262673,0.40268456375838924,1.0,1.0,1.0,1.0,1.0,1.0,0.5440673828125,0.1239013671875,-0.008056640625,-0.027801513671875,0.0032958984375,0.0068359375,B,1,2026-08-22_23-06-48,2026-08-22
0.0,0.0,0.0,0.14746543778801843,0.40268456375838924,1.0,1.0,1.0,1.0,1.0,1.0,0.542724609375,0.124267578125,-0.007080078125,-0.02691650390625,0.00445556640625,0.012237548828125,B,1,2026-08-22_23-06-48,2026-08-22
0.0,0.0,0.0,0.24423963133640553,0.8053691275167785,1.0,1.0,1.0,1.0,1.0,1.0,0.542724609375,0.123779296875,-0.00390625,-0.023681640625,0.0087890625,0.01385498046875,B,1,2026-08-22_23-06-48,2026-08-22
0.0,0.0,0.0,0.1935483870967742,0.5100671140939598,1.0,1.0,1.0,1.0,1.0,1.0,0.5435791015625,0.1168212890625,-0.0040283203125,-0.02044677734375,0.009429931640625,0.011688232421875,B,1,2026-08-22_23-06-48,2026-08-22
0.0,0.0,0.0,0.1152073732718894,0.8053691275167785,1.0,1.0,1.0,1.0,1.0,1.0,0.5445556640625,0.1121826171875,0.00341796875,-0.022125244140625,0.017059326171875,0.01007080078125,B,1,2026-08-22_23-06-48,2026-08-22
0.0,0.0,0.0,0.11981566820276497,0.5234899328859061,1.0,1.0,1.0,1.0,1.0,1.0,0.5479736328125,0.10498046875,0.010498046875,-0.021484375,0.017181396484375,0.01019287109375,B,1,2026-08-22_23-06-48,2026-08-22
0.0,0.0,0.0,0.17050691244239632,0.8053691275167785,1.0,1.0,1.0,1.0,1.0,1.0,0.5499267578125,0.1055908203125,0.016357421875,-0.02105712890625,0.01300048828125,0.008331298828125,B,1,2026-08-22_23-06-48,2026-08-22
0.0,0.0,0.0,0.29493087557603687,0.5369127516778524,1.0,1.0,1.0,1.0,1.0,1.0,0.5499267578125,0.1025390625,0.0264892578125,-0.017730712890625,0.00921630859375,0.0042724609375,B,1,2026-08-22_23-06-48,2026-08-22
0.0,0.0,0.0,0.29493087557603687,0.18791946308724833,1.0,1.0,1.0,1.0,1.0,1.0,0.547607421875,0.103759765625,0.0234375,-0.012908935546875,0.003875732421875,-0.0009765625,B,1,2026-08-22_23-06-48,2026-08-22
0.0,0.0,0.040145985401459854,0.16589861751152074,0.40268456375838924,1.0,1.0,1.0,1.0,1.0,1.0,0.55078125,0.1080322265625,0.01953125,-0.0069580078125,0.00390625,-0.0064697265625,B,1,2026-08-22_23-06-48,2026-08-22
0.0,0.0,0.0,0.03225806451612903,0.5100671140939598,1.0,1.0,1.0,1.0,1.0,1.0,0.550048828125,0.1068115234375,0.02197265625,-0.006988525390625,0.000946044921875,-0.00848388671875,B,1,2026-08-22_23-06-48,2026-08-22
0.0,0.0,0.0,0.2488479262672811,0.8053691275167785,1.0,1.0,1.0,1.0,1.0,1.0,0.5516357421875,0.112060546875,0.0218505859375,-0.01123046875,-0.003143310546875,-0.0098876953125,B,1,2026-08-22_23-06-48,2026-08-22
0.0,0.0,0.014598540145985401,0.20276497695852536,0.1476510067114094,1.0,1.0,1.0,1.0,1.0,1.0,0.549072265625,0.11962890625,0.0186767578125,-0.014373779296875,-0.002288818359375,-0.007843017578125,B,1,2026-08-22_23-06-48,2026-08-22
0.0,0.0,0.0,0.2350230414746544,0.2684563758389262,1.0,1.0,1.0,1.0,1.0,1.0,0.5458984375,0.1273193359375,0.017578125,-0.011077880859375,0.001007080078125,-0.00567626953125,B,1,2026-08-22_23-06-48,2026-08-22
0.0,0.0,0.0,0.18433179723502305,0.8053691275167785,1.0,1.0,1.0,1.0,1.0,1.0,0.549072265625,0.12451171875,0.0211181640625,-0.004669189453125,0.0037841796875,-0.0029296875,B,1,2026-08-22_23-06-48,2026-08-22
0.0,0.0,0.0,0.23963133640552994,0.42953020134228187,1.0,1.0,1.0,1.0,1.0,1.0,0.54833984375,0.123046875,0.0220947265625,0.001190185546875,0.0013427734375,-0.003387451171875,B,1,2026-08-22_23-06-48,2026-08-22
0.0,0.0,0.0,0.22119815668202766,0.8053691275167785,1.0,1.0,1.0,1.0,1.0,1.0,0.548828125,0.1201171875,0.020751953125,0.002532958984375,-0.00067138671875,-0.00390625,B,1,2026-08-22_23-06-48,2026-08-22
0.0,0.0,0.051094890510948905,0.16129032258064516,0.348993288590604,1.0,1.0,1.0,1.0,1.0,1.0,0.5477294921875,0.1199951171875,0.019287109375,-0.003265380859375,-0.00634765625,-0.003936767578125,B,1,2026-08-22_23-06-48,2026-08-22
0.05090909090909091,0.0,0.0,0.2764976958525346,0.9395973154362416,1.0,1.0,1.0,1.0,1.0,1.0,0.5469970703125,0.1224365234375,0.02197265625,-0.0118408203125,-0.008819580078125,-0.001495361328125,B,1,2026-08-22_23-06-48,2026-08-22
0.0,0.0,0.0,0.17050691244239632,0.42953020134228187,1.0,1.0,1.0,1.0,1.0,1.0,0.5452880859375,0.126220703125,0.0203857421875,-0.01458740234375,-0.0103759765625,0.002471923828125,B,1,2026-08-22_23-06-48,2026-08-22
0.005454545454545455,0.0,0.0,0.10138248847926268,0.5100671140939598,1.0,1.0,1.0,1.0,1.0,1.0,0.5421142578125,0.1278076171875,0.019287109375,-0.0084228515625,-0.008544921875,0.003082275390625,B,1,2026-08-22_23-06-48,2026-08-22
0.04727272727272727,0.0,0.0,0.2626728110599078,0.5100671140939598,1.0,1.0,1.0,1.0,1.0,1.0,0.5438232421875,0.1234130859375,0.0133056640625,-0.0003662109375,-0.0084228515625,0.002197265625,B,1,2026-08-22_23-06-48,2026-08-22
0.05454545454545454,0.0,0.0,0.3087557603686636,0.3221476510067114,1.0,1.0,1.0,1.0,1.0,1.0,0.5479736328125,0.087890625,-0.058349609375,-0.0062255859375,-0.0072021484375,0.006683349609375,B,2,2026-08-22_23-06-48,2026-08-22
0.01090909090909091,1.0,0.16058394160583941,0.2672811059907834,0.0,1.0,1.0,1.0,1.0,1.0,1.0,0.5513916015625,0.0888671875,-0.0611572265625,-0.0106201171875,-0.01177978515625,0.0078125,B,2,2026-08-22_23-06-48,2026-08-22
0.04181818181818182,0.0,0.010948905109489052,0.22580645161290322,0.42953020134228187,1.0,1.0,1.0,1.0,1.0,1.0,0.5455322265625,0.091796875,-0.0579833984375,-0.010498046875,-0.0107421875,0.00787353515625,B,2,2026-08-22_23-06-48,2026-08-22
0.06727272727272728,0.0,0.0,0.3087557603686636,0.5369127516778524,1.0,1.0,1.0,1.0,1.0,1.0,0.55029296875,0.0875244140625,-0.0576171875,-0.0074462890625,-0.004974365234375,0.007904052734375,B,2,2026-08-22_23-06-48,2026-08-22
0.0,0.0,0.0,0.17972350230414746,0.348993288590604,1.0,1.0,1.0,1.0,1.0,1.0,0.5479736328125,0.0855712890625,-0.061767578125,-0.012451171875,-0.008056640625,0.00469970703125,B,2,2026-08-22_23-06-48,2026-08-22
0.0,0.0,0.0,0.271889400921659,0.4429530201342282,1.0,1.0,1.0,1.0,1.0,1.0,0.55126953125,0.08349609375,-0.054443359375,-0.0145263671875,-0.01007080078125,0.003204345703125,B,2,2026-08-22_23-06-48,2026-08-22
0.0,0.0,0.0,0.14746543778801843,0.9664429530201343,1.0,1.0,1.0,1.0,1.0,1.0,0.549072265625,0.083740234375,-0.06201171875,-0.01434326171875,-0.0087890625,0.0032958984375,B,2,2026-08-22_23-06-48,2026-08-22
0.0,0.0,0.0,0.15668202764976957,0.1342281879194631,1.0,1.0,1.0,1.0,1.0,1.0,0.5518798828125,0.0826416015625,-0.0560302734375,-0.01348876953125,-0.0047607421875,0.004547119140625,B,2,2026-08-22_23-06-48,2026-08-22
0.00909090909090909,0.0,0.08759124087591241,0.2857142857142857,0.1476510067114094,1.0,1.0,1.0,1.0,1.0,1.0,0.551513671875,0.08154296875,-0.056396484375,-0.00982666015625,-0.00372314453125,0.001983642578125,B,2,2026-08-22_23-06-48,2026-08-22
0.06909090909090909,0.0,0.040145985401459854,0.3087557603686636,0.8053691275167785,1.0,1.0,1.0,1.0,1.0,1.0,0.55078125,0.0892333984375,-0.052978515625,0.00421142578125,-0.003570556640625,-0.0015869140625,B,2,2026-08-22_23-06-48,2026-08-22
0.0,0.0,0.0,0.15207373271889402,0.4161073825503356,1.0,1.0,1.0,1.0,1.0,1.0,0.5482177734375,0.082763671875,-0.0546875,0.010284423828125,-0.007293701171875,-0.004638671875,B,2,2026-08-22_23-06-48,2026-08-22
0.0,1.0,0.0,0.29493087557603687,0.1610738255033557,1.0,1.0,1.0,1.0,1.0,1.0,0.5494384765625,0.083984375,-0.0496826171875,-0.002197265625,-0.00958251953125,-0.006011962890625,B,2,2026-08-22_23-06-48,2026-08-22
0.0,0.0,0.0,0.511520737327189,0.9798657718120806,1.0,1.0,1.0,1.0,1.0,1.0,0.5450439453125,0.0924072265625,-0.055419921875,-0.004913330078125,-0.0045166015625,-0.00390625,B,2,2026-08-22_23-06-48,2026-08-22
0.01090909090909091,0.0,0.0,0.14746543778801843,0.3624161073825503,1.0,1.0,1.0,1.0,1.0,1.0,0.5477294921875,0.084716796875,-0.0533447265625,-0.0054931640625,-0.003997802734375,-0.00128173828125,B,2,2026-08-22_23-06-48,2026-08-22
0.06727272727272728,0.0,0.0,0.12442396313364056,0.8053691275167785,1.0,1.0,1.0,1.0,1.0,1.0,0.55078125,0.09033203125,-0.0677490234375,-0.008514404296875,-0.00732421875,0.00048828125,B,2,2026-08-22_23-06-48,2026-08-22
0.04727272727272727,0.0,0.0,0.28110599078341014,0.9261744966442953,1.0,1.0,1.0,1.0,1.0,1.0,0.548828125,0.0938720703125,-0.057373046875,-0.013397216796875,-0.0081787109375,0.00238037109375,B,2,2026-08-22_23-06-48,2026-08-22
0.0036363636363636364,0.4370748299319728,0.0,0.29493087557603687,0.42953020134228187,1.0,1.0,1.0,1.0,1.0,1.0,0.548095703125,0.0955810546875,-0.06201171875,-0.011688232421875,-0.006927490234375,0.0048828125,B,2,2026-08-22_23-06-48,2026-08-22
0.0,0.8622448979591837,0.0,0.33640552995391704,0.174496644295302,1.0,1.0,1.0,1.0,1.0,1.0,0.5498046875,0.0972900390625,-0.0595703125,-0.008758544921875,-0.005157470703125,0.006988525390625,B,2,2026-08-22_23-06-48,2026-08-22
0.06909090909090909,0.9472789115646258,0.0,0.271889400921659,0.8053691275167785,1.0,1.0,1.0,1.0,1.0,1.0,0.5528564453125,0.0904541015625,-0.060791015625,-0.0078125,-0.005523681640625,0.009429931640625,B,2,2026-08-22_23-06-48,2026-08-22
0.01818181818181818,0.9047619047619048,0.058394160583941604,0.4009216589861751,0.8053691275167785,1.0,1.0,1.0,1.0,1.0,1.0,0.5531005859375,0.089599609375,-0.0601806640625,-0.01141357421875,-0.008819580078125,0.009521484375,B,2,2026-08-22_23-06-48,2026-08-22
0.0,0.0,0.0,0.423963133640553,0.8053691275167785,1.0,1.0,1.0,1.0,1.0,1.0,0.5496826171875,0.0838623046875,-0.0609130859375,-0.00823974609375,-0.007904052734375,0.007232666015625,B,2,2026-08-22_23-06-48,2026-08-22
0.0,0.0,0.0,0.34101382488479265,0.48322147651006714,1.0,1.0,1.0,1.0,1.0,1.0,0.5482177734375,0.0789794921875,-0.0574951171875,-0.01025390625,-0.00567626953125,0.0052490234375,B,2,2026-08-22_23-06-48,2026-08-22
0.025454545454545455,0.0,0.07664233576642336,0.4423963133640553,0.348993288590604,1.0,1.0,1.0,1.0,1.0,1.0,0.5496826171875,0.083251953125,-0.0567626953125,-0.013885498046875,-0.00732421875,0.003173828125,B,2,2026-08-22_23-06-48,2026-08-22
0.0,0.0,0.0,0.3640552995391705,0.8053691275167785,1.0,1.0,1.0,1.0,1.0,1.0,0.544921875,0.084716796875,-0.0540771484375,-0.010894775390625,-0.007659912109375,0.0040283203125,B,2,2026-08-22_23-06-48,2026-08-22
0.05454545454545454,0.0,0.0,0.2857142857142857,0.40268456375838924,1.0,1.0,1.0,1.0,1.0,1.0,0.5443115234375,0.0863037109375,-0.055908203125,-0.00738525390625,-0.007843017578125,0.00457763671875,B,2,2026-08-22_23-06-48,2026-08-22
0.0,0.0,0.0,0.2903225806451613,0.38926174496644295,1.0,1.0,1.0,1.0,1.0,1.0,0.547607421875,0.08447265625,-0.0572509765625,-0.011688232421875,-0.00823974609375,0.002960205078125,B,2,2026-08-22_23-06-48,2026-08-22
0.06363636363636363,0.0,0.12773722627737227,0.29493087557603687,0.24161073825503357,1.0,1.0,1.0,1.0,1.0,1.0,0.550048828125,0.0877685546875,-0.0556640625,-0.014434814453125,-0.00848388671875,0.00555419921875,B,2,2026-08-22_23-06-48,2026-08-22
0.0,0.0,0.021897810218978103,0.29493087557603687,0.348993288590604,1.0,1.0,1.0,1.0,1.0,1.0,0.549072265625,0.09033203125,-0.053466796875,-0.0123291015625,-0.006927490234375,0.006195068359375,B,2,2026-08-22_23-06-48,2026-08-22
0.007272727272727273,0.0,0.16423357664233576,0.14746543778801843,0.8053691275167785,1.0,1.0,1.0,1.0,1.0,1.0,0.5531005859375,0.0885009765625,-0.05810546875,-0.008697509765625,-0.006622314453125,0.00469970703125,B,2,2026-08-22_23-06-48,2026-08-22
0.007272727272727273,0.0,0.0,0.48847926267281105,0.8053691275167785,1.0,1.0,1.0,1.0,1.0,1.0,0.548583984375,0.0882568359375,-0.0626220703125,-0.005279541015625,-0.007843017578125,0.003570556640625,B,2,2026-08-22_23-06-48,2026-08-22
0.06727272727272728,0.0,0.0,0.24423963133640553,0.38926174496644295,1.0,1.0,1.0,1.0,1.0,1.0,0.5526123046875,0.083251953125,-0.0589599609375,-0.008331298828125,-0.009124755859375,0.003448486328125,B,2,2026-08-22_23-06-48,2026-08-22
0.0,0.0,0.0,0.41013824884792627,0.8053691275167785,1.0,1.0,1.0,1.0,1.0,1.0,0.5498046875,0.0882568359375,-0.0543212890625,-0.00994873046875,-0.007720947265625,0.00341796875,B,2,2026-08-22_23-06-48,2026-08-22
0.034545454545454546,0.0,0.0,0.2350230414746544,0.8053691275167785,1.0,1.0,1.0,1.0,1.0,1.0,0.5487060546875,0.0858154296875,-0.057861328125,-0.010498046875,-0.0057373046875,0.005889892578125,B,2,2026-08-22_23-06-48,2026-08-22
0.05454545454545454,0.0,0.0,0.3824884792626728,0.38926174496644295,1.0,1.0,1.0,1.0,1.0,1.0,0.549560546875,0.0833740234375,-0.059814453125,-0.010589599609375,-0.00628662109375,0.006744384765625,B,2,2026-08-22_23-06-48,2026-08-22
0.0,0.0,0.0,0.4147465437788018,0.8053691275167785,1.0,1.0,1.0,1.0,1.0,1.0,0.5469970703125,0.0853271484375,-0.0523681640625,-0.01031494140625,-0.006622314453125,0.00726318359375,B,2,2026-08-22_23-06-48,2026-08-22
0.02909090909090909,0.0,0.0,0.20276497695852536,0.09395973154362416,1.0,1.0,1.0,1.0,1.0,1.0,0.5455322265625,0.0892333984375,-0.0567626953125,-0.00347900390625,-0.008026123046875,0.005859375,B,2,2026-08-22_23-06-48,2026-08-22
0.0,0.0,0.0,0.2534562211981567,0.20134228187919462,1.0,1.0,1.0,1.0,1.0,1.0,0.5426025390625,0.0823974609375,-0.0587158203125,-0.00018310546875,-0.007232666015625,0.004241943359375,B,2,2026-08-22_23-06-48,2026-08-22
0.0,0.0,0.0,0.3456221198156682,0.8053691275167785,1.0,1.0,1.0,1.0,1.0,1.0,0.5460205078125,0.0836181640625,-0.054443359375,-0.001251220703125,-0.00701904296875,0.00543212890625,B,2,2026-08-22_23-06-48,2026-08-22
0.0,0.0,0.0,0.4423963133640553,0.9395973154362416,1.0,1.0,1.0,1.0,1.0,1.0,0.5447998046875,0.09033203125,-0.06494140625,-0.0018310546875,-0.0093994140625,0.007171630859375,B,2,2026-08-22_23-06-48,2026-08-22
0.0,0.0,0.0,0.391705069124424,0.912751677852349,1.0,1.0,1.0,1.0,1.0,1.0,0.5452880859375,0.118896484375,-0.07080078125,0.0445556640625,-0.007232666015625,0.014190673828125,B,2,2026-08-22_23-06-48,2026-08-22
0.0,0.01020408163265306,0.3284671532846715,0.3456221198156682,1.0,1.0,1.0,1.0,1.0,1.0,1.0,0.5523681640625,0.100341796875,-0.0311279296875,-0.00689697265625,-0.0086669921875,0.0067138671875,B,3,2026-08-22_23-06-48,2026-08-22
0.0,0.0,0.0,0.6820276497695853,0.0,1.0,1.0,1.0,1.0,1.0,1.0,0.548583984375,0.0943603515625,-0.0303955078125,-0.0087890625,-0.008331298828125,0.005584716796875,B,3,2026-08-22_23-06-48,2026-08-22
0.0,0.0,0.0,0.3870967741935484,1.0,1.0,1.0,1.0,1.0,1.0,1.0,0.54736328125,0.0958251953125,-0.027587890625,-0.01715087890625,-0.01446533203125,0.002166748046875,B,3,2026-08-22_23-06-48,2026-08-22
0.0036363636363636364,0.0,0.0,0.5622119815668203,0.0,1.0,1.0,1.0,1.0,1.0,1.0,0.5458984375,0.09765625,-0.0291748046875,-0.011810302734375,-0.014190673828125,0.000518798828125,B,3,2026-08-22_23-06-48,2026-08-22
0.007272727272727273,0.0,0.0,0.37327188940092165,0.8322147651006712,1.0,1.0,1.0,1.0,1.0,1.0,0.5452880859375,0.0955810546875,-0.0362548828125,-0.01007080078125,-0.014801025390625,0.000732421875,B,3,2026-08-22_23-06-48,2026-08-22
0.0,0.0,0.0,0.12903225806451613,0.9798657718120806,1.0,1.0,1.0,1.0,1.0,1.0,0.54150390625,0.103759765625,-0.0330810546875,-0.00946044921875,-0.0126953125,0.001953125,B,3,2026-08-22_23-06-48,2026-08-22
0.0,0.0,0.3248175182481752,0.16129032258064516,0.8053691275167785,1.0,1.0,1.0,1.0,1.0,1.0,0.544189453125,0.1031494140625,-0.036376953125,-0.010345458984375,-0.01007080078125,0.003387451171875,B,3,2026-08-22_23-06-48,2026-08-22
0.0,0.0,0.0,0.20276497695852536,0.8053691275167785,1.0,1.0,1.0,1.0,1.0,1.0,0.546630859375,0.101806640625,-0.0367431640625,-0.012359619140625,-0.00970458984375,0.00286865234375,B,3,2026-08-22_23-06-48,2026-08-22
0.0,0.0,0.0,0.3870967741935484,0.37583892617449666,1.0,1.0,1.0,1.0,1.0,1.0,0.5489501953125,0.0987548828125,-0.0260009765625,-0.007080078125,-0.01080322265625,0.00360107421875,B,3,2026-08-22_23-06-48,2026-08-22
0.007272727272727273,0.0,0.0,0.2073732718894009,0.1476510067114094,1.0,1.0,1.0,1.0,1.0,1.0,0.5557861328125,0.09814453125,-0.027099609375,-0.00439453125,-0.01690673828125,0.002044677734375,B,3,2026-08-22_23-06-48,2026-08-22
0.06545454545454546,0.0,0.040145985401459854,0.3271889400921659,0.4966442953020134,1.0,1.0,1.0,1.0,1.0,1.0,0.553955078125,0.0989990234375,-0.04150390625,-0.01300048828125,-0.020721435546875,-0.0003662109375,B,3,2026-08-22_23-06-48,2026-08-22
0.0,0.0,0.0,0.4930875576036866,0.8053691275167785,1.0,1.0,1.0,1.0,1.0,1.0,0.549072265625,0.1055908203125,-0.0345458984375,-0.01580810546875,-0.020660400390625,0.0008544921875,B,3,2026-08-22_23-06-48,2026-08-22
0.0,0.0,0.0,0.33640552995391704,1.0,1.0,1.0,1.0,1.0,1.0,1.0,0.5528564453125,0.1126708984375,-0.0458984375,-0.00958251953125,-0.0145263671875,0.00311279296875,B,3,2026-08-22_23-06-48,2026-08-22
0.00909090909090909,0.0,0.0,0.3686635944700461,0.37583892617449666,1.0,1.0,1.0,1.0,1.0,1.0,0.5537109375,0.1121826171875,-0.04345703125,-0.0068359375,-0.012420654296875,0.003753662109375,B,3,2026-08-22_23-06-48,2026-08-22
0.0,0.0,0.0,0.41935483870967744,0.1476510067114094,1.0,1.0,1.0,1.0,1.0,1.0,0.5511474609375,0.11083984375,-0.042724609375,-0.005401611328125,-0.00750732421875,0.005645751953125,B,3,2026-08-22_23-06-48,2026-08-22
0.0,0.0,0.0,0.2304147465437788,0.8053691275167785,1.0,1.0,1.0,1.0,1.0,1.0,0.5535888671875,0.10400390625,-0.0428466796875,-0.004852294921875,-0.007537841796875,0.009063720703125,B,3,2026-08-22_23-06-48,2026-08-22
0.0,0.0,0.0,0.06451612903225806,0.5234899328859061,1.0,1.0,1.0,1.0,1.0,1.0,0.54931640625,0.1014404296875,-0.036865234375,-0.003387451171875,-0.006927490234375,0.00885009765625,B,3,2026-08-22_23-06-48,2026-08-22
0.06727272727272728,0.0,0.058394160583941604,0.0967741935483871,0.24161073825503357,1.0,1.0,1.0,1.0,1.0,1.0,0.5477294921875,0.0909423828125,-0.034912109375,-0.01336669921875,-0.011993408203125,0.006072998046875,B,3,2026-08-22_23-06-48,2026-08-22
0.0,0.0,0.0,0.2626728110599078,0.4697986577181208,1.0,1.0,1.0,1.0,1.0,1.0,0.5440673828125,0.09765625,-0.0379638671875,-0.0208740234375,-0.011932373046875,0.003143310546875,B,3,2026-08-22_23-06-48,2026-08-22
0.0,0.0,0.0,0.21658986175115208,0.9530201342281879,1.0,1.0,1.0,1.0,1.0,1.0,0.5439453125,0.097900390625,-0.0362548828125,-0.017486572265625,-0.012908935546875,0.0040283203125,B,3,2026-08-22_23-06-48,2026-08-22
0.0,0.0,0.0,0.17511520737327188,0.9798657718120806,1.0,1.0,1.0,1.0,1.0,1.0,0.5439453125,0.09912109375,-0.0367431640625,-0.014556884765625,-0.01116943359375,0.004150390625,B,3,2026-08-22_23-06-48,2026-08-22
0.02181818181818182,0.0,0.0,0.21658986175115208,0.4563758389261745,1.0,1.0,1.0,1.0,1.0,1.0,0.5489501953125,0.1011962890625,-0.0452880859375,-0.011871337890625,-0.00933837890625,0.002685546875,B,3,2026-08-22_23-06-48,2026-08-22
0.0,0.0,0.0,0.2350230414746544,0.9664429530201343,1.0,1.0,1.0,1.0,1.0,1.0,0.5478515625,0.103515625,-0.04248046875,-0.021240234375,-0.007049560546875,0.0018310546875,B,3,2026-08-22_23-06-48,2026-08-22
0.0,0.0,0.0,0.28110599078341014,0.8053691275167785,1.0,1.0,1.0,1.0,1.0,1.0,0.5479736328125,0.1064453125,-0.0369873046875,-0.018646240234375,-0.010009765625,0.006103515625,B,3,2026-08-22_23-06-48,2026-08-22
0.0,0.0,0.0,0.03225806451612903,0.4697986577181208,1.0,1.0,1.0,1.0,1.0,1.0,0.5479736328125,0.1065673828125,-0.041259765625,-0.012664794921875,-0.00518798828125,0.008697509765625,B,3,2026-08-22_23-06-48,2026-08-22
0.0,0.0,0.0,0.11981566820276497,0.8456375838926175,1.0,1.0,1.0,1.0,1.0,1.0,0.54736328125,0.1009521484375,-0.0421142578125,-0.012725830078125,-0.0045166015625,0.00762939453125,B,3,2026-08-22_23-06-48,2026-08-22
0.0,0.0,0.014598540145985401,0.14746543778801843,0.2953020134228188,1.0,1.0,1.0,1.0,1.0,1.0,0.5582275390625,0.0953369140625,-0.034423828125,-0.014251708984375,-0.0059814453125,0.0035400390625,B,3,2026-08-22_23-06-48,2026-08-22
0.22181818181818183,0.0,0.0,0.1152073732718894,0.8187919463087249,1.0,1.0,1.0,1.0,1.0,1.0,0.5550537109375,0.0980224609375,-0.03076171875,-0.012237548828125,-0.012664794921875,0.00146484375,B,3,2026-08-22_23-06-48,2026-08-22
0.0,0.0,0.0,0.059907834101382486,0.2953020134228188,1.0,1.0,1.0,1.0,1.0,1.0,0.5506591796875,0.094970703125,-0.0302734375,-0.013092041015625,-0.016082763671875,-0.002593994140625,B,3,2026-08-22_23-06-48,2026-08-22
0.0,0.0,0.0,0.0,0.40268456375838924,1.0,1.0,1.0,1.0,1.0,1.0,0.55029296875,0.102294921875,-0.0360107421875,-0.01531982421875,-0.02056884765625,-0.003204345703125,B,3,2026-08-22_23-06-48,2026-08-22
0.18545454545454546,0.16156462585034015,0.4562043795620438,0.0,1.0,1.0,1.0,1.0,1.0,1.0,1.0,0.54638671875,0.1063232421875,-0.04541015625,-0.012664794921875,-0.018798828125,-0.003082275390625,B,3,2026-08-22_23-06-48,2026-08-22
0.0,0.011904761904761904,0.7408759124087592,0.4470046082949309,0.0,1.0,1.0,1.0,1.0,1.0,1.0,0.5457763671875,0.1107177734375,-0.0416259765625,-0.00469970703125,-0.019866943359375,0.0,B,3,2026-08-22_23-06-48,2026-08-22
0.08727272727272728,0.0,0.0,0.0,1.0,1.0,1.0,1.0,1.0,1.0,1.0,0.5399169921875,0.10546875,-0.0462646484375,-0.005340576171875,-0.01763916015625,0.000946044921875,B,3,2026-08-22_23-06-48,2026-08-22
0.31636363636363635,0.0,0.0,0.0,1.0,1.0,1.0,1.0,1.0,1.0,1.0,0.54150390625,0.1087646484375,-0.04638671875,-0.01177978515625,-0.013641357421875,9.1552734375e-05,B,3,2026-08-22_23-06-48,2026-08-22
0.034545454545454546,0.0,0.0,0.0,0.8993288590604027,1.0,1.0,1.0,1.0,1.0,1.0,0.544921875,0.109130859375,-0.047119140625,-0.015411376953125,-0.013946533203125,0.00146484375,B,3,2026-08-22_23-06-48,2026-08-22
0.1290909090909091,0.0,0.0,1.0,0.0,1.0,1.0,1.0,1.0,1.0,1.0,0.55224609375,0.108154296875,-0.042236328125,-0.01690673828125,-0.016448974609375,0.00653076171875,B,3,2026-08-22_23-06-48,2026-08-22
0.0,0.0,0.06204379562043796,0.9815668202764977,0.0,1.0,1.0,1.0,1.0,1.0,1.0,0.548583984375,0.103759765625,-0.0408935546875,-0.013824462890625,-0.014923095703125,0.009490966796875,B,3,2026-08-22_23-06-48,2026-08-22
0.0,0.0,0.0,0.6175115207373272,0.0,1.0,1.0,1.0,1.0,1.0,1.0,0.551025390625,0.096435546875,-0.0400390625,-0.015625,-0.014923095703125,0.009002685546875,B,3,2026-08-22_23-06-48,2026-08-22
0.0,0.0,0.0,0.5161290322580645,0.0,1.0,1.0,1.0,1.0,1.0,1.0,0.548095703125,0.09814453125,-0.0361328125,-0.02001953125,-0.014739990234375,0.005462646484375,B,3,2026-08-22_23-06-48,2026-08-22
0.038181818181818185,0.02040816326530612,0.40145985401459855,0.3087557603686636,0.0,1.0,1.0,1.0,1.0,1.0,1.0,0.547607421875,0.09814453125,-0.0445556640625,-0.016754150390625,-0.011993408203125,0.00433349609375,B,3,2026-08-22_23-06-48,2026-08-22
0.0,1.0,0.0,1.0,0.8053691275167785,1.0,1.0,1.0,1.0,1.0,1.0,0.536865234375,0.1500244140625,-0.0504150390625,-0.002838134765625,-0.00994873046875,-0.013214111328125,B,4,2026-08-22_23-06-48,2026-08-22
0.4072727272727273,1.0,0.40875912408759124,1.0,0.42953020134228187,1.0,1.0,1.0,1.0,1.0,1.0,0.5323486328125,0.1529541015625,-0.044189453125,0.001068115234375,-0.0047607421875,-0.010711669921875,B,4,2026-08-22_23-06-48,2026-08-22
0.10181818181818182,1.0,0.5912408759124088,1.0,0.0,1.0,1.0,1.0,1.0,1.0,1.0,0.537353515625,0.151611328125,-0.0443115234375,0.001190185546875,0.001495361328125,-0.006805419921875,B,4,2026-08-22_23-06-48,2026-08-22
0.12181818181818181,1.0,0.0,1.0,1.0,1.0,1.0,1.0,1.0,1.0,1.0,0.5360107421875,0.1507568359375,-0.04638671875,-0.00018310546875,0.00189208984375,-0.005462646484375,B,4,2026-08-22_23-06-48,2026-08-22
0.0,1.0,0.7554744525547445,1.0,0.0,1.0,1.0,1.0,1.0,1.0,1.0,0.538818359375,0.1490478515625,-0.037353515625,-0.002532958984375,0.001434326171875,-0.001251220703125,B,4,2026-08-22_23-06-48,2026-08-22
0.28,1.0,0.0,1.0,0.0,1.0,1.0,1.0,1.0,1.0,1.0,0.5338134765625,0.1483154296875,-0.0389404296875,-0.0091552734375,-0.002105712890625,-0.0010986328125,B,4,2026-08-22_23-06-48,2026-08-22
0.24181818181818182,1.0,0.0,1.0,0.0,1.0,1.0,1.0,1.0,1.0,1.0,0.532470703125,0.1478271484375,-0.034423828125,-0.016876220703125,-0.00494384765625,0.00067138671875,B,4,2026-08-22_23-06-48,2026-08-22
0.10909090909090909,1.0,0.0,1.0,0.8187919463087249,1.0,1.0,1.0,1.0,1.0,1.0,0.5313720703125,0.1500244140625,-0.0396728515625,-0.01348876953125,-0.005218505859375,0.003875732421875,B,4,2026-08-22_23-06-48,2026-08-22
0.24,1.0,0.0,1.0,0.0,1.0,1.0,1.0,1.0,1.0,1.0,0.533935546875,0.1495361328125,-0.0322265625,-0.0062255859375,-0.00787353515625,0.00506591796875,B,4,2026-08-22_23-06-48,2026-08-22
0.13454545454545455,1.0,0.0,1.0,0.0,1.0,1.0,1.0,1.0,1.0,1.0,0.5323486328125,0.1488037109375,-0.0374755859375,-0.006072998046875,-0.01080322265625,0.004486083984375,B,4,2026-08-22_23-06-48,2026-08-22
0.0,1.0,0.0,1.0,0.9395973154362416,1.0,1.0,1.0,1.0,1.0,1.0,0.5380859375,0.150634765625,-0.0374755859375,-0.008209228515625,-0.0107421875,0.0057373046875,B,4,2026-08-22_23-06-48,2026-08-22
0.04727272727272727,1.0,0.0,1.0,1.0,1.0,1.0,1.0,1.0,1.0,1.0,0.53271484375,0.1534423828125,-0.0400390625,-0.005096435546875,-0.011962890625,0.010009765625,B,4,2026-08-22_23-06-48,2026-08-22
0.0,1.0,0.0,1.0,0.0,1.0,1.0,1.0,1.0,1.0,1.0,0.537841796875,0.146728515625,-0.0386962890625,-0.00048828125,-0.012481689453125,0.012603759765625,B,4,2026-08-22_23-06-48,2026-08-22
0.0,1.0,0.0,1.0,0.8053691275167785,1.0,1.0,1.0,1.0,1.0,1.0,0.53466796875,0.141357421875,-0.041259765625,-0.002899169921875,-0.014251708984375,0.00982666015625,B,4,2026-08-22_23-06-48,2026-08-22
0.0,1.0,0.3029197080291971,1.0,0.8053691275167785,1.0,1.0,1.0,1.0,1.0,1.0,0.53759765625,0.1397705078125,-0.0411376953125,-0.007110595703125,-0.01318359375,0.00592041015625,B,4,2026-08-22_23-06-48,2026-08-22
0.0,1.0,0.0,1.0,0.5100671140939598,1.0,1.0,1.0,1.0,1.0,1.0,0.5377197265625,0.1405029296875,-0.039794921875,-0.008544921875,-0.015625,0.00567626953125,B,4,2026-08-22_23-06-48,2026-08-22
0.0,1.0,0.0,1.0,0.8590604026845637,1.0,1.0,1.0,1.0,1.0,1.0,0.5401611328125,0.1444091796875,-0.0418701171875,-0.005157470703125,-0.01422119140625,0.00567626953125,B,4,2026-08-22_23-06-48,2026-08-22
0.0,1.0,0.0,1.0,0.9395973154362416,1.0,1.0,1.0,1.0,1.0,1.0,0.540771484375,0.1383056640625,-0.053466796875,-0.00439453125,-0.01068115234375,0.004791259765625,B,4,2026-08-22_23-06-48,2026-08-22
0.02181818181818182,1.0,0.025547445255474453,1.0,0.22818791946308725,1.0,1.0,1.0,1.0,1.0,1.0,0.5443115234375,0.141845703125,-0.0504150390625,-0.006866455078125,-0.008636474609375,0.003662109375,B,4,2026-08-22_23-06-48,2026-08-22
0.0,1.0,0.01824817518248175,1.0,0.0,1.0,1.0,1.0,1.0,1.0,1.0,0.5447998046875,0.143798828125,-0.050537109375,-0.009429931640625,-0.0064697265625,0.005035400390625,B,4,2026-08-22_23-06-48,2026-08-22
0.0,1.0,0.0,1.0,0.5100671140939598,1.0,1.0,1.0,1.0,1.0,1.0,0.5433349609375,0.144287109375,-0.045654296875,-0.01141357421875,-0.0079345703125,0.00732421875,B,4,2026-08-22_23-06-48,2026-08-22
0.0,1.0,0.0,1.0,0.8053691275167785,1.0,1.0,1.0,1.0,1.0,1.0,0.5440673828125,0.142333984375,-0.0423583984375,-0.010894775390625,-0.005584716796875,0.008087158203125,B,4,2026-08-22_23-06-48,2026-08-22
0.0,1.0,0.09124087591240876,1.0,0.20134228187919462,1.0,1.0,1.0,1.0,1.0,1.0,0.5413818359375,0.144287109375,-0.041748046875,-0.00811767578125,-0.00579833984375,0.005157470703125,B,4,2026-08-22_23-06-48,2026-08-22
0.0,1.0,0.0,1.0,0.8053691275167785,1.0,1.0,1.0,1.0,1.0,1.0,0.5390625,0.142333984375,-0.0433349609375,-0.00421142578125,-0.0045166015625,0.001220703125,B,4,2026-08-22_23-06-48,2026-08-22
0.0,1.0,0.0,1.0,0.348993288590604,1.0,1.0,1.0,1.0,1.0,1.0,0.5404052734375,0.14013671875,-0.048583984375,-0.00274658203125,-0.005096435546875,0.000885009765625,B,4,2026-08-22_23-06-48,2026-08-22
0.0,1.0,0.058394160583941604,1.0,0.8053691275167785,1.0,1.0,1.0,1.0,1.0,1.0,0.542724609375,0.1373291015625,-0.042236328125,-0.005889892578125,-0.010162353515625,0.000518798828125,B,4,2026-08-22_23-06-48,2026-08-22
0.00909090909090909,1.0,0.0,1.0,0.8053691275167785,1.0,1.0,1.0,1.0,1.0,1.0,0.534912109375,0.1373291015625,-0.042724609375,-0.008697509765625,-0.011566162109375,0.0018310546875,B,4,2026-08-22_23-06-48,2026-08-22
0.0,1.0,0.04744525547445255,1.0,0.5100671140939598,1.0,1.0,1.0,1.0,1.0,1.0,0.5355224609375,0.142333984375,-0.0458984375,-0.010711669921875,-0.011199951171875,0.0008544921875,B,4,2026-08-22_23-06-48,2026-08-22
0.0,1.0,0.0,1.0,0.8053691275167785,1.0,1.0,1.0,1.0,1.0,1.0,0.535400390625,0.1456298828125,-0.0426025390625,-0.0068359375,-0.00921630859375,-0.001220703125,B,4,2026-08-22_23-06-48,2026-08-22
0.0,1.0,0.0364963503649635,1.0,0.42953020134228187,1.0,1.0,1.0,1.0,1.0,1.0,0.539306640625,0.1416015625,-0.0501708984375,-0.001800537109375,-0.006134033203125,-0.001617431640625,B,4,2026-08-22_23-06-48,2026-08-22
0.04,1.0,0.010948905109489052,1.0,0.38926174496644295,1.0,1.0,1.0,1.0,1.0,1.0,0.537841796875,0.1478271484375,-0.0474853515625,-0.002471923828125,-0.006866455078125,-0.000640869140625,B,4,2026-08-22_23-06-48,2026-08-22
0.02,0.0,0.05474452554744526,1.0,0.21476510067114093,1.0,1.0,1.0,1.0,1.0,1.0,0.5372314453125,0.144287109375,-0.047119140625,-0.006866455078125,-0.00494384765625,0.002197265625,B,4,2026-08-22_23-06-48,2026-08-22
0.0,0.0,0.0,1.0,0.8053691275167785,1.0,1.0,1.0,1.0,1.0,1.0,0.5361328125,0.1466064453125,-0.0465087890625,-0.01092529296875,-0.004547119140625,0.0030517578125,B,4,2026-08-22_23-06-48,2026-08-22
0.0,0.0,0.0,1.0,0.8053691275167785,1.0,1.0,1.0,1.0,1.0,1.0,0.5406494140625,0.1475830078125,-0.0418701171875,-0.0054931640625,-0.003021240234375,0.00384521484375,B,4,2026-08-22_23-06-48,2026-08-22
0.005454545454545455,1.0,0.09124087591240876,1.0,0.38926174496644295,1.0,1.0,1.0,1.0,1.0,1.0,0.53662109375,0.144775390625,-0.0419921875,-0.007476806640625,-0.005126953125,0.003448486328125,B,4,2026-08-22_23-06-48,2026-08-22
0.04909090909090909,1.0,0.15693430656934307,1.0,0.37583892617449666,1.0,1.0,1.0,1.0,1.0,1.0,0.5418701171875,0.145263671875,-0.0445556640625,-0.007568359375,-0.008575439453125,0.0040283203125,B,4,2026-08-22_23-06-48,2026-08-22
0.0,1.0,0.0,1.0,0.20134228187919462,1.0,1.0,1.0,1.0,1.0,1.0,0.5379638671875,0.1446533203125,-0.0423583984375,-0.00335693359375,-0.013397216796875,0.005157470703125,B,4,2026-08-22_23-06-48,2026-08-22
0.0,1.0,0.0,1.0,0.8053691275167785,1.0,1.0,1.0,1.0,1.0,1.0,0.533935546875,0.148681640625,-0.050537109375,-0.0037841796875,-0.00823974609375,0.0045166015625,B,4,2026-08-22_23-06-48,2026-08-22
0.007272727272727273,1.0,0.0,1.0,0.8053691275167785,1.0,1.0,1.0,1.0,1.0,1.0,0.533935546875,0.1466064453125,-0.0438232421875,-0.00830078125,-0.007781982421875,0.00653076171875,B,4,2026-08-22_23-06-48,2026-08-22
0.0,0.0,0.014598540145985401,1.0,0.33557046979865773,1.0,1.0,1.0,1.0,1.0,1.0,0.5352783203125,0.13916015625,-0.0465087890625,-0.009063720703125,-0.006103515625,0.00732421875,B,4,2026-08-22_23-06-48,2026-08-22
0.9436363636363636,0.8350340136054422,0.8759124087591241,0.7603686635944701,0.174496644295302,1.0,1.0,1.0,1.0,1.0,0.0,0.5244140625,0.1270751953125,0.14013671875,-0.003448486328125,-0.000946044921875,0.007476806640625,A,0,2026-08-22_23-06-48,2026-08-22
1.0,0.7636054421768708,0.9927007299270073,0.7649769585253456,0.2684563758389262,1.0,1.0,1.0,1.0,1.0,0.0,0.5272216796875,0.1304931640625,0.15234375,-0.001190185546875,0.001251220703125,0.007568359375,A,0,2026-08-22_23-06-48,2026-08-22
1.0,0.8452380952380952,0.9744525547445255,0.9078341013824884,0.0,1.0,1.0,1.0,1.0,1.0,0.0,0.5262451171875,0.126708984375,0.1502685546875,-0.0018310546875,0.0009765625,0.007843017578125,A,0,2026-08-22_23-06-48,2026-08-22
0.9109090909090909,0.8928571428571429,0.8795620437956204,0.9032258064516129,0.1342281879194631,1.0,1.0,1.0,1.0,1.0,0.0,0.5274658203125,0.12255859375,0.1591796875,-0.0040283203125,-0.000274658203125,0.004364013671875,A,0,2026-08-22_23-06-48,2026-08-22
0.9072727272727272,0.9251700680272109,0.8759124087591241,1.0,0.1476510067114094,1.0,1.0,1.0,1.0,1.0,0.0,0.5247802734375,0.1270751953125,0.159912109375,-0.008056640625,-0.001678466796875,6.103515625e-05,A,0,2026-08-22_23-06-48,2026-08-22
1.0,0.8180272108843537,1.0,0.7419354838709677,0.0,1.0,1.0,1.0,1.0,1.0,0.0,0.524658203125,0.135009765625,0.1534423828125,-0.0072021484375,-0.0025634765625,-0.00128173828125,A,0,2026-08-22_23-06-48,2026-08-22
0.9127272727272727,0.9064625850340136,0.8138686131386861,1.0,0.1476510067114094,1.0,1.0,1.0,1.0,1.0,0.0,0.5216064453125,0.1363525390625,0.1549072265625,-0.00750732421875,-0.002227783203125,0.000701904296875,A,0,2026-08-22_23-06-48,2026-08-22
0.9272727272727272,0.9217687074829932,0.791970802919708,1.0,0.3624161073825503,1.0,1.0,1.0,1.0,1.0,0.0,0.5185546875,0.1397705078125,0.158447265625,-0.00384521484375,0.000732421875,0.0035400390625,A,0,2026-08-22_23-06-48,2026-08-22
1.0,0.8520408163265306,0.7591240875912408,1.0,0.2953020134228188,1.0,1.0,1.0,1.0,1.0,0.0,0.5235595703125,0.1334228515625,0.166015625,-0.000579833984375,-0.004180908203125,0.00738525390625,A,0,2026-08-22_23-06-48,2026-08-22
1.0,0.8333333333333334,1.0,0.7511520737327189,0.33557046979865773,1.0,1.0,1.0,1.0,1.0,0.0,0.520751953125,0.1292724609375,0.1600341796875,0.0001220703125,-0.00982666015625,0.006805419921875,A,0,2026-08-22_23-06-48,2026-08-22
1.0,0.8061224489795918,1.0,0.7788018433179723,0.0,1.0,1.0,1.0,1.0,1.0,0.0,0.515869140625,0.1260986328125,0.1524658203125,-0.006622314453125,-0.011749267578125,0.001251220703125,A,0,2026-08-22_23-06-48,2026-08-22
1.0,0.8809523809523809,0.8868613138686131,1.0,0.2953020134228188,1.0,1.0,1.0,1.0,1.0,0.0,0.515869140625,0.1317138671875,0.1551513671875,-0.008392333984375,-0.012481689453125,0.00018310546875,A,0,2026-08-22_23-06-48,2026-08-22
1.0,0.814625850340136,0.9343065693430657,0.7235023041474654,0.18791946308724833,1.0,1.0,1.0,1.0,1.0,0.0,0.5211181640625,0.132568359375,0.1507568359375,-0.011627197265625,-0.01361083984375,0.000213623046875,A,0,2026-08-22_23-06-48,2026-08-22
0.9854545454545455,0.8520408163265306,0.9233576642335767,0.8940092165898618,0.0,1.0,1.0,1.0,1.0,1.0,0.0,0.5177001953125,0.1331787109375,0.1500244140625,-0.0164794921875,-0.012237548828125,-0.000457763671875,A,0,2026-08-22_23-06-48,2026-08-22
1.0,0.7704081632653061,1.0,0.6543778801843319,0.12080536912751678,1.0,1.0,1.0,1.0,1.0,0.0,0.520263671875,0.140625,0.1502685546875,-0.013946533203125,-0.01043701171875,0.00189208984375,A,0,2026-08-22_23-06-48,2026-08-22
0.94,0.8741496598639455,0.8576642335766423,1.0,0.37583892617449666,1.0,1.0,1.0,1.0,1.0,0.0,0.5250244140625,0.1351318359375,0.14892578125,-0.015533447265625,-0.013214111328125,0.00347900390625,A,0,2026-08-22_23-06-48,2026-08-22
1.0,0.8979591836734694,0.9598540145985401,0.9723502304147466,0.22818791946308725,1.0,1.0,1.0,1.0,1.0,0.0,0.525146484375,0.143310546875,0.1478271484375,-0.017303466796875,-0.015350341796875,0.0025634765625,A,0,2026-08-22_23-06-48,2026-08-22
1.0,0.8282312925170068,0.9051094890510949,0.695852534562212,0.1476510067114094,1.0,1.0,1.0,1.0,1.0,0.0,0.5244140625,0.142822265625,0.145751953125,-0.016998291015625,-0.01715087890625,0.005218505859375,A,0,2026-08-22_23-06-48,2026-08-22
0.9890909090909091,0.8248299319727891,1.0,0.6589861751152074,0.10738255033557047,1.0,1.0,1.0,1.0,1.0,0.0,0.5245361328125,0.140380859375,0.1436767578125,-0.019134521484375,-0.01556396484375,0.008575439453125,A,0,2026-08-22_23-06-48,2026-08-22
1.0,0.7840136054421769,1.0,0.7188940092165899,0.28187919463087246,1.0,1.0,1.0,1.0,1.0,0.0,0.5250244140625,0.135986328125,0.1446533203125,-0.0152587890625,-0.013153076171875,0.01153564453125,A,0,2026-08-22_23-06-48,2026-08-22
1.0,0.7755102040816326,1.0,0.9078341013824884,0.1610738255033557,1.0,1.0,1.0,1.0,1.0,0.0,0.5234375,0.136962890625,0.1480712890625,-0.01580810546875,-0.0107421875,0.01019287109375,A,0,2026-08-22_23-06-48,2026-08-22
1.0,0.8486394557823129,1.0,0.7419354838709677,0.06711409395973154,1.0,1.0,1.0,1.0,1.0,0.0,0.5238037109375,0.129638671875,0.149658203125,-0.013763427734375,-0.009735107421875,0.01025390625,A,0,2026-08-22_23-06-48,2026-08-22
0.9072727272727272,0.8792517006802721,0.781021897810219,0.8847926267281107,0.1342281879194631,1.0,1.0,1.0,1.0,1.0,0.0,0.5262451171875,0.1214599609375,0.1474609375,-0.010711669921875,-0.010284423828125,0.009613037109375,A,0,2026-08-22_23-06-48,2026-08-22
0.9490909090909091,0.8503401360544217,0.8941605839416058,0.7511520737327189,0.026845637583892617,1.0,1.0,1.0,1.0,1.0,0.0,0.526611328125,0.1180419921875,0.1544189453125,-0.013092041015625,-0.01025390625,0.00482177734375,A,0,2026-08-22_23-06-48,2026-08-22
0.96,0.9268707482993197,0.6605839416058394,1.0,0.2953020134228188,1.0,1.0,1.0,1.0,1.0,0.0,0.5283203125,0.12353515625,0.1585693359375,-0.01422119140625,-0.012176513671875,-0.000701904296875,A,0,2026-08-22_23-06-48,2026-08-22
0.9927272727272727,0.8860544217687075,0.8832116788321168,0.9723502304147466,0.8053691275167785,1.0,1.0,1.0,1.0,1.0,0.0,0.521484375,0.12451171875,0.155029296875,-0.014373779296875,-0.01385498046875,-0.002838134765625,A,0,2026-08-22_23-06-48,2026-08-22
1.0,0.7721088435374149,1.0,0.7327188940092166,0.1476510067114094,1.0,1.0,1.0,1.0,1.0,0.0,0.521728515625,0.12939453125,0.147216796875,-0.0167236328125,-0.010162353515625,-0.003448486328125,A,0,2026-08-22_23-06-48,2026-08-22
1.0,0.7806122448979592,1.0,0.6820276497695853,0.37583892617449666,1.0,1.0,1.0,1.0,1.0,0.0,0.5277099609375,0.1356201171875,0.1505126953125,-0.014251708984375,-0.006500244140625,-0.00140380859375,A,0,2026-08-22_23-06-48,2026-08-22
0.9672727272727273,0.7721088435374149,1.0,0.6866359447004609,0.1476510067114094,1.0,1.0,1.0,1.0,1.0,0.0,0.52490234375,0.1385498046875,0.149658203125,-0.007965087890625,-0.005615234375,0.00396728515625,A,0,2026-08-22_23-06-48,2026-08-22
1.0,0.7159863945578231,1.0,0.7880184331797235,0.0,1.0,1.0,1.0,1.0,1.0,0.0,0.5230712890625,0.1329345703125,0.1490478515625,-0.0064697265625,-0.005126953125,0.00469970703125,A,0,2026-08-22_23-06-48,2026-08-22
0.9781818181818182,0.814625850340136,0.7846715328467153,0.9539170506912442,0.24161073825503357,1.0,1.0,1.0,1.0,1.0,0.0,0.5234375,0.128173828125,0.152587890625,-0.00628662109375,-0.00390625,0.0028076171875,A,0,2026-08-22_23-06-48,2026-08-22
0.9690909090909091,0.9336734693877551,0.8759124087591241,1.0,0.8053691275167785,1.0,1.0,1.0,1.0,1.0,0.0,0.5184326171875,0.1363525390625,0.1580810546875,-0.0079345703125,-0.007232666015625,0.0023193359375,A,0,2026-08-22_23-06-48,2026-08-22
0.9109090909090909,0.9200680272108843,0.791970802919708,0.9539170506912442,0.8053691275167785,1.0,1.0,1.0,1.0,1.0,0.0,0.5179443359375,0.1353759765625,0.152099609375,-0.0072021484375,-0.009033203125,0.004608154296875,A,0,2026-08-22_23-06-48,2026-08-22
0.9709090909090909,0.9098639455782312,0.9927007299270073,0.9354838709677419,0.0,1.0,1.0,1.0,1.0,1.0,0.0,0.52197265625,0.1317138671875,0.1502685546875,-0.009674072265625,-0.012481689453125,0.002899169921875,A,0,2026-08-22_23-06-48,2026-08-22
1.0,0.8639455782312925,0.9817518248175182,1.0,0.24161073825503357,1.0,1.0,1.0,1.0,1.0,0.0,0.5201416015625,0.1334228515625,0.1513671875,-0.010528564453125,-0.01513671875,0.00067138671875,A,0,2026-08-22_23-06-48,2026-08-22
1.0,0.891156462585034,0.8868613138686131,0.7373271889400922,0.4161073825503356,1.0,1.0,1.0,1.0,1.0,0.0,0.5185546875,0.1412353515625,0.150390625,-0.011749267578125,-0.01531982421875,0.00384521484375,A,0,2026-08-22_23-06-48,2026-08-22
1.0,0.9506802721088435,1.0,1.0,0.4966442953020134,1.0,1.0,1.0,1.0,1.0,0.0,0.5244140625,0.14404296875,0.14501953125,-0.005096435546875,-0.014923095703125,0.009765625,A,0,2026-08-22_23-06-48,2026-08-22
1.0,0.7653061224489796,0.5875912408759124,0.7327188940092166,0.0,1.0,1.0,1.0,1.0,1.0,0.0,0.5260009765625,0.142822265625,0.1448974609375,0.0064697265625,-0.014312744140625,0.0191650390625,A,0,2026-08-22_23-06-48,2026-08-22
1.0,0.826530612244898,0.8941605839416058,1.0,0.3087248322147651,1.0,1.0,1.0,1.0,1.0,0.0,0.5223388671875,0.1373291015625,0.145263671875,0.018890380859375,-0.008697509765625,0.02587890625,A,0,2026-08-22_23-06-48,2026-08-22
1.0,0.8962585034013606,0.9379562043795621,0.9447004608294931,0.0,1.0,1.0,1.0,1.0,1.0,0.0,0.526123046875,0.118408203125,0.14404296875,0.025421142578125,0.001495361328125,0.023345947265625,A,0,2026-08-22_23-06-48,2026-08-22
0.9490909090909091,0.8928571428571429,0.9379562043795621,1.0,0.348993288590604,1.0,1.0,1.0,1.0,1.0,0.0,0.5416259765625,0.1080322265625,0.1082763671875,-0.00592041015625,-0.016143798828125,0.001556396484375,A,1,2026-08-22_23-06-48,2026-08-22
0.9618181818181818,0.8469387755102041,0.9379562043795621,0.9216589861751152,0.1610738255033557,1.0,1.0,1.0,1.0,1.0,0.0,0.5391845703125,0.1116943359375,0.1051025390625,-0.01153564453125,-0.016021728515625,0.0023193359375,A,1,2026-08-22_23-06-48,2026-08-22
0.9981818181818182,0.8894557823129252,0.9927007299270073,1.0,0.28187919463087246,1.0,1.0,1.0,1.0,1.0,0.0,0.5391845703125,0.1094970703125,0.106689453125,-0.00750732421875,-0.013458251953125,0.008026123046875,A,1,2026-08-22_23-06-48,2026-08-22
0.9581818181818181,0.8809523809523809,0.8832116788321168,0.815668202764977,0.4966442953020134,1.0,1.0,1.0,1.0,1.0,0.0,0.5377197265625,0.102294921875,0.1033935546875,-0.006103515625,-0.010009765625,0.006256103515625,A,1,2026-08-22_23-06-48,2026-08-22
0.9327272727272727,0.9081632653061225,0.7043795620437956,0.9585253456221198,0.013422818791946308,1.0,1.0,1.0,1.0,1.0,0.0,0.5430908203125,0.1036376953125,0.1053466796875,-0.00262451171875,-0.008209228515625,0.005584716796875,A,1,2026-08-22_23-06-48,2026-08-22
1.0,0.8435374149659864,0.8941605839416058,0.7880184331797235,0.37583892617449666,1.0,1.0,1.0,1.0,1.0,0.0,0.5416259765625,0.10498046875,0.1060791015625,-0.004486083984375,-0.006927490234375,0.004669189453125,A,1,2026-08-22_23-06-48,2026-08-22
1.0,0.8809523809523809,0.9233576642335767,1.0,0.3087248322147651,1.0,1.0,1.0,1.0,1.0,0.0,0.542724609375,0.1029052734375,0.1021728515625,-0.000518798828125,-0.004486083984375,0.007080078125,A,1,2026-08-22_23-06-48,2026-08-22
0.94,0.9693877551020408,0.791970802919708,1.0,0.8053691275167785,1.0,1.0,1.0,1.0,1.0,0.0,0.546142578125,0.08984375,0.1033935546875,-0.00311279296875,-0.00567626953125,0.00115966796875,A,1,2026-08-22_23-06-48,2026-08-22
1.0,0.858843537414966,0.9963503649635036,0.8940092165898618,0.013422818791946308,1.0,1.0,1.0,1.0,1.0,0.0,0.53857421875,0.1002197265625,0.10205078125,-0.01312255859375,-0.004241943359375,-0.005859375,A,1,2026-08-22_23-06-48,2026-08-22
0.8818181818181818,0.9659863945578231,0.9124087591240876,0.8663594470046083,0.21476510067114093,1.0,1.0,1.0,1.0,1.0,0.0,0.538818359375,0.10791015625,0.0994873046875,3.0517578125e-05,-0.005157470703125,-0.003204345703125,A,1,2026-08-22_23-06-48,2026-08-22
1.0,0.8044217687074829,1.0,0.6866359447004609,0.18791946308724833,1.0,1.0,1.0,1.0,1.0,0.0,0.5445556640625,0.110595703125,0.102294921875,0.00384521484375,0.0035400390625,-0.004852294921875,A,1,2026-08-22_23-06-48,2026-08-22
0.9709090909090909,0.9370748299319728,0.7445255474452555,1.0,0.4161073825503356,1.0,1.0,1.0,1.0,1.0,0.0,0.547607421875,0.10693359375,0.1080322265625,-0.000762939453125,0.002655029296875,-0.008148193359375,A,1,2026-08-22_23-06-48,2026-08-22
0.9927272727272727,0.8605442176870748,0.8211678832116789,0.7373271889400922,0.22818791946308725,1.0,1.0,1.0,1.0,1.0,0.0,0.5460205078125,0.1087646484375,0.112548828125,-0.003753662109375,-0.00311279296875,-0.00579833984375,A,1,2026-08-22_23-06-48,2026-08-22
0.9418181818181818,0.8639455782312925,0.708029197080292,0.8940092165898618,0.5369127516778524,1.0,1.0,1.0,1.0,1.0,0.0,0.537841796875,0.11279296875,0.105712890625,-0.009765625,-0.0045166015625,-0.0030517578125,A,1,2026-08-22_23-06-48,2026-08-22
0.9109090909090909,0.8656462585034014,0.9379562043795621,0.6728110599078341,0.21476510067114093,1.0,1.0,1.0,1.0,1.0,0.0,0.5423583984375,0.116455078125,0.1126708984375,-0.006988525390625,-0.0028076171875,-0.00225830078125,A,1,2026-08-22_23-06-48,2026-08-22
1.0,0.8503401360544217,0.9817518248175182,0.8617511520737328,0.24161073825503357,1.0,1.0,1.0,1.0,1.0,0.0,0.53857421875,0.1168212890625,0.108642578125,-0.00836181640625,-0.001434326171875,-0.001922607421875,A,1,2026-08-22_23-06-48,2026-08-22
0.9272727272727272,0.8996598639455783,0.7408759124087592,0.9723502304147466,0.0,1.0,1.0,1.0,1.0,1.0,0.0,0.5438232421875,0.1124267578125,0.113525390625,-0.016510009765625,-0.003753662109375,-0.00079345703125,A,1,2026-08-22_23-06-48,2026-08-22
1.0,0.8112244897959183,1.0,0.5944700460829493,0.0,1.0,1.0,1.0,1.0,1.0,0.0,0.541748046875,0.115234375,0.1148681640625,-0.016265869140625,-0.007171630859375,0.002899169921875,A,1,2026-08-22_23-06-48,2026-08-22
1.0,0.8095238095238095,1.0,0.7235023041474654,0.053691275167785234,1.0,1.0,1.0,1.0,1.0,0.0,0.5374755859375,0.1063232421875,0.109375,-0.018096923828125,-0.00579833984375,-0.001434326171875,A,1,2026-08-22_23-06-48,2026-08-22
0.8818181818181818,0.9574829931972789,0.6788321167883211,1.0,0.013422818791946308,1.0,1.0,1.0,1.0,1.0,0.0,0.5399169921875,0.10595703125,0.107177734375,-0.020294189453125,-0.004425048828125,-0.005889892578125,A,1,2026-08-22_23-06-48,2026-08-22
0.88,0.8928571428571429,0.7664233576642335,1.0,0.4563758389261745,1.0,1.0,1.0,1.0,1.0,0.0,0.5413818359375,0.107666015625,0.1162109375,-0.02020263671875,-0.00830078125,-0.00640869140625,A,1,2026-08-22_23-06-48,2026-08-22
0.9927272727272727,0.8826530612244898,0.8248175182481752,1.0,0.2953020134228188,1.0,1.0,1.0,1.0,1.0,0.0,0.541015625,0.10498046875,0.109130859375,-0.02435302734375,-0.008880615234375,-0.008697509765625,A,1,2026-08-22_23-06-48,2026-08-22
1.0,0.9081632653061225,0.9854014598540146,0.8110599078341014,0.053691275167785234,1.0,1.0,1.0,1.0,1.0,0.0,0.5360107421875,0.1112060546875,0.1065673828125,-0.022430419921875,-0.00604248046875,-0.00909423828125,A,1,2026-08-22_23-06-48,2026-08-22
1.0,0.8248299319727891,1.0,0.8847926267281107,0.1342281879194631,1.0,1.0,1.0,1.0,1.0,0.0,0.5372314453125,0.11328125,0.1104736328125,-0.01409912109375,-0.00262451171875,-0.004425048828125,A,1,2026-08-22_23-06-48,2026-08-22
1.0,0.9387755102040817,0.8832116788321168,1.0,0.22818791946308725,1.0,1.0,1.0,1.0,1.0,0.0,0.5369873046875,0.109375,0.1060791015625,-0.011383056640625,-0.002655029296875,-0.003997802734375,A,1,2026-08-22_23-06-48,2026-08-22
0.9709090909090909,0.7721088435374149,0.9927007299270073,0.7603686635944701,0.33557046979865773,1.0,1.0,1.0,1.0,1.0,0.0,0.54052734375,0.115478515625,0.112548828125,-0.014129638671875,-0.0013427734375,-0.00628662109375,A,1,2026-08-22_23-06-48,2026-08-22
1.0,0.858843537414966,1.0,0.7373271889400922,0.8053691275167785,1.0,1.0,1.0,1.0,1.0,0.0,0.5360107421875,0.1131591796875,0.11669921875,-0.009307861328125,-0.00262451171875,-0.001739501953125,A,1,2026-08-22_23-06-48,2026-08-22
1.0,0.8078231292517006,0.7481751824817519,1.0,0.8053691275167785,1.0,1.0,1.0,1.0,1.0,0.0,0.5350341796875,0.112548828125,0.1158447265625,-0.010772705078125,-0.002777099609375,-0.000579833984375,A,1,2026-08-22_23-06-48,2026-08-22
1.0,0.8996598639455783,0.9963503649635036,1.0,0.0,1.0,1.0,1.0,1.0,1.0,0.0,0.5306396484375,0.11474609375,0.1197509765625,-0.01385498046875,-0.0029296875,-0.001373291015625,A,1,2026-08-22_23-06-48,2026-08-22
0.9636363636363636,0.9013605442176871,0.8759124087591241,0.9262672811059908,0.0,1.0,1.0,1.0,1.0,1.0,0.0,0.532470703125,0.110107421875,0.1170654296875,-0.004425048828125,-0.004852294921875,0.001922607421875,A,1,2026-08-22_23-06-48,2026-08-22
1.0,0.8214285714285714,1.0,1.0,0.0,1.0,1.0,1.0,1.0,1.0,0.0,0.533203125,0.1102294921875,0.1204833984375,-0.0106201171875,-0.006622314453125,-0.002410888671875,A,1,2026-08-22_23-06-48,2026-08-22
1.0,0.9523809523809523,1.0,1.0,0.053691275167785234,1.0,1.0,1.0,1.0,1.0,0.0,0.5316162109375,0.1143798828125,0.115478515625,-0.01177978515625,-0.008331298828125,-0.003143310546875,A,1,2026-08-22_23-06-48,2026-08-22
1.0,0.8843537414965986,1.0,0.8847926267281107,0.0,1.0,1.0,1.0,1.0,1.0,0.0,0.5360107421875,0.1142578125,0.1165771484375,-0.01177978515625,-0.010467529296875,-0.000244140625,A,1,2026-08-22_23-06-48,2026-08-22
1.0,0.9931972789115646,0.6934306569343066,0.8525345622119815,0.06711409395973154,1.0,1.0,1.0,1.0,1.0,0.0,0.5357666015625,0.12158203125,0.110595703125,-0.013641357421875,-0.007965087890625,0.001861572265625,A,1,2026-08-22_23-06-48,2026-08-22
0.9981818181818182,0.8724489795918368,1.0,0.783410138248848,0.21476510067114093,1.0,1.0,1.0,1.0,1.0,0.0,0.536376953125,0.123779296875,0.1142578125,-0.01116943359375,-0.00860595703125,0.0068359375,A,1,2026-08-22_23-06-48,2026-08-22
1.0,0.8010204081632653,0.8686131386861314,0.8847926267281107,0.0,1.0,1.0,1.0,1.0,1.0,0.0,0.534423828125,0.1173095703125,0.1129150390625,-0.004791259765625,-0.00860595703125,0.0126953125,A,1,2026-08-22_23-06-48,2026-08-22
1.0,0.9064625850340136,0.9379562043795621,0.8064516129032258,0.06711409395973154,1.0,1.0,1.0,1.0,1.0,0.0,0.536376953125,0.1085205078125,0.107177734375,-0.00408935546875,-0.006317138671875,0.00885009765625,A,1,2026-08-22_23-06-48,2026-08-22
1.0,0.8486394557823129,0.9890510948905109,0.8847926267281107,0.1342281879194631,1.0,1.0,1.0,1.0,1.0,0.0,0.5396728515625,0.108154296875,0.1097412109375,-0.0064697265625,-0.005706787109375,0.004486083984375,A,1,2026-08-22_23-06-48,2026-08-22
0.9709090909090909,0.8554421768707483,0.9452554744525548,0.8571428571428571,0.06711409395973154,1.0,1.0,1.0,1.0,1.0,0.0,0.53955078125,0.1094970703125,0.1136474609375,-0.014923095703125,-0.007537841796875,0.001434326171875,A,1,2026-08-22_23-06-48,2026-08-22
1.0,0.8894557823129252,0.8321167883211679,0.7603686635944701,0.2684563758389262,1.0,1.0,1.0,1.0,1.0,0.0,0.5360107421875,0.111572265625,0.11376953125,-0.01544189453125,-0.008453369140625,0.00262451171875,A,1,2026-08-22_23-06-48,2026-08-22
1.0,0.826530612244898,1.0,0.7972350230414746,0.20134228187919462,1.0,1.0,1.0,1.0,1.0,0.0,0.530029296875,0.1043701171875,0.15283203125,0.000579833984375,-0.013885498046875,0.001708984375,A,2,2026-08-22_23-06-48,2026-08-22
1.0,0.9540816326530612,0.8065693430656934,1.0,0.8053691275167785,1.0,1.0,1.0,1.0,1.0,0.0,0.5274658203125,0.1070556640625,0.1524658203125,-0.00775146484375,-0.014617919921875,-0.00128173828125,A,2,2026-08-22_23-06-48,2026-08-22
1.0,0.8809523809523809,1.0,0.6589861751152074,0.1476510067114094,1.0,1.0,1.0,1.0,1.0,0.0,0.5299072265625,0.110107421875,0.1556396484375,-0.009613037109375,-0.019073486328125,0.00299072265625,A,2,2026-08-22_23-06-48,2026-08-22
1.0,0.79421768707483,1.0,0.8018433179723502,0.0,1.0,1.0,1.0,1.0,1.0,0.0,0.5311279296875,0.111572265625,0.1507568359375,-0.010040283203125,-0.018402099609375,0.004364013671875,A,2,2026-08-22_23-06-48,2026-08-22
0.9272727272727272,0.9778911564625851,0.8759124087591241,0.9032258064516129,0.8053691275167785,1.0,1.0,1.0,1.0,1.0,0.0,0.5257568359375,0.113037109375,0.149169921875,-0.005859375,-0.0142822265625,0.004974365234375,A,2,2026-08-22_23-06-48,2026-08-22
0.9745454545454545,0.9387755102040817,0.7262773722627737,1.0,0.4966442953020134,1.0,1.0,1.0,1.0,1.0,0.0,0.5299072265625,0.1107177734375,0.1488037109375,0.006805419921875,-0.012451171875,0.006378173828125,A,2,2026-08-22_23-06-48,2026-08-22
0.9236363636363636,0.8758503401360545,0.8321167883211679,0.9585253456221198,0.22818791946308725,1.0,1.0,1.0,1.0,1.0,0.0,0.5291748046875,0.106689453125,0.145751953125,-0.002044677734375,-0.010711669921875,0.00115966796875,A,2,2026-08-22_23-06-48,2026-08-22
1.0,0.8095238095238095,0.9963503649635036,1.0,0.37583892617449666,1.0,1.0,1.0,1.0,1.0,0.0,0.5264892578125,0.1182861328125,0.1434326171875,-0.002685546875,-0.00714111328125,0.003326416015625,A,2,2026-08-22_23-06-48,2026-08-22
0.8854545454545455,0.8894557823129252,0.7664233576642335,0.9400921658986175,0.348993288590604,1.0,1.0,1.0,1.0,1.0,0.0,0.5286865234375,0.1021728515625,0.1427001953125,-0.0037841796875,-0.00518798828125,0.00244140625,A,2,2026-08-22_23-06-48,2026-08-22
1.0,0.8316326530612245,1.0,1.0,0.10738255033557047,1.0,1.0,1.0,1.0,1.0,0.0,0.5323486328125,0.11083984375,0.1497802734375,-0.016265869140625,-0.00482177734375,-0.003173828125,A,2,2026-08-22_23-06-48,2026-08-22
1.0,0.8282312925170068,1.0,0.8294930875576036,0.2953020134228188,1.0,1.0,1.0,1.0,1.0,0.0,0.5330810546875,0.1148681640625,0.149658203125,-0.01080322265625,-0.007720947265625,-0.001495361328125,A,2,2026-08-22_23-06-48,2026-08-22
1.0,0.9404761904761905,0.7481751824817519,1.0,0.3221476510067114,1.0,1.0,1.0,1.0,1.0,0.0,0.5302734375,0.113037109375,0.1402587890625,-0.010284423828125,-0.00836181640625,-0.002227783203125,A,2,2026-08-22_23-06-48,2026-08-22
1.0,0.8350340136054422,1.0,0.9308755760368663,0.8053691275167785,1.0,1.0,1.0,1.0,1.0,0.0,0.530029296875,0.1170654296875,0.14404296875,-0.00384521484375,-0.00567626953125,-0.001739501953125,A,2,2026-08-22_23-06-48,2026-08-22
1.0,0.8503401360544217,1.0,0.8202764976958525,0.0,1.0,1.0,1.0,1.0,1.0,0.0,0.53662109375,0.118896484375,0.1461181640625,-0.002716064453125,-0.00341796875,-0.001251220703125,A,2,2026-08-22_23-06-48,2026-08-22
0.9127272727272727,0.9608843537414966,0.8722627737226277,1.0,0.18791946308724833,1.0,1.0,1.0,1.0,1.0,0.0,0.5294189453125,0.114501953125,0.149169921875,-0.0072021484375,-0.001556396484375,-0.003570556640625,A,2,2026-08-22_23-06-48,2026-08-22
1.0,0.8469387755102041,1.0,0.9447004608294931,0.1610738255033557,1.0,1.0,1.0,1.0,1.0,0.0,0.531982421875,0.115966796875,0.1484375,0.001251220703125,-0.001678466796875,0.002227783203125,A,2,2026-08-22_23-06-48,2026-08-22
1.0,0.8418367346938775,1.0,0.8341013824884793,0.0,1.0,1.0,1.0,1.0,1.0,0.0,0.52685546875,0.10986328125,0.144287109375,-0.010589599609375,-0.00164794921875,-0.0040283203125,A,2,2026-08-22_23-06-48,2026-08-22
1.0,0.8809523809523809,0.8138686131386861,1.0,0.28187919463087246,1.0,1.0,1.0,1.0,1.0,0.0,0.5244140625,0.120361328125,0.15185546875,-0.010223388671875,0.000885009765625,-0.003143310546875,A,2,2026-08-22_23-06-48,2026-08-22
1.0,0.9285714285714286,0.781021897810219,1.0,0.38926174496644295,1.0,1.0,1.0,1.0,1.0,0.0,0.527587890625,0.1214599609375,0.15869140625,-0.002716064453125,0.001312255859375,0.001983642578125,A,2,2026-08-22_23-06-48,2026-08-22
1.0,0.8758503401360545,0.8722627737226277,0.9447004608294931,0.1342281879194631,1.0,1.0,1.0,1.0,1.0,0.0,0.5321044921875,0.1195068359375,0.1593017578125,-0.001251220703125,-0.00115966796875,0.000335693359375,A,2,2026-08-22_23-06-48,2026-08-22
1.0,0.8894557823129252,0.9854014598540146,0.8525345622119815,0.06711409395973154,1.0,1.0,1.0,1.0,1.0,0.0,0.5269775390625,0.1175537109375,0.1563720703125,-0.007598876953125,-0.001800537109375,0.00238037109375,A,2,2026-08-22_23-06-48,2026-08-22
1.0,0.7976190476190477,0.9854014598540146,0.8341013824884793,0.1476510067114094,1.0,1.0,1.0,1.0,1.0,0.0,0.5257568359375,0.11474609375,0.154541015625,-0.004730224609375,-0.005035400390625,0.004638671875,A,2,2026-08-22_23-06-48,2026-08-22
1.0,0.8843537414965986,1.0,0.8387096774193549,0.33557046979865773,1.0,1.0,1.0,1.0,1.0,0.0,0.5238037109375,0.107666015625,0.15185546875,-0.01287841796875,-0.00701904296875,0.0009765625,A,2,2026-08-22_23-06-48,2026-08-22
1.0,0.9421768707482994,1.0,1.0,0.08053691275167785,1.0,1.0,1.0,1.0,1.0,0.0,0.521484375,0.118408203125,0.1583251953125,-0.015380859375,-0.00506591796875,0.001220703125,A,2,2026-08-22_23-06-48,2026-08-22
0.9363636363636364,0.8282312925170068,0.6751824817518248,1.0,0.8053691275167785,1.0,1.0,1.0,1.0,1.0,0.0,0.5205078125,0.1082763671875,0.1475830078125,-0.00799560546875,-0.00726318359375,0.0020751953125,A,2,2026-08-22_23-06-48,2026-08-22
0.94,0.7840136054421769,1.0,0.7972350230414746,0.2953020134228188,1.0,1.0,1.0,1.0,1.0,0.0,0.518798828125,0.1114501953125,0.1505126953125,-0.010467529296875,-0.001983642578125,-0.005401611328125,A,2,2026-08-22_23-06-48,2026-08-22
1.0,0.7125850340136054,0.7700729927007299,0.631336405529954,0.0,1.0,1.0,1.0,1.0,1.0,0.0,0.5203857421875,0.13134765625,0.1572265625,0.011993408203125,0.007568359375,-0.009063720703125,A,2,2026-08-22_23-06-48,2026-08-22
1.0,1.0,1.0,0.9815668202764977,0.0,1.0,1.0,1.0,1.0,1.0,0.0,0.5263671875,0.11962890625,0.1513671875,0.024078369140625,-0.001678466796875,0.008758544921875,A,2,2026-08-22_23-06-48,2026-08-22
0.8872727272727273,1.0,1.0,1.0,0.06711409395973154,1.0,1.0,1.0,1.0,1.0,0.0,0.5316162109375,0.107666015625,0.14794921875,0.033721923828125,-0.0048828125,0.0128173828125,A,2,2026-08-22_23-06-48,2026-08-22
0.92,0.9710884353741497,0.9525547445255474,1.0,0.37583892617449666,1.0,1.0,1.0,1.0,1.0,0.0,0.530517578125,0.103515625,0.1549072265625,0.013916015625,0.0013427734375,0.0006103515625,A,2,2026-08-22_23-06-48,2026-08-22
0.9490909090909091,0.8044217687074829,1.0,1.0,0.0,1.0,1.0,1.0,1.0,1.0,0.0,0.5325927734375,0.11474609375,0.1552734375,0.008148193359375,-0.000885009765625,-0.0010986328125,A,2,2026-08-22_23-06-48,2026-08-22
0.8727272727272727,0.9251700680272109,1.0,1.0,0.2684563758389262,1.0,1.0,1.0,1.0,1.0,0.0,0.5404052734375,0.1148681640625,0.15283203125,-0.008697509765625,-0.008453369140625,0.001129150390625,A,2,2026-08-22_23-06-48,2026-08-22
0.94,0.8996598639455783,0.7773722627737226,0.880184331797235,0.1476510067114094,1.0,1.0,1.0,1.0,1.0,0.0,0.53271484375,0.118408203125,0.150146484375,-0.029022216796875,-0.009429931640625,-0.00250244140625,A,2,2026-08-22_23-06-48,2026-08-22
1.0,0.9132653061224489,1.0,0.8064516129032258,0.22818791946308725,1.0,1.0,1.0,1.0,1.0,0.0,0.5296630859375,0.1336669921875,0.149169921875,-0.023406982421875,-0.006622314453125,0.00323486328125,A,2,2026-08-22_23-06-48,2026-08-22
0.9345454545454546,0.8843537414965986,0.9343065693430657,0.9124423963133641,0.22818791946308725,1.0,1.0,1.0,1.0,1.0,0.0,0.5289306640625,0.125244140625,0.146484375,-0.004119873046875,-0.0045166015625,0.007293701171875,A,2,2026-08-22_23-06-48,2026-08-22
1.0,0.8843537414965986,0.8540145985401459,0.8341013824884793,0.22818791946308725,1.0,1.0,1.0,1.0,1.0,0.0,0.5302734375,0.109130859375,0.149169921875,-0.001190185546875,-0.003570556640625,0.00518798828125,A,2,2026-08-22_23-06-48,2026-08-22
1.0,0.8843537414965986,1.0,1.0,0.33557046979865773,1.0,1.0,1.0,1.0,1.0,0.0,0.527587890625,0.1124267578125,0.148193359375,0.004730224609375,-0.005157470703125,0.001861572265625,A,2,2026-08-22_23-06-48,2026-08-22
1.0,0.8792517006802721,0.948905109489051,0.9769585253456221,0.8053691275167785,1.0,1.0,1.0,1.0,1.0,0.0,0.5245361328125,0.116943359375,0.145263671875,0.0,-0.003662109375,0.0003662109375,A,2,2026-08-22_23-06-48,2026-08-22
1.0,0.9421768707482994,0.8941605839416058,1.0,0.21476510067114093,1.0,1.0,1.0,1.0,1.0,0.0,0.5230712890625,0.117431640625,0.1513671875,-0.01068115234375,-0.00531005859375,0.000213623046875,A,2,2026-08-22_23-06-48,2026-08-22
0.94,0.8486394557823129,0.6970802919708029,0.815668202764977,0.8053691275167785,1.0,1.0,1.0,1.0,1.0,0.0,0.5242919921875,0.1204833984375,0.1568603515625,-0.01910400390625,-0.007049560546875,0.000518798828125,A,2,2026-08-22_23-06-48,2026-08-22
1.0,0.8639455782312925,0.9598540145985401,0.815668202764977,0.013422818791946308,1.0,1.0,1.0,1.0,1.0,0.0,0.534423828125,0.1109619140625,0.139892578125,-0.004638671875,-0.007415771484375,0.018096923828125,A,3,2026-08-22_23-06-48,2026-08-22
0.9981818181818182,0.8163265306122449,0.8905109489051095,0.9124423963133641,0.348993288590604,1.0,1.0,1.0,1.0,1.0,0.0,0.534423828125,0.095458984375,0.139404296875,-0.002532958984375,-0.01025390625,0.0208740234375,A,3,2026-08-22_23-06-48,2026-08-22
1.0,0.8469387755102041,1.0,0.663594470046083,0.48322147651006714,1.0,1.0,1.0,1.0,1.0,0.0,0.5347900390625,0.0748291015625,0.1339111328125,-0.016357421875,-0.0145263671875,0.0054931640625,A,3,2026-08-22_23-06-48,2026-08-22
0.9781818181818182,0.8282312925170068,0.9124087591240876,0.8894009216589862,0.3221476510067114,1.0,1.0,1.0,1.0,1.0,0.0,0.5299072265625,0.0968017578125,0.13916015625,-0.033935546875,-0.012725830078125,-0.006378173828125,A,3,2026-08-22_23-06-48,2026-08-22
1.0,0.9625850340136054,0.9562043795620438,0.9308755760368663,0.1476510067114094,1.0,1.0,1.0,1.0,1.0,0.0,0.5338134765625,0.1016845703125,0.1331787109375,-0.0228271484375,-0.014434814453125,-0.00189208984375,A,3,2026-08-22_23-06-48,2026-08-22
1.0,0.826530612244898,0.9890510948905109,0.9308755760368663,0.06711409395973154,1.0,1.0,1.0,1.0,1.0,0.0,0.534423828125,0.1046142578125,0.12841796875,-0.022613525390625,-0.0174560546875,-0.0008544921875,A,3,2026-08-22_23-06-48,2026-08-22
0.9636363636363636,0.9200680272108843,1.0,0.9815668202764977,0.5234899328859061,1.0,1.0,1.0,1.0,1.0,0.0,0.5400390625,0.108642578125,0.1265869140625,-0.01373291015625,-0.015594482421875,-0.000396728515625,A,3,2026-08-22_23-06-48,2026-08-22
0.9363636363636364,0.8537414965986394,1.0,0.8894009216589862,0.10738255033557047,1.0,1.0,1.0,1.0,1.0,0.0,0.539794921875,0.112060546875,0.1263427734375,-0.011444091796875,-0.010284423828125,6.103515625e-05,A,3,2026-08-22_23-06-48,2026-08-22
0.9381818181818182,0.9064625850340136,0.7992700729927007,1.0,0.4161073825503356,1.0,1.0,1.0,1.0,1.0,0.0,0.53857421875,0.114990234375,0.1239013671875,-0.009307861328125,-0.0074462890625,0.003326416015625,A,3,2026-08-22_23-06-48,2026-08-22
0.9381818181818182,0.8690476190476191,0.8759124087591241,1.0,0.053691275167785234,1.0,1.0,1.0,1.0,1.0,0.0,0.54248046875,0.1092529296875,0.1221923828125,-0.0089111328125,-0.00384521484375,0.008331298828125,A,3,2026-08-22_23-06-48,2026-08-22
0.9218181818181819,0.858843537414966,0.9124087591240876,0.8847926267281107,0.08053691275167785,1.0,1.0,1.0,1.0,1.0,0.0,0.540771484375,0.102783203125,0.1280517578125,-0.00701904296875,-0.00347900390625,0.007080078125,A,3,2026-08-22_23-06-48,2026-08-22
1.0,0.7653061224489796,1.0,0.6359447004608295,0.1342281879194631,1.0,1.0,1.0,1.0,1.0,0.0,0.5430908203125,0.0972900390625,0.127197265625,-0.01031494140625,-0.00537109375,0.0006103515625,A,3,2026-08-22_23-06-48,2026-08-22
1.0,0.8537414965986394,0.9854014598540146,0.7557603686635944,0.8053691275167785,1.0,1.0,1.0,1.0,1.0,0.0,0.5384521484375,0.102294921875,0.127197265625,-0.016845703125,-0.005096435546875,-0.002838134765625,A,3,2026-08-22_23-06-48,2026-08-22
1.0,0.8027210884353742,1.0,0.9170506912442397,0.0,1.0,1.0,1.0,1.0,1.0,0.0,0.5421142578125,0.1064453125,0.1312255859375,-0.015838623046875,-0.00799560546875,-0.00152587890625,A,3,2026-08-22_23-06-48,2026-08-22
1.0,0.8180272108843537,1.0,0.7373271889400922,0.24161073825503357,1.0,1.0,1.0,1.0,1.0,0.0,0.5364990234375,0.101318359375,0.126220703125,-0.017059326171875,-0.0091552734375,-0.002655029296875,A,3,2026-08-22_23-06-48,2026-08-22
0.94,0.9387755102040817,0.7591240875912408,0.9124423963133641,0.22818791946308725,1.0,1.0,1.0,1.0,1.0,0.0,0.5411376953125,0.108154296875,0.123291015625,-0.022064208984375,-0.00762939453125,-0.008331298828125,A,3,2026-08-22_23-06-48,2026-08-22
0.9981818181818182,0.7721088435374149,0.948905109489051,0.9262672811059908,0.12080536912751678,1.0,1.0,1.0,1.0,1.0,0.0,0.536376953125,0.109375,0.120361328125,-0.01983642578125,-0.00396728515625,-0.00811767578125,A,3,2026-08-22_23-06-48,2026-08-22
0.9054545454545454,0.8520408163265306,1.0,0.7603686635944701,0.013422818791946308,1.0,1.0,1.0,1.0,1.0,0.0,0.5374755859375,0.1138916015625,0.1273193359375,-0.021759033203125,0.002197265625,-0.00616455078125,A,3,2026-08-22_23-06-48,2026-08-22
1.0,0.8537414965986394,0.9781021897810219,0.7373271889400922,0.33557046979865773,1.0,1.0,1.0,1.0,1.0,0.0,0.5318603515625,0.11572265625,0.1304931640625,-0.018585205078125,0.0072021484375,-0.004119873046875,A,3,2026-08-22_23-06-48,2026-08-22
1.0,0.8316326530612245,0.9817518248175182,0.7096774193548387,0.3624161073825503,1.0,1.0,1.0,1.0,1.0,0.0,0.5316162109375,0.114990234375,0.13623046875,-0.0147705078125,0.011016845703125,-0.001617431640625,A,3,2026-08-22_23-06-48,2026-08-22
0.9745454545454545,0.826530612244898,0.8722627737226277,1.0,0.1610738255033557,1.0,1.0,1.0,1.0,1.0,0.0,0.533447265625,0.110107421875,0.137451171875,-0.011138916015625,0.011566162109375,-0.003631591796875,A,3,2026-08-22_23-06-48,2026-08-22
1.0,0.8452380952380952,1.0,0.7050691244239631,0.21476510067114093,1.0,1.0,1.0,1.0,1.0,0.0,0.5325927734375,0.11572265625,0.1507568359375,-0.01409912109375,0.005218505859375,-0.00543212890625,A,3,2026-08-22_23-06-48,2026-08-22
0.9672727272727273,0.8775510204081632,0.7591240875912408,1.0,0.37583892617449666,1.0,1.0,1.0,1.0,1.0,0.0,0.525634765625,0.1123046875,0.14794921875,-0.005706787109375,-0.007659912109375,0.0006103515625,A,3,2026-08-22_23-06-48,2026-08-22
0.9290909090909091,0.9404761904761905,0.7664233576642335,1.0,0.053691275167785234,1.0,1.0,1.0,1.0,1.0,0.0,0.5264892578125,0.100830078125,0.1390380859375,-0.0089111328125,-0.012847900390625,-0.00115966796875,A,3,2026-08-22_23-06-48,2026-08-22
0.96,0.9336734693877551,0.8138686131386861,0.9447004608294931,0.5369127516778524,1.0,1.0,1.0,1.0,1.0,0.0,0.52392578125,0.099365234375,0.132568359375,-0.02044677734375,-0.01348876953125,-0.00933837890625,A,3,2026-08-22_23-06-48,2026-08-22
0.9472727272727273,0.9115646258503401,0.7956204379562044,0.8894009216589862,0.0,1.0,1.0,1.0,1.0,1.0,0.0,0.5223388671875,0.1075439453125,0.1328125,-0.0262451171875,-0.0106201171875,-0.01397705078125,A,3,2026-08-22_23-06-48,2026-08-22
1.0,0.814625850340136,1.0,0.663594470046083,0.24161073825503357,1.0,1.0,1.0,1.0,1.0,0.0,0.533203125,0.11572265625,0.130615234375,-0.0216064453125,-0.0130615234375,-0.0052490234375,A,3,2026-08-22_23-06-48,2026-08-22
0.9745454545454545,0.8350340136054422,0.9671532846715328,0.6682027649769585,0.0,1.0,1.0,1.0,1.0,1.0,0.0,0.532470703125,0.1163330078125,0.1285400390625,-0.026947021484375,-0.011016845703125,-0.000732421875,A,3,2026-08-22_23-06-48,2026-08-22
1.0,0.8537414965986394,0.8905109489051095,0.8341013824884793,0.8053691275167785,1.0,1.0,1.0,1.0,1.0,0.0,0.5361328125,0.114501953125,0.133056640625,-0.02362060546875,-0.00933837890625,0.00140380859375,A,3,2026-08-22_23-06-48,2026-08-22
0.9236363636363636,0.9081632653061225,0.781021897810219,1.0,0.40268456375838924,1.0,1.0,1.0,1.0,1.0,0.0,0.532958984375,0.1190185546875,0.1368408203125,-0.013824462890625,-0.010589599609375,0.004180908203125,A,3,2026-08-22_23-06-48,2026-08-22
0.9981818181818182,0.826530612244898,0.9416058394160584,0.8341013824884793,0.12080536912751678,1.0,1.0,1.0,1.0,1.0,0.0,0.5367431640625,0.1016845703125,0.1361083984375,-0.01605224609375,-0.013458251953125,-0.00067138671875,A,3,2026-08-22_23-06-48,2026-08-22
1.0,0.8214285714285714,1.0,0.7373271889400922,0.040268456375838924,1.0,1.0,1.0,1.0,1.0,0.0,0.536865234375,0.109130859375,0.1385498046875,-0.03125,-0.0167236328125,-0.0057373046875,A,3,2026-08-22_23-06-48,2026-08-22
0.9381818181818182,0.8537414965986394,0.6678832116788321,1.0,0.8053691275167785,1.0,1.0,1.0,1.0,1.0,0.0,0.5361328125,0.11328125,0.1361083984375,-0.029083251953125,-0.021942138671875,-0.003875732421875,A,3,2026-08-22_23-06-48,2026-08-22
0.9963636363636363,0.8520408163265306,1.0,0.7788018433179723,0.0,1.0,1.0,1.0,1.0,1.0,0.0,0.536376953125,0.11181640625,0.1265869140625,-0.031402587890625,-0.022216796875,-0.003448486328125,A,3,2026-08-22_23-06-48,2026-08-22
1.0,0.8418367346938775,0.8613138686131386,0.8018433179723502,0.8053691275167785,1.0,1.0,1.0,1.0,1.0,0.0,0.534423828125,0.1156005859375,0.125732421875,-0.0263671875,-0.02117919921875,-0.001983642578125,A,3,2026-08-22_23-06-48,2026-08-22
1.0,0.8197278911564626,0.9124087591240876,0.9861751152073732,0.8053691275167785,1.0,1.0,1.0,1.0,1.0,0.0,0.531494140625,0.1051025390625,0.126220703125,-0.02618408203125,-0.019500732421875,-0.00677490234375,A,3,2026-08-22_23-06-48,2026-08-22
0.9581818181818181,0.8435374149659864,0.9927007299270073,0.967741935483871,0.09395973154362416,1.0,1.0,1.0,1.0,1.0,0.0,0.53369140625,0.11328125,0.1314697265625,-0.025909423828125,-0.01910400390625,-0.010894775390625,A,3,2026-08-22_23-06-48,2026-08-22
0.9963636363636363,0.9098639455782312,0.6423357664233577,1.0,0.8053691275167785,1.0,1.0,1.0,1.0,1.0,0.0,0.5296630859375,0.10888671875,0.130126953125,-0.027496337890625,-0.0223388671875,-0.010650634765625,A,3,2026-08-22_23-06-48,2026-08-22
1.0,0.7908163265306123,1.0,0.8294930875576036,0.1342281879194631,1.0,1.0,1.0,1.0,1.0,0.0,0.5340576171875,0.1082763671875,0.1307373046875,-0.034454345703125,-0.026153564453125,-0.01361083984375,A,3,2026-08-22_23-06-48,2026-08-22
0.9418181818181818,0.9081632653061225,0.7481751824817519,0.9815668202764977,0.48322147651006714,1.0,1.0,1.0,1.0,1.0,0.0,0.5302734375,0.1065673828125,0.125732421875,-0.0406494140625,-0.03228759765625,-0.0224609375,A,3,2026-08-22_23-06-48,2026-08-22
0.9781818181818182,0.8282312925170068,0.9343065693430657,0.880184331797235,0.0,1.0,1.0,1.0,1.0,1.0,0.0,0.5084228515625,0.126953125,0.2218017578125,-0.01177978515625,0.1053466796875,-0.028045654296875,A,4,2026-08-22_23-06-48,2026-08-22
0.9109090909090909,0.8214285714285714,1.0,0.8940092165898618,0.08053691275167785,1.0,1.0,1.0,1.0,1.0,0.0,0.5184326171875,0.124267578125,0.2467041015625,-0.003875732421875,0.084869384765625,-0.032318115234375,A,4,2026-08-22_23-06-48,2026-08-22
1.0,0.8537414965986394,0.9671532846715328,0.7373271889400922,0.1610738255033557,1.0,1.0,1.0,1.0,1.0,0.0,0.5120849609375,0.1357421875,0.2557373046875,-0.024932861328125,0.0487060546875,-0.037353515625,A,4,2026-08-22_23-06-48,2026-08-22
1.0,0.8962585034013606,0.9562043795620438,0.9354838709677419,0.06711409395973154,1.0,1.0,1.0,1.0,1.0,0.0,0.4989013671875,0.1646728515625,0.251708984375,-0.046173095703125,0.023956298828125,-0.032073974609375,A,4,2026-08-22_23-06-48,2026-08-22
0.9109090909090909,0.8707482993197279,0.9416058394160584,0.8294930875576036,0.21476510067114093,1.0,1.0,1.0,1.0,1.0,0.0,0.4913330078125,0.18115234375,0.257080078125,-0.02423095703125,0.006805419921875,-0.00384521484375,A,4,2026-08-22_23-06-48,2026-08-22
1.0,0.8027210884353742,0.8832116788321168,0.7649769585253456,0.0,1.0,1.0,1.0,1.0,1.0,0.0,0.494140625,0.155029296875,0.2474365234375,-0.003173828125,-0.01318359375,0.017333984375,A,4,2026-08-22_23-06-48,2026-08-22
1.0,0.8843537414965986,0.9379562043795621,0.8064516129032258,0.174496644295302,1.0,1.0,1.0,1.0,1.0,0.0,0.4964599609375,0.1405029296875,0.227294921875,-0.004302978515625,-0.029541015625,0.020904541015625,A,4,2026-08-22_23-06-48,2026-08-22
1.0,0.79421768707483,0.8211678832116789,0.967741935483871,0.0,1.0,1.0,1.0,1.0,1.0,0.0,0.490966796875,0.12451171875,0.201416015625,-0.019683837890625,-0.038665771484375,0.022552490234375,A,4,2026-08-22_23-06-48,2026-08-22
1.0,0.79421768707483,0.8795620437956204,1.0,0.0,1.0,1.0,1.0,1.0,1.0,0.0,0.4876708984375,0.125,0.195068359375,-0.0096435546875,-0.041259765625,0.029296875,A,4,2026-08-22_23-06-48,2026-08-22
1.0,0.8503401360544217,1.0,0.7096774193548387,0.40268456375838924,1.0,1.0,1.0,1.0,1.0,0.0,0.4949951171875,0.10791015625,0.185302734375,0.0008544921875,-0.032257080078125,0.025726318359375,A,4,2026-08-22_23-06-48,2026-08-22
0.9945454545454545,0.8843537414965986,0.8832116788321168,0.7373271889400922,0.2953020134228188,1.0,1.0,1.0,1.0,1.0,0.0,0.5069580078125,0.0909423828125,0.182373046875,0.000335693359375,-0.0355224609375,0.015960693359375,A,4,2026-08-22_23-06-48,2026-08-22
0.8818181818181818,0.8401360544217688,0.9890510948905109,0.7327188940092166,0.2684563758389262,1.0,1.0,1.0,1.0,1.0,0.0,0.5125732421875,0.0897216796875,0.17041015625,-0.009613037109375,-0.04058837890625,0.007049560546875,A,4,2026-08-22_23-06-48,2026-08-22
0.8818181818181818,0.8112244897959183,0.8467153284671532,0.7788018433179723,0.12080536912751678,1.0,1.0,1.0,1.0,1.0,0.0,0.5108642578125,0.0928955078125,0.16748046875,-0.01275634765625,-0.044464111328125,0.002685546875,A,4,2026-08-22_23-06-48,2026-08-22
0.94,0.7602040816326531,0.8759124087591241,0.6221198156682027,0.1476510067114094,1.0,1.0,1.0,1.0,1.0,0.0,0.51611328125,0.1043701171875,0.164306640625,-0.013153076171875,-0.036651611328125,-0.00567626953125,A,4,2026-08-22_23-06-48,2026-08-22
1.0,0.8418367346938775,0.9197080291970803,0.7972350230414746,0.0,1.0,1.0,1.0,1.0,1.0,0.0,0.52294921875,0.1119384765625,0.154541015625,-0.009979248046875,-0.025848388671875,-0.009552001953125,A,4,2026-08-22_23-06-48,2026-08-22
1.0,0.8350340136054422,0.9963503649635036,1.0,0.24161073825503357,1.0,1.0,1.0,1.0,1.0,0.0,0.522216796875,0.123779296875,0.143310546875,-0.013885498046875,-0.01190185546875,-0.006500244140625,A,4,2026-08-22_23-06-48,2026-08-22
1.0,0.8537414965986394,1.0,0.815668202764977,0.0,1.0,1.0,1.0,1.0,1.0,0.0,0.52978515625,0.1278076171875,0.1490478515625,-0.00091552734375,0.001556396484375,-0.002899169921875,A,4,2026-08-22_23-06-48,2026-08-22
1.0,0.9081632653061225,1.0,0.9078341013824884,0.8053691275167785,1.0,1.0,1.0,1.0,1.0,0.0,0.5341796875,0.129150390625,0.1578369140625,-0.00286865234375,0.014984130859375,-0.000335693359375,A,4,2026-08-22_23-06-48,2026-08-22
0.9054545454545454,0.8061224489795918,0.6970802919708029,0.8248847926267281,0.12080536912751678,1.0,1.0,1.0,1.0,1.0,0.0,0.537353515625,0.12451171875,0.168701171875,0.003204345703125,0.016448974609375,0.0064697265625,A,4,2026-08-22_23-06-48,2026-08-22
1.0,0.9319727891156463,1.0,0.9953917050691244,0.24161073825503357,1.0,1.0,1.0,1.0,1.0,0.0,0.533447265625,0.1151123046875,0.1737060546875,-0.002410888671875,0.014739990234375,0.00531005859375,A,4,2026-08-22_23-06-48,2026-08-22
0.9018181818181819,0.8571428571428571,0.8175182481751825,0.8847926267281107,0.24161073825503357,1.0,1.0,1.0,1.0,1.0,0.0,0.525390625,0.117431640625,0.186279296875,-0.0103759765625,0.016143798828125,0.00140380859375,A,4,2026-08-22_23-06-48,2026-08-22
0.9090909090909091,0.8180272108843537,0.9087591240875912,0.967741935483871,0.21476510067114093,1.0,1.0,1.0,1.0,1.0,0.0,0.5201416015625,0.126953125,0.19873046875,-0.00762939453125,0.0140380859375,0.002716064453125,A,4,2026-08-22_23-06-48,2026-08-22
0.990909090909091,0.9268707482993197,0.9963503649635036,1.0,0.174496644295302,1.0,1.0,1.0,1.0,1.0,0.0,0.520751953125,0.12060546875,0.207763671875,0.0003662109375,0.0028076171875,0.003448486328125,A,4,2026-08-22_23-06-48,2026-08-22
0.9763636363636363,0.7482993197278912,0.9233576642335767,0.8525345622119815,0.0,1.0,1.0,1.0,1.0,1.0,0.0,0.51220703125,0.11572265625,0.2093505859375,-3.0517578125e-05,-0.01007080078125,-0.0008544921875,A,4,2026-08-22_23-06-48,2026-08-22
1.0,0.9047619047619048,0.9854014598540146,0.9907834101382489,0.013422818791946308,1.0,1.0,1.0,1.0,1.0,0.0,0.5064697265625,0.1253662109375,0.2012939453125,0.003143310546875,-0.017486572265625,-0.0054931640625,A,4,2026-08-22_23-06-48,2026-08-22
1.0,0.8724489795918368,0.9197080291970803,0.9539170506912442,0.1342281879194631,1.0,1.0,1.0,1.0,1.0,0.0,0.50244140625,0.12841796875,0.1910400390625,0.018096923828125,-0.02105712890625,-3.0517578125e-05,A,4,2026-08-22_23-06-48,2026-08-22
1.0,0.9081632653061225,0.9781021897810219,0.6682027649769585,0.24161073825503357,1.0,1.0,1.0,1.0,1.0,0.0,0.500244140625,0.119873046875,0.1796875,0.011993408203125,-0.02099609375,-0.002288818359375,A,4,2026-08-22_23-06-48,2026-08-22
0.9672727272727273,0.9268707482993197,1.0,1.0,0.1476510067114094,1.0,1.0,1.0,1.0,1.0,0.0,0.510009765625,0.13427734375,0.1734619140625,0.014404296875,-0.017791748046875,0.00555419921875,A,4,2026-08-22_23-06-48,2026-08-22
0.9927272727272727,0.9115646258503401,0.8941605839416058,1.0,0.33557046979865773,1.0,1.0,1.0,1.0,1.0,0.0,0.5101318359375,0.128662109375,0.1688232421875,0.00177001953125,-0.014312744140625,0.00750732421875,A,4,2026-08-22_23-06-48,2026-08-22
1.0,0.8809523809523809,1.0,1.0,0.4697986577181208,1.0,1.0,1.0,1.0,1.0,0.0,0.5120849609375,0.1331787109375,0.175048828125,-0.00885009765625,-0.011474609375,0.010711669921875,A,4,2026-08-22_23-06-48,2026-08-22
0.9109090909090909,0.9166666666666666,0.8686131386861314,1.0,0.0,1.0,1.0,1.0,1.0,1.0,0.0,0.51416015625,0.1337890625,0.1776123046875,-0.00689697265625,-0.006439208984375,0.0164794921875,A,4,2026-08-22_23-06-48,2026-08-22
0.9581818181818181,0.8775510204081632,1.0,0.9585253456221198,0.2684563758389262,1.0,1.0,1.0,1.0,1.0,0.0,0.5113525390625,0.11865234375,0.184326171875,-0.005126953125,-0.005645751953125,0.01593017578125,A,4,2026-08-22_23-06-48,2026-08-22
0.9981818181818182,0.8112244897959183,0.9087591240875912,0.9262672811059908,0.1342281879194631,1.0,1.0,1.0,1.0,1.0,0.0,0.5157470703125,0.1217041015625,0.1876220703125,0.00042724609375,-0.0089111328125,0.015838623046875,A,4,2026-08-22_23-06-48,2026-08-22
0.9527272727272728,0.9149659863945578,0.8321167883211679,0.7557603686635944,0.1476510067114094,1.0,1.0,1.0,1.0,1.0,0.0,0.518310546875,0.118408203125,0.18701171875,0.00830078125,-0.01507568359375,0.01873779296875,A,4,2026-08-22_23-06-48,2026-08-22
0.9090909090909091,0.8622448979591837,0.8722627737226277,1.0,0.2684563758389262,1.0,1.0,1.0,1.0,1.0,0.0,0.518798828125,0.1134033203125,0.179931640625,0.01385498046875,-0.02349853515625,0.018829345703125,A,4,2026-08-22_23-06-48,2026-08-22
0.9581818181818181,0.8775510204081632,1.0,0.967741935483871,0.18791946308724833,1.0,1.0,1.0,1.0,1.0,0.0,0.518798828125,0.106201171875,0.177978515625,-0.003326416015625,-0.020477294921875,0.004608154296875,A,4,2026-08-22_23-06-48,2026-08-22
1.0,0.7721088435374149,0.8394160583941606,1.0,0.4966442953020134,1.0,1.0,1.0,1.0,1.0,0.0,0.518310546875,0.123779296875,0.1749267578125,-0.014923095703125,-0.011810302734375,0.000946044921875,A,4,2026-08-22_23-06-48,2026-08-22
0.98,0.8299319727891157,0.9927007299270073,0.7788018433179723,0.2684563758389262,1.0,1.0,1.0,1.0,1.0,0.0,0.5198974609375,0.1197509765625,0.1795654296875,-0.011627197265625,-0.01190185546875,0.005401611328125,A,4,2026-08-22_23-06-48,2026-08-22
0.9981818181818182,0.8707482993197279,1.0,0.8294930875576036,0.0,1.0,1.0,1.0,1.0,1.0,0.0,0.5252685546875,0.1240234375,0.180908203125,-0.01702880859375,-0.01611328125,0.006500244140625,A,4,2026-08-22_23-06-48,2026-08-22
1.0,0.7670068027210885,1.0,0.6866359447004609,0.0,1.0,1.0,1.0,1.0,1.0,0.0,0.5189208984375,0.1270751953125,0.1761474609375,-0.000823974609375,-0.0194091796875,0.00830078125,A,4,2026-08-22_23-06-48,2026-08-22
0.8781818181818182,0.9336734693877551,0.8540145985401459,0.7096774193548387,0.348993288590604,0.0,1.0,1.0,1.0,1.0,0.0,0.5631103515625,-0.00390625,0.024658203125,-0.02239990234375,-0.00567626953125,0.0128173828125,C,0,2026-08-22_23-06-48,2026-08-22
0.9090909090909091,0.9778911564625851,0.8175182481751825,0.6820276497695853,0.40268456375838924,0.0,1.0,1.0,1.0,1.0,0.0,0.560546875,-0.0064697265625,0.025146484375,-0.022186279296875,-0.004638671875,0.009368896484375,C,0,2026-08-22_23-06-48,2026-08-22
0.8654545454545455,0.9268707482993197,0.916058394160584,0.7788018433179723,0.9395973154362416,0.0,1.0,1.0,1.0,1.0,0.0,0.5631103515625,-0.0045166015625,0.0269775390625,-0.006256103515625,-0.00567626953125,0.004241943359375,C,0,2026-08-22_23-06-48,2026-08-22
0.98,0.8197278911564626,1.0,0.8617511520737328,0.8053691275167785,0.0,1.0,1.0,1.0,1.0,0.0,0.5589599609375,-0.0028076171875,0.0283203125,0.0015869140625,-0.0072021484375,0.001312255859375,C,0,2026-08-22_23-06-48,2026-08-22
0.9418181818181818,0.9591836734693877,1.0,0.5898617511520737,1.0,0.0,1.0,1.0,1.0,1.0,0.0,0.5616455078125,-0.004638671875,0.0228271484375,0.001373291015625,-0.01251220703125,0.00079345703125,C,0,2026-08-22_23-06-48,2026-08-22
0.9127272727272727,0.9098639455782312,0.8065693430656934,0.7050691244239631,0.8053691275167785,0.0,1.0,1.0,1.0,1.0,0.0,0.563232421875,-0.003173828125,0.0216064453125,-0.00714111328125,-0.012847900390625,0.0035400390625,C,0,2026-08-22_23-06-48,2026-08-22
0.9381818181818182,0.935374149659864,0.7992700729927007,0.6728110599078341,1.0,0.0,1.0,1.0,1.0,1.0,0.0,0.559814453125,0.002197265625,0.01806640625,-0.006805419921875,-0.00885009765625,0.006744384765625,C,0,2026-08-22_23-06-48,2026-08-22
0.9109090909090909,0.9931972789115646,0.9963503649635036,0.815668202764977,0.8053691275167785,0.0,1.0,1.0,1.0,1.0,0.0,0.556396484375,0.0018310546875,0.0263671875,-0.00146484375,-0.0057373046875,0.0067138671875,C,0,2026-08-22_23-06-48,2026-08-22
0.8145454545454546,0.9727891156462585,0.6861313868613139,0.7050691244239631,0.5100671140939598,0.0,1.0,1.0,1.0,1.0,0.0,0.5670166015625,-0.003662109375,0.0257568359375,-0.002960205078125,-0.009246826171875,0.001678466796875,C,0,2026-08-22_23-06-48,2026-08-22
0.88,0.9183673469387755,0.9671532846715328,0.8847926267281107,0.8053691275167785,0.0,1.0,1.0,1.0,1.0,0.0,0.56298828125,0.000732421875,0.0205078125,-0.00225830078125,-0.01123046875,0.00054931640625,C,0,2026-08-22_23-06-48,2026-08-22
0.9018181818181819,0.9795918367346939,0.9087591240875912,0.8847926267281107,1.0,0.0,1.0,1.0,1.0,1.0,0.0,0.5625,-0.001708984375,0.025634765625,-0.00555419921875,-0.01171875,0.003082275390625,C,0,2026-08-22_23-06-48,2026-08-22
0.9781818181818182,0.8061224489795918,0.9124087591240876,0.7557603686635944,0.8053691275167785,0.0,1.0,1.0,1.0,1.0,0.0,0.5616455078125,-0.0013427734375,0.0225830078125,-0.016265869140625,-0.013458251953125,0.004638671875,C,0,2026-08-22_23-06-48,2026-08-22
0.8418181818181818,0.8707482993197279,0.9197080291970803,0.5069124423963134,0.8053691275167785,0.0,1.0,1.0,1.0,1.0,0.0,0.5606689453125,0.006103515625,0.016845703125,-0.019317626953125,-0.017669677734375,0.0076904296875,C,0,2026-08-22_23-06-48,2026-08-22
0.9436363636363636,0.9132653061224489,0.9306569343065694,0.42857142857142855,0.18791946308724833,0.0,1.0,1.0,1.0,1.0,0.0,0.5582275390625,0.0010986328125,0.018798828125,-0.012298583984375,-0.0152587890625,0.005523681640625,C,0,2026-08-22_23-06-48,2026-08-22
0.8581818181818182,0.9506802721088435,0.8613138686131386,0.7373271889400922,1.0,0.0,1.0,1.0,1.0,1.0,0.0,0.559326171875,0.000244140625,0.021484375,-0.009124755859375,-0.01123046875,0.00146484375,C,0,2026-08-22_23-06-48,2026-08-22
0.9054545454545454,0.9693877551020408,0.9927007299270073,0.7373271889400922,1.0,0.0,1.0,1.0,1.0,1.0,0.0,0.5628662109375,0.0008544921875,0.01904296875,-0.000579833984375,-0.00994873046875,-0.000396728515625,C,0,2026-08-22_23-06-48,2026-08-22
0.8818181818181818,0.9251700680272109,1.0,0.8986175115207373,0.8322147651006712,0.0,1.0,1.0,1.0,1.0,0.0,0.562255859375,-0.0037841796875,0.02099609375,0.003692626953125,-0.01507568359375,-0.001739501953125,C,0,2026-08-22_23-06-48,2026-08-22
0.9872727272727273,0.9523809523809523,1.0,0.7373271889400922,0.8053691275167785,0.0,1.0,1.0,1.0,1.0,0.0,0.5592041015625,-0.009521484375,0.01318359375,-0.01104736328125,-0.0208740234375,-0.00872802734375,C,0,2026-08-22_23-06-48,2026-08-22
0.9927272727272727,0.9387755102040817,1.0,0.5391705069124424,0.37583892617449666,0.0,1.0,1.0,1.0,1.0,0.0,0.56005859375,-0.0009765625,0.010498046875,-0.012847900390625,-0.0177001953125,-0.009368896484375,C,0,2026-08-22_23-06-48,2026-08-22
0.92,0.9268707482993197,0.9890510948905109,0.5714285714285714,1.0,0.0,1.0,1.0,1.0,1.0,0.0,0.5565185546875,0.003662109375,0.0118408203125,-0.00872802734375,-0.005096435546875,-0.004364013671875,C,0,2026-08-22_23-06-48,2026-08-22
0.94,0.9625850340136054,1.0,0.6082949308755761,0.22818791946308725,0.0,1.0,1.0,1.0,1.0,0.0,0.558837890625,0.0003662109375,0.01318359375,-0.014495849609375,0.00213623046875,0.000335693359375,C,0,2026-08-22_23-06-48,2026-08-22
0.9109090909090909,0.9863945578231292,1.0,0.7880184331797235,0.8053691275167785,0.0,1.0,1.0,1.0,1.0,0.0,0.56494140625,0.007568359375,0.0169677734375,-0.01483154296875,0.0029296875,0.004669189453125,C,0,2026-08-22_23-06-48,2026-08-22
0.8236363636363636,0.9183673469387755,0.8029197080291971,0.5944700460829493,0.8053691275167785,0.0,1.0,1.0,1.0,1.0,0.0,0.5626220703125,0.0068359375,0.0223388671875,-0.009735107421875,0.00091552734375,0.00567626953125,C,0,2026-08-22_23-06-48,2026-08-22
0.8781818181818182,0.891156462585034,0.9452554744525548,0.7373271889400922,0.87248322147651,0.0,1.0,1.0,1.0,1.0,0.0,0.565185546875,0.0018310546875,0.0252685546875,-0.009185791015625,-0.00665283203125,0.004638671875,C,0,2026-08-22_23-06-48,2026-08-22
1.0,0.9727891156462585,1.0,0.663594470046083,0.8187919463087249,0.0,1.0,1.0,1.0,1.0,0.0,0.56005859375,-0.0025634765625,0.02392578125,-0.013092041015625,-0.0115966796875,0.003387451171875,C,0,2026-08-22_23-06-48,2026-08-22
0.9072727272727272,0.9982993197278912,0.9927007299270073,0.7050691244239631,0.8053691275167785,0.0,1.0,1.0,1.0,1.0,0.0,0.5592041015625,0.002685546875,0.024169921875,-0.01470947265625,-0.014892578125,0.005706787109375,C,0,2026-08-22_23-06-48,2026-08-22
0.9163636363636364,0.9608843537414966,1.0,0.7972350230414746,0.8590604026845637,0.0,1.0,1.0,1.0,1.0,0.0,0.5596923828125,-0.0040283203125,0.020751953125,-0.0159912109375,-0.014801025390625,0.008148193359375,C,0,2026-08-22_23-06-48,2026-08-22
0.92,1.0,0.9452554744525548,0.8110599078341014,1.0,0.0,1.0,1.0,1.0,1.0,0.0,0.55908203125,-0.001708984375,0.01708984375,-0.021575927734375,-0.010955810546875,0.0072021484375,C,0,2026-08-22_23-06-48,2026-08-22
0.9690909090909091,0.9438775510204082,0.9927007299270073,0.391705069124424,0.48322147651006714,0.0,1.0,1.0,1.0,1.0,0.0,0.559326171875,-0.005615234375,0.0169677734375,-0.031280517578125,-0.0086669921875,0.0062255859375,C,0,2026-08-22_23-06-48,2026-08-22
0.8836363636363637,0.9183673469387755,0.9087591240875912,0.7880184331797235,0.48322147651006714,0.0,1.0,1.0,1.0,1.0,0.0,0.5633544921875,0.0067138671875,0.013427734375,-0.03204345703125,-0.014190673828125,0.00701904296875,C,0,2026-08-22_23-06-48,2026-08-22
0.9309090909090909,0.891156462585034,0.8503649635036497,0.576036866359447,0.8053691275167785,0.0,1.0,1.0,1.0,1.0,0.0,0.5592041015625,0.00634765625,0.0084228515625,-0.02392578125,-0.017913818359375,0.00750732421875,C,0,2026-08-22_23-06-48,2026-08-22
1.0,1.0,0.8759124087591241,0.6359447004608295,0.8053691275167785,0.0,1.0,1.0,1.0,1.0,0.0,0.552734375,0.0023193359375,0.010986328125,-0.016815185546875,-0.009033203125,0.004486083984375,C,0,2026-08-22_23-06-48,2026-08-22
0.850909090909091,1.0,0.9708029197080292,0.8847926267281107,0.8053691275167785,0.0,1.0,1.0,1.0,1.0,0.0,0.55810546875,-0.0010986328125,0.008544921875,-0.016815185546875,0.004730224609375,-0.001068115234375,C,0,2026-08-22_23-06-48,2026-08-22
0.9145454545454546,0.9948979591836735,1.0,0.6082949308755761,0.9530201342281879,0.0,1.0,1.0,1.0,1.0,0.0,0.5594482421875,0.000244140625,0.0062255859375,-0.01422119140625,0.010833740234375,0.0015869140625,C,0,2026-08-22_23-06-48,2026-08-22
0.9127272727272727,0.9778911564625851,0.7518248175182481,0.6728110599078341,0.9395973154362416,0.0,1.0,1.0,1.0,1.0,0.0,0.5633544921875,-0.0001220703125,0.021240234375,-0.0106201171875,0.011474609375,0.00592041015625,C,0,2026-08-22_23-06-48,2026-08-22
0.9927272727272727,0.9098639455782312,1.0,0.46543778801843316,0.5369127516778524,0.0,1.0,1.0,1.0,1.0,0.0,0.5638427734375,-0.0054931640625,0.0294189453125,-0.015594482421875,0.005096435546875,0.00811767578125,C,0,2026-08-22_23-06-48,2026-08-22
0.9436363636363636,0.9608843537414966,0.9708029197080292,0.8847926267281107,0.38926174496644295,0.0,1.0,1.0,1.0,1.0,0.0,0.56298828125,-0.0064697265625,0.0308837890625,-0.01873779296875,-0.00457763671875,0.00518798828125,C,0,2026-08-22_23-06-48,2026-08-22
1.0,0.891156462585034,1.0,0.6866359447004609,1.0,0.0,1.0,1.0,1.0,1.0,0.0,0.5640869140625,-0.004638671875,0.0269775390625,-0.02557373046875,-0.00811767578125,0.001556396484375,C,0,2026-08-22_23-06-48,2026-08-22
0.8527272727272728,0.9812925170068028,0.8759124087591241,0.8387096774193549,1.0,0.0,1.0,1.0,1.0,1.0,0.0,0.551025390625,0.0064697265625,0.030517578125,-0.020111083984375,-0.005615234375,0.0030517578125,C,0,2026-08-22_23-06-48,2026-08-22
1.0,0.8503401360544217,1.0,0.5483870967741935,0.9261744966442953,0.0,1.0,1.0,1.0,1.0,0.0,0.5604248046875,0.0035400390625,0.027587890625,-0.02203369140625,-0.00604248046875,0.00543212890625,C,0,2026-08-22_23-06-48,2026-08-22
0.9872727272727273,0.9846938775510204,0.9197080291970803,0.7235023041474654,0.42953020134228187,1.0,1.0,1.0,1.0,1.0,0.0,0.544921875,0.0030517578125,-0.1202392578125,-0.012420654296875,-0.01397705078125,0.003936767578125,C,1,2026-08-22_23-06-48,2026-08-22
0.9963636363636363,1.0,0.8467153284671532,0.8064516129032258,1.0,1.0,1.0,1.0,1.0,1.0,0.0,0.544921875,0.0079345703125,-0.1217041015625,-0.016510009765625,-0.000823974609375,0.004150390625,C,1,2026-08-22_23-06-48,2026-08-22
0.8727272727272727,1.0,0.7372262773722628,0.9262672811059908,0.40268456375838924,1.0,1.0,1.0,1.0,1.0,0.0,0.546875,0.0048828125,-0.113525390625,-0.012939453125,0.0074462890625,0.006011962890625,C,1,2026-08-22_23-06-48,2026-08-22
1.0,0.8418367346938775,1.0,0.4423963133640553,0.48322147651006714,1.0,1.0,1.0,1.0,1.0,0.0,0.544677734375,-0.0003662109375,-0.10205078125,-0.009918212890625,0.0052490234375,0.008331298828125,C,1,2026-08-22_23-06-48,2026-08-22
0.9163636363636364,0.8758503401360545,1.0,0.5806451612903226,0.3221476510067114,1.0,1.0,1.0,1.0,1.0,0.0,0.549560546875,-0.0018310546875,-0.093505859375,-0.006500244140625,-0.002777099609375,0.00860595703125,C,1,2026-08-22_23-06-48,2026-08-22
0.8636363636363636,1.0,0.5985401459854015,0.7880184331797235,1.0,1.0,1.0,1.0,1.0,1.0,0.0,0.55029296875,-0.006591796875,-0.09619140625,-0.01287841796875,-0.014129638671875,0.0062255859375,C,1,2026-08-22_23-06-48,2026-08-22
0.9581818181818181,0.9846938775510204,0.7627737226277372,1.0,0.8859060402684564,1.0,1.0,1.0,1.0,1.0,0.0,0.55224609375,-0.001708984375,-0.107177734375,-0.015655517578125,-0.01690673828125,0.006866455078125,C,1,2026-08-22_23-06-48,2026-08-22
1.0,0.8809523809523809,1.0,0.7603686635944701,0.174496644295302,1.0,1.0,1.0,1.0,1.0,0.0,0.5501708984375,-0.000732421875,-0.10888671875,-0.01312255859375,-0.011505126953125,0.00592041015625,C,1,2026-08-22_23-06-48,2026-08-22
0.8472727272727273,1.0,0.6934306569343066,0.9124423963133641,0.18791946308724833,1.0,1.0,1.0,1.0,1.0,0.0,0.5452880859375,0.0032958984375,-0.103759765625,-0.008209228515625,-0.00250244140625,0.007965087890625,C,1,2026-08-22_23-06-48,2026-08-22
0.8418181818181818,1.0,0.8175182481751825,0.9032258064516129,1.0,1.0,1.0,1.0,1.0,1.0,0.0,0.546875,-0.0052490234375,-0.098388671875,-0.005859375,-0.0048828125,0.007568359375,C,1,2026-08-22_23-06-48,2026-08-22
0.8636363636363636,0.9710884353741497,0.8759124087591241,0.9032258064516129,0.18791946308724833,1.0,1.0,1.0,1.0,1.0,0.0,0.5477294921875,-0.0091552734375,-0.095947265625,-0.011260986328125,-0.01904296875,0.005126953125,C,1,2026-08-22_23-06-48,2026-08-22
0.9472727272727273,0.9574829931972789,1.0,0.6451612903225806,0.8053691275167785,1.0,1.0,1.0,1.0,1.0,0.0,0.552001953125,0.0,-0.10595703125,-0.010467529296875,-0.023895263671875,0.0040283203125,C,1,2026-08-22_23-06-48,2026-08-22
0.9490909090909091,0.9251700680272109,0.8759124087591241,0.728110599078341,0.8053691275167785,1.0,1.0,1.0,1.0,1.0,0.0,0.5478515625,-0.001220703125,-0.1187744140625,-0.0106201171875,-0.01861572265625,0.00140380859375,C,1,2026-08-22_23-06-48,2026-08-22
0.9381818181818182,1.0,0.6131386861313869,0.9585253456221198,0.9932885906040269,1.0,1.0,1.0,1.0,1.0,0.0,0.5458984375,0.0057373046875,-0.1224365234375,-0.01214599609375,-0.00933837890625,0.003936767578125,C,1,2026-08-22_23-06-48,2026-08-22
0.9181818181818182,0.9081632653061225,1.0,0.511520737327189,0.48322147651006714,1.0,1.0,1.0,1.0,1.0,0.0,0.5440673828125,-0.000732421875,-0.115966796875,-0.012481689453125,0.001007080078125,0.006866455078125,C,1,2026-08-22_23-06-48,2026-08-22
0.9127272727272727,0.935374149659864,0.9927007299270073,0.6451612903225806,0.8053691275167785,1.0,1.0,1.0,1.0,1.0,0.0,0.55029296875,-0.0068359375,-0.1058349609375,-0.013519287109375,0.001617431640625,0.0074462890625,C,1,2026-08-22_23-06-48,2026-08-22
0.98,0.9319727891156463,1.0,0.880184331797235,0.8590604026845637,1.0,1.0,1.0,1.0,1.0,0.0,0.547119140625,-0.0045166015625,-0.100341796875,-0.0079345703125,-0.005645751953125,0.007110595703125,C,1,2026-08-22_23-06-48,2026-08-22
0.8527272727272728,1.0,0.9598540145985401,0.8894009216589862,1.0,1.0,1.0,1.0,1.0,1.0,0.0,0.5504150390625,-0.007080078125,-0.09912109375,-0.00701904296875,-0.009765625,0.003662109375,C,1,2026-08-22_23-06-48,2026-08-22
1.0,0.8673469387755102,1.0,0.5806451612903226,0.9664429530201343,1.0,1.0,1.0,1.0,1.0,0.0,0.554931640625,-0.003662109375,-0.10693359375,-0.007354736328125,-0.012420654296875,0.001312255859375,C,1,2026-08-22_23-06-48,2026-08-22
0.88,0.9336734693877551,0.9927007299270073,0.5391705069124424,0.2684563758389262,1.0,1.0,1.0,1.0,1.0,0.0,0.5491943359375,0.0009765625,-0.1090087890625,-0.005706787109375,-0.010223388671875,0.002166748046875,C,1,2026-08-22_23-06-48,2026-08-22
0.84,1.0,0.6970802919708029,0.7419354838709677,0.9395973154362416,1.0,1.0,1.0,1.0,1.0,0.0,0.548583984375,0.0,-0.110595703125,-0.00677490234375,-0.00494384765625,0.001861572265625,C,1,2026-08-22_23-06-48,2026-08-22
0.8781818181818182,0.9319727891156463,1.0,0.663594470046083,0.10738255033557047,1.0,1.0,1.0,1.0,1.0,0.0,0.547607421875,0.001953125,-0.1060791015625,-0.010345458984375,-0.00653076171875,0.002532958984375,C,1,2026-08-22_23-06-48,2026-08-22
0.9527272727272728,0.9438775510204082,0.9927007299270073,0.5391705069124424,0.8456375838926175,1.0,1.0,1.0,1.0,1.0,0.0,0.549072265625,0.0040283203125,-0.1044921875,-0.01324462890625,-0.0140380859375,0.0062255859375,C,1,2026-08-22_23-06-48,2026-08-22
0.9963636363636363,0.9132653061224489,0.7591240875912408,0.7373271889400922,0.8322147651006712,1.0,1.0,1.0,1.0,1.0,0.0,0.548095703125,0.0013427734375,-0.108154296875,-0.010345458984375,-0.017181396484375,0.0062255859375,C,1,2026-08-22_23-06-48,2026-08-22
0.8563636363636363,1.0,0.7226277372262774,0.9861751152073732,0.174496644295302,1.0,1.0,1.0,1.0,1.0,0.0,0.5474853515625,0.0035400390625,-0.1090087890625,-0.005462646484375,-0.014984130859375,0.00555419921875,C,1,2026-08-22_23-06-48,2026-08-22
0.9654545454545455,0.9778911564625851,1.0,0.511520737327189,0.1610738255033557,1.0,1.0,1.0,1.0,1.0,0.0,0.5462646484375,-0.0018310546875,-0.1168212890625,-0.006072998046875,-0.007781982421875,0.003936767578125,C,1,2026-08-22_23-06-48,2026-08-22
0.9090909090909091,0.9982993197278912,0.8211678832116789,0.9170506912442397,0.8053691275167785,1.0,1.0,1.0,1.0,1.0,0.0,0.545166015625,-0.0018310546875,-0.1114501953125,-0.005584716796875,0.000213623046875,0.006011962890625,C,1,2026-08-22_23-06-48,2026-08-22
0.9672727272727273,0.9574829931972789,1.0,0.6175115207373272,0.8053691275167785,1.0,1.0,1.0,1.0,1.0,0.0,0.5484619140625,-0.0074462890625,-0.107421875,-0.009185791015625,-0.00018310546875,0.007110595703125,C,1,2026-08-22_23-06-48,2026-08-22
0.9090909090909091,0.8792517006802721,1.0,0.48847926267281105,0.8053691275167785,1.0,1.0,1.0,1.0,1.0,0.0,0.547607421875,-0.005126953125,-0.10205078125,-0.01214599609375,-0.008514404296875,0.007232666015625,C,1,2026-08-22_23-06-48,2026-08-22
1.0,0.8554421768707483,1.0,0.6175115207373272,0.10738255033557047,1.0,1.0,1.0,1.0,1.0,0.0,0.549072265625,-0.004638671875,-0.1014404296875,-0.01116943359375,-0.0130615234375,0.00653076171875,C,1,2026-08-22_23-06-48,2026-08-22
0.8818181818181818,1.0,0.7992700729927007,1.0,0.912751677852349,1.0,1.0,1.0,1.0,1.0,0.0,0.5458984375,-0.00146484375,-0.1103515625,-0.013763427734375,-0.014312744140625,0.00604248046875,C,1,2026-08-22_23-06-48,2026-08-22
0.8818181818181818,0.8707482993197279,0.9598540145985401,0.8755760368663594,0.42953020134228187,1.0,1.0,1.0,1.0,1.0,0.0,0.5496826171875,0.002197265625,-0.1109619140625,-0.012359619140625,-0.01611328125,0.00604248046875,C,1,2026-08-22_23-06-48,2026-08-22
0.8436363636363636,1.0,0.8540145985401459,0.8755760368663594,1.0,1.0,1.0,1.0,1.0,1.0,0.0,0.54931640625,0.000732421875,-0.1153564453125,-0.009490966796875,-0.0137939453125,0.007110595703125,C,1,2026-08-22_23-06-48,2026-08-22
0.6272727272727273,1.0,0.9854014598540146,0.7419354838709677,0.4429530201342282,1.0,1.0,1.0,1.0,1.0,0.0,0.5474853515625,-0.001220703125,-0.1165771484375,-0.0096435546875,-0.006805419921875,0.006256103515625,C,1,2026-08-22_23-06-48,2026-08-22
0.7872727272727272,0.8367346938775511,0.6313868613138686,0.6221198156682027,0.8053691275167785,1.0,1.0,1.0,1.0,1.0,0.0,0.5472412109375,0.002685546875,-0.1102294921875,-0.0084228515625,0.00714111328125,0.0047607421875,C,1,2026-08-22_23-06-48,2026-08-22
0.8727272727272727,0.9829931972789115,0.4781021897810219,0.9539170506912442,1.0,1.0,1.0,1.0,1.0,1.0,0.0,0.543701171875,-0.0001220703125,-0.10791015625,-0.005279541015625,0.013763427734375,0.003997802734375,C,1,2026-08-22_23-06-48,2026-08-22
1.0,1.0,0.9379562043795621,0.9631336405529954,0.37583892617449666,1.0,1.0,1.0,1.0,1.0,0.0,0.548095703125,0.003662109375,-0.099609375,0.00189208984375,0.00384521484375,0.004547119140625,C,1,2026-08-22_23-06-48,2026-08-22
1.0,1.0,1.0,1.0,1.0,1.0,1.0,1.0,1.0,1.0,0.0,0.54931640625,-0.0010986328125,-0.099365234375,0.001312255859375,-0.01287841796875,0.007568359375,C,1,2026-08-22_23-06-48,2026-08-22
1.0,1.0,0.23357664233576642,0.6774193548387096,0.8322147651006712,1.0,1.0,1.0,1.0,1.0,0.0,0.550537109375,-0.011962890625,-0.111083984375,-0.0042724609375,-0.01898193359375,0.009307861328125,C,1,2026-08-22_23-06-48,2026-08-22
0.9509090909090909,0.9030612244897959,0.8759124087591241,0.6728110599078341,0.4429530201342282,1.0,1.0,1.0,1.0,1.0,0.0,0.541015625,-0.011474609375,-0.115478515625,-0.01531982421875,-0.015594482421875,0.011138916015625,C,1,2026-08-22_23-06-48,2026-08-22
0.9309090909090909,1.0,1.0,0.6175115207373272,0.8053691275167785,1.0,1.0,1.0,1.0,1.0,0.0,0.556640625,-0.0098876953125,-0.0689697265625,-0.0062255859375,-0.00555419921875,-0.00250244140625,C,2,2026-08-22_23-06-48,2026-08-22
0.9109090909090909,1.0,1.0,0.7373271889400922,0.37583892617449666,1.0,1.0,1.0,1.0,1.0,0.0,0.55126953125,-0.0113525390625,-0.06884765625,-0.008087158203125,-0.00848388671875,0.000335693359375,C,2,2026-08-22_23-06-48,2026-08-22
0.8818181818181818,0.9506802721088435,1.0,0.7373271889400922,0.348993288590604,1.0,1.0,1.0,1.0,1.0,0.0,0.549072265625,-0.012939453125,-0.0731201171875,-0.0106201171875,-0.009918212890625,0.0052490234375,C,2,2026-08-22_23-06-48,2026-08-22
0.8781818181818182,1.0,1.0,0.6497695852534562,0.348993288590604,1.0,1.0,1.0,1.0,1.0,0.0,0.5533447265625,-0.0096435546875,-0.08740234375,-0.018951416015625,-0.013885498046875,0.008819580078125,C,2,2026-08-22_23-06-48,2026-08-22
0.8727272727272727,1.0,1.0,0.8248847926267281,0.8053691275167785,1.0,1.0,1.0,1.0,1.0,0.0,0.5538330078125,-0.0115966796875,-0.0877685546875,-0.01934814453125,-0.0179443359375,0.007171630859375,C,2,2026-08-22_23-06-48,2026-08-22
1.0,1.0,1.0,0.8248847926267281,0.9261744966442953,1.0,1.0,1.0,1.0,1.0,0.0,0.5533447265625,-0.0072021484375,-0.09033203125,-0.017547607421875,-0.02239990234375,0.000701904296875,C,2,2026-08-22_23-06-48,2026-08-22
0.9890909090909091,1.0,1.0,0.8847926267281107,0.1610738255033557,1.0,1.0,1.0,1.0,1.0,0.0,0.54541015625,-0.00439453125,-0.0927734375,-0.007354736328125,-0.013397216796875,-0.001220703125,C,2,2026-08-22_23-06-48,2026-08-22
1.0,1.0,1.0,0.8525345622119815,0.1610738255033557,1.0,1.0,1.0,1.0,1.0,0.0,0.5487060546875,-0.0087890625,-0.091064453125,0.001739501953125,-0.00408935546875,-0.000762939453125,C,2,2026-08-22_23-06-48,2026-08-22
0.9945454545454545,1.0,1.0,0.5898617511520737,0.87248322147651,1.0,1.0,1.0,1.0,1.0,0.0,0.55859375,-0.0113525390625,-0.08935546875,-0.008941650390625,-0.00604248046875,0.00238037109375,C,2,2026-08-22_23-06-48,2026-08-22
0.9345454545454546,0.9625850340136054,1.0,0.6405529953917051,0.8053691275167785,1.0,1.0,1.0,1.0,1.0,0.0,0.555419921875,-0.00439453125,-0.08984375,-0.0159912109375,-0.01788330078125,0.01153564453125,C,2,2026-08-22_23-06-48,2026-08-22
1.0,1.0,1.0,0.6359447004608295,0.4429530201342282,1.0,1.0,1.0,1.0,1.0,0.0,0.549072265625,-0.011474609375,-0.0924072265625,-0.015045166015625,-0.0072021484375,0.013214111328125,C,2,2026-08-22_23-06-48,2026-08-22
0.8818181818181818,0.9642857142857143,1.0,0.6451612903225806,1.0,1.0,1.0,1.0,1.0,1.0,0.0,0.5555419921875,-0.01953125,-0.0850830078125,-0.014373779296875,0.001953125,0.006439208984375,C,2,2026-08-22_23-06-48,2026-08-22
0.9945454545454545,1.0,1.0,0.6820276497695853,0.8590604026845637,1.0,1.0,1.0,1.0,1.0,0.0,0.5499267578125,-0.0126953125,-0.0814208984375,-0.015106201171875,-9.1552734375e-05,0.00189208984375,C,2,2026-08-22_23-06-48,2026-08-22
0.9654545454545455,1.0,1.0,0.815668202764977,0.8187919463087249,1.0,1.0,1.0,1.0,1.0,0.0,0.552978515625,-0.0118408203125,-0.0799560546875,-0.008880615234375,-0.002716064453125,0.001220703125,C,2,2026-08-22_23-06-48,2026-08-22
0.9163636363636364,1.0,1.0,0.6543778801843319,0.9932885906040269,1.0,1.0,1.0,1.0,1.0,0.0,0.5543212890625,-0.0126953125,-0.0806884765625,-0.009765625,-0.00518798828125,0.003387451171875,C,2,2026-08-22_23-06-48,2026-08-22
0.9872727272727273,0.9625850340136054,1.0,0.9262672811059908,0.4563758389261745,1.0,1.0,1.0,1.0,1.0,0.0,0.5562744140625,-0.0137939453125,-0.077880859375,-0.0111083984375,-0.0068359375,0.00506591796875,C,2,2026-08-22_23-06-48,2026-08-22
1.0,1.0,1.0,0.7603686635944701,0.174496644295302,1.0,1.0,1.0,1.0,1.0,0.0,0.5517578125,-0.0103759765625,-0.0833740234375,-0.018341064453125,-0.00927734375,0.004180908203125,C,2,2026-08-22_23-06-48,2026-08-22
0.9636363636363636,0.9914965986394558,1.0,0.5990783410138248,0.8053691275167785,1.0,1.0,1.0,1.0,1.0,0.0,0.556884765625,-0.0076904296875,-0.090087890625,-0.01776123046875,-0.010528564453125,0.003143310546875,C,2,2026-08-22_23-06-48,2026-08-22
0.9854545454545455,1.0,1.0,0.5990783410138248,0.8053691275167785,1.0,1.0,1.0,1.0,1.0,0.0,0.5565185546875,-0.0067138671875,-0.09130859375,-0.010101318359375,-0.010528564453125,0.002838134765625,C,2,2026-08-22_23-06-48,2026-08-22
0.9072727272727272,0.9863945578231292,1.0,0.6912442396313364,0.37583892617449666,1.0,1.0,1.0,1.0,1.0,0.0,0.5489501953125,-0.0072021484375,-0.0933837890625,-0.009307861328125,-0.0032958984375,0.00048828125,C,2,2026-08-22_23-06-48,2026-08-22
1.0,1.0,1.0,0.5898617511520737,0.8590604026845637,1.0,1.0,1.0,1.0,1.0,0.0,0.5496826171875,-0.0093994140625,-0.0947265625,-0.00347900390625,0.01019287109375,-0.000213623046875,C,2,2026-08-22_23-06-48,2026-08-22
0.9654545454545455,0.9625850340136054,1.0,0.7695852534562212,0.5100671140939598,1.0,1.0,1.0,1.0,1.0,0.0,0.54833984375,-0.013427734375,-0.0853271484375,-0.007598876953125,0.018829345703125,-0.00274658203125,C,2,2026-08-22_23-06-48,2026-08-22
0.8818181818181818,1.0,1.0,0.6866359447004609,0.9664429530201343,1.0,1.0,1.0,1.0,1.0,0.0,0.546630859375,-0.015869140625,-0.0802001953125,-0.01934814453125,0.01959228515625,-0.0015869140625,C,2,2026-08-22_23-06-48,2026-08-22
0.8054545454545454,1.0,1.0,0.6820276497695853,0.8053691275167785,1.0,1.0,1.0,1.0,1.0,0.0,0.5533447265625,-0.009521484375,-0.0792236328125,-0.0186767578125,0.010223388671875,0.0037841796875,C,2,2026-08-22_23-06-48,2026-08-22
1.0,0.9608843537414966,1.0,0.6221198156682027,0.33557046979865773,1.0,1.0,1.0,1.0,1.0,0.0,0.553466796875,-0.003173828125,-0.076416015625,-0.01300048828125,-0.005401611328125,0.006134033203125,C,2,2026-08-22_23-06-48,2026-08-22
0.8981818181818182,0.8707482993197279,0.8832116788321168,0.7235023041474654,0.1476510067114094,1.0,1.0,1.0,1.0,1.0,0.0,0.551513671875,-0.009033203125,-0.0794677734375,-0.01446533203125,-0.0052490234375,0.002899169921875,C,2,2026-08-22_23-06-48,2026-08-22
0.8763636363636363,0.9812925170068028,0.6496350364963503,0.5391705069124424,0.8053691275167785,1.0,1.0,1.0,1.0,1.0,0.0,0.5587158203125,-0.0062255859375,-0.0867919921875,-0.0037841796875,-0.002227783203125,0.000885009765625,C,2,2026-08-22_23-06-48,2026-08-22
0.9381818181818182,1.0,1.0,0.8894009216589862,0.48322147651006714,1.0,1.0,1.0,1.0,1.0,0.0,0.5589599609375,-0.0126953125,-0.083984375,-0.007110595703125,-0.00079345703125,-0.000701904296875,C,2,2026-08-22_23-06-48,2026-08-22
0.9345454545454546,0.9778911564625851,0.9854014598540146,0.728110599078341,0.8590604026845637,1.0,1.0,1.0,1.0,1.0,0.0,0.55419921875,-0.005859375,-0.0823974609375,-0.012939453125,-0.004638671875,0.003448486328125,C,2,2026-08-22_23-06-48,2026-08-22
1.0,1.0,1.0,0.6912442396313364,0.9932885906040269,1.0,1.0,1.0,1.0,1.0,0.0,0.551025390625,-0.0023193359375,-0.0760498046875,-0.014556884765625,-0.006805419921875,0.0087890625,C,2,2026-08-22_23-06-48,2026-08-22
0.92,0.9098639455782312,0.8759124087591241,0.42857142857142855,0.0,1.0,1.0,1.0,1.0,1.0,0.0,0.554931640625,-0.0028076171875,-0.0745849609375,-0.01763916015625,-0.01043701171875,0.0140380859375,C,2,2026-08-22_23-06-48,2026-08-22
0.850909090909091,0.9625850340136054,0.7408759124087592,0.5023041474654378,0.8859060402684564,1.0,1.0,1.0,1.0,1.0,0.0,0.5565185546875,-0.0064697265625,-0.0618896484375,-0.02520751953125,-0.024505615234375,0.01617431640625,C,2,2026-08-22_23-06-48,2026-08-22
0.94,1.0,0.7591240875912408,0.5898617511520737,0.9798657718120806,1.0,1.0,1.0,1.0,1.0,0.0,0.5531005859375,-0.0133056640625,-0.07958984375,-0.016845703125,-0.041107177734375,0.015045166015625,C,2,2026-08-22_23-06-48,2026-08-22
1.0,0.9149659863945578,0.9379562043795621,0.4423963133640553,0.8322147651006712,1.0,1.0,1.0,1.0,1.0,0.0,0.553955078125,-0.0120849609375,-0.087646484375,-0.013336181640625,-0.0389404296875,0.011016845703125,C,2,2026-08-22_23-06-48,2026-08-22
0.7909090909090909,0.9710884353741497,0.7043795620437956,0.6267281105990783,0.8053691275167785,1.0,1.0,1.0,1.0,1.0,0.0,0.5517578125,-0.009033203125,-0.0858154296875,-0.01226806640625,-0.018402099609375,0.005340576171875,C,2,2026-08-22_23-06-48,2026-08-22
1.0,1.0,1.0,0.47465437788018433,0.8053691275167785,1.0,1.0,1.0,1.0,1.0,0.0,0.5523681640625,-0.010009765625,-0.088134765625,-0.01141357421875,0.0048828125,0.00323486328125,C,2,2026-08-22_23-06-48,2026-08-22
0.9654545454545455,1.0,0.9452554744525548,0.7465437788018433,0.2684563758389262,1.0,1.0,1.0,1.0,1.0,0.0,0.5545654296875,-0.012939453125,-0.07470703125,-0.007537841796875,0.00177001953125,0.007843017578125,C,2,2026-08-22_23-06-48,2026-08-22
1.0,0.9931972789115646,0.9416058394160584,0.46543778801843316,0.9664429530201343,1.0,1.0,1.0,1.0,1.0,0.0,0.5562744140625,-0.01904296875,-0.0740966796875,-0.009918212890625,-0.0147705078125,0.011138916015625,C,2,2026-08-22_23-06-48,2026-08-22
0.9509090909090909,0.9863945578231292,1.0,0.8387096774193549,0.8053691275167785,1.0,1.0,1.0,1.0,1.0,0.0,0.5516357421875,-0.0220947265625,-0.0791015625,-0.0146484375,-0.03302001953125,0.010009765625,C,2,2026-08-22_23-06-48,2026-08-22
0.9854545454545455,1.0,1.0,0.8248847926267281,0.8053691275167785,1.0,1.0,1.0,1.0,1.0,0.0,0.55322265625,-0.0206298828125,-0.0888671875,-0.01495361328125,-0.0260009765625,0.006011962890625,C,2,2026-08-22_23-06-48,2026-08-22
1.0,1.0,1.0,1.0,1.0,1.0,1.0,1.0,1.0,1.0,1.0,0.5467529296875,-0.0010986328125,-0.0960693359375,-0.007843017578125,-0.023834228515625,0.0032958984375,C,3,2026-08-22_23-06-48,2026-08-22
1.0,1.0,1.0,0.815668202764977,0.8053691275167785,1.0,1.0,1.0,1.0,1.0,1.0,0.54541015625,-0.00146484375,-0.10107421875,-0.00762939453125,-0.0172119140625,0.007965087890625,C,3,2026-08-22_23-06-48,2026-08-22
1.0,1.0,0.9927007299270073,1.0,0.38926174496644295,1.0,1.0,1.0,1.0,1.0,1.0,0.5521240234375,0.0028076171875,-0.1021728515625,-0.011383056640625,-0.01171875,0.013427734375,C,3,2026-08-22_23-06-48,2026-08-22
1.0,1.0,1.0,1.0,0.8053691275167785,1.0,1.0,1.0,1.0,1.0,1.0,0.55126953125,-0.007080078125,-0.1005859375,-0.021392822265625,-0.00933837890625,0.00689697265625,C,3,2026-08-22_23-06-48,2026-08-22
1.0,1.0,0.9963503649635036,0.8248847926267281,0.8053691275167785,1.0,1.0,1.0,1.0,1.0,1.0,0.5543212890625,0.0059814453125,-0.10009765625,-0.02685546875,-0.02056884765625,0.006500244140625,C,3,2026-08-22_23-06-48,2026-08-22
1.0,1.0,0.9927007299270073,0.9815668202764977,0.37583892617449666,1.0,1.0,1.0,1.0,1.0,1.0,0.547119140625,0.0040283203125,-0.1080322265625,-0.019439697265625,-0.014892578125,0.00531005859375,C,3,2026-08-22_23-06-48,2026-08-22
1.0,0.9965986394557823,1.0,1.0,1.0,1.0,1.0,1.0,1.0,1.0,1.0,0.546142578125,0.0008544921875,-0.114990234375,-0.020233154296875,-0.0064697265625,0.0015869140625,C,3,2026-08-22_23-06-48,2026-08-22
1.0,1.0,1.0,0.9585253456221198,0.22818791946308725,1.0,1.0,1.0,1.0,1.0,1.0,0.5421142578125,0.00341796875,-0.106201171875,-0.0294189453125,0.007568359375,-0.001708984375,C,3,2026-08-22_23-06-48,2026-08-22
1.0,1.0,1.0,0.9216589861751152,0.4966442953020134,1.0,1.0,1.0,1.0,1.0,1.0,0.5511474609375,0.0084228515625,-0.1053466796875,-0.0235595703125,0.00909423828125,0.001983642578125,C,3,2026-08-22_23-06-48,2026-08-22
1.0,1.0,1.0,0.8709677419354839,1.0,1.0,1.0,1.0,1.0,1.0,0.0,0.55712890625,0.0106201171875,-0.0958251953125,-0.011962890625,0.00018310546875,0.008209228515625,C,3,2026-08-22_23-06-48,2026-08-22
1.0,1.0,0.9087591240875912,0.9170506912442397,0.4563758389261745,1.0,1.0,1.0,1.0,1.0,0.0,0.549560546875,0.003662109375,-0.09130859375,-0.007171630859375,-0.004150390625,0.004791259765625,C,3,2026-08-22_23-06-48,2026-08-22
1.0,1.0,1.0,0.7926267281105991,0.8590604026845637,1.0,1.0,1.0,1.0,1.0,0.0,0.545166015625,0.0008544921875,-0.0977783203125,-0.01568603515625,0.001007080078125,-0.00177001953125,C,3,2026-08-22_23-06-48,2026-08-22
1.0,0.9897959183673469,0.9927007299270073,0.8755760368663594,0.8053691275167785,1.0,1.0,1.0,1.0,1.0,0.0,0.548828125,0.0040283203125,-0.0902099609375,-0.01873779296875,0.0045166015625,0.001434326171875,C,3,2026-08-22_23-06-48,2026-08-22
1.0,1.0,1.0,0.8709677419354839,0.3221476510067114,1.0,1.0,1.0,1.0,1.0,0.0,0.549072265625,0.00390625,-0.0887451171875,-0.016357421875,0.00054931640625,0.00628662109375,C,3,2026-08-22_23-06-48,2026-08-22
1.0,1.0,0.9854014598540146,1.0,0.8053691275167785,1.0,1.0,1.0,1.0,1.0,0.0,0.54833984375,-0.001220703125,-0.093017578125,-0.02435302734375,0.000213623046875,0.005035400390625,C,3,2026-08-22_23-06-48,2026-08-22
1.0,1.0,1.0,0.8986175115207373,0.8053691275167785,1.0,1.0,1.0,1.0,1.0,1.0,0.55126953125,0.0035400390625,-0.0916748046875,-0.02655029296875,0.001007080078125,0.00372314453125,C,3,2026-08-22_23-06-48,2026-08-22
1.0,1.0,1.0,1.0,0.8053691275167785,1.0,1.0,1.0,1.0,1.0,1.0,0.5528564453125,0.0086669921875,-0.0914306640625,-0.016510009765625,-0.004547119140625,0.002899169921875,C,3,2026-08-22_23-06-48,2026-08-22
1.0,1.0,1.0,0.8709677419354839,0.21476510067114093,1.0,1.0,1.0,1.0,1.0,1.0,0.552734375,0.00341796875,-0.0966796875,-0.01348876953125,-0.011993408203125,0.000579833984375,C,3,2026-08-22_23-06-48,2026-08-22
1.0,1.0,1.0,1.0,0.8053691275167785,1.0,1.0,1.0,1.0,1.0,1.0,0.5540771484375,0.003662109375,-0.106689453125,-0.013275146484375,-0.013153076171875,0.00140380859375,C,3,2026-08-22_23-06-48,2026-08-22
1.0,1.0,0.9598540145985401,1.0,0.8187919463087249,1.0,1.0,1.0,1.0,1.0,1.0,0.5556640625,0.021484375,-0.0943603515625,-0.01043701171875,-0.0225830078125,0.0111083984375,C,3,2026-08-22_23-06-48,2026-08-22
1.0,1.0,0.9452554744525548,0.7880184331797235,0.8053691275167785,1.0,1.0,1.0,1.0,1.0,1.0,0.55126953125,-0.00439453125,-0.109375,-0.02020263671875,0.001434326171875,0.009613037109375,C,3,2026-08-22_23-06-48,2026-08-22
1.0,1.0,0.9014598540145985,1.0,0.87248322147651,1.0,1.0,1.0,1.0,1.0,1.0,0.54833984375,0.0064697265625,-0.09326171875,-0.018341064453125,0.000640869140625,0.007843017578125,C,3,2026-08-22_23-06-48,2026-08-22
1.0,1.0,1.0,0.9539170506912442,0.8053691275167785,1.0,1.0,1.0,1.0,1.0,1.0,0.5556640625,0.0068359375,-0.0870361328125,-0.007598876953125,0.002899169921875,0.007781982421875,C,3,2026-08-22_23-06-48,2026-08-22
1.0,1.0,1.0,0.7649769585253456,0.8053691275167785,1.0,1.0,1.0,1.0,1.0,1.0,0.552001953125,-0.00146484375,-0.0882568359375,-0.001739501953125,0.004547119140625,0.00390625,C,3,2026-08-22_23-06-48,2026-08-22
0.9854545454545455,1.0,1.0,0.8571428571428571,0.18791946308724833,1.0,1.0,1.0,1.0,1.0,1.0,0.5506591796875,0.0008544921875,-0.0858154296875,-0.013671875,0.00067138671875,-0.0006103515625,C,3,2026-08-22_23-06-48,2026-08-22
1.0,0.9591836734693877,1.0,0.576036866359447,0.18791946308724833,1.0,1.0,1.0,1.0,1.0,1.0,0.552001953125,0.0045166015625,-0.0870361328125,-0.006927490234375,-0.001220703125,0.002593994140625,C,3,2026-08-22_23-06-48,2026-08-22
1.0,1.0,0.9927007299270073,0.7695852534562212,0.8590604026845637,1.0,1.0,1.0,1.0,1.0,1.0,0.553955078125,-0.00341796875,-0.091064453125,-0.01129150390625,-0.007080078125,0.002838134765625,C,3,2026-08-22_23-06-48,2026-08-22
1.0,1.0,1.0,0.9631336405529954,0.8053691275167785,1.0,1.0,1.0,1.0,1.0,1.0,0.550537109375,0.0037841796875,-0.08984375,-0.017730712890625,-0.0108642578125,0.00445556640625,C,3,2026-08-22_23-06-48,2026-08-22
1.0,1.0,1.0,0.6175115207373272,0.8053691275167785,1.0,1.0,1.0,1.0,1.0,1.0,0.5521240234375,0.0091552734375,-0.095458984375,-0.01739501953125,-0.014190673828125,0.006195068359375,C,3,2026-08-22_23-06-48,2026-08-22
1.0,0.935374149659864,1.0,0.7511520737327189,0.8053691275167785,1.0,1.0,1.0,1.0,1.0,1.0,0.5491943359375,0.0062255859375,-0.09912109375,-0.017303466796875,-0.0128173828125,0.005859375,C,3,2026-08-22_23-06-48,2026-08-22
1.0,0.9659863945578231,1.0,0.7972350230414746,0.4429530201342282,1.0,1.0,1.0,1.0,1.0,1.0,0.54736328125,0.0067138671875,-0.1025390625,-0.011627197265625,-0.005401611328125,0.00701904296875,C,3,2026-08-22_23-06-48,2026-08-22
1.0,0.9336734693877551,1.0,0.6129032258064516,0.37583892617449666,1.0,1.0,1.0,1.0,1.0,1.0,0.5491943359375,0.005615234375,-0.104736328125,-0.0115966796875,0.000152587890625,0.0037841796875,C,3,2026-08-22_23-06-48,2026-08-22
1.0,1.0,1.0,0.7142857142857143,0.9798657718120806,1.0,1.0,1.0,1.0,1.0,1.0,0.5506591796875,0.0035400390625,-0.103515625,-0.017059326171875,0.00091552734375,0.003326416015625,C,3,2026-08-22_23-06-48,2026-08-22
1.0,1.0,0.864963503649635,1.0,0.8053691275167785,1.0,1.0,1.0,1.0,1.0,1.0,0.5518798828125,0.0062255859375,-0.0946044921875,-0.01995849609375,0.000762939453125,0.003936767578125,C,3,2026-08-22_23-06-48,2026-08-22
1.0,1.0,1.0,0.5668202764976958,0.8053691275167785,1.0,1.0,1.0,1.0,1.0,1.0,0.55322265625,0.0052490234375,-0.08837890625,-0.016845703125,0.00286865234375,0.008758544921875,C,3,2026-08-22_23-06-48,2026-08-22
0.94,1.0,0.8686131386861314,1.0,0.87248322147651,1.0,1.0,1.0,1.0,1.0,1.0,0.5513916015625,-0.0030517578125,-0.0836181640625,-0.015625,0.0062255859375,0.01007080078125,C,3,2026-08-22_23-06-48,2026-08-22
1.0,1.0,1.0,1.0,0.8053691275167785,1.0,1.0,1.0,1.0,1.0,1.0,0.549560546875,0.0006103515625,-0.0826416015625,-0.013885498046875,0.003143310546875,0.007598876953125,C,3,2026-08-22_23-06-48,2026-08-22
0.9945454545454545,1.0,0.927007299270073,0.9354838709677419,0.9664429530201343,1.0,1.0,1.0,1.0,1.0,1.0,0.5498046875,-0.00146484375,-0.0760498046875,-0.006805419921875,-0.005584716796875,0.004638671875,C,3,2026-08-22_23-06-48,2026-08-22
1.0,1.0,0.8905109489051095,0.9723502304147466,0.48322147651006714,1.0,1.0,1.0,1.0,1.0,1.0,0.554443359375,-0.005126953125,-0.0787353515625,-0.012420654296875,-0.01129150390625,0.000701904296875,C,3,2026-08-22_23-06-48,2026-08-22
1.0,1.0,1.0,0.7373271889400922,1.0,1.0,1.0,1.0,1.0,1.0,1.0,0.5533447265625,0.000732421875,-0.087646484375,-0.011932373046875,-0.016845703125,0.0018310546875,C,3,2026-08-22_23-06-48,2026-08-22
1.0,1.0,1.0,0.783410138248848,0.4429530201342282,1.0,1.0,1.0,1.0,1.0,0.0,0.55322265625,-0.0115966796875,-0.0870361328125,-0.0166015625,-0.0111083984375,0.00518798828125,C,4,2026-08-22_23-06-48,2026-08-22
1.0,1.0,1.0,0.8617511520737328,0.4429530201342282,1.0,1.0,1.0,1.0,1.0,0.0,0.5501708984375,-0.01123046875,-0.09033203125,-0.012298583984375,-0.013946533203125,0.004180908203125,C,4,2026-08-22_23-06-48,2026-08-22
1.0,0.9625850340136054,1.0,0.815668202764977,0.9932885906040269,1.0,1.0,1.0,1.0,1.0,0.0,0.5460205078125,-0.011962890625,-0.0909423828125,-0.009674072265625,-0.0107421875,0.000701904296875,C,4,2026-08-22_23-06-48,2026-08-22
0.8636363636363636,1.0,0.791970802919708,1.0,0.8859060402684564,1.0,1.0,1.0,1.0,1.0,0.0,0.5513916015625,-0.0054931640625,-0.0968017578125,-0.01263427734375,-0.0086669921875,-0.001434326171875,C,4,2026-08-22_23-06-48,2026-08-22
1.0,1.0,1.0,0.5207373271889401,0.9530201342281879,1.0,1.0,1.0,1.0,1.0,0.0,0.55322265625,0.0001220703125,-0.0972900390625,-0.00872802734375,-0.009979248046875,0.00177001953125,C,4,2026-08-22_23-06-48,2026-08-22
0.9490909090909091,1.0,1.0,1.0,0.8053691275167785,1.0,1.0,1.0,1.0,1.0,0.0,0.55029296875,-0.0078125,-0.097412109375,-0.011444091796875,-0.007598876953125,0.006134033203125,C,4,2026-08-22_23-06-48,2026-08-22
1.0,1.0,1.0,0.5898617511520737,0.8053691275167785,1.0,1.0,1.0,1.0,1.0,0.0,0.5469970703125,-0.0028076171875,-0.099853515625,-0.01446533203125,0.000152587890625,0.00738525390625,C,4,2026-08-22_23-06-48,2026-08-22
1.0,0.95578231292517,1.0,0.6543778801843319,0.8053691275167785,1.0,1.0,1.0,1.0,1.0,0.0,0.55029296875,-0.0087890625,-0.0972900390625,-0.0111083984375,0.0035400390625,0.00677490234375,C,4,2026-08-22_23-06-48,2026-08-22
0.9272727272727272,1.0,0.8357664233576643,1.0,0.9798657718120806,1.0,1.0,1.0,1.0,1.0,0.0,0.55224609375,-0.009521484375,-0.0888671875,-0.010528564453125,-0.000579833984375,0.004302978515625,C,4,2026-08-22_23-06-48,2026-08-22
1.0,1.0,1.0,0.8294930875576036,0.8053691275167785,1.0,1.0,1.0,1.0,1.0,0.0,0.552001953125,-0.0120849609375,-0.081787109375,-0.006103515625,-0.003204345703125,0.00274658203125,C,4,2026-08-22_23-06-48,2026-08-22
1.0,1.0,1.0,0.8617511520737328,0.21476510067114093,1.0,1.0,1.0,1.0,1.0,0.0,0.549560546875,-0.0118408203125,-0.08203125,-0.00616455078125,-0.00225830078125,0.001556396484375,C,4,2026-08-22_23-06-48,2026-08-22
1.0,0.9863945578231292,1.0,0.5806451612903226,0.8053691275167785,1.0,1.0,1.0,1.0,1.0,0.0,0.55078125,-0.011474609375,-0.0892333984375,-0.004852294921875,-0.000762939453125,0.00372314453125,C,4,2026-08-22_23-06-48,2026-08-22
1.0,0.9931972789115646,1.0,0.7373271889400922,0.48322147651006714,1.0,1.0,1.0,1.0,1.0,0.0,0.55615234375,-0.0111083984375,-0.0858154296875,-0.00634765625,-0.0047607421875,0.00482177734375,C,4,2026-08-22_23-06-48,2026-08-22
1.0,1.0,0.9927007299270073,0.7373271889400922,0.8590604026845637,1.0,1.0,1.0,1.0,1.0,0.0,0.553466796875,-0.0162353515625,-0.0897216796875,-0.0126953125,-0.009735107421875,0.003021240234375,C,4,2026-08-22_23-06-48,2026-08-22
1.0,0.9591836734693877,1.0,0.8755760368663594,0.1610738255033557,1.0,1.0,1.0,1.0,1.0,0.0,0.5517578125,-0.0087890625,-0.091064453125,-0.0164794921875,-0.00921630859375,0.001617431640625,C,4,2026-08-22_23-06-48,2026-08-22
0.9472727272727273,1.0,0.6824817518248175,1.0,0.8053691275167785,1.0,1.0,1.0,1.0,1.0,0.0,0.552734375,-0.0067138671875,-0.0899658203125,-0.0113525390625,-0.01129150390625,0.003204345703125,C,4,2026-08-22_23-06-48,2026-08-22
1.0,0.9404761904761905,1.0,0.6175115207373272,0.28187919463087246,1.0,1.0,1.0,1.0,1.0,0.0,0.5491943359375,-0.0081787109375,-0.09326171875,-0.008392333984375,-0.01025390625,0.002899169921875,C,4,2026-08-22_23-06-48,2026-08-22
1.0,0.9914965986394558,1.0,0.8387096774193549,0.10738255033557047,1.0,1.0,1.0,1.0,1.0,0.0,0.5496826171875,-0.010009765625,-0.093994140625,-0.010345458984375,-0.0067138671875,0.001617431640625,C,4,2026-08-22_23-06-48,2026-08-22
1.0,0.9778911564625851,1.0,0.728110599078341,0.8053691275167785,1.0,1.0,1.0,1.0,1.0,0.0,0.552001953125,-0.0084228515625,-0.093505859375,-0.01092529296875,-0.01123046875,0.0010986328125,C,4,2026-08-22_23-06-48,2026-08-22
0.9763636363636363,1.0,1.0,0.6129032258064516,0.8053691275167785,1.0,1.0,1.0,1.0,1.0,0.0,0.5518798828125,-0.0072021484375,-0.0853271484375,-0.012664794921875,-0.0130615234375,0.0032958984375,C,4,2026-08-22_23-06-48,2026-08-22
0.84,1.0,0.7591240875912408,1.0,1.0,1.0,1.0,1.0,1.0,1.0,0.0,0.548583984375,-0.0050048828125,-0.082275390625,-0.014129638671875,-0.01214599609375,0.0045166015625,C,4,2026-08-22_23-06-48,2026-08-22
0.9763636363636363,1.0,1.0,0.7695852534562212,0.28187919463087246,1.0,1.0,1.0,1.0,1.0,0.0,0.5509033203125,-0.01171875,-0.083984375,-0.0103759765625,-0.008331298828125,0.005462646484375,C,4,2026-08-22_23-06-48,2026-08-22
1.0,1.0,0.7408759124087592,1.0,0.9664429530201343,1.0,1.0,1.0,1.0,1.0,0.0,0.54931640625,-0.00927734375,-0.0902099609375,-0.01239013671875,-0.007537841796875,0.003173828125,C,4,2026-08-22_23-06-48,2026-08-22
0.9581818181818181,1.0,0.8211678832116789,1.0,0.21476510067114093,1.0,1.0,1.0,1.0,1.0,0.0,0.5535888671875,-0.0108642578125,-0.0921630859375,-0.01092529296875,-0.0084228515625,0.0047607421875,C,4,2026-08-22_23-06-48,2026-08-22
0.94,1.0,0.8759124087591241,0.8064516129032258,0.4563758389261745,1.0,1.0,1.0,1.0,1.0,0.0,0.5531005859375,-0.011474609375,-0.0943603515625,-0.017303466796875,-0.008026123046875,0.004852294921875,C,4,2026-08-22_23-06-48,2026-08-22
1.0,1.0,0.9781021897810219,1.0,0.3221476510067114,1.0,1.0,1.0,1.0,1.0,0.0,0.5550537109375,-0.0079345703125,-0.0928955078125,-0.013580322265625,-0.007720947265625,0.005889892578125,C,4,2026-08-22_23-06-48,2026-08-22
0.9345454545454546,1.0,0.7773722627737226,1.0,1.0,1.0,1.0,1.0,1.0,1.0,0.0,0.55419921875,-0.0107421875,-0.0902099609375,-0.01617431640625,-0.009796142578125,0.00457763671875,C,4,2026-08-22_23-06-48,2026-08-22
1.0,0.935374149659864,1.0,0.7373271889400922,1.0,1.0,1.0,1.0,1.0,1.0,0.0,0.55126953125,-0.00390625,-0.0914306640625,-0.01165771484375,-0.00457763671875,0.00341796875,C,4,2026-08-22_23-06-48,2026-08-22
1.0,1.0,0.9963503649635036,0.8202764976958525,0.38926174496644295,1.0,1.0,1.0,1.0,1.0,0.0,0.550537109375,-0.0072021484375,-0.093994140625,-0.00421142578125,-0.001312255859375,0.003997802734375,C,4,2026-08-22_23-06-48,2026-08-22
0.9727272727272728,1.0,1.0,1.0,1.0,1.0,1.0,1.0,1.0,1.0,0.0,0.55224609375,-0.01025390625,-0.092529296875,-0.00640869140625,0.002777099609375,0.005096435546875,C,4,2026-08-22_23-06-48,2026-08-22
0.9890909090909091,1.0,0.8759124087591241,1.0,0.8053691275167785,1.0,1.0,1.0,1.0,1.0,0.0,0.554931640625,-0.0120849609375,-0.088623046875,-0.016357421875,0.003143310546875,0.007293701171875,C,4,2026-08-22_23-06-48,2026-08-22
1.0,0.9897959183673469,1.0,0.6497695852534562,0.3221476510067114,1.0,1.0,1.0,1.0,1.0,0.0,0.5537109375,-0.010986328125,-0.0904541015625,-0.022552490234375,-0.00860595703125,0.013092041015625,C,4,2026-08-22_23-06-48,2026-08-22
1.0,1.0,0.8394160583941606,1.0,0.912751677852349,1.0,1.0,1.0,1.0,1.0,0.0,0.552734375,-0.01171875,-0.08544921875,-0.02337646484375,-0.01214599609375,0.00872802734375,C,4,2026-08-22_23-06-48,2026-08-22
0.98,0.9897959183673469,1.0,0.7327188940092166,0.8053691275167785,1.0,1.0,1.0,1.0,1.0,0.0,0.5479736328125,-0.012451171875,-0.08544921875,-0.019683837890625,-0.00732421875,0.005401611328125,C,4,2026-08-22_23-06-48,2026-08-22
0.9781818181818182,0.9914965986394558,0.9343065693430657,0.8847926267281107,0.8590604026845637,1.0,1.0,1.0,1.0,1.0,0.0,0.5506591796875,-0.0064697265625,-0.0826416015625,-0.0084228515625,-0.001983642578125,0.0035400390625,C,4,2026-08-22_23-06-48,2026-08-22
0.92,1.0,0.8394160583941606,0.8709677419354839,0.8053691275167785,1.0,1.0,1.0,1.0,1.0,0.0,0.55419921875,-0.01123046875,-0.083984375,-0.001708984375,-0.004425048828125,0.00177001953125,C,4,2026-08-22_23-06-48,2026-08-22
1.0,0.9625850340136054,0.9927007299270073,0.815668202764977,0.2953020134228188,1.0,1.0,1.0,1.0,1.0,0.0,0.5546875,-0.011474609375,-0.085205078125,-0.007415771484375,-0.0086669921875,0.001739501953125,C,4,2026-08-22_23-06-48,2026-08-22
0.9963636363636363,0.9523809523809523,1.0,0.6728110599078341,0.24161073825503357,1.0,1.0,1.0,1.0,1.0,0.0,0.55126953125,-0.004150390625,-0.0892333984375,-0.0086669921875,-0.009033203125,0.0057373046875,C,4,2026-08-22_23-06-48,2026-08-22
0.8436363636363636,1.0,0.4233576642335766,1.0,0.9395973154362416,1.0,1.0,1.0,1.0,1.0,0.0,0.55029296875,-0.0018310546875,-0.083251953125,-0.0072021484375,-0.006103515625,0.010955810546875,C,4,2026-08-22_23-06-48,2026-08-22
1.0,0.9659863945578231,1.0,0.663594470046083,0.8053691275167785,1.0,1.0,1.0,1.0,1.0,0.0,0.5518798828125,-0.00341796875,-0.08642578125,-0.007537841796875,-0.005859375,0.012420654296875,C,4,2026-08-22_23-06-48,2026-08-22
1.0,1.0,1.0,1.0,0.12080536912751678,1.0,0.0,0.0,1.0,1.0,1.0,-3.0517578125e-05,-3.0517578125e-05,-3.0517578125e-05,-3.0517578125e-05,-3.0517578125e-05,-3.0517578125e-05,D,0,2026-08-22_23-06-48,2026-08-22
0.8836363636363637,1.0,0.7591240875912408,1.0,0.42953020134228187,1.0,0.0,0.0,1.0,1.0,1.0,-3.0517578125e-05,-3.0517578125e-05,-3.0517578125e-05,-3.0517578125e-05,-3.0517578125e-05,-3.0517578125e-05,D,0,2026-08-22_23-06-48,2026-08-22
0.94,1.0,0.7591240875912408,1.0,0.1476510067114094,1.0,0.0,0.0,1.0,1.0,1.0,-3.0517578125e-05,-3.0517578125e-05,-3.0517578125e-05,-3.0517578125e-05,-3.0517578125e-05,-3.0517578125e-05,D,0,2026-08-22_23-06-48,2026-08-22
0.9690909090909091,1.0,0.6824817518248175,1.0,0.1476510067114094,1.0,0.0,0.0,1.0,1.0,1.0,-3.0517578125e-05,-3.0517578125e-05,-3.0517578125e-05,-3.0517578125e-05,-3.0517578125e-05,-3.0517578125e-05,D,0,2026-08-22_23-06-48,2026-08-22
0.9872727272727273,1.0,1.0,1.0,0.2684563758389262,1.0,0.0,0.0,1.0,1.0,1.0,-3.0517578125e-05,-3.0517578125e-05,-3.0517578125e-05,-3.0517578125e-05,-3.0517578125e-05,-3.0517578125e-05,D,0,2026-08-22_23-06-48,2026-08-22
0.9145454545454546,1.0,1.0,1.0,0.9932885906040269,1.0,0.0,0.0,1.0,1.0,1.0,-3.0517578125e-05,-3.0517578125e-05,-3.0517578125e-05,-3.0517578125e-05,-3.0517578125e-05,-3.0517578125e-05,D,0,2026-08-22_23-06-48,2026-08-22
0.9418181818181818,1.0,0.8540145985401459,1.0,0.8053691275167785,1.0,0.0,0.0,1.0,1.0,1.0,-3.0517578125e-05,-3.0517578125e-05,-3.0517578125e-05,-3.0517578125e-05,-3.0517578125e-05,-3.0517578125e-05,D,0,2026-08-22_23-06-48,2026-08-22
0.9418181818181818,1.0,0.843065693430657,1.0,0.8053691275167785,1.0,0.0,0.0,1.0,1.0,1.0,-3.0517578125e-05,-3.0517578125e-05,-3.0517578125e-05,-3.0517578125e-05,-3.0517578125e-05,-3.0517578125e-05,D,0,2026-08-22_23-06-48,2026-08-22
0.8818181818181818,1.0,0.7700729927007299,1.0,0.8053691275167785,1.0,0.0,0.0,1.0,1.0,1.0,-3.0517578125e-05,-3.0517578125e-05,-3.0517578125e-05,-3.0517578125e-05,-3.0517578125e-05,-3.0517578125e-05,D,0,2026-08-22_23-06-48,2026-08-22
0.9436363636363636,1.0,0.8759124087591241,1.0,0.8053691275167785,1.0,0.0,0.0,1.0,1.0,1.0,-3.0517578125e-05,-3.0517578125e-05,-3.0517578125e-05,-3.0517578125e-05,-3.0517578125e-05,-3.0517578125e-05,D,0,2026-08-22_23-06-48,2026-08-22
0.8781818181818182,1.0,0.8357664233576643,1.0,0.8053691275167785,1.0,0.0,0.0,1.0,1.0,1.0,-3.0517578125e-05,-3.0517578125e-05,-3.0517578125e-05,-3.0517578125e-05,-3.0517578125e-05,-3.0517578125e-05,D,0,2026-08-22_23-06-48,2026-08-22
0.9145454545454546,1.0,0.9416058394160584,1.0,0.8456375838926175,1.0,0.0,0.0,1.0,1.0,1.0,-3.0517578125e-05,-3.0517578125e-05,-3.0517578125e-05,-3.0517578125e-05,-3.0517578125e-05,-3.0517578125e-05,D,0,2026-08-22_23-06-48,2026-08-22
0.94,1.0,0.8759124087591241,1.0,0.42953020134228187,1.0,0.0,0.0,1.0,1.0,1.0,-3.0517578125e-05,-3.0517578125e-05,-3.0517578125e-05,-3.0517578125e-05,-3.0517578125e-05,-3.0517578125e-05,D,0,2026-08-22_23-06-48,2026-08-22
0.9509090909090909,1.0,0.7700729927007299,1.0,0.87248322147651,1.0,0.0,0.0,1.0,1.0,1.0,-3.0517578125e-05,-3.0517578125e-05,-3.0517578125e-05,-3.0517578125e-05,-3.0517578125e-05,-3.0517578125e-05,D,0,2026-08-22_23-06-48,2026-08-22
0.8818181818181818,1.0,0.9014598540145985,1.0,0.8187919463087249,1.0,0.0,0.0,1.0,1.0,1.0,-3.0517578125e-05,-3.0517578125e-05,-3.0517578125e-05,-3.0517578125e-05,-3.0517578125e-05,-3.0517578125e-05,D,0,2026-08-22_23-06-48,2026-08-22
0.8909090909090909,1.0,0.8978102189781022,1.0,0.8053691275167785,1.0,0.0,0.0,1.0,1.0,1.0,-3.0517578125e-05,-3.0517578125e-05,-3.0517578125e-05,-3.0517578125e-05,-3.0517578125e-05,-3.0517578125e-05,D,0,2026-08-22_23-06-48,2026-08-22
0.9436363636363636,1.0,0.8576642335766423,1.0,0.3087248322147651,1.0,0.0,0.0,1.0,1.0,1.0,-3.0517578125e-05,-3.0517578125e-05,-3.0517578125e-05,-3.0517578125e-05,-3.0517578125e-05,-3.0517578125e-05,D,0,2026-08-22_23-06-48,2026-08-22
0.9309090909090909,1.0,1.0,1.0,0.348993288590604,1.0,0.0,0.0,1.0,1.0,1.0,-3.0517578125e-05,-3.0517578125e-05,-3.0517578125e-05,-3.0517578125e-05,-3.0517578125e-05,-3.0517578125e-05,D,0,2026-08-22_23-06-48,2026-08-22
0.9072727272727272,1.0,0.7408759124087592,1.0,0.8053691275167785,1.0,0.0,0.0,1.0,1.0,1.0,-3.0517578125e-05,-3.0517578125e-05,-3.0517578125e-05,-3.0517578125e-05,-3.0517578125e-05,-3.0517578125e-05,D,0,2026-08-22_23-06-48,2026-08-22
0.8745454545454545,1.0,0.864963503649635,1.0,0.5100671140939598,1.0,0.0,0.0,1.0,1.0,1.0,-3.0517578125e-05,-3.0517578125e-05,-3.0517578125e-05,-3.0517578125e-05,-3.0517578125e-05,-3.0517578125e-05,D,0,2026-08-22_23-06-48,2026-08-22
0.8472727272727273,1.0,0.8576642335766423,1.0,1.0,1.0,0.0,0.0,1.0,1.0,1.0,-3.0517578125e-05,-3.0517578125e-05,-3.0517578125e-05,-3.0517578125e-05,-3.0517578125e-05,-3.0517578125e-05,D,0,2026-08-22_23-06-48,2026-08-22
0.94,1.0,0.9014598540145985,1.0,0.3087248322147651,1.0,0.0,0.0,1.0,1.0,1.0,-3.0517578125e-05,-3.0517578125e-05,-3.0517578125e-05,-3.0517578125e-05,-3.0517578125e-05,-3.0517578125e-05,D,0,2026-08-22_23-06-48,2026-08-22
0.94,1.0,0.9124087591240876,1.0,0.8053691275167785,1.0,0.0,0.0,1.0,1.0,1.0,-3.0517578125e-05,-3.0517578125e-05,-3.0517578125e-05,-3.0517578125e-05,-3.0517578125e-05,-3.0517578125e-05,D,0,2026-08-22_23-06-48,2026-08-22
0.9709090909090909,1.0,0.9744525547445255,1.0,0.8322147651006712,1.0,0.0,0.0,1.0,1.0,1.0,-3.0517578125e-05,-3.0517578125e-05,-3.0517578125e-05,-3.0517578125e-05,-3.0517578125e-05,-3.0517578125e-05,D,0,2026-08-22_23-06-48,2026-08-22
0.9,1.0,0.8978102189781022,1.0,0.8053691275167785,1.0,0.0,0.0,1.0,1.0,1.0,-3.0517578125e-05,-3.0517578125e-05,-3.0517578125e-05,-3.0517578125e-05,-3.0517578125e-05,-3.0517578125e-05,D,0,2026-08-22_23-06-48,2026-08-22
0.8854545454545455,1.0,0.927007299270073,1.0,0.8053691275167785,1.0,0.0,0.0,1.0,1.0,1.0,-3.0517578125e-05,-3.0517578125e-05,-3.0517578125e-05,-3.0517578125e-05,-3.0517578125e-05,-3.0517578125e-05,D,0,2026-08-22_23-06-48,2026-08-22
0.8763636363636363,1.0,0.8175182481751825,1.0,0.8053691275167785,1.0,0.0,0.0,1.0,1.0,1.0,-3.0517578125e-05,-3.0517578125e-05,-3.0517578125e-05,-3.0517578125e-05,-3.0517578125e-05,-3.0517578125e-05,D,0,2026-08-22_23-06-48,2026-08-22
0.9036363636363637,1.0,0.8175182481751825,1.0,0.5369127516778524,1.0,0.0,0.0,1.0,1.0,1.0,-3.0517578125e-05,-3.0517578125e-05,-3.0517578125e-05,-3.0517578125e-05,-3.0517578125e-05,-3.0517578125e-05,D,0,2026-08-22_23-06-48,2026-08-22
0.8690909090909091,1.0,1.0,1.0,0.912751677852349,1.0,0.0,0.0,1.0,1.0,1.0,-3.0517578125e-05,-3.0517578125e-05,-3.0517578125e-05,-3.0517578125e-05,-3.0517578125e-05,-3.0517578125e-05,D,0,2026-08-22_23-06-48,2026-08-22
0.9490909090909091,1.0,0.8211678832116789,1.0,0.87248322147651,1.0,0.0,0.0,1.0,1.0,1.0,-3.0517578125e-05,-3.0517578125e-05,-3.0517578125e-05,-3.0517578125e-05,-3.0517578125e-05,-3.0517578125e-05,D,0,2026-08-22_23-06-48,2026-08-22
0.8818181818181818,1.0,0.635036496350365,1.0,0.8053691275167785,1.0,0.0,0.0,1.0,1.0,1.0,-3.0517578125e-05,-3.0517578125e-05,-3.0517578125e-05,-3.0517578125e-05,-3.0517578125e-05,-3.0517578125e-05,D,0,2026-08-22_23-06-48,2026-08-22
1.0,1.0,0.8175182481751825,1.0,0.8053691275167785,1.0,0.0,0.0,1.0,1.0,1.0,-3.0517578125e-05,-3.0517578125e-05,-3.0517578125e-05,-3.0517578125e-05,-3.0517578125e-05,-3.0517578125e-05,D,0,2026-08-22_23-06-48,2026-08-22
0.9309090909090909,1.0,0.8868613138686131,1.0,0.42953020134228187,1.0,0.0,0.0,1.0,1.0,1.0,-3.0517578125e-05,-3.0517578125e-05,-3.0517578125e-05,-3.0517578125e-05,-3.0517578125e-05,-3.0517578125e-05,D,0,2026-08-22_23-06-48,2026-08-22
0.9109090909090909,1.0,0.7700729927007299,1.0,0.9261744966442953,1.0,0.0,0.0,1.0,1.0,1.0,-3.0517578125e-05,-3.0517578125e-05,-3.0517578125e-05,-3.0517578125e-05,-3.0517578125e-05,-3.0517578125e-05,D,0,2026-08-22_23-06-48,2026-08-22
0.9636363636363636,1.0,0.7554744525547445,1.0,0.9664429530201343,1.0,0.0,0.0,1.0,1.0,1.0,-3.0517578125e-05,-3.0517578125e-05,-3.0517578125e-05,-3.0517578125e-05,-3.0517578125e-05,-3.0517578125e-05,D,0,2026-08-22_23-06-48,2026-08-22
0.8690909090909091,1.0,0.9343065693430657,1.0,0.8053691275167785,1.0,0.0,0.0,1.0,1.0,1.0,-3.0517578125e-05,-3.0517578125e-05,-3.0517578125e-05,-3.0517578125e-05,-3.0517578125e-05,-3.0517578125e-05,D,0,2026-08-22_23-06-48,2026-08-22
0.9854545454545455,1.0,1.0,1.0,0.8053691275167785,1.0,0.0,0.0,1.0,1.0,1.0,-3.0517578125e-05,-3.0517578125e-05,-3.0517578125e-05,-3.0517578125e-05,-3.0517578125e-05,-3.0517578125e-05,D,0,2026-08-22_23-06-48,2026-08-22
1.0,1.0,0.8576642335766423,1.0,0.8053691275167785,1.0,0.0,0.0,1.0,1.0,1.0,-3.0517578125e-05,-3.0517578125e-05,-3.0517578125e-05,-3.0517578125e-05,-3.0517578125e-05,-3.0517578125e-05,D,0,2026-08-22_23-06-48,2026-08-22
0.9981818181818182,1.0,0.9124087591240876,1.0,0.8053691275167785,1.0,0.0,0.0,1.0,1.0,1.0,-3.0517578125e-05,-3.0517578125e-05,-3.0517578125e-05,-3.0517578125e-05,-3.0517578125e-05,-3.0517578125e-05,D,0,2026-08-22_23-06-48,2026-08-22
0.9436363636363636,1.0,0.9671532846715328,1.0,0.8053691275167785,1.0,0.0,0.0,1.0,1.0,1.0,-3.0517578125e-05,-3.0517578125e-05,-3.0517578125e-05,-3.0517578125e-05,-3.0517578125e-05,-3.0517578125e-05,D,0,2026-08-22_23-06-48,2026-08-22
0.9890909090909091,1.0,1.0,1.0,0.9395973154362416,1.0,0.0,0.0,1.0,1.0,1.0,-3.0517578125e-05,-3.0517578125e-05,-3.0517578125e-05,-3.0517578125e-05,-3.0517578125e-05,-3.0517578125e-05,D,1,2026-08-22_23-06-48,2026-08-22
1.0,1.0,1.0,1.0,0.8053691275167785,1.0,0.0,0.0,1.0,1.0,1.0,-3.0517578125e-05,-3.0517578125e-05,-3.0517578125e-05,-3.0517578125e-05,-3.0517578125e-05,-3.0517578125e-05,D,1,2026-08-22_23-06-48,2026-08-22
1.0,1.0,1.0,1.0,0.8053691275167785,1.0,0.0,0.0,1.0,1.0,1.0,-3.0517578125e-05,-3.0517578125e-05,-3.0517578125e-05,-3.0517578125e-05,-3.0517578125e-05,-3.0517578125e-05,D,1,2026-08-22_23-06-48,2026-08-22
1.0,0.9863945578231292,1.0,1.0,0.8053691275167785,1.0,0.0,0.0,1.0,1.0,1.0,-3.0517578125e-05,-3.0517578125e-05,-3.0517578125e-05,-3.0517578125e-05,-3.0517578125e-05,-3.0517578125e-05,D,1,2026-08-22_23-06-48,2026-08-22
1.0,1.0,1.0,1.0,0.8053691275167785,1.0,0.0,0.0,1.0,1.0,1.0,-3.0517578125e-05,-3.0517578125e-05,-3.0517578125e-05,-3.0517578125e-05,-3.0517578125e-05,-3.0517578125e-05,D,1,2026-08-22_23-06-48,2026-08-22
1.0,0.9982993197278912,1.0,1.0,0.8053691275167785,1.0,0.0,0.0,1.0,1.0,1.0,-3.0517578125e-05,-3.0517578125e-05,-3.0517578125e-05,-3.0517578125e-05,-3.0517578125e-05,-3.0517578125e-05,D,1,2026-08-22_23-06-48,2026-08-22
0.9963636363636363,1.0,1.0,1.0,0.8053691275167785,1.0,0.0,0.0,1.0,1.0,1.0,-3.0517578125e-05,-3.0517578125e-05,-3.0517578125e-05,-3.0517578125e-05,-3.0517578125e-05,-3.0517578125e-05,D,1,2026-08-22_23-06-48,2026-08-22
1.0,1.0,1.0,1.0,0.8053691275167785,1.0,0.0,0.0,1.0,1.0,1.0,-3.0517578125e-05,-3.0517578125e-05,-3.0517578125e-05,-3.0517578125e-05,-3.0517578125e-05,-3.0517578125e-05,D,1,2026-08-22_23-06-48,2026-08-22
1.0,0.9540816326530612,1.0,1.0,0.8053691275167785,1.0,0.0,0.0,1.0,1.0,1.0,-3.0517578125e-05,-3.0517578125e-05,-3.0517578125e-05,-3.0517578125e-05,-3.0517578125e-05,-3.0517578125e-05,D,1,2026-08-22_23-06-48,2026-08-22
1.0,1.0,1.0,1.0,0.48322147651006714,1.0,0.0,0.0,1.0,1.0,1.0,-3.0517578125e-05,-3.0517578125e-05,-3.0517578125e-05,-3.0517578125e-05,-3.0517578125e-05,-3.0517578125e-05,D,1,2026-08-22_23-06-48,2026-08-22
0.9781818181818182,0.9948979591836735,1.0,1.0,0.2684563758389262,1.0,0.0,0.0,1.0,1.0,1.0,-3.0517578125e-05,-3.0517578125e-05,-3.0517578125e-05,-3.0517578125e-05,-3.0517578125e-05,-3.0517578125e-05,D,1,2026-08-22_23-06-48,2026-08-22
1.0,1.0,1.0,1.0,0.5100671140939598,1.0,0.0,0.0,1.0,1.0,1.0,-3.0517578125e-05,-3.0517578125e-05,-3.0517578125e-05,-3.0517578125e-05,-3.0517578125e-05,-3.0517578125e-05,D,1,2026-08-22_23-06-48,2026-08-22
1.0,1.0,1.0,1.0,0.8053691275167785,1.0,0.0,0.0,1.0,1.0,1.0,-3.0517578125e-05,-3.0517578125e-05,-3.0517578125e-05,-3.0517578125e-05,-3.0517578125e-05,-3.0517578125e-05,D,1,2026-08-22_23-06-48,2026-08-22
0.96,0.9455782312925171,1.0,1.0,0.8053691275167785,1.0,0.0,0.0,1.0,1.0,1.0,-3.0517578125e-05,-3.0517578125e-05,-3.0517578125e-05,-3.0517578125e-05,-3.0517578125e-05,-3.0517578125e-05,D,1,2026-08-22_23-06-48,2026-08-22
1.0,0.9710884353741497,1.0,1.0,1.0,1.0,0.0,0.0,1.0,1.0,1.0,-3.0517578125e-05,-3.0517578125e-05,-3.0517578125e-05,-3.0517578125e-05,-3.0517578125e-05,-3.0517578125e-05,D,1,2026-08-22_23-06-48,2026-08-22
0.9981818181818182,0.9387755102040817,1.0,1.0,0.33557046979865773,1.0,0.0,0.0,1.0,1.0,1.0,-3.0517578125e-05,-3.0517578125e-05,-3.0517578125e-05,-3.0517578125e-05,-3.0517578125e-05,-3.0517578125e-05,D,1,2026-08-22_23-06-48,2026-08-22
0.8818181818181818,1.0,1.0,1.0,0.2953020134228188,1.0,0.0,0.0,1.0,1.0,1.0,-3.0517578125e-05,-3.0517578125e-05,-3.0517578125e-05,-3.0517578125e-05,-3.0517578125e-05,-3.0517578125e-05,D,1,2026-08-22_23-06-48,2026-08-22
1.0,0.9659863945578231,1.0,1.0,0.2684563758389262,1.0,0.0,0.0,1.0,1.0,1.0,-3.0517578125e-05,-3.0517578125e-05,-3.0517578125e-05,-3.0517578125e-05,-3.0517578125e-05,-3.0517578125e-05,D,1,2026-08-22_23-06-48,2026-08-22
0.9690909090909091,0.9183673469387755,1.0,1.0,0.8053691275167785,1.0,0.0,0.0,1.0,1.0,1.0,-3.0517578125e-05,-3.0517578125e-05,-3.0517578125e-05,-3.0517578125e-05,-3.0517578125e-05,-3.0517578125e-05,D,1,2026-08-22_23-06-48,2026-08-22
0.9745454545454545,1.0,1.0,1.0,0.4161073825503356,1.0,0.0,0.0,1.0,1.0,1.0,-3.0517578125e-05,-3.0517578125e-05,-3.0517578125e-05,-3.0517578125e-05,-3.0517578125e-05,-3.0517578125e-05,D,1,2026-08-22_23-06-48,2026-08-22
0.9872727272727273,1.0,1.0,1.0,0.8053691275167785,1.0,0.0,0.0,1.0,1.0,1.0,-3.0517578125e-05,-3.0517578125e-05,-3.0517578125e-05,-3.0517578125e-05,-3.0517578125e-05,-3.0517578125e-05,D,1,2026-08-22_23-06-48,2026-08-22
1.0,1.0,1.0,1.0,0.8322147651006712,1.0,0.0,0.0,1.0,1.0,1.0,-3.0517578125e-05,-3.0517578125e-05,-3.0517578125e-05,-3.0517578125e-05,-3.0517578125e-05,-3.0517578125e-05,D,1,2026-08-22_23-06-48,2026-08-22
1.0,1.0,1.0,1.0,0.4161073825503356,1.0,0.0,0.0,1.0,1.0,1.0,-3.0517578125e-05,-3.0517578125e-05,-3.0517578125e-05,-3.0517578125e-05,-3.0517578125e-05,-3.0517578125e-05,D,1,2026-08-22_23-06-48,2026-08-22
0.94,1.0,1.0,1.0,0.2684563758389262,1.0,0.0,0.0,1.0,1.0,1.0,-3.0517578125e-05,-3.0517578125e-05,-3.0517578125e-05,-3.0517578125e-05,-3.0517578125e-05,-3.0517578125e-05,D,1,2026-08-22_23-06-48,2026-08-22
0.9490909090909091,1.0,1.0,1.0,0.5100671140939598,1.0,1.0,1.0,1.0,1.0,1.0,0.5406494140625,-0.0247802734375,-0.1231689453125,-0.034149169921875,-0.00213623046875,-0.0025634765625,D,1,2026-08-22_23-06-48,2026-08-22
0.9563636363636364,1.0,1.0,1.0,0.8053691275167785,1.0,0.0,0.0,1.0,1.0,1.0,-3.0517578125e-05,-3.0517578125e-05,-3.0517578125e-05,-3.0517578125e-05,-3.0517578125e-05,-3.0517578125e-05,D,1,2026-08-22_23-06-48,2026-08-22
0.9654545454545455,1.0,1.0,1.0,0.8053691275167785,1.0,0.0,0.0,1.0,1.0,1.0,-3.0517578125e-05,-3.0517578125e-05,-3.0517578125e-05,-3.0517578125e-05,-3.0517578125e-05,-3.0517578125e-05,D,1,2026-08-22_23-06-48,2026-08-22
0.9672727272727273,1.0,1.0,1.0,0.8053691275167785,1.0,0.0,0.0,1.0,1.0,1.0,-3.0517578125e-05,-3.0517578125e-05,-3.0517578125e-05,-3.0517578125e-05,-3.0517578125e-05,-3.0517578125e-05,D,1,2026-08-22_23-06-48,2026-08-22
1.0,0.9370748299319728,1.0,1.0,0.8053691275167785,1.0,0.0,0.0,1.0,1.0,1.0,-3.0517578125e-05,-3.0517578125e-05,-3.0517578125e-05,-3.0517578125e-05,-3.0517578125e-05,-3.0517578125e-05,D,1,2026-08-22_23-06-48,2026-08-22
1.0,0.9880952380952381,1.0,1.0,0.87248322147651,1.0,0.0,0.0,1.0,1.0,1.0,-3.0517578125e-05,-3.0517578125e-05,-3.0517578125e-05,-3.0517578125e-05,-3.0517578125e-05,-3.0517578125e-05,D,1,2026-08-22_23-06-48,2026-08-22
0.9472727272727273,1.0,1.0,1.0,0.8053691275167785,1.0,0.0,0.0,1.0,1.0,1.0,-3.0517578125e-05,-3.0517578125e-05,-3.0517578125e-05,-3.0517578125e-05,-3.0517578125e-05,-3.0517578125e-05,D,1,2026-08-22_23-06-48,2026-08-22
0.96,0.9880952380952381,1.0,1.0,0.8053691275167785,1.0,0.0,0.0,1.0,1.0,1.0,-3.0517578125e-05,-3.0517578125e-05,-3.0517578125e-05,-3.0517578125e-05,-3.0517578125e-05,-3.0517578125e-05,D,1,2026-08-22_23-06-48,2026-08-22
0.9527272727272728,0.9625850340136054,1.0,1.0,0.1610738255033557,1.0,0.0,0.0,1.0,1.0,1.0,-3.0517578125e-05,-3.0517578125e-05,-3.0517578125e-05,-3.0517578125e-05,-3.0517578125e-05,-3.0517578125e-05,D,1,2026-08-22_23-06-48,2026-08-22
1.0,1.0,1.0,1.0,0.8053691275167785,1.0,0.0,0.0,1.0,1.0,1.0,-3.0517578125e-05,-3.0517578125e-05,-3.0517578125e-05,-3.0517578125e-05,-3.0517578125e-05,-3.0517578125e-05,D,1,2026-08-22_23-06-48,2026-08-22
0.9236363636363636,1.0,1.0,1.0,0.8053691275167785,1.0,0.0,0.0,1.0,1.0,1.0,-3.0517578125e-05,-3.0517578125e-05,-3.0517578125e-05,-3.0517578125e-05,-3.0517578125e-05,-3.0517578125e-05,D,1,2026-08-22_23-06-48,2026-08-22
1.0,0.9897959183673469,1.0,1.0,0.8053691275167785,1.0,0.0,0.0,1.0,1.0,1.0,-3.0517578125e-05,-3.0517578125e-05,-3.0517578125e-05,-3.0517578125e-05,-3.0517578125e-05,-3.0517578125e-05,D,1,2026-08-22_23-06-48,2026-08-22
1.0,1.0,1.0,1.0,0.8053691275167785,1.0,0.0,0.0,1.0,1.0,1.0,-3.0517578125e-05,-3.0517578125e-05,-3.0517578125e-05,-3.0517578125e-05,-3.0517578125e-05,-3.0517578125e-05,D,1,2026-08-22_23-06-48,2026-08-22
1.0,1.0,1.0,1.0,0.42953020134228187,1.0,0.0,0.0,1.0,1.0,1.0,-3.0517578125e-05,-3.0517578125e-05,-3.0517578125e-05,-3.0517578125e-05,-3.0517578125e-05,-3.0517578125e-05,D,1,2026-08-22_23-06-48,2026-08-22
0.9272727272727272,0.9455782312925171,1.0,1.0,0.37583892617449666,1.0,0.0,0.0,1.0,1.0,1.0,-3.0517578125e-05,-3.0517578125e-05,-3.0517578125e-05,-3.0517578125e-05,-3.0517578125e-05,-3.0517578125e-05,D,1,2026-08-22_23-06-48,2026-08-22
0.8690909090909091,1.0,1.0,1.0,0.8053691275167785,1.0,0.0,0.0,1.0,1.0,1.0,-3.0517578125e-05,-3.0517578125e-05,-3.0517578125e-05,-3.0517578125e-05,-3.0517578125e-05,-3.0517578125e-05,D,1,2026-08-22_23-06-48,2026-08-22
0.9927272727272727,0.9778911564625851,1.0,1.0,0.8053691275167785,1.0,0.0,0.0,1.0,1.0,1.0,-3.0517578125e-05,-3.0517578125e-05,-3.0517578125e-05,-3.0517578125e-05,-3.0517578125e-05,-3.0517578125e-05,D,2,2026-08-22_23-06-48,2026-08-22
0.98,1.0,0.9452554744525548,1.0,0.8859060402684564,1.0,0.0,0.0,1.0,1.0,1.0,-3.0517578125e-05,-3.0517578125e-05,-3.0517578125e-05,-3.0517578125e-05,-3.0517578125e-05,-3.0517578125e-05,D,2,2026-08-22_23-06-48,2026-08-22
0.9745454545454545,1.0,0.9598540145985401,1.0,0.8053691275167785,1.0,0.0,0.0,1.0,1.0,1.0,-3.0517578125e-05,-3.0517578125e-05,-3.0517578125e-05,-3.0517578125e-05,-3.0517578125e-05,-3.0517578125e-05,D,2,2026-08-22_23-06-48,2026-08-22
1.0,1.0,0.8686131386861314,1.0,0.8053691275167785,1.0,0.0,0.0,1.0,1.0,1.0,-3.0517578125e-05,-3.0517578125e-05,-3.0517578125e-05,-3.0517578125e-05,-3.0517578125e-05,-3.0517578125e-05,D,2,2026-08-22_23-06-48,2026-08-22
0.9581818181818181,1.0,1.0,1.0,0.912751677852349,1.0,0.0,0.0,1.0,1.0,1.0,-3.0517578125e-05,-3.0517578125e-05,-3.0517578125e-05,-3.0517578125e-05,-3.0517578125e-05,-3.0517578125e-05,D,2,2026-08-22_23-06-48,2026-08-22
1.0,0.9795918367346939,0.9927007299270073,1.0,0.348993288590604,1.0,0.0,0.0,1.0,1.0,1.0,-3.0517578125e-05,-3.0517578125e-05,-3.0517578125e-05,-3.0517578125e-05,-3.0517578125e-05,-3.0517578125e-05,D,2,2026-08-22_23-06-48,2026-08-22
1.0,1.0,0.8759124087591241,1.0,0.8053691275167785,1.0,0.0,0.0,1.0,1.0,1.0,-3.0517578125e-05,-3.0517578125e-05,-3.0517578125e-05,-3.0517578125e-05,-3.0517578125e-05,-3.0517578125e-05,D,2,2026-08-22_23-06-48,2026-08-22
1.0,1.0,0.9087591240875912,1.0,0.4966442953020134,1.0,0.0,0.0,1.0,1.0,1.0,-3.0517578125e-05,-3.0517578125e-05,-3.0517578125e-05,-3.0517578125e-05,-3.0517578125e-05,-3.0517578125e-05,D,2,2026-08-22_23-06-48,2026-08-22
1.0,1.0,0.9525547445255474,1.0,0.8053691275167785,1.0,0.0,0.0,1.0,1.0,1.0,-3.0517578125e-05,-3.0517578125e-05,-3.0517578125e-05,-3.0517578125e-05,-3.0517578125e-05,-3.0517578125e-05,D,2,2026-08-22_23-06-48,2026-08-22
0.990909090909091,1.0,0.8065693430656934,1.0,0.4563758389261745,1.0,0.0,0.0,1.0,1.0,1.0,-3.0517578125e-05,-3.0517578125e-05,-3.0517578125e-05,-3.0517578125e-05,-3.0517578125e-05,-3.0517578125e-05,D,2,2026-08-22_23-06-48,2026-08-22
0.9981818181818182,1.0,0.8065693430656934,1.0,0.8053691275167785,1.0,0.0,0.0,1.0,1.0,1.0,-3.0517578125e-05,-3.0517578125e-05,-3.0517578125e-05,-3.0517578125e-05,-3.0517578125e-05,-3.0517578125e-05,D,2,2026-08-22_23-06-48,2026-08-22
1.0,0.9897959183673469,0.8759124087591241,1.0,0.8053691275167785,1.0,0.0,0.0,1.0,1.0,1.0,-3.0517578125e-05,-3.0517578125e-05,-3.0517578125e-05,-3.0517578125e-05,-3.0517578125e-05,-3.0517578125e-05,D,2,2026-08-22_23-06-48,2026-08-22
0.9818181818181818,1.0,0.8832116788321168,1.0,0.348993288590604,1.0,0.0,0.0,1.0,1.0,1.0,-3.0517578125e-05,-3.0517578125e-05,-3.0517578125e-05,-3.0517578125e-05,-3.0517578125e-05,-3.0517578125e-05,D,2,2026-08-22_23-06-48,2026-08-22
1.0,1.0,0.9708029197080292,1.0,0.8053691275167785,1.0,0.0,0.0,1.0,1.0,1.0,-3.0517578125e-05,-3.0517578125e-05,-3.0517578125e-05,-3.0517578125e-05,-3.0517578125e-05,-3.0517578125e-05,D,2,2026-08-22_23-06-48,2026-08-22
1.0,1.0,0.9562043795620438,1.0,0.8053691275167785,1.0,0.0,0.0,1.0,1.0,1.0,-3.0517578125e-05,-3.0517578125e-05,-3.0517578125e-05,-3.0517578125e-05,-3.0517578125e-05,-3.0517578125e-05,D,2,2026-08-22_23-06-48,2026-08-22
0.9927272727272727,1.0,0.9343065693430657,1.0,0.8053691275167785,1.0,0.0,0.0,1.0,1.0,1.0,-3.0517578125e-05,-3.0517578125e-05,-3.0517578125e-05,-3.0517578125e-05,-3.0517578125e-05,-3.0517578125e-05,D,2,2026-08-22_23-06-48,2026-08-22
0.9854545454545455,1.0,0.916058394160584,1.0,0.8053691275167785,1.0,0.0,0.0,1.0,1.0,1.0,-3.0517578125e-05,-3.0517578125e-05,-3.0517578125e-05,-3.0517578125e-05,-3.0517578125e-05,-3.0517578125e-05,D,2,2026-08-22_23-06-48,2026-08-22
1.0,1.0,0.8795620437956204,1.0,0.8053691275167785,1.0,0.0,0.0,1.0,1.0,1.0,-3.0517578125e-05,-3.0517578125e-05,-3.0517578125e-05,-3.0517578125e-05,-3.0517578125e-05,-3.0517578125e-05,D,2,2026-08-22_23-06-48,2026-08-22
1.0,1.0,0.9525547445255474,1.0,0.8053691275167785,1.0,0.0,0.0,1.0,1.0,1.0,-3.0517578125e-05,-3.0517578125e-05,-3.0517578125e-05,-3.0517578125e-05,-3.0517578125e-05,-3.0517578125e-05,D,2,2026-08-22_23-06-48,2026-08-22
0.9563636363636364,1.0,0.9124087591240876,1.0,0.8053691275167785,1.0,0.0,0.0,1.0,1.0,1.0,-3.0517578125e-05,-3.0517578125e-05,-3.0517578125e-05,-3.0517578125e-05,-3.0517578125e-05,-3.0517578125e-05,D,2,2026-08-22_23-06-48,2026-08-22
1.0,1.0,0.8503649635036497,1.0,0.8053691275167785,1.0,0.0,0.0,1.0,1.0,1.0,-3.0517578125e-05,-3.0517578125e-05,-3.0517578125e-05,-3.0517578125e-05,-3.0517578125e-05,-3.0517578125e-05,D,2,2026-08-22_23-06-48,2026-08-22
1.0,1.0,0.8102189781021898,1.0,0.348993288590604,1.0,0.0,0.0,1.0,1.0,1.0,-3.0517578125e-05,-3.0517578125e-05,-3.0517578125e-05,-3.0517578125e-05,-3.0517578125e-05,-3.0517578125e-05,D,2,2026-08-22_23-06-48,2026-08-22
1.0,1.0,0.8175182481751825,1.0,0.48322147651006714,1.0,0.0,0.0,1.0,1.0,1.0,-3.0517578125e-05,-3.0517578125e-05,-3.0517578125e-05,-3.0517578125e-05,-3.0517578125e-05,-3.0517578125e-05,D,2,2026-08-22_23-06-48,2026-08-22
1.0,1.0,0.9343065693430657,1.0,0.8053691275167785,1.0,0.0,0.0,1.0,1.0,1.0,-3.0517578125e-05,-3.0517578125e-05,-3.0517578125e-05,-3.0517578125e-05,-3.0517578125e-05,-3.0517578125e-05,D,2,2026-08-22_23-06-48,2026-08-22
1.0,1.0,0.8576642335766423,1.0,0.8053691275167785,1.0,0.0,0.0,1.0,1.0,1.0,-3.0517578125e-05,-3.0517578125e-05,-3.0517578125e-05,-3.0517578125e-05,-3.0517578125e-05,-3.0517578125e-05,D,2,2026-08-22_23-06-48,2026-08-22
1.0,1.0,0.8795620437956204,1.0,0.8053691275167785,1.0,0.0,0.0,1.0,1.0,1.0,-3.0517578125e-05,-3.0517578125e-05,-3.0517578125e-05,-3.0517578125e-05,-3.0517578125e-05,-3.0517578125e-05,D,2,2026-08-22_23-06-48,2026-08-22
1.0,1.0,0.916058394160584,1.0,0.8322147651006712,1.0,0.0,0.0,1.0,1.0,1.0,-3.0517578125e-05,-3.0517578125e-05,-3.0517578125e-05,-3.0517578125e-05,-3.0517578125e-05,-3.0517578125e-05,D,2,2026-08-22_23-06-48,2026-08-22
1.0,1.0,0.9087591240875912,1.0,0.8053691275167785,1.0,0.0,0.0,1.0,1.0,1.0,-3.0517578125e-05,-3.0517578125e-05,-3.0517578125e-05,-3.0517578125e-05,-3.0517578125e-05,-3.0517578125e-05,D,2,2026-08-22_23-06-48,2026-08-22
1.0,1.0,0.9890510948905109,1.0,0.8053691275167785,1.0,0.0,0.0,1.0,1.0,1.0,-3.0517578125e-05,-3.0517578125e-05,-3.0517578125e-05,-3.0517578125e-05,-3.0517578125e-05,-3.0517578125e-05,D,2,2026-08-22_23-06-48,2026-08-22
0.9454545454545454,0.9795918367346939,0.8284671532846716,1.0,0.8053691275167785,1.0,0.0,0.0,1.0,1.0,1.0,-3.0517578125e-05,-3.0517578125e-05,-3.0517578125e-05,-3.0517578125e-05,-3.0517578125e-05,-3.0517578125e-05,D,2,2026-08-22_23-06-48,2026-08-22
0.9618181818181818,1.0,0.9927007299270073,1.0,0.8053691275167785,1.0,0.0,0.0,1.0,1.0,1.0,-3.0517578125e-05,-3.0517578125e-05,-3.0517578125e-05,-3.0517578125e-05,-3.0517578125e-05,-3.0517578125e-05,D,2,2026-08-22_23-06-48,2026-08-22
0.9981818181818182,1.0,0.8978102189781022,1.0,0.4429530201342282,1.0,0.0,0.0,1.0,1.0,1.0,-3.0517578125e-05,-3.0517578125e-05,-3.0517578125e-05,-3.0517578125e-05,-3.0517578125e-05,-3.0517578125e-05,D,2,2026-08-22_23-06-48,2026-08-22
0.9981818181818182,1.0,1.0,1.0,1.0,1.0,0.0,0.0,1.0,1.0,1.0,-3.0517578125e-05,-3.0517578125e-05,-3.0517578125e-05,-3.0517578125e-05,-3.0517578125e-05,-3.0517578125e-05,D,2,2026-08-22_23-06-48,2026-08-22
0.9654545454545455,1.0,0.9379562043795621,1.0,0.5100671140939598,1.0,0.0,0.0,1.0,1.0,1.0,-3.0517578125e-05,-3.0517578125e-05,-3.0517578125e-05,-3.0517578125e-05,-3.0517578125e-05,-3.0517578125e-05,D,2,2026-08-22_23-06-48,2026-08-22
1.0,1.0,0.8868613138686131,1.0,0.8053691275167785,1.0,0.0,0.0,1.0,1.0,1.0,-3.0517578125e-05,-3.0517578125e-05,-3.0517578125e-05,-3.0517578125e-05,-3.0517578125e-05,-3.0517578125e-05,D,2,2026-08-22_23-06-48,2026-08-22
1.0,0.9948979591836735,0.9927007299270073,1.0,0.8053691275167785,1.0,0.0,0.0,1.0,1.0,1.0,-3.0517578125e-05,-3.0517578125e-05,-3.0517578125e-05,-3.0517578125e-05,-3.0517578125e-05,-3.0517578125e-05,D,2,2026-08-22_23-06-48,2026-08-22
1.0,0.9948979591836735,0.8102189781021898,1.0,0.8053691275167785,1.0,0.0,0.0,1.0,1.0,1.0,-3.0517578125e-05,-3.0517578125e-05,-3.0517578125e-05,-3.0517578125e-05,-3.0517578125e-05,-3.0517578125e-05,D,2,2026-08-22_23-06-48,2026-08-22
1.0,1.0,0.8832116788321168,1.0,0.8053691275167785,1.0,0.0,0.0,1.0,1.0,1.0,-3.0517578125e-05,-3.0517578125e-05,-3.0517578125e-05,-3.0517578125e-05,-3.0517578125e-05,-3.0517578125e-05,D,2,2026-08-22_23-06-48,2026-08-22
1.0,0.9625850340136054,1.0,1.0,0.8053691275167785,1.0,0.0,0.0,1.0,1.0,1.0,-3.0517578125e-05,-3.0517578125e-05,-3.0517578125e-05,-3.0517578125e-05,-3.0517578125e-05,-3.0517578125e-05,D,2,2026-08-22_23-06-48,2026-08-22
0.9363636363636364,1.0,0.8576642335766423,1.0,0.4429530201342282,1.0,0.0,0.0,1.0,1.0,1.0,-3.0517578125e-05,-3.0517578125e-05,-3.0517578125e-05,-3.0517578125e-05,-3.0517578125e-05,-3.0517578125e-05,D,2,2026-08-22_23-06-48,2026-08-22
0.9709090909090909,1.0,0.8175182481751825,1.0,0.5100671140939598,1.0,0.0,0.0,1.0,1.0,1.0,-3.0517578125e-05,-3.0517578125e-05,-3.0517578125e-05,-3.0517578125e-05,-3.0517578125e-05,-3.0517578125e-05,D,3,2026-08-22_23-06-48,2026-08-22
1.0,1.0,0.8978102189781022,1.0,0.4161073825503356,1.0,0.0,0.0,1.0,1.0,1.0,-3.0517578125e-05,-3.0517578125e-05,-3.0517578125e-05,-3.0517578125e-05,-3.0517578125e-05,-3.0517578125e-05,D,3,2026-08-22_23-06-48,2026-08-22
1.0,1.0,1.0,1.0,0.8456375838926175,1.0,0.0,0.0,1.0,1.0,1.0,-3.0517578125e-05,-3.0517578125e-05,-3.0517578125e-05,-3.0517578125e-05,-3.0517578125e-05,-3.0517578125e-05,D,3,2026-08-22_23-06-48,2026-08-22
1.0,1.0,0.8978102189781022,1.0,0.8053691275167785,1.0,0.0,0.0,1.0,1.0,1.0,-3.0517578125e-05,-3.0517578125e-05,-3.0517578125e-05,-3.0517578125e-05,-3.0517578125e-05,-3.0517578125e-05,D,3,2026-08-22_23-06-48,2026-08-22
0.9181818181818182,0.9574829931972789,0.9927007299270073,1.0,1.0,1.0,0.0,0.0,1.0,1.0,1.0,-3.0517578125e-05,-3.0517578125e-05,-3.0517578125e-05,-3.0517578125e-05,-3.0517578125e-05,-3.0517578125e-05,D,3,2026-08-22_23-06-48,2026-08-22
1.0,1.0,1.0,1.0,0.1476510067114094,1.0,0.0,0.0,1.0,1.0,1.0,-3.0517578125e-05,-3.0517578125e-05,-3.0517578125e-05,-3.0517578125e-05,-3.0517578125e-05,-3.0517578125e-05,D,3,2026-08-22_23-06-48,2026-08-22
0.9509090909090909,1.0,0.6788321167883211,1.0,0.1610738255033557,1.0,0.0,0.0,1.0,1.0,1.0,-3.0517578125e-05,-3.0517578125e-05,-3.0517578125e-05,-3.0517578125e-05,-3.0517578125e-05,-3.0517578125e-05,D,3,2026-08-22_23-06-48,2026-08-22
0.9509090909090909,1.0,0.7883211678832117,1.0,0.8053691275167785,1.0,0.0,0.0,1.0,1.0,1.0,-3.0517578125e-05,-3.0517578125e-05,-3.0517578125e-05,-3.0517578125e-05,-3.0517578125e-05,-3.0517578125e-05,D,3,2026-08-22_23-06-48,2026-08-22
0.6818181818181818,1.0,1.0,1.0,0.22818791946308725,1.0,0.0,0.0,1.0,1.0,1.0,-3.0517578125e-05,-3.0517578125e-05,-3.0517578125e-05,-3.0517578125e-05,-3.0517578125e-05,-3.0517578125e-05,D,3,2026-08-22_23-06-48,2026-08-22
1.0,1.0,0.9306569343065694,1.0,0.8053691275167785,1.0,0.0,0.0,1.0,1.0,1.0,-3.0517578125e-05,-3.0517578125e-05,-3.0517578125e-05,-3.0517578125e-05,-3.0517578125e-05,-3.0517578125e-05,D,3,2026-08-22_23-06-48,2026-08-22
1.0,1.0,0.7773722627737226,1.0,0.12080536912751678,1.0,0.0,0.0,1.0,1.0,1.0,-3.0517578125e-05,-3.0517578125e-05,-3.0517578125e-05,-3.0517578125e-05,-3.0517578125e-05,-3.0517578125e-05,D,3,2026-08-22_23-06-48,2026-08-22
0.7854545454545454,1.0,0.9890510948905109,1.0,0.8053691275167785,1.0,0.0,0.0,1.0,1.0,1.0,-3.0517578125e-05,-3.0517578125e-05,-3.0517578125e-05,-3.0517578125e-05,-3.0517578125e-05,-3.0517578125e-05,D,3,2026-08-22_23-06-48,2026-08-22
1.0,1.0,0.8175182481751825,1.0,0.22818791946308725,1.0,0.0,0.0,1.0,1.0,1.0,-3.0517578125e-05,-3.0517578125e-05,-3.0517578125e-05,-3.0517578125e-05,-3.0517578125e-05,-3.0517578125e-05,D,3,2026-08-22_23-06-48,2026-08-22
0.8818181818181818,0.8656462585034014,0.5255474452554745,1.0,1.0,1.0,0.0,0.0,1.0,1.0,1.0,-3.0517578125e-05,-3.0517578125e-05,-3.0517578125e-05,-3.0517578125e-05,-3.0517578125e-05,-3.0517578125e-05,D,3,2026-08-22_23-06-48,2026-08-22
0.9490909090909091,1.0,1.0,1.0,0.09395973154362416,1.0,0.0,0.0,1.0,1.0,1.0,-3.0517578125e-05,-3.0517578125e-05,-3.0517578125e-05,-3.0517578125e-05,-3.0517578125e-05,-3.0517578125e-05,D,3,2026-08-22_23-06-48,2026-08-22
0.8981818181818182,1.0,1.0,1.0,0.1342281879194631,1.0,0.0,0.0,1.0,1.0,1.0,-3.0517578125e-05,-3.0517578125e-05,-3.0517578125e-05,-3.0517578125e-05,-3.0517578125e-05,-3.0517578125e-05,D,3,2026-08-22_23-06-48,2026-08-22
1.0,0.9625850340136054,0.8941605839416058,1.0,0.8053691275167785,1.0,0.0,0.0,1.0,1.0,1.0,-3.0517578125e-05,-3.0517578125e-05,-3.0517578125e-05,-3.0517578125e-05,-3.0517578125e-05,-3.0517578125e-05,D,3,2026-08-22_23-06-48,2026-08-22
0.9854545454545455,0.9914965986394558,0.8503649635036497,1.0,0.8053691275167785,1.0,0.0,0.0,1.0,1.0,1.0,-3.0517578125e-05,-3.0517578125e-05,-3.0517578125e-05,-3.0517578125e-05,-3.0517578125e-05,-3.0517578125e-05,D,3,2026-08-22_23-06-48,2026-08-22
1.0,0.9455782312925171,0.718978102189781,1.0,0.1610738255033557,1.0,0.0,0.0,1.0,1.0,1.0,-3.0517578125e-05,-3.0517578125e-05,-3.0517578125e-05,-3.0517578125e-05,-3.0517578125e-05,-3.0517578125e-05,D,3,2026-08-22_23-06-48,2026-08-22
0.9836363636363636,1.0,0.8832116788321168,1.0,0.8053691275167785,1.0,0.0,0.0,1.0,1.0,1.0,-3.0517578125e-05,-3.0517578125e-05,-3.0517578125e-05,-3.0517578125e-05,-3.0517578125e-05,-3.0517578125e-05,D,3,2026-08-22_23-06-48,2026-08-22
0.9727272727272728,1.0,0.9927007299270073,1.0,1.0,1.0,0.0,0.0,1.0,1.0,1.0,-3.0517578125e-05,-3.0517578125e-05,-3.0517578125e-05,-3.0517578125e-05,-3.0517578125e-05,-3.0517578125e-05,D,3,2026-08-22_23-06-48,2026-08-22
0.9109090909090909,0.9710884353741497,0.7262773722627737,1.0,0.1476510067114094,1.0,0.0,0.0,1.0,1.0,1.0,-3.0517578125e-05,-3.0517578125e-05,-3.0517578125e-05,-3.0517578125e-05,-3.0517578125e-05,-3.0517578125e-05,D,3,2026-08-22_23-06-48,2026-08-22
1.0,0.9880952380952381,0.9671532846715328,1.0,0.8053691275167785,1.0,0.0,0.0,1.0,1.0,1.0,-3.0517578125e-05,-3.0517578125e-05,-3.0517578125e-05,-3.0517578125e-05,-3.0517578125e-05,-3.0517578125e-05,D,3,2026-08-22_23-06-48,2026-08-22
1.0,1.0,0.7116788321167883,1.0,0.4429530201342282,1.0,0.0,0.0,1.0,1.0,1.0,-3.0517578125e-05,-3.0517578125e-05,-3.0517578125e-05,-3.0517578125e-05,-3.0517578125e-05,-3.0517578125e-05,D,3,2026-08-22_23-06-48,2026-08-22
1.0,1.0,0.7883211678832117,1.0,0.38926174496644295,1.0,0.0,0.0,1.0,1.0,1.0,-3.0517578125e-05,-3.0517578125e-05,-3.0517578125e-05,-3.0517578125e-05,-3.0517578125e-05,-3.0517578125e-05,D,3,2026-08-22_23-06-48,2026-08-22
1.0,0.9846938775510204,0.8357664233576643,1.0,0.42953020134228187,1.0,0.0,0.0,1.0,1.0,1.0,-3.0517578125e-05,-3.0517578125e-05,-3.0517578125e-05,-3.0517578125e-05,-3.0517578125e-05,-3.0517578125e-05,D,3,2026-08-22_23-06-48,2026-08-22
1.0,0.9863945578231292,0.8722627737226277,1.0,0.8053691275167785,1.0,0.0,0.0,1.0,1.0,1.0,-3.0517578125e-05,-3.0517578125e-05,-3.0517578125e-05,-3.0517578125e-05,-3.0517578125e-05,-3.0517578125e-05,D,3,2026-08-22_23-06-48,2026-08-22
0.9290909090909091,1.0,0.8759124087591241,1.0,0.912751677852349,1.0,0.0,0.0,1.0,1.0,1.0,-3.0517578125e-05,-3.0517578125e-05,-3.0517578125e-05,-3.0517578125e-05,-3.0517578125e-05,-3.0517578125e-05,D,3,2026-08-22_23-06-48,2026-08-22
0.8836363636363637,1.0,0.9233576642335767,1.0,0.37583892617449666,1.0,0.0,0.0,1.0,1.0,1.0,-3.0517578125e-05,-3.0517578125e-05,-3.0517578125e-05,-3.0517578125e-05,-3.0517578125e-05,-3.0517578125e-05,D,3,2026-08-22_23-06-48,2026-08-22
1.0,1.0,1.0,1.0,0.5234899328859061,1.0,0.0,0.0,1.0,1.0,1.0,-3.0517578125e-05,-3.0517578125e-05,-3.0517578125e-05,-3.0517578125e-05,-3.0517578125e-05,-3.0517578125e-05,D,3,2026-08-22_23-06-48,2026-08-22
0.9818181818181818,0.9608843537414966,0.9708029197080292,1.0,0.8053691275167785,1.0,0.0,0.0,1.0,1.0,1.0,-3.0517578125e-05,-3.0517578125e-05,-3.0517578125e-05,-3.0517578125e-05,-3.0517578125e-05,-3.0517578125e-05,D,3,2026-08-22_23-06-48,2026-08-22
0.9,1.0,1.0,1.0,0.912751677852349,1.0,0.0,0.0,1.0,1.0,1.0,-3.0517578125e-05,-3.0517578125e-05,-3.0517578125e-05,-3.0517578125e-05,-3.0517578125e-05,-3.0517578125e-05,D,3,2026-08-22_23-06-48,2026-08-22
0.9927272727272727,1.0,0.781021897810219,1.0,0.8053691275167785,1.0,0.0,0.0,1.0,1.0,1.0,-3.0517578125e-05,-3.0517578125e-05,-3.0517578125e-05,-3.0517578125e-05,-3.0517578125e-05,-3.0517578125e-05,D,3,2026-08-22_23-06-48,2026-08-22
0.9618181818181818,0.9812925170068028,0.8905109489051095,1.0,0.8053691275167785,1.0,0.0,0.0,1.0,1.0,1.0,-3.0517578125e-05,-3.0517578125e-05,-3.0517578125e-05,-3.0517578125e-05,-3.0517578125e-05,-3.0517578125e-05,D,3,2026-08-22_23-06-48,2026-08-22
1.0,0.9778911564625851,0.8211678832116789,1.0,0.2684563758389262,1.0,0.0,0.0,1.0,1.0,1.0,-3.0517578125e-05,-3.0517578125e-05,-3.0517578125e-05,-3.0517578125e-05,-3.0517578125e-05,-3.0517578125e-05,D,3,2026-08-22_23-06-48,2026-08-22
0.8836363636363637,1.0,0.9635036496350365,1.0,0.8053691275167785,1.0,0.0,0.0,1.0,1.0,1.0,-3.0517578125e-05,-3.0517578125e-05,-3.0517578125e-05,-3.0517578125e-05,-3.0517578125e-05,-3.0517578125e-05,D,3,2026-08-22_23-06-48,2026-08-22
0.9581818181818181,1.0,0.7956204379562044,1.0,0.8053691275167785,1.0,0.0,0.0,1.0,1.0,1.0,-3.0517578125e-05,-3.0517578125e-05,-3.0517578125e-05,-3.0517578125e-05,-3.0517578125e-05,-3.0517578125e-05,D,3,2026-08-22_23-06-48,2026-08-22
0.94,0.9914965986394558,1.0,1.0,0.8053691275167785,1.0,0.0,0.0,1.0,1.0,1.0,-3.0517578125e-05,-3.0517578125e-05,-3.0517578125e-05,-3.0517578125e-05,-3.0517578125e-05,-3.0517578125e-05,D,3,2026-08-22_23-06-48,2026-08-22
0.98,0.9778911564625851,0.8503649635036497,1.0,0.10738255033557047,1.0,0.0,0.0,1.0,1.0,1.0,-3.0517578125e-05,-3.0517578125e-05,-3.0517578125e-05,-3.0517578125e-05,-3.0517578125e-05,-3.0517578125e-05,D,3,2026-08-22_23-06-48,2026-08-22
0.9309090909090909,0.935374149659864,0.9963503649635036,1.0,0.2953020134228188,1.0,0.0,0.0,1.0,1.0,1.0,-3.0517578125e-05,-3.0517578125e-05,-3.0517578125e-05,-3.0517578125e-05,-3.0517578125e-05,-3.0517578125e-05,D,3,2026-08-22_23-06-48,2026-08-22
0.8581818181818182,0.9319727891156463,0.7408759124087592,1.0,0.8053691275167785,1.0,0.0,0.0,1.0,1.0,1.0,-3.0517578125e-05,-3.0517578125e-05,-3.0517578125e-05,-3.0517578125e-05,-3.0517578125e-05,-3.0517578125e-05,D,4,2026-08-22_23-06-48,2026-08-22
1.0,1.0,1.0,1.0,0.87248322147651,1.0,0.0,0.0,1.0,1.0,1.0,-3.0517578125e-05,-3.0517578125e-05,-3.0517578125e-05,-3.0517578125e-05,-3.0517578125e-05,-3.0517578125e-05,D,4,2026-08-22_23-06-48,2026-08-22
1.0,1.0,1.0,1.0,0.8322147651006712,1.0,0.0,0.0,1.0,1.0,1.0,-3.0517578125e-05,-3.0517578125e-05,-3.0517578125e-05,-3.0517578125e-05,-3.0517578125e-05,-3.0517578125e-05,D,4,2026-08-22_23-06-48,2026-08-22
1.0,1.0,1.0,1.0,0.8053691275167785,1.0,0.0,0.0,1.0,1.0,1.0,-3.0517578125e-05,-3.0517578125e-05,-3.0517578125e-05,-3.0517578125e-05,-3.0517578125e-05,-3.0517578125e-05,D,4,2026-08-22_23-06-48,2026-08-22
1.0,1.0,1.0,1.0,1.0,1.0,0.0,0.0,1.0,1.0,1.0,-3.0517578125e-05,-3.0517578125e-05,-3.0517578125e-05,-3.0517578125e-05,-3.0517578125e-05,-3.0517578125e-05,D,4,2026-08-22_23-06-48,2026-08-22
0.9745454545454545,0.9897959183673469,0.8978102189781022,1.0,0.8053691275167785,1.0,0.0,0.0,1.0,1.0,1.0,-3.0517578125e-05,-3.0517578125e-05,-3.0517578125e-05,-3.0517578125e-05,-3.0517578125e-05,-3.0517578125e-05,D,4,2026-08-22_23-06-48,2026-08-22
0.9345454545454546,0.9948979591836735,0.9343065693430657,1.0,0.8053691275167785,1.0,0.0,0.0,1.0,1.0,1.0,-3.0517578125e-05,-3.0517578125e-05,-3.0517578125e-05,-3.0517578125e-05,-3.0517578125e-05,-3.0517578125e-05,D,4,2026-08-22_23-06-48,2026-08-22
0.9927272727272727,0.9914965986394558,0.9781021897810219,1.0,0.348993288590604,1.0,0.0,0.0,1.0,1.0,1.0,-3.0517578125e-05,-3.0517578125e-05,-3.0517578125e-05,-3.0517578125e-05,-3.0517578125e-05,-3.0517578125e-05,D,4,2026-08-22_23-06-48,2026-08-22
1.0,1.0,1.0,1.0,0.38926174496644295,1.0,0.0,0.0,1.0,1.0,1.0,-3.0517578125e-05,-3.0517578125e-05,-3.0517578125e-05,-3.0517578125e-05,-3.0517578125e-05,-3.0517578125e-05,D,4,2026-08-22_23-06-48,2026-08-22
1.0,1.0,0.9452554744525548,1.0,0.4563758389261745,1.0,0.0,0.0,1.0,1.0,1.0,-3.0517578125e-05,-3.0517578125e-05,-3.0517578125e-05,-3.0517578125e-05,-3.0517578125e-05,-3.0517578125e-05,D,4,2026-08-22_23-06-48,2026-08-22
1.0,1.0,0.9927007299270073,1.0,0.8456375838926175,1.0,0.0,0.0,1.0,1.0,1.0,-3.0517578125e-05,-3.0517578125e-05,-3.0517578125e-05,-3.0517578125e-05,-3.0517578125e-05,-3.0517578125e-05,D,4,2026-08-22_23-06-48,2026-08-22
1.0,1.0,1.0,1.0,0.3624161073825503,1.0,0.0,0.0,1.0,1.0,1.0,-3.0517578125e-05,-3.0517578125e-05,-3.0517578125e-05,-3.0517578125e-05,-3.0517578125e-05,-3.0517578125e-05,D,4,2026-08-22_23-06-48,2026-08-22
1.0,1.0,0.9708029197080292,1.0,0.8187919463087249,1.0,0.0,0.0,1.0,1.0,1.0,-3.0517578125e-05,-3.0517578125e-05,-3.0517578125e-05,-3.0517578125e-05,-3.0517578125e-05,-3.0517578125e-05,D,4,2026-08-22_23-06-48,2026-08-22
1.0,1.0,0.9525547445255474,1.0,0.8053691275167785,1.0,0.0,0.0,1.0,1.0,1.0,-3.0517578125e-05,-3.0517578125e-05,-3.0517578125e-05,-3.0517578125e-05,-3.0517578125e-05,-3.0517578125e-05,D,4,2026-08-22_23-06-48,2026-08-22
1.0,0.9965986394557823,0.9817518248175182,1.0,0.8187919463087249,1.0,0.0,0.0,1.0,1.0,1.0,-3.0517578125e-05,-3.0517578125e-05,-3.0517578125e-05,-3.0517578125e-05,-3.0517578125e-05,-3.0517578125e-05,D,4,2026-08-22_23-06-48,2026-08-22
1.0,1.0,1.0,1.0,0.8053691275167785,1.0,0.0,0.0,1.0,1.0,1.0,-3.0517578125e-05,-3.0517578125e-05,-3.0517578125e-05,-3.0517578125e-05,-3.0517578125e-05,-3.0517578125e-05,D,4,2026-08-22_23-06-48,2026-08-22
1.0,1.0,0.9452554744525548,1.0,0.8053691275167785,1.0,0.0,0.0,1.0,1.0,1.0,-3.0517578125e-05,-3.0517578125e-05,-3.0517578125e-05,-3.0517578125e-05,-3.0517578125e-05,-3.0517578125e-05,D,4,2026-08-22_23-06-48,2026-08-22
0.9727272727272728,1.0,0.8394160583941606,1.0,0.8053691275167785,1.0,0.0,0.0,1.0,1.0,1.0,-3.0517578125e-05,-3.0517578125e-05,-3.0517578125e-05,-3.0517578125e-05,-3.0517578125e-05,-3.0517578125e-05,D,4,2026-08-22_23-06-48,2026-08-22
0.9781818181818182,1.0,0.8795620437956204,1.0,0.4429530201342282,1.0,0.0,0.0,1.0,1.0,1.0,-3.0517578125e-05,-3.0517578125e-05,-3.0517578125e-05,-3.0517578125e-05,-3.0517578125e-05,-3.0517578125e-05,D,4,2026-08-22_23-06-48,2026-08-22
0.9963636363636363,1.0,0.927007299270073,1.0,0.37583892617449666,1.0,0.0,0.0,1.0,1.0,1.0,-3.0517578125e-05,-3.0517578125e-05,-3.0517578125e-05,-3.0517578125e-05,-3.0517578125e-05,-3.0517578125e-05,D,4,2026-08-22_23-06-48,2026-08-22
0.9454545454545454,1.0,0.8759124087591241,1.0,0.8053691275167785,1.0,0.0,0.0,1.0,1.0,1.0,-3.0517578125e-05,-3.0517578125e-05,-3.0517578125e-05,-3.0517578125e-05,-3.0517578125e-05,-3.0517578125e-05,D,4,2026-08-22_23-06-48,2026-08-22
0.9727272727272728,0.9693877551020408,0.927007299270073,1.0,0.8053691275167785,1.0,0.0,0.0,1.0,1.0,1.0,-3.0517578125e-05,-3.0517578125e-05,-3.0517578125e-05,-3.0517578125e-05,-3.0517578125e-05,-3.0517578125e-05,D,4,2026-08-22_23-06-48,2026-08-22
1.0,1.0,0.9124087591240876,1.0,0.8053691275167785,1.0,0.0,0.0,1.0,1.0,1.0,-3.0517578125e-05,-3.0517578125e-05,-3.0517578125e-05,-3.0517578125e-05,-3.0517578125e-05,-3.0517578125e-05,D,4,2026-08-22_23-06-48,2026-08-22
0.9672727272727273,1.0,0.864963503649635,1.0,0.3624161073825503,1.0,0.0,0.0,1.0,1.0,1.0,-3.0517578125e-05,-3.0517578125e-05,-3.0517578125e-05,-3.0517578125e-05,-3.0517578125e-05,-3.0517578125e-05,D,4,2026-08-22_23-06-48,2026-08-22
1.0,1.0,0.9708029197080292,1.0,0.8187919463087249,1.0,0.0,0.0,1.0,1.0,1.0,-3.0517578125e-05,-3.0517578125e-05,-3.0517578125e-05,-3.0517578125e-05,-3.0517578125e-05,-3.0517578125e-05,D,4,2026-08-22_23-06-48,2026-08-22
1.0,1.0,0.9927007299270073,1.0,0.8053691275167785,1.0,0.0,0.0,1.0,1.0,1.0,-3.0517578125e-05,-3.0517578125e-05,-3.0517578125e-05,-3.0517578125e-05,-3.0517578125e-05,-3.0517578125e-05,D,4,2026-08-22_23-06-48,2026-08-22
1.0,1.0,0.8759124087591241,1.0,0.8053691275167785,1.0,0.0,0.0,1.0,1.0,1.0,-3.0517578125e-05,-3.0517578125e-05,-3.0517578125e-05,-3.0517578125e-05,-3.0517578125e-05,-3.0517578125e-05,D,4,2026-08-22_23-06-48,2026-08-22
0.9872727272727273,1.0,0.9744525547445255,1.0,0.8053691275167785,1.0,0.0,0.0,1.0,1.0,1.0,-3.0517578125e-05,-3.0517578125e-05,-3.0517578125e-05,-3.0517578125e-05,-3.0517578125e-05,-3.0517578125e-05,D,4,2026-08-22_23-06-48,2026-08-22
0.9818181818181818,1.0,0.8722627737226277,1.0,0.8053691275167785,1.0,0.0,0.0,1.0,1.0,1.0,-3.0517578125e-05,-3.0517578125e-05,-3.0517578125e-05,-3.0517578125e-05,-3.0517578125e-05,-3.0517578125e-05,D,4,2026-08-22_23-06-48,2026-08-22
1.0,0.9659863945578231,0.9452554744525548,1.0,1.0,1.0,0.0,0.0,1.0,1.0,1.0,-3.0517578125e-05,-3.0517578125e-05,-3.0517578125e-05,-3.0517578125e-05,-3.0517578125e-05,-3.0517578125e-05,D,4,2026-08-22_23-06-48,2026-08-22
1.0,1.0,1.0,1.0,0.8053691275167785,1.0,0.0,0.0,1.0,1.0,1.0,-3.0517578125e-05,-3.0517578125e-05,-3.0517578125e-05,-3.0517578125e-05,-3.0517578125e-05,-3.0517578125e-05,D,4,2026-08-22_23-06-48,2026-08-22
1.0,1.0,0.9927007299270073,1.0,0.38926174496644295,1.0,0.0,0.0,1.0,1.0,1.0,-3.0517578125e-05,-3.0517578125e-05,-3.0517578125e-05,-3.0517578125e-05,-3.0517578125e-05,-3.0517578125e-05,D,4,2026-08-22_23-06-48,2026-08-22
0.8818181818181818,0.9846938775510204,0.9671532846715328,1.0,0.8053691275167785,1.0,0.0,0.0,1.0,1.0,1.0,-3.0517578125e-05,-3.0517578125e-05,-3.0517578125e-05,-3.0517578125e-05,-3.0517578125e-05,-3.0517578125e-05,D,4,2026-08-22_23-06-48,2026-08-22
0.9436363636363636,1.0,1.0,1.0,0.5234899328859061,1.0,0.0,0.0,1.0,1.0,1.0,-3.0517578125e-05,-3.0517578125e-05,-3.0517578125e-05,-3.0517578125e-05,-3.0517578125e-05,-3.0517578125e-05,D,4,2026-08-22_23-06-48,2026-08-22
0.9272727272727272,0.9625850340136054,1.0,1.0,0.4966442953020134,1.0,0.0,0.0,1.0,1.0,1.0,-3.0517578125e-05,-3.0517578125e-05,-3.0517578125e-05,-3.0517578125e-05,-3.0517578125e-05,-3.0517578125e-05,D,4,2026-08-22_23-06-48,2026-08-22
0.9854545454545455,0.9523809523809523,1.0,1.0,0.8053691275167785,1.0,0.0,0.0,1.0,1.0,1.0,-3.0517578125e-05,-3.0517578125e-05,-3.0517578125e-05,-3.0517578125e-05,-3.0517578125e-05,-3.0517578125e-05,D,4,2026-08-22_23-06-48,2026-08-22
0.98,1.0,0.8759124087591241,1.0,0.8053691275167785,1.0,0.0,0.0,1.0,1.0,1.0,-3.0517578125e-05,-3.0517578125e-05,-3.0517578125e-05,-3.0517578125e-05,-3.0517578125e-05,-3.0517578125e-05,D,4,2026-08-22_23-06-48,2026-08-22
1.0,0.9693877551020408,0.9927007299270073,1.0,1.0,1.0,0.0,0.0,1.0,1.0,1.0,-3.0517578125e-05,-3.0517578125e-05,-3.0517578125e-05,-3.0517578125e-05,-3.0517578125e-05,-3.0517578125e-05,D,4,2026-08-22_23-06-48,2026-08-22
0.9509090909090909,1.0,0.7372262773722628,1.0,0.87248322147651,1.0,0.0,0.0,1.0,1.0,1.0,-3.0517578125e-05,-3.0517578125e-05,-3.0517578125e-05,-3.0517578125e-05,-3.0517578125e-05,-3.0517578125e-05,D,4,2026-08-22_23-06-48,2026-08-22
1.0,1.0,0.8065693430656934,1.0,0.8053691275167785,1.0,0.0,0.0,1.0,1.0,1.0,-3.0517578125e-05,-3.0517578125e-05,-3.0517578125e-05,-3.0517578125e-05,-3.0517578125e-05,-3.0517578125e-05,D,4,2026-08-22_23-06-48,2026-08-22
0.9090909090909091,1.0,0.8540145985401459,1.0,0.9395973154362416,0.0,0.0,0.0,1.0,1.0,0.0,-3.0517578125e-05,-3.0517578125e-05,-3.0517578125e-05,-3.0517578125e-05,-3.0517578125e-05,-3.0517578125e-05,E,0,2026-08-22_23-06-48,2026-08-22
1.0,1.0,1.0,1.0,1.0,0.0,0.0,0.0,1.0,1.0,0.0,-3.0517578125e-05,-3.0517578125e-05,-3.0517578125e-05,-3.0517578125e-05,-3.0517578125e-05,-3.0517578125e-05,E,0,2026-08-22_23-06-48,2026-08-22
1.0,1.0,1.0,1.0,1.0,0.0,0.0,0.0,1.0,1.0,0.0,-3.0517578125e-05,-3.0517578125e-05,-3.0517578125e-05,-3.0517578125e-05,-3.0517578125e-05,-3.0517578125e-05,E,0,2026-08-22_23-06-48,2026-08-22
1.0,1.0,0.9087591240875912,1.0,1.0,0.0,0.0,0.0,1.0,1.0,0.0,-3.0517578125e-05,-3.0517578125e-05,-3.0517578125e-05,-3.0517578125e-05,-3.0517578125e-05,-3.0517578125e-05,E,0,2026-08-22_23-06-48,2026-08-22
1.0,1.0,1.0,1.0,1.0,0.0,0.0,0.0,1.0,1.0,0.0,-3.0517578125e-05,-3.0517578125e-05,-3.0517578125e-05,-3.0517578125e-05,-3.0517578125e-05,-3.0517578125e-05,E,0,2026-08-22_23-06-48,2026-08-22
1.0,1.0,1.0,1.0,1.0,0.0,0.0,0.0,1.0,1.0,0.0,-3.0517578125e-05,-3.0517578125e-05,-3.0517578125e-05,-3.0517578125e-05,-3.0517578125e-05,-3.0517578125e-05,E,0,2026-08-22_23-06-48,2026-08-22
0.9709090909090909,1.0,0.9744525547445255,1.0,1.0,0.0,0.0,0.0,1.0,1.0,0.0,-3.0517578125e-05,-3.0517578125e-05,-3.0517578125e-05,-3.0517578125e-05,-3.0517578125e-05,-3.0517578125e-05,E,0,2026-08-22_23-06-48,2026-08-22
1.0,1.0,1.0,1.0,1.0,0.0,0.0,0.0,1.0,1.0,0.0,-3.0517578125e-05,-3.0517578125e-05,-3.0517578125e-05,-3.0517578125e-05,-3.0517578125e-05,-3.0517578125e-05,E,0,2026-08-22_23-06-48,2026-08-22
1.0,1.0,1.0,1.0,1.0,0.0,0.0,0.0,1.0,1.0,0.0,-3.0517578125e-05,-3.0517578125e-05,-3.0517578125e-05,-3.0517578125e-05,-3.0517578125e-05,-3.0517578125e-05,E,0,2026-08-22_23-06-48,2026-08-22
1.0,1.0,1.0,1.0,1.0,0.0,0.0,0.0,1.0,1.0,0.0,-3.0517578125e-05,-3.0517578125e-05,-3.0517578125e-05,-3.0517578125e-05,-3.0517578125e-05,-3.0517578125e-05,E,0,2026-08-22_23-06-48,2026-08-22
0.9090909090909091,1.0,0.6532846715328468,1.0,0.8187919463087249,0.0,0.0,0.0,1.0,1.0,0.0,-3.0517578125e-05,-3.0517578125e-05,-3.0517578125e-05,-3.0517578125e-05,-3.0517578125e-05,-3.0517578125e-05,E,0,2026-08-22_23-06-48,2026-08-22
1.0,1.0,0.7408759124087592,1.0,0.8053691275167785,0.0,0.0,0.0,1.0,1.0,0.0,-3.0517578125e-05,-3.0517578125e-05,-3.0517578125e-05,-3.0517578125e-05,-3.0517578125e-05,-3.0517578125e-05,E,0,2026-08-22_23-06-48,2026-08-22
1.0,1.0,0.9744525547445255,1.0,1.0,0.0,0.0,0.0,1.0,1.0,0.0,-3.0517578125e-05,-3.0517578125e-05,-3.0517578125e-05,-3.0517578125e-05,-3.0517578125e-05,-3.0517578125e-05,E,0,2026-08-22_23-06-48,2026-08-22
1.0,1.0,1.0,1.0,1.0,0.0,0.0,0.0,1.0,1.0,0.0,-3.0517578125e-05,-3.0517578125e-05,-3.0517578125e-05,-3.0517578125e-05,-3.0517578125e-05,-3.0517578125e-05,E,0,2026-08-22_23-06-48,2026-08-22
1.0,1.0,0.9416058394160584,1.0,0.9395973154362416,0.0,0.0,0.0,1.0,1.0,0.0,-3.0517578125e-05,-3.0517578125e-05,-3.0517578125e-05,-3.0517578125e-05,-3.0517578125e-05,-3.0517578125e-05,E,0,2026-08-22_23-06-48,2026-08-22
0.9818181818181818,1.0,1.0,1.0,1.0,0.0,0.0,0.0,1.0,1.0,0.0,-3.0517578125e-05,-3.0517578125e-05,-3.0517578125e-05,-3.0517578125e-05,-3.0517578125e-05,-3.0517578125e-05,E,0,2026-08-22_23-06-48,2026-08-22
0.9418181818181818,1.0,1.0,1.0,1.0,0.0,0.0,0.0,1.0,1.0,0.0,-3.0517578125e-05,-3.0517578125e-05,-3.0517578125e-05,-3.0517578125e-05,-3.0517578125e-05,-3.0517578125e-05,E,0,2026-08-22_23-06-48,2026-08-22
1.0,1.0,1.0,1.0,1.0,0.0,0.0,0.0,1.0,1.0,0.0,-3.0517578125e-05,-3.0517578125e-05,-3.0517578125e-05,-3.0517578125e-05,-3.0517578125e-05,-3.0517578125e-05,E,0,2026-08-22_23-06-48,2026-08-22
0.8818181818181818,1.0,0.8357664233576643,1.0,0.9798657718120806,0.0,0.0,0.0,1.0,1.0,0.0,-3.0517578125e-05,-3.0517578125e-05,-3.0517578125e-05,-3.0517578125e-05,-3.0517578125e-05,-3.0517578125e-05,E,0,2026-08-22_23-06-48,2026-08-22
0.98,1.0,0.8832116788321168,1.0,0.8322147651006712,0.0,0.0,0.0,1.0,1.0,0.0,-3.0517578125e-05,-3.0517578125e-05,-3.0517578125e-05,-3.0517578125e-05,-3.0517578125e-05,-3.0517578125e-05,E,0,2026-08-22_23-06-48,2026-08-22
1.0,1.0,1.0,1.0,1.0,0.0,0.0,0.0,1.0,1.0,0.0,-3.0517578125e-05,-3.0517578125e-05,-3.0517578125e-05,-3.0517578125e-05,-3.0517578125e-05,-3.0517578125e-05,E,0,2026-08-22_23-06-48,2026-08-22
0.9472727272727273,1.0,1.0,1.0,1.0,0.0,0.0,0.0,1.0,1.0,0.0,-3.0517578125e-05,-3.0517578125e-05,-3.0517578125e-05,-3.0517578125e-05,-3.0517578125e-05,-3.0517578125e-05,E,0,2026-08-22_23-06-48,2026-08-22
0.8818181818181818,1.0,0.9124087591240876,1.0,1.0,0.0,0.0,0.0,1.0,1.0,0.0,-3.0517578125e-05,-3.0517578125e-05,-3.0517578125e-05,-3.0517578125e-05,-3.0517578125e-05,-3.0517578125e-05,E,0,2026-08-22_23-06-48,2026-08-22
0.9981818181818182,1.0,0.6605839416058394,1.0,1.0,0.0,0.0,0.0,1.0,1.0,0.0,-3.0517578125e-05,-3.0517578125e-05,-3.0517578125e-05,-3.0517578125e-05,-3.0517578125e-05,-3.0517578125e-05,E,0,2026-08-22_23-06-48,2026-08-22
0.9163636363636364,1.0,0.8175182481751825,1.0,1.0,0.0,0.0,0.0,1.0,1.0,0.0,-3.0517578125e-05,-3.0517578125e-05,-3.0517578125e-05,-3.0517578125e-05,-3.0517578125e-05,-3.0517578125e-05,E,0,2026-08-22_23-06-48,2026-08-22
0.9054545454545454,1.0,1.0,1.0,1.0,0.0,0.0,0.0,1.0,1.0,0.0,-3.0517578125e-05,-3.0517578125e-05,-3.0517578125e-05,-3.0517578125e-05,-3.0517578125e-05,-3.0517578125e-05,E,0,2026-08-22_23-06-48,2026-08-22
0.9654545454545455,1.0,0.6386861313868614,1.0,0.33557046979865773,0.0,0.0,0.0,1.0,1.0,0.0,-3.0517578125e-05,-3.0517578125e-05,-3.0517578125e-05,-3.0517578125e-05,-3.0517578125e-05,-3.0517578125e-05,E,0,2026-08-22_23-06-48,2026-08-22
1.0,1.0,0.6423357664233577,1.0,1.0,0.0,0.0,0.0,1.0,1.0,0.0,-3.0517578125e-05,-3.0517578125e-05,-3.0517578125e-05,-3.0517578125e-05,-3.0517578125e-05,-3.0517578125e-05,E,0,2026-08-22_23-06-48,2026-08-22
0.9963636363636363,1.0,1.0,1.0,0.8053691275167785,0.0,0.0,0.0,1.0,1.0,0.0,-3.0517578125e-05,-3.0517578125e-05,-3.0517578125e-05,-3.0517578125e-05,-3.0517578125e-05,-3.0517578125e-05,E,0,2026-08-22_23-06-48,2026-08-22
0.9218181818181819,1.0,0.6751824817518248,1.0,1.0,0.0,0.0,0.0,1.0,1.0,0.0,-3.0517578125e-05,-3.0517578125e-05,-3.0517578125e-05,-3.0517578125e-05,-3.0517578125e-05,-3.0517578125e-05,E,0,2026-08-22_23-06-48,2026-08-22
1.0,1.0,1.0,1.0,0.8053691275167785,0.0,0.0,0.0,1.0,1.0,0.0,-3.0517578125e-05,-3.0517578125e-05,-3.0517578125e-05,-3.0517578125e-05,-3.0517578125e-05,-3.0517578125e-05,E,0,2026-08-22_23-06-48,2026-08-22
1.0,1.0,0.9708029197080292,1.0,1.0,0.0,0.0,0.0,1.0,1.0,0.0,-3.0517578125e-05,-3.0517578125e-05,-3.0517578125e-05,-3.0517578125e-05,-3.0517578125e-05,-3.0517578125e-05,E,0,2026-08-22_23-06-48,2026-08-22
0.9636363636363636,1.0,0.8795620437956204,1.0,1.0,0.0,0.0,0.0,1.0,1.0,0.0,-3.0517578125e-05,-3.0517578125e-05,-3.0517578125e-05,-3.0517578125e-05,-3.0517578125e-05,-3.0517578125e-05,E,0,2026-08-22_23-06-48,2026-08-22
0.8709090909090909,1.0,0.864963503649635,1.0,1.0,0.0,0.0,0.0,1.0,1.0,0.0,-3.0517578125e-05,-3.0517578125e-05,-3.0517578125e-05,-3.0517578125e-05,-3.0517578125e-05,-3.0517578125e-05,E,0,2026-08-22_23-06-48,2026-08-22
1.0,1.0,0.8686131386861314,1.0,1.0,0.0,0.0,0.0,1.0,1.0,0.0,-3.0517578125e-05,-3.0517578125e-05,-3.0517578125e-05,-3.0517578125e-05,-3.0517578125e-05,-3.0517578125e-05,E,0,2026-08-22_23-06-48,2026-08-22
0.9090909090909091,1.0,0.9744525547445255,1.0,1.0,0.0,0.0,0.0,1.0,1.0,0.0,-3.0517578125e-05,-3.0517578125e-05,-3.0517578125e-05,-3.0517578125e-05,-3.0517578125e-05,-3.0517578125e-05,E,0,2026-08-22_23-06-48,2026-08-22
0.9327272727272727,1.0,1.0,1.0,1.0,0.0,0.0,0.0,1.0,1.0,0.0,-3.0517578125e-05,-3.0517578125e-05,-3.0517578125e-05,-3.0517578125e-05,-3.0517578125e-05,-3.0517578125e-05,E,0,2026-08-22_23-06-48,2026-08-22
0.9890909090909091,1.0,0.9379562043795621,1.0,1.0,0.0,0.0,0.0,1.0,1.0,0.0,-3.0517578125e-05,-3.0517578125e-05,-3.0517578125e-05,-3.0517578125e-05,-3.0517578125e-05,-3.0517578125e-05,E,0,2026-08-22_23-06-48,2026-08-22
0.8709090909090909,1.0,0.9927007299270073,1.0,1.0,0.0,0.0,0.0,1.0,1.0,0.0,-3.0517578125e-05,-3.0517578125e-05,-3.0517578125e-05,-3.0517578125e-05,-3.0517578125e-05,-3.0517578125e-05,E,0,2026-08-22_23-06-48,2026-08-22
0.9145454545454546,1.0,0.9306569343065694,1.0,1.0,0.0,0.0,0.0,1.0,1.0,0.0,-3.0517578125e-05,-3.0517578125e-05,-3.0517578125e-05,-3.0517578125e-05,-3.0517578125e-05,-3.0517578125e-05,E,0,2026-08-22_23-06-48,2026-08-22
0.9963636363636363,1.0,0.927007299270073,1.0,1.0,0.0,0.0,0.0,0.0,1.0,0.0,-3.0517578125e-05,-3.0517578125e-05,-3.0517578125e-05,-3.0517578125e-05,-3.0517578125e-05,-3.0517578125e-05,E,1,2026-08-22_23-06-48,2026-08-22
1.0,1.0,0.8832116788321168,1.0,1.0,0.0,0.0,0.0,0.0,1.0,0.0,-3.0517578125e-05,-3.0517578125e-05,-3.0517578125e-05,-3.0517578125e-05,-3.0517578125e-05,-3.0517578125e-05,E,1,2026-08-22_23-06-48,2026-08-22
1.0,1.0,1.0,1.0,1.0,0.0,0.0,0.0,0.0,1.0,0.0,-3.0517578125e-05,-3.0517578125e-05,-3.0517578125e-05,-3.0517578125e-05,-3.0517578125e-05,-3.0517578125e-05,E,1,2026-08-22_23-06-48,2026-08-22
0.9672727272727273,1.0,0.9927007299270073,1.0,1.0,0.0,0.0,0.0,0.0,1.0,0.0,-3.0517578125e-05,-3.0517578125e-05,-3.0517578125e-05,-3.0517578125e-05,-3.0517578125e-05,-3.0517578125e-05,E,1,2026-08-22_23-06-48,2026-08-22
0.9163636363636364,1.0,0.8759124087591241,1.0,1.0,0.0,0.0,0.0,0.0,1.0,0.0,-3.0517578125e-05,-3.0517578125e-05,-3.0517578125e-05,-3.0517578125e-05,-3.0517578125e-05,-3.0517578125e-05,E,1,2026-08-22_23-06-48,2026-08-22
1.0,1.0,0.9890510948905109,1.0,1.0,0.0,0.0,0.0,0.0,1.0,0.0,-3.0517578125e-05,-3.0517578125e-05,-3.0517578125e-05,-3.0517578125e-05,-3.0517578125e-05,-3.0517578125e-05,E,1,2026-08-22_23-06-48,2026-08-22
0.8818181818181818,1.0,0.8941605839416058,1.0,1.0,0.0,0.0,0.0,0.0,1.0,0.0,-3.0517578125e-05,-3.0517578125e-05,-3.0517578125e-05,-3.0517578125e-05,-3.0517578125e-05,-3.0517578125e-05,E,1,2026-08-22_23-06-48,2026-08-22
0.9490909090909091,1.0,0.8868613138686131,1.0,1.0,0.0,0.0,0.0,0.0,1.0,0.0,-3.0517578125e-05,-3.0517578125e-05,-3.0517578125e-05,-3.0517578125e-05,-3.0517578125e-05,-3.0517578125e-05,E,1,2026-08-22_23-06-48,2026-08-22
0.9963636363636363,1.0,0.8321167883211679,1.0,1.0,0.0,0.0,0.0,0.0,1.0,0.0,-3.0517578125e-05,-3.0517578125e-05,-3.0517578125e-05,-3.0517578125e-05,-3.0517578125e-05,-3.0517578125e-05,E,1,2026-08-22_23-06-48,2026-08-22
1.0,1.0,0.8868613138686131,1.0,1.0,0.0,0.0,0.0,0.0,1.0,0.0,-3.0517578125e-05,-3.0517578125e-05,-3.0517578125e-05,-3.0517578125e-05,-3.0517578125e-05,-3.0517578125e-05,E,1,2026-08-22_23-06-48,2026-08-22
0.9981818181818182,1.0,0.9343065693430657,1.0,1.0,0.0,0.0,0.0,0.0,1.0,0.0,-3.0517578125e-05,-3.0517578125e-05,-3.0517578125e-05,-3.0517578125e-05,-3.0517578125e-05,-3.0517578125e-05,E,1,2026-08-22_23-06-48,2026-08-22
1.0,1.0,1.0,1.0,1.0,0.0,0.0,0.0,0.0,1.0,0.0,-3.0517578125e-05,-3.0517578125e-05,-3.0517578125e-05,-3.0517578125e-05,-3.0517578125e-05,-3.0517578125e-05,E,1,2026-08-22_23-06-48,2026-08-22
0.9036363636363637,1.0,0.9525547445255474,1.0,1.0,0.0,0.0,0.0,0.0,1.0,0.0,-3.0517578125e-05,-3.0517578125e-05,-3.0517578125e-05,-3.0517578125e-05,-3.0517578125e-05,-3.0517578125e-05,E,1,2026-08-22_23-06-48,2026-08-22
1.0,1.0,1.0,1.0,1.0,0.0,0.0,0.0,0.0,1.0,0.0,-3.0517578125e-05,-3.0517578125e-05,-3.0517578125e-05,-3.0517578125e-05,-3.0517578125e-05,-3.0517578125e-05,E,1,2026-08-22_23-06-48,2026-08-22
0.88,1.0,0.8759124087591241,1.0,1.0,0.0,0.0,0.0,0.0,1.0,0.0,-3.0517578125e-05,-3.0517578125e-05,-3.0517578125e-05,-3.0517578125e-05,-3.0517578125e-05,-3.0517578125e-05,E,1,2026-08-22_23-06-48,2026-08-22
0.9363636363636364,1.0,0.9306569343065694,1.0,1.0,0.0,0.0,0.0,0.0,1.0,0.0,-3.0517578125e-05,-3.0517578125e-05,-3.0517578125e-05,-3.0517578125e-05,-3.0517578125e-05,-3.0517578125e-05,E,1,2026-08-22_23-06-48,2026-08-22
0.9272727272727272,1.0,0.8978102189781022,1.0,1.0,0.0,0.0,0.0,0.0,1.0,0.0,-3.0517578125e-05,-3.0517578125e-05,-3.0517578125e-05,-3.0517578125e-05,-3.0517578125e-05,-3.0517578125e-05,E,1,2026-08-22_23-06-48,2026-08-22
0.92,1.0,0.7591240875912408,1.0,1.0,0.0,0.0,0.0,0.0,1.0,0.0,-3.0517578125e-05,-3.0517578125e-05,-3.0517578125e-05,-3.0517578125e-05,-3.0517578125e-05,-3.0517578125e-05,E,1,2026-08-22_23-06-48,2026-08-22
1.0,0.9880952380952381,0.9598540145985401,1.0,1.0,0.0,0.0,0.0,0.0,1.0,0.0,-3.0517578125e-05,-3.0517578125e-05,-3.0517578125e-05,-3.0517578125e-05,-3.0517578125e-05,-3.0517578125e-05,E,1,2026-08-22_23-06-48,2026-08-22
0.9854545454545455,1.0,0.8759124087591241,1.0,1.0,0.0,0.0,0.0,0.0,1.0,0.0,-3.0517578125e-05,-3.0517578125e-05,-3.0517578125e-05,-3.0517578125e-05,-3.0517578125e-05,-3.0517578125e-05,E,1,2026-08-22_23-06-48,2026-08-22
0.9690909090909091,1.0,1.0,1.0,1.0,0.0,0.0,0.0,0.0,1.0,0.0,-3.0517578125e-05,-3.0517578125e-05,-3.0517578125e-05,-3.0517578125e-05,-3.0517578125e-05,-3.0517578125e-05,E,1,2026-08-22_23-06-48,2026-08-22
0.8818181818181818,1.0,0.8759124087591241,1.0,1.0,0.0,0.0,0.0,0.0,1.0,0.0,-3.0517578125e-05,-3.0517578125e-05,-3.0517578125e-05,-3.0517578125e-05,-3.0517578125e-05,-3.0517578125e-05,E,1,2026-08-22_23-06-48,2026-08-22
1.0,1.0,1.0,1.0,1.0,0.0,0.0,0.0,0.0,1.0,0.0,-3.0517578125e-05,-3.0517578125e-05,-3.0517578125e-05,-3.0517578125e-05,-3.0517578125e-05,-3.0517578125e-05,E,1,2026-08-22_23-06-48,2026-08-22
0.8872727272727273,1.0,0.7153284671532847,1.0,1.0,0.0,0.0,0.0,0.0,1.0,0.0,-3.0517578125e-05,-3.0517578125e-05,-3.0517578125e-05,-3.0517578125e-05,-3.0517578125e-05,-3.0517578125e-05,E,1,2026-08-22_23-06-48,2026-08-22
1.0,1.0,0.8759124087591241,1.0,1.0,0.0,0.0,0.0,0.0,1.0,0.0,-3.0517578125e-05,-3.0517578125e-05,-3.0517578125e-05,-3.0517578125e-05,-3.0517578125e-05,-3.0517578125e-05,E,1,2026-08-22_23-06-48,2026-08-22
1.0,1.0,1.0,1.0,1.0,0.0,0.0,0.0,0.0,1.0,0.0,-3.0517578125e-05,-3.0517578125e-05,-3.0517578125e-05,-3.0517578125e-05,-3.0517578125e-05,-3.0517578125e-05,E,1,2026-08-22_23-06-48,2026-08-22
0.9690909090909091,1.0,0.8686131386861314,1.0,1.0,0.0,0.0,0.0,0.0,1.0,0.0,-3.0517578125e-05,-3.0517578125e-05,-3.0517578125e-05,-3.0517578125e-05,-3.0517578125e-05,-3.0517578125e-05,E,1,2026-08-22_23-06-48,2026-08-22
1.0,1.0,1.0,1.0,1.0,0.0,0.0,0.0,0.0,1.0,0.0,-3.0517578125e-05,-3.0517578125e-05,-3.0517578125e-05,-3.0517578125e-05,-3.0517578125e-05,-3.0517578125e-05,E,1,2026-08-22_23-06-48,2026-08-22
0.8836363636363637,1.0,0.7372262773722628,1.0,1.0,0.0,0.0,0.0,0.0,1.0,0.0,-3.0517578125e-05,-3.0517578125e-05,-3.0517578125e-05,-3.0517578125e-05,-3.0517578125e-05,-3.0517578125e-05,E,1,2026-08-22_23-06-48,2026-08-22
0.9981818181818182,1.0,0.9124087591240876,1.0,1.0,0.0,0.0,0.0,0.0,1.0,0.0,-3.0517578125e-05,-3.0517578125e-05,-3.0517578125e-05,-3.0517578125e-05,-3.0517578125e-05,-3.0517578125e-05,E,1,2026-08-22_23-06-48,2026-08-22
1.0,1.0,1.0,1.0,1.0,0.0,0.0,0.0,0.0,1.0,0.0,-3.0517578125e-05,-3.0517578125e-05,-3.0517578125e-05,-3.0517578125e-05,-3.0517578125e-05,-3.0517578125e-05,E,1,2026-08-22_23-06-48,2026-08-22
1.0,1.0,1.0,1.0,1.0,0.0,0.0,0.0,0.0,1.0,0.0,-3.0517578125e-05,-3.0517578125e-05,-3.0517578125e-05,-3.0517578125e-05,-3.0517578125e-05,-3.0517578125e-05,E,1,2026-08-22_23-06-48,2026-08-22
1.0,1.0,0.9927007299270073,1.0,1.0,0.0,0.0,0.0,0.0,1.0,0.0,-3.0517578125e-05,-3.0517578125e-05,-3.0517578125e-05,-3.0517578125e-05,-3.0517578125e-05,-3.0517578125e-05,E,1,2026-08-22_23-06-48,2026-08-22
1.0,1.0,1.0,1.0,1.0,0.0,0.0,0.0,0.0,1.0,0.0,-3.0517578125e-05,-3.0517578125e-05,-3.0517578125e-05,-3.0517578125e-05,-3.0517578125e-05,-3.0517578125e-05,E,1,2026-08-22_23-06-48,2026-08-22
0.9509090909090909,1.0,1.0,1.0,1.0,0.0,0.0,0.0,0.0,1.0,0.0,-3.0517578125e-05,-3.0517578125e-05,-3.0517578125e-05,-3.0517578125e-05,-3.0517578125e-05,-3.0517578125e-05,E,1,2026-08-22_23-06-48,2026-08-22
1.0,1.0,1.0,1.0,1.0,0.0,0.0,0.0,0.0,1.0,0.0,-3.0517578125e-05,-3.0517578125e-05,-3.0517578125e-05,-3.0517578125e-05,-3.0517578125e-05,-3.0517578125e-05,E,1,2026-08-22_23-06-48,2026-08-22
0.8236363636363636,0.9642857142857143,0.9744525547445255,1.0,1.0,0.0,0.0,0.0,0.0,1.0,0.0,-3.0517578125e-05,-3.0517578125e-05,-3.0517578125e-05,-3.0517578125e-05,-3.0517578125e-05,-3.0517578125e-05,E,1,2026-08-22_23-06-48,2026-08-22
0.8145454545454546,0.9727891156462585,0.8029197080291971,1.0,1.0,0.0,0.0,0.0,0.0,1.0,0.0,-3.0517578125e-05,-3.0517578125e-05,-3.0517578125e-05,-3.0517578125e-05,-3.0517578125e-05,-3.0517578125e-05,E,1,2026-08-22_23-06-48,2026-08-22
1.0,1.0,0.8759124087591241,1.0,0.87248322147651,0.0,0.0,0.0,0.0,1.0,0.0,-3.0517578125e-05,-3.0517578125e-05,-3.0517578125e-05,-3.0517578125e-05,-3.0517578125e-05,-3.0517578125e-05,E,1,2026-08-22_23-06-48,2026-08-22
1.0,1.0,1.0,1.0,1.0,0.0,0.0,0.0,0.0,1.0,0.0,-3.0517578125e-05,-3.0517578125e-05,-3.0517578125e-05,-3.0517578125e-05,-3.0517578125e-05,-3.0517578125e-05,E,1,2026-08-22_23-06-48,2026-08-22
0.9672727272727273,1.0,1.0,1.0,1.0,0.0,0.0,0.0,1.0,1.0,0.0,-3.0517578125e-05,-3.0517578125e-05,-3.0517578125e-05,-3.0517578125e-05,-3.0517578125e-05,-3.0517578125e-05,E,2,2026-08-22_23-06-48,2026-08-22
1.0,1.0,1.0,1.0,1.0,0.0,0.0,0.0,1.0,1.0,0.0,-3.0517578125e-05,-3.0517578125e-05,-3.0517578125e-05,-3.0517578125e-05,-3.0517578125e-05,-3.0517578125e-05,E,2,2026-08-22_23-06-48,2026-08-22
0.9272727272727272,1.0,0.8905109489051095,1.0,0.9395973154362416,0.0,0.0,0.0,1.0,1.0,0.0,-3.0517578125e-05,-3.0517578125e-05,-3.0517578125e-05,-3.0517578125e-05,-3.0517578125e-05,-3.0517578125e-05,E,2,2026-08-22_23-06-48,2026-08-22
0.9072727272727272,1.0,0.8686131386861314,1.0,1.0,0.0,0.0,0.0,1.0,1.0,0.0,-3.0517578125e-05,-3.0517578125e-05,-3.0517578125e-05,-3.0517578125e-05,-3.0517578125e-05,-3.0517578125e-05,E,2,2026-08-22_23-06-48,2026-08-22
0.98,1.0,0.8102189781021898,1.0,1.0,0.0,0.0,0.0,1.0,1.0,0.0,-3.0517578125e-05,-3.0517578125e-05,-3.0517578125e-05,-3.0517578125e-05,-3.0517578125e-05,-3.0517578125e-05,E,2,2026-08-22_23-06-48,2026-08-22
1.0,1.0,1.0,1.0,1.0,0.0,0.0,0.0,1.0,1.0,0.0,-3.0517578125e-05,-3.0517578125e-05,-3.0517578125e-05,-3.0517578125e-05,-3.0517578125e-05,-3.0517578125e-05,E,2,2026-08-22_23-06-48,2026-08-22
1.0,1.0,1.0,1.0,1.0,0.0,0.0,0.0,1.0,1.0,0.0,-3.0517578125e-05,-3.0517578125e-05,-3.0517578125e-05,-3.0517578125e-05,-3.0517578125e-05,-3.0517578125e-05,E,2,2026-08-22_23-06-48,2026-08-22
1.0,1.0,1.0,1.0,1.0,0.0,0.0,0.0,1.0,1.0,0.0,-3.0517578125e-05,-3.0517578125e-05,-3.0517578125e-05,-3.0517578125e-05,-3.0517578125e-05,-3.0517578125e-05,E,2,2026-08-22_23-06-48,2026-08-22
1.0,1.0,1.0,1.0,1.0,0.0,0.0,0.0,1.0,1.0,0.0,-3.0517578125e-05,-3.0517578125e-05,-3.0517578125e-05,-3.0517578125e-05,-3.0517578125e-05,-3.0517578125e-05,E,2,2026-08-22_23-06-48,2026-08-22
1.0,1.0,1.0,1.0,1.0,0.0,0.0,0.0,1.0,1.0,0.0,-3.0517578125e-05,-3.0517578125e-05,-3.0517578125e-05,-3.0517578125e-05,-3.0517578125e-05,-3.0517578125e-05,E,2,2026-08-22_23-06-48,2026-08-22
0.9872727272727273,1.0,1.0,1.0,1.0,0.0,0.0,0.0,1.0,1.0,0.0,-3.0517578125e-05,-3.0517578125e-05,-3.0517578125e-05,-3.0517578125e-05,-3.0517578125e-05,-3.0517578125e-05,E,2,2026-08-22_23-06-48,2026-08-22
1.0,1.0,1.0,1.0,1.0,0.0,0.0,0.0,1.0,1.0,0.0,-3.0517578125e-05,-3.0517578125e-05,-3.0517578125e-05,-3.0517578125e-05,-3.0517578125e-05,-3.0517578125e-05,E,2,2026-08-22_23-06-48,2026-08-22
1.0,1.0,1.0,1.0,1.0,0.0,0.0,0.0,1.0,1.0,0.0,-3.0517578125e-05,-3.0517578125e-05,-3.0517578125e-05,-3.0517578125e-05,-3.0517578125e-05,-3.0517578125e-05,E,2,2026-08-22_23-06-48,2026-08-22
0.9618181818181818,1.0,1.0,1.0,1.0,0.0,0.0,0.0,1.0,1.0,0.0,-3.0517578125e-05,-3.0517578125e-05,-3.0517578125e-05,-3.0517578125e-05,-3.0517578125e-05,-3.0517578125e-05,E,2,2026-08-22_23-06-48,2026-08-22
0.9163636363636364,1.0,0.9890510948905109,1.0,1.0,0.0,0.0,0.0,1.0,1.0,0.0,-3.0517578125e-05,-3.0517578125e-05,-3.0517578125e-05,-3.0517578125e-05,-3.0517578125e-05,-3.0517578125e-05,E,2,2026-08-22_23-06-48,2026-08-22
0.9109090909090909,1.0,0.8759124087591241,1.0,1.0,0.0,0.0,0.0,1.0,1.0,0.0,-3.0517578125e-05,-3.0517578125e-05,-3.0517578125e-05,-3.0517578125e-05,-3.0517578125e-05,-3.0517578125e-05,E,2,2026-08-22_23-06-48,2026-08-22
0.9418181818181818,1.0,0.8102189781021898,1.0,0.8053691275167785,0.0,0.0,0.0,1.0,1.0,0.0,-3.0517578125e-05,-3.0517578125e-05,-3.0517578125e-05,-3.0517578125e-05,-3.0517578125e-05,-3.0517578125e-05,E,2,2026-08-22_23-06-48,2026-08-22
0.9981818181818182,1.0,0.9343065693430657,1.0,1.0,0.0,0.0,0.0,1.0,1.0,0.0,-3.0517578125e-05,-3.0517578125e-05,-3.0517578125e-05,-3.0517578125e-05,-3.0517578125e-05,-3.0517578125e-05,E,2,2026-08-22_23-06-48,2026-08-22
1.0,1.0,0.9744525547445255,1.0,1.0,0.0,0.0,0.0,1.0,1.0,0.0,-3.0517578125e-05,-3.0517578125e-05,-3.0517578125e-05,-3.0517578125e-05,-3.0517578125e-05,-3.0517578125e-05,E,2,2026-08-22_23-06-48,2026-08-22
0.9109090909090909,1.0,1.0,1.0,1.0,0.0,0.0,0.0,1.0,1.0,0.0,-3.0517578125e-05,-3.0517578125e-05,-3.0517578125e-05,-3.0517578125e-05,-3.0517578125e-05,-3.0517578125e-05,E,2,2026-08-22_23-06-48,2026-08-22
1.0,1.0,1.0,1.0,1.0,0.0,0.0,0.0,1.0,1.0,0.0,-3.0517578125e-05,-3.0517578125e-05,-3.0517578125e-05,-3.0517578125e-05,-3.0517578125e-05,-3.0517578125e-05,E,2,2026-08-22_23-06-48,2026-08-22
0.8109090909090909,1.0,0.9598540145985401,1.0,1.0,0.0,0.0,0.0,1.0,1.0,0.0,-3.0517578125e-05,-3.0517578125e-05,-3.0517578125e-05,-3.0517578125e-05,-3.0517578125e-05,-3.0517578125e-05,E,2,2026-08-22_23-06-48,2026-08-22
0.8690909090909091,1.0,0.7518248175182481,1.0,1.0,0.0,0.0,0.0,1.0,1.0,0.0,-3.0517578125e-05,-3.0517578125e-05,-3.0517578125e-05,-3.0517578125e-05,-3.0517578125e-05,-3.0517578125e-05,E,2,2026-08-22_23-06-48,2026-08-22
1.0,1.0,1.0,1.0,1.0,0.0,0.0,0.0,1.0,1.0,0.0,-3.0517578125e-05,-3.0517578125e-05,-3.0517578125e-05,-3.0517578125e-05,-3.0517578125e-05,-3.0517578125e-05,E,2,2026-08-22_23-06-48,2026-08-22
0.9818181818181818,1.0,1.0,1.0,0.9664429530201343,0.0,0.0,0.0,1.0,1.0,0.0,-3.0517578125e-05,-3.0517578125e-05,-3.0517578125e-05,-3.0517578125e-05,-3.0517578125e-05,-3.0517578125e-05,E,2,2026-08-22_23-06-48,2026-08-22
1.0,1.0,0.916058394160584,1.0,1.0,0.0,0.0,0.0,1.0,1.0,0.0,-3.0517578125e-05,-3.0517578125e-05,-3.0517578125e-05,-3.0517578125e-05,-3.0517578125e-05,-3.0517578125e-05,E,2,2026-08-22_23-06-48,2026-08-22
0.9345454545454546,1.0,0.9306569343065694,1.0,1.0,0.0,0.0,0.0,1.0,1.0,0.0,-3.0517578125e-05,-3.0517578125e-05,-3.0517578125e-05,-3.0517578125e-05,-3.0517578125e-05,-3.0517578125e-05,E,2,2026-08-22_23-06-48,2026-08-22
1.0,1.0,1.0,1.0,1.0,0.0,0.0,0.0,1.0,1.0,0.0,-3.0517578125e-05,-3.0517578125e-05,-3.0517578125e-05,-3.0517578125e-05,-3.0517578125e-05,-3.0517578125e-05,E,2,2026-08-22_23-06-48,2026-08-22
1.0,1.0,1.0,1.0,0.9932885906040269,0.0,0.0,0.0,1.0,1.0,0.0,-3.0517578125e-05,-3.0517578125e-05,-3.0517578125e-05,-3.0517578125e-05,-3.0517578125e-05,-3.0517578125e-05,E,2,2026-08-22_23-06-48,2026-08-22
0.9890909090909091,1.0,1.0,1.0,0.8590604026845637,0.0,0.0,0.0,1.0,1.0,0.0,-3.0517578125e-05,-3.0517578125e-05,-3.0517578125e-05,-3.0517578125e-05,-3.0517578125e-05,-3.0517578125e-05,E,2,2026-08-22_23-06-48,2026-08-22
0.9927272727272727,1.0,0.9817518248175182,1.0,0.8053691275167785,0.0,0.0,0.0,0.0,1.0,0.0,-3.0517578125e-05,-3.0517578125e-05,-3.0517578125e-05,-3.0517578125e-05,-3.0517578125e-05,-3.0517578125e-05,E,2,2026-08-22_23-06-48,2026-08-22
1.0,1.0,1.0,1.0,0.8187919463087249,0.0,0.0,0.0,0.0,1.0,0.0,-3.0517578125e-05,-3.0517578125e-05,-3.0517578125e-05,-3.0517578125e-05,-3.0517578125e-05,-3.0517578125e-05,E,2,2026-08-22_23-06-48,2026-08-22
0.9509090909090909,1.0,0.8175182481751825,1.0,0.912751677852349,0.0,0.0,0.0,0.0,1.0,0.0,-3.0517578125e-05,-3.0517578125e-05,-3.0517578125e-05,-3.0517578125e-05,-3.0517578125e-05,-3.0517578125e-05,E,2,2026-08-22_23-06-48,2026-08-22
0.9890909090909091,1.0,1.0,1.0,1.0,0.0,0.0,0.0,0.0,1.0,0.0,-3.0517578125e-05,-3.0517578125e-05,-3.0517578125e-05,-3.0517578125e-05,-3.0517578125e-05,-3.0517578125e-05,E,2,2026-08-22_23-06-48,2026-08-22
0.9254545454545454,1.0,1.0,1.0,1.0,0.0,0.0,0.0,0.0,1.0,0.0,-3.0517578125e-05,-3.0517578125e-05,-3.0517578125e-05,-3.0517578125e-05,-3.0517578125e-05,-3.0517578125e-05,E,2,2026-08-22_23-06-48,2026-08-22
0.9581818181818181,1.0,0.9817518248175182,1.0,1.0,0.0,0.0,0.0,0.0,1.0,0.0,-3.0517578125e-05,-3.0517578125e-05,-3.0517578125e-05,-3.0517578125e-05,-3.0517578125e-05,-3.0517578125e-05,E,2,2026-08-22_23-06-48,2026-08-22
0.9745454545454545,1.0,0.9562043795620438,1.0,1.0,0.0,0.0,0.0,0.0,1.0,0.0,-3.0517578125e-05,-3.0517578125e-05,-3.0517578125e-05,-3.0517578125e-05,-3.0517578125e-05,-3.0517578125e-05,E,2,2026-08-22_23-06-48,2026-08-22
1.0,1.0,0.9890510948905109,1.0,1.0,0.0,0.0,0.0,0.0,1.0,0.0,-3.0517578125e-05,-3.0517578125e-05,-3.0517578125e-05,-3.0517578125e-05,-3.0517578125e-05,-3.0517578125e-05,E,2,2026-08-22_23-06-48,2026-08-22
0.9490909090909091,1.0,1.0,1.0,1.0,0.0,0.0,0.0,0.0,1.0,0.0,-3.0517578125e-05,-3.0517578125e-05,-3.0517578125e-05,-3.0517578125e-05,-3.0517578125e-05,-3.0517578125e-05,E,2,2026-08-22_23-06-48,2026-08-22
1.0,1.0,1.0,1.0,1.0,0.0,0.0,0.0,0.0,1.0,0.0,-3.0517578125e-05,-3.0517578125e-05,-3.0517578125e-05,-3.0517578125e-05,-3.0517578125e-05,-3.0517578125e-05,E,2,2026-08-22_23-06-48,2026-08-22
0.9163636363636364,1.0,0.4854014598540146,1.0,1.0,0.0,0.0,0.0,1.0,1.0,0.0,-3.0517578125e-05,-3.0517578125e-05,-3.0517578125e-05,-3.0517578125e-05,-3.0517578125e-05,-3.0517578125e-05,E,3,2026-08-22_23-06-48,2026-08-22
1.0,1.0,1.0,1.0,1.0,0.0,0.0,0.0,1.0,1.0,0.0,-3.0517578125e-05,-3.0517578125e-05,-3.0517578125e-05,-3.0517578125e-05,-3.0517578125e-05,-3.0517578125e-05,E,3,2026-08-22_23-06-48,2026-08-22
0.8818181818181818,1.0,1.0,1.0,1.0,0.0,0.0,0.0,1.0,1.0,0.0,-3.0517578125e-05,-3.0517578125e-05,-3.0517578125e-05,-3.0517578125e-05,-3.0517578125e-05,-3.0517578125e-05,E,3,2026-08-22_23-06-48,2026-08-22
1.0,1.0,1.0,1.0,0.22818791946308725,0.0,0.0,0.0,1.0,1.0,0.0,-3.0517578125e-05,-3.0517578125e-05,-3.0517578125e-05,-3.0517578125e-05,-3.0517578125e-05,-3.0517578125e-05,E,3,2026-08-22_23-06-48,2026-08-22
0.9854545454545455,1.0,1.0,1.0,1.0,0.0,0.0,0.0,1.0,1.0,0.0,-3.0517578125e-05,-3.0517578125e-05,-3.0517578125e-05,-3.0517578125e-05,-3.0517578125e-05,-3.0517578125e-05,E,3,2026-08-22_23-06-48,2026-08-22
1.0,1.0,0.8905109489051095,1.0,0.8187919463087249,0.0,0.0,0.0,1.0,1.0,0.0,-3.0517578125e-05,-3.0517578125e-05,-3.0517578125e-05,-3.0517578125e-05,-3.0517578125e-05,-3.0517578125e-05,E,3,2026-08-22_23-06-48,2026-08-22
1.0,1.0,0.708029197080292,1.0,1.0,0.0,0.0,0.0,1.0,1.0,0.0,-3.0517578125e-05,-3.0517578125e-05,-3.0517578125e-05,-3.0517578125e-05,-3.0517578125e-05,-3.0517578125e-05,E,3,2026-08-22_23-06-48,2026-08-22
1.0,1.0,0.8832116788321168,1.0,1.0,0.0,0.0,0.0,1.0,1.0,0.0,-3.0517578125e-05,-3.0517578125e-05,-3.0517578125e-05,-3.0517578125e-05,-3.0517578125e-05,-3.0517578125e-05,E,3,2026-08-22_23-06-48,2026-08-22
0.9109090909090909,1.0,0.7372262773722628,1.0,1.0,0.0,0.0,0.0,1.0,1.0,0.0,-3.0517578125e-05,-3.0517578125e-05,-3.0517578125e-05,-3.0517578125e-05,-3.0517578125e-05,-3.0517578125e-05,E,3,2026-08-22_23-06-48,2026-08-22
0.9745454545454545,1.0,1.0,1.0,0.8053691275167785,0.0,0.0,0.0,1.0,1.0,0.0,-3.0517578125e-05,-3.0517578125e-05,-3.0517578125e-05,-3.0517578125e-05,-3.0517578125e-05,-3.0517578125e-05,E,3,2026-08-22_23-06-48,2026-08-22
1.0,1.0,0.8175182481751825,1.0,1.0,0.0,0.0,0.0,1.0,1.0,0.0,-3.0517578125e-05,-3.0517578125e-05,-3.0517578125e-05,-3.0517578125e-05,-3.0517578125e-05,-3.0517578125e-05,E,3,2026-08-22_23-06-48,2026-08-22
0.8981818181818182,1.0,1.0,1.0,1.0,0.0,0.0,0.0,1.0,1.0,0.0,-3.0517578125e-05,-3.0517578125e-05,-3.0517578125e-05,-3.0517578125e-05,-3.0517578125e-05,-3.0517578125e-05,E,3,2026-08-22_23-06-48,2026-08-22
1.0,1.0,1.0,1.0,1.0,0.0,0.0,0.0,1.0,1.0,0.0,-3.0517578125e-05,-3.0517578125e-05,-3.0517578125e-05,-3.0517578125e-05,-3.0517578125e-05,-3.0517578125e-05,E,3,2026-08-22_23-06-48,2026-08-22
0.9381818181818182,1.0,0.8284671532846716,1.0,1.0,0.0,0.0,0.0,1.0,1.0,0.0,-3.0517578125e-05,-3.0517578125e-05,-3.0517578125e-05,-3.0517578125e-05,-3.0517578125e-05,-3.0517578125e-05,E,3,2026-08-22_23-06-48,2026-08-22
1.0,1.0,0.9562043795620438,1.0,1.0,0.0,0.0,0.0,1.0,1.0,0.0,-3.0517578125e-05,-3.0517578125e-05,-3.0517578125e-05,-3.0517578125e-05,-3.0517578125e-05,-3.0517578125e-05,E,3,2026-08-22_23-06-48,2026-08-22
1.0,1.0,0.7846715328467153,1.0,1.0,0.0,0.0,0.0,1.0,1.0,0.0,-3.0517578125e-05,-3.0517578125e-05,-3.0517578125e-05,-3.0517578125e-05,-3.0517578125e-05,-3.0517578125e-05,E,3,2026-08-22_23-06-48,2026-08-22
0.9854545454545455,1.0,1.0,1.0,1.0,0.0,0.0,0.0,1.0,1.0,0.0,-3.0517578125e-05,-3.0517578125e-05,-3.0517578125e-05,-3.0517578125e-05,-3.0517578125e-05,-3.0517578125e-05,E,3,2026-08-22_23-06-48,2026-08-22
1.0,1.0,1.0,1.0,0.9664429530201343,0.0,0.0,0.0,1.0,1.0,0.0,-3.0517578125e-05,-3.0517578125e-05,-3.0517578125e-05,-3.0517578125e-05,-3.0517578125e-05,-3.0517578125e-05,E,3,2026-08-22_23-06-48,2026-08-22
0.9672727272727273,1.0,1.0,1.0,1.0,0.0,0.0,0.0,1.0,1.0,0.0,-3.0517578125e-05,-3.0517578125e-05,-3.0517578125e-05,-3.0517578125e-05,-3.0517578125e-05,-3.0517578125e-05,E,3,2026-08-22_23-06-48,2026-08-22
0.9709090909090909,1.0,0.9671532846715328,1.0,1.0,0.0,0.0,0.0,1.0,1.0,0.0,-3.0517578125e-05,-3.0517578125e-05,-3.0517578125e-05,-3.0517578125e-05,-3.0517578125e-05,-3.0517578125e-05,E,3,2026-08-22_23-06-48,2026-08-22
1.0,1.0,0.9781021897810219,1.0,1.0,0.0,0.0,0.0,1.0,1.0,0.0,-3.0517578125e-05,-3.0517578125e-05,-3.0517578125e-05,-3.0517578125e-05,-3.0517578125e-05,-3.0517578125e-05,E,3,2026-08-22_23-06-48,2026-08-22
1.0,1.0,1.0,1.0,1.0,0.0,0.0,0.0,1.0,1.0,0.0,-3.0517578125e-05,-3.0517578125e-05,-3.0517578125e-05,-3.0517578125e-05,-3.0517578125e-05,-3.0517578125e-05,E,3,2026-08-22_23-06-48,2026-08-22
1.0,1.0,1.0,1.0,1.0,0.0,0.0,0.0,1.0,1.0,0.0,-3.0517578125e-05,-3.0517578125e-05,-3.0517578125e-05,-3.0517578125e-05,-3.0517578125e-05,-3.0517578125e-05,E,3,2026-08-22_23-06-48,2026-08-22
1.0,1.0,0.9306569343065694,1.0,1.0,0.0,0.0,0.0,1.0,1.0,0.0,-3.0517578125e-05,-3.0517578125e-05,-3.0517578125e-05,-3.0517578125e-05,-3.0517578125e-05,-3.0517578125e-05,E,3,2026-08-22_23-06-48,2026-08-22
1.0,1.0,0.9598540145985401,1.0,1.0,0.0,0.0,0.0,1.0,1.0,0.0,-3.0517578125e-05,-3.0517578125e-05,-3.0517578125e-05,-3.0517578125e-05,-3.0517578125e-05,-3.0517578125e-05,E,3,2026-08-22_23-06-48,2026-08-22
0.9472727272727273,1.0,0.9306569343065694,1.0,1.0,0.0,0.0,0.0,1.0,1.0,0.0,-3.0517578125e-05,-3.0517578125e-05,-3.0517578125e-05,-3.0517578125e-05,-3.0517578125e-05,-3.0517578125e-05,E,3,2026-08-22_23-06-48,2026-08-22
1.0,1.0,1.0,1.0,1.0,0.0,0.0,0.0,1.0,1.0,0.0,-3.0517578125e-05,-3.0517578125e-05,-3.0517578125e-05,-3.0517578125e-05,-3.0517578125e-05,-3.0517578125e-05,E,3,2026-08-22_23-06-48,2026-08-22
0.9509090909090909,1.0,0.9233576642335767,1.0,1.0,0.0,0.0,0.0,1.0,1.0,0.0,-3.0517578125e-05,-3.0517578125e-05,-3.0517578125e-05,-3.0517578125e-05,-3.0517578125e-05,-3.0517578125e-05,E,3,2026-08-22_23-06-48,2026-08-22
1.0,1.0,1.0,1.0,1.0,0.0,0.0,0.0,1.0,1.0,0.0,-3.0517578125e-05,-3.0517578125e-05,-3.0517578125e-05,-3.0517578125e-05,-3.0517578125e-05,-3.0517578125e-05,E,3,2026-08-22_23-06-48,2026-08-22
0.98,1.0,1.0,1.0,1.0,0.0,0.0,0.0,1.0,1.0,0.0,-3.0517578125e-05,-3.0517578125e-05,-3.0517578125e-05,-3.0517578125e-05,-3.0517578125e-05,-3.0517578125e-05,E,3,2026-08-22_23-06-48,2026-08-22
0.9690909090909091,1.0,0.9927007299270073,1.0,1.0,0.0,0.0,0.0,1.0,1.0,0.0,-3.0517578125e-05,-3.0517578125e-05,-3.0517578125e-05,-3.0517578125e-05,-3.0517578125e-05,-3.0517578125e-05,E,3,2026-08-22_23-06-48,2026-08-22
1.0,1.0,1.0,1.0,1.0,0.0,0.0,0.0,1.0,1.0,0.0,-3.0517578125e-05,-3.0517578125e-05,-3.0517578125e-05,-3.0517578125e-05,-3.0517578125e-05,-3.0517578125e-05,E,3,2026-08-22_23-06-48,2026-08-22
1.0,1.0,1.0,1.0,1.0,0.0,0.0,0.0,1.0,1.0,0.0,-3.0517578125e-05,-3.0517578125e-05,-3.0517578125e-05,-3.0517578125e-05,-3.0517578125e-05,-3.0517578125e-05,E,3,2026-08-22_23-06-48,2026-08-22
1.0,1.0,0.948905109489051,1.0,1.0,0.0,0.0,0.0,1.0,1.0,0.0,-3.0517578125e-05,-3.0517578125e-05,-3.0517578125e-05,-3.0517578125e-05,-3.0517578125e-05,-3.0517578125e-05,E,3,2026-08-22_23-06-48,2026-08-22
1.0,1.0,0.916058394160584,1.0,1.0,0.0,0.0,0.0,1.0,1.0,0.0,-3.0517578125e-05,-3.0517578125e-05,-3.0517578125e-05,-3.0517578125e-05,-3.0517578125e-05,-3.0517578125e-05,E,3,2026-08-22_23-06-48,2026-08-22
0.9527272727272728,1.0,0.7956204379562044,1.0,1.0,0.0,0.0,0.0,1.0,1.0,0.0,-3.0517578125e-05,-3.0517578125e-05,-3.0517578125e-05,-3.0517578125e-05,-3.0517578125e-05,-3.0517578125e-05,E,3,2026-08-22_23-06-48,2026-08-22
1.0,1.0,1.0,1.0,1.0,0.0,0.0,0.0,1.0,1.0,0.0,-3.0517578125e-05,-3.0517578125e-05,-3.0517578125e-05,-3.0517578125e-05,-3.0517578125e-05,-3.0517578125e-05,E,3,2026-08-22_23-06-48,2026-08-22
1.0,1.0,0.9708029197080292,1.0,1.0,0.0,0.0,0.0,1.0,1.0,0.0,-3.0517578125e-05,-3.0517578125e-05,-3.0517578125e-05,-3.0517578125e-05,-3.0517578125e-05,-3.0517578125e-05,E,3,2026-08-22_23-06-48,2026-08-22
0.9963636363636363,1.0,0.9927007299270073,1.0,1.0,0.0,0.0,0.0,1.0,1.0,0.0,-3.0517578125e-05,-3.0517578125e-05,-3.0517578125e-05,-3.0517578125e-05,-3.0517578125e-05,-3.0517578125e-05,E,3,2026-08-22_23-06-48,2026-08-22
0.9981818181818182,1.0,0.9854014598540146,1.0,1.0,0.0,0.0,0.0,1.0,1.0,0.0,-3.0517578125e-05,-3.0517578125e-05,-3.0517578125e-05,-3.0517578125e-05,-3.0517578125e-05,-3.0517578125e-05,E,3,2026-08-22_23-06-48,2026-08-22
0.88,1.0,0.8941605839416058,1.0,0.8859060402684564,0.0,0.0,0.0,1.0,1.0,0.0,-3.0517578125e-05,-3.0517578125e-05,-3.0517578125e-05,-3.0517578125e-05,-3.0517578125e-05,-3.0517578125e-05,E,4,2026-08-22_23-06-48,2026-08-22
0.9727272727272728,1.0,0.927007299270073,1.0,0.9395973154362416,0.0,0.0,0.0,1.0,1.0,0.0,-3.0517578125e-05,-3.0517578125e-05,-3.0517578125e-05,-3.0517578125e-05,-3.0517578125e-05,-3.0517578125e-05,E,4,2026-08-22_23-06-48,2026-08-22
0.9854545454545455,1.0,0.8759124087591241,1.0,0.8053691275167785,0.0,0.0,0.0,1.0,1.0,0.0,-3.0517578125e-05,-3.0517578125e-05,-3.0517578125e-05,-3.0517578125e-05,-3.0517578125e-05,-3.0517578125e-05,E,4,2026-08-22_23-06-48,2026-08-22
0.86,1.0,1.0,1.0,1.0,0.0,0.0,0.0,1.0,1.0,0.0,-3.0517578125e-05,-3.0517578125e-05,-3.0517578125e-05,-3.0517578125e-05,-3.0517578125e-05,-3.0517578125e-05,E,4,2026-08-22_23-06-48,2026-08-22
1.0,1.0,0.9927007299270073,1.0,1.0,0.0,0.0,0.0,1.0,1.0,0.0,-3.0517578125e-05,-3.0517578125e-05,-3.0517578125e-05,-3.0517578125e-05,-3.0517578125e-05,-3.0517578125e-05,E,4,2026-08-22_23-06-48,2026-08-22
0.9181818181818182,1.0,0.927007299270073,1.0,1.0,0.0,0.0,0.0,1.0,1.0,0.0,-3.0517578125e-05,-3.0517578125e-05,-3.0517578125e-05,-3.0517578125e-05,-3.0517578125e-05,-3.0517578125e-05,E,4,2026-08-22_23-06-48,2026-08-22
0.9036363636363637,1.0,1.0,1.0,1.0,0.0,0.0,0.0,1.0,1.0,0.0,-3.0517578125e-05,-3.0517578125e-05,-3.0517578125e-05,-3.0517578125e-05,-3.0517578125e-05,-3.0517578125e-05,E,4,2026-08-22_23-06-48,2026-08-22
0.94,1.0,0.8686131386861314,1.0,1.0,0.0,0.0,0.0,1.0,1.0,0.0,-3.0517578125e-05,-3.0517578125e-05,-3.0517578125e-05,-3.0517578125e-05,-3.0517578125e-05,-3.0517578125e-05,E,4,2026-08-22_23-06-48,2026-08-22
0.8527272727272728,1.0,0.9927007299270073,1.0,1.0,0.0,0.0,0.0,1.0,1.0,0.0,-3.0517578125e-05,-3.0517578125e-05,-3.0517578125e-05,-3.0517578125e-05,-3.0517578125e-05,-3.0517578125e-05,E,4,2026-08-22_23-06-48,2026-08-22
0.9654545454545455,1.0,1.0,1.0,1.0,0.0,0.0,0.0,1.0,1.0,0.0,-3.0517578125e-05,-3.0517578125e-05,-3.0517578125e-05,-3.0517578125e-05,-3.0517578125e-05,-3.0517578125e-05,E,4,2026-08-22_23-06-48,2026-08-22
0.8781818181818182,1.0,0.9708029197080292,1.0,1.0,0.0,0.0,0.0,1.0,1.0,0.0,-3.0517578125e-05,-3.0517578125e-05,-3.0517578125e-05,-3.0517578125e-05,-3.0517578125e-05,-3.0517578125e-05,E,4,2026-08-22_23-06-48,2026-08-22
1.0,1.0,0.9051094890510949,1.0,1.0,0.0,0.0,0.0,1.0,1.0,0.0,-3.0517578125e-05,-3.0517578125e-05,-3.0517578125e-05,-3.0517578125e-05,-3.0517578125e-05,-3.0517578125e-05,E,4,2026-08-22_23-06-48,2026-08-22
1.0,1.0,0.9854014598540146,1.0,1.0,0.0,0.0,0.0,1.0,1.0,0.0,-3.0517578125e-05,-3.0517578125e-05,-3.0517578125e-05,-3.0517578125e-05,-3.0517578125e-05,-3.0517578125e-05,E,4,2026-08-22_23-06-48,2026-08-22
1.0,1.0,0.8795620437956204,1.0,1.0,0.0,0.0,0.0,1.0,1.0,0.0,-3.0517578125e-05,-3.0517578125e-05,-3.0517578125e-05,-3.0517578125e-05,-3.0517578125e-05,-3.0517578125e-05,E,4,2026-08-22_23-06-48,2026-08-22
0.9945454545454545,1.0,0.7773722627737226,1.0,0.912751677852349,0.0,0.0,0.0,1.0,1.0,0.0,-3.0517578125e-05,-3.0517578125e-05,-3.0517578125e-05,-3.0517578125e-05,-3.0517578125e-05,-3.0517578125e-05,E,4,2026-08-22_23-06-48,2026-08-22
0.9309090909090909,1.0,1.0,1.0,0.9664429530201343,0.0,0.0,0.0,1.0,1.0,0.0,-3.0517578125e-05,-3.0517578125e-05,-3.0517578125e-05,-3.0517578125e-05,-3.0517578125e-05,-3.0517578125e-05,E,4,2026-08-22_23-06-48,2026-08-22
0.889090909090909,1.0,0.9671532846715328,1.0,1.0,0.0,0.0,0.0,1.0,1.0,0.0,-3.0517578125e-05,-3.0517578125e-05,-3.0517578125e-05,-3.0517578125e-05,-3.0517578125e-05,-3.0517578125e-05,E,4,2026-08-22_23-06-48,2026-08-22
0.8345454545454546,1.0,0.9817518248175182,1.0,0.9395973154362416,0.0,0.0,0.0,1.0,1.0,0.0,-3.0517578125e-05,-3.0517578125e-05,-3.0517578125e-05,-3.0517578125e-05,-3.0517578125e-05,-3.0517578125e-05,E,4,2026-08-22_23-06-48,2026-08-22
0.9981818181818182,1.0,1.0,1.0,1.0,0.0,0.0,0.0,1.0,1.0,0.0,-3.0517578125e-05,-3.0517578125e-05,-3.0517578125e-05,-3.0517578125e-05,-3.0517578125e-05,-3.0517578125e-05,E,4,2026-08-22_23-06-48,2026-08-22
1.0,1.0,1.0,1.0,1.0,0.0,0.0,0.0,1.0,1.0,0.0,-3.0517578125e-05,-3.0517578125e-05,-3.0517578125e-05,-3.0517578125e-05,-3.0517578125e-05,-3.0517578125e-05,E,4,2026-08-22_23-06-48,2026-08-22
1.0,1.0,0.9306569343065694,1.0,1.0,0.0,0.0,0.0,1.0,1.0,0.0,-3.0517578125e-05,-3.0517578125e-05,-3.0517578125e-05,-3.0517578125e-05,-3.0517578125e-05,-3.0517578125e-05,E,4,2026-08-22_23-06-48,2026-08-22
0.8690909090909091,1.0,1.0,1.0,1.0,0.0,0.0,0.0,1.0,1.0,0.0,-3.0517578125e-05,-3.0517578125e-05,-3.0517578125e-05,-3.0517578125e-05,-3.0517578125e-05,-3.0517578125e-05,E,4,2026-08-22_23-06-48,2026-08-22
1.0,1.0,0.8759124087591241,1.0,1.0,0.0,0.0,0.0,1.0,1.0,0.0,-3.0517578125e-05,-3.0517578125e-05,-3.0517578125e-05,-3.0517578125e-05,-3.0517578125e-05,-3.0517578125e-05,E,4,2026-08-22_23-06-48,2026-08-22
0.9581818181818181,1.0,1.0,1.0,1.0,0.0,0.0,0.0,1.0,1.0,0.0,-3.0517578125e-05,-3.0517578125e-05,-3.0517578125e-05,-3.0517578125e-05,-3.0517578125e-05,-3.0517578125e-05,E,4,2026-08-22_23-06-48,2026-08-22
0.9072727272727272,1.0,0.8795620437956204,1.0,0.8053691275167785,0.0,0.0,0.0,1.0,1.0,0.0,-3.0517578125e-05,-3.0517578125e-05,-3.0517578125e-05,-3.0517578125e-05,-3.0517578125e-05,-3.0517578125e-05,E,4,2026-08-22_23-06-48,2026-08-22
0.8945454545454545,1.0,0.9087591240875912,1.0,1.0,0.0,0.0,0.0,1.0,1.0,0.0,-3.0517578125e-05,-3.0517578125e-05,-3.0517578125e-05,-3.0517578125e-05,-3.0517578125e-05,-3.0517578125e-05,E,4,2026-08-22_23-06-48,2026-08-22
0.9072727272727272,0.9795918367346939,1.0,1.0,1.0,0.0,0.0,0.0,1.0,1.0,0.0,-3.0517578125e-05,-3.0517578125e-05,-3.0517578125e-05,-3.0517578125e-05,-3.0517578125e-05,-3.0517578125e-05,E,4,2026-08-22_23-06-48,2026-08-22
0.8727272727272727,1.0,1.0,1.0,1.0,0.0,0.0,0.0,1.0,1.0,0.0,-3.0517578125e-05,-3.0517578125e-05,-3.0517578125e-05,-3.0517578125e-05,-3.0517578125e-05,-3.0517578125e-05,E,4,2026-08-22_23-06-48,2026-08-22
1.0,1.0,0.8357664233576643,1.0,0.8859060402684564,0.0,0.0,0.0,1.0,1.0,0.0,-3.0517578125e-05,-3.0517578125e-05,-3.0517578125e-05,-3.0517578125e-05,-3.0517578125e-05,-3.0517578125e-05,E,4,2026-08-22_23-06-48,2026-08-22
0.8981818181818182,1.0,1.0,1.0,1.0,0.0,0.0,0.0,1.0,1.0,0.0,-3.0517578125e-05,-3.0517578125e-05,-3.0517578125e-05,-3.0517578125e-05,-3.0517578125e-05,-3.0517578125e-05,E,4,2026-08-22_23-06-48,2026-08-22
0.9018181818181819,1.0,0.8503649635036497,1.0,0.8322147651006712,0.0,0.0,0.0,1.0,1.0,0.0,-3.0517578125e-05,-3.0517578125e-05,-3.0517578125e-05,-3.0517578125e-05,-3.0517578125e-05,-3.0517578125e-05,E,4,2026-08-22_23-06-48,2026-08-22
1.0,1.0,1.0,1.0,1.0,0.0,0.0,0.0,1.0,1.0,0.0,-3.0517578125e-05,-3.0517578125e-05,-3.0517578125e-05,-3.0517578125e-05,-3.0517578125e-05,-3.0517578125e-05,E,4,2026-08-22_23-06-48,2026-08-22
0.8981818181818182,1.0,1.0,1.0,1.0,0.0,0.0,0.0,1.0,1.0,0.0,-3.0517578125e-05,-3.0517578125e-05,-3.0517578125e-05,-3.0517578125e-05,-3.0517578125e-05,-3.0517578125e-05,E,4,2026-08-22_23-06-48,2026-08-22
1.0,1.0,1.0,1.0,0.8590604026845637,0.0,0.0,0.0,1.0,1.0,0.0,-3.0517578125e-05,-3.0517578125e-05,-3.0517578125e-05,-3.0517578125e-05,-3.0517578125e-05,-3.0517578125e-05,E,4,2026-08-22_23-06-48,2026-08-22
0.7763636363636364,1.0,0.8868613138686131,1.0,1.0,0.0,0.0,0.0,1.0,1.0,0.0,-3.0517578125e-05,-3.0517578125e-05,-3.0517578125e-05,-3.0517578125e-05,-3.0517578125e-05,-3.0517578125e-05,E,4,2026-08-22_23-06-48,2026-08-22
0.8872727272727273,1.0,0.9781021897810219,1.0,1.0,0.0,0.0,0.0,1.0,1.0,0.0,-3.0517578125e-05,-3.0517578125e-05,-3.0517578125e-05,-3.0517578125e-05,-3.0517578125e-05,-3.0517578125e-05,E,4,2026-08-22_23-06-48,2026-08-22
1.0,1.0,0.8576642335766423,1.0,0.87248322147651,0.0,0.0,0.0,1.0,1.0,0.0,-3.0517578125e-05,-3.0517578125e-05,-3.0517578125e-05,-3.0517578125e-05,-3.0517578125e-05,-3.0517578125e-05,E,4,2026-08-22_23-06-48,2026-08-22
0.8690909090909091,1.0,0.8686131386861314,1.0,1.0,0.0,0.0,0.0,1.0,1.0,0.0,-3.0517578125e-05,-3.0517578125e-05,-3.0517578125e-05,-3.0517578125e-05,-3.0517578125e-05,-3.0517578125e-05,E,4,2026-08-22_23-06-48,2026-08-22
1.0,1.0,0.9525547445255474,1.0,1.0,0.0,0.0,0.0,1.0,1.0,0.0,-3.0517578125e-05,-3.0517578125e-05,-3.0517578125e-05,-3.0517578125e-05,-3.0517578125e-05,-3.0517578125e-05,E,4,2026-08-22_23-06-48,2026-08-22
0.9018181818181819,1.0,0.8576642335766423,1.0,1.0,0.0,0.0,0.0,1.0,1.0,0.0,-3.0517578125e-05,-3.0517578125e-05,-3.0517578125e-05,-3.0517578125e-05,-3.0517578125e-05,-3.0517578125e-05,E,4,2026-08-22_23-06-48,2026-08-22
0.0,0.0,0.0,1.0,0.4966442953020134,0.0,1.0,1.0,1.0,1.0,1.0,-3.0517578125e-05,-3.0517578125e-05,-3.0517578125e-05,-3.0517578125e-05,-3.0517578125e-05,-3.0517578125e-05,F,0,2026-08-22_23-06-48,2026-08-23
0.0,0.0,0.0,1.0,0.8053691275167785,0.0,1.0,1.0,1.0,1.0,1.0,-3.0517578125e-05,-3.0517578125e-05,-3.0517578125e-05,-3.0517578125e-05,-3.0517578125e-05,-3.0517578125e-05,F,0,2026-08-22_23-06-48,2026-08-23
0.0,0.0,0.0,1.0,0.8053691275167785,0.0,1.0,1.0,1.0,1.0,1.0,-3.0517578125e-05,-3.0517578125e-05,-3.0517578125e-05,-3.0517578125e-05,-3.0517578125e-05,-3.0517578125e-05,F,0,2026-08-22_23-06-48,2026-08-23
0.0,0.0,0.0,1.0,0.9261744966442953,0.0,1.0,1.0,1.0,1.0,1.0,-3.0517578125e-05,-3.0517578125e-05,-3.0517578125e-05,-3.0517578125e-05,-3.0517578125e-05,-3.0517578125e-05,F,0,2026-08-22_23-06-48,2026-08-23
0.0,0.0,0.0,1.0,1.0,0.0,1.0,1.0,1.0,1.0,1.0,-3.0517578125e-05,-3.0517578125e-05,-3.0517578125e-05,-3.0517578125e-05,-3.0517578125e-05,-3.0517578125e-05,F,0,2026-08-22_23-06-48,2026-08-23
0.0,0.06292517006802721,0.0,1.0,0.8053691275167785,0.0,1.0,1.0,1.0,1.0,1.0,-3.0517578125e-05,-3.0517578125e-05,-3.0517578125e-05,-3.0517578125e-05,-3.0517578125e-05,-3.0517578125e-05,F,0,2026-08-22_23-06-48,2026-08-23
0.0,0.13095238095238096,0.0,1.0,1.0,0.0,1.0,1.0,1.0,1.0,1.0,-3.0517578125e-05,-3.0517578125e-05,-3.0517578125e-05,-3.0517578125e-05,-3.0517578125e-05,-3.0517578125e-05,F,0,2026-08-22_23-06-48,2026-08-23
0.0,0.0,0.025547445255474453,1.0,0.8053691275167785,0.0,1.0,1.0,1.0,1.0,1.0,-3.0517578125e-05,-3.0517578125e-05,-3.0517578125e-05,-3.0517578125e-05,-3.0517578125e-05,-3.0517578125e-05,F,0,2026-08-22_23-06-48,2026-08-23
0.0,0.08163265306122448,0.0,1.0,0.8053691275167785,0.0,1.0,1.0,1.0,1.0,1.0,-3.0517578125e-05,-3.0517578125e-05,-3.0517578125e-05,-3.0517578125e-05,-3.0517578125e-05,-3.0517578125e-05,F,0,2026-08-22_23-06-48,2026-08-23
0.0,0.0,0.0,1.0,0.8053691275167785,0.0,1.0,1.0,1.0,1.0,1.0,-3.0517578125e-05,-3.0517578125e-05,-3.0517578125e-05,-3.0517578125e-05,-3.0517578125e-05,-3.0517578125e-05,F,0,2026-08-22_23-06-48,2026-08-23
0.0,0.0,0.0,1.0,1.0,0.0,1.0,1.0,1.0,1.0,1.0,-3.0517578125e-05,-3.0517578125e-05,-3.0517578125e-05,-3.0517578125e-05,-3.0517578125e-05,-3.0517578125e-05,F,0,2026-08-22_23-06-48,2026-08-23
0.0,0.0,0.0,1.0,0.8053691275167785,0.0,1.0,1.0,1.0,1.0,1.0,-3.0517578125e-05,-3.0517578125e-05,-3.0517578125e-05,-3.0517578125e-05,-3.0517578125e-05,-3.0517578125e-05,F,0,2026-08-22_23-06-48,2026-08-23
0.0,0.0,0.0,1.0,0.8053691275167785,0.0,1.0,1.0,1.0,1.0,1.0,-3.0517578125e-05,-3.0517578125e-05,-3.0517578125e-05,-3.0517578125e-05,-3.0517578125e-05,-3.0517578125e-05,F,0,2026-08-22_23-06-48,2026-08-23
0.0,0.0,0.0,1.0,0.2953020134228188,0.0,1.0,1.0,1.0,1.0,1.0,-3.0517578125e-05,-3.0517578125e-05,-3.0517578125e-05,-3.0517578125e-05,-3.0517578125e-05,-3.0517578125e-05,F,0,2026-08-22_23-06-48,2026-08-23
0.0,0.07312925170068027,0.058394160583941604,1.0,0.48322147651006714,0.0,1.0,1.0,1.0,1.0,1.0,-3.0517578125e-05,-3.0517578125e-05,-3.0517578125e-05,-3.0517578125e-05,-3.0517578125e-05,-3.0517578125e-05,F,0,2026-08-22_23-06-48,2026-08-23
0.0,0.0,0.0,1.0,0.8456375838926175,0.0,1.0,1.0,1.0,1.0,1.0,-3.0517578125e-05,-3.0517578125e-05,-3.0517578125e-05,-3.0517578125e-05,-3.0517578125e-05,-3.0517578125e-05,F,0,2026-08-22_23-06-48,2026-08-23
0.0,0.02891156462585034,0.6058394160583942,1.0,1.0,0.0,1.0,1.0,1.0,1.0,1.0,-3.0517578125e-05,-3.0517578125e-05,-3.0517578125e-05,-3.0517578125e-05,-3.0517578125e-05,-3.0517578125e-05,F,0,2026-08-22_23-06-48,2026-08-23
0.0,0.0,0.0,1.0,0.0,0.0,1.0,1.0,1.0,1.0,1.0,-3.0517578125e-05,-3.0517578125e-05,-3.0517578125e-05,-3.0517578125e-05,-3.0517578125e-05,-3.0517578125e-05,F,0,2026-08-22_23-06-48,2026-08-23
0.0,0.0,0.0,1.0,0.48322147651006714,0.0,1.0,1.0,1.0,1.0,1.0,-3.0517578125e-05,-3.0517578125e-05,-3.0517578125e-05,-3.0517578125e-05,-3.0517578125e-05,-3.0517578125e-05,F,0,2026-08-22_23-06-48,2026-08-23
0.0,0.0,0.0,1.0,0.33557046979865773,0.0,1.0,1.0,1.0,1.0,1.0,-3.0517578125e-05,-3.0517578125e-05,-3.0517578125e-05,-3.0517578125e-05,-3.0517578125e-05,-3.0517578125e-05,F,0,2026-08-22_23-06-48,2026-08-23
0.0,0.0,0.21532846715328466,1.0,0.12080536912751678,0.0,1.0,1.0,1.0,1.0,1.0,-3.0517578125e-05,-3.0517578125e-05,-3.0517578125e-05,-3.0517578125e-05,-3.0517578125e-05,-3.0517578125e-05,F,0,2026-08-22_23-06-48,2026-08-23
0.0,0.0,0.0,1.0,0.0,0.0,1.0,1.0,1.0,1.0,1.0,-3.0517578125e-05,-3.0517578125e-05,-3.0517578125e-05,-3.0517578125e-05,-3.0517578125e-05,-3.0517578125e-05,F,0,2026-08-22_23-06-48,2026-08-23
0.0,0.006802721088435374,0.0,1.0,1.0,0.0,1.0,1.0,1.0,1.0,1.0,-3.0517578125e-05,-3.0517578125e-05,-3.0517578125e-05,-3.0517578125e-05,-3.0517578125e-05,-3.0517578125e-05,F,0,2026-08-22_23-06-48,2026-08-23
0.0,0.0,0.46715328467153283,1.0,0.0,0.0,1.0,1.0,1.0,1.0,1.0,-3.0517578125e-05,-3.0517578125e-05,-3.0517578125e-05,-3.0517578125e-05,-3.0517578125e-05,-3.0517578125e-05,F,0,2026-08-22_23-06-48,2026-08-23
0.0,0.0,0.0,1.0,1.0,0.0,1.0,1.0,1.0,1.0,1.0,-3.0517578125e-05,-3.0517578125e-05,-3.0517578125e-05,-3.0517578125e-05,-3.0517578125e-05,-3.0517578125e-05,F,0,2026-08-22_23-06-48,2026-08-23
0.0,0.0,0.3978102189781022,1.0,0.0,0.0,1.0,1.0,1.0,1.0,1.0,-3.0517578125e-05,-3.0517578125e-05,-3.0517578125e-05,-3.0517578125e-05,-3.0517578125e-05,-3.0517578125e-05,F,0,2026-08-22_23-06-48,2026-08-23
0.0,0.11224489795918367,0.24452554744525548,1.0,0.0,0.0,1.0,1.0,1.0,1.0,1.0,-3.0517578125e-05,-3.0517578125e-05,-3.0517578125e-05,-3.0517578125e-05,-3.0517578125e-05,-3.0517578125e-05,F,0,2026-08-22_23-06-48,2026-08-23
0.0,0.0,0.0,1.0,0.0,0.0,1.0,1.0,1.0,1.0,1.0,-3.0517578125e-05,-3.0517578125e-05,-3.0517578125e-05,-3.0517578125e-05,-3.0517578125e-05,-3.0517578125e-05,F,0,2026-08-22_23-06-48,2026-08-23
0.0,0.0,0.0,1.0,1.0,0.0,1.0,1.0,1.0,1.0,1.0,-3.0517578125e-05,-3.0517578125e-05,-3.0517578125e-05,-3.0517578125e-05,-3.0517578125e-05,-3.0517578125e-05,F,0,2026-08-22_23-06-48,2026-08-23
0.0,0.0,0.0,1.0,0.0,0.0,1.0,1.0,1.0,1.0,1.0,-3.0517578125e-05,-3.0517578125e-05,-3.0517578125e-05,-3.0517578125e-05,-3.0517578125e-05,-3.0517578125e-05,F,0,2026-08-22_23-06-48,2026-08-23
0.0,0.0,0.0,1.0,1.0,0.0,1.0,1.0,1.0,1.0,1.0,-3.0517578125e-05,-3.0517578125e-05,-3.0517578125e-05,-3.0517578125e-05,-3.0517578125e-05,-3.0517578125e-05,F,0,2026-08-22_23-06-48,2026-08-23
0.0,0.0,0.0,1.0,0.9664429530201343,0.0,1.0,1.0,1.0,1.0,1.0,-3.0517578125e-05,-3.0517578125e-05,-3.0517578125e-05,-3.0517578125e-05,-3.0517578125e-05,-3.0517578125e-05,F,0,2026-08-22_23-06-48,2026-08-23
0.0,0.0,0.0,1.0,0.0,0.0,1.0,1.0,1.0,1.0,1.0,-3.0517578125e-05,-3.0517578125e-05,-3.0517578125e-05,-3.0517578125e-05,-3.0517578125e-05,-3.0517578125e-05,F,0,2026-08-22_23-06-48,2026-08-23
0.0036363636363636364,0.11734693877551021,0.44525547445255476,1.0,0.348993288590604,0.0,1.0,1.0,1.0,1.0,1.0,-3.0517578125e-05,-3.0517578125e-05,-3.0517578125e-05,-3.0517578125e-05,-3.0517578125e-05,-3.0517578125e-05,F,0,2026-08-22_23-06-48,2026-08-23
0.0,0.025510204081632654,0.39416058394160586,1.0,0.12080536912751678,0.0,1.0,1.0,1.0,1.0,1.0,-3.0517578125e-05,-3.0517578125e-05,-3.0517578125e-05,-3.0517578125e-05,-3.0517578125e-05,-3.0517578125e-05,F,0,2026-08-22_23-06-48,2026-08-23
0.0,0.0,0.35036496350364965,1.0,0.0,0.0,1.0,1.0,1.0,1.0,1.0,-3.0517578125e-05,-3.0517578125e-05,-3.0517578125e-05,-3.0517578125e-05,-3.0517578125e-05,-3.0517578125e-05,F,0,2026-08-22_23-06-48,2026-08-23
0.0,0.006802721088435374,0.0,1.0,1.0,0.0,1.0,1.0,1.0,1.0,1.0,-3.0517578125e-05,-3.0517578125e-05,-3.0517578125e-05,-3.0517578125e-05,-3.0517578125e-05,-3.0517578125e-05,F,0,2026-08-22_23-06-48,2026-08-23
0.0,0.08333333333333333,0.35036496350364965,1.0,0.174496644295302,0.0,1.0,1.0,1.0,1.0,1.0,-3.0517578125e-05,-3.0517578125e-05,-3.0517578125e-05,-3.0517578125e-05,-3.0517578125e-05,-3.0517578125e-05,F,0,2026-08-22_23-06-48,2026-08-23
0.0,0.07993197278911565,0.291970802919708,1.0,0.8053691275167785,0.0,1.0,1.0,1.0,1.0,1.0,-3.0517578125e-05,-3.0517578125e-05,-3.0517578125e-05,-3.0517578125e-05,-3.0517578125e-05,-3.0517578125e-05,F,0,2026-08-22_23-06-48,2026-08-23
0.0,0.05442176870748299,0.291970802919708,1.0,0.0,0.0,1.0,1.0,1.0,1.0,1.0,-3.0517578125e-05,-3.0517578125e-05,-3.0517578125e-05,-3.0517578125e-05,-3.0517578125e-05,-3.0517578125e-05,F,0,2026-08-22_23-06-48,2026-08-23
0.0,0.0,0.0,1.0,1.0,0.0,1.0,1.0,1.0,1.0,1.0,-3.0517578125e-05,-3.0517578125e-05,-3.0517578125e-05,-3.0517578125e-05,-3.0517578125e-05,-3.0517578125e-05,F,1,2026-08-22_23-06-48,2026-08-23
0.0,0.0,0.0,1.0,0.8053691275167785,0.0,1.0,1.0,1.0,1.0,1.0,-3.0517578125e-05,-3.0517578125e-05,-3.0517578125e-05,-3.0517578125e-05,-3.0517578125e-05,-3.0517578125e-05,F,1,2026-08-22_23-06-48,2026-08-23
0.0,0.0,0.0,1.0,0.013422818791946308,0.0,1.0,1.0,1.0,1.0,1.0,-3.0517578125e-05,-3.0517578125e-05,-3.0517578125e-05,-3.0517578125e-05,-3.0517578125e-05,-3.0517578125e-05,F,1,2026-08-22_23-06-48,2026-08-23
0.0,0.0,0.0,1.0,1.0,0.0,1.0,1.0,1.0,1.0,1.0,-3.0517578125e-05,-3.0517578125e-05,-3.0517578125e-05,-3.0517578125e-05,-3.0517578125e-05,-3.0517578125e-05,F,1,2026-08-22_23-06-48,2026-08-23
0.0,0.0,0.0,1.0,1.0,0.0,1.0,1.0,1.0,1.0,1.0,-3.0517578125e-05,-3.0517578125e-05,-3.0517578125e-05,-3.0517578125e-05,-3.0517578125e-05,-3.0517578125e-05,F,1,2026-08-22_23-06-48,2026-08-23
0.0,0.0,0.0,1.0,0.1476510067114094,0.0,1.0,1.0,1.0,1.0,1.0,-3.0517578125e-05,-3.0517578125e-05,-3.0517578125e-05,-3.0517578125e-05,-3.0517578125e-05,-3.0517578125e-05,F,1,2026-08-22_23-06-48,2026-08-23
0.0,0.0,0.0,1.0,1.0,0.0,1.0,1.0,1.0,1.0,1.0,-3.0517578125e-05,-3.0517578125e-05,-3.0517578125e-05,-3.0517578125e-05,-3.0517578125e-05,-3.0517578125e-05,F,1,2026-08-22_23-06-48,2026-08-23
0.0,0.0,0.0,1.0,0.1476510067114094,0.0,1.0,1.0,1.0,1.0,1.0,-3.0517578125e-05,-3.0517578125e-05,-3.0517578125e-05,-3.0517578125e-05,-3.0517578125e-05,-3.0517578125e-05,F,1,2026-08-22_23-06-48,2026-08-23
0.0,0.0,0.0,1.0,1.0,0.0,1.0,1.0,1.0,1.0,1.0,-3.0517578125e-05,-3.0517578125e-05,-3.0517578125e-05,-3.0517578125e-05,-3.0517578125e-05,-3.0517578125e-05,F,1,2026-08-22_23-06-48,2026-08-23
0.0,0.01870748299319728,0.0,1.0,0.8053691275167785,0.0,1.0,1.0,1.0,1.0,1.0,-3.0517578125e-05,-3.0517578125e-05,-3.0517578125e-05,-3.0517578125e-05,-3.0517578125e-05,-3.0517578125e-05,F,1,2026-08-22_23-06-48,2026-08-23
0.0,0.0,0.0,1.0,0.1476510067114094,0.0,1.0,1.0,1.0,1.0,1.0,-3.0517578125e-05,-3.0517578125e-05,-3.0517578125e-05,-3.0517578125e-05,-3.0517578125e-05,-3.0517578125e-05,F,1,2026-08-22_23-06-48,2026-08-23
0.0,0.0,0.0,1.0,0.28187919463087246,0.0,1.0,1.0,1.0,1.0,1.0,-3.0517578125e-05,-3.0517578125e-05,-3.0517578125e-05,-3.0517578125e-05,-3.0517578125e-05,-3.0517578125e-05,F,1,2026-08-22_23-06-48,2026-08-23
0.0,0.0,0.0,1.0,0.8053691275167785,0.0,1.0,1.0,1.0,1.0,1.0,-3.0517578125e-05,-3.0517578125e-05,-3.0517578125e-05,-3.0517578125e-05,-3.0517578125e-05,-3.0517578125e-05,F,1,2026-08-22_23-06-48,2026-08-23
0.0,0.0,0.0,1.0,0.8053691275167785,0.0,1.0,1.0,1.0,1.0,1.0,-3.0517578125e-05,-3.0517578125e-05,-3.0517578125e-05,-3.0517578125e-05,-3.0517578125e-05,-3.0517578125e-05,F,1,2026-08-22_23-06-48,2026-08-23
0.0,0.0,0.0,1.0,0.3624161073825503,0.0,1.0,1.0,1.0,1.0,1.0,-3.0517578125e-05,-3.0517578125e-05,-3.0517578125e-05,-3.0517578125e-05,-3.0517578125e-05,-3.0517578125e-05,F,1,2026-08-22_23-06-48,2026-08-23
0.0,0.0,0.0,1.0,1.0,0.0,1.0,1.0,1.0,1.0,1.0,-3.0517578125e-05,-3.0517578125e-05,-3.0517578125e-05,-3.0517578125e-05,-3.0517578125e-05,-3.0517578125e-05,F,1,2026-08-22_23-06-48,2026-08-23
0.0,0.0,0.0,1.0,0.912751677852349,0.0,1.0,1.0,1.0,1.0,1.0,-3.0517578125e-05,-3.0517578125e-05,-3.0517578125e-05,-3.0517578125e-05,-3.0517578125e-05,-3.0517578125e-05,F,1,2026-08-22_23-06-48,2026-08-23
0.0,0.0,0.0,1.0,0.8053691275167785,0.0,1.0,1.0,1.0,1.0,1.0,-3.0517578125e-05,-3.0517578125e-05,-3.0517578125e-05,-3.0517578125e-05,-3.0517578125e-05,-3.0517578125e-05,F,1,2026-08-22_23-06-48,2026-08-23
0.0,0.0,0.0,1.0,0.8859060402684564,0.0,1.0,1.0,1.0,1.0,1.0,-3.0517578125e-05,-3.0517578125e-05,-3.0517578125e-05,-3.0517578125e-05,-3.0517578125e-05,-3.0517578125e-05,F,1,2026-08-22_23-06-48,2026-08-23
0.0,0.0,0.0,1.0,0.8993288590604027,0.0,1.0,1.0,1.0,1.0,1.0,-3.0517578125e-05,-3.0517578125e-05,-3.0517578125e-05,-3.0517578125e-05,-3.0517578125e-05,-3.0517578125e-05,F,1,2026-08-22_23-06-48,2026-08-23
0.0,0.0,0.0,1.0,0.48322147651006714,0.0,1.0,1.0,1.0,1.0,1.0,-3.0517578125e-05,-3.0517578125e-05,-3.0517578125e-05,-3.0517578125e-05,-3.0517578125e-05,-3.0517578125e-05,F,1,2026-08-22_23-06-48,2026-08-23
0.0,0.03571428571428571,0.0,1.0,0.40268456375838924,0.0,1.0,1.0,1.0,1.0,1.0,-3.0517578125e-05,-3.0517578125e-05,-3.0517578125e-05,-3.0517578125e-05,-3.0517578125e-05,-3.0517578125e-05,F,1,2026-08-22_23-06-48,2026-08-23
0.0,0.0,0.0,1.0,0.8053691275167785,0.0,1.0,1.0,1.0,1.0,1.0,-3.0517578125e-05,-3.0517578125e-05,-3.0517578125e-05,-3.0517578125e-05,-3.0517578125e-05,-3.0517578125e-05,F,1,2026-08-22_23-06-48,2026-08-23
0.0,0.0,0.0,1.0,0.5100671140939598,0.0,1.0,1.0,1.0,1.0,1.0,-3.0517578125e-05,-3.0517578125e-05,-3.0517578125e-05,-3.0517578125e-05,-3.0517578125e-05,-3.0517578125e-05,F,1,2026-08-22_23-06-48,2026-08-23
0.0,0.0,0.0,1.0,0.8187919463087249,0.0,1.0,1.0,1.0,1.0,1.0,-3.0517578125e-05,-3.0517578125e-05,-3.0517578125e-05,-3.0517578125e-05,-3.0517578125e-05,-3.0517578125e-05,F,1,2026-08-22_23-06-48,2026-08-23
0.0,0.0,0.0,1.0,0.21476510067114093,0.0,1.0,1.0,1.0,1.0,1.0,-3.0517578125e-05,-3.0517578125e-05,-3.0517578125e-05,-3.0517578125e-05,-3.0517578125e-05,-3.0517578125e-05,F,1,2026-08-22_23-06-48,2026-08-23
0.0,0.0,0.0,1.0,1.0,0.0,1.0,1.0,1.0,1.0,1.0,-3.0517578125e-05,-3.0517578125e-05,-3.0517578125e-05,-3.0517578125e-05,-3.0517578125e-05,-3.0517578125e-05,F,1,2026-08-22_23-06-48,2026-08-23
0.0,0.0,0.0,1.0,0.2550335570469799,0.0,1.0,1.0,1.0,1.0,1.0,-3.0517578125e-05,-3.0517578125e-05,-3.0517578125e-05,-3.0517578125e-05,-3.0517578125e-05,-3.0517578125e-05,F,1,2026-08-22_23-06-48,2026-08-23
0.0,0.0,0.0,1.0,0.0,0.0,1.0,1.0,1.0,1.0,1.0,-3.0517578125e-05,-3.0517578125e-05,-3.0517578125e-05,-3.0517578125e-05,-3.0517578125e-05,-3.0517578125e-05,F,1,2026-08-22_23-06-48,2026-08-23
0.0,0.0,0.0,1.0,0.8053691275167785,0.0,1.0,1.0,1.0,1.0,1.0,-3.0517578125e-05,-3.0517578125e-05,-3.0517578125e-05,-3.0517578125e-05,-3.0517578125e-05,-3.0517578125e-05,F,1,2026-08-22_23-06-48,2026-08-23
0.0,0.0,0.0,1.0,0.8053691275167785,0.0,1.0,1.0,1.0,1.0,1.0,-3.0517578125e-05,-3.0517578125e-05,-3.0517578125e-05,-3.0517578125e-05,-3.0517578125e-05,-3.0517578125e-05,F,1,2026-08-22_23-06-48,2026-08-23
0.0,0.0,0.0,1.0,0.1476510067114094,0.0,1.0,1.0,1.0,1.0,1.0,-3.0517578125e-05,-3.0517578125e-05,-3.0517578125e-05,-3.0517578125e-05,-3.0517578125e-05,-3.0517578125e-05,F,1,2026-08-22_23-06-48,2026-08-23
0.0,0.0,0.0,1.0,0.8053691275167785,0.0,1.0,1.0,1.0,1.0,1.0,-3.0517578125e-05,-3.0517578125e-05,-3.0517578125e-05,-3.0517578125e-05,-3.0517578125e-05,-3.0517578125e-05,F,1,2026-08-22_23-06-48,2026-08-23
0.0,0.0,0.0,1.0,0.40268456375838924,0.0,1.0,1.0,1.0,1.0,1.0,-3.0517578125e-05,-3.0517578125e-05,-3.0517578125e-05,-3.0517578125e-05,-3.0517578125e-05,-3.0517578125e-05,F,1,2026-08-22_23-06-48,2026-08-23
0.0,0.0,0.0,1.0,1.0,0.0,1.0,1.0,1.0,1.0,1.0,-3.0517578125e-05,-3.0517578125e-05,-3.0517578125e-05,-3.0517578125e-05,-3.0517578125e-05,-3.0517578125e-05,F,1,2026-08-22_23-06-48,2026-08-23
0.0,0.0,0.0,1.0,0.48322147651006714,0.0,1.0,1.0,1.0,1.0,1.0,-3.0517578125e-05,-3.0517578125e-05,-3.0517578125e-05,-3.0517578125e-05,-3.0517578125e-05,-3.0517578125e-05,F,1,2026-08-22_23-06-48,2026-08-23
0.0,0.0,0.0,1.0,0.21476510067114093,0.0,1.0,1.0,1.0,1.0,1.0,-3.0517578125e-05,-3.0517578125e-05,-3.0517578125e-05,-3.0517578125e-05,-3.0517578125e-05,-3.0517578125e-05,F,1,2026-08-22_23-06-48,2026-08-23
0.0,0.0,0.0,1.0,0.8053691275167785,0.0,1.0,1.0,1.0,1.0,1.0,-3.0517578125e-05,-3.0517578125e-05,-3.0517578125e-05,-3.0517578125e-05,-3.0517578125e-05,-3.0517578125e-05,F,1,2026-08-22_23-06-48,2026-08-23
0.0,0.0,0.0,1.0,0.8053691275167785,0.0,1.0,1.0,1.0,1.0,1.0,-3.0517578125e-05,-3.0517578125e-05,-3.0517578125e-05,-3.0517578125e-05,-3.0517578125e-05,-3.0517578125e-05,F,1,2026-08-22_23-06-48,2026-08-23
0.0,0.0,0.0,1.0,0.8456375838926175,0.0,1.0,1.0,1.0,1.0,1.0,-3.0517578125e-05,-3.0517578125e-05,-3.0517578125e-05,-3.0517578125e-05,-3.0517578125e-05,-3.0517578125e-05,F,1,2026-08-22_23-06-48,2026-08-23
0.0,0.0,0.0,1.0,0.9932885906040269,0.0,1.0,1.0,1.0,1.0,1.0,-3.0517578125e-05,-3.0517578125e-05,-3.0517578125e-05,-3.0517578125e-05,-3.0517578125e-05,-3.0517578125e-05,F,2,2026-08-22_23-06-48,2026-08-23
0.0,0.0,0.0,1.0,0.48322147651006714,0.0,1.0,1.0,1.0,1.0,1.0,-3.0517578125e-05,-3.0517578125e-05,-3.0517578125e-05,-3.0517578125e-05,-3.0517578125e-05,-3.0517578125e-05,F,2,2026-08-22_23-06-48,2026-08-23
0.0,0.0,0.0,1.0,0.9395973154362416,0.0,1.0,1.0,1.0,1.0,1.0,-3.0517578125e-05,-3.0517578125e-05,-3.0517578125e-05,-3.0517578125e-05,-3.0517578125e-05,-3.0517578125e-05,F,2,2026-08-22_23-06-48,2026-08-23
0.0,0.0,0.0,1.0,1.0,0.0,1.0,1.0,1.0,1.0,1.0,-3.0517578125e-05,-3.0517578125e-05,-3.0517578125e-05,-3.0517578125e-05,-3.0517578125e-05,-3.0517578125e-05,F,2,2026-08-22_23-06-48,2026-08-23
0.0,0.0,0.0,1.0,0.8053691275167785,0.0,1.0,1.0,1.0,1.0,1.0,-3.0517578125e-05,-3.0517578125e-05,-3.0517578125e-05,-3.0517578125e-05,-3.0517578125e-05,-3.0517578125e-05,F,2,2026-08-22_23-06-48,2026-08-23
0.0,0.0,0.0,1.0,0.9395973154362416,0.0,1.0,1.0,1.0,1.0,1.0,-3.0517578125e-05,-3.0517578125e-05,-3.0517578125e-05,-3.0517578125e-05,-3.0517578125e-05,-3.0517578125e-05,F,2,2026-08-22_23-06-48,2026-08-23
0.0,0.0,0.0,1.0,0.9395973154362416,0.0,1.0,1.0,1.0,1.0,1.0,-3.0517578125e-05,-3.0517578125e-05,-3.0517578125e-05,-3.0517578125e-05,-3.0517578125e-05,-3.0517578125e-05,F,2,2026-08-22_23-06-48,2026-08-23
0.0,0.0,0.0,1.0,0.9664429530201343,0.0,1.0,1.0,1.0,1.0,1.0,-3.0517578125e-05,-3.0517578125e-05,-3.0517578125e-05,-3.0517578125e-05,-3.0517578125e-05,-3.0517578125e-05,F,2,2026-08-22_23-06-48,2026-08-23
0.0,0.0,0.0,1.0,1.0,0.0,1.0,1.0,1.0,1.0,1.0,-3.0517578125e-05,-3.0517578125e-05,-3.0517578125e-05,-3.0517578125e-05,-3.0517578125e-05,-3.0517578125e-05,F,2,2026-08-22_23-06-48,2026-08-23
0.0,0.0,0.0,1.0,1.0,0.0,1.0,1.0,1.0,1.0,1.0,-3.0517578125e-05,-3.0517578125e-05,-3.0517578125e-05,-3.0517578125e-05,-3.0517578125e-05,-3.0517578125e-05,F,2,2026-08-22_23-06-48,2026-08-23
0.0,0.0,0.0,1.0,1.0,0.0,1.0,1.0,1.0,1.0,1.0,-3.0517578125e-05,-3.0517578125e-05,-3.0517578125e-05,-3.0517578125e-05,-3.0517578125e-05,-3.0517578125e-05,F,2,2026-08-22_23-06-48,2026-08-23
0.0,0.0,0.0,1.0,1.0,0.0,1.0,1.0,1.0,1.0,1.0,-3.0517578125e-05,-3.0517578125e-05,-3.0517578125e-05,-3.0517578125e-05,-3.0517578125e-05,-3.0517578125e-05,F,2,2026-08-22_23-06-48,2026-08-23
0.0,0.0,0.0,1.0,0.9261744966442953,0.0,1.0,1.0,1.0,1.0,1.0,-3.0517578125e-05,-3.0517578125e-05,-3.0517578125e-05,-3.0517578125e-05,-3.0517578125e-05,-3.0517578125e-05,F,2,2026-08-22_23-06-48,2026-08-23
0.0,0.0,0.0,1.0,1.0,0.0,1.0,1.0,1.0,1.0,1.0,-3.0517578125e-05,-3.0517578125e-05,-3.0517578125e-05,-3.0517578125e-05,-3.0517578125e-05,-3.0517578125e-05,F,2,2026-08-22_23-06-48,2026-08-23
0.0,0.0,0.0,1.0,0.8053691275167785,0.0,1.0,1.0,1.0,1.0,1.0,-3.0517578125e-05,-3.0517578125e-05,-3.0517578125e-05,-3.0517578125e-05,-3.0517578125e-05,-3.0517578125e-05,F,2,2026-08-22_23-06-48,2026-08-23
0.0,0.0,0.0,1.0,1.0,0.0,1.0,1.0,1.0,1.0,1.0,-3.0517578125e-05,-3.0517578125e-05,-3.0517578125e-05,-3.0517578125e-05,-3.0517578125e-05,-3.0517578125e-05,F,2,2026-08-22_23-06-48,2026-08-23
0.0,0.0,0.0,1.0,1.0,0.0,1.0,1.0,1.0,1.0,1.0,-3.0517578125e-05,-3.0517578125e-05,-3.0517578125e-05,-3.0517578125e-05,-3.0517578125e-05,-3.0517578125e-05,F,2,2026-08-22_23-06-48,2026-08-23
0.0,0.0,0.0,1.0,0.9798657718120806,0.0,1.0,1.0,1.0,1.0,1.0,-3.0517578125e-05,-3.0517578125e-05,-3.0517578125e-05,-3.0517578125e-05,-3.0517578125e-05,-3.0517578125e-05,F,2,2026-08-22_23-06-48,2026-08-23
0.0,0.0,0.0,1.0,1.0,0.0,1.0,1.0,1.0,1.0,1.0,-3.0517578125e-05,-3.0517578125e-05,-3.0517578125e-05,-3.0517578125e-05,-3.0517578125e-05,-3.0517578125e-05,F,2,2026-08-22_23-06-48,2026-08-23
0.0,0.0,0.0,1.0,0.8053691275167785,0.0,1.0,1.0,1.0,1.0,1.0,-3.0517578125e-05,-3.0517578125e-05,-3.0517578125e-05,-3.0517578125e-05,-3.0517578125e-05,-3.0517578125e-05,F,2,2026-08-22_23-06-48,2026-08-23
0.0,0.0,0.0,1.0,1.0,0.0,1.0,1.0,1.0,1.0,1.0,-3.0517578125e-05,-3.0517578125e-05,-3.0517578125e-05,-3.0517578125e-05,-3.0517578125e-05,-3.0517578125e-05,F,2,2026-08-22_23-06-48,2026-08-23
0.0,0.0,0.0,1.0,0.9664429530201343,0.0,1.0,1.0,1.0,1.0,1.0,-3.0517578125e-05,-3.0517578125e-05,-3.0517578125e-05,-3.0517578125e-05,-3.0517578125e-05,-3.0517578125e-05,F,2,2026-08-22_23-06-48,2026-08-23
0.0,0.0,0.0,1.0,1.0,0.0,1.0,1.0,1.0,1.0,1.0,-3.0517578125e-05,-3.0517578125e-05,-3.0517578125e-05,-3.0517578125e-05,-3.0517578125e-05,-3.0517578125e-05,F,2,2026-08-22_23-06-48,2026-08-23
0.0,0.0,0.0,1.0,0.8053691275167785,0.0,1.0,1.0,1.0,1.0,1.0,-3.0517578125e-05,-3.0517578125e-05,-3.0517578125e-05,-3.0517578125e-05,-3.0517578125e-05,-3.0517578125e-05,F,2,2026-08-22_23-06-48,2026-08-23
0.0,0.0,0.0,1.0,1.0,0.0,1.0,1.0,1.0,1.0,1.0,-3.0517578125e-05,-3.0517578125e-05,-3.0517578125e-05,-3.0517578125e-05,-3.0517578125e-05,-3.0517578125e-05,F,2,2026-08-22_23-06-48,2026-08-23
0.0,0.0,0.0,1.0,1.0,0.0,1.0,1.0,1.0,1.0,1.0,-3.0517578125e-05,-3.0517578125e-05,-3.0517578125e-05,-3.0517578125e-05,-3.0517578125e-05,-3.0517578125e-05,F,2,2026-08-22_23-06-48,2026-08-23
0.0,0.0,0.0,1.0,0.8053691275167785,0.0,1.0,1.0,1.0,1.0,1.0,-3.0517578125e-05,-3.0517578125e-05,-3.0517578125e-05,-3.0517578125e-05,-3.0517578125e-05,-3.0517578125e-05,F,2,2026-08-22_23-06-48,2026-08-23
0.0,0.0,0.0,1.0,0.8322147651006712,0.0,1.0,1.0,1.0,1.0,1.0,-3.0517578125e-05,-3.0517578125e-05,-3.0517578125e-05,-3.0517578125e-05,-3.0517578125e-05,-3.0517578125e-05,F,2,2026-08-22_23-06-48,2026-08-23
0.0,0.0,0.0,1.0,0.9664429530201343,0.0,1.0,1.0,1.0,1.0,1.0,-3.0517578125e-05,-3.0517578125e-05,-3.0517578125e-05,-3.0517578125e-05,-3.0517578125e-05,-3.0517578125e-05,F,2,2026-08-22_23-06-48,2026-08-23
0.0,0.0,0.0,1.0,0.8187919463087249,0.0,1.0,1.0,1.0,1.0,1.0,-3.0517578125e-05,-3.0517578125e-05,-3.0517578125e-05,-3.0517578125e-05,-3.0517578125e-05,-3.0517578125e-05,F,2,2026-08-22_23-06-48,2026-08-23
0.0,0.0,0.0,1.0,0.8859060402684564,0.0,1.0,1.0,1.0,1.0,1.0,-3.0517578125e-05,-3.0517578125e-05,-3.0517578125e-05,-3.0517578125e-05,-3.0517578125e-05,-3.0517578125e-05,F,2,2026-08-22_23-06-48,2026-08-23
0.0,0.0,0.0,1.0,0.8053691275167785,0.0,1.0,1.0,1.0,1.0,1.0,-3.0517578125e-05,-3.0517578125e-05,-3.0517578125e-05,-3.0517578125e-05,-3.0517578125e-05,-3.0517578125e-05,F,2,2026-08-22_23-06-48,2026-08-23
0.0,0.0,0.0,1.0,1.0,0.0,1.0,1.0,1.0,1.0,1.0,-3.0517578125e-05,-3.0517578125e-05,-3.0517578125e-05,-3.0517578125e-05,-3.0517578125e-05,-3.0517578125e-05,F,2,2026-08-22_23-06-48,2026-08-23
0.0,0.0,0.0,1.0,0.8053691275167785,0.0,1.0,1.0,1.0,1.0,1.0,-3.0517578125e-05,-3.0517578125e-05,-3.0517578125e-05,-3.0517578125e-05,-3.0517578125e-05,-3.0517578125e-05,F,2,2026-08-22_23-06-48,2026-08-23
0.0,0.0,0.0,1.0,1.0,0.0,1.0,1.0,1.0,1.0,1.0,-3.0517578125e-05,-3.0517578125e-05,-3.0517578125e-05,-3.0517578125e-05,-3.0517578125e-05,-3.0517578125e-05,F,2,2026-08-22_23-06-48,2026-08-23
0.0,0.0,0.0,1.0,1.0,0.0,1.0,1.0,1.0,1.0,1.0,-3.0517578125e-05,-3.0517578125e-05,-3.0517578125e-05,-3.0517578125e-05,-3.0517578125e-05,-3.0517578125e-05,F,2,2026-08-22_23-06-48,2026-08-23
0.0,0.0,0.0,1.0,0.4966442953020134,0.0,1.0,1.0,1.0,1.0,1.0,-3.0517578125e-05,-3.0517578125e-05,-3.0517578125e-05,-3.0517578125e-05,-3.0517578125e-05,-3.0517578125e-05,F,2,2026-08-22_23-06-48,2026-08-23
0.0,0.0,0.0,1.0,1.0,0.0,1.0,1.0,1.0,1.0,1.0,-3.0517578125e-05,-3.0517578125e-05,-3.0517578125e-05,-3.0517578125e-05,-3.0517578125e-05,-3.0517578125e-05,F,2,2026-08-22_23-06-48,2026-08-23
0.0,0.0,0.0,1.0,1.0,0.0,1.0,1.0,1.0,1.0,1.0,-3.0517578125e-05,-3.0517578125e-05,-3.0517578125e-05,-3.0517578125e-05,-3.0517578125e-05,-3.0517578125e-05,F,2,2026-08-22_23-06-48,2026-08-23
0.0,0.0,0.0,1.0,1.0,0.0,1.0,1.0,1.0,1.0,1.0,-3.0517578125e-05,-3.0517578125e-05,-3.0517578125e-05,-3.0517578125e-05,-3.0517578125e-05,-3.0517578125e-05,F,2,2026-08-22_23-06-48,2026-08-23
0.0,0.0,0.0,1.0,0.24161073825503357,0.0,1.0,1.0,1.0,1.0,1.0,-3.0517578125e-05,-3.0517578125e-05,-3.0517578125e-05,-3.0517578125e-05,-3.0517578125e-05,-3.0517578125e-05,F,3,2026-08-22_23-06-48,2026-08-23
0.0,0.0,0.0,1.0,0.3087248322147651,0.0,1.0,1.0,1.0,1.0,1.0,-3.0517578125e-05,-3.0517578125e-05,-3.0517578125e-05,-3.0517578125e-05,-3.0517578125e-05,-3.0517578125e-05,F,3,2026-08-22_23-06-48,2026-08-23
0.0,0.0,0.0,1.0,1.0,0.0,1.0,1.0,1.0,1.0,1.0,-3.0517578125e-05,-3.0517578125e-05,-3.0517578125e-05,-3.0517578125e-05,-3.0517578125e-05,-3.0517578125e-05,F,3,2026-08-22_23-06-48,2026-08-23
0.0,0.0,0.0,1.0,0.2953020134228188,0.0,1.0,1.0,1.0,1.0,1.0,-3.0517578125e-05,-3.0517578125e-05,-3.0517578125e-05,-3.0517578125e-05,-3.0517578125e-05,-3.0517578125e-05,F,3,2026-08-22_23-06-48,2026-08-23
0.0,0.0,0.0,1.0,0.8053691275167785,0.0,1.0,1.0,1.0,1.0,1.0,-3.0517578125e-05,-3.0517578125e-05,-3.0517578125e-05,-3.0517578125e-05,-3.0517578125e-05,-3.0517578125e-05,F,3,2026-08-22_23-06-48,2026-08-23
0.0,0.0,0.0,1.0,1.0,0.0,1.0,1.0,1.0,1.0,1.0,-3.0517578125e-05,-3.0517578125e-05,-3.0517578125e-05,-3.0517578125e-05,-3.0517578125e-05,-3.0517578125e-05,F,3,2026-08-22_23-06-48,2026-08-23
0.0,0.0,0.0,1.0,1.0,0.0,1.0,1.0,1.0,1.0,1.0,-3.0517578125e-05,-3.0517578125e-05,-3.0517578125e-05,-3.0517578125e-05,-3.0517578125e-05,-3.0517578125e-05,F,3,2026-08-22_23-06-48,2026-08-23
0.0,0.0,0.0,1.0,0.8053691275167785,0.0,1.0,1.0,1.0,1.0,1.0,-3.0517578125e-05,-3.0517578125e-05,-3.0517578125e-05,-3.0517578125e-05,-3.0517578125e-05,-3.0517578125e-05,F,3,2026-08-22_23-06-48,2026-08-23
0.0,0.0,0.0,1.0,1.0,0.0,1.0,1.0,1.0,1.0,1.0,-3.0517578125e-05,-3.0517578125e-05,-3.0517578125e-05,-3.0517578125e-05,-3.0517578125e-05,-3.0517578125e-05,F,3,2026-08-22_23-06-48,2026-08-23
0.0,0.0,0.0,1.0,0.9932885906040269,0.0,1.0,1.0,1.0,1.0,1.0,-3.0517578125e-05,-3.0517578125e-05,-3.0517578125e-05,-3.0517578125e-05,-3.0517578125e-05,-3.0517578125e-05,F,3,2026-08-22_23-06-48,2026-08-23
0.0,0.0,0.0,1.0,0.8053691275167785,0.0,1.0,1.0,1.0,1.0,1.0,-3.0517578125e-05,-3.0517578125e-05,-3.0517578125e-05,-3.0517578125e-05,-3.0517578125e-05,-3.0517578125e-05,F,3,2026-08-22_23-06-48,2026-08-23
0.0,0.0,0.0,1.0,1.0,0.0,1.0,1.0,1.0,1.0,1.0,-3.0517578125e-05,-3.0517578125e-05,-3.0517578125e-05,-3.0517578125e-05,-3.0517578125e-05,-3.0517578125e-05,F,3,2026-08-22_23-06-48,2026-08-23
0.0,0.0,0.0,1.0,0.8053691275167785,0.0,1.0,1.0,1.0,1.0,1.0,-3.0517578125e-05,-3.0517578125e-05,-3.0517578125e-05,-3.0517578125e-05,-3.0517578125e-05,-3.0517578125e-05,F,3,2026-08-22_23-06-48,2026-08-23
0.0,0.0,0.0,1.0,1.0,0.0,1.0,1.0,1.0,1.0,1.0,-3.0517578125e-05,-3.0517578125e-05,-3.0517578125e-05,-3.0517578125e-05,-3.0517578125e-05,-3.0517578125e-05,F,3,2026-08-22_23-06-48,2026-08-23
0.0,0.0,0.0,1.0,0.87248322147651,0.0,1.0,1.0,1.0,1.0,1.0,-3.0517578125e-05,-3.0517578125e-05,-3.0517578125e-05,-3.0517578125e-05,-3.0517578125e-05,-3.0517578125e-05,F,3,2026-08-22_23-06-48,2026-08-23
0.0,0.0,0.0,1.0,0.10738255033557047,0.0,1.0,1.0,1.0,1.0,1.0,-3.0517578125e-05,-3.0517578125e-05,-3.0517578125e-05,-3.0517578125e-05,-3.0517578125e-05,-3.0517578125e-05,F,3,2026-08-22_23-06-48,2026-08-23
0.0,0.0,0.0,1.0,0.2953020134228188,0.0,1.0,1.0,1.0,1.0,1.0,-3.0517578125e-05,-3.0517578125e-05,-3.0517578125e-05,-3.0517578125e-05,-3.0517578125e-05,-3.0517578125e-05,F,3,2026-08-22_23-06-48,2026-08-23
0.0,0.0,0.0,1.0,0.8322147651006712,0.0,1.0,1.0,1.0,1.0,1.0,-3.0517578125e-05,-3.0517578125e-05,-3.0517578125e-05,-3.0517578125e-05,-3.0517578125e-05,-3.0517578125e-05,F,3,2026-08-22_23-06-48,2026-08-23
0.0,0.0,0.0,1.0,1.0,0.0,1.0,1.0,1.0,1.0,1.0,-3.0517578125e-05,-3.0517578125e-05,-3.0517578125e-05,-3.0517578125e-05,-3.0517578125e-05,-3.0517578125e-05,F,3,2026-08-22_23-06-48,2026-08-23
0.0,0.0,0.0,1.0,1.0,0.0,1.0,1.0,1.0,1.0,1.0,-3.0517578125e-05,-3.0517578125e-05,-3.0517578125e-05,-3.0517578125e-05,-3.0517578125e-05,-3.0517578125e-05,F,3,2026-08-22_23-06-48,2026-08-23
0.0,0.0,0.0,1.0,1.0,0.0,1.0,1.0,1.0,1.0,1.0,-3.0517578125e-05,-3.0517578125e-05,-3.0517578125e-05,-3.0517578125e-05,-3.0517578125e-05,-3.0517578125e-05,F,3,2026-08-22_23-06-48,2026-08-23
0.0,0.0,0.0,1.0,0.0,0.0,1.0,1.0,1.0,1.0,1.0,-3.0517578125e-05,-3.0517578125e-05,-3.0517578125e-05,-3.0517578125e-05,-3.0517578125e-05,-3.0517578125e-05,F,3,2026-08-22_23-06-48,2026-08-23
0.0,0.0,0.0,1.0,1.0,0.0,1.0,1.0,1.0,1.0,1.0,-3.0517578125e-05,-3.0517578125e-05,-3.0517578125e-05,-3.0517578125e-05,-3.0517578125e-05,-3.0517578125e-05,F,3,2026-08-22_23-06-48,2026-08-23
0.0,0.0,0.0,1.0,0.0,0.0,1.0,1.0,1.0,1.0,1.0,-3.0517578125e-05,-3.0517578125e-05,-3.0517578125e-05,-3.0517578125e-05,-3.0517578125e-05,-3.0517578125e-05,F,3,2026-08-22_23-06-48,2026-08-23
0.0,0.0,0.0,1.0,0.8053691275167785,0.0,1.0,1.0,1.0,1.0,1.0,-3.0517578125e-05,-3.0517578125e-05,-3.0517578125e-05,-3.0517578125e-05,-3.0517578125e-05,-3.0517578125e-05,F,3,2026-08-22_23-06-48,2026-08-23
0.0,0.0,0.0,1.0,0.8187919463087249,0.0,1.0,1.0,1.0,1.0,1.0,-3.0517578125e-05,-3.0517578125e-05,-3.0517578125e-05,-3.0517578125e-05,-3.0517578125e-05,-3.0517578125e-05,F,3,2026-08-22_23-06-48,2026-08-23
0.0,0.0,0.0,1.0,1.0,0.0,1.0,1.0,1.0,1.0,1.0,-3.0517578125e-05,-3.0517578125e-05,-3.0517578125e-05,-3.0517578125e-05,-3.0517578125e-05,-3.0517578125e-05,F,3,2026-08-22_23-06-48,2026-08-23
0.0,0.0,0.0,1.0,0.9798657718120806,0.0,1.0,1.0,1.0,1.0,1.0,-3.0517578125e-05,-3.0517578125e-05,-3.0517578125e-05,-3.0517578125e-05,-3.0517578125e-05,-3.0517578125e-05,F,3,2026-08-22_23-06-48,2026-08-23
0.0,0.0,0.0,1.0,0.026845637583892617,0.0,1.0,1.0,1.0,1.0,1.0,-3.0517578125e-05,-3.0517578125e-05,-3.0517578125e-05,-3.0517578125e-05,-3.0517578125e-05,-3.0517578125e-05,F,3,2026-08-22_23-06-48,2026-08-23
0.0,0.0,0.0,1.0,0.8053691275167785,0.0,1.0,1.0,1.0,1.0,1.0,-3.0517578125e-05,-3.0517578125e-05,-3.0517578125e-05,-3.0517578125e-05,-3.0517578125e-05,-3.0517578125e-05,F,3,2026-08-22_23-06-48,2026-08-23
0.0,0.0,0.0,1.0,0.20134228187919462,0.0,1.0,1.0,1.0,1.0,1.0,-3.0517578125e-05,-3.0517578125e-05,-3.0517578125e-05,-3.0517578125e-05,-3.0517578125e-05,-3.0517578125e-05,F,3,2026-08-22_23-06-48,2026-08-23
0.0,0.0,0.0,1.0,0.1476510067114094,0.0,1.0,1.0,1.0,1.0,1.0,-3.0517578125e-05,-3.0517578125e-05,-3.0517578125e-05,-3.0517578125e-05,-3.0517578125e-05,-3.0517578125e-05,F,3,2026-08-22_23-06-48,2026-08-23
0.0,0.0,0.0,1.0,0.4563758389261745,0.0,1.0,1.0,1.0,1.0,1.0,-3.0517578125e-05,-3.0517578125e-05,-3.0517578125e-05,-3.0517578125e-05,-3.0517578125e-05,-3.0517578125e-05,F,3,2026-08-22_23-06-48,2026-08-23
0.0,0.0,0.0,1.0,1.0,0.0,1.0,1.0,1.0,1.0,1.0,-3.0517578125e-05,-3.0517578125e-05,-3.0517578125e-05,-3.0517578125e-05,-3.0517578125e-05,-3.0517578125e-05,F,3,2026-08-22_23-06-48,2026-08-23
0.0,0.0,0.0,1.0,0.0,0.0,1.0,1.0,1.0,1.0,1.0,-3.0517578125e-05,-3.0517578125e-05,-3.0517578125e-05,-3.0517578125e-05,-3.0517578125e-05,-3.0517578125e-05,F,3,2026-08-22_23-06-48,2026-08-23
0.0,0.0,0.0,1.0,0.8053691275167785,0.0,1.0,1.0,1.0,1.0,1.0,-3.0517578125e-05,-3.0517578125e-05,-3.0517578125e-05,-3.0517578125e-05,-3.0517578125e-05,-3.0517578125e-05,F,3,2026-08-22_23-06-48,2026-08-23
0.0,0.0,0.0,1.0,0.3624161073825503,0.0,1.0,1.0,1.0,1.0,1.0,-3.0517578125e-05,-3.0517578125e-05,-3.0517578125e-05,-3.0517578125e-05,-3.0517578125e-05,-3.0517578125e-05,F,3,2026-08-22_23-06-48,2026-08-23
0.0,0.0,0.0,1.0,0.8053691275167785,0.0,1.0,1.0,1.0,1.0,1.0,-3.0517578125e-05,-3.0517578125e-05,-3.0517578125e-05,-3.0517578125e-05,-3.0517578125e-05,-3.0517578125e-05,F,3,2026-08-22_23-06-48,2026-08-23
0.0,0.0,0.0,1.0,0.08053691275167785,0.0,1.0,1.0,1.0,1.0,1.0,-3.0517578125e-05,-3.0517578125e-05,-3.0517578125e-05,-3.0517578125e-05,-3.0517578125e-05,-3.0517578125e-05,F,3,2026-08-22_23-06-48,2026-08-23
0.0,0.0,0.0,1.0,0.8053691275167785,0.0,1.0,1.0,1.0,1.0,1.0,-3.0517578125e-05,-3.0517578125e-05,-3.0517578125e-05,-3.0517578125e-05,-3.0517578125e-05,-3.0517578125e-05,F,3,2026-08-22_23-06-48,2026-08-23
0.0,0.0,0.0,1.0,1.0,0.0,1.0,1.0,1.0,1.0,1.0,-3.0517578125e-05,-3.0517578125e-05,-3.0517578125e-05,-3.0517578125e-05,-3.0517578125e-05,-3.0517578125e-05,F,4,2026-08-22_23-06-48,2026-08-23
0.0,0.0,0.0,1.0,1.0,0.0,1.0,1.0,1.0,1.0,1.0,-3.0517578125e-05,-3.0517578125e-05,-3.0517578125e-05,-3.0517578125e-05,-3.0517578125e-05,-3.0517578125e-05,F,4,2026-08-22_23-06-48,2026-08-23
0.0,0.0,0.0,1.0,1.0,0.0,1.0,1.0,1.0,1.0,1.0,-3.0517578125e-05,-3.0517578125e-05,-3.0517578125e-05,-3.0517578125e-05,-3.0517578125e-05,-3.0517578125e-05,F,4,2026-08-22_23-06-48,2026-08-23
0.0,0.0,0.0,1.0,1.0,0.0,1.0,1.0,1.0,1.0,1.0,-3.0517578125e-05,-3.0517578125e-05,-3.0517578125e-05,-3.0517578125e-05,-3.0517578125e-05,-3.0517578125e-05,F,4,2026-08-22_23-06-48,2026-08-23
0.0,0.0,0.0,1.0,1.0,0.0,1.0,1.0,1.0,1.0,1.0,-3.0517578125e-05,-3.0517578125e-05,-3.0517578125e-05,-3.0517578125e-05,-3.0517578125e-05,-3.0517578125e-05,F,4,2026-08-22_23-06-48,2026-08-23
0.0,0.0,0.0,1.0,1.0,0.0,1.0,1.0,1.0,1.0,1.0,-3.0517578125e-05,-3.0517578125e-05,-3.0517578125e-05,-3.0517578125e-05,-3.0517578125e-05,-3.0517578125e-05,F,4,2026-08-22_23-06-48,2026-08-23
0.0,0.0,0.0,1.0,1.0,0.0,1.0,1.0,1.0,1.0,1.0,-3.0517578125e-05,-3.0517578125e-05,-3.0517578125e-05,-3.0517578125e-05,-3.0517578125e-05,-3.0517578125e-05,F,4,2026-08-22_23-06-48,2026-08-23
0.0,0.0,0.0,1.0,1.0,0.0,1.0,1.0,1.0,1.0,1.0,-3.0517578125e-05,-3.0517578125e-05,-3.0517578125e-05,-3.0517578125e-05,-3.0517578125e-05,-3.0517578125e-05,F,4,2026-08-22_23-06-48,2026-08-23
0.0,0.0,0.0,1.0,0.912751677852349,0.0,1.0,1.0,1.0,1.0,1.0,-3.0517578125e-05,-3.0517578125e-05,-3.0517578125e-05,-3.0517578125e-05,-3.0517578125e-05,-3.0517578125e-05,F,4,2026-08-22_23-06-48,2026-08-23
0.0,0.0,0.0,1.0,1.0,0.0,1.0,1.0,1.0,1.0,1.0,-3.0517578125e-05,-3.0517578125e-05,-3.0517578125e-05,-3.0517578125e-05,-3.0517578125e-05,-3.0517578125e-05,F,4,2026-08-22_23-06-48,2026-08-23
0.0,0.0,0.0,1.0,0.8053691275167785,0.0,1.0,1.0,1.0,1.0,1.0,-3.0517578125e-05,-3.0517578125e-05,-3.0517578125e-05,-3.0517578125e-05,-3.0517578125e-05,-3.0517578125e-05,F,4,2026-08-22_23-06-48,2026-08-23
0.0,0.0,0.0,1.0,0.37583892617449666,0.0,1.0,1.0,1.0,1.0,1.0,-3.0517578125e-05,-3.0517578125e-05,-3.0517578125e-05,-3.0517578125e-05,-3.0517578125e-05,-3.0517578125e-05,F,4,2026-08-22_23-06-48,2026-08-23
0.0,0.0,0.0,1.0,1.0,0.0,1.0,1.0,1.0,1.0,1.0,-3.0517578125e-05,-3.0517578125e-05,-3.0517578125e-05,-3.0517578125e-05,-3.0517578125e-05,-3.0517578125e-05,F,4,2026-08-22_23-06-48,2026-08-23
0.0,0.0,0.0,1.0,0.9798657718120806,0.0,1.0,1.0,1.0,1.0,1.0,-3.0517578125e-05,-3.0517578125e-05,-3.0517578125e-05,-3.0517578125e-05,-3.0517578125e-05,-3.0517578125e-05,F,4,2026-08-22_23-06-48,2026-08-23
0.0,0.0,0.0,1.0,0.9395973154362416,0.0,1.0,1.0,1.0,1.0,1.0,-3.0517578125e-05,-3.0517578125e-05,-3.0517578125e-05,-3.0517578125e-05,-3.0517578125e-05,-3.0517578125e-05,F,4,2026-08-22_23-06-48,2026-08-23
0.0,0.0,0.0,1.0,1.0,0.0,1.0,1.0,1.0,1.0,1.0,-3.0517578125e-05,-3.0517578125e-05,-3.0517578125e-05,-3.0517578125e-05,-3.0517578125e-05,-3.0517578125e-05,F,4,2026-08-22_23-06-48,2026-08-23
0.0,0.0,0.0,1.0,1.0,0.0,1.0,1.0,1.0,1.0,1.0,-3.0517578125e-05,-3.0517578125e-05,-3.0517578125e-05,-3.0517578125e-05,-3.0517578125e-05,-3.0517578125e-05,F,4,2026-08-22_23-06-48,2026-08-23
0.0,0.0,0.0,1.0,0.8053691275167785,0.0,1.0,1.0,1.0,1.0,1.0,-3.0517578125e-05,-3.0517578125e-05,-3.0517578125e-05,-3.0517578125e-05,-3.0517578125e-05,-3.0517578125e-05,F,4,2026-08-22_23-06-48,2026-08-23
0.0,0.0,0.0,1.0,0.9798657718120806,0.0,1.0,1.0,1.0,1.0,1.0,-3.0517578125e-05,-3.0517578125e-05,-3.0517578125e-05,-3.0517578125e-05,-3.0517578125e-05,-3.0517578125e-05,F,4,2026-08-22_23-06-48,2026-08-23
0.0,0.0,0.0,1.0,1.0,0.0,1.0,1.0,1.0,1.0,1.0,-3.0517578125e-05,-3.0517578125e-05,-3.0517578125e-05,-3.0517578125e-05,-3.0517578125e-05,-3.0517578125e-05,F,4,2026-08-22_23-06-48,2026-08-23
0.0,0.0,0.0,1.0,0.8053691275167785,0.0,1.0,1.0,1.0,1.0,1.0,-3.0517578125e-05,-3.0517578125e-05,-3.0517578125e-05,-3.0517578125e-05,-3.0517578125e-05,-3.0517578125e-05,F,4,2026-08-22_23-06-48,2026-08-23
0.0,0.0,0.0,1.0,0.9261744966442953,0.0,1.0,1.0,1.0,1.0,1.0,-3.0517578125e-05,-3.0517578125e-05,-3.0517578125e-05,-3.0517578125e-05,-3.0517578125e-05,-3.0517578125e-05,F,4,2026-08-22_23-06-48,2026-08-23
0.0,0.0,0.0,1.0,0.8053691275167785,0.0,1.0,1.0,1.0,1.0,1.0,-3.0517578125e-05,-3.0517578125e-05,-3.0517578125e-05,-3.0517578125e-05,-3.0517578125e-05,-3.0517578125e-05,F,4,2026-08-22_23-06-48,2026-08-23
0.0,0.0,0.0,1.0,0.8053691275167785,0.0,1.0,1.0,1.0,1.0,1.0,-3.0517578125e-05,-3.0517578125e-05,-3.0517578125e-05,-3.0517578125e-05,-3.0517578125e-05,-3.0517578125e-05,F,4,2026-08-22_23-06-48,2026-08-23
0.0,0.0,0.0,1.0,1.0,0.0,1.0,1.0,1.0,1.0,1.0,-3.0517578125e-05,-3.0517578125e-05,-3.0517578125e-05,-3.0517578125e-05,-3.0517578125e-05,-3.0517578125e-05,F,4,2026-08-22_23-06-48,2026-08-23
0.0,0.0,0.0,1.0,1.0,0.0,1.0,1.0,1.0,1.0,1.0,-3.0517578125e-05,-3.0517578125e-05,-3.0517578125e-05,-3.0517578125e-05,-3.0517578125e-05,-3.0517578125e-05,F,4,2026-08-22_23-06-48,2026-08-23
0.0,0.0,0.0,1.0,0.5369127516778524,0.0,1.0,1.0,1.0,1.0,1.0,-3.0517578125e-05,-3.0517578125e-05,-3.0517578125e-05,-3.0517578125e-05,-3.0517578125e-05,-3.0517578125e-05,F,4,2026-08-22_23-06-48,2026-08-23
0.0,0.0,0.0,1.0,1.0,0.0,1.0,1.0,1.0,1.0,1.0,-3.0517578125e-05,-3.0517578125e-05,-3.0517578125e-05,-3.0517578125e-05,-3.0517578125e-05,-3.0517578125e-05,F,4,2026-08-22_23-06-48,2026-08-23
0.0,0.0,0.0,1.0,0.9395973154362416,0.0,1.0,1.0,1.0,1.0,1.0,-3.0517578125e-05,-3.0517578125e-05,-3.0517578125e-05,-3.0517578125e-05,-3.0517578125e-05,-3.0517578125e-05,F,4,2026-08-22_23-06-48,2026-08-23
0.0,0.0,0.0,1.0,1.0,0.0,1.0,1.0,1.0,1.0,1.0,-3.0517578125e-05,-3.0517578125e-05,-3.0517578125e-05,-3.0517578125e-05,-3.0517578125e-05,-3.0517578125e-05,F,4,2026-08-22_23-06-48,2026-08-23
0.0,0.0,0.0,1.0,1.0,0.0,1.0,1.0,1.0,1.0,1.0,-3.0517578125e-05,-3.0517578125e-05,-3.0517578125e-05,-3.0517578125e-05,-3.0517578125e-05,-3.0517578125e-05,F,4,2026-08-22_23-06-48,2026-08-23
0.0,0.0,0.0,1.0,0.8053691275167785,0.0,1.0,1.0,1.0,1.0,1.0,-3.0517578125e-05,-3.0517578125e-05,-3.0517578125e-05,-3.0517578125e-05,-3.0517578125e-05,-3.0517578125e-05,F,4,2026-08-22_23-06-48,2026-08-23
0.0,0.0,0.0,1.0,1.0,0.0,1.0,1.0,1.0,1.0,1.0,-3.0517578125e-05,-3.0517578125e-05,-3.0517578125e-05,-3.0517578125e-05,-3.0517578125e-05,-3.0517578125e-05,F,4,2026-08-22_23-06-48,2026-08-23
0.0,0.0,0.0,1.0,0.8053691275167785,0.0,1.0,1.0,1.0,1.0,1.0,-3.0517578125e-05,-3.0517578125e-05,-3.0517578125e-05,-3.0517578125e-05,-3.0517578125e-05,-3.0517578125e-05,F,4,2026-08-22_23-06-48,2026-08-23
0.0,0.0,0.0,1.0,1.0,0.0,1.0,1.0,1.0,1.0,1.0,-3.0517578125e-05,-3.0517578125e-05,-3.0517578125e-05,-3.0517578125e-05,-3.0517578125e-05,-3.0517578125e-05,F,4,2026-08-22_23-06-48,2026-08-23
0.0,0.0,0.0,1.0,1.0,0.0,1.0,1.0,1.0,1.0,1.0,-3.0517578125e-05,-3.0517578125e-05,-3.0517578125e-05,-3.0517578125e-05,-3.0517578125e-05,-3.0517578125e-05,F,4,2026-08-22_23-06-48,2026-08-23
0.0,0.0,0.0,1.0,1.0,0.0,1.0,1.0,1.0,1.0,1.0,-3.0517578125e-05,-3.0517578125e-05,-3.0517578125e-05,-3.0517578125e-05,-3.0517578125e-05,-3.0517578125e-05,F,4,2026-08-22_23-06-48,2026-08-23
0.0,0.0,0.0,1.0,1.0,0.0,1.0,1.0,1.0,1.0,1.0,-3.0517578125e-05,-3.0517578125e-05,-3.0517578125e-05,-3.0517578125e-05,-3.0517578125e-05,-3.0517578125e-05,F,4,2026-08-22_23-06-48,2026-08-23
0.0,0.0,0.0,1.0,0.8053691275167785,0.0,1.0,1.0,1.0,1.0,1.0,-3.0517578125e-05,-3.0517578125e-05,-3.0517578125e-05,-3.0517578125e-05,-3.0517578125e-05,-3.0517578125e-05,F,4,2026-08-22_23-06-48,2026-08-23
0.0,0.0,0.0,1.0,1.0,0.0,1.0,1.0,1.0,1.0,1.0,-3.0517578125e-05,-3.0517578125e-05,-3.0517578125e-05,-3.0517578125e-05,-3.0517578125e-05,-3.0517578125e-05,F,4,2026-08-22_23-06-48,2026-08-23
1.0,0.9897959183673469,0.8248175182481752,0.0,0.18791946308724833,1.0,1.0,1.0,1.0,1.0,1.0,-3.0517578125e-05,-3.0517578125e-05,-3.0517578125e-05,-3.0517578125e-05,-3.0517578125e-05,-3.0517578125e-05,G,0,2026-08-22_23-06-48,2026-08-23
1.0,1.0,1.0,0.0,0.4161073825503356,1.0,1.0,1.0,1.0,1.0,1.0,-3.0517578125e-05,-3.0517578125e-05,-3.0517578125e-05,-3.0517578125e-05,-3.0517578125e-05,-3.0517578125e-05,G,0,2026-08-22_23-06-48,2026-08-23
0.9945454545454545,0.9302721088435374,1.0,0.041474654377880185,0.5234899328859061,1.0,1.0,1.0,1.0,1.0,1.0,-3.0517578125e-05,-3.0517578125e-05,-3.0517578125e-05,-3.0517578125e-05,-3.0517578125e-05,-3.0517578125e-05,G,0,2026-08-22_23-06-48,2026-08-23
0.9709090909090909,1.0,0.864963503649635,0.0,0.8053691275167785,1.0,1.0,1.0,1.0,1.0,1.0,-3.0517578125e-05,-3.0517578125e-05,-3.0517578125e-05,-3.0517578125e-05,-3.0517578125e-05,-3.0517578125e-05,G,0,2026-08-22_23-06-48,2026-08-23
1.0,0.8639455782312925,1.0,0.0967741935483871,0.0,1.0,1.0,1.0,1.0,1.0,1.0,-3.0517578125e-05,-3.0517578125e-05,-3.0517578125e-05,-3.0517578125e-05,-3.0517578125e-05,-3.0517578125e-05,G,0,2026-08-22_23-06-48,2026-08-23
1.0,0.9030612244897959,0.8284671532846716,0.0,0.8053691275167785,1.0,1.0,1.0,1.0,1.0,1.0,-3.0517578125e-05,-3.0517578125e-05,-3.0517578125e-05,-3.0517578125e-05,-3.0517578125e-05,-3.0517578125e-05,G,0,2026-08-22_23-06-48,2026-08-23
1.0,1.0,0.8759124087591241,0.2304147465437788,0.8053691275167785,1.0,1.0,1.0,1.0,1.0,1.0,-3.0517578125e-05,-3.0517578125e-05,-3.0517578125e-05,-3.0517578125e-05,-3.0517578125e-05,-3.0517578125e-05,G,0,2026-08-22_23-06-48,2026-08-23
1.0,0.8826530612244898,1.0,0.11981566820276497,0.0,1.0,1.0,1.0,1.0,1.0,1.0,-3.0517578125e-05,-3.0517578125e-05,-3.0517578125e-05,-3.0517578125e-05,-3.0517578125e-05,-3.0517578125e-05,G,0,2026-08-22_23-06-48,2026-08-23
0.9490909090909091,1.0,0.708029197080292,0.0,0.40268456375838924,1.0,1.0,1.0,1.0,1.0,1.0,-3.0517578125e-05,-3.0517578125e-05,-3.0517578125e-05,-3.0517578125e-05,-3.0517578125e-05,-3.0517578125e-05,G,0,2026-08-22_23-06-48,2026-08-23
1.0,0.9523809523809523,0.9635036496350365,0.0,0.8053691275167785,1.0,1.0,1.0,1.0,1.0,1.0,-3.0517578125e-05,-3.0517578125e-05,-3.0517578125e-05,-3.0517578125e-05,-3.0517578125e-05,-3.0517578125e-05,G,0,2026-08-22_23-06-48,2026-08-23
1.0,1.0,1.0,0.08294930875576037,0.0,1.0,1.0,1.0,1.0,1.0,1.0,-3.0517578125e-05,-3.0517578125e-05,-3.0517578125e-05,-3.0517578125e-05,-3.0517578125e-05,-3.0517578125e-05,G,0,2026-08-22_23-06-48,2026-08-23
1.0,1.0,0.7554744525547445,0.0,0.4563758389261745,1.0,1.0,1.0,1.0,1.0,1.0,-3.0517578125e-05,-3.0517578125e-05,-3.0517578125e-05,-3.0517578125e-05,-3.0517578125e-05,-3.0517578125e-05,G,0,2026-08-22_23-06-48,2026-08-23
1.0,0.9693877551020408,0.7992700729927007,0.0,0.5100671140939598,1.0,1.0,1.0,1.0,1.0,1.0,-3.0517578125e-05,-3.0517578125e-05,-3.0517578125e-05,-3.0517578125e-05,-3.0517578125e-05,-3.0517578125e-05,G,0,2026-08-22_23-06-48,2026-08-23
1.0,0.9115646258503401,1.0,0.0,0.8053691275167785,1.0,1.0,1.0,1.0,1.0,1.0,-3.0517578125e-05,-3.0517578125e-05,-3.0517578125e-05,-3.0517578125e-05,-3.0517578125e-05,-3.0517578125e-05,G,0,2026-08-22_23-06-48,2026-08-23
1.0,0.967687074829932,0.8759124087591241,0.0,0.10738255033557047,1.0,1.0,1.0,1.0,1.0,1.0,-3.0517578125e-05,-3.0517578125e-05,-3.0517578125e-05,-3.0517578125e-05,-3.0517578125e-05,-3.0517578125e-05,G,0,2026-08-22_23-06-48,2026-08-23
1.0,0.8792517006802721,0.9708029197080292,0.013824884792626729,0.28187919463087246,1.0,1.0,1.0,1.0,1.0,1.0,-3.0517578125e-05,-3.0517578125e-05,-3.0517578125e-05,-3.0517578125e-05,-3.0517578125e-05,-3.0517578125e-05,G,0,2026-08-22_23-06-48,2026-08-23
1.0,0.9897959183673469,1.0,0.0,0.5369127516778524,1.0,1.0,1.0,1.0,1.0,1.0,-3.0517578125e-05,-3.0517578125e-05,-3.0517578125e-05,-3.0517578125e-05,-3.0517578125e-05,-3.0517578125e-05,G,0,2026-08-22_23-06-48,2026-08-23
1.0,0.8843537414965986,1.0,0.0,0.0,1.0,1.0,1.0,1.0,1.0,1.0,-3.0517578125e-05,-3.0517578125e-05,-3.0517578125e-05,-3.0517578125e-05,-3.0517578125e-05,-3.0517578125e-05,G,0,2026-08-22_23-06-48,2026-08-23
1.0,0.9778911564625851,0.9087591240875912,0.0,0.1476510067114094,1.0,1.0,1.0,1.0,1.0,1.0,-3.0517578125e-05,-3.0517578125e-05,-3.0517578125e-05,-3.0517578125e-05,-3.0517578125e-05,-3.0517578125e-05,G,0,2026-08-22_23-06-48,2026-08-23
1.0,0.9931972789115646,0.6751824817518248,0.0,0.8053691275167785,1.0,1.0,1.0,1.0,1.0,1.0,-3.0517578125e-05,-3.0517578125e-05,-3.0517578125e-05,-3.0517578125e-05,-3.0517578125e-05,-3.0517578125e-05,G,0,2026-08-22_23-06-48,2026-08-23
1.0,0.9098639455782312,1.0,0.0,0.42953020134228187,1.0,1.0,1.0,1.0,1.0,1.0,-3.0517578125e-05,-3.0517578125e-05,-3.0517578125e-05,-3.0517578125e-05,-3.0517578125e-05,-3.0517578125e-05,G,0,2026-08-22_23-06-48,2026-08-23
0.9763636363636363,0.8843537414965986,1.0,0.0,0.1476510067114094,1.0,1.0,1.0,1.0,1.0,1.0,-3.0517578125e-05,-3.0517578125e-05,-3.0517578125e-05,-3.0517578125e-05,-3.0517578125e-05,-3.0517578125e-05,G,0,2026-08-22_23-06-48,2026-08-23
1.0,0.8707482993197279,1.0,0.14746543778801843,0.18791946308724833,1.0,1.0,1.0,1.0,1.0,1.0,-3.0517578125e-05,-3.0517578125e-05,-3.0517578125e-05,-3.0517578125e-05,-3.0517578125e-05,-3.0517578125e-05,G,0,2026-08-22_23-06-48,2026-08-23
0.9890909090909091,0.9421768707482994,0.8759124087591241,0.0,0.33557046979865773,1.0,1.0,1.0,1.0,1.0,1.0,-3.0517578125e-05,-3.0517578125e-05,-3.0517578125e-05,-3.0517578125e-05,-3.0517578125e-05,-3.0517578125e-05,G,0,2026-08-22_23-06-48,2026-08-23
1.0,0.9319727891156463,1.0,0.0,0.33557046979865773,1.0,1.0,1.0,1.0,1.0,1.0,-3.0517578125e-05,-3.0517578125e-05,-3.0517578125e-05,-3.0517578125e-05,-3.0517578125e-05,-3.0517578125e-05,G,0,2026-08-22_23-06-48,2026-08-23
1.0,0.9693877551020408,0.7445255474452555,0.0,0.1476510067114094,1.0,1.0,1.0,1.0,1.0,1.0,-3.0517578125e-05,-3.0517578125e-05,-3.0517578125e-05,-3.0517578125e-05,-3.0517578125e-05,-3.0517578125e-05,G,0,2026-08-22_23-06-48,2026-08-23
1.0,1.0,0.9744525547445255,0.0,0.4161073825503356,1.0,1.0,1.0,1.0,1.0,1.0,-3.0517578125e-05,-3.0517578125e-05,-3.0517578125e-05,-3.0517578125e-05,-3.0517578125e-05,-3.0517578125e-05,G,0,2026-08-22_23-06-48,2026-08-23
1.0,1.0,0.9817518248175182,0.0,0.18791946308724833,1.0,1.0,1.0,1.0,1.0,1.0,-3.0517578125e-05,-3.0517578125e-05,-3.0517578125e-05,-3.0517578125e-05,-3.0517578125e-05,-3.0517578125e-05,G,0,2026-08-22_23-06-48,2026-08-23
1.0,0.9455782312925171,0.7591240875912408,0.0,0.0,1.0,1.0,1.0,1.0,1.0,1.0,-3.0517578125e-05,-3.0517578125e-05,-3.0517578125e-05,-3.0517578125e-05,-3.0517578125e-05,-3.0517578125e-05,G,0,2026-08-22_23-06-48,2026-08-23
1.0,1.0,0.8686131386861314,0.0,0.1476510067114094,1.0,1.0,1.0,1.0,1.0,1.0,-3.0517578125e-05,-3.0517578125e-05,-3.0517578125e-05,-3.0517578125e-05,-3.0517578125e-05,-3.0517578125e-05,G,0,2026-08-22_23-06-48,2026-08-23
0.9636363636363636,0.9302721088435374,0.7153284671532847,0.0,0.0,1.0,1.0,1.0,1.0,1.0,1.0,-3.0517578125e-05,-3.0517578125e-05,-3.0517578125e-05,-3.0517578125e-05,-3.0517578125e-05,-3.0517578125e-05,G,0,2026-08-22_23-06-48,2026-08-23
1.0,0.8894557823129252,0.8175182481751825,0.0,0.40268456375838924,1.0,1.0,1.0,1.0,1.0,1.0,-3.0517578125e-05,-3.0517578125e-05,-3.0517578125e-05,-3.0517578125e-05,-3.0517578125e-05,-3.0517578125e-05,G,0,2026-08-22_23-06-48,2026-08-23
1.0,0.9965986394557823,1.0,0.1336405529953917,0.0,1.0,1.0,1.0,1.0,1.0,1.0,-3.0517578125e-05,-3.0517578125e-05,-3.0517578125e-05,-3.0517578125e-05,-3.0517578125e-05,-3.0517578125e-05,G,0,2026-08-22_23-06-48,2026-08-23
1.0,0.9404761904761905,0.9963503649635036,0.0,0.174496644295302,1.0,1.0,1.0,1.0,1.0,1.0,-3.0517578125e-05,-3.0517578125e-05,-3.0517578125e-05,-3.0517578125e-05,-3.0517578125e-05,-3.0517578125e-05,G,0,2026-08-22_23-06-48,2026-08-23
0.9472727272727273,0.9370748299319728,1.0,0.1336405529953917,0.0,1.0,1.0,1.0,1.0,1.0,1.0,-3.0517578125e-05,-3.0517578125e-05,-3.0517578125e-05,-3.0517578125e-05,-3.0517578125e-05,-3.0517578125e-05,G,0,2026-08-22_23-06-48,2026-08-23
1.0,0.9897959183673469,0.9927007299270073,0.0,0.348993288590604,1.0,1.0,1.0,1.0,1.0,1.0,-3.0517578125e-05,-3.0517578125e-05,-3.0517578125e-05,-3.0517578125e-05,-3.0517578125e-05,-3.0517578125e-05,G,0,2026-08-22_23-06-48,2026-08-23
0.9872727272727273,0.9251700680272109,0.8211678832116789,0.0,0.42953020134228187,1.0,1.0,1.0,1.0,1.0,1.0,-3.0517578125e-05,-3.0517578125e-05,-3.0517578125e-05,-3.0517578125e-05,-3.0517578125e-05,-3.0517578125e-05,G,0,2026-08-22_23-06-48,2026-08-23
1.0,0.9795918367346939,0.8248175182481752,0.0,0.013422818791946308,1.0,1.0,1.0,1.0,1.0,1.0,-3.0517578125e-05,-3.0517578125e-05,-3.0517578125e-05,-3.0517578125e-05,-3.0517578125e-05,-3.0517578125e-05,G,0,2026-08-22_23-06-48,2026-08-23
1.0,0.9030612244897959,1.0,0.0,0.24161073825503357,1.0,1.0,1.0,1.0,1.0,1.0,-3.0517578125e-05,-3.0517578125e-05,-3.0517578125e-05,-3.0517578125e-05,-3.0517578125e-05,-3.0517578125e-05,G,0,2026-08-22_23-06-48,2026-08-23
1.0,0.8996598639455783,0.718978102189781,0.0,0.8053691275167785,1.0,1.0,1.0,1.0,1.0,1.0,-3.0517578125e-05,-3.0517578125e-05,-3.0517578125e-05,-3.0517578125e-05,-3.0517578125e-05,-3.0517578125e-05,G,0,2026-08-22_23-06-48,2026-08-23
1.0,1.0,0.9343065693430657,0.009216589861751152,0.0,1.0,1.0,1.0,1.0,1.0,0.0,-3.0517578125e-05,-3.0517578125e-05,-3.0517578125e-05,-3.0517578125e-05,-3.0517578125e-05,-3.0517578125e-05,G,1,2026-08-22_23-06-48,2026-08-23
0.96,0.9897959183673469,0.8211678832116789,0.12903225806451613,0.013422818791946308,1.0,1.0,1.0,1.0,1.0,0.0,-3.0517578125e-05,-3.0517578125e-05,-3.0517578125e-05,-3.0517578125e-05,-3.0517578125e-05,-3.0517578125e-05,G,1,2026-08-22_23-06-48,2026-08-23
1.0,0.9591836734693877,0.9087591240875912,0.663594470046083,0.0,1.0,1.0,1.0,1.0,1.0,0.0,-3.0517578125e-05,-3.0517578125e-05,-3.0517578125e-05,-3.0517578125e-05,-3.0517578125e-05,-3.0517578125e-05,G,1,2026-08-22_23-06-48,2026-08-23
1.0,1.0,0.9927007299270073,0.027649769585253458,0.0,1.0,1.0,1.0,1.0,1.0,0.0,-3.0517578125e-05,-3.0517578125e-05,-3.0517578125e-05,-3.0517578125e-05,-3.0517578125e-05,-3.0517578125e-05,G,1,2026-08-22_23-06-48,2026-08-23
1.0,0.9846938775510204,0.948905109489051,0.0,0.174496644295302,1.0,1.0,1.0,1.0,1.0,0.0,-3.0517578125e-05,-3.0517578125e-05,-3.0517578125e-05,-3.0517578125e-05,-3.0517578125e-05,-3.0517578125e-05,G,1,2026-08-22_23-06-48,2026-08-23
1.0,1.0,0.9927007299270073,0.0,0.33557046979865773,1.0,1.0,1.0,1.0,1.0,0.0,-3.0517578125e-05,-3.0517578125e-05,-3.0517578125e-05,-3.0517578125e-05,-3.0517578125e-05,-3.0517578125e-05,G,1,2026-08-22_23-06-48,2026-08-23
1.0,1.0,0.9124087591240876,0.22119815668202766,0.8187919463087249,1.0,1.0,1.0,1.0,1.0,0.0,-3.0517578125e-05,-3.0517578125e-05,-3.0517578125e-05,-3.0517578125e-05,-3.0517578125e-05,-3.0517578125e-05,G,1,2026-08-22_23-06-48,2026-08-23
1.0,1.0,0.8722627737226277,0.0,0.053691275167785234,1.0,1.0,1.0,1.0,1.0,0.0,-3.0517578125e-05,-3.0517578125e-05,-3.0517578125e-05,-3.0517578125e-05,-3.0517578125e-05,-3.0517578125e-05,G,1,2026-08-22_23-06-48,2026-08-23
1.0,0.9744897959183674,0.8357664233576643,0.0,0.0,1.0,1.0,1.0,1.0,1.0,0.0,-3.0517578125e-05,-3.0517578125e-05,-3.0517578125e-05,-3.0517578125e-05,-3.0517578125e-05,-3.0517578125e-05,G,1,2026-08-22_23-06-48,2026-08-23
1.0,0.967687074829932,0.8832116788321168,0.15668202764976957,0.8053691275167785,1.0,1.0,1.0,1.0,1.0,0.0,-3.0517578125e-05,-3.0517578125e-05,-3.0517578125e-05,-3.0517578125e-05,-3.0517578125e-05,-3.0517578125e-05,G,1,2026-08-22_23-06-48,2026-08-23
1.0,1.0,0.9927007299270073,0.08294930875576037,0.1476510067114094,1.0,1.0,1.0,1.0,1.0,0.0,-3.0517578125e-05,-3.0517578125e-05,-3.0517578125e-05,-3.0517578125e-05,-3.0517578125e-05,-3.0517578125e-05,G,1,2026-08-22_23-06-48,2026-08-23
1.0,1.0,0.8503649635036497,0.10599078341013825,0.21476510067114093,1.0,1.0,1.0,1.0,1.0,0.0,-3.0517578125e-05,-3.0517578125e-05,-3.0517578125e-05,-3.0517578125e-05,-3.0517578125e-05,-3.0517578125e-05,G,1,2026-08-22_23-06-48,2026-08-23
1.0,1.0,1.0,0.013824884792626729,0.18791946308724833,1.0,1.0,1.0,1.0,1.0,0.0,-3.0517578125e-05,-3.0517578125e-05,-3.0517578125e-05,-3.0517578125e-05,-3.0517578125e-05,-3.0517578125e-05,G,1,2026-08-22_23-06-48,2026-08-23
1.0,0.9897959183673469,0.8321167883211679,0.0,0.0,1.0,1.0,1.0,1.0,1.0,0.0,-3.0517578125e-05,-3.0517578125e-05,-3.0517578125e-05,-3.0517578125e-05,-3.0517578125e-05,-3.0517578125e-05,G,1,2026-08-22_23-06-48,2026-08-23
1.0,1.0,0.9343065693430657,0.24423963133640553,0.3624161073825503,1.0,1.0,1.0,1.0,1.0,0.0,-3.0517578125e-05,-3.0517578125e-05,-3.0517578125e-05,-3.0517578125e-05,-3.0517578125e-05,-3.0517578125e-05,G,1,2026-08-22_23-06-48,2026-08-23
1.0,0.9846938775510204,0.9927007299270073,0.07373271889400922,0.2684563758389262,1.0,1.0,1.0,1.0,1.0,0.0,-3.0517578125e-05,-3.0517578125e-05,-3.0517578125e-05,-3.0517578125e-05,-3.0517578125e-05,-3.0517578125e-05,G,1,2026-08-22_23-06-48,2026-08-23
0.9945454545454545,1.0,0.927007299270073,0.15207373271889402,0.09395973154362416,1.0,1.0,1.0,1.0,1.0,0.0,-3.0517578125e-05,-3.0517578125e-05,-3.0517578125e-05,-3.0517578125e-05,-3.0517578125e-05,-3.0517578125e-05,G,1,2026-08-22_23-06-48,2026-08-23
1.0,0.9982993197278912,0.9379562043795621,0.004608294930875576,0.18791946308724833,1.0,1.0,1.0,1.0,1.0,0.0,-3.0517578125e-05,-3.0517578125e-05,-3.0517578125e-05,-3.0517578125e-05,-3.0517578125e-05,-3.0517578125e-05,G,1,2026-08-22_23-06-48,2026-08-23
1.0,0.9914965986394558,0.9343065693430657,0.29493087557603687,0.4161073825503356,1.0,1.0,1.0,1.0,1.0,0.0,-3.0517578125e-05,-3.0517578125e-05,-3.0517578125e-05,-3.0517578125e-05,-3.0517578125e-05,-3.0517578125e-05,G,1,2026-08-22_23-06-48,2026-08-23
1.0,1.0,0.9306569343065694,0.0,0.3624161073825503,1.0,1.0,1.0,1.0,1.0,0.0,-3.0517578125e-05,-3.0517578125e-05,-3.0517578125e-05,-3.0517578125e-05,-3.0517578125e-05,-3.0517578125e-05,G,1,2026-08-22_23-06-48,2026-08-23
1.0,1.0,0.9051094890510949,0.17511520737327188,0.0,1.0,1.0,1.0,1.0,1.0,0.0,-3.0517578125e-05,-3.0517578125e-05,-3.0517578125e-05,-3.0517578125e-05,-3.0517578125e-05,-3.0517578125e-05,G,1,2026-08-22_23-06-48,2026-08-23
1.0,1.0,0.8759124087591241,0.06451612903225806,0.10738255033557047,1.0,1.0,1.0,1.0,1.0,0.0,-3.0517578125e-05,-3.0517578125e-05,-3.0517578125e-05,-3.0517578125e-05,-3.0517578125e-05,-3.0517578125e-05,G,1,2026-08-22_23-06-48,2026-08-23
1.0,1.0,0.916058394160584,0.19815668202764977,0.8053691275167785,1.0,1.0,1.0,1.0,1.0,0.0,-3.0517578125e-05,-3.0517578125e-05,-3.0517578125e-05,-3.0517578125e-05,-3.0517578125e-05,-3.0517578125e-05,G,1,2026-08-22_23-06-48,2026-08-23
1.0,1.0,0.9927007299270073,0.12442396313364056,0.40268456375838924,1.0,1.0,1.0,1.0,1.0,0.0,-3.0517578125e-05,-3.0517578125e-05,-3.0517578125e-05,-3.0517578125e-05,-3.0517578125e-05,-3.0517578125e-05,G,1,2026-08-22_23-06-48,2026-08-23
1.0,0.9982993197278912,0.8686131386861314,0.0,0.8053691275167785,1.0,1.0,1.0,1.0,1.0,0.0,-3.0517578125e-05,-3.0517578125e-05,-3.0517578125e-05,-3.0517578125e-05,-3.0517578125e-05,-3.0517578125e-05,G,1,2026-08-22_23-06-48,2026-08-23
1.0,1.0,0.9197080291970803,0.2304147465437788,0.42953020134228187,1.0,1.0,1.0,1.0,1.0,0.0,-3.0517578125e-05,-3.0517578125e-05,-3.0517578125e-05,-3.0517578125e-05,-3.0517578125e-05,-3.0517578125e-05,G,1,2026-08-22_23-06-48,2026-08-23
0.9927272727272727,0.9982993197278912,0.9452554744525548,0.018433179723502304,0.21476510067114093,1.0,1.0,1.0,1.0,1.0,0.0,-3.0517578125e-05,-3.0517578125e-05,-3.0517578125e-05,-3.0517578125e-05,-3.0517578125e-05,-3.0517578125e-05,G,1,2026-08-22_23-06-48,2026-08-23
1.0,1.0,0.8759124087591241,0.1336405529953917,0.1476510067114094,1.0,1.0,1.0,1.0,1.0,0.0,-3.0517578125e-05,-3.0517578125e-05,-3.0517578125e-05,-3.0517578125e-05,-3.0517578125e-05,-3.0517578125e-05,G,1,2026-08-22_23-06-48,2026-08-23
1.0,1.0,0.9927007299270073,0.1336405529953917,0.37583892617449666,1.0,1.0,1.0,1.0,1.0,0.0,-3.0517578125e-05,-3.0517578125e-05,-3.0517578125e-05,-3.0517578125e-05,-3.0517578125e-05,-3.0517578125e-05,G,1,2026-08-22_23-06-48,2026-08-23
1.0,1.0,0.791970802919708,0.009216589861751152,0.1476510067114094,1.0,1.0,1.0,1.0,1.0,0.0,-3.0517578125e-05,-3.0517578125e-05,-3.0517578125e-05,-3.0517578125e-05,-3.0517578125e-05,-3.0517578125e-05,G,1,2026-08-22_23-06-48,2026-08-23
1.0,1.0,0.9452554744525548,0.1382488479262673,0.8053691275167785,1.0,1.0,1.0,1.0,1.0,0.0,-3.0517578125e-05,-3.0517578125e-05,-3.0517578125e-05,-3.0517578125e-05,-3.0517578125e-05,-3.0517578125e-05,G,1,2026-08-22_23-06-48,2026-08-23
1.0,1.0,0.9890510948905109,0.15668202764976957,0.4429530201342282,1.0,1.0,1.0,1.0,1.0,0.0,-3.0517578125e-05,-3.0517578125e-05,-3.0517578125e-05,-3.0517578125e-05,-3.0517578125e-05,-3.0517578125e-05,G,1,2026-08-22_23-06-48,2026-08-23
1.0,1.0,0.8941605839416058,0.1152073732718894,0.348993288590604,1.0,1.0,1.0,1.0,1.0,0.0,-3.0517578125e-05,-3.0517578125e-05,-3.0517578125e-05,-3.0517578125e-05,-3.0517578125e-05,-3.0517578125e-05,G,1,2026-08-22_23-06-48,2026-08-23
1.0,1.0,0.8175182481751825,0.14746543778801843,0.8053691275167785,1.0,1.0,1.0,1.0,1.0,0.0,-3.0517578125e-05,-3.0517578125e-05,-3.0517578125e-05,-3.0517578125e-05,-3.0517578125e-05,-3.0517578125e-05,G,1,2026-08-22_23-06-48,2026-08-23
1.0,1.0,0.8759124087591241,0.059907834101382486,0.10738255033557047,1.0,1.0,1.0,1.0,1.0,0.0,-3.0517578125e-05,-3.0517578125e-05,-3.0517578125e-05,-3.0517578125e-05,-3.0517578125e-05,-3.0517578125e-05,G,1,2026-08-22_23-06-48,2026-08-23
1.0,1.0,0.9379562043795621,0.0,0.1610738255033557,1.0,1.0,1.0,1.0,1.0,0.0,-3.0517578125e-05,-3.0517578125e-05,-3.0517578125e-05,-3.0517578125e-05,-3.0517578125e-05,-3.0517578125e-05,G,1,2026-08-22_23-06-48,2026-08-23
1.0,1.0,0.9744525547445255,0.19815668202764977,0.37583892617449666,1.0,1.0,1.0,1.0,1.0,0.0,-3.0517578125e-05,-3.0517578125e-05,-3.0517578125e-05,-3.0517578125e-05,-3.0517578125e-05,-3.0517578125e-05,G,1,2026-08-22_23-06-48,2026-08-23
1.0,1.0,0.8759124087591241,0.17511520737327188,0.22818791946308725,1.0,1.0,1.0,1.0,1.0,0.0,-3.0517578125e-05,-3.0517578125e-05,-3.0517578125e-05,-3.0517578125e-05,-3.0517578125e-05,-3.0517578125e-05,G,1,2026-08-22_23-06-48,2026-08-23
1.0,1.0,0.9233576642335767,0.02304147465437788,0.33557046979865773,1.0,1.0,1.0,1.0,1.0,0.0,-3.0517578125e-05,-3.0517578125e-05,-3.0517578125e-05,-3.0517578125e-05,-3.0517578125e-05,-3.0517578125e-05,G,1,2026-08-22_23-06-48,2026-08-23
1.0,1.0,1.0,0.12442396313364056,0.22818791946308725,1.0,1.0,1.0,1.0,1.0,0.0,-3.0517578125e-05,-3.0517578125e-05,-3.0517578125e-05,-3.0517578125e-05,-3.0517578125e-05,-3.0517578125e-05,G,1,2026-08-22_23-06-48,2026-08-23
1.0,0.95578231292517,1.0,0.2073732718894009,0.1476510067114094,1.0,1.0,1.0,1.0,1.0,0.0,-3.0517578125e-05,-3.0517578125e-05,-3.0517578125e-05,-3.0517578125e-05,-3.0517578125e-05,-3.0517578125e-05,G,2,2026-08-22_23-06-48,2026-08-23
1.0,0.9812925170068028,1.0,0.2119815668202765,0.33557046979865773,1.0,1.0,1.0,1.0,1.0,0.0,-3.0517578125e-05,-3.0517578125e-05,-3.0517578125e-05,-3.0517578125e-05,-3.0517578125e-05,-3.0517578125e-05,G,2,2026-08-22_23-06-48,2026-08-23
0.9109090909090909,1.0,1.0,0.05069124423963134,0.0,1.0,1.0,1.0,1.0,1.0,0.0,-3.0517578125e-05,-3.0517578125e-05,-3.0517578125e-05,-3.0517578125e-05,-3.0517578125e-05,-3.0517578125e-05,G,2,2026-08-22_23-06-48,2026-08-23
0.9381818181818182,1.0,1.0,0.004608294930875576,0.0,1.0,1.0,1.0,1.0,1.0,0.0,-3.0517578125e-05,-3.0517578125e-05,-3.0517578125e-05,-3.0517578125e-05,-3.0517578125e-05,-3.0517578125e-05,G,2,2026-08-22_23-06-48,2026-08-23
1.0,0.8928571428571429,1.0,0.0,0.38926174496644295,1.0,1.0,1.0,1.0,1.0,0.0,-3.0517578125e-05,-3.0517578125e-05,-3.0517578125e-05,-3.0517578125e-05,-3.0517578125e-05,-3.0517578125e-05,G,2,2026-08-22_23-06-48,2026-08-23
1.0,0.9098639455782312,1.0,0.0,0.08053691275167785,1.0,1.0,1.0,1.0,1.0,0.0,-3.0517578125e-05,-3.0517578125e-05,-3.0517578125e-05,-3.0517578125e-05,-3.0517578125e-05,-3.0517578125e-05,G,2,2026-08-22_23-06-48,2026-08-23
1.0,0.9914965986394558,1.0,0.31797235023041476,0.2684563758389262,1.0,1.0,1.0,1.0,1.0,0.0,-3.0517578125e-05,-3.0517578125e-05,-3.0517578125e-05,-3.0517578125e-05,-3.0517578125e-05,-3.0517578125e-05,G,2,2026-08-22_23-06-48,2026-08-23
1.0,0.9030612244897959,1.0,0.09216589861751152,0.8053691275167785,1.0,1.0,1.0,1.0,1.0,0.0,-3.0517578125e-05,-3.0517578125e-05,-3.0517578125e-05,-3.0517578125e-05,-3.0517578125e-05,-3.0517578125e-05,G,2,2026-08-22_23-06-48,2026-08-23
1.0,0.9574829931972789,1.0,0.059907834101382486,0.0,1.0,1.0,1.0,1.0,1.0,0.0,-3.0517578125e-05,-3.0517578125e-05,-3.0517578125e-05,-3.0517578125e-05,-3.0517578125e-05,-3.0517578125e-05,G,2,2026-08-22_23-06-48,2026-08-23
1.0,0.9336734693877551,1.0,0.0,0.12080536912751678,1.0,1.0,1.0,1.0,1.0,0.0,-3.0517578125e-05,-3.0517578125e-05,-3.0517578125e-05,-3.0517578125e-05,-3.0517578125e-05,-3.0517578125e-05,G,2,2026-08-22_23-06-48,2026-08-23
0.9636363636363636,1.0,1.0,0.0,0.10738255033557047,1.0,1.0,1.0,1.0,1.0,0.0,-3.0517578125e-05,-3.0517578125e-05,-3.0517578125e-05,-3.0517578125e-05,-3.0517578125e-05,-3.0517578125e-05,G,2,2026-08-22_23-06-48,2026-08-23
1.0,0.8605442176870748,1.0,0.0,0.9932885906040269,1.0,1.0,1.0,1.0,1.0,0.0,-3.0517578125e-05,-3.0517578125e-05,-3.0517578125e-05,-3.0517578125e-05,-3.0517578125e-05,-3.0517578125e-05,G,2,2026-08-22_23-06-48,2026-08-23
0.9690909090909091,1.0,0.7591240875912408,0.2995391705069124,0.21476510067114093,1.0,1.0,1.0,1.0,1.0,0.0,-3.0517578125e-05,-3.0517578125e-05,-3.0517578125e-05,-3.0517578125e-05,-3.0517578125e-05,-3.0517578125e-05,G,2,2026-08-22_23-06-48,2026-08-23
1.0,0.8741496598639455,1.0,0.0,0.3221476510067114,1.0,1.0,1.0,1.0,1.0,0.0,-3.0517578125e-05,-3.0517578125e-05,-3.0517578125e-05,-3.0517578125e-05,-3.0517578125e-05,-3.0517578125e-05,G,2,2026-08-22_23-06-48,2026-08-23
0.94,1.0,1.0,0.08294930875576037,0.348993288590604,1.0,1.0,1.0,1.0,1.0,0.0,-3.0517578125e-05,-3.0517578125e-05,-3.0517578125e-05,-3.0517578125e-05,-3.0517578125e-05,-3.0517578125e-05,G,2,2026-08-22_23-06-48,2026-08-23
0.9963636363636363,1.0,1.0,0.31797235023041476,0.21476510067114093,1.0,1.0,1.0,1.0,1.0,0.0,-3.0517578125e-05,-3.0517578125e-05,-3.0517578125e-05,-3.0517578125e-05,-3.0517578125e-05,-3.0517578125e-05,G,2,2026-08-22_23-06-48,2026-08-23
0.9,0.9914965986394558,1.0,0.0,0.0,1.0,1.0,1.0,1.0,1.0,0.0,-3.0517578125e-05,-3.0517578125e-05,-3.0517578125e-05,-3.0517578125e-05,-3.0517578125e-05,-3.0517578125e-05,G,2,2026-08-22_23-06-48,2026-08-23
0.86,1.0,0.8540145985401459,0.06451612903225806,0.0,1.0,1.0,1.0,1.0,1.0,0.0,-3.0517578125e-05,-3.0517578125e-05,-3.0517578125e-05,-3.0517578125e-05,-3.0517578125e-05,-3.0517578125e-05,G,2,2026-08-22_23-06-48,2026-08-23
1.0,0.8996598639455783,1.0,0.0,0.0,1.0,1.0,1.0,1.0,1.0,0.0,-3.0517578125e-05,-3.0517578125e-05,-3.0517578125e-05,-3.0517578125e-05,-3.0517578125e-05,-3.0517578125e-05,G,2,2026-08-22_23-06-48,2026-08-23
0.96,1.0,0.7335766423357665,0.10599078341013825,0.8053691275167785,1.0,1.0,1.0,1.0,1.0,0.0,-3.0517578125e-05,-3.0517578125e-05,-3.0517578125e-05,-3.0517578125e-05,-3.0517578125e-05,-3.0517578125e-05,G,2,2026-08-22_23-06-48,2026-08-23
1.0,1.0,0.6423357664233577,0.1935483870967742,0.33557046979865773,1.0,1.0,1.0,1.0,1.0,0.0,-3.0517578125e-05,-3.0517578125e-05,-3.0517578125e-05,-3.0517578125e-05,-3.0517578125e-05,-3.0517578125e-05,G,2,2026-08-22_23-06-48,2026-08-23
1.0,0.95578231292517,0.635036496350365,0.2534562211981567,0.8053691275167785,1.0,1.0,1.0,1.0,1.0,0.0,-3.0517578125e-05,-3.0517578125e-05,-3.0517578125e-05,-3.0517578125e-05,-3.0517578125e-05,-3.0517578125e-05,G,2,2026-08-22_23-06-48,2026-08-23
0.8781818181818182,1.0,0.8722627737226277,0.15207373271889402,0.0,1.0,1.0,1.0,1.0,1.0,0.0,-3.0517578125e-05,-3.0517578125e-05,-3.0517578125e-05,-3.0517578125e-05,-3.0517578125e-05,-3.0517578125e-05,G,2,2026-08-22_23-06-48,2026-08-23
0.9527272727272728,1.0,0.9379562043795621,0.06451612903225806,0.10738255033557047,1.0,1.0,1.0,1.0,1.0,0.0,-3.0517578125e-05,-3.0517578125e-05,-3.0517578125e-05,-3.0517578125e-05,-3.0517578125e-05,-3.0517578125e-05,G,2,2026-08-22_23-06-48,2026-08-23
1.0,0.9608843537414966,0.9927007299270073,0.0,0.42953020134228187,1.0,1.0,1.0,1.0,1.0,0.0,-3.0517578125e-05,-3.0517578125e-05,-3.0517578125e-05,-3.0517578125e-05,-3.0517578125e-05,-3.0517578125e-05,G,2,2026-08-22_23-06-48,2026-08-23
0.96,1.0,0.7664233576642335,0.31797235023041476,0.09395973154362416,1.0,1.0,1.0,1.0,1.0,0.0,-3.0517578125e-05,-3.0517578125e-05,-3.0517578125e-05,-3.0517578125e-05,-3.0517578125e-05,-3.0517578125e-05,G,2,2026-08-22_23-06-48,2026-08-23
0.8909090909090909,1.0,0.6313868613138686,0.0,0.0,1.0,1.0,1.0,1.0,1.0,0.0,-3.0517578125e-05,-3.0517578125e-05,-3.0517578125e-05,-3.0517578125e-05,-3.0517578125e-05,-3.0517578125e-05,G,2,2026-08-22_23-06-48,2026-08-23
1.0,0.9625850340136054,0.8941605839416058,0.20276497695852536,0.348993288590604,1.0,1.0,1.0,1.0,1.0,0.0,-3.0517578125e-05,-3.0517578125e-05,-3.0517578125e-05,-3.0517578125e-05,-3.0517578125e-05,-3.0517578125e-05,G,2,2026-08-22_23-06-48,2026-08-23
0.9981818181818182,1.0,0.6751824817518248,0.1152073732718894,0.3221476510067114,1.0,1.0,1.0,1.0,1.0,0.0,-3.0517578125e-05,-3.0517578125e-05,-3.0517578125e-05,-3.0517578125e-05,-3.0517578125e-05,-3.0517578125e-05,G,2,2026-08-22_23-06-48,2026-08-23
1.0,0.9897959183673469,0.8686131386861314,0.018433179723502304,0.10738255033557047,1.0,1.0,1.0,1.0,1.0,0.0,-3.0517578125e-05,-3.0517578125e-05,-3.0517578125e-05,-3.0517578125e-05,-3.0517578125e-05,-3.0517578125e-05,G,2,2026-08-22_23-06-48,2026-08-23
0.9381818181818182,1.0,0.8722627737226277,0.0,0.21476510067114093,1.0,1.0,1.0,1.0,1.0,0.0,-3.0517578125e-05,-3.0517578125e-05,-3.0517578125e-05,-3.0517578125e-05,-3.0517578125e-05,-3.0517578125e-05,G,2,2026-08-22_23-06-48,2026-08-23
0.9563636363636364,0.9472789115646258,1.0,0.0,0.0,1.0,1.0,1.0,1.0,1.0,0.0,-3.0517578125e-05,-3.0517578125e-05,-3.0517578125e-05,-3.0517578125e-05,-3.0517578125e-05,-3.0517578125e-05,G,2,2026-08-22_23-06-48,2026-08-23
1.0,0.9846938775510204,0.7773722627737226,0.19815668202764977,0.8053691275167785,1.0,1.0,1.0,1.0,1.0,0.0,-3.0517578125e-05,-3.0517578125e-05,-3.0517578125e-05,-3.0517578125e-05,-3.0517578125e-05,-3.0517578125e-05,G,2,2026-08-22_23-06-48,2026-08-23
1.0,0.8996598639455783,1.0,0.0,0.12080536912751678,1.0,1.0,1.0,1.0,1.0,0.0,-3.0517578125e-05,-3.0517578125e-05,-3.0517578125e-05,-3.0517578125e-05,-3.0517578125e-05,-3.0517578125e-05,G,2,2026-08-22_23-06-48,2026-08-23
1.0,0.9914965986394558,0.8759124087591241,0.0,0.348993288590604,1.0,1.0,1.0,1.0,1.0,0.0,-3.0517578125e-05,-3.0517578125e-05,-3.0517578125e-05,-3.0517578125e-05,-3.0517578125e-05,-3.0517578125e-05,G,2,2026-08-22_23-06-48,2026-08-23
0.9890909090909091,1.0,0.7700729927007299,0.12903225806451613,0.38926174496644295,1.0,1.0,1.0,1.0,1.0,0.0,-3.0517578125e-05,-3.0517578125e-05,-3.0517578125e-05,-3.0517578125e-05,-3.0517578125e-05,-3.0517578125e-05,G,2,2026-08-22_23-06-48,2026-08-23
1.0,0.9268707482993197,0.9233576642335767,0.009216589861751152,0.4563758389261745,1.0,1.0,1.0,1.0,1.0,0.0,-3.0517578125e-05,-3.0517578125e-05,-3.0517578125e-05,-3.0517578125e-05,-3.0517578125e-05,-3.0517578125e-05,G,2,2026-08-22_23-06-48,2026-08-23
1.0,0.9982993197278912,0.6240875912408759,0.21658986175115208,0.40268456375838924,1.0,1.0,1.0,1.0,1.0,0.0,-3.0517578125e-05,-3.0517578125e-05,-3.0517578125e-05,-3.0517578125e-05,-3.0517578125e-05,-3.0517578125e-05,G,2,2026-08-22_23-06-48,2026-08-23
0.9145454545454546,1.0,0.7116788321167883,0.20276497695852536,0.5369127516778524,1.0,1.0,1.0,1.0,1.0,0.0,-3.0517578125e-05,-3.0517578125e-05,-3.0517578125e-05,-3.0517578125e-05,-3.0517578125e-05,-3.0517578125e-05,G,2,2026-08-22_23-06-48,2026-08-23
0.9781818181818182,1.0,0.7043795620437956,0.16589861751152074,0.0,1.0,1.0,1.0,1.0,1.0,0.0,-3.0517578125e-05,-3.0517578125e-05,-3.0517578125e-05,-3.0517578125e-05,-3.0517578125e-05,-3.0517578125e-05,G,2,2026-08-22_23-06-48,2026-08-23
0.62,0.7738095238095238,0.291970802919708,0.0,0.0,1.0,1.0,1.0,1.0,1.0,0.0,-3.0517578125e-05,-3.0517578125e-05,-3.0517578125e-05,-3.0517578125e-05,-3.0517578125e-05,-3.0517578125e-05,G,3,2026-08-22_23-06-48,2026-08-23
1.0,1.0,1.0,0.9631336405529954,0.0,1.0,1.0,1.0,1.0,1.0,0.0,-3.0517578125e-05,-3.0517578125e-05,-3.0517578125e-05,-3.0517578125e-05,-3.0517578125e-05,-3.0517578125e-05,G,3,2026-08-22_23-06-48,2026-08-23
0.9872727272727273,1.0,0.42700729927007297,0.5898617511520737,1.0,1.0,1.0,1.0,1.0,1.0,0.0,-3.0517578125e-05,-3.0517578125e-05,-3.0517578125e-05,-3.0517578125e-05,-3.0517578125e-05,-3.0517578125e-05,G,3,2026-08-22_23-06-48,2026-08-23
1.0,1.0,1.0,0.9815668202764977,0.0,1.0,1.0,1.0,1.0,1.0,0.0,-3.0517578125e-05,-3.0517578125e-05,-3.0517578125e-05,-3.0517578125e-05,-3.0517578125e-05,-3.0517578125e-05,G,3,2026-08-22_23-06-48,2026-08-23
0.7854545454545454,0.9727891156462585,0.12773722627737227,0.31797235023041476,0.8053691275167785,1.0,1.0,1.0,1.0,1.0,0.0,-3.0517578125e-05,-3.0517578125e-05,-3.0517578125e-05,-3.0517578125e-05,-3.0517578125e-05,-3.0517578125e-05,G,3,2026-08-22_23-06-48,2026-08-23
1.0,1.0,1.0,0.9354838709677419,1.0,1.0,1.0,1.0,1.0,1.0,0.0,-3.0517578125e-05,-3.0517578125e-05,-3.0517578125e-05,-3.0517578125e-05,-3.0517578125e-05,-3.0517578125e-05,G,3,2026-08-22_23-06-48,2026-08-23
0.8909090909090909,0.9064625850340136,1.0,0.0,0.0,1.0,1.0,1.0,1.0,1.0,0.0,-3.0517578125e-05,-3.0517578125e-05,-3.0517578125e-05,-3.0517578125e-05,-3.0517578125e-05,-3.0517578125e-05,G,3,2026-08-22_23-06-48,2026-08-23
0.7890909090909091,0.782312925170068,0.34306569343065696,0.0,0.0,1.0,1.0,1.0,1.0,1.0,0.0,-3.0517578125e-05,-3.0517578125e-05,-3.0517578125e-05,-3.0517578125e-05,-3.0517578125e-05,-3.0517578125e-05,G,3,2026-08-22_23-06-48,2026-08-23
0.9145454545454546,0.9200680272108843,1.0,0.0,0.0,1.0,1.0,1.0,1.0,1.0,0.0,-3.0517578125e-05,-3.0517578125e-05,-3.0517578125e-05,-3.0517578125e-05,-3.0517578125e-05,-3.0517578125e-05,G,3,2026-08-22_23-06-48,2026-08-23
0.8527272727272728,0.8112244897959183,0.7445255474452555,0.0,0.0,1.0,1.0,1.0,1.0,1.0,0.0,-3.0517578125e-05,-3.0517578125e-05,-3.0517578125e-05,-3.0517578125e-05,-3.0517578125e-05,-3.0517578125e-05,G,3,2026-08-22_23-06-48,2026-08-23
0.7654545454545455,0.7721088435374149,0.7700729927007299,0.0,0.0,1.0,1.0,1.0,1.0,1.0,0.0,-3.0517578125e-05,-3.0517578125e-05,-3.0517578125e-05,-3.0517578125e-05,-3.0517578125e-05,-3.0517578125e-05,G,3,2026-08-22_23-06-48,2026-08-23
1.0,1.0,1.0,0.9447004608294931,1.0,1.0,1.0,1.0,1.0,1.0,0.0,-3.0517578125e-05,-3.0517578125e-05,-3.0517578125e-05,-3.0517578125e-05,-3.0517578125e-05,-3.0517578125e-05,G,3,2026-08-22_23-06-48,2026-08-23
0.8327272727272728,0.7619047619047619,0.6934306569343066,0.0,0.0,1.0,1.0,1.0,1.0,1.0,0.0,-3.0517578125e-05,-3.0517578125e-05,-3.0517578125e-05,-3.0517578125e-05,-3.0517578125e-05,-3.0517578125e-05,G,3,2026-08-22_23-06-48,2026-08-23
0.730909090909091,0.7959183673469388,0.46715328467153283,0.0,0.0,1.0,1.0,1.0,1.0,1.0,0.0,-3.0517578125e-05,-3.0517578125e-05,-3.0517578125e-05,-3.0517578125e-05,-3.0517578125e-05,-3.0517578125e-05,G,3,2026-08-22_23-06-48,2026-08-23
0.8072727272727273,0.8452380952380952,0.5912408759124088,0.0,0.0,1.0,1.0,1.0,1.0,1.0,0.0,-3.0517578125e-05,-3.0517578125e-05,-3.0517578125e-05,-3.0517578125e-05,-3.0517578125e-05,-3.0517578125e-05,G,3,2026-08-22_23-06-48,2026-08-23
0.8290909090909091,0.9370748299319728,0.24087591240875914,0.059907834101382486,0.8053691275167785,1.0,1.0,1.0,1.0,1.0,0.0,-3.0517578125e-05,-3.0517578125e-05,-3.0517578125e-05,-3.0517578125e-05,-3.0517578125e-05,-3.0517578125e-05,G,3,2026-08-22_23-06-48,2026-08-23
1.0,0.9523809523809523,1.0,0.0,0.0,1.0,1.0,1.0,1.0,1.0,0.0,-3.0517578125e-05,-3.0517578125e-05,-3.0517578125e-05,-3.0517578125e-05,-3.0517578125e-05,-3.0517578125e-05,G,3,2026-08-22_23-06-48,2026-08-23
0.8581818181818182,1.0,0.3248175182481752,0.2672811059907834,1.0,1.0,1.0,1.0,1.0,1.0,0.0,-3.0517578125e-05,-3.0517578125e-05,-3.0517578125e-05,-3.0517578125e-05,-3.0517578125e-05,-3.0517578125e-05,G,3,2026-08-22_23-06-48,2026-08-23
0.9181818181818182,0.8809523809523809,0.8686131386861314,0.0,0.0,1.0,1.0,1.0,1.0,1.0,0.0,-3.0517578125e-05,-3.0517578125e-05,-3.0517578125e-05,-3.0517578125e-05,-3.0517578125e-05,-3.0517578125e-05,G,3,2026-08-22_23-06-48,2026-08-23
1.0,1.0,1.0,0.21658986175115208,0.0,1.0,1.0,1.0,1.0,1.0,0.0,-3.0517578125e-05,-3.0517578125e-05,-3.0517578125e-05,-3.0517578125e-05,-3.0517578125e-05,-3.0517578125e-05,G,3,2026-08-22_23-06-48,2026-08-23
1.0,1.0,1.0,0.5898617511520737,0.48322147651006714,1.0,1.0,1.0,1.0,1.0,0.0,-3.0517578125e-05,-3.0517578125e-05,-3.0517578125e-05,-3.0517578125e-05,-3.0517578125e-05,-3.0517578125e-05,G,3,2026-08-22_23-06-48,2026-08-23
1.0,0.9914965986394558,1.0,0.0,0.0,1.0,1.0,1.0,1.0,1.0,0.0,-3.0517578125e-05,-3.0517578125e-05,-3.0517578125e-05,-3.0517578125e-05,-3.0517578125e-05,-3.0517578125e-05,G,3,2026-08-22_23-06-48,2026-08-23
0.7836363636363637,0.9081632653061225,0.4489051094890511,0.0,0.18791946308724833,1.0,1.0,1.0,1.0,1.0,0.0,-3.0517578125e-05,-3.0517578125e-05,-3.0517578125e-05,-3.0517578125e-05,-3.0517578125e-05,-3.0517578125e-05,G,3,2026-08-22_23-06-48,2026-08-23
0.9,0.8537414965986394,0.5291970802919708,0.0,0.0,1.0,1.0,1.0,1.0,1.0,0.0,-3.0517578125e-05,-3.0517578125e-05,-3.0517578125e-05,-3.0517578125e-05,-3.0517578125e-05,-3.0517578125e-05,G,3,2026-08-22_23-06-48,2026-08-23
1.0,1.0,1.0,0.0,0.0,1.0,1.0,1.0,1.0,1.0,0.0,-3.0517578125e-05,-3.0517578125e-05,-3.0517578125e-05,-3.0517578125e-05,-3.0517578125e-05,-3.0517578125e-05,G,3,2026-08-22_23-06-48,2026-08-23
0.9127272727272727,0.8707482993197279,0.9124087591240876,0.0,0.0,1.0,1.0,1.0,1.0,1.0,0.0,-3.0517578125e-05,-3.0517578125e-05,-3.0517578125e-05,-3.0517578125e-05,-3.0517578125e-05,-3.0517578125e-05,G,3,2026-08-22_23-06-48,2026-08-23
0.96,0.9846938775510204,0.38321167883211676,0.2995391705069124,1.0,1.0,1.0,1.0,1.0,1.0,0.0,-3.0517578125e-05,-3.0517578125e-05,-3.0517578125e-05,-3.0517578125e-05,-3.0517578125e-05,-3.0517578125e-05,G,3,2026-08-22_23-06-48,2026-08-23
0.9890909090909091,0.9455782312925171,1.0,0.0,0.0,1.0,1.0,1.0,1.0,1.0,0.0,-3.0517578125e-05,-3.0517578125e-05,-3.0517578125e-05,-3.0517578125e-05,-3.0517578125e-05,-3.0517578125e-05,G,3,2026-08-22_23-06-48,2026-08-23
1.0,1.0,1.0,0.5622119815668203,0.912751677852349,1.0,1.0,1.0,1.0,1.0,0.0,-3.0517578125e-05,-3.0517578125e-05,-3.0517578125e-05,-3.0517578125e-05,-3.0517578125e-05,-3.0517578125e-05,G,3,2026-08-22_23-06-48,2026-08-23
1.0,1.0,1.0,0.07834101382488479,0.0,1.0,1.0,1.0,1.0,1.0,0.0,-3.0517578125e-05,-3.0517578125e-05,-3.0517578125e-05,-3.0517578125e-05,-3.0517578125e-05,-3.0517578125e-05,G,3,2026-08-22_23-06-48,2026-08-23
1.0,1.0,1.0,0.6866359447004609,1.0,1.0,1.0,1.0,1.0,1.0,0.0,-3.0517578125e-05,-3.0517578125e-05,-3.0517578125e-05,-3.0517578125e-05,-3.0517578125e-05,-3.0517578125e-05,G,3,2026-08-22_23-06-48,2026-08-23
1.0,1.0,1.0,0.8709677419354839,1.0,1.0,1.0,1.0,1.0,1.0,0.0,-3.0517578125e-05,-3.0517578125e-05,-3.0517578125e-05,-3.0517578125e-05,-3.0517578125e-05,-3.0517578125e-05,G,3,2026-08-22_23-06-48,2026-08-23
1.0,0.9523809523809523,1.0,0.0,0.0,1.0,1.0,1.0,1.0,1.0,0.0,-3.0517578125e-05,-3.0517578125e-05,-3.0517578125e-05,-3.0517578125e-05,-3.0517578125e-05,-3.0517578125e-05,G,3,2026-08-22_23-06-48,2026-08-23
1.0,1.0,1.0,0.004608294930875576,0.0,1.0,1.0,1.0,1.0,1.0,0.0,-3.0517578125e-05,-3.0517578125e-05,-3.0517578125e-05,-3.0517578125e-05,-3.0517578125e-05,-3.0517578125e-05,G,3,2026-08-22_23-06-48,2026-08-23
1.0,1.0,0.5364963503649635,0.37327188940092165,1.0,1.0,1.0,1.0,1.0,1.0,0.0,-3.0517578125e-05,-3.0517578125e-05,-3.0517578125e-05,-3.0517578125e-05,-3.0517578125e-05,-3.0517578125e-05,G,3,2026-08-22_23-06-48,2026-08-23
1.0,1.0,1.0,0.8709677419354839,1.0,1.0,1.0,1.0,1.0,1.0,0.0,-3.0517578125e-05,-3.0517578125e-05,-3.0517578125e-05,-3.0517578125e-05,-3.0517578125e-05,-3.0517578125e-05,G,3,2026-08-22_23-06-48,2026-08-23
1.0,1.0,1.0,0.8847926267281107,1.0,1.0,1.0,1.0,1.0,1.0,0.0,-3.0517578125e-05,-3.0517578125e-05,-3.0517578125e-05,-3.0517578125e-05,-3.0517578125e-05,-3.0517578125e-05,G,3,2026-08-22_23-06-48,2026-08-23
1.0,1.0,0.5912408759124088,0.6082949308755761,1.0,1.0,1.0,1.0,1.0,1.0,0.0,-3.0517578125e-05,-3.0517578125e-05,-3.0517578125e-05,-3.0517578125e-05,-3.0517578125e-05,-3.0517578125e-05,G,3,2026-08-22_23-06-48,2026-08-23
1.0,1.0,1.0,0.880184331797235,1.0,1.0,1.0,1.0,1.0,1.0,0.0,-3.0517578125e-05,-3.0517578125e-05,-3.0517578125e-05,-3.0517578125e-05,-3.0517578125e-05,-3.0517578125e-05,G,3,2026-08-22_23-06-48,2026-08-23
0.9109090909090909,0.9370748299319728,0.5875912408759124,0.013824884792626729,0.5100671140939598,1.0,1.0,1.0,1.0,1.0,0.0,-3.0517578125e-05,-3.0517578125e-05,-3.0517578125e-05,-3.0517578125e-05,-3.0517578125e-05,-3.0517578125e-05,G,3,2026-08-22_23-06-48,2026-08-23
1.0,1.0,1.0,0.15207373271889402,0.053691275167785234,1.0,1.0,1.0,1.0,1.0,1.0,-3.0517578125e-05,-3.0517578125e-05,-3.0517578125e-05,-3.0517578125e-05,-3.0517578125e-05,-3.0517578125e-05,G,4,2026-08-22_23-06-48,2026-08-23
1.0,1.0,1.0,0.004608294930875576,0.09395973154362416,1.0,1.0,1.0,1.0,1.0,1.0,-3.0517578125e-05,-3.0517578125e-05,-3.0517578125e-05,-3.0517578125e-05,-3.0517578125e-05,-3.0517578125e-05,G,4,2026-08-22_23-06-48,2026-08-23
1.0,1.0,0.9124087591240876,0.0,0.2684563758389262,1.0,1.0,1.0,1.0,1.0,1.0,-3.0517578125e-05,-3.0517578125e-05,-3.0517578125e-05,-3.0517578125e-05,-3.0517578125e-05,-3.0517578125e-05,G,4,2026-08-22_23-06-48,2026-08-23
1.0,1.0,0.9963503649635036,0.08755760368663594,0.2684563758389262,1.0,1.0,1.0,1.0,1.0,1.0,-3.0517578125e-05,-3.0517578125e-05,-3.0517578125e-05,-3.0517578125e-05,-3.0517578125e-05,-3.0517578125e-05,G,4,2026-08-22_23-06-48,2026-08-23
1.0,0.9965986394557823,0.9671532846715328,0.15668202764976957,0.053691275167785234,1.0,1.0,1.0,1.0,1.0,1.0,-3.0517578125e-05,-3.0517578125e-05,-3.0517578125e-05,-3.0517578125e-05,-3.0517578125e-05,-3.0517578125e-05,G,4,2026-08-22_23-06-48,2026-08-23
1.0,1.0,1.0,0.0,0.08053691275167785,1.0,1.0,1.0,1.0,1.0,1.0,-3.0517578125e-05,-3.0517578125e-05,-3.0517578125e-05,-3.0517578125e-05,-3.0517578125e-05,-3.0517578125e-05,G,4,2026-08-22_23-06-48,2026-08-23
1.0,1.0,0.9598540145985401,0.1152073732718894,0.18791946308724833,1.0,1.0,1.0,1.0,1.0,1.0,-3.0517578125e-05,-3.0517578125e-05,-3.0517578125e-05,-3.0517578125e-05,-3.0517578125e-05,-3.0517578125e-05,G,4,2026-08-22_23-06-48,2026-08-23
1.0,0.9914965986394558,1.0,0.0,0.18791946308724833,1.0,1.0,1.0,1.0,1.0,1.0,-3.0517578125e-05,-3.0517578125e-05,-3.0517578125e-05,-3.0517578125e-05,-3.0517578125e-05,-3.0517578125e-05,G,4,2026-08-22_23-06-48,2026-08-23
1.0,0.9829931972789115,1.0,0.08755760368663594,0.1342281879194631,1.0,1.0,1.0,1.0,1.0,1.0,-3.0517578125e-05,-3.0517578125e-05,-3.0517578125e-05,-3.0517578125e-05,-3.0517578125e-05,-3.0517578125e-05,G,4,2026-08-22_23-06-48,2026-08-23
1.0,0.9625850340136054,0.9744525547445255,0.14746543778801843,0.21476510067114093,1.0,1.0,1.0,1.0,1.0,1.0,-3.0517578125e-05,-3.0517578125e-05,-3.0517578125e-05,-3.0517578125e-05,-3.0517578125e-05,-3.0517578125e-05,G,4,2026-08-22_23-06-48,2026-08-23
1.0,0.9982993197278912,0.9014598540145985,0.07373271889400922,0.1476510067114094,1.0,1.0,1.0,1.0,1.0,1.0,-3.0517578125e-05,-3.0517578125e-05,-3.0517578125e-05,-3.0517578125e-05,-3.0517578125e-05,-3.0517578125e-05,G,4,2026-08-22_23-06-48,2026-08-23
1.0,1.0,1.0,0.1152073732718894,0.33557046979865773,1.0,1.0,1.0,1.0,1.0,1.0,-3.0517578125e-05,-3.0517578125e-05,-3.0517578125e-05,-3.0517578125e-05,-3.0517578125e-05,-3.0517578125e-05,G,4,2026-08-22_23-06-48,2026-08-23
1.0,1.0,1.0,0.1382488479262673,0.18791946308724833,1.0,1.0,1.0,1.0,1.0,1.0,-3.0517578125e-05,-3.0517578125e-05,-3.0517578125e-05,-3.0517578125e-05,-3.0517578125e-05,-3.0517578125e-05,G,4,2026-08-22_23-06-48,2026-08-23
1.0,0.9982993197278912,1.0,0.15207373271889402,0.37583892617449666,1.0,1.0,1.0,1.0,1.0,1.0,-3.0517578125e-05,-3.0517578125e-05,-3.0517578125e-05,-3.0517578125e-05,-3.0517578125e-05,-3.0517578125e-05,G,4,2026-08-22_23-06-48,2026-08-23
1.0,0.9897959183673469,1.0,0.2304147465437788,0.0,1.0,1.0,1.0,1.0,1.0,1.0,-3.0517578125e-05,-3.0517578125e-05,-3.0517578125e-05,-3.0517578125e-05,-3.0517578125e-05,-3.0517578125e-05,G,4,2026-08-22_23-06-48,2026-08-23
1.0,1.0,1.0,0.0,0.1476510067114094,1.0,1.0,1.0,1.0,1.0,1.0,-3.0517578125e-05,-3.0517578125e-05,-3.0517578125e-05,-3.0517578125e-05,-3.0517578125e-05,-3.0517578125e-05,G,4,2026-08-22_23-06-48,2026-08-23
1.0,1.0,0.9452554744525548,0.009216589861751152,0.28187919463087246,1.0,1.0,1.0,1.0,1.0,1.0,-3.0517578125e-05,-3.0517578125e-05,-3.0517578125e-05,-3.0517578125e-05,-3.0517578125e-05,-3.0517578125e-05,G,4,2026-08-22_23-06-48,2026-08-23
1.0,0.9897959183673469,1.0,0.07373271889400922,0.21476510067114093,1.0,1.0,1.0,1.0,1.0,1.0,-3.0517578125e-05,-3.0517578125e-05,-3.0517578125e-05,-3.0517578125e-05,-3.0517578125e-05,-3.0517578125e-05,G,4,2026-08-22_23-06-48,2026-08-23
1.0,1.0,1.0,0.11981566820276497,0.2953020134228188,1.0,1.0,1.0,1.0,1.0,1.0,-3.0517578125e-05,-3.0517578125e-05,-3.0517578125e-05,-3.0517578125e-05,-3.0517578125e-05,-3.0517578125e-05,G,4,2026-08-22_23-06-48,2026-08-23
1.0,0.9948979591836735,1.0,0.14746543778801843,0.040268456375838924,1.0,1.0,1.0,1.0,1.0,1.0,-3.0517578125e-05,-3.0517578125e-05,-3.0517578125e-05,-3.0517578125e-05,-3.0517578125e-05,-3.0517578125e-05,G,4,2026-08-22_23-06-48,2026-08-23
1.0,0.9982993197278912,1.0,0.041474654377880185,0.1342281879194631,1.0,1.0,1.0,1.0,1.0,1.0,-3.0517578125e-05,-3.0517578125e-05,-3.0517578125e-05,-3.0517578125e-05,-3.0517578125e-05,-3.0517578125e-05,G,4,2026-08-22_23-06-48,2026-08-23
1.0,0.9880952380952381,0.9708029197080292,0.1889400921658986,0.2953020134228188,1.0,1.0,1.0,1.0,1.0,1.0,-3.0517578125e-05,-3.0517578125e-05,-3.0517578125e-05,-3.0517578125e-05,-3.0517578125e-05,-3.0517578125e-05,G,4,2026-08-22_23-06-48,2026-08-23
1.0,1.0,0.9233576642335767,0.17972350230414746,0.21476510067114093,1.0,1.0,1.0,1.0,1.0,1.0,-3.0517578125e-05,-3.0517578125e-05,-3.0517578125e-05,-3.0517578125e-05,-3.0517578125e-05,-3.0517578125e-05,G,4,2026-08-22_23-06-48,2026-08-23
1.0,0.9778911564625851,0.916058394160584,0.2073732718894009,0.3087248322147651,1.0,1.0,1.0,1.0,1.0,1.0,-3.0517578125e-05,-3.0517578125e-05,-3.0517578125e-05,-3.0517578125e-05,-3.0517578125e-05,-3.0517578125e-05,G,4,2026-08-22_23-06-48,2026-08-23
1.0,1.0,0.9854014598540146,0.20276497695852536,0.174496644295302,1.0,1.0,1.0,1.0,1.0,1.0,-3.0517578125e-05,-3.0517578125e-05,-3.0517578125e-05,-3.0517578125e-05,-3.0517578125e-05,-3.0517578125e-05,G,4,2026-08-22_23-06-48,2026-08-23
1.0,1.0,1.0,0.06451612903225806,0.2953020134228188,1.0,1.0,1.0,1.0,1.0,1.0,-3.0517578125e-05,-3.0517578125e-05,-3.0517578125e-05,-3.0517578125e-05,-3.0517578125e-05,-3.0517578125e-05,G,4,2026-08-22_23-06-48,2026-08-23
1.0,1.0,0.9927007299270073,0.07373271889400922,0.026845637583892617,1.0,1.0,1.0,1.0,1.0,1.0,-3.0517578125e-05,-3.0517578125e-05,-3.0517578125e-05,-3.0517578125e-05,-3.0517578125e-05,-3.0517578125e-05,G,4,2026-08-22_23-06-48,2026-08-23
1.0,0.9897959183673469,1.0,0.15207373271889402,0.348993288590604,1.0,1.0,1.0,1.0,1.0,1.0,-3.0517578125e-05,-3.0517578125e-05,-3.0517578125e-05,-3.0517578125e-05,-3.0517578125e-05,-3.0517578125e-05,G,4,2026-08-22_23-06-48,2026-08-23
1.0,1.0,1.0,0.12903225806451613,0.1476510067114094,1.0,1.0,1.0,1.0,1.0,1.0,-3.0517578125e-05,-3.0517578125e-05,-3.0517578125e-05,-3.0517578125e-05,-3.0517578125e-05,-3.0517578125e-05,G,4,2026-08-22_23-06-48,2026-08-23
1.0,0.967687074829932,0.9671532846715328,0.22580645161290322,0.1342281879194631,1.0,1.0,1.0,1.0,1.0,1.0,-3.0517578125e-05,-3.0517578125e-05,-3.0517578125e-05,-3.0517578125e-05,-3.0517578125e-05,-3.0517578125e-05,G,4,2026-08-22_23-06-48,2026-08-23
1.0,1.0,1.0,0.06912442396313365,0.21476510067114093,1.0,1.0,1.0,1.0,1.0,1.0,-3.0517578125e-05,-3.0517578125e-05,-3.0517578125e-05,-3.0517578125e-05,-3.0517578125e-05,-3.0517578125e-05,G,4,2026-08-22_23-06-48,2026-08-23
1.0,1.0,1.0,0.2626728110599078,0.1476510067114094,1.0,1.0,1.0,1.0,1.0,1.0,-3.0517578125e-05,-3.0517578125e-05,-3.0517578125e-05,-3.0517578125e-05,-3.0517578125e-05,-3.0517578125e-05,G,4,2026-08-22_23-06-48,2026-08-23
1.0,1.0,1.0,0.10138248847926268,0.3221476510067114,1.0,1.0,1.0,1.0,1.0,1.0,-3.0517578125e-05,-3.0517578125e-05,-3.0517578125e-05,-3.0517578125e-05,-3.0517578125e-05,-3.0517578125e-05,G,4,2026-08-22_23-06-48,2026-08-23
1.0,1.0,1.0,0.08755760368663594,0.3221476510067114,1.0,1.0,1.0,1.0,1.0,1.0,-3.0517578125e-05,-3.0517578125e-05,-3.0517578125e-05,-3.0517578125e-05,-3.0517578125e-05,-3.0517578125e-05,G,4,2026-08-22_23-06-48,2026-08-23
1.0,1.0,1.0,0.07373271889400922,0.2684563758389262,1.0,1.0,1.0,1.0,1.0,1.0,-3.0517578125e-05,-3.0517578125e-05,-3.0517578125e-05,-3.0517578125e-05,-3.0517578125e-05,-3.0517578125e-05,G,4,2026-08-22_23-06-48,2026-08-23
1.0,0.9540816326530612,1.0,0.07373271889400922,0.3624161073825503,1.0,1.0,1.0,1.0,1.0,1.0,-3.0517578125e-05,-3.0517578125e-05,-3.0517578125e-05,-3.0517578125e-05,-3.0517578125e-05,-3.0517578125e-05,G,4,2026-08-22_23-06-48,2026-08-23
1.0,1.0,0.9343065693430657,0.2764976958525346,0.1610738255033557,1.0,1.0,1.0,1.0,1.0,1.0,-3.0517578125e-05,-3.0517578125e-05,-3.0517578125e-05,-3.0517578125e-05,-3.0517578125e-05,-3.0517578125e-05,G,4,2026-08-22_23-06-48,2026-08-23
1.0,0.9523809523809523,1.0,0.17511520737327188,0.1610738255033557,1.0,1.0,1.0,1.0,1.0,1.0,-3.0517578125e-05,-3.0517578125e-05,-3.0517578125e-05,-3.0517578125e-05,-3.0517578125e-05,-3.0517578125e-05,G,4,2026-08-22_23-06-48,2026-08-23
1.0,1.0,1.0,0.08755760368663594,0.33557046979865773,1.0,1.0,1.0,1.0,1.0,0.0,-3.0517578125e-05,-3.0517578125e-05,-3.0517578125e-05,-3.0517578125e-05,-3.0517578125e-05,-3.0517578125e-05,G,4,2026-08-22_23-06-48,2026-08-23
1.0,1.0,1.0,0.07834101382488479,0.48322147651006714,1.0,1.0,1.0,1.0,1.0,1.0,-3.0517578125e-05,-3.0517578125e-05,-3.0517578125e-05,-3.0517578125e-05,-3.0517578125e-05,-3.0517578125e-05,G,4,2026-08-22_23-06-48,2026-08-23
0.9690909090909091,0.7993197278911565,0.0,0.0,0.8187919463087249,0.0,1.0,1.0,1.0,1.0,0.0,-3.0517578125e-05,-3.0517578125e-05,-3.0517578125e-05,-3.0517578125e-05,-3.0517578125e-05,-3.0517578125e-05,H,0,2026-08-22_23-06-48,2026-08-23
0.9036363636363637,0.9081632653061225,0.0,0.0,0.8053691275167785,0.0,1.0,1.0,1.0,1.0,0.0,-3.0517578125e-05,-3.0517578125e-05,-3.0517578125e-05,-3.0517578125e-05,-3.0517578125e-05,-3.0517578125e-05,H,0,2026-08-22_23-06-48,2026-08-23
0.9890909090909091,0.9897959183673469,0.0,0.0,0.3624161073825503,0.0,1.0,1.0,1.0,1.0,0.0,-3.0517578125e-05,-3.0517578125e-05,-3.0517578125e-05,-3.0517578125e-05,-3.0517578125e-05,-3.0517578125e-05,H,0,2026-08-22_23-06-48,2026-08-23
0.96,0.8622448979591837,0.0,0.0,1.0,0.0,1.0,1.0,1.0,1.0,0.0,-3.0517578125e-05,-3.0517578125e-05,-3.0517578125e-05,-3.0517578125e-05,-3.0517578125e-05,-3.0517578125e-05,H,0,2026-08-22_23-06-48,2026-08-23
1.0,1.0,0.0,0.0,0.0,0.0,1.0,1.0,1.0,1.0,0.0,-3.0517578125e-05,-3.0517578125e-05,-3.0517578125e-05,-3.0517578125e-05,-3.0517578125e-05,-3.0517578125e-05,H,0,2026-08-22_23-06-48,2026-08-23
0.9109090909090909,1.0,0.0,0.0,0.8053691275167785,0.0,1.0,1.0,1.0,1.0,0.0,-3.0517578125e-05,-3.0517578125e-05,-3.0517578125e-05,-3.0517578125e-05,-3.0517578125e-05,-3.0517578125e-05,H,0,2026-08-22_23-06-48,2026-08-23
1.0,1.0,0.0,0.0,0.2953020134228188,0.0,1.0,1.0,1.0,1.0,0.0,-3.0517578125e-05,-3.0517578125e-05,-3.0517578125e-05,-3.0517578125e-05,-3.0517578125e-05,-3.0517578125e-05,H,0,2026-08-22_23-06-48,2026-08-23
0.9745454545454545,0.9574829931972789,0.0,0.0,0.20134228187919462,0.0,1.0,1.0,1.0,1.0,0.0,-3.0517578125e-05,-3.0517578125e-05,-3.0517578125e-05,-3.0517578125e-05,-3.0517578125e-05,-3.0517578125e-05,H,0,2026-08-22_23-06-48,2026-08-23
1.0,0.923469387755102,0.0,0.0,0.1342281879194631,0.0,1.0,1.0,1.0,1.0,0.0,-3.0517578125e-05,-3.0517578125e-05,-3.0517578125e-05,-3.0517578125e-05,-3.0517578125e-05,-3.0517578125e-05,H,0,2026-08-22_23-06-48,2026-08-23
1.0,0.9302721088435374,0.0,0.0,0.1476510067114094,0.0,1.0,1.0,1.0,1.0,0.0,-3.0517578125e-05,-3.0517578125e-05,-3.0517578125e-05,-3.0517578125e-05,-3.0517578125e-05,-3.0517578125e-05,H,0,2026-08-22_23-06-48,2026-08-23
0.9563636363636364,0.9115646258503401,0.0,0.0,0.9798657718120806,0.0,1.0,1.0,1.0,1.0,0.0,-3.0517578125e-05,-3.0517578125e-05,-3.0517578125e-05,-3.0517578125e-05,-3.0517578125e-05,-3.0517578125e-05,H,0,2026-08-22_23-06-48,2026-08-23
0.9,0.9574829931972789,0.0,0.0,0.10738255033557047,0.0,1.0,1.0,1.0,1.0,0.0,-3.0517578125e-05,-3.0517578125e-05,-3.0517578125e-05,-3.0517578125e-05,-3.0517578125e-05,-3.0517578125e-05,H,0,2026-08-22_23-06-48,2026-08-23
0.8654545454545455,0.9897959183673469,0.0,0.0,1.0,0.0,1.0,1.0,1.0,1.0,0.0,-3.0517578125e-05,-3.0517578125e-05,-3.0517578125e-05,-3.0517578125e-05,-3.0517578125e-05,-3.0517578125e-05,H,0,2026-08-22_23-06-48,2026-08-23
1.0,0.9863945578231292,0.0,0.0,0.053691275167785234,0.0,1.0,1.0,1.0,1.0,0.0,-3.0517578125e-05,-3.0517578125e-05,-3.0517578125e-05,-3.0517578125e-05,-3.0517578125e-05,-3.0517578125e-05,H,0,2026-08-22_23-06-48,2026-08-23
1.0,0.9387755102040817,0.0,0.0,0.0,0.0,1.0,1.0,1.0,1.0,0.0,-3.0517578125e-05,-3.0517578125e-05,-3.0517578125e-05,-3.0517578125e-05,-3.0517578125e-05,-3.0517578125e-05,H,0,2026-08-22_23-06-48,2026-08-23
1.0,0.9982993197278912,0.0,0.0,0.0,0.0,1.0,1.0,1.0,1.0,0.0,-3.0517578125e-05,-3.0517578125e-05,-3.0517578125e-05,-3.0517578125e-05,-3.0517578125e-05,-3.0517578125e-05,H,0,2026-08-22_23-06-48,2026-08-23
0.9654545454545455,0.9081632653061225,0.0,0.0,0.8053691275167785,0.0,1.0,1.0,1.0,1.0,0.0,-3.0517578125e-05,-3.0517578125e-05,-3.0517578125e-05,-3.0517578125e-05,-3.0517578125e-05,-3.0517578125e-05,H,0,2026-08-22_23-06-48,2026-08-23
1.0,0.9064625850340136,0.0,0.0,0.8053691275167785,0.0,1.0,1.0,1.0,1.0,0.0,-3.0517578125e-05,-3.0517578125e-05,-3.0517578125e-05,-3.0517578125e-05,-3.0517578125e-05,-3.0517578125e-05,H,0,2026-08-22_23-06-48,2026-08-23
0.9327272727272727,0.8979591836734694,0.0,0.0,0.8053691275167785,0.0,1.0,1.0,1.0,1.0,0.0,-3.0517578125e-05,-3.0517578125e-05,-3.0517578125e-05,-3.0517578125e-05,-3.0517578125e-05,-3.0517578125e-05,H,0,2026-08-22_23-06-48,2026-08-23
1.0,0.9591836734693877,0.0,0.0,0.3624161073825503,0.0,1.0,1.0,1.0,1.0,0.0,-3.0517578125e-05,-3.0517578125e-05,-3.0517578125e-05,-3.0517578125e-05,-3.0517578125e-05,-3.0517578125e-05,H,0,2026-08-22_23-06-48,2026-08-23
0.88,0.9897959183673469,0.0,0.0,0.4161073825503356,0.0,1.0,1.0,1.0,1.0,0.0,-3.0517578125e-05,-3.0517578125e-05,-3.0517578125e-05,-3.0517578125e-05,-3.0517578125e-05,-3.0517578125e-05,H,0,2026-08-22_23-06-48,2026-08-23
1.0,0.8962585034013606,0.0,0.0,1.0,0.0,1.0,1.0,1.0,1.0,0.0,-3.0517578125e-05,-3.0517578125e-05,-3.0517578125e-05,-3.0517578125e-05,-3.0517578125e-05,-3.0517578125e-05,H,0,2026-08-22_23-06-48,2026-08-23
0.96,0.9098639455782312,0.0,0.0,0.174496644295302,0.0,1.0,1.0,1.0,1.0,0.0,-3.0517578125e-05,-3.0517578125e-05,-3.0517578125e-05,-3.0517578125e-05,-3.0517578125e-05,-3.0517578125e-05,H,0,2026-08-22_23-06-48,2026-08-23
0.9872727272727273,0.8775510204081632,0.0,0.0,0.21476510067114093,0.0,1.0,1.0,1.0,1.0,0.0,-3.0517578125e-05,-3.0517578125e-05,-3.0517578125e-05,-3.0517578125e-05,-3.0517578125e-05,-3.0517578125e-05,H,0,2026-08-22_23-06-48,2026-08-23
0.9109090909090909,0.8843537414965986,0.0,0.0,0.18791946308724833,0.0,1.0,1.0,1.0,1.0,0.0,-3.0517578125e-05,-3.0517578125e-05,-3.0517578125e-05,-3.0517578125e-05,-3.0517578125e-05,-3.0517578125e-05,H,0,2026-08-22_23-06-48,2026-08-23
0.9272727272727272,0.9166666666666666,0.0,0.0,0.8053691275167785,0.0,1.0,1.0,1.0,1.0,0.0,-3.0517578125e-05,-3.0517578125e-05,-3.0517578125e-05,-3.0517578125e-05,-3.0517578125e-05,-3.0517578125e-05,H,0,2026-08-22_23-06-48,2026-08-23
0.9363636363636364,0.8860544217687075,0.0,0.0,0.1476510067114094,0.0,1.0,1.0,1.0,1.0,0.0,-3.0517578125e-05,-3.0517578125e-05,-3.0517578125e-05,-3.0517578125e-05,-3.0517578125e-05,-3.0517578125e-05,H,0,2026-08-22_23-06-48,2026-08-23
0.9472727272727273,0.9438775510204082,0.0,0.0,0.4429530201342282,0.0,1.0,1.0,1.0,1.0,0.0,-3.0517578125e-05,-3.0517578125e-05,-3.0517578125e-05,-3.0517578125e-05,-3.0517578125e-05,-3.0517578125e-05,H,0,2026-08-22_23-06-48,2026-08-23
1.0,0.8809523809523809,0.0,0.0,0.40268456375838924,0.0,1.0,1.0,1.0,1.0,0.0,-3.0517578125e-05,-3.0517578125e-05,-3.0517578125e-05,-3.0517578125e-05,-3.0517578125e-05,-3.0517578125e-05,H,0,2026-08-22_23-06-48,2026-08-23
0.94,0.9523809523809523,0.0,0.0,0.8053691275167785,0.0,1.0,1.0,1.0,1.0,0.0,-3.0517578125e-05,-3.0517578125e-05,-3.0517578125e-05,-3.0517578125e-05,-3.0517578125e-05,-3.0517578125e-05,H,0,2026-08-22_23-06-48,2026-08-23
0.8709090909090909,0.9336734693877551,0.0,0.0,0.8053691275167785,0.0,1.0,1.0,1.0,1.0,0.0,-3.0517578125e-05,-3.0517578125e-05,-3.0517578125e-05,-3.0517578125e-05,-3.0517578125e-05,-3.0517578125e-05,H,0,2026-08-22_23-06-48,2026-08-23
0.9745454545454545,0.8622448979591837,0.0,0.0,0.5100671140939598,0.0,1.0,1.0,1.0,1.0,0.0,-3.0517578125e-05,-3.0517578125e-05,-3.0517578125e-05,-3.0517578125e-05,-3.0517578125e-05,-3.0517578125e-05,H,0,2026-08-22_23-06-48,2026-08-23
0.8872727272727273,0.9404761904761905,0.0,0.0,0.37583892617449666,0.0,1.0,1.0,1.0,1.0,0.0,-3.0517578125e-05,-3.0517578125e-05,-3.0517578125e-05,-3.0517578125e-05,-3.0517578125e-05,-3.0517578125e-05,H,0,2026-08-22_23-06-48,2026-08-23
0.9109090909090909,0.9506802721088435,0.0,0.0,0.21476510067114093,0.0,1.0,1.0,1.0,1.0,0.0,-3.0517578125e-05,-3.0517578125e-05,-3.0517578125e-05,-3.0517578125e-05,-3.0517578125e-05,-3.0517578125e-05,H,0,2026-08-22_23-06-48,2026-08-23
1.0,0.9574829931972789,0.0,0.0,0.33557046979865773,0.0,1.0,1.0,1.0,1.0,0.0,-3.0517578125e-05,-3.0517578125e-05,-3.0517578125e-05,-3.0517578125e-05,-3.0517578125e-05,-3.0517578125e-05,H,0,2026-08-22_23-06-48,2026-08-23
1.0,0.8809523809523809,0.0,0.0,0.18791946308724833,0.0,1.0,1.0,1.0,1.0,0.0,-3.0517578125e-05,-3.0517578125e-05,-3.0517578125e-05,-3.0517578125e-05,-3.0517578125e-05,-3.0517578125e-05,H,0,2026-08-22_23-06-48,2026-08-23
1.0,0.9591836734693877,0.0,0.0,0.8053691275167785,0.0,1.0,1.0,1.0,1.0,0.0,-3.0517578125e-05,-3.0517578125e-05,-3.0517578125e-05,-3.0517578125e-05,-3.0517578125e-05,-3.0517578125e-05,H,0,2026-08-22_23-06-48,2026-08-23
0.9109090909090909,0.9455782312925171,0.0,0.0,0.8053691275167785,0.0,1.0,1.0,1.0,1.0,0.0,-3.0517578125e-05,-3.0517578125e-05,-3.0517578125e-05,-3.0517578125e-05,-3.0517578125e-05,-3.0517578125e-05,H,0,2026-08-22_23-06-48,2026-08-23
1.0,0.9421768707482994,0.0,0.0,0.3221476510067114,0.0,1.0,1.0,1.0,1.0,0.0,-3.0517578125e-05,-3.0517578125e-05,-3.0517578125e-05,-3.0517578125e-05,-3.0517578125e-05,-3.0517578125e-05,H,0,2026-08-22_23-06-48,2026-08-23
0.9054545454545454,0.9268707482993197,0.0,0.0,0.8053691275167785,0.0,1.0,1.0,1.0,1.0,0.0,-3.0517578125e-05,-3.0517578125e-05,-3.0517578125e-05,-3.0517578125e-05,-3.0517578125e-05,-3.0517578125e-05,H,0,2026-08-22_23-06-48,2026-08-23
0.9763636363636363,0.8775510204081632,0.0,0.0,0.10738255033557047,0.0,1.0,1.0,1.0,1.0,0.0,-3.0517578125e-05,-3.0517578125e-05,-3.0517578125e-05,-3.0517578125e-05,-3.0517578125e-05,-3.0517578125e-05,H,1,2026-08-22_23-06-48,2026-08-23
1.0,0.8928571428571429,0.0,0.0,0.1610738255033557,0.0,1.0,1.0,1.0,1.0,0.0,-3.0517578125e-05,-3.0517578125e-05,-3.0517578125e-05,-3.0517578125e-05,-3.0517578125e-05,-3.0517578125e-05,H,1,2026-08-22_23-06-48,2026-08-23
1.0,0.9319727891156463,0.0,0.0,0.38926174496644295,0.0,1.0,1.0,1.0,1.0,0.0,-3.0517578125e-05,-3.0517578125e-05,-3.0517578125e-05,-3.0517578125e-05,-3.0517578125e-05,-3.0517578125e-05,H,1,2026-08-22_23-06-48,2026-08-23
1.0,0.9336734693877551,0.0,0.0,0.2684563758389262,0.0,1.0,1.0,1.0,1.0,0.0,-3.0517578125e-05,-3.0517578125e-05,-3.0517578125e-05,-3.0517578125e-05,-3.0517578125e-05,-3.0517578125e-05,H,1,2026-08-22_23-06-48,2026-08-23
1.0,0.8826530612244898,0.0,0.0,0.38926174496644295,0.0,1.0,1.0,1.0,1.0,0.0,-3.0517578125e-05,-3.0517578125e-05,-3.0517578125e-05,-3.0517578125e-05,-3.0517578125e-05,-3.0517578125e-05,H,1,2026-08-22_23-06-48,2026-08-23
1.0,0.9506802721088435,0.0,0.0,0.174496644295302,0.0,1.0,1.0,1.0,1.0,0.0,-3.0517578125e-05,-3.0517578125e-05,-3.0517578125e-05,-3.0517578125e-05,-3.0517578125e-05,-3.0517578125e-05,H,1,2026-08-22_23-06-48,2026-08-23
1.0,0.9829931972789115,0.0,0.0,0.4966442953020134,0.0,1.0,1.0,1.0,1.0,0.0,-3.0517578125e-05,-3.0517578125e-05,-3.0517578125e-05,-3.0517578125e-05,-3.0517578125e-05,-3.0517578125e-05,H,1,2026-08-22_23-06-48,2026-08-23
1.0,0.9625850340136054,0.0,0.0,0.33557046979865773,0.0,1.0,1.0,1.0,1.0,0.0,-3.0517578125e-05,-3.0517578125e-05,-3.0517578125e-05,-3.0517578125e-05,-3.0517578125e-05,-3.0517578125e-05,H,1,2026-08-22_23-06-48,2026-08-23
1.0,0.9370748299319728,0.0,0.0,0.2684563758389262,0.0,1.0,1.0,1.0,1.0,0.0,-3.0517578125e-05,-3.0517578125e-05,-3.0517578125e-05,-3.0517578125e-05,-3.0517578125e-05,-3.0517578125e-05,H,1,2026-08-22_23-06-48,2026-08-23
1.0,0.8826530612244898,0.0,0.0,0.1610738255033557,0.0,1.0,1.0,1.0,1.0,0.0,-3.0517578125e-05,-3.0517578125e-05,-3.0517578125e-05,-3.0517578125e-05,-3.0517578125e-05,-3.0517578125e-05,H,1,2026-08-22_23-06-48,2026-08-23
1.0,0.8707482993197279,0.0,0.0,0.1610738255033557,0.0,1.0,1.0,1.0,1.0,0.0,-3.0517578125e-05,-3.0517578125e-05,-3.0517578125e-05,-3.0517578125e-05,-3.0517578125e-05,-3.0517578125e-05,H,1,2026-08-22_23-06-48,2026-08-23
1.0,0.9302721088435374,0.0,0.0,0.8053691275167785,0.0,1.0,1.0,1.0,1.0,0.0,-3.0517578125e-05,-3.0517578125e-05,-3.0517578125e-05,-3.0517578125e-05,-3.0517578125e-05,-3.0517578125e-05,H,1,2026-08-22_23-06-48,2026-08-23
1.0,0.7908163265306123,0.0,0.0,0.8053691275167785,0.0,1.0,1.0,1.0,1.0,0.0,-3.0517578125e-05,-3.0517578125e-05,-3.0517578125e-05,-3.0517578125e-05,-3.0517578125e-05,-3.0517578125e-05,H,1,2026-08-22_23-06-48,2026-08-23
1.0,0.9081632653061225,0.0,0.0,0.348993288590604,0.0,1.0,1.0,1.0,1.0,0.0,-3.0517578125e-05,-3.0517578125e-05,-3.0517578125e-05,-3.0517578125e-05,-3.0517578125e-05,-3.0517578125e-05,H,1,2026-08-22_23-06-48,2026-08-23
1.0,0.9081632653061225,0.0,0.0,0.4563758389261745,0.0,1.0,1.0,1.0,1.0,0.0,-3.0517578125e-05,-3.0517578125e-05,-3.0517578125e-05,-3.0517578125e-05,-3.0517578125e-05,-3.0517578125e-05,H,1,2026-08-22_23-06-48,2026-08-23
0.9490909090909091,0.8860544217687075,0.0,0.0,0.2684563758389262,0.0,1.0,1.0,1.0,1.0,0.0,-3.0517578125e-05,-3.0517578125e-05,-3.0517578125e-05,-3.0517578125e-05,-3.0517578125e-05,-3.0517578125e-05,H,1,2026-08-22_23-06-48,2026-08-23
1.0,0.9081632653061225,0.0,0.511520737327189,0.348993288590604,0.0,1.0,1.0,1.0,1.0,0.0,-3.0517578125e-05,-3.0517578125e-05,-3.0517578125e-05,-3.0517578125e-05,-3.0517578125e-05,-3.0517578125e-05,H,1,2026-08-22_23-06-48,2026-08-23
1.0,0.8724489795918368,0.0,0.0,0.0,0.0,1.0,1.0,1.0,1.0,0.0,-3.0517578125e-05,-3.0517578125e-05,-3.0517578125e-05,-3.0517578125e-05,-3.0517578125e-05,-3.0517578125e-05,H,1,2026-08-22_23-06-48,2026-08-23
1.0,0.9030612244897959,0.0,0.0,0.013422818791946308,0.0,1.0,1.0,1.0,1.0,0.0,-3.0517578125e-05,-3.0517578125e-05,-3.0517578125e-05,-3.0517578125e-05,-3.0517578125e-05,-3.0517578125e-05,H,1,2026-08-22_23-06-48,2026-08-23
1.0,0.9336734693877551,0.0,0.0,0.33557046979865773,0.0,1.0,1.0,1.0,1.0,0.0,-3.0517578125e-05,-3.0517578125e-05,-3.0517578125e-05,-3.0517578125e-05,-3.0517578125e-05,-3.0517578125e-05,H,1,2026-08-22_23-06-48,2026-08-23
1.0,0.9183673469387755,0.0,0.0,0.0,0.0,1.0,1.0,1.0,1.0,0.0,-3.0517578125e-05,-3.0517578125e-05,-3.0517578125e-05,-3.0517578125e-05,-3.0517578125e-05,-3.0517578125e-05,H,1,2026-08-22_23-06-48,2026-08-23
1.0,0.8486394557823129,0.0,0.0,0.21476510067114093,0.0,1.0,1.0,1.0,1.0,0.0,-3.0517578125e-05,-3.0517578125e-05,-3.0517578125e-05,-3.0517578125e-05,-3.0517578125e-05,-3.0517578125e-05,H,1,2026-08-22_23-06-48,2026-08-23
1.0,0.9200680272108843,0.0,0.0,0.1476510067114094,0.0,1.0,1.0,1.0,1.0,0.0,-3.0517578125e-05,-3.0517578125e-05,-3.0517578125e-05,-3.0517578125e-05,-3.0517578125e-05,-3.0517578125e-05,H,1,2026-08-22_23-06-48,2026-08-23
1.0,0.9523809523809523,0.0,0.0,0.06711409395973154,0.0,1.0,1.0,1.0,1.0,0.0,-3.0517578125e-05,-3.0517578125e-05,-3.0517578125e-05,-3.0517578125e-05,-3.0517578125e-05,-3.0517578125e-05,H,1,2026-08-22_23-06-48,2026-08-23
0.9818181818181818,0.8843537414965986,0.0,0.0,0.3624161073825503,0.0,1.0,1.0,1.0,1.0,0.0,-3.0517578125e-05,-3.0517578125e-05,-3.0517578125e-05,-3.0517578125e-05,-3.0517578125e-05,-3.0517578125e-05,H,1,2026-08-22_23-06-48,2026-08-23
1.0,0.8707482993197279,0.0,0.0,0.053691275167785234,0.0,1.0,1.0,1.0,1.0,0.0,-3.0517578125e-05,-3.0517578125e-05,-3.0517578125e-05,-3.0517578125e-05,-3.0517578125e-05,-3.0517578125e-05,H,1,2026-08-22_23-06-48,2026-08-23
0.9018181818181819,0.923469387755102,0.0,0.0,0.0,0.0,1.0,1.0,1.0,1.0,0.0,-3.0517578125e-05,-3.0517578125e-05,-3.0517578125e-05,-3.0517578125e-05,-3.0517578125e-05,-3.0517578125e-05,H,1,2026-08-22_23-06-48,2026-08-23
1.0,0.9625850340136054,0.0,0.0,0.4966442953020134,0.0,1.0,1.0,1.0,1.0,0.0,-3.0517578125e-05,-3.0517578125e-05,-3.0517578125e-05,-3.0517578125e-05,-3.0517578125e-05,-3.0517578125e-05,H,1,2026-08-22_23-06-48,2026-08-23
1.0,0.891156462585034,0.0,0.0,0.38926174496644295,0.0,1.0,1.0,1.0,1.0,0.0,-3.0517578125e-05,-3.0517578125e-05,-3.0517578125e-05,-3.0517578125e-05,-3.0517578125e-05,-3.0517578125e-05,H,1,2026-08-22_23-06-48,2026-08-23
1.0,0.9982993197278912,0.0,0.041474654377880185,0.08053691275167785,0.0,1.0,1.0,1.0,1.0,0.0,-3.0517578125e-05,-3.0517578125e-05,-3.0517578125e-05,-3.0517578125e-05,-3.0517578125e-05,-3.0517578125e-05,H,1,2026-08-22_23-06-48,2026-08-23
1.0,0.8996598639455783,0.0,0.06451612903225806,0.48322147651006714,0.0,1.0,1.0,1.0,1.0,0.0,-3.0517578125e-05,-3.0517578125e-05,-3.0517578125e-05,-3.0517578125e-05,-3.0517578125e-05,-3.0517578125e-05,H,1,2026-08-22_23-06-48,2026-08-23
0.9490909090909091,0.8894557823129252,0.0,0.009216589861751152,0.2953020134228188,0.0,1.0,1.0,1.0,1.0,0.0,-3.0517578125e-05,-3.0517578125e-05,-3.0517578125e-05,-3.0517578125e-05,-3.0517578125e-05,-3.0517578125e-05,H,1,2026-08-22_23-06-48,2026-08-23
1.0,0.8537414965986394,0.0,0.0,0.3624161073825503,0.0,1.0,1.0,1.0,1.0,0.0,-3.0517578125e-05,-3.0517578125e-05,-3.0517578125e-05,-3.0517578125e-05,-3.0517578125e-05,-3.0517578125e-05,H,1,2026-08-22_23-06-48,2026-08-23
1.0,0.9642857142857143,0.0,0.0,0.2953020134228188,0.0,1.0,1.0,1.0,1.0,0.0,-3.0517578125e-05,-3.0517578125e-05,-3.0517578125e-05,-3.0517578125e-05,-3.0517578125e-05,-3.0517578125e-05,H,1,2026-08-22_23-06-48,2026-08-23
1.0,0.8724489795918368,0.0,0.0,0.2953020134228188,0.0,1.0,1.0,1.0,1.0,0.0,-3.0517578125e-05,-3.0517578125e-05,-3.0517578125e-05,-3.0517578125e-05,-3.0517578125e-05,-3.0517578125e-05,H,1,2026-08-22_23-06-48,2026-08-23
1.0,0.9965986394557823,0.0,0.0,0.1342281879194631,0.0,1.0,1.0,1.0,1.0,0.0,-3.0517578125e-05,-3.0517578125e-05,-3.0517578125e-05,-3.0517578125e-05,-3.0517578125e-05,-3.0517578125e-05,H,1,2026-08-22_23-06-48,2026-08-23
1.0,0.967687074829932,0.0,0.0,0.174496644295302,0.0,1.0,1.0,1.0,1.0,0.0,-3.0517578125e-05,-3.0517578125e-05,-3.0517578125e-05,-3.0517578125e-05,-3.0517578125e-05,-3.0517578125e-05,H,1,2026-08-22_23-06-48,2026-08-23
0.9690909090909091,0.9081632653061225,0.0,0.0,0.4429530201342282,0.0,1.0,1.0,1.0,1.0,0.0,-3.0517578125e-05,-3.0517578125e-05,-3.0517578125e-05,-3.0517578125e-05,-3.0517578125e-05,-3.0517578125e-05,H,1,2026-08-22_23-06-48,2026-08-23
1.0,0.9625850340136054,0.0,0.0,0.1610738255033557,0.0,1.0,1.0,1.0,1.0,0.0,-3.0517578125e-05,-3.0517578125e-05,-3.0517578125e-05,-3.0517578125e-05,-3.0517578125e-05,-3.0517578125e-05,H,1,2026-08-22_23-06-48,2026-08-23
1.0,0.8758503401360545,0.0,0.0,0.18791946308724833,0.0,1.0,1.0,1.0,1.0,0.0,-3.0517578125e-05,-3.0517578125e-05,-3.0517578125e-05,-3.0517578125e-05,-3.0517578125e-05,-3.0517578125e-05,H,1,2026-08-22_23-06-48,2026-08-23
0.8472727272727273,0.79421768707483,0.0,0.0,0.0,0.0,1.0,1.0,1.0,1.0,0.0,-3.0517578125e-05,-3.0517578125e-05,-3.0517578125e-05,-3.0517578125e-05,-3.0517578125e-05,-3.0517578125e-05,H,2,2026-08-22_23-06-48,2026-08-23
0.8636363636363636,0.7534013605442177,0.0,0.0,0.0,0.0,1.0,1.0,1.0,1.0,0.0,-3.0517578125e-05,-3.0517578125e-05,-3.0517578125e-05,-3.0517578125e-05,-3.0517578125e-05,-3.0517578125e-05,H,2,2026-08-22_23-06-48,2026-08-23
0.9654545454545455,0.8996598639455783,0.0,0.0,0.0,0.0,1.0,1.0,1.0,1.0,0.0,-3.0517578125e-05,-3.0517578125e-05,-3.0517578125e-05,-3.0517578125e-05,-3.0517578125e-05,-3.0517578125e-05,H,2,2026-08-22_23-06-48,2026-08-23
1.0,0.9727891156462585,0.0,0.0,0.0,0.0,1.0,1.0,1.0,1.0,0.0,-3.0517578125e-05,-3.0517578125e-05,-3.0517578125e-05,-3.0517578125e-05,-3.0517578125e-05,-3.0517578125e-05,H,2,2026-08-22_23-06-48,2026-08-23
0.8763636363636363,0.8503401360544217,0.0,0.0,0.8053691275167785,0.0,1.0,1.0,1.0,1.0,0.0,-3.0517578125e-05,-3.0517578125e-05,-3.0517578125e-05,-3.0517578125e-05,-3.0517578125e-05,-3.0517578125e-05,H,2,2026-08-22_23-06-48,2026-08-23
1.0,1.0,0.0,0.33640552995391704,1.0,0.0,1.0,1.0,1.0,1.0,0.0,-3.0517578125e-05,-3.0517578125e-05,-3.0517578125e-05,-3.0517578125e-05,-3.0517578125e-05,-3.0517578125e-05,H,2,2026-08-22_23-06-48,2026-08-23
1.0,1.0,0.0,0.22119815668202766,1.0,0.0,1.0,1.0,1.0,1.0,0.0,-3.0517578125e-05,-3.0517578125e-05,-3.0517578125e-05,-3.0517578125e-05,-3.0517578125e-05,-3.0517578125e-05,H,2,2026-08-22_23-06-48,2026-08-23
1.0,0.9965986394557823,0.0,0.17511520737327188,0.8322147651006712,0.0,1.0,1.0,1.0,1.0,0.0,-3.0517578125e-05,-3.0517578125e-05,-3.0517578125e-05,-3.0517578125e-05,-3.0517578125e-05,-3.0517578125e-05,H,2,2026-08-22_23-06-48,2026-08-23
0.8236363636363636,0.7482993197278912,0.0,0.0,0.0,0.0,1.0,1.0,1.0,1.0,0.0,-3.0517578125e-05,-3.0517578125e-05,-3.0517578125e-05,-3.0517578125e-05,-3.0517578125e-05,-3.0517578125e-05,H,2,2026-08-22_23-06-48,2026-08-23
0.94,0.891156462585034,0.0,0.013824884792626729,1.0,0.0,1.0,1.0,1.0,1.0,0.0,-3.0517578125e-05,-3.0517578125e-05,-3.0517578125e-05,-3.0517578125e-05,-3.0517578125e-05,-3.0517578125e-05,H,2,2026-08-22_23-06-48,2026-08-23
1.0,0.9625850340136054,0.0,0.21658986175115208,1.0,0.0,1.0,1.0,1.0,1.0,0.0,-3.0517578125e-05,-3.0517578125e-05,-3.0517578125e-05,-3.0517578125e-05,-3.0517578125e-05,-3.0517578125e-05,H,2,2026-08-22_23-06-48,2026-08-23
1.0,0.8843537414965986,0.22627737226277372,0.0,0.08053691275167785,0.0,1.0,1.0,1.0,1.0,0.0,-3.0517578125e-05,-3.0517578125e-05,-3.0517578125e-05,-3.0517578125e-05,-3.0517578125e-05,-3.0517578125e-05,H,2,2026-08-22_23-06-48,2026-08-23
1.0,0.8503401360544217,0.0,0.0,0.0,0.0,1.0,1.0,1.0,1.0,0.0,-3.0517578125e-05,-3.0517578125e-05,-3.0517578125e-05,-3.0517578125e-05,-3.0517578125e-05,-3.0517578125e-05,H,2,2026-08-22_23-06-48,2026-08-23
0.9109090909090909,0.8214285714285714,0.0,0.0,0.1610738255033557,0.0,1.0,1.0,1.0,1.0,0.0,-3.0517578125e-05,-3.0517578125e-05,-3.0517578125e-05,-3.0517578125e-05,-3.0517578125e-05,-3.0517578125e-05,H,2,2026-08-22_23-06-48,2026-08-23
1.0,0.9948979591836735,0.0,0.14746543778801843,1.0,0.0,1.0,1.0,1.0,1.0,0.0,-3.0517578125e-05,-3.0517578125e-05,-3.0517578125e-05,-3.0517578125e-05,-3.0517578125e-05,-3.0517578125e-05,H,2,2026-08-22_23-06-48,2026-08-23
0.8945454545454545,0.7653061224489796,0.0,0.0,0.0,0.0,1.0,1.0,1.0,1.0,0.0,-3.0517578125e-05,-3.0517578125e-05,-3.0517578125e-05,-3.0517578125e-05,-3.0517578125e-05,-3.0517578125e-05,H,2,2026-08-22_23-06-48,2026-08-23
0.8654545454545455,1.0,0.0,0.027649769585253458,0.8053691275167785,0.0,1.0,1.0,1.0,1.0,0.0,-3.0517578125e-05,-3.0517578125e-05,-3.0517578125e-05,-3.0517578125e-05,-3.0517578125e-05,-3.0517578125e-05,H,2,2026-08-22_23-06-48,2026-08-23
1.0,0.9030612244897959,0.22992700729927007,0.2672811059907834,0.0,0.0,1.0,1.0,1.0,1.0,0.0,-3.0517578125e-05,-3.0517578125e-05,-3.0517578125e-05,-3.0517578125e-05,-3.0517578125e-05,-3.0517578125e-05,H,2,2026-08-22_23-06-48,2026-08-23
1.0,1.0,0.0,0.0,1.0,0.0,1.0,1.0,1.0,1.0,0.0,-3.0517578125e-05,-3.0517578125e-05,-3.0517578125e-05,-3.0517578125e-05,-3.0517578125e-05,-3.0517578125e-05,H,2,2026-08-22_23-06-48,2026-08-23
0.9890909090909091,0.8350340136054422,0.040145985401459854,0.0,0.10738255033557047,0.0,1.0,1.0,1.0,1.0,0.0,-3.0517578125e-05,-3.0517578125e-05,-3.0517578125e-05,-3.0517578125e-05,-3.0517578125e-05,-3.0517578125e-05,H,2,2026-08-22_23-06-48,2026-08-23
0.9509090909090909,0.9438775510204082,0.0,0.0,0.0,0.0,1.0,1.0,1.0,1.0,0.0,-3.0517578125e-05,-3.0517578125e-05,-3.0517578125e-05,-3.0517578125e-05,-3.0517578125e-05,-3.0517578125e-05,H,2,2026-08-22_23-06-48,2026-08-23
1.0,0.8486394557823129,0.0,0.0,0.2953020134228188,0.0,1.0,1.0,1.0,1.0,0.0,-3.0517578125e-05,-3.0517578125e-05,-3.0517578125e-05,-3.0517578125e-05,-3.0517578125e-05,-3.0517578125e-05,H,2,2026-08-22_23-06-48,2026-08-23
1.0,0.9081632653061225,0.0,0.0,0.20134228187919462,0.0,1.0,1.0,1.0,1.0,0.0,-3.0517578125e-05,-3.0517578125e-05,-3.0517578125e-05,-3.0517578125e-05,-3.0517578125e-05,-3.0517578125e-05,H,2,2026-08-22_23-06-48,2026-08-23
0.84,0.8435374149659864,0.0,0.0,0.06711409395973154,0.0,1.0,1.0,1.0,1.0,0.0,-3.0517578125e-05,-3.0517578125e-05,-3.0517578125e-05,-3.0517578125e-05,-3.0517578125e-05,-3.0517578125e-05,H,2,2026-08-22_23-06-48,2026-08-23
1.0,0.8996598639455783,0.0,0.0,0.42953020134228187,0.0,1.0,1.0,1.0,1.0,0.0,-3.0517578125e-05,-3.0517578125e-05,-3.0517578125e-05,-3.0517578125e-05,-3.0517578125e-05,-3.0517578125e-05,H,2,2026-08-22_23-06-48,2026-08-23
0.9981818181818182,1.0,0.0,0.19815668202764977,1.0,0.0,1.0,1.0,1.0,1.0,0.0,-3.0517578125e-05,-3.0517578125e-05,-3.0517578125e-05,-3.0517578125e-05,-3.0517578125e-05,-3.0517578125e-05,H,2,2026-08-22_23-06-48,2026-08-23
1.0,1.0,0.0,0.07373271889400922,0.9664429530201343,0.0,1.0,1.0,1.0,1.0,0.0,-3.0517578125e-05,-3.0517578125e-05,-3.0517578125e-05,-3.0517578125e-05,-3.0517578125e-05,-3.0517578125e-05,H,2,2026-08-22_23-06-48,2026-08-23
1.0,0.9319727891156463,0.0,0.009216589861751152,0.9261744966442953,0.0,1.0,1.0,1.0,1.0,0.0,-3.0517578125e-05,-3.0517578125e-05,-3.0517578125e-05,-3.0517578125e-05,-3.0517578125e-05,-3.0517578125e-05,H,2,2026-08-22_23-06-48,2026-08-23
1.0,0.7721088435374149,0.0,0.07373271889400922,0.3624161073825503,0.0,1.0,1.0,1.0,1.0,0.0,-3.0517578125e-05,-3.0517578125e-05,-3.0517578125e-05,-3.0517578125e-05,-3.0517578125e-05,-3.0517578125e-05,H,2,2026-08-22_23-06-48,2026-08-23
1.0,1.0,0.0,0.018433179723502304,0.8053691275167785,0.0,1.0,1.0,1.0,1.0,0.0,-3.0517578125e-05,-3.0517578125e-05,-3.0517578125e-05,-3.0517578125e-05,-3.0517578125e-05,-3.0517578125e-05,H,2,2026-08-22_23-06-48,2026-08-23
0.9254545454545454,0.8095238095238095,0.0,0.0,0.0,0.0,1.0,1.0,1.0,1.0,0.0,-3.0517578125e-05,-3.0517578125e-05,-3.0517578125e-05,-3.0517578125e-05,-3.0517578125e-05,-3.0517578125e-05,H,2,2026-08-22_23-06-48,2026-08-23
0.9290909090909091,0.9455782312925171,0.0,0.0,0.08053691275167785,0.0,1.0,1.0,1.0,1.0,0.0,-3.0517578125e-05,-3.0517578125e-05,-3.0517578125e-05,-3.0517578125e-05,-3.0517578125e-05,-3.0517578125e-05,H,2,2026-08-22_23-06-48,2026-08-23
1.0,1.0,0.0,0.0,1.0,0.0,1.0,1.0,1.0,1.0,0.0,-3.0517578125e-05,-3.0517578125e-05,-3.0517578125e-05,-3.0517578125e-05,-3.0517578125e-05,-3.0517578125e-05,H,2,2026-08-22_23-06-48,2026-08-23
0.9418181818181818,0.8282312925170068,0.0,0.0,0.1476510067114094,0.0,1.0,1.0,1.0,1.0,0.0,-3.0517578125e-05,-3.0517578125e-05,-3.0517578125e-05,-3.0517578125e-05,-3.0517578125e-05,-3.0517578125e-05,H,2,2026-08-22_23-06-48,2026-08-23
1.0,0.923469387755102,0.0,0.0,0.9932885906040269,0.0,1.0,1.0,1.0,1.0,0.0,-3.0517578125e-05,-3.0517578125e-05,-3.0517578125e-05,-3.0517578125e-05,-3.0517578125e-05,-3.0517578125e-05,H,2,2026-08-22_23-06-48,2026-08-23
1.0,0.8860544217687075,0.0,0.0,0.8053691275167785,0.0,1.0,1.0,1.0,1.0,0.0,-3.0517578125e-05,-3.0517578125e-05,-3.0517578125e-05,-3.0517578125e-05,-3.0517578125e-05,-3.0517578125e-05,H,2,2026-08-22_23-06-48,2026-08-23
1.0,1.0,0.0,0.059907834101382486,0.8456375838926175,0.0,1.0,1.0,1.0,1.0,0.0,-3.0517578125e-05,-3.0517578125e-05,-3.0517578125e-05,-3.0517578125e-05,-3.0517578125e-05,-3.0517578125e-05,H,2,2026-08-22_23-06-48,2026-08-23
0.9072727272727272,0.8044217687074829,0.0,0.0,0.4966442953020134,0.0,1.0,1.0,1.0,1.0,0.0,-3.0517578125e-05,-3.0517578125e-05,-3.0517578125e-05,-3.0517578125e-05,-3.0517578125e-05,-3.0517578125e-05,H,2,2026-08-22_23-06-48,2026-08-23
0.9690909090909091,0.8163265306122449,0.0,0.0,0.37583892617449666,0.0,1.0,1.0,1.0,1.0,0.0,-3.0517578125e-05,-3.0517578125e-05,-3.0517578125e-05,-3.0517578125e-05,-3.0517578125e-05,-3.0517578125e-05,H,2,2026-08-22_23-06-48,2026-08-23
0.8981818181818182,0.95578231292517,0.0,0.0,0.42953020134228187,0.0,1.0,1.0,1.0,1.0,0.0,-3.0517578125e-05,-3.0517578125e-05,-3.0517578125e-05,-3.0517578125e-05,-3.0517578125e-05,-3.0517578125e-05,H,2,2026-08-22_23-06-48,2026-08-23
1.0,1.0,0.010948905109489052,0.0,0.4563758389261745,1.0,1.0,1.0,1.0,1.0,0.0,-3.0517578125e-05,-3.0517578125e-05,-3.0517578125e-05,-3.0517578125e-05,-3.0517578125e-05,-3.0517578125e-05,H,3,2026-08-22_23-06-48,2026-08-23
0.8236363636363636,0.7227891156462585,0.0,0.0,1.0,1.0,1.0,1.0,1.0,1.0,0.0,-3.0517578125e-05,-3.0517578125e-05,-3.0517578125e-05,-3.0517578125e-05,-3.0517578125e-05,-3.0517578125e-05,H,3,2026-08-22_23-06-48,2026-08-23
1.0,0.8537414965986394,0.0,0.0,0.0,1.0,1.0,1.0,1.0,1.0,0.0,-3.0517578125e-05,-3.0517578125e-05,-3.0517578125e-05,-3.0517578125e-05,-3.0517578125e-05,-3.0517578125e-05,H,3,2026-08-22_23-06-48,2026-08-23
0.6472727272727272,0.5238095238095238,0.0,0.0,1.0,1.0,1.0,1.0,1.0,1.0,0.0,-3.0517578125e-05,-3.0517578125e-05,-3.0517578125e-05,-3.0517578125e-05,-3.0517578125e-05,-3.0517578125e-05,H,3,2026-08-22_23-06-48,2026-08-23
0.8690909090909091,0.8571428571428571,0.0,0.0,0.8322147651006712,1.0,1.0,1.0,1.0,1.0,0.0,-3.0517578125e-05,-3.0517578125e-05,-3.0517578125e-05,-3.0517578125e-05,-3.0517578125e-05,-3.0517578125e-05,H,3,2026-08-22_23-06-48,2026-08-23
1.0,0.7993197278911565,0.0,0.0,0.0,1.0,1.0,1.0,1.0,1.0,0.0,-3.0517578125e-05,-3.0517578125e-05,-3.0517578125e-05,-3.0517578125e-05,-3.0517578125e-05,-3.0517578125e-05,H,3,2026-08-22_23-06-48,2026-08-23
1.0,0.9200680272108843,0.0,0.0,0.0,1.0,1.0,1.0,1.0,1.0,0.0,-3.0517578125e-05,-3.0517578125e-05,-3.0517578125e-05,-3.0517578125e-05,-3.0517578125e-05,-3.0517578125e-05,H,3,2026-08-22_23-06-48,2026-08-23
0.9672727272727273,0.8316326530612245,0.0,0.0,0.0,1.0,1.0,1.0,1.0,1.0,0.0,-3.0517578125e-05,-3.0517578125e-05,-3.0517578125e-05,-3.0517578125e-05,-3.0517578125e-05,-3.0517578125e-05,H,3,2026-08-22_23-06-48,2026-08-23
0.7072727272727273,0.5510204081632653,0.0,0.0,1.0,1.0,1.0,1.0,1.0,1.0,0.0,-3.0517578125e-05,-3.0517578125e-05,-3.0517578125e-05,-3.0517578125e-05,-3.0517578125e-05,-3.0517578125e-05,H,3,2026-08-22_23-06-48,2026-08-23
0.68,0.46938775510204084,0.0,0.0,1.0,1.0,1.0,1.0,1.0,1.0,0.0,-3.0517578125e-05,-3.0517578125e-05,-3.0517578125e-05,-3.0517578125e-05,-3.0517578125e-05,-3.0517578125e-05,H,3,2026-08-22_23-06-48,2026-08-23
1.0,0.8435374149659864,0.0,0.0,0.0,1.0,1.0,1.0,1.0,1.0,0.0,-3.0517578125e-05,-3.0517578125e-05,-3.0517578125e-05,-3.0517578125e-05,-3.0517578125e-05,-3.0517578125e-05,H,3,2026-08-22_23-06-48,2026-08-23
1.0,0.858843537414966,0.0,0.0,0.0,1.0,1.0,1.0,1.0,1.0,0.0,-3.0517578125e-05,-3.0517578125e-05,-3.0517578125e-05,-3.0517578125e-05,-3.0517578125e-05,-3.0517578125e-05,H,3,2026-08-22_23-06-48,2026-08-23
1.0,0.9812925170068028,0.0,0.34101382488479265,1.0,1.0,1.0,1.0,1.0,1.0,0.0,-3.0517578125e-05,-3.0517578125e-05,-3.0517578125e-05,-3.0517578125e-05,-3.0517578125e-05,-3.0517578125e-05,H,3,2026-08-22_23-06-48,2026-08-23
0.7181818181818181,0.6105442176870748,0.0,0.0,0.8322147651006712,1.0,1.0,1.0,1.0,1.0,0.0,-3.0517578125e-05,-3.0517578125e-05,-3.0517578125e-05,-3.0517578125e-05,-3.0517578125e-05,-3.0517578125e-05,H,3,2026-08-22_23-06-48,2026-08-23
0.7854545454545454,0.6326530612244898,0.0,0.0,0.0,1.0,1.0,1.0,1.0,1.0,0.0,-3.0517578125e-05,-3.0517578125e-05,-3.0517578125e-05,-3.0517578125e-05,-3.0517578125e-05,-3.0517578125e-05,H,3,2026-08-22_23-06-48,2026-08-23
0.9490909090909091,0.7619047619047619,0.0,0.0,0.0,1.0,1.0,1.0,1.0,1.0,0.0,-3.0517578125e-05,-3.0517578125e-05,-3.0517578125e-05,-3.0517578125e-05,-3.0517578125e-05,-3.0517578125e-05,H,3,2026-08-22_23-06-48,2026-08-23
0.7527272727272727,0.5595238095238095,0.0,0.0,0.0,1.0,1.0,1.0,1.0,1.0,0.0,-3.0517578125e-05,-3.0517578125e-05,-3.0517578125e-05,-3.0517578125e-05,-3.0517578125e-05,-3.0517578125e-05,H,3,2026-08-22_23-06-48,2026-08-23
1.0,1.0,0.0,0.2672811059907834,0.0,1.0,1.0,1.0,1.0,1.0,0.0,-3.0517578125e-05,-3.0517578125e-05,-3.0517578125e-05,-3.0517578125e-05,-3.0517578125e-05,-3.0517578125e-05,H,3,2026-08-22_23-06-48,2026-08-23
0.850909090909091,0.6530612244897959,0.0,0.0,0.0,1.0,1.0,1.0,1.0,1.0,0.0,-3.0517578125e-05,-3.0517578125e-05,-3.0517578125e-05,-3.0517578125e-05,-3.0517578125e-05,-3.0517578125e-05,H,3,2026-08-22_23-06-48,2026-08-23
0.9436363636363636,0.923469387755102,0.0,0.0,0.0,1.0,1.0,1.0,1.0,1.0,0.0,-3.0517578125e-05,-3.0517578125e-05,-3.0517578125e-05,-3.0517578125e-05,-3.0517578125e-05,-3.0517578125e-05,H,3,2026-08-22_23-06-48,2026-08-23
0.7527272727272727,0.5969387755102041,0.0,0.0,1.0,1.0,1.0,1.0,1.0,1.0,0.0,-3.0517578125e-05,-3.0517578125e-05,-3.0517578125e-05,-3.0517578125e-05,-3.0517578125e-05,-3.0517578125e-05,H,3,2026-08-22_23-06-48,2026-08-23
0.8327272727272728,0.7159863945578231,0.0,0.0,0.21476510067114093,1.0,1.0,1.0,1.0,1.0,0.0,-3.0517578125e-05,-3.0517578125e-05,-3.0517578125e-05,-3.0517578125e-05,-3.0517578125e-05,-3.0517578125e-05,H,3,2026-08-22_23-06-48,2026-08-23
1.0,1.0,0.0,0.08755760368663594,0.912751677852349,1.0,1.0,1.0,1.0,1.0,0.0,-3.0517578125e-05,-3.0517578125e-05,-3.0517578125e-05,-3.0517578125e-05,-3.0517578125e-05,-3.0517578125e-05,H,3,2026-08-22_23-06-48,2026-08-23
0.9145454545454546,0.6904761904761905,0.0,0.0,0.0,1.0,1.0,1.0,1.0,1.0,0.0,-3.0517578125e-05,-3.0517578125e-05,-3.0517578125e-05,-3.0517578125e-05,-3.0517578125e-05,-3.0517578125e-05,H,3,2026-08-22_23-06-48,2026-08-23
0.8818181818181818,0.8095238095238095,0.0,0.0,0.0,1.0,1.0,1.0,1.0,1.0,0.0,-3.0517578125e-05,-3.0517578125e-05,-3.0517578125e-05,-3.0517578125e-05,-3.0517578125e-05,-3.0517578125e-05,H,3,2026-08-22_23-06-48,2026-08-23
0.8218181818181818,0.5544217687074829,0.0,0.0,0.0,1.0,1.0,1.0,1.0,1.0,0.0,-3.0517578125e-05,-3.0517578125e-05,-3.0517578125e-05,-3.0517578125e-05,-3.0517578125e-05,-3.0517578125e-05,H,3,2026-08-22_23-06-48,2026-08-23
0.7654545454545455,0.5918367346938775,0.0,0.0,0.8053691275167785,1.0,1.0,1.0,1.0,1.0,0.0,-3.0517578125e-05,-3.0517578125e-05,-3.0517578125e-05,-3.0517578125e-05,-3.0517578125e-05,-3.0517578125e-05,H,3,2026-08-22_23-06-48,2026-08-23
0.8527272727272728,0.7993197278911565,0.0,0.0,0.1476510067114094,1.0,1.0,1.0,1.0,1.0,0.0,-3.0517578125e-05,-3.0517578125e-05,-3.0517578125e-05,-3.0517578125e-05,-3.0517578125e-05,-3.0517578125e-05,H,3,2026-08-22_23-06-48,2026-08-23
1.0,0.8316326530612245,0.0,0.0,0.0,1.0,1.0,1.0,1.0,1.0,0.0,-3.0517578125e-05,-3.0517578125e-05,-3.0517578125e-05,-3.0517578125e-05,-3.0517578125e-05,-3.0517578125e-05,H,3,2026-08-22_23-06-48,2026-08-23
1.0,0.9931972789115646,0.0,0.30414746543778803,1.0,1.0,1.0,1.0,1.0,1.0,0.0,-3.0517578125e-05,-3.0517578125e-05,-3.0517578125e-05,-3.0517578125e-05,-3.0517578125e-05,-3.0517578125e-05,H,3,2026-08-22_23-06-48,2026-08-23
0.9763636363636363,0.8554421768707483,0.0,0.0,0.0,1.0,1.0,1.0,1.0,1.0,0.0,-3.0517578125e-05,-3.0517578125e-05,-3.0517578125e-05,-3.0517578125e-05,-3.0517578125e-05,-3.0517578125e-05,H,3,2026-08-22_23-06-48,2026-08-23
0.9527272727272728,0.7125850340136054,0.0,0.0,0.0,1.0,1.0,1.0,1.0,1.0,0.0,-3.0517578125e-05,-3.0517578125e-05,-3.0517578125e-05,-3.0517578125e-05,-3.0517578125e-05,-3.0517578125e-05,H,3,2026-08-22_23-06-48,2026-08-23
0.8272727272727273,0.6360544217687075,0.0,0.0,1.0,1.0,1.0,1.0,1.0,1.0,0.0,-3.0517578125e-05,-3.0517578125e-05,-3.0517578125e-05,-3.0517578125e-05,-3.0517578125e-05,-3.0517578125e-05,H,3,2026-08-22_23-06-48,2026-08-23
1.0,1.0,0.0,0.10599078341013825,1.0,1.0,1.0,1.0,1.0,1.0,0.0,-3.0517578125e-05,-3.0517578125e-05,-3.0517578125e-05,-3.0517578125e-05,-3.0517578125e-05,-3.0517578125e-05,H,3,2026-08-22_23-06-48,2026-08-23
0.9709090909090909,0.8214285714285714,0.0,0.0,0.013422818791946308,1.0,1.0,1.0,1.0,1.0,0.0,-3.0517578125e-05,-3.0517578125e-05,-3.0517578125e-05,-3.0517578125e-05,-3.0517578125e-05,-3.0517578125e-05,H,3,2026-08-22_23-06-48,2026-08-23
1.0,0.9166666666666666,0.0,0.0,1.0,1.0,1.0,1.0,1.0,1.0,0.0,-3.0517578125e-05,-3.0517578125e-05,-3.0517578125e-05,-3.0517578125e-05,-3.0517578125e-05,-3.0517578125e-05,H,3,2026-08-22_23-06-48,2026-08-23
1.0,0.9914965986394558,0.0,0.19815668202764977,1.0,1.0,1.0,1.0,1.0,1.0,0.0,-3.0517578125e-05,-3.0517578125e-05,-3.0517578125e-05,-3.0517578125e-05,-3.0517578125e-05,-3.0517578125e-05,H,3,2026-08-22_23-06-48,2026-08-23
1.0,0.9880952380952381,0.0,0.1935483870967742,1.0,1.0,1.0,1.0,1.0,1.0,0.0,-3.0517578125e-05,-3.0517578125e-05,-3.0517578125e-05,-3.0517578125e-05,-3.0517578125e-05,-3.0517578125e-05,H,3,2026-08-22_23-06-48,2026-08-23
1.0,0.7891156462585034,0.0,0.0,0.0,1.0,1.0,1.0,1.0,1.0,0.0,-3.0517578125e-05,-3.0517578125e-05,-3.0517578125e-05,-3.0517578125e-05,-3.0517578125e-05,-3.0517578125e-05,H,3,2026-08-22_23-06-48,2026-08-23
1.0,1.0,0.0,0.19815668202764977,1.0,1.0,1.0,1.0,1.0,1.0,0.0,-3.0517578125e-05,-3.0517578125e-05,-3.0517578125e-05,-3.0517578125e-05,-3.0517578125e-05,-3.0517578125e-05,H,3,2026-08-22_23-06-48,2026-08-23
1.0,1.0,0.0,0.0,0.0,0.0,1.0,1.0,1.0,1.0,0.0,-3.0517578125e-05,-3.0517578125e-05,-3.0517578125e-05,-3.0517578125e-05,-3.0517578125e-05,-3.0517578125e-05,H,4,2026-08-22_23-06-48,2026-08-23
1.0,0.9081632653061225,0.0,0.0,0.2684563758389262,1.0,1.0,1.0,1.0,1.0,0.0,-3.0517578125e-05,-3.0517578125e-05,-3.0517578125e-05,-3.0517578125e-05,-3.0517578125e-05,-3.0517578125e-05,H,4,2026-08-22_23-06-48,2026-08-23
1.0,0.967687074829932,0.0,0.0,0.5100671140939598,0.0,1.0,1.0,1.0,1.0,0.0,-3.0517578125e-05,-3.0517578125e-05,-3.0517578125e-05,-3.0517578125e-05,-3.0517578125e-05,-3.0517578125e-05,H,4,2026-08-22_23-06-48,2026-08-23
1.0,0.8180272108843537,0.0,0.0,0.1476510067114094,1.0,1.0,1.0,1.0,1.0,0.0,-3.0517578125e-05,-3.0517578125e-05,-3.0517578125e-05,-3.0517578125e-05,-3.0517578125e-05,-3.0517578125e-05,H,4,2026-08-22_23-06-48,2026-08-23
0.9727272727272728,0.9897959183673469,0.0,0.0,0.1476510067114094,0.0,1.0,1.0,1.0,1.0,0.0,-3.0517578125e-05,-3.0517578125e-05,-3.0517578125e-05,-3.0517578125e-05,-3.0517578125e-05,-3.0517578125e-05,H,4,2026-08-22_23-06-48,2026-08-23
0.9981818181818182,0.9710884353741497,0.0,0.0,0.0,1.0,1.0,1.0,1.0,1.0,0.0,-3.0517578125e-05,-3.0517578125e-05,-3.0517578125e-05,-3.0517578125e-05,-3.0517578125e-05,-3.0517578125e-05,H,4,2026-08-22_23-06-48,2026-08-23
1.0,1.0,0.0,0.0,0.013422818791946308,0.0,1.0,1.0,1.0,1.0,0.0,-3.0517578125e-05,-3.0517578125e-05,-3.0517578125e-05,-3.0517578125e-05,-3.0517578125e-05,-3.0517578125e-05,H,4,2026-08-22_23-06-48,2026-08-23
1.0,0.8622448979591837,0.0,0.0,0.10738255033557047,0.0,1.0,1.0,1.0,1.0,0.0,-3.0517578125e-05,-3.0517578125e-05,-3.0517578125e-05,-3.0517578125e-05,-3.0517578125e-05,-3.0517578125e-05,H,4,2026-08-22_23-06-48,2026-08-23
1.0,0.8095238095238095,0.0,0.0,0.42953020134228187,0.0,1.0,1.0,1.0,1.0,0.0,-3.0517578125e-05,-3.0517578125e-05,-3.0517578125e-05,-3.0517578125e-05,-3.0517578125e-05,-3.0517578125e-05,H,4,2026-08-22_23-06-48,2026-08-23
0.9672727272727273,0.9625850340136054,0.0,0.0,0.4429530201342282,1.0,1.0,1.0,1.0,1.0,0.0,-3.0517578125e-05,-3.0517578125e-05,-3.0517578125e-05,-3.0517578125e-05,-3.0517578125e-05,-3.0517578125e-05,H,4,2026-08-22_23-06-48,2026-08-23
1.0,0.8554421768707483,0.0,0.0,0.8859060402684564,0.0,1.0,1.0,1.0,1.0,0.0,-3.0517578125e-05,-3.0517578125e-05,-3.0517578125e-05,-3.0517578125e-05,-3.0517578125e-05,-3.0517578125e-05,H,4,2026-08-22_23-06-48,2026-08-23
1.0,0.9064625850340136,0.0,0.0,0.8053691275167785,1.0,1.0,1.0,1.0,1.0,0.0,-3.0517578125e-05,-3.0517578125e-05,-3.0517578125e-05,-3.0517578125e-05,-3.0517578125e-05,-3.0517578125e-05,H,4,2026-08-22_23-06-48,2026-08-23
1.0,1.0,0.0,0.0,0.37583892617449666,0.0,1.0,1.0,1.0,1.0,0.0,-3.0517578125e-05,-3.0517578125e-05,-3.0517578125e-05,-3.0517578125e-05,-3.0517578125e-05,-3.0517578125e-05,H,4,2026-08-22_23-06-48,2026-08-23
0.9981818181818182,1.0,0.0,0.0,0.8053691275167785,0.0,1.0,1.0,1.0,1.0,0.0,-3.0517578125e-05,-3.0517578125e-05,-3.0517578125e-05,-3.0517578125e-05,-3.0517578125e-05,-3.0517578125e-05,H,4,2026-08-22_23-06-48,2026-08-23
1.0,0.923469387755102,0.0,0.0,0.013422818791946308,0.0,1.0,1.0,1.0,1.0,0.0,-3.0517578125e-05,-3.0517578125e-05,-3.0517578125e-05,-3.0517578125e-05,-3.0517578125e-05,-3.0517578125e-05,H,4,2026-08-22_23-06-48,2026-08-23
1.0,0.8112244897959183,0.0,0.0,1.0,0.0,1.0,1.0,1.0,1.0,0.0,-3.0517578125e-05,-3.0517578125e-05,-3.0517578125e-05,-3.0517578125e-05,-3.0517578125e-05,-3.0517578125e-05,H,4,2026-08-22_23-06-48,2026-08-23
0.9636363636363636,0.9251700680272109,0.0,0.0,0.174496644295302,0.0,1.0,1.0,1.0,1.0,0.0,-3.0517578125e-05,-3.0517578125e-05,-3.0517578125e-05,-3.0517578125e-05,-3.0517578125e-05,-3.0517578125e-05,H,4,2026-08-22_23-06-48,2026-08-23
1.0,0.9081632653061225,0.0,0.0,0.8053691275167785,0.0,1.0,1.0,1.0,1.0,0.0,-3.0517578125e-05,-3.0517578125e-05,-3.0517578125e-05,-3.0517578125e-05,-3.0517578125e-05,-3.0517578125e-05,H,4,2026-08-22_23-06-48,2026-08-23
1.0,0.9200680272108843,0.0,0.0,0.33557046979865773,0.0,1.0,1.0,1.0,1.0,0.0,-3.0517578125e-05,-3.0517578125e-05,-3.0517578125e-05,-3.0517578125e-05,-3.0517578125e-05,-3.0517578125e-05,H,4,2026-08-22_23-06-48,2026-08-23
1.0,0.9183673469387755,0.0,0.0,0.8053691275167785,0.0,1.0,1.0,1.0,1.0,0.0,-3.0517578125e-05,-3.0517578125e-05,-3.0517578125e-05,-3.0517578125e-05,-3.0517578125e-05,-3.0517578125e-05,H,4,2026-08-22_23-06-48,2026-08-23
1.0,1.0,0.0,0.0,0.8053691275167785,0.0,1.0,1.0,1.0,1.0,0.0,-3.0517578125e-05,-3.0517578125e-05,-3.0517578125e-05,-3.0517578125e-05,-3.0517578125e-05,-3.0517578125e-05,H,4,2026-08-22_23-06-48,2026-08-23
1.0,1.0,0.0,0.0,0.0,0.0,1.0,1.0,1.0,1.0,0.0,-3.0517578125e-05,-3.0517578125e-05,-3.0517578125e-05,-3.0517578125e-05,-3.0517578125e-05,-3.0517578125e-05,H,4,2026-08-22_23-06-48,2026-08-23
1.0,0.9217687074829932,0.0,0.0,0.8053691275167785,0.0,1.0,1.0,1.0,1.0,0.0,-3.0517578125e-05,-3.0517578125e-05,-3.0517578125e-05,-3.0517578125e-05,-3.0517578125e-05,-3.0517578125e-05,H,4,2026-08-22_23-06-48,2026-08-23
1.0,0.9829931972789115,0.0,0.0,0.8053691275167785,0.0,1.0,1.0,1.0,1.0,0.0,-3.0517578125e-05,-3.0517578125e-05,-3.0517578125e-05,-3.0517578125e-05,-3.0517578125e-05,-3.0517578125e-05,H,4,2026-08-22_23-06-48,2026-08-23
0.9509090909090909,1.0,0.0,0.0,0.37583892617449666,0.0,1.0,1.0,1.0,1.0,0.0,-3.0517578125e-05,-3.0517578125e-05,-3.0517578125e-05,-3.0517578125e-05,-3.0517578125e-05,-3.0517578125e-05,H,4,2026-08-22_23-06-48,2026-08-23
1.0,0.9625850340136054,0.0,0.0,0.0,0.0,1.0,1.0,1.0,1.0,0.0,-3.0517578125e-05,-3.0517578125e-05,-3.0517578125e-05,-3.0517578125e-05,-3.0517578125e-05,-3.0517578125e-05,H,4,2026-08-22_23-06-48,2026-08-23
1.0,0.8333333333333334,0.0,0.0,0.8053691275167785,0.0,1.0,1.0,1.0,1.0,0.0,-3.0517578125e-05,-3.0517578125e-05,-3.0517578125e-05,-3.0517578125e-05,-3.0517578125e-05,-3.0517578125e-05,H,4,2026-08-22_23-06-48,2026-08-23
1.0,0.9523809523809523,0.0,0.0,0.8053691275167785,0.0,1.0,1.0,1.0,1.0,0.0,-3.0517578125e-05,-3.0517578125e-05,-3.0517578125e-05,-3.0517578125e-05,-3.0517578125e-05,-3.0517578125e-05,H,4,2026-08-22_23-06-48,2026-08-23
0.9618181818181818,1.0,0.0,0.0,0.5100671140939598,0.0,1.0,1.0,1.0,1.0,0.0,-3.0517578125e-05,-3.0517578125e-05,-3.0517578125e-05,-3.0517578125e-05,-3.0517578125e-05,-3.0517578125e-05,H,4,2026-08-22_23-06-48,2026-08-23
1.0,0.9659863945578231,0.0,0.0,0.8053691275167785,0.0,1.0,1.0,1.0,1.0,0.0,-3.0517578125e-05,-3.0517578125e-05,-3.0517578125e-05,-3.0517578125e-05,-3.0517578125e-05,-3.0517578125e-05,H,4,2026-08-22_23-06-48,2026-08-23
0.9709090909090909,0.9625850340136054,0.0,0.0,0.08053691275167785,0.0,1.0,1.0,1.0,1.0,0.0,-3.0517578125e-05,-3.0517578125e-05,-3.0517578125e-05,-3.0517578125e-05,-3.0517578125e-05,-3.0517578125e-05,H,4,2026-08-22_23-06-48,2026-08-23
1.0,0.9081632653061225,0.0,0.0,0.8053691275167785,1.0,1.0,1.0,1.0,1.0,0.0,-3.0517578125e-05,-3.0517578125e-05,-3.0517578125e-05,-3.0517578125e-05,-3.0517578125e-05,-3.0517578125e-05,H,4,2026-08-22_23-06-48,2026-08-23
1.0,0.826530612244898,0.0,0.0,0.3624161073825503,1.0,1.0,1.0,1.0,1.0,0.0,-3.0517578125e-05,-3.0517578125e-05,-3.0517578125e-05,-3.0517578125e-05,-3.0517578125e-05,-3.0517578125e-05,H,4,2026-08-22_23-06-48,2026-08-23
1.0,0.8384353741496599,0.0,0.0,0.12080536912751678,1.0,1.0,1.0,1.0,1.0,0.0,-3.0517578125e-05,-3.0517578125e-05,-3.0517578125e-05,-3.0517578125e-05,-3.0517578125e-05,-3.0517578125e-05,H,4,2026-08-22_23-06-48,2026-08-23
1.0,0.9727891156462585,0.0,0.0,0.37583892617449666,0.0,1.0,1.0,1.0,1.0,0.0,-3.0517578125e-05,-3.0517578125e-05,-3.0517578125e-05,-3.0517578125e-05,-3.0517578125e-05,-3.0517578125e-05,H,4,2026-08-22_23-06-48,2026-08-23
1.0,1.0,0.0,0.0,0.8590604026845637,1.0,1.0,1.0,1.0,1.0,0.0,-3.0517578125e-05,-3.0517578125e-05,-3.0517578125e-05,-3.0517578125e-05,-3.0517578125e-05,-3.0517578125e-05,H,4,2026-08-22_23-06-48,2026-08-23
0.9636363636363636,1.0,0.0,0.0,0.0,1.0,1.0,1.0,1.0,1.0,0.0,-3.0517578125e-05,-3.0517578125e-05,-3.0517578125e-05,-3.0517578125e-05,-3.0517578125e-05,-3.0517578125e-05,H,4,2026-08-22_23-06-48,2026-08-23
1.0,0.9591836734693877,0.0,0.0,0.8053691275167785,0.0,1.0,1.0,1.0,1.0,0.0,-3.0517578125e-05,-3.0517578125e-05,-3.0517578125e-05,-3.0517578125e-05,-3.0517578125e-05,-3.0517578125e-05,H,4,2026-08-22_23-06-48,2026-08-23
0.9818181818181818,1.0,0.0,0.0,0.38926174496644295,0.0,1.0,1.0,1.0,1.0,0.0,-3.0517578125e-05,-3.0517578125e-05,-3.0517578125e-05,-3.0517578125e-05,-3.0517578125e-05,-3.0517578125e-05,H,4,2026-08-22_23-06-48,2026-08-23
1.0,0.8486394557823129,0.0,0.0,0.08053691275167785,0.0,1.0,1.0,1.0,1.0,0.0,-3.0517578125e-05,-3.0517578125e-05,-3.0517578125e-05,-3.0517578125e-05,-3.0517578125e-05,-3.0517578125e-05,H,4,2026-08-22_23-06-48,2026-08-23
0.0,0.8537414965986394,0.8978102189781022,0.7373271889400922,1.0,0.0,1.0,1.0,1.0,1.0,0.0,0.0,0.0,0.0,0.0,0.0,0.0,I,0,2026-08-22_23-06-48,2026-08-23
0.0,0.8486394557823129,0.9927007299270073,0.5852534562211982,0.8053691275167785,0.0,1.0,1.0,1.0,1.0,0.0,0.0,0.0,0.0,0.0,0.0,0.0,I,0,2026-08-22_23-06-48,2026-08-23
0.0,0.9166666666666666,0.948905109489051,0.8248847926267281,1.0,0.0,1.0,1.0,1.0,1.0,0.0,0.0,0.0,0.0,0.0,0.0,0.0,I,0,2026-08-22_23-06-48,2026-08-23
0.0,0.9455782312925171,0.7627737226277372,0.7880184331797235,1.0,0.0,1.0,1.0,1.0,1.0,0.0,0.0,0.0,0.0,0.0,0.0,0.0,I,0,2026-08-22_23-06-48,2026-08-23
0.0,1.0,0.7591240875912408,1.0,1.0,0.0,1.0,1.0,1.0,1.0,0.0,0.0,0.0,0.0,0.0,0.0,0.0,I,0,2026-08-22_23-06-48,2026-08-23
0.0,0.8435374149659864,0.9306569343065694,0.8847926267281107,1.0,0.0,1.0,1.0,1.0,1.0,0.0,0.0,0.0,0.0,0.0,0.0,0.0,I,0,2026-08-22_23-06-48,2026-08-23
0.0,0.9897959183673469,0.6970802919708029,0.9078341013824884,0.8053691275167785,0.0,1.0,1.0,1.0,1.0,0.0,0.0,0.0,0.0,0.0,0.0,0.0,I,0,2026-08-22_23-06-48,2026-08-23
0.0,0.7738095238095238,1.0,0.6774193548387096,1.0,0.0,1.0,1.0,1.0,1.0,0.0,0.0,0.0,0.0,0.0,0.0,0.0,I,0,2026-08-22_23-06-48,2026-08-23
0.0,0.9115646258503401,0.8102189781021898,0.7926267281105991,0.8053691275167785,0.0,1.0,1.0,1.0,1.0,0.0,0.0,0.0,0.0,0.0,0.0,0.0,I,0,2026-08-22_23-06-48,2026-08-23
0.0,0.923469387755102,1.0,0.6912442396313364,1.0,0.0,1.0,1.0,1.0,1.0,0.0,0.0,0.0,0.0,0.0,0.0,0.0,I,0,2026-08-22_23-06-48,2026-08-23
0.0,0.7993197278911565,1.0,0.7235023041474654,0.8187919463087249,0.0,1.0,1.0,1.0,1.0,0.0,0.0,0.0,0.0,0.0,0.0,0.0,I,0,2026-08-22_23-06-48,2026-08-23
0.0,0.9200680272108843,0.7700729927007299,0.8525345622119815,0.8859060402684564,0.0,1.0,1.0,1.0,1.0,0.0,0.0,0.0,0.0,0.0,0.0,0.0,I,0,2026-08-22_23-06-48,2026-08-23
0.0,0.9455782312925171,0.8759124087591241,0.9170506912442397,0.9798657718120806,0.0,1.0,1.0,1.0,1.0,0.0,0.0,0.0,0.0,0.0,0.0,0.0,I,0,2026-08-22_23-06-48,2026-08-23
0.0,0.9863945578231292,0.7700729927007299,0.9907834101382489,1.0,0.0,1.0,1.0,1.0,1.0,0.0,0.0,0.0,0.0,0.0,0.0,0.0,I,0,2026-08-22_23-06-48,2026-08-23
0.0,0.9081632653061225,1.0,0.663594470046083,0.8187919463087249,0.0,1.0,1.0,1.0,1.0,0.0,0.0,0.0,0.0,0.0,0.0,0.0,I,0,2026-08-22_23-06-48,2026-08-23
0.0,0.8503401360544217,0.8978102189781022,0.8064516129032258,0.912751677852349,0.0,1.0,1.0,1.0,1.0,0.0,0.0,0.0,0.0,0.0,0.0,0.0,I,0,2026-08-22_23-06-48,2026-08-23
0.0,0.9030612244897959,1.0,0.7373271889400922,1.0,0.0,1.0,1.0,1.0,1.0,0.0,0.0,0.0,0.0,0.0,0.0,0.0,I,0,2026-08-22_23-06-48,2026-08-23
0.0,0.8656462585034014,0.9963503649635036,0.9539170506912442,1.0,0.0,1.0,1.0,1.0,1.0,0.0,0.0,0.0,0.0,0.0,0.0,0.0,I,0,2026-08-22_23-06-48,2026-08-23
0.0,0.9217687074829932,0.7627737226277372,0.8202764976958525,0.9664429530201343,0.0,1.0,1.0,1.0,1.0,0.0,0.0,0.0,0.0,0.0,0.0,0.0,I,0,2026-08-22_23-06-48,2026-08-23
0.0,1.0,0.718978102189781,1.0,1.0,0.0,1.0,1.0,1.0,1.0,0.0,0.0,0.0,0.0,0.0,0.0,0.0,I,0,2026-08-22_23-06-48,2026-08-23
0.0,0.9982993197278912,0.7335766423357665,1.0,1.0,0.0,1.0,1.0,1.0,1.0,0.0,0.0,0.0,0.0,0.0,0.0,0.0,I,0,2026-08-22_23-06-48,2026-08-23
0.0,0.9336734693877551,1.0,0.8847926267281107,1.0,0.0,1.0,1.0,1.0,1.0,0.0,0.0,0.0,0.0,0.0,0.0,0.0,I,0,2026-08-22_23-06-48,2026-08-23
0.0,0.8095238095238095,1.0,0.8525345622119815,1.0,0.0,1.0,1.0,1.0,1.0,0.0,0.0,0.0,0.0,0.0,0.0,0.0,I,0,2026-08-22_23-06-48,2026-08-23
0.0,0.8180272108843537,1.0,0.7004608294930875,1.0,0.0,1.0,1.0,1.0,1.0,0.0,0.0,0.0,0.0,0.0,0.0,0.0,I,0,2026-08-22_23-06-48,2026-08-23
0.0,1.0,0.7591240875912408,1.0,1.0,0.0,1.0,1.0,1.0,1.0,0.0,0.0,0.0,0.0,0.0,0.0,0.0,I,0,2026-08-22_23-06-48,2026-08-23
0.0,0.8809523809523809,1.0,0.5806451612903226,0.8053691275167785,0.0,1.0,1.0,1.0,1.0,0.0,0.0,0.0,0.0,0.0,0.0,0.0,I,0,2026-08-22_23-06-48,2026-08-23
0.0,1.0,0.635036496350365,0.9354838709677419,1.0,0.0,1.0,1.0,1.0,1.0,0.0,0.0,0.0,0.0,0.0,0.0,0.0,I,0,2026-08-22_23-06-48,2026-08-23
0.0,0.8537414965986394,1.0,0.6589861751152074,1.0,0.0,1.0,1.0,1.0,1.0,0.0,0.0,0.0,0.0,0.0,0.0,0.0,I,0,2026-08-22_23-06-48,2026-08-23
0.0,0.8826530612244898,0.8759124087591241,0.8387096774193549,0.9664429530201343,0.0,1.0,1.0,1.0,1.0,0.0,0.0,0.0,0.0,0.0,0.0,0.0,I,0,2026-08-22_23-06-48,2026-08-23
0.0,1.0,0.8722627737226277,1.0,1.0,0.0,1.0,1.0,1.0,1.0,0.0,0.0,0.0,0.0,0.0,0.0,0.0,I,0,2026-08-22_23-06-48,2026-08-23
0.0,1.0,0.7664233576642335,1.0,1.0,0.0,1.0,1.0,1.0,1.0,0.0,0.0,0.0,0.0,0.0,0.0,0.0,I,0,2026-08-22_23-06-48,2026-08-23
0.0,0.9914965986394558,0.8394160583941606,1.0,1.0,0.0,1.0,1.0,1.0,1.0,0.0,0.0,0.0,0.0,0.0,0.0,0.0,I,0,2026-08-22_23-06-48,2026-08-23
0.0,0.8690476190476191,0.8941605839416058,0.8847926267281107,1.0,0.0,1.0,1.0,1.0,1.0,0.0,0.0,0.0,0.0,0.0,0.0,0.0,I,0,2026-08-22_23-06-48,2026-08-23
0.0,0.8197278911564626,0.9379562043795621,0.8018433179723502,1.0,0.0,1.0,1.0,1.0,1.0,0.0,0.0,0.0,0.0,0.0,0.0,0.0,I,0,2026-08-22_23-06-48,2026-08-23
0.0,1.0,0.8211678832116789,0.9354838709677419,1.0,0.0,1.0,1.0,1.0,1.0,0.0,0.0,0.0,0.0,0.0,0.0,0.0,I,0,2026-08-22_23-06-48,2026-08-23
0.0,0.8316326530612245,0.791970802919708,0.7788018433179723,0.8053691275167785,0.0,1.0,1.0,1.0,1.0,0.0,0.0,0.0,0.0,0.0,0.0,0.0,I,0,2026-08-22_23-06-48,2026-08-23
0.0,0.9574829931972789,1.0,0.7235023041474654,0.8053691275167785,0.0,1.0,1.0,1.0,1.0,0.0,0.0,0.0,0.0,0.0,0.0,0.0,I,0,2026-08-22_23-06-48,2026-08-23
0.0,0.8894557823129252,1.0,0.6774193548387096,1.0,0.0,1.0,1.0,1.0,1.0,0.0,0.0,0.0,0.0,0.0,0.0,0.0,I,0,2026-08-22_23-06-48,2026-08-23
0.0,0.9166666666666666,0.635036496350365,1.0,1.0,0.0,1.0,1.0,1.0,1.0,0.0,0.0,0.0,0.0,0.0,0.0,0.0,I,0,2026-08-22_23-06-48,2026-08-23
0.0,0.8860544217687075,0.9306569343065694,0.7373271889400922,0.9932885906040269,0.0,1.0,1.0,1.0,1.0,0.0,0.0,0.0,0.0,0.0,0.0,0.0,I,0,2026-08-22_23-06-48,2026-08-23
0.0,0.8435374149659864,0.8613138686131386,1.0,1.0,0.0,1.0,1.0,1.0,1.0,0.0,0.0,0.0,0.0,0.0,0.0,0.0,I,1,2026-08-22_23-06-48,2026-08-23
0.0,0.7602040816326531,0.9817518248175182,1.0,0.8053691275167785,0.0,1.0,1.0,1.0,1.0,0.0,0.0,0.0,0.0,0.0,0.0,0.0,I,1,2026-08-22_23-06-48,2026-08-23
0.0,0.8639455782312925,0.9452554744525548,1.0,0.9261744966442953,0.0,1.0,1.0,1.0,1.0,0.0,0.0,0.0,0.0,0.0,0.0,0.0,I,1,2026-08-22_23-06-48,2026-08-23
0.0,0.8877551020408163,0.9197080291970803,0.6036866359447005,1.0,0.0,1.0,1.0,1.0,1.0,0.0,0.0,0.0,0.0,0.0,0.0,0.0,I,1,2026-08-22_23-06-48,2026-08-23
0.0,0.9047619047619048,0.8394160583941606,0.7880184331797235,1.0,0.0,1.0,1.0,1.0,1.0,0.0,0.0,0.0,0.0,0.0,0.0,0.0,I,1,2026-08-22_23-06-48,2026-08-23
0.0,0.8860544217687075,1.0,0.9769585253456221,1.0,0.0,1.0,1.0,1.0,1.0,0.0,0.0,0.0,0.0,0.0,0.0,0.0,I,1,2026-08-22_23-06-48,2026-08-23
0.0,0.9931972789115646,1.0,1.0,1.0,0.0,1.0,1.0,1.0,1.0,0.0,0.0,0.0,0.0,0.0,0.0,0.0,I,1,2026-08-22_23-06-48,2026-08-23
0.0,0.9625850340136054,1.0,1.0,1.0,0.0,1.0,1.0,1.0,1.0,0.0,0.0,0.0,0.0,0.0,0.0,0.0,I,1,2026-08-22_23-06-48,2026-08-23
0.0,0.9302721088435374,0.7591240875912408,0.8525345622119815,1.0,0.0,1.0,1.0,1.0,1.0,0.0,0.0,0.0,0.0,0.0,0.0,0.0,I,1,2026-08-22_23-06-48,2026-08-23
0.0,0.9064625850340136,0.8722627737226277,1.0,1.0,0.0,1.0,1.0,1.0,1.0,0.0,0.0,0.0,0.0,0.0,0.0,0.0,I,1,2026-08-22_23-06-48,2026-08-23
0.0,0.8809523809523809,1.0,0.8018433179723502,0.8053691275167785,0.0,1.0,1.0,1.0,1.0,0.0,0.0,0.0,0.0,0.0,0.0,0.0,I,1,2026-08-22_23-06-48,2026-08-23
0.0,0.9948979591836735,0.7226277372262774,1.0,0.912751677852349,0.0,1.0,1.0,1.0,1.0,0.0,0.0,0.0,0.0,0.0,0.0,0.0,I,1,2026-08-22_23-06-48,2026-08-23
0.0,0.8809523809523809,0.7262773722627737,0.8847926267281107,1.0,0.0,1.0,1.0,1.0,1.0,0.0,0.0,0.0,0.0,0.0,0.0,0.0,I,1,2026-08-22_23-06-48,2026-08-23
0.0,0.9472789115646258,0.8503649635036497,1.0,1.0,0.0,1.0,1.0,1.0,1.0,0.0,0.0,0.0,0.0,0.0,0.0,0.0,I,1,2026-08-22_23-06-48,2026-08-23
0.0,0.9030612244897959,1.0,0.9308755760368663,0.8053691275167785,0.0,1.0,1.0,1.0,1.0,0.0,0.0,0.0,0.0,0.0,0.0,0.0,I,1,2026-08-22_23-06-48,2026-08-23
0.0,0.9115646258503401,0.9963503649635036,1.0,1.0,0.0,1.0,1.0,1.0,1.0,0.0,0.0,0.0,0.0,0.0,0.0,0.0,I,1,2026-08-22_23-06-48,2026-08-23
0.0,0.9132653061224489,0.8795620437956204,0.9354838709677419,1.0,0.0,1.0,1.0,1.0,1.0,0.0,0.0,0.0,0.0,0.0,0.0,0.0,I,1,2026-08-22_23-06-48,2026-08-23
0.0,0.8775510204081632,1.0,0.7741935483870968,1.0,0.0,1.0,1.0,1.0,1.0,0.0,0.0,0.0,0.0,0.0,0.0,0.0,I,1,2026-08-22_23-06-48,2026-08-23
0.0,0.8656462585034014,0.9671532846715328,0.8525345622119815,1.0,0.0,1.0,1.0,1.0,1.0,0.0,0.0,0.0,0.0,0.0,0.0,0.0,I,1,2026-08-22_23-06-48,2026-08-23
0.0,0.9251700680272109,0.7591240875912408,1.0,1.0,0.0,1.0,1.0,1.0,1.0,0.0,0.0,0.0,0.0,0.0,0.0,0.0,I,1,2026-08-22_23-06-48,2026-08-23
0.0,0.9013605442176871,0.9817518248175182,0.45622119815668205,0.8053691275167785,0.0,1.0,1.0,1.0,1.0,0.0,0.0,0.0,0.0,0.0,0.0,0.0,I,1,2026-08-22_23-06-48,2026-08-23
0.0,0.9251700680272109,0.8357664233576643,0.880184331797235,0.8456375838926175,0.0,1.0,1.0,1.0,1.0,0.0,0.0,0.0,0.0,0.0,0.0,0.0,I,1,2026-08-22_23-06-48,2026-08-23
0.0,1.0,0.9781021897810219,0.7788018433179723,1.0,0.0,1.0,1.0,1.0,1.0,0.0,0.0,0.0,0.0,0.0,0.0,0.0,I,1,2026-08-22_23-06-48,2026-08-23
0.0,0.9727891156462585,0.9087591240875912,0.9354838709677419,1.0,0.0,1.0,1.0,1.0,1.0,0.0,0.0,0.0,0.0,0.0,0.0,0.0,I,1,2026-08-22_23-06-48,2026-08-23
0.0,0.9710884353741497,1.0,0.9447004608294931,1.0,0.0,1.0,1.0,1.0,1.0,0.0,0.0,0.0,0.0,0.0,0.0,0.0,I,1,2026-08-22_23-06-48,2026-08-23
0.0,0.9404761904761905,1.0,1.0,1.0,0.0,1.0,1.0,1.0,1.0,0.0,0.0,0.0,0.0,0.0,0.0,0.0,I,1,2026-08-22_23-06-48,2026-08-23
0.0,0.935374149659864,0.7956204379562044,1.0,1.0,0.0,1.0,1.0,1.0,1.0,0.0,0.0,0.0,0.0,0.0,0.0,0.0,I,1,2026-08-22_23-06-48,2026-08-23
0.0,0.8248299319727891,0.8978102189781022,0.7373271889400922,0.9530201342281879,0.0,1.0,1.0,1.0,1.0,0.0,0.0,0.0,0.0,0.0,0.0,0.0,I,1,2026-08-22_23-06-48,2026-08-23
0.0,0.9370748299319728,1.0,1.0,0.87248322147651,0.0,1.0,1.0,1.0,1.0,0.0,0.0,0.0,0.0,0.0,0.0,0.0,I,1,2026-08-22_23-06-48,2026-08-23
0.0,0.9064625850340136,1.0,0.8248847926267281,1.0,0.0,1.0,1.0,1.0,1.0,0.0,0.0,0.0,0.0,0.0,0.0,0.0,I,1,2026-08-22_23-06-48,2026-08-23
0.0,0.8520408163265306,0.8613138686131386,1.0,1.0,0.0,1.0,1.0,1.0,1.0,0.0,0.0,0.0,0.0,0.0,0.0,0.0,I,1,2026-08-22_23-06-48,2026-08-23
0.0,0.8826530612244898,0.9233576642335767,1.0,0.9395973154362416,0.0,1.0,1.0,1.0,1.0,0.0,0.0,0.0,0.0,0.0,0.0,0.0,I,1,2026-08-22_23-06-48,2026-08-23
0.0,0.9574829931972789,1.0,0.9170506912442397,0.8053691275167785,0.0,1.0,1.0,1.0,1.0,0.0,0.0,0.0,0.0,0.0,0.0,0.0,I,1,2026-08-22_23-06-48,2026-08-23
0.0,0.9064625850340136,0.9927007299270073,0.9308755760368663,1.0,0.0,1.0,1.0,1.0,1.0,0.0,0.0,0.0,0.0,0.0,0.0,0.0,I,1,2026-08-22_23-06-48,2026-08-23
0.0,0.8027210884353742,0.8357664233576643,1.0,0.912751677852349,0.0,1.0,1.0,1.0,1.0,0.0,0.0,0.0,0.0,0.0,0.0,0.0,I,1,2026-08-22_23-06-48,2026-08-23
0.0,0.7840136054421769,0.7481751824817519,0.8202764976958525,1.0,0.0,1.0,1.0,1.0,1.0,0.0,0.0,0.0,0.0,0.0,0.0,0.0,I,1,2026-08-22_23-06-48,2026-08-23
0.0,0.9387755102040817,1.0,0.8571428571428571,1.0,0.0,1.0,1.0,1.0,1.0,0.0,0.0,0.0,0.0,0.0,0.0,0.0,I,1,2026-08-22_23-06-48,2026-08-23
0.0,0.9523809523809523,0.9963503649635036,0.9631336405529954,1.0,0.0,1.0,1.0,1.0,1.0,0.0,0.0,0.0,0.0,0.0,0.0,0.0,I,1,2026-08-22_23-06-48,2026-08-23
0.0,1.0,1.0,1.0,1.0,0.0,1.0,1.0,1.0,1.0,0.0,0.0,0.0,0.0,0.0,0.0,0.0,I,1,2026-08-22_23-06-48,2026-08-23
0.0,1.0,0.9927007299270073,0.8294930875576036,0.37583892617449666,0.0,1.0,1.0,1.0,1.0,0.0,0.0,0.0,0.0,0.0,0.0,0.0,I,1,2026-08-22_23-06-48,2026-08-23
0.0,0.9472789115646258,1.0,0.967741935483871,0.33557046979865773,0.0,1.0,1.0,1.0,1.0,0.0,0.0,0.0,0.0,0.0,0.0,0.0,I,2,2026-08-22_23-06-48,2026-08-23
0.0,0.8350340136054422,1.0,1.0,0.21476510067114093,0.0,1.0,1.0,1.0,1.0,0.0,0.0,0.0,0.0,0.0,0.0,0.0,I,2,2026-08-22_23-06-48,2026-08-23
0.0,0.9574829931972789,0.9124087591240876,0.8064516129032258,0.912751677852349,0.0,1.0,1.0,1.0,1.0,0.0,0.0,0.0,0.0,0.0,0.0,0.0,I,2,2026-08-22_23-06-48,2026-08-23
0.0,0.7193877551020408,0.6204379562043796,0.7972350230414746,0.4429530201342282,0.0,1.0,1.0,1.0,1.0,0.0,0.0,0.0,0.0,0.0,0.0,0.0,I,2,2026-08-22_23-06-48,2026-08-23
0.0,0.9132653061224489,0.916058394160584,0.815668202764977,1.0,0.0,1.0,1.0,1.0,1.0,0.0,0.0,0.0,0.0,0.0,0.0,0.0,I,2,2026-08-22_23-06-48,2026-08-23
0.0,0.9506802721088435,1.0,1.0,0.8322147651006712,0.0,1.0,1.0,1.0,1.0,0.0,0.0,0.0,0.0,0.0,0.0,0.0,I,2,2026-08-22_23-06-48,2026-08-23
0.0,0.8027210884353742,1.0,1.0,0.28187919463087246,0.0,1.0,1.0,1.0,1.0,0.0,0.0,0.0,0.0,0.0,0.0,0.0,I,2,2026-08-22_23-06-48,2026-08-23
0.0,0.9047619047619048,1.0,1.0,0.8187919463087249,0.0,1.0,1.0,1.0,1.0,0.0,0.0,0.0,0.0,0.0,0.0,0.0,I,2,2026-08-22_23-06-48,2026-08-23
0.0,0.8418367346938775,0.8284671532846716,0.7373271889400922,0.8053691275167785,0.0,1.0,1.0,1.0,1.0,0.0,0.0,0.0,0.0,0.0,0.0,0.0,I,2,2026-08-22_23-06-48,2026-08-23
0.0,0.8792517006802721,0.8576642335766423,0.6589861751152074,1.0,0.0,1.0,1.0,1.0,1.0,0.0,0.0,0.0,0.0,0.0,0.0,0.0,I,2,2026-08-22_23-06-48,2026-08-23
0.0,0.9863945578231292,1.0,1.0,0.8053691275167785,0.0,1.0,1.0,1.0,1.0,0.0,0.0,0.0,0.0,0.0,0.0,0.0,I,2,2026-08-22_23-06-48,2026-08-23
0.0,0.814625850340136,0.8394160583941606,0.880184331797235,0.3221476510067114,0.0,1.0,1.0,1.0,1.0,0.0,0.0,0.0,0.0,0.0,0.0,0.0,I,2,2026-08-22_23-06-48,2026-08-23
0.0,0.8809523809523809,0.7773722627737226,0.5898617511520737,1.0,0.0,1.0,1.0,1.0,1.0,0.0,0.0,0.0,0.0,0.0,0.0,0.0,I,2,2026-08-22_23-06-48,2026-08-23
0.0,0.9166666666666666,0.9598540145985401,0.8847926267281107,0.4697986577181208,0.0,1.0,1.0,1.0,1.0,0.0,0.0,0.0,0.0,0.0,0.0,0.0,I,2,2026-08-22_23-06-48,2026-08-23
0.0,0.8163265306122449,0.7335766423357665,0.6728110599078341,0.9261744966442953,0.0,1.0,1.0,1.0,1.0,0.0,0.0,0.0,0.0,0.0,0.0,0.0,I,2,2026-08-22_23-06-48,2026-08-23
0.0,0.8894557823129252,0.9927007299270073,0.8571428571428571,0.2684563758389262,0.0,1.0,1.0,1.0,1.0,0.0,0.0,0.0,0.0,0.0,0.0,0.0,I,2,2026-08-22_23-06-48,2026-08-23
0.0,0.9132653061224489,1.0,0.9354838709677419,1.0,0.0,1.0,1.0,1.0,1.0,0.0,0.0,0.0,0.0,0.0,0.0,0.0,I,2,2026-08-22_23-06-48,2026-08-23
0.0,0.9081632653061225,0.9927007299270073,0.7741935483870968,1.0,0.0,1.0,1.0,1.0,1.0,0.0,0.0,0.0,0.0,0.0,0.0,0.0,I,2,2026-08-22_23-06-48,2026-08-23
0.0,0.9404761904761905,0.9379562043795621,0.631336405529954,0.8053691275167785,0.0,1.0,1.0,1.0,1.0,0.0,0.0,0.0,0.0,0.0,0.0,0.0,I,2,2026-08-22_23-06-48,2026-08-23
0.0,0.9098639455782312,1.0,1.0,1.0,0.0,1.0,1.0,1.0,1.0,0.0,0.0,0.0,0.0,0.0,0.0,0.0,I,2,2026-08-22_23-06-48,2026-08-23
0.0,0.8435374149659864,0.8065693430656934,0.7511520737327189,0.8456375838926175,0.0,1.0,1.0,1.0,1.0,0.0,0.0,0.0,0.0,0.0,0.0,0.0,I,2,2026-08-22_23-06-48,2026-08-23
0.0,0.8775510204081632,0.7372262773722628,0.8202764976958525,1.0,0.0,1.0,1.0,1.0,1.0,0.0,0.0,0.0,0.0,0.0,0.0,0.0,I,2,2026-08-22_23-06-48,2026-08-23
0.0,0.9098639455782312,0.9817518248175182,0.8064516129032258,1.0,0.0,1.0,1.0,1.0,1.0,0.0,0.0,0.0,0.0,0.0,0.0,0.0,I,2,2026-08-22_23-06-48,2026-08-23
0.0,0.8129251700680272,0.6678832116788321,0.7880184331797235,1.0,0.0,1.0,1.0,1.0,1.0,0.0,0.0,0.0,0.0,0.0,0.0,0.0,I,2,2026-08-22_23-06-48,2026-08-23
0.0,0.8639455782312925,0.9124087591240876,0.8571428571428571,0.8053691275167785,0.0,1.0,1.0,1.0,1.0,0.0,0.0,0.0,0.0,0.0,0.0,0.0,I,2,2026-08-22_23-06-48,2026-08-23
0.0,0.7925170068027211,0.8248175182481752,0.8940092165898618,0.2684563758389262,0.0,1.0,1.0,1.0,1.0,0.0,0.0,0.0,0.0,0.0,0.0,0.0,I,2,2026-08-22_23-06-48,2026-08-23
0.0,0.9030612244897959,0.9014598540145985,0.7695852534562212,1.0,0.0,1.0,1.0,1.0,1.0,0.0,0.0,0.0,0.0,0.0,0.0,0.0,I,2,2026-08-22_23-06-48,2026-08-23
0.0,0.8401360544217688,0.8978102189781022,0.8894009216589862,0.8053691275167785,0.0,1.0,1.0,1.0,1.0,0.0,0.0,0.0,0.0,0.0,0.0,0.0,I,2,2026-08-22_23-06-48,2026-08-23
0.0,0.8571428571428571,0.8503649635036497,0.8294930875576036,0.8053691275167785,0.0,1.0,1.0,1.0,1.0,0.0,0.0,0.0,0.0,0.0,0.0,0.0,I,2,2026-08-22_23-06-48,2026-08-23
0.0,0.9268707482993197,1.0,0.9078341013824884,0.8053691275167785,0.0,1.0,1.0,1.0,1.0,0.0,0.0,0.0,0.0,0.0,0.0,0.0,I,2,2026-08-22_23-06-48,2026-08-23
0.0,0.8316326530612245,0.7700729927007299,0.9170506912442397,0.8053691275167785,0.0,1.0,1.0,1.0,1.0,0.0,0.0,0.0,0.0,0.0,0.0,0.0,I,2,2026-08-22_23-06-48,2026-08-23
0.0,0.8571428571428571,0.8722627737226277,0.8571428571428571,1.0,0.0,1.0,1.0,1.0,1.0,0.0,0.0,0.0,0.0,0.0,0.0,0.0,I,2,2026-08-22_23-06-48,2026-08-23
0.0,0.7993197278911565,0.7591240875912408,0.9861751152073732,0.8053691275167785,0.0,1.0,1.0,1.0,1.0,0.0,0.0,0.0,0.0,0.0,0.0,0.0,I,2,2026-08-22_23-06-48,2026-08-23
0.0,0.9132653061224489,0.8175182481751825,0.7603686635944701,1.0,0.0,1.0,1.0,1.0,1.0,0.0,0.0,0.0,0.0,0.0,0.0,0.0,I,2,2026-08-22_23-06-48,2026-08-23
0.0,0.9081632653061225,0.8868613138686131,0.7373271889400922,1.0,0.0,1.0,1.0,1.0,1.0,0.0,0.0,0.0,0.0,0.0,0.0,0.0,I,2,2026-08-22_23-06-48,2026-08-23
0.0,0.8928571428571429,0.8832116788321168,0.8110599078341014,0.8053691275167785,0.0,1.0,1.0,1.0,1.0,0.0,0.0,0.0,0.0,0.0,0.0,0.0,I,2,2026-08-22_23-06-48,2026-08-23
0.0,0.9200680272108843,0.9927007299270073,0.8248847926267281,0.9261744966442953,0.0,1.0,1.0,1.0,1.0,0.0,0.0,0.0,0.0,0.0,0.0,0.0,I,2,2026-08-22_23-06-48,2026-08-23
0.0,0.8826530612244898,0.8029197080291971,0.7373271889400922,1.0,0.0,1.0,1.0,1.0,1.0,0.0,0.0,0.0,0.0,0.0,0.0,0.0,I,2,2026-08-22_23-06-48,2026-08-23
0.0,0.7993197278911565,0.8503649635036497,0.8755760368663594,0.9932885906040269,0.0,1.0,1.0,1.0,1.0,0.0,0.0,0.0,0.0,0.0,0.0,0.0,I,2,2026-08-22_23-06-48,2026-08-23
0.0,0.8894557823129252,0.8832116788321168,0.8110599078341014,1.0,0.0,1.0,1.0,1.0,1.0,0.0,0.0,0.0,0.0,0.0,0.0,0.0,I,2,2026-08-22_23-06-48,2026-08-23
0.0,1.0,0.8759124087591241,0.9400921658986175,1.0,0.0,1.0,1.0,1.0,1.0,0.0,0.5189208984375,0.191650390625,0.0423583984375,-0.022979736328125,-0.025054931640625,-0.000244140625,I,3,2026-08-22_23-06-48,2026-08-23
0.0,1.0,0.9781021897810219,0.967741935483871,1.0,0.0,1.0,1.0,1.0,1.0,0.0,0.5252685546875,0.204345703125,0.0484619140625,-0.020782470703125,-0.014923095703125,-0.00164794921875,I,3,2026-08-22_23-06-48,2026-08-23
0.0,1.0,1.0,0.7603686635944701,0.8590604026845637,0.0,1.0,1.0,1.0,1.0,0.0,0.521728515625,0.20361328125,0.0537109375,-0.00872802734375,-0.01708984375,0.004547119140625,I,3,2026-08-22_23-06-48,2026-08-23
0.0,1.0,0.8576642335766423,0.9308755760368663,1.0,0.0,1.0,1.0,1.0,1.0,0.0,0.519775390625,0.1910400390625,0.0545654296875,-0.0040283203125,-0.02117919921875,0.0068359375,I,3,2026-08-22_23-06-48,2026-08-23
0.0,1.0,0.9124087591240876,0.8894009216589862,0.8053691275167785,0.0,1.0,1.0,1.0,1.0,0.0,0.518798828125,0.192626953125,0.050537109375,-0.0113525390625,-0.01312255859375,0.00518798828125,I,3,2026-08-22_23-06-48,2026-08-23
0.0,1.0,1.0,1.0,1.0,0.0,1.0,1.0,1.0,1.0,0.0,0.51953125,0.1929931640625,0.0465087890625,-0.009857177734375,-0.01171875,0.00665283203125,I,3,2026-08-22_23-06-48,2026-08-23
0.0,1.0,0.9379562043795621,0.9124423963133641,0.912751677852349,0.0,1.0,1.0,1.0,1.0,0.0,0.521728515625,0.186279296875,0.0401611328125,-0.016326904296875,-0.004913330078125,0.001800537109375,I,3,2026-08-22_23-06-48,2026-08-23
0.0,1.0,0.9525547445255474,0.9078341013824884,0.8053691275167785,0.0,1.0,1.0,1.0,1.0,0.0,0.527099609375,0.2003173828125,0.0462646484375,-0.024932861328125,-0.001495361328125,-0.00140380859375,I,3,2026-08-22_23-06-48,2026-08-23
0.0,1.0,1.0,0.8940092165898618,0.9395973154362416,0.0,1.0,1.0,1.0,1.0,0.0,0.526611328125,0.199951171875,0.0574951171875,-0.003021240234375,-0.013885498046875,0.010650634765625,I,3,2026-08-22_23-06-48,2026-08-23
0.0,1.0,1.0,0.9723502304147466,1.0,0.0,1.0,1.0,1.0,1.0,0.0,0.5198974609375,0.1854248046875,0.0596923828125,-0.001922607421875,-0.0147705078125,0.011474609375,I,3,2026-08-22_23-06-48,2026-08-23
0.0,1.0,0.9598540145985401,0.8986175115207373,1.0,0.0,1.0,1.0,1.0,1.0,0.0,0.5191650390625,0.191162109375,0.0557861328125,-0.014556884765625,-0.009674072265625,-0.000213623046875,I,3,2026-08-22_23-06-48,2026-08-23
0.0,1.0,0.9890510948905109,1.0,1.0,0.0,1.0,1.0,1.0,1.0,0.0,0.518798828125,0.2041015625,0.052978515625,-0.0091552734375,-0.004425048828125,0.004638671875,I,3,2026-08-22_23-06-48,2026-08-23
0.0,1.0,0.8248175182481752,1.0,1.0,0.0,1.0,1.0,1.0,1.0,0.0,0.523193359375,0.197998046875,0.0567626953125,-0.00335693359375,-0.010345458984375,0.011810302734375,I,3,2026-08-22_23-06-48,2026-08-23
0.0,1.0,0.8759124087591241,0.9539170506912442,1.0,0.0,1.0,1.0,1.0,1.0,0.0,0.5191650390625,0.1868896484375,0.055908203125,-0.00946044921875,-0.014892578125,0.01287841796875,I,3,2026-08-22_23-06-48,2026-08-23
0.0,1.0,0.9927007299270073,0.9400921658986175,1.0,0.0,1.0,1.0,1.0,1.0,0.0,0.5223388671875,0.1883544921875,0.0572509765625,-0.0166015625,-0.011932373046875,0.011932373046875,I,3,2026-08-22_23-06-48,2026-08-23
0.0,1.0,0.8795620437956204,1.0,1.0,0.0,1.0,1.0,1.0,1.0,0.0,0.525146484375,0.1856689453125,0.0595703125,-0.008697509765625,-0.01751708984375,0.007659912109375,I,3,2026-08-22_23-06-48,2026-08-23
0.0,1.0,1.0,1.0,1.0,0.0,1.0,1.0,1.0,1.0,0.0,0.5228271484375,0.19189453125,0.0584716796875,0.00054931640625,-0.020294189453125,0.00634765625,I,3,2026-08-22_23-06-48,2026-08-23
0.0,1.0,1.0,0.8894009216589862,1.0,0.0,1.0,1.0,1.0,1.0,0.0,0.517333984375,0.186767578125,0.052490234375,0.015380859375,-0.0186767578125,0.006134033203125,I,3,2026-08-22_23-06-48,2026-08-23
0.0,1.0,0.8941605839416058,0.9170506912442397,1.0,0.0,1.0,1.0,1.0,1.0,0.0,0.522216796875,0.17919921875,0.0517578125,0.01043701171875,-0.01446533203125,-0.0001220703125,I,3,2026-08-22_23-06-48,2026-08-23
0.0,1.0,0.9306569343065694,0.7603686635944701,1.0,0.0,1.0,1.0,1.0,1.0,0.0,0.525634765625,0.184326171875,0.0440673828125,0.001007080078125,-0.0181884765625,-0.0009765625,I,3,2026-08-22_23-06-48,2026-08-23
0.0,1.0,1.0,0.9308755760368663,1.0,0.0,1.0,1.0,1.0,1.0,0.0,0.52294921875,0.191162109375,0.044677734375,-0.009490966796875,-0.02166748046875,0.001922607421875,I,3,2026-08-22_23-06-48,2026-08-23
0.0,1.0,1.0,0.9170506912442397,0.9798657718120806,0.0,1.0,1.0,1.0,1.0,0.0,0.5185546875,0.1953125,0.0369873046875,-0.0081787109375,-0.017547607421875,0.001129150390625,I,3,2026-08-22_23-06-48,2026-08-23
0.0,1.0,0.9963503649635036,0.9400921658986175,1.0,0.0,1.0,1.0,1.0,1.0,0.0,0.520751953125,0.19482421875,0.0380859375,0.00726318359375,-0.013092041015625,0.00213623046875,I,3,2026-08-22_23-06-48,2026-08-23
0.0,1.0,1.0,0.7096774193548387,0.87248322147651,0.0,1.0,1.0,1.0,1.0,0.0,0.5198974609375,0.1942138671875,0.04541015625,0.0146484375,-0.01519775390625,0.003082275390625,I,3,2026-08-22_23-06-48,2026-08-23
0.0,1.0,0.8613138686131386,0.9400921658986175,0.8053691275167785,0.0,1.0,1.0,1.0,1.0,0.0,0.52490234375,0.1942138671875,0.047119140625,0.01397705078125,-0.017333984375,0.005126953125,I,3,2026-08-22_23-06-48,2026-08-23
0.0,1.0,0.8065693430656934,0.7926267281105991,1.0,0.0,1.0,1.0,1.0,1.0,0.0,0.5233154296875,0.1861572265625,0.04248046875,0.0079345703125,-0.022247314453125,0.002838134765625,I,3,2026-08-22_23-06-48,2026-08-23
0.0,1.0,0.9598540145985401,0.8110599078341014,0.9530201342281879,0.0,1.0,1.0,1.0,1.0,0.0,0.5194091796875,0.189453125,0.0367431640625,-0.00274658203125,-0.01849365234375,0.001556396484375,I,3,2026-08-22_23-06-48,2026-08-23
0.0,1.0,0.8321167883211679,0.9861751152073732,1.0,0.0,1.0,1.0,1.0,1.0,0.0,0.520751953125,0.194580078125,0.040771484375,0.00384521484375,-0.023101806640625,0.003692626953125,I,3,2026-08-22_23-06-48,2026-08-23
0.0,1.0,1.0,1.0,1.0,0.0,1.0,1.0,1.0,1.0,0.0,0.519775390625,0.19384765625,0.0455322265625,0.007904052734375,-0.017822265625,0.005401611328125,I,3,2026-08-22_23-06-48,2026-08-23
0.0,1.0,1.0,1.0,1.0,0.0,1.0,1.0,1.0,1.0,0.0,0.52197265625,0.1900634765625,0.042236328125,0.0068359375,-0.018829345703125,0.004638671875,I,3,2026-08-22_23-06-48,2026-08-23
0.0,1.0,0.9343065693430657,0.9447004608294931,1.0,0.0,1.0,1.0,1.0,1.0,0.0,0.523193359375,0.193115234375,0.031494140625,0.001129150390625,-0.026153564453125,0.00634765625,I,3,2026-08-22_23-06-48,2026-08-23
0.0,1.0,0.9927007299270073,0.9078341013824884,0.9395973154362416,0.0,1.0,1.0,1.0,1.0,0.0,0.522216796875,0.199462890625,0.0244140625,-0.005645751953125,-0.020538330078125,0.0079345703125,I,3,2026-08-22_23-06-48,2026-08-23
0.0,1.0,0.8394160583941606,0.8940092165898618,1.0,0.0,1.0,1.0,1.0,1.0,0.0,0.5242919921875,0.1939697265625,0.025390625,-0.009002685546875,-0.020050048828125,0.00714111328125,I,3,2026-08-22_23-06-48,2026-08-23
0.0,1.0,0.8211678832116789,0.7788018433179723,1.0,0.0,1.0,1.0,1.0,1.0,0.0,0.5220947265625,0.1981201171875,0.024658203125,-0.005645751953125,-0.011138916015625,0.008270263671875,I,3,2026-08-22_23-06-48,2026-08-23
0.0,1.0,0.8941605839416058,0.8847926267281107,1.0,0.0,1.0,1.0,1.0,1.0,0.0,0.526123046875,0.1953125,0.0277099609375,0.00445556640625,-0.006378173828125,0.0084228515625,I,3,2026-08-22_23-06-48,2026-08-23
0.0,1.0,0.9014598540145985,0.8663594470046083,1.0,0.0,1.0,1.0,1.0,1.0,0.0,0.53125,0.1851806640625,0.031494140625,0.005767822265625,-0.0150146484375,0.006195068359375,I,3,2026-08-22_23-06-48,2026-08-23
0.0,1.0,1.0,1.0,1.0,0.0,1.0,1.0,1.0,1.0,0.0,0.525146484375,0.1834716796875,0.0205078125,-0.013641357421875,-0.014007568359375,-0.001068115234375,I,3,2026-08-22_23-06-48,2026-08-23
0.0,1.0,0.8759124087591241,0.8986175115207373,1.0,0.0,1.0,1.0,1.0,1.0,0.0,0.521484375,0.1937255859375,0.0185546875,-0.027191162109375,-0.00933837890625,0.00042724609375,I,3,2026-08-22_23-06-48,2026-08-23
0.0,1.0,0.9233576642335767,0.880184331797235,0.8859060402684564,0.0,1.0,1.0,1.0,1.0,0.0,0.5029296875,0.2139892578125,0.0789794921875,-0.01629638671875,-0.03240966796875,-0.003631591796875,I,3,2026-08-22_23-06-48,2026-08-23
0.0,1.0,0.9379562043795621,0.9815668202764977,1.0,0.0,1.0,1.0,1.0,1.0,0.0,0.5169677734375,0.17431640625,-0.0164794921875,0.012786865234375,-0.009429931640625,0.00762939453125,I,3,2026-08-22_23-06-48,2026-08-23
0.0,1.0,1.0,1.0,1.0,0.0,1.0,1.0,1.0,1.0,0.0,0.524658203125,0.17138671875,0.0775146484375,-0.0201416015625,-0.017303466796875,0.004119873046875,I,4,2026-08-22_23-06-48,2026-08-23
0.0,1.0,0.7372262773722628,1.0,1.0,0.0,1.0,1.0,1.0,1.0,0.0,0.525146484375,0.1732177734375,0.0760498046875,-0.009796142578125,-0.010772705078125,0.000946044921875,I,4,2026-08-22_23-06-48,2026-08-23
0.0,1.0,0.7700729927007299,0.9262672811059908,1.0,0.0,1.0,1.0,1.0,1.0,0.0,0.5262451171875,0.17822265625,0.07666015625,-0.006927490234375,-0.00335693359375,-0.00079345703125,I,4,2026-08-22_23-06-48,2026-08-23
0.0,1.0,1.0,0.9723502304147466,1.0,0.0,1.0,1.0,1.0,1.0,0.0,0.5240478515625,0.172607421875,0.0826416015625,-0.011474609375,0.00146484375,0.00189208984375,I,4,2026-08-22_23-06-48,2026-08-23
0.0,1.0,0.8759124087591241,1.0,1.0,0.0,1.0,1.0,1.0,1.0,0.0,0.5294189453125,0.1798095703125,0.1036376953125,-0.0264892578125,-0.006256103515625,0.0067138671875,I,4,2026-08-22_23-06-48,2026-08-23
0.0,1.0,0.948905109489051,1.0,1.0,0.0,1.0,1.0,1.0,1.0,0.0,0.5152587890625,0.1881103515625,0.09033203125,-0.035003662109375,-0.019622802734375,0.016357421875,I,4,2026-08-22_23-06-48,2026-08-23
0.0,1.0,1.0,1.0,0.8322147651006712,0.0,1.0,1.0,1.0,1.0,0.0,0.522705078125,0.1837158203125,0.096435546875,-0.031097412109375,-0.019073486328125,0.012786865234375,I,4,2026-08-22_23-06-48,2026-08-23
0.0,1.0,0.9927007299270073,1.0,1.0,0.0,1.0,1.0,1.0,1.0,0.0,0.52099609375,0.1778564453125,0.0826416015625,-0.02191162109375,-0.019989013671875,0.0059814453125,I,4,2026-08-22_23-06-48,2026-08-23
0.0,1.0,0.9124087591240876,0.880184331797235,1.0,0.0,1.0,1.0,1.0,1.0,0.0,0.5242919921875,0.1746826171875,0.089111328125,-0.009185791015625,-0.019073486328125,0.008331298828125,I,4,2026-08-22_23-06-48,2026-08-23
0.0,1.0,0.9452554744525548,0.9539170506912442,0.9664429530201343,0.0,1.0,1.0,1.0,1.0,0.0,0.5240478515625,0.1722412109375,0.0819091796875,-0.00384521484375,-0.0103759765625,0.01068115234375,I,4,2026-08-22_23-06-48,2026-08-23
0.0,1.0,0.7481751824817519,1.0,1.0,0.0,1.0,1.0,1.0,1.0,0.0,0.52734375,0.159912109375,0.0792236328125,-0.006439208984375,-0.010162353515625,0.0084228515625,I,4,2026-08-22_23-06-48,2026-08-23
0.0,1.0,1.0,1.0,0.9530201342281879,0.0,1.0,1.0,1.0,1.0,0.0,0.529296875,0.162109375,0.0780029296875,-0.022613525390625,-0.01495361328125,0.00244140625,I,4,2026-08-22_23-06-48,2026-08-23
0.0,1.0,0.8759124087591241,0.8617511520737328,1.0,0.0,1.0,1.0,1.0,1.0,0.0,0.5244140625,0.1732177734375,0.078125,-0.02276611328125,-0.013763427734375,0.0029296875,I,4,2026-08-22_23-06-48,2026-08-23
0.0,1.0,0.948905109489051,0.8986175115207373,0.8053691275167785,0.0,1.0,1.0,1.0,1.0,0.0,0.523681640625,0.1717529296875,0.0770263671875,-0.012481689453125,-0.006256103515625,0.002288818359375,I,4,2026-08-22_23-06-48,2026-08-23
0.0,1.0,0.7445255474452555,1.0,1.0,0.0,1.0,1.0,1.0,1.0,0.0,0.523681640625,0.1754150390625,0.081298828125,-0.010284423828125,-0.00335693359375,0.001739501953125,I,4,2026-08-22_23-06-48,2026-08-23
0.0,1.0,0.8065693430656934,0.880184331797235,0.8053691275167785,0.0,1.0,1.0,1.0,1.0,0.0,0.525146484375,0.1798095703125,0.07861328125,-0.00390625,-0.001678466796875,0.00494384765625,I,4,2026-08-22_23-06-48,2026-08-23
0.0,1.0,1.0,0.7972350230414746,0.8322147651006712,0.0,1.0,1.0,1.0,1.0,0.0,0.528564453125,0.16357421875,0.0753173828125,-0.01202392578125,-0.004180908203125,0.00482177734375,I,4,2026-08-22_23-06-48,2026-08-23
0.0,1.0,1.0,0.7649769585253456,0.87248322147651,0.0,1.0,1.0,1.0,1.0,0.0,0.526611328125,0.1768798828125,0.0826416015625,-0.0283203125,-0.006866455078125,0.0003662109375,I,4,2026-08-22_23-06-48,2026-08-23
0.0,1.0,0.9562043795620438,1.0,0.8859060402684564,0.0,1.0,1.0,1.0,1.0,0.0,0.5284423828125,0.1817626953125,0.08251953125,-0.023956298828125,-0.00616455078125,0.005615234375,I,4,2026-08-22_23-06-48,2026-08-23
0.0,1.0,0.916058394160584,1.0,1.0,0.0,1.0,1.0,1.0,1.0,0.0,0.5250244140625,0.17333984375,0.085205078125,-0.015869140625,-0.009490966796875,0.00762939453125,I,4,2026-08-22_23-06-48,2026-08-23
0.0,1.0,0.8175182481751825,0.8847926267281107,1.0,0.0,1.0,1.0,1.0,1.0,0.0,0.522705078125,0.17041015625,0.0880126953125,-0.01611328125,-0.009002685546875,0.0052490234375,I,4,2026-08-22_23-06-48,2026-08-23
0.0,1.0,0.6861313868613139,0.8433179723502304,1.0,0.0,1.0,1.0,1.0,1.0,0.0,0.523193359375,0.16943359375,0.0870361328125,-0.019134521484375,-0.009979248046875,-0.000762939453125,I,4,2026-08-22_23-06-48,2026-08-23
0.0,1.0,0.9927007299270073,1.0,1.0,0.0,1.0,1.0,1.0,1.0,0.0,0.5267333984375,0.169189453125,0.0941162109375,-0.031005859375,-0.01861572265625,-0.001495361328125,I,4,2026-08-22_23-06-48,2026-08-23
0.0,1.0,0.7372262773722628,1.0,1.0,0.0,1.0,1.0,1.0,1.0,0.0,0.531005859375,0.1865234375,0.0953369140625,-0.02642822265625,-0.030975341796875,0.011138916015625,I,4,2026-08-22_23-06-48,2026-08-23
0.0,1.0,1.0,0.9170506912442397,1.0,0.0,1.0,1.0,1.0,1.0,0.0,0.5311279296875,0.1719970703125,0.0870361328125,-0.017913818359375,-0.039215087890625,0.021575927734375,I,4,2026-08-22_23-06-48,2026-08-23
0.0,1.0,1.0,0.9354838709677419,1.0,0.0,1.0,1.0,1.0,1.0,0.0,0.5267333984375,0.1727294921875,0.0799560546875,-0.016021728515625,-0.040802001953125,0.020233154296875,I,4,2026-08-22_23-06-48,2026-08-23
0.0,1.0,0.8503649635036497,0.9078341013824884,1.0,0.0,1.0,1.0,1.0,1.0,0.0,0.5211181640625,0.1641845703125,0.0662841796875,-0.010284423828125,-0.02374267578125,0.007232666015625,I,4,2026-08-22_23-06-48,2026-08-23
0.0,1.0,1.0,0.8755760368663594,1.0,0.0,1.0,1.0,1.0,1.0,0.0,0.5213623046875,0.162353515625,0.06201171875,-0.01031494140625,-0.009552001953125,-0.0009765625,I,4,2026-08-22_23-06-48,2026-08-23
0.0,1.0,1.0,1.0,0.9395973154362416,0.0,1.0,1.0,1.0,1.0,0.0,0.5245361328125,0.161865234375,0.060791015625,-0.013275146484375,0.0018310546875,-0.0079345703125,I,4,2026-08-22_23-06-48,2026-08-23
0.0,1.0,0.9963503649635036,0.9723502304147466,1.0,0.0,1.0,1.0,1.0,1.0,0.0,0.5260009765625,0.173583984375,0.068115234375,-0.012664794921875,-0.0003662109375,-0.002105712890625,I,4,2026-08-22_23-06-48,2026-08-23
0.0,1.0,0.8868613138686131,0.8433179723502304,1.0,0.0,1.0,1.0,1.0,1.0,0.0,0.5257568359375,0.16162109375,0.069091796875,-0.00604248046875,-0.001434326171875,0.003570556640625,I,4,2026-08-22_23-06-48,2026-08-23
0.0,1.0,0.8832116788321168,0.9124423963133641,0.9932885906040269,0.0,1.0,1.0,1.0,1.0,0.0,0.5252685546875,0.16064453125,0.0711669921875,-0.01959228515625,-0.00115966796875,-0.0030517578125,I,4,2026-08-22_23-06-48,2026-08-23
0.0,1.0,0.7591240875912408,0.880184331797235,1.0,0.0,1.0,1.0,1.0,1.0,0.0,0.526123046875,0.1693115234375,0.0723876953125,-0.02752685546875,-0.000213623046875,-0.00469970703125,I,4,2026-08-22_23-06-48,2026-08-23
0.0,1.0,0.7591240875912408,0.8986175115207373,1.0,0.0,1.0,1.0,1.0,1.0,0.0,0.5277099609375,0.1795654296875,0.080078125,-0.0223388671875,-0.00146484375,0.000213623046875,I,4,2026-08-22_23-06-48,2026-08-23
0.0,1.0,0.8175182481751825,0.8617511520737328,0.912751677852349,0.0,1.0,1.0,1.0,1.0,0.0,0.5247802734375,0.1734619140625,0.0831298828125,-0.0184326171875,0.0018310546875,-0.00128173828125,I,4,2026-08-22_23-06-48,2026-08-23
0.0,1.0,0.8211678832116789,0.9493087557603687,1.0,0.0,1.0,1.0,1.0,1.0,0.0,0.5233154296875,0.1798095703125,0.0908203125,-0.011566162109375,-0.0025634765625,0.001190185546875,I,4,2026-08-22_23-06-48,2026-08-23
0.0,1.0,0.8759124087591241,0.9262672811059908,1.0,0.0,1.0,1.0,1.0,1.0,0.0,0.52197265625,0.17431640625,0.0888671875,-0.005096435546875,-0.003448486328125,0.0040283203125,I,4,2026-08-22_23-06-48,2026-08-23
0.0,1.0,0.9416058394160584,1.0,1.0,0.0,1.0,1.0,1.0,1.0,0.0,0.524658203125,0.17138671875,0.088134765625,-0.0125732421875,-0.009307861328125,0.004913330078125,I,4,2026-08-22_23-06-48,2026-08-23
0.0,1.0,0.7591240875912408,0.8617511520737328,1.0,0.0,1.0,1.0,1.0,1.0,0.0,0.5201416015625,0.16943359375,0.084716796875,-0.024932861328125,-0.0106201171875,0.001708984375,I,4,2026-08-22_23-06-48,2026-08-23
0.0,1.0,0.8613138686131386,0.8709677419354839,1.0,0.0,1.0,1.0,1.0,1.0,0.0,0.5269775390625,0.1798095703125,0.080322265625,-0.0262451171875,-0.011199951171875,0.007720947265625,I,4,2026-08-22_23-06-48,2026-08-23
0.44363636363636366,0.8027210884353742,0.8321167883211679,0.9539170506912442,1.0,0.0,1.0,1.0,1.0,0.0,0.0,0.5052490234375,-0.1998291015625,0.10595703125,-0.017547607421875,-0.0098876953125,0.0029296875,J,0,2026-08-22_23-06-48,2026-08-23
0.6018181818181818,0.7738095238095238,1.0,0.8248847926267281,0.9664429530201343,0.0,1.0,1.0,1.0,0.0,0.0,0.501220703125,-0.204345703125,0.103271484375,-0.01361083984375,-0.004974365234375,0.0047607421875,J,0,2026-08-22_23-06-48,2026-08-23
0.52,0.8078231292517006,0.5072992700729927,0.8248847926267281,0.8053691275167785,0.0,1.0,1.0,1.0,0.0,0.0,0.5045166015625,-0.2044677734375,0.111572265625,-0.009796142578125,-0.0030517578125,0.007293701171875,J,0,2026-08-22_23-06-48,2026-08-23
0.5890909090909091,0.7670068027210885,0.9525547445255474,0.4470046082949309,1.0,0.0,1.0,1.0,1.0,0.0,0.0,0.50341796875,-0.21337890625,0.11083984375,-0.009429931640625,0.0010986328125,0.004608154296875,J,0,2026-08-22_23-06-48,2026-08-23
0.5618181818181818,0.6904761904761905,0.6605839416058394,0.5714285714285714,0.8590604026845637,1.0,1.0,1.0,1.0,0.0,0.0,0.501708984375,-0.2056884765625,0.1138916015625,-0.010223388671875,-0.00262451171875,0.0052490234375,J,0,2026-08-22_23-06-48,2026-08-23
0.5672727272727273,0.7465986394557823,0.6240875912408759,0.6866359447004609,0.912751677852349,0.0,1.0,1.0,1.0,0.0,0.0,0.5029296875,-0.20458984375,0.11572265625,-0.007537841796875,-0.007965087890625,0.0113525390625,J,0,2026-08-22_23-06-48,2026-08-23
0.5527272727272727,0.7959183673469388,0.718978102189781,0.8847926267281107,1.0,0.0,1.0,1.0,1.0,0.0,0.0,0.503173828125,-0.2073974609375,0.110595703125,-0.00836181640625,-0.010406494140625,0.011077880859375,J,0,2026-08-22_23-06-48,2026-08-23
0.610909090909091,0.7721088435374149,0.9890510948905109,0.5806451612903226,0.9395973154362416,0.0,1.0,1.0,1.0,0.0,0.0,0.504638671875,-0.2103271484375,0.1085205078125,-0.006988525390625,-0.00579833984375,0.0101318359375,J,0,2026-08-22_23-06-48,2026-08-23
0.6145454545454545,0.6581632653061225,0.7773722627737226,0.6175115207373272,1.0,0.0,1.0,1.0,1.0,0.0,0.0,0.509521484375,-0.211181640625,0.1097412109375,-0.01690673828125,-0.001983642578125,0.001922607421875,J,0,2026-08-22_23-06-48,2026-08-23
0.6,0.7993197278911565,0.8722627737226277,0.783410138248848,0.8053691275167785,0.0,1.0,1.0,1.0,0.0,0.0,0.5069580078125,-0.1961669921875,0.12060546875,-0.016815185546875,-0.005462646484375,0.006378173828125,J,0,2026-08-22_23-06-48,2026-08-23
0.48363636363636364,0.7244897959183674,0.7992700729927007,0.967741935483871,1.0,0.0,1.0,1.0,1.0,0.0,0.0,0.506591796875,-0.2066650390625,0.1129150390625,-0.0155029296875,-0.009185791015625,0.01043701171875,J,0,2026-08-22_23-06-48,2026-08-23
0.47454545454545455,0.75,0.5364963503649635,0.7926267281105991,0.8053691275167785,1.0,1.0,1.0,1.0,0.0,0.0,0.50390625,-0.2161865234375,0.1319580078125,-0.021636962890625,-0.00732421875,0.00408935546875,J,0,2026-08-22_23-06-48,2026-08-23
0.62,0.8010204081632653,0.8759124087591241,0.6866359447004609,0.8053691275167785,1.0,1.0,1.0,1.0,0.0,0.0,0.501708984375,-0.2080078125,0.114990234375,-0.021148681640625,-0.004974365234375,0.00335693359375,J,0,2026-08-22_23-06-48,2026-08-23
0.6236363636363637,0.6802721088435374,0.7992700729927007,0.5898617511520737,0.9798657718120806,1.0,1.0,1.0,1.0,0.0,0.0,0.507080078125,-0.209228515625,0.1112060546875,-0.016265869140625,-0.00506591796875,0.005767822265625,J,0,2026-08-22_23-06-48,2026-08-23
0.6309090909090909,0.6785714285714286,0.8759124087591241,0.6129032258064516,0.2684563758389262,1.0,1.0,1.0,1.0,0.0,0.0,0.507568359375,-0.2073974609375,0.115478515625,-0.012054443359375,-0.0076904296875,0.007354736328125,J,0,2026-08-22_23-06-48,2026-08-23
0.48,0.7414965986394558,0.7262773722627737,0.8755760368663594,1.0,1.0,1.0,1.0,1.0,0.0,0.0,0.508544921875,-0.213134765625,0.118896484375,-0.011505126953125,-0.009918212890625,0.005126953125,J,0,2026-08-22_23-06-48,2026-08-23
0.5363636363636364,0.6445578231292517,0.6204379562043796,0.5898617511520737,0.38926174496644295,1.0,1.0,1.0,1.0,0.0,0.0,0.5042724609375,-0.21533203125,0.1097412109375,-0.021728515625,-0.012359619140625,-0.003173828125,J,0,2026-08-22_23-06-48,2026-08-23
0.6472727272727272,0.7891156462585034,0.6423357664233577,0.7327188940092166,0.8590604026845637,1.0,1.0,1.0,1.0,0.0,0.0,0.502197265625,-0.2052001953125,0.107421875,-0.025482177734375,-0.01251220703125,-0.0032958984375,J,0,2026-08-22_23-06-48,2026-08-23
0.5781818181818181,0.7278911564625851,0.9817518248175182,0.8755760368663594,0.4966442953020134,1.0,1.0,1.0,1.0,0.0,0.0,0.5069580078125,-0.2071533203125,0.1090087890625,-0.018218994140625,-0.011474609375,0.003997802734375,J,0,2026-08-22_23-06-48,2026-08-23
0.6581818181818182,0.7414965986394558,0.9708029197080292,0.9585253456221198,0.8053691275167785,1.0,1.0,1.0,1.0,0.0,0.0,0.5001220703125,-0.207763671875,0.1082763671875,-0.012603759765625,-0.007354736328125,0.0050048828125,J,0,2026-08-22_23-06-48,2026-08-23
0.5690909090909091,0.6598639455782312,0.7591240875912408,0.8940092165898618,0.9932885906040269,1.0,1.0,1.0,1.0,0.0,0.0,0.5015869140625,-0.212158203125,0.111328125,-0.01446533203125,-0.003570556640625,0.00299072265625,J,0,2026-08-22_23-06-48,2026-08-23
0.6127272727272727,0.6955782312925171,0.7591240875912408,0.7419354838709677,1.0,1.0,1.0,1.0,1.0,0.0,0.0,0.5030517578125,-0.212646484375,0.1153564453125,-0.0191650390625,-0.007232666015625,0.00103759765625,J,0,2026-08-22_23-06-48,2026-08-23
0.62,0.7874149659863946,0.927007299270073,0.9723502304147466,0.8053691275167785,1.0,1.0,1.0,1.0,0.0,0.0,0.5025634765625,-0.203125,0.1141357421875,-0.023529052734375,-0.01318359375,0.001708984375,J,0,2026-08-22_23-06-48,2026-08-23
0.6,0.7721088435374149,0.5255474452554745,0.6359447004608295,1.0,1.0,1.0,1.0,1.0,0.0,0.0,0.5040283203125,-0.2010498046875,0.1171875,-0.01922607421875,-0.012939453125,0.00604248046875,J,0,2026-08-22_23-06-48,2026-08-23
0.49454545454545457,0.7636054421768708,0.5109489051094891,0.7511520737327189,0.8053691275167785,0.0,1.0,1.0,1.0,0.0,0.0,0.50048828125,-0.2042236328125,0.10986328125,-0.0107421875,-0.009735107421875,0.00750732421875,J,0,2026-08-22_23-06-48,2026-08-23
0.5945454545454546,0.7993197278911565,0.8175182481751825,0.511520737327189,0.8053691275167785,0.0,1.0,1.0,1.0,0.0,0.0,0.5062255859375,-0.204833984375,0.1097412109375,-0.005767822265625,-0.010162353515625,0.009490966796875,J,0,2026-08-22_23-06-48,2026-08-23
0.48363636363636364,0.7227891156462585,0.6751824817518248,0.8110599078341014,0.8053691275167785,0.0,1.0,1.0,1.0,0.0,0.0,0.5052490234375,-0.2117919921875,0.1092529296875,-0.0162353515625,-0.00469970703125,0.004791259765625,J,0,2026-08-22_23-06-48,2026-08-23
0.68,0.7687074829931972,0.9014598540145985,0.4930875576036866,1.0,0.0,1.0,1.0,1.0,0.0,0.0,0.50341796875,-0.2061767578125,0.1058349609375,-0.02142333984375,-0.006439208984375,0.00396728515625,J,0,2026-08-22_23-06-48,2026-08-23
0.5327272727272727,0.7125850340136054,0.9051094890510949,0.7327188940092166,0.8053691275167785,0.0,1.0,1.0,1.0,0.0,0.0,0.5062255859375,-0.2154541015625,0.1094970703125,-0.0186767578125,-0.00970458984375,0.007720947265625,J,0,2026-08-22_23-06-48,2026-08-23
0.6254545454545455,0.814625850340136,0.8686131386861314,1.0,0.8053691275167785,0.0,1.0,1.0,1.0,0.0,0.0,0.5076904296875,-0.2138671875,0.11376953125,-0.017822265625,-0.011932373046875,0.005096435546875,J,0,2026-08-22_23-06-48,2026-08-23
0.5818181818181818,0.7670068027210885,0.9708029197080292,0.8617511520737328,0.8053691275167785,0.0,1.0,1.0,1.0,0.0,0.0,0.5054931640625,-0.2047119140625,0.11083984375,-0.015838623046875,-0.011077880859375,0.004669189453125,J,0,2026-08-22_23-06-48,2026-08-23
0.5527272727272727,0.7397959183673469,0.6934306569343066,0.7050691244239631,1.0,0.0,1.0,1.0,1.0,0.0,0.0,0.5068359375,-0.21044921875,0.1087646484375,-0.016510009765625,-0.006561279296875,0.00469970703125,J,0,2026-08-22_23-06-48,2026-08-23
0.4581818181818182,0.717687074829932,0.8029197080291971,0.8341013824884793,0.8053691275167785,0.0,1.0,1.0,1.0,0.0,0.0,0.506103515625,-0.2064208984375,0.1058349609375,-0.01934814453125,-0.002227783203125,0.004669189453125,J,0,2026-08-22_23-06-48,2026-08-23
0.48,0.6989795918367347,0.8941605839416058,0.8341013824884793,0.4429530201342282,0.0,1.0,1.0,1.0,0.0,0.0,0.5050048828125,-0.2158203125,0.113525390625,-0.01617431640625,-0.001007080078125,0.004638671875,J,0,2026-08-22_23-06-48,2026-08-23
0.5963636363636363,0.8537414965986394,0.8175182481751825,0.9907834101382489,0.8053691275167785,0.0,1.0,1.0,1.0,0.0,0.0,0.506103515625,-0.2080078125,0.1165771484375,-0.01495361328125,-0.0078125,0.004241943359375,J,0,2026-08-22_23-06-48,2026-08-23
0.6145454545454545,0.7602040816326531,0.9890510948905109,0.880184331797235,1.0,0.0,1.0,1.0,1.0,0.0,0.0,0.5048828125,-0.208984375,0.1160888671875,-0.014251708984375,-0.010833740234375,0.004150390625,J,0,2026-08-22_23-06-48,2026-08-23
0.6127272727272727,0.8044217687074829,0.8905109489051095,1.0,1.0,0.0,1.0,1.0,1.0,0.0,0.0,0.50146484375,-0.2108154296875,0.1083984375,-0.016387939453125,-0.008575439453125,0.003570556640625,J,0,2026-08-22_23-06-48,2026-08-23
0.6472727272727272,0.7704081632653061,0.8759124087591241,0.7419354838709677,0.8053691275167785,0.0,1.0,1.0,1.0,0.0,0.0,0.5040283203125,-0.20751953125,0.11572265625,-0.01348876953125,-0.005218505859375,0.005035400390625,J,0,2026-08-22_23-06-48,2026-08-23
0.5545454545454546,0.7329931972789115,0.8321167883211679,0.6682027649769585,0.8053691275167785,0.0,1.0,1.0,1.0,0.0,0.0,0.5030517578125,-0.2117919921875,0.119873046875,-0.013946533203125,-0.005706787109375,0.00238037109375,J,0,2026-08-22_23-06-48,2026-08-23
0.5690909090909091,0.8486394557823129,0.7773722627737226,0.9493087557603687,0.8053691275167785,0.0,1.0,1.0,1.0,0.0,0.0,0.50537109375,-0.2008056640625,0.115478515625,-0.017852783203125,-0.0089111328125,0.0029296875,J,0,2026-08-22_23-06-48,2026-08-23
0.2545454545454545,0.6105442176870748,0.5875912408759124,1.0,1.0,0.0,1.0,1.0,1.0,0.0,0.0,0.489013671875,-0.2354736328125,0.14208984375,-0.0223388671875,-0.012725830078125,0.00604248046875,J,1,2026-08-22_23-06-48,2026-08-23
0.26545454545454544,0.564625850340136,0.9343065693430657,0.8847926267281107,1.0,0.0,1.0,1.0,1.0,0.0,0.0,0.4921875,-0.234375,0.1431884765625,-0.023284912109375,-0.01312255859375,0.000701904296875,J,1,2026-08-22_23-06-48,2026-08-23
0.3472727272727273,0.5425170068027211,0.9708029197080292,0.5898617511520737,0.9798657718120806,0.0,1.0,1.0,1.0,0.0,0.0,0.4923095703125,-0.227783203125,0.14208984375,-0.024871826171875,-0.007904052734375,-0.00030517578125,J,1,2026-08-22_23-06-48,2026-08-23
0.28909090909090907,0.5901360544217688,0.8722627737226277,0.6405529953917051,0.8859060402684564,0.0,1.0,1.0,1.0,0.0,0.0,0.49462890625,-0.225341796875,0.14013671875,-0.01904296875,-0.00213623046875,0.0020751953125,J,1,2026-08-22_23-06-48,2026-08-23
0.32181818181818184,0.5816326530612245,0.8357664233576643,0.6589861751152074,1.0,0.0,1.0,1.0,1.0,0.0,0.0,0.4949951171875,-0.226806640625,0.1414794921875,-0.021881103515625,0.001434326171875,-0.001983642578125,J,1,2026-08-22_23-06-48,2026-08-23
0.2727272727272727,0.6207482993197279,0.7700729927007299,0.9170506912442397,1.0,0.0,1.0,1.0,1.0,0.0,0.0,0.4893798828125,-0.218994140625,0.1483154296875,-0.021240234375,0.000823974609375,-0.000244140625,J,1,2026-08-22_23-06-48,2026-08-23
0.3018181818181818,0.5901360544217688,0.8941605839416058,0.8341013824884793,1.0,0.0,1.0,1.0,1.0,0.0,0.0,0.490234375,-0.2197265625,0.1544189453125,-0.02081298828125,-0.00250244140625,0.00286865234375,J,1,2026-08-22_23-06-48,2026-08-23
0.31636363636363635,0.5731292517006803,0.8394160583941606,0.7972350230414746,1.0,0.0,1.0,1.0,1.0,0.0,0.0,0.48876953125,-0.2261962890625,0.162109375,-0.019622802734375,-0.007415771484375,0.00244140625,J,1,2026-08-22_23-06-48,2026-08-23
0.3,0.54421768707483,0.8832116788321168,0.6036866359447005,1.0,0.0,1.0,1.0,1.0,0.0,0.0,0.4842529296875,-0.23046875,0.150634765625,-0.020111083984375,-0.004730224609375,-0.003326416015625,J,1,2026-08-22_23-06-48,2026-08-23
0.3490909090909091,0.5629251700680272,0.927007299270073,0.8986175115207373,1.0,0.0,1.0,1.0,1.0,0.0,0.0,0.4835205078125,-0.2249755859375,0.157958984375,-0.01348876953125,-0.0045166015625,-0.0047607421875,J,1,2026-08-22_23-06-48,2026-08-23
0.3418181818181818,0.5510204081632653,0.8759124087591241,0.6359447004608295,0.8053691275167785,0.0,1.0,1.0,1.0,0.0,0.0,0.4818115234375,-0.22216796875,0.1458740234375,-0.008697509765625,-0.00299072265625,-0.0042724609375,J,1,2026-08-22_23-06-48,2026-08-23
0.22363636363636363,0.6581632653061225,0.6678832116788321,0.8064516129032258,1.0,0.0,1.0,1.0,1.0,0.0,0.0,0.48291015625,-0.218017578125,0.1507568359375,-0.01251220703125,-0.001373291015625,0.002044677734375,J,1,2026-08-22_23-06-48,2026-08-23
0.2381818181818182,0.6445578231292517,0.7518248175182481,0.8709677419354839,1.0,0.0,1.0,1.0,1.0,0.0,0.0,0.485595703125,-0.2171630859375,0.1595458984375,-0.014495849609375,-0.00244140625,0.00494384765625,J,1,2026-08-22_23-06-48,2026-08-23
0.26545454545454544,0.6632653061224489,0.6532846715328468,0.9769585253456221,1.0,0.0,1.0,1.0,1.0,0.0,0.0,0.486328125,-0.2166748046875,0.1568603515625,-0.01617431640625,-0.012115478515625,0.005462646484375,J,1,2026-08-22_23-06-48,2026-08-23
0.3981818181818182,0.5374149659863946,0.8759124087591241,0.6036866359447005,0.912751677852349,0.0,1.0,1.0,1.0,0.0,0.0,0.4906005859375,-0.2174072265625,0.1590576171875,-0.016937255859375,-0.01495361328125,0.003997802734375,J,1,2026-08-22_23-06-48,2026-08-23
0.36727272727272725,0.5357142857142857,0.9452554744525548,0.7465437788018433,1.0,0.0,1.0,1.0,1.0,0.0,0.0,0.491943359375,-0.2252197265625,0.1488037109375,-0.01580810546875,-0.01544189453125,0.0009765625,J,1,2026-08-22_23-06-48,2026-08-23
0.24181818181818182,0.6479591836734694,0.5401459854014599,0.9815668202764977,1.0,0.0,1.0,1.0,1.0,0.0,0.0,0.4908447265625,-0.222900390625,0.146240234375,-0.016510009765625,-0.01806640625,0.00030517578125,J,1,2026-08-22_23-06-48,2026-08-23
0.2581818181818182,0.5969387755102041,0.6678832116788321,0.9078341013824884,0.9932885906040269,0.0,1.0,1.0,1.0,0.0,0.0,0.4849853515625,-0.2279052734375,0.1363525390625,-0.017913818359375,-0.008697509765625,-0.00067138671875,J,1,2026-08-22_23-06-48,2026-08-23
0.3618181818181818,0.5272108843537415,0.9416058394160584,0.5622119815668203,0.9932885906040269,0.0,1.0,1.0,1.0,0.0,0.0,0.4825439453125,-0.2215576171875,0.1455078125,-0.0201416015625,-0.004364013671875,-0.00152587890625,J,1,2026-08-22_23-06-48,2026-08-23
0.3527272727272727,0.49829931972789115,0.8503649635036497,0.7603686635944701,0.8053691275167785,0.0,1.0,1.0,1.0,0.0,0.0,0.484130859375,-0.21728515625,0.151123046875,-0.01239013671875,0.003143310546875,0.0030517578125,J,1,2026-08-22_23-06-48,2026-08-23
0.39090909090909093,0.5357142857142857,0.8284671532846716,0.9124423963133641,1.0,0.0,1.0,1.0,1.0,0.0,0.0,0.4884033203125,-0.2203369140625,0.158935546875,-0.009735107421875,-0.000885009765625,0.005096435546875,J,1,2026-08-22_23-06-48,2026-08-23
0.2581818181818182,0.6394557823129252,0.8284671532846716,0.7695852534562212,1.0,0.0,1.0,1.0,1.0,0.0,0.0,0.482666015625,-0.2171630859375,0.1456298828125,-0.015380859375,-0.004852294921875,0.005401611328125,J,1,2026-08-22_23-06-48,2026-08-23
0.31636363636363635,0.5544217687074829,0.8759124087591241,0.8894009216589862,1.0,0.0,1.0,1.0,1.0,0.0,0.0,0.4864501953125,-0.219970703125,0.15380859375,-0.017486572265625,-0.01910400390625,0.006561279296875,J,1,2026-08-22_23-06-48,2026-08-23
0.32,0.5306122448979592,0.8686131386861314,0.7373271889400922,1.0,0.0,1.0,1.0,1.0,0.0,0.0,0.49169921875,-0.22265625,0.15185546875,-0.020751953125,-0.02801513671875,0.00433349609375,J,1,2026-08-22_23-06-48,2026-08-23
0.3018181818181818,0.564625850340136,0.8832116788321168,0.6405529953917051,0.87248322147651,0.0,1.0,1.0,1.0,0.0,0.0,0.4801025390625,-0.22900390625,0.12158203125,-0.021331787109375,-0.0123291015625,-0.002685546875,J,1,2026-08-22_23-06-48,2026-08-23
0.2509090909090909,0.6275510204081632,0.6496350364963503,0.9308755760368663,1.0,0.0,1.0,1.0,1.0,0.0,0.0,0.483642578125,-0.22509765625,0.1312255859375,-0.020355224609375,-0.001220703125,-0.005645751953125,J,1,2026-08-22_23-06-48,2026-08-23
0.3327272727272727,0.5357142857142857,0.8941605839416058,0.7649769585253456,0.8322147651006712,0.0,1.0,1.0,1.0,0.0,0.0,0.498779296875,-0.2177734375,0.139892578125,-0.029327392578125,0.00714111328125,0.0052490234375,J,1,2026-08-22_23-06-48,2026-08-23
0.39090909090909093,0.5153061224489796,0.8795620437956204,0.5944700460829493,1.0,0.0,1.0,1.0,1.0,0.0,0.0,0.4796142578125,-0.213623046875,0.089111328125,-0.017578125,0.0220947265625,0.003997802734375,J,1,2026-08-22_23-06-48,2026-08-23
0.3618181818181818,0.6156462585034014,0.5875912408759124,0.9539170506912442,1.0,0.0,1.0,1.0,1.0,0.0,0.0,0.4881591796875,-0.2254638671875,0.1219482421875,-0.01556396484375,-0.0035400390625,0.00958251953125,J,1,2026-08-22_23-06-48,2026-08-23
0.24727272727272728,0.5986394557823129,0.6970802919708029,0.9124423963133641,0.9932885906040269,0.0,1.0,1.0,1.0,0.0,0.0,0.4892578125,-0.2288818359375,0.1488037109375,-0.019195556640625,-0.00299072265625,0.0054931640625,J,1,2026-08-22_23-06-48,2026-08-23
0.3472727272727273,0.5085034013605442,0.8284671532846716,0.6774193548387096,0.8053691275167785,0.0,1.0,1.0,1.0,0.0,0.0,0.4818115234375,-0.228515625,0.1597900390625,-0.01495361328125,-0.002838134765625,0.00274658203125,J,1,2026-08-22_23-06-48,2026-08-23
0.33090909090909093,0.576530612244898,0.9890510948905109,0.7511520737327189,1.0,0.0,1.0,1.0,1.0,0.0,0.0,0.485107421875,-0.2261962890625,0.1578369140625,-0.01251220703125,-0.00213623046875,0.00091552734375,J,1,2026-08-22_23-06-48,2026-08-23
0.28909090909090907,0.6020408163265306,0.6605839416058394,0.9631336405529954,1.0,0.0,1.0,1.0,1.0,0.0,0.0,0.486572265625,-0.21533203125,0.1563720703125,-0.012969970703125,-0.004730224609375,0.003082275390625,J,1,2026-08-22_23-06-48,2026-08-23
0.3181818181818182,0.5510204081632653,0.9927007299270073,0.631336405529954,1.0,0.0,1.0,1.0,1.0,0.0,0.0,0.4874267578125,-0.2191162109375,0.155029296875,-0.01873779296875,-0.010833740234375,0.00372314453125,J,1,2026-08-22_23-06-48,2026-08-23
0.32727272727272727,0.6207482993197279,0.8102189781021898,0.783410138248848,0.8053691275167785,0.0,1.0,1.0,1.0,0.0,0.0,0.4949951171875,-0.2152099609375,0.1544189453125,-0.0194091796875,-0.016510009765625,0.0037841796875,J,1,2026-08-22_23-06-48,2026-08-23
0.33090909090909093,0.4880952380952381,0.8686131386861314,0.6129032258064516,0.8456375838926175,0.0,1.0,1.0,1.0,0.0,0.0,0.49365234375,-0.21826171875,0.145751953125,-0.018402099609375,-0.019012451171875,0.001953125,J,1,2026-08-22_23-06-48,2026-08-23
0.21454545454545454,0.6241496598639455,0.6751824817518248,0.967741935483871,1.0,0.0,1.0,1.0,1.0,0.0,0.0,0.4932861328125,-0.22607421875,0.139404296875,-0.012786865234375,-0.015594482421875,-0.00128173828125,J,1,2026-08-22_23-06-48,2026-08-23
0.19454545454545455,0.6785714285714286,0.6788321167883211,0.8986175115207373,1.0,0.0,1.0,1.0,1.0,0.0,0.0,0.4913330078125,-0.228515625,0.136962890625,-0.002716064453125,-0.019378662109375,-0.000885009765625,J,1,2026-08-22_23-06-48,2026-08-23
0.18363636363636363,0.6581632653061225,0.8613138686131386,0.7050691244239631,0.8187919463087249,0.0,1.0,1.0,1.0,0.0,0.0,0.484375,-0.230712890625,0.1395263671875,-0.002532958984375,-0.009918212890625,-0.002532958984375,J,1,2026-08-22_23-06-48,2026-08-23
0.24181818181818182,0.6564625850340136,0.6423357664233577,0.8940092165898618,1.0,0.0,1.0,1.0,1.0,0.0,0.0,0.478271484375,-0.227783203125,0.1282958984375,-0.007415771484375,0.0028076171875,-0.00213623046875,J,1,2026-08-22_23-06-48,2026-08-23
0.37636363636363634,0.7908163265306123,0.8795620437956204,0.7788018433179723,0.87248322147651,0.0,1.0,1.0,1.0,1.0,0.0,0.4849853515625,-0.22900390625,0.1463623046875,-0.015838623046875,-0.002838134765625,0.0096435546875,J,2,2026-08-22_23-06-48,2026-08-23
0.49272727272727274,0.7448979591836735,0.8138686131386861,0.7373271889400922,0.8187919463087249,0.0,1.0,1.0,1.0,1.0,0.0,0.48046875,-0.231689453125,0.147705078125,-0.012908935546875,-0.00213623046875,0.006256103515625,J,2,2026-08-22_23-06-48,2026-08-23
0.48727272727272725,0.7074829931972789,1.0,0.7050691244239631,1.0,0.0,1.0,1.0,1.0,1.0,0.0,0.4849853515625,-0.231201171875,0.1502685546875,-0.016021728515625,-0.00537109375,0.0054931640625,J,2,2026-08-22_23-06-48,2026-08-23
0.4109090909090909,0.6207482993197279,0.7700729927007299,0.5714285714285714,0.9664429530201343,0.0,1.0,1.0,1.0,1.0,0.0,0.4853515625,-0.234619140625,0.1478271484375,-0.02044677734375,-0.005767822265625,0.0052490234375,J,2,2026-08-22_23-06-48,2026-08-23
0.41818181818181815,0.6921768707482994,0.7554744525547445,0.7050691244239631,0.8456375838926175,0.0,1.0,1.0,1.0,1.0,0.0,0.483642578125,-0.2325439453125,0.15087890625,-0.022430419921875,-0.007965087890625,0.005859375,J,2,2026-08-22_23-06-48,2026-08-23
0.48,0.7261904761904762,0.7992700729927007,0.6682027649769585,1.0,0.0,1.0,1.0,1.0,1.0,0.0,0.48828125,-0.2320556640625,0.1553955078125,-0.016632080078125,-0.004547119140625,0.005859375,J,2,2026-08-22_23-06-48,2026-08-23
0.4072727272727273,0.6360544217687075,0.7372262773722628,0.6082949308755761,1.0,0.0,1.0,1.0,1.0,1.0,0.0,0.4873046875,-0.22998046875,0.1597900390625,-0.01043701171875,-0.006805419921875,0.006591796875,J,2,2026-08-22_23-06-48,2026-08-23
0.4163636363636364,0.6802721088435374,0.6532846715328468,0.5944700460829493,0.8456375838926175,0.0,1.0,1.0,1.0,1.0,0.0,0.486083984375,-0.2369384765625,0.1558837890625,-0.011138916015625,-0.00933837890625,0.003265380859375,J,2,2026-08-22_23-06-48,2026-08-23
0.5563636363636364,0.6479591836734694,1.0,0.7511520737327189,1.0,0.0,1.0,1.0,1.0,1.0,0.0,0.4840087890625,-0.2293701171875,0.1539306640625,-0.015899658203125,-0.013458251953125,0.003936767578125,J,2,2026-08-22_23-06-48,2026-08-23
0.44727272727272727,0.6360544217687075,0.9197080291970803,0.783410138248848,0.9932885906040269,0.0,1.0,1.0,1.0,0.0,0.0,0.4813232421875,-0.2333984375,0.15576171875,-0.017730712890625,-0.0147705078125,0.003021240234375,J,2,2026-08-22_23-06-48,2026-08-23
0.4690909090909091,0.641156462585034,0.8029197080291971,0.6682027649769585,1.0,0.0,1.0,1.0,1.0,0.0,0.0,0.4822998046875,-0.236328125,0.1492919921875,-0.01593017578125,-0.013519287109375,0.001434326171875,J,2,2026-08-22_23-06-48,2026-08-23
0.4636363636363636,0.7125850340136054,0.6423357664233577,0.7327188940092166,1.0,0.0,1.0,1.0,1.0,0.0,0.0,0.48486328125,-0.2301025390625,0.1396484375,-0.015655517578125,-0.01177978515625,-0.002197265625,J,2,2026-08-22_23-06-48,2026-08-23
0.45454545454545453,0.6666666666666666,0.8102189781021898,0.576036866359447,0.87248322147651,0.0,1.0,1.0,1.0,0.0,0.0,0.4835205078125,-0.231201171875,0.14697265625,-0.01629638671875,-0.006622314453125,-0.0010986328125,J,2,2026-08-22_23-06-48,2026-08-23
0.48363636363636364,0.6513605442176871,0.7664233576642335,0.663594470046083,0.8053691275167785,0.0,1.0,1.0,1.0,0.0,0.0,0.484375,-0.2244873046875,0.1483154296875,-0.015167236328125,-0.0084228515625,0.00079345703125,J,2,2026-08-22_23-06-48,2026-08-23
0.47454545454545455,0.6479591836734694,0.8284671532846716,0.5898617511520737,1.0,0.0,1.0,1.0,1.0,0.0,0.0,0.4844970703125,-0.225830078125,0.146240234375,-0.01239013671875,-0.00616455078125,0.003570556640625,J,2,2026-08-22_23-06-48,2026-08-23
0.4581818181818182,0.6258503401360545,0.948905109489051,0.6912442396313364,1.0,0.0,1.0,1.0,1.0,0.0,0.0,0.486328125,-0.2275390625,0.152099609375,-0.0103759765625,-0.0137939453125,0.004730224609375,J,2,2026-08-22_23-06-48,2026-08-23
0.4490909090909091,0.6632653061224489,0.708029197080292,0.7096774193548387,0.8322147651006712,0.0,1.0,1.0,1.0,0.0,0.0,0.4794921875,-0.234375,0.1510009765625,-0.01544189453125,-0.014801025390625,0.00054931640625,J,2,2026-08-22_23-06-48,2026-08-23
0.41454545454545455,0.6870748299319728,0.7591240875912408,0.7695852534562212,1.0,0.0,1.0,1.0,1.0,1.0,0.0,0.47412109375,-0.23486328125,0.10791015625,-0.01727294921875,-0.012969970703125,0.001953125,J,2,2026-08-22_23-06-48,2026-08-23
0.5218181818181818,0.7721088435374149,0.9233576642335767,0.8617511520737328,1.0,0.0,1.0,1.0,1.0,1.0,0.0,0.4825439453125,-0.229736328125,0.1427001953125,-0.013031005859375,-0.014617919921875,0.006439208984375,J,2,2026-08-22_23-06-48,2026-08-23
0.47454545454545455,0.6683673469387755,0.7737226277372263,0.5069124423963134,1.0,0.0,1.0,1.0,1.0,1.0,0.0,0.4866943359375,-0.2342529296875,0.154296875,-0.01239013671875,-0.00799560546875,0.00103759765625,J,2,2026-08-22_23-06-48,2026-08-23
0.41454545454545455,0.6683673469387755,0.8722627737226277,0.9769585253456221,0.9395973154362416,0.0,1.0,1.0,1.0,1.0,0.0,0.4906005859375,-0.2315673828125,0.152587890625,-0.01263427734375,-0.012481689453125,-0.004180908203125,J,2,2026-08-22_23-06-48,2026-08-23
0.5672727272727273,0.6972789115646258,0.9598540145985401,0.815668202764977,0.9261744966442953,0.0,1.0,1.0,1.0,1.0,0.0,0.48974609375,-0.2325439453125,0.1483154296875,-0.01812744140625,-0.017669677734375,-0.004852294921875,J,2,2026-08-22_23-06-48,2026-08-23
0.3927272727272727,0.6751700680272109,0.7773722627737226,0.7142857142857143,0.8053691275167785,0.0,1.0,1.0,1.0,1.0,0.0,0.4837646484375,-0.232177734375,0.139404296875,-0.01727294921875,-0.01800537109375,-0.003936767578125,J,2,2026-08-22_23-06-48,2026-08-23
0.4290909090909091,0.7346938775510204,0.8613138686131386,0.9170506912442397,1.0,0.0,1.0,1.0,1.0,0.0,0.0,0.482666015625,-0.235595703125,0.1309814453125,-0.01458740234375,-0.009246826171875,-0.006072998046875,J,2,2026-08-22_23-06-48,2026-08-23
0.4127272727272727,0.6632653061224489,0.8102189781021898,0.8940092165898618,1.0,0.0,1.0,1.0,1.0,0.0,0.0,0.4930419921875,-0.224609375,0.1395263671875,-0.003082275390625,-0.00238037109375,-0.00177001953125,J,2,2026-08-22_23-06-48,2026-08-23
0.44727272727272727,0.7006802721088435,0.8759124087591241,0.7096774193548387,1.0,0.0,1.0,1.0,1.0,0.0,0.0,0.490966796875,-0.2386474609375,0.1431884765625,-0.00506591796875,-0.003631591796875,-0.00494384765625,J,2,2026-08-22_23-06-48,2026-08-23
0.5,0.7568027210884354,0.8175182481751825,0.7880184331797235,0.8590604026845637,0.0,1.0,1.0,1.0,1.0,0.0,0.492919921875,-0.2257080078125,0.140625,-0.0103759765625,-0.006591796875,-0.007354736328125,J,2,2026-08-22_23-06-48,2026-08-23
0.3927272727272727,0.7006802721088435,0.718978102189781,0.7373271889400922,0.8053691275167785,0.0,1.0,1.0,1.0,1.0,0.0,0.498291015625,-0.1953125,0.1414794921875,-0.0126953125,-0.01800537109375,-0.00494384765625,J,2,2026-08-22_23-06-48,2026-08-23
0.49272727272727274,0.7959183673469388,0.9525547445255474,0.9493087557603687,1.0,0.0,1.0,1.0,1.0,1.0,0.0,0.4886474609375,-0.22802734375,0.1427001953125,-0.01312255859375,-0.014007568359375,-0.00531005859375,J,2,2026-08-22_23-06-48,2026-08-23
0.4618181818181818,0.6581632653061225,0.9197080291970803,0.7373271889400922,1.0,0.0,1.0,1.0,1.0,1.0,0.0,0.481201171875,-0.2265625,0.1390380859375,-0.014617919921875,-0.0042724609375,-0.004150390625,J,2,2026-08-22_23-06-48,2026-08-23
0.5418181818181819,0.6921768707482994,0.8978102189781022,0.7235023041474654,1.0,0.0,1.0,1.0,1.0,1.0,0.0,0.484375,-0.220703125,0.1414794921875,-0.010467529296875,0.00091552734375,-0.002166748046875,J,2,2026-08-22_23-06-48,2026-08-23
0.44,0.6819727891156463,0.781021897810219,0.6912442396313364,1.0,0.0,1.0,1.0,1.0,1.0,0.0,0.4813232421875,-0.216064453125,0.1505126953125,-0.012298583984375,-0.002532958984375,-0.00274658203125,J,2,2026-08-22_23-06-48,2026-08-23
0.45636363636363636,0.7074829931972789,0.9744525547445255,0.8847926267281107,1.0,0.0,1.0,1.0,1.0,1.0,0.0,0.481689453125,-0.215576171875,0.1494140625,-0.011688232421875,-0.005615234375,-0.000244140625,J,2,2026-08-22_23-06-48,2026-08-23
0.4763636363636364,0.8231292517006803,0.9379562043795621,0.8663594470046083,0.8053691275167785,0.0,1.0,1.0,1.0,1.0,0.0,0.479248046875,-0.2193603515625,0.1485595703125,-0.01483154296875,-0.0050048828125,0.000823974609375,J,2,2026-08-22_23-06-48,2026-08-23
0.5072727272727273,0.7142857142857143,0.8978102189781022,0.9447004608294931,1.0,0.0,1.0,1.0,1.0,1.0,0.0,0.484619140625,-0.2197265625,0.1593017578125,-0.0177001953125,-0.010833740234375,0.0037841796875,J,2,2026-08-22_23-06-48,2026-08-23
0.5127272727272727,0.7159863945578231,0.781021897810219,0.815668202764977,1.0,0.0,1.0,1.0,1.0,1.0,0.0,0.4814453125,-0.2164306640625,0.1473388671875,-0.019805908203125,-0.009765625,0.005157470703125,J,2,2026-08-22_23-06-48,2026-08-23
0.43454545454545457,0.6768707482993197,0.8722627737226277,0.7188940092165899,1.0,0.0,1.0,1.0,1.0,1.0,0.0,0.483642578125,-0.2261962890625,0.1431884765625,-0.018341064453125,-0.014129638671875,0.0084228515625,J,2,2026-08-22_23-06-48,2026-08-23
0.44,0.7159863945578231,0.8284671532846716,0.7880184331797235,0.8053691275167785,0.0,1.0,1.0,1.0,1.0,0.0,0.4801025390625,-0.2286376953125,0.1463623046875,-0.020111083984375,-0.010101318359375,0.0050048828125,J,2,2026-08-22_23-06-48,2026-08-23
0.4109090909090909,0.6904761904761905,0.7007299270072993,0.7511520737327189,1.0,0.0,1.0,1.0,1.0,1.0,0.0,0.484619140625,-0.220947265625,0.14453125,-0.01434326171875,-0.005462646484375,0.007843017578125,J,2,2026-08-22_23-06-48,2026-08-23
0.5345454545454545,0.7431972789115646,0.7043795620437956,0.7235023041474654,1.0,0.0,1.0,1.0,1.0,1.0,0.0,0.4847412109375,-0.2249755859375,0.145751953125,-0.012115478515625,-0.001495361328125,0.0076904296875,J,2,2026-08-22_23-06-48,2026-08-23
0.18727272727272729,0.5391156462585034,0.22992700729927007,0.9585253456221198,1.0,0.0,1.0,1.0,1.0,0.0,0.0,0.487060546875,-0.2196044921875,0.1600341796875,-0.01202392578125,-0.0067138671875,-0.003265380859375,J,3,2026-08-22_23-06-48,2026-08-23
0.18181818181818182,0.9982993197278912,1.0,0.8064516129032258,0.42953020134228187,0.0,1.0,1.0,1.0,0.0,0.0,0.484375,-0.221435546875,0.158447265625,-0.01190185546875,-0.0076904296875,-0.002655029296875,J,3,2026-08-22_23-06-48,2026-08-23
0.0,0.7193877551020408,1.0,1.0,0.0,0.0,1.0,1.0,1.0,0.0,0.0,0.487548828125,-0.2183837890625,0.1551513671875,-0.013275146484375,-0.005218505859375,-0.0009765625,J,3,2026-08-22_23-06-48,2026-08-23
0.4909090909090909,0.9030612244897959,0.8540145985401459,0.2672811059907834,0.0,0.0,1.0,1.0,1.0,0.0,0.0,0.48779296875,-0.2215576171875,0.1591796875,-0.013641357421875,-0.004486083984375,-0.00018310546875,J,3,2026-08-22_23-06-48,2026-08-23
0.5327272727272727,0.6530612244897959,0.291970802919708,0.45161290322580644,1.0,0.0,1.0,1.0,1.0,0.0,0.0,0.4921875,-0.2147216796875,0.164794921875,-0.009674072265625,-0.0140380859375,0.000244140625,J,3,2026-08-22_23-06-48,2026-08-23
0.01090909090909091,0.5425170068027211,0.6970802919708029,1.0,0.0,0.0,1.0,1.0,1.0,0.0,0.0,0.488037109375,-0.2247314453125,0.1539306640625,-0.0069580078125,-0.026580810546875,0.0042724609375,J,3,2026-08-22_23-06-48,2026-08-23
0.40545454545454546,0.5901360544217688,0.1386861313868613,0.17050691244239632,0.0,0.0,1.0,1.0,1.0,0.0,0.0,0.4927978515625,-0.2225341796875,0.142822265625,-0.019683837890625,-0.027374267578125,-0.0010986328125,J,3,2026-08-22_23-06-48,2026-08-23
0.36727272727272725,1.0,1.0,0.7926267281105991,1.0,0.0,1.0,1.0,1.0,0.0,0.0,0.4937744140625,-0.21728515625,0.138671875,-0.01654052734375,-0.02569580078125,0.004852294921875,J,3,2026-08-22_23-06-48,2026-08-23
0.5418181818181819,0.9795918367346939,0.8248175182481752,0.14285714285714285,0.8322147651006712,0.0,1.0,1.0,1.0,0.0,0.0,0.492431640625,-0.2215576171875,0.1405029296875,-0.01251220703125,-0.02264404296875,0.00457763671875,J,3,2026-08-22_23-06-48,2026-08-23
0.12545454545454546,0.5051020408163265,0.635036496350365,1.0,0.8053691275167785,0.0,1.0,1.0,1.0,0.0,0.0,0.4935302734375,-0.2210693359375,0.13916015625,-0.0091552734375,-0.020172119140625,0.001617431640625,J,3,2026-08-22_23-06-48,2026-08-23
0.5563636363636364,0.7023809523809523,0.35766423357664234,0.7327188940092166,0.912751677852349,0.0,1.0,1.0,1.0,0.0,0.0,0.485595703125,-0.222412109375,0.1353759765625,-0.003021240234375,-0.02783203125,-0.00244140625,J,3,2026-08-22_23-06-48,2026-08-23
0.4109090909090909,0.608843537414966,0.291970802919708,0.28110599078341014,0.2953020134228188,0.0,1.0,1.0,1.0,0.0,0.0,0.485107421875,-0.2222900390625,0.1339111328125,-0.00341796875,-0.024444580078125,-0.00238037109375,J,3,2026-08-22_23-06-48,2026-08-23
0.045454545454545456,0.4880952380952381,0.40875912408759124,0.6359447004608295,0.912751677852349,0.0,1.0,1.0,1.0,0.0,0.0,0.4849853515625,-0.2137451171875,0.139404296875,-0.011077880859375,-0.0201416015625,-0.001800537109375,J,3,2026-08-22_23-06-48,2026-08-23
0.04727272727272727,0.8758503401360545,1.0,1.0,1.0,0.0,1.0,1.0,1.0,0.0,0.0,0.4866943359375,-0.21142578125,0.1396484375,-0.01654052734375,-0.021881103515625,-0.000213623046875,J,3,2026-08-22_23-06-48,2026-08-23
0.07090909090909091,1.0,1.0,0.8617511520737328,1.0,0.0,1.0,1.0,1.0,0.0,0.0,0.48828125,-0.20361328125,0.13818359375,-0.020416259765625,-0.01873779296875,0.002899169921875,J,3,2026-08-22_23-06-48,2026-08-23
0.5963636363636363,0.7482993197278912,0.4562043795620438,0.8847926267281107,0.8053691275167785,0.0,1.0,1.0,1.0,0.0,0.0,0.488525390625,-0.213623046875,0.14013671875,-0.018341064453125,-0.01324462890625,0.006134033203125,J,3,2026-08-22_23-06-48,2026-08-23
0.36,0.9897959183673469,0.9890510948905109,0.7603686635944701,1.0,0.0,1.0,1.0,1.0,0.0,0.0,0.4832763671875,-0.2138671875,0.1405029296875,-0.018798828125,-0.00189208984375,0.002960205078125,J,3,2026-08-22_23-06-48,2026-08-23
0.4690909090909091,0.9506802721088435,0.9854014598540146,0.8525345622119815,0.8053691275167785,0.0,1.0,1.0,1.0,0.0,0.0,0.48779296875,-0.2100830078125,0.1533203125,-0.011444091796875,-0.003204345703125,0.0076904296875,J,3,2026-08-22_23-06-48,2026-08-23
0.5054545454545455,0.6496598639455783,0.8832116788321168,0.6221198156682027,1.0,0.0,1.0,1.0,1.0,0.0,0.0,0.4874267578125,-0.2156982421875,0.1529541015625,-0.004638671875,-0.01434326171875,0.011077880859375,J,3,2026-08-22_23-06-48,2026-08-23
0.1781818181818182,0.6989795918367347,0.7591240875912408,0.7373271889400922,1.0,0.0,1.0,1.0,1.0,0.0,0.0,0.486328125,-0.219970703125,0.1514892578125,-0.011688232421875,-0.016937255859375,0.008819580078125,J,3,2026-08-22_23-06-48,2026-08-23
0.24181818181818182,0.7772108843537415,0.8978102189781022,0.8525345622119815,0.8187919463087249,0.0,1.0,1.0,1.0,0.0,0.0,0.485595703125,-0.2144775390625,0.1429443359375,-0.018646240234375,-0.0196533203125,0.010772705078125,J,3,2026-08-22_23-06-48,2026-08-23
0.509090909090909,0.7976190476190477,0.7408759124087592,0.9078341013824884,1.0,0.0,1.0,1.0,1.0,0.0,0.0,0.4898681640625,-0.216552734375,0.1463623046875,-0.01922607421875,-0.020263671875,0.013916015625,J,3,2026-08-22_23-06-48,2026-08-23
0.2309090909090909,0.7465986394557823,0.7262773722627737,0.631336405529954,1.0,0.0,1.0,1.0,1.0,0.0,0.0,0.4930419921875,-0.218505859375,0.1417236328125,-0.015228271484375,-0.019439697265625,0.013214111328125,J,3,2026-08-22_23-06-48,2026-08-23
0.35818181818181816,0.7755102040816326,0.7591240875912408,0.7880184331797235,0.8053691275167785,0.0,1.0,1.0,1.0,0.0,0.0,0.489990234375,-0.224365234375,0.1357421875,-0.0108642578125,-0.012176513671875,0.008514404296875,J,3,2026-08-22_23-06-48,2026-08-23
0.26181818181818184,0.7448979591836735,0.9306569343065694,0.7788018433179723,0.8053691275167785,0.0,1.0,1.0,1.0,0.0,0.0,0.495849609375,-0.2242431640625,0.136962890625,-0.008392333984375,-0.011505126953125,0.005584716796875,J,3,2026-08-22_23-06-48,2026-08-23
0.37454545454545457,0.7721088435374149,0.7554744525547445,0.8617511520737328,1.0,0.0,1.0,1.0,1.0,0.0,0.0,0.494384765625,-0.21923828125,0.1390380859375,-0.010101318359375,-0.00811767578125,0.004486083984375,J,3,2026-08-22_23-06-48,2026-08-23
0.32545454545454544,0.7329931972789115,0.8759124087591241,0.8018433179723502,1.0,0.0,1.0,1.0,1.0,0.0,0.0,0.4974365234375,-0.21826171875,0.139404296875,-0.007965087890625,-0.011138916015625,0.010711669921875,J,3,2026-08-22_23-06-48,2026-08-23
0.34545454545454546,0.717687074829932,0.9087591240875912,0.8571428571428571,0.8053691275167785,0.0,1.0,1.0,1.0,0.0,0.0,0.4967041015625,-0.2266845703125,0.136474609375,-0.01116943359375,-0.0169677734375,0.00909423828125,J,3,2026-08-22_23-06-48,2026-08-23
0.24727272727272728,0.7806122448979592,0.8284671532846716,0.8847926267281107,0.8993288590604027,0.0,1.0,1.0,1.0,0.0,0.0,0.4903564453125,-0.228271484375,0.1317138671875,-0.018768310546875,-0.01348876953125,0.00238037109375,J,3,2026-08-22_23-06-48,2026-08-23
0.21272727272727274,0.7125850340136054,0.7116788321167883,1.0,1.0,0.0,1.0,1.0,1.0,0.0,0.0,0.4898681640625,-0.2269287109375,0.12548828125,-0.020538330078125,-0.0050048828125,0.002044677734375,J,3,2026-08-22_23-06-48,2026-08-23
0.3,0.7738095238095238,0.8357664233576643,0.6359447004608295,1.0,0.0,1.0,1.0,1.0,0.0,0.0,0.49365234375,-0.224609375,0.1304931640625,-0.01947021484375,0.005859375,0.001007080078125,J,3,2026-08-22_23-06-48,2026-08-23
0.28,0.7925170068027211,0.7372262773722628,0.7649769585253456,1.0,0.0,1.0,1.0,1.0,0.0,0.0,0.4962158203125,-0.215576171875,0.13671875,-0.01629638671875,0.0076904296875,0.003265380859375,J,3,2026-08-22_23-06-48,2026-08-23
0.28909090909090907,0.7806122448979592,0.7116788321167883,0.9308755760368663,1.0,0.0,1.0,1.0,1.0,0.0,0.0,0.495849609375,-0.213623046875,0.1387939453125,-0.0106201171875,0.00250244140625,0.00384521484375,J,3,2026-08-22_23-06-48,2026-08-23
0.21272727272727274,0.7142857142857143,0.8284671532846716,0.8018433179723502,1.0,0.0,1.0,1.0,1.0,0.0,0.0,0.489990234375,-0.222412109375,0.146484375,-0.00872802734375,-0.003448486328125,0.003936767578125,J,3,2026-08-22_23-06-48,2026-08-23
0.2509090909090909,0.7993197278911565,0.8686131386861314,0.8294930875576036,1.0,0.0,1.0,1.0,1.0,0.0,0.0,0.4869384765625,-0.21728515625,0.1361083984375,-0.015045166015625,-0.004852294921875,0.00335693359375,J,3,2026-08-22_23-06-48,2026-08-23
0.24727272727272728,0.7448979591836735,0.8321167883211679,0.8433179723502304,1.0,0.0,1.0,1.0,1.0,0.0,0.0,0.4864501953125,-0.2183837890625,0.14453125,-0.01678466796875,-0.00372314453125,0.00592041015625,J,3,2026-08-22_23-06-48,2026-08-23
0.18181818181818182,0.7023809523809523,0.6642335766423357,0.5944700460829493,1.0,0.0,1.0,1.0,1.0,0.0,0.0,0.492919921875,-0.2156982421875,0.1439208984375,-0.01708984375,-0.00457763671875,0.0072021484375,J,3,2026-08-22_23-06-48,2026-08-23
0.18363636363636363,0.7908163265306123,0.7737226277372263,0.7235023041474654,0.8322147651006712,0.0,1.0,1.0,1.0,0.0,0.0,0.49072265625,-0.22021484375,0.1424560546875,-0.013946533203125,-0.0013427734375,0.00701904296875,J,3,2026-08-22_23-06-48,2026-08-23
0.24545454545454545,0.7619047619047619,1.0,0.815668202764977,0.8053691275167785,0.0,1.0,1.0,1.0,0.0,0.0,0.49169921875,-0.21875,0.14501953125,-0.01312255859375,-0.00128173828125,0.005615234375,J,3,2026-08-22_23-06-48,2026-08-23
0.24727272727272728,0.8027210884353742,0.8722627737226277,0.8571428571428571,0.38926174496644295,0.0,1.0,1.0,1.0,0.0,0.0,0.4935302734375,-0.2237548828125,0.1529541015625,-0.011383056640625,-0.005279541015625,0.007659912109375,J,3,2026-08-22_23-06-48,2026-08-23
0.0,0.6598639455782312,0.656934306569343,0.7511520737327189,0.8322147651006712,0.0,1.0,1.0,1.0,0.0,0.0,0.497802734375,-0.2135009765625,0.059326171875,-0.01708984375,-0.003753662109375,0.0010986328125,J,4,2026-08-22_23-06-48,2026-08-23
0.0,0.6241496598639455,0.7664233576642335,0.8341013824884793,0.9932885906040269,0.0,1.0,1.0,1.0,0.0,0.0,0.5040283203125,-0.2027587890625,0.06787109375,-0.004241943359375,0.001129150390625,0.00274658203125,J,4,2026-08-22_23-06-48,2026-08-23
0.0,0.6819727891156463,0.6423357664233577,0.7972350230414746,1.0,0.0,1.0,1.0,1.0,0.0,0.0,0.507568359375,-0.205322265625,0.0709228515625,0.00048828125,-0.001495361328125,0.008087158203125,J,4,2026-08-22_23-06-48,2026-08-23
0.03272727272727273,0.6989795918367347,0.8211678832116789,0.880184331797235,0.8053691275167785,0.0,1.0,1.0,1.0,0.0,0.0,0.5081787109375,-0.2086181640625,0.0697021484375,-0.013916015625,-0.00390625,0.006744384765625,J,4,2026-08-22_23-06-48,2026-08-23
0.0,0.6649659863945578,0.6277372262773723,0.8847926267281107,0.9261744966442953,0.0,1.0,1.0,1.0,0.0,0.0,0.4998779296875,-0.198486328125,0.069091796875,-0.029205322265625,-0.0062255859375,0.007781982421875,J,4,2026-08-22_23-06-48,2026-08-23
0.11272727272727273,0.6513605442176871,0.8321167883211679,0.8387096774193549,1.0,0.0,1.0,1.0,1.0,0.0,0.0,0.49365234375,-0.195556640625,0.072998046875,-0.032012939453125,-0.00872802734375,0.01531982421875,J,4,2026-08-22_23-06-48,2026-08-23
0.00909090909090909,0.6530612244897959,0.7481751824817519,0.6682027649769585,1.0,0.0,1.0,1.0,1.0,0.0,0.0,0.4866943359375,-0.1929931640625,0.063720703125,-0.025848388671875,-0.00115966796875,0.02734375,J,4,2026-08-22_23-06-48,2026-08-23
0.09090909090909091,0.6598639455782312,0.7043795620437956,0.8018433179723502,0.9530201342281879,0.0,1.0,1.0,1.0,0.0,0.0,0.489990234375,-0.21142578125,0.06982421875,-0.01580810546875,-0.01849365234375,0.031951904296875,J,4,2026-08-22_23-06-48,2026-08-23
0.07636363636363637,0.6275510204081632,0.8905109489051095,0.7972350230414746,1.0,0.0,1.0,1.0,1.0,0.0,0.0,0.500732421875,-0.22509765625,0.0633544921875,-0.01617431640625,-0.02130126953125,0.025177001953125,J,4,2026-08-22_23-06-48,2026-08-23
0.14545454545454545,0.6666666666666666,0.8321167883211679,0.7649769585253456,0.9261744966442953,0.0,1.0,1.0,1.0,0.0,0.0,0.50341796875,-0.2281494140625,0.0479736328125,-0.0179443359375,-0.023681640625,0.01824951171875,J,4,2026-08-22_23-06-48,2026-08-23
0.06727272727272728,0.608843537414966,0.7554744525547445,0.6912442396313364,0.9530201342281879,0.0,1.0,1.0,1.0,0.0,0.0,0.51220703125,-0.2230224609375,0.0460205078125,-0.024658203125,-0.0130615234375,0.02001953125,J,4,2026-08-22_23-06-48,2026-08-23
0.014545454545454545,0.6020408163265306,0.6313868613138686,0.7465437788018433,1.0,0.0,1.0,1.0,1.0,0.0,0.0,0.51708984375,-0.2294921875,0.0419921875,-0.026702880859375,-0.00439453125,0.0211181640625,J,4,2026-08-22_23-06-48,2026-08-23
0.045454545454545456,0.6632653061224489,0.5875912408759124,0.8986175115207373,0.8322147651006712,0.0,1.0,1.0,1.0,0.0,0.0,0.5208740234375,-0.2203369140625,0.043701171875,-0.024627685546875,0.00836181640625,0.02581787109375,J,4,2026-08-22_23-06-48,2026-08-23
0.06727272727272728,0.6649659863945578,0.8029197080291971,0.8986175115207373,1.0,0.0,1.0,1.0,1.0,0.0,0.0,0.52880859375,-0.228515625,0.0526123046875,-0.0166015625,0.013427734375,0.030517578125,J,4,2026-08-22_23-06-48,2026-08-23
0.05090909090909091,0.6479591836734694,0.6532846715328468,0.7327188940092166,0.5100671140939598,0.0,1.0,1.0,1.0,0.0,0.0,0.5284423828125,-0.2462158203125,0.066162109375,-0.014556884765625,0.018798828125,0.0274658203125,J,4,2026-08-22_23-06-48,2026-08-23
0.0,0.6309523809523809,0.6204379562043796,0.8018433179723502,0.9798657718120806,0.0,1.0,1.0,1.0,0.0,0.0,0.5264892578125,-0.2528076171875,0.0733642578125,-0.015289306640625,0.02252197265625,0.017730712890625,J,4,2026-08-22_23-06-48,2026-08-23
0.07272727272727272,0.7006802721088435,0.7664233576642335,0.7373271889400922,0.8053691275167785,0.0,1.0,1.0,1.0,0.0,0.0,0.5263671875,-0.251953125,0.098388671875,-0.01068115234375,0.021514892578125,0.0087890625,J,4,2026-08-22_23-06-48,2026-08-23
0.06727272727272728,0.6717687074829932,0.6459854014598541,0.7603686635944701,1.0,0.0,1.0,1.0,1.0,0.0,0.0,0.528076171875,-0.2530517578125,0.0958251953125,-0.0113525390625,0.0147705078125,6.103515625e-05,J,4,2026-08-22_23-06-48,2026-08-23
0.005454545454545455,0.6717687074829932,0.5875912408759124,0.9907834101382489,1.0,0.0,1.0,1.0,1.0,0.0,0.0,0.5238037109375,-0.2528076171875,0.104736328125,-0.02099609375,0.005523681640625,-0.01068115234375,J,4,2026-08-22_23-06-48,2026-08-23
0.09272727272727273,0.7619047619047619,0.8394160583941606,0.8709677419354839,1.0,0.0,1.0,1.0,1.0,0.0,0.0,0.5225830078125,-0.2388916015625,0.1044921875,-0.02813720703125,-0.010223388671875,-0.01458740234375,J,4,2026-08-22_23-06-48,2026-08-23
0.005454545454545455,0.6547619047619048,0.5948905109489051,0.7880184331797235,0.8053691275167785,0.0,1.0,1.0,1.0,0.0,0.0,0.510986328125,-0.223388671875,0.09912109375,-0.022491455078125,-0.022430419921875,-0.011566162109375,J,4,2026-08-22_23-06-48,2026-08-23
0.023636363636363636,0.608843537414966,0.7481751824817519,0.6866359447004609,1.0,0.0,1.0,1.0,1.0,0.0,0.0,0.5064697265625,-0.220458984375,0.091552734375,-0.01959228515625,-0.0203857421875,-0.013946533203125,J,4,2026-08-22_23-06-48,2026-08-23
0.06727272727272728,0.6819727891156463,0.6934306569343066,0.783410138248848,1.0,0.0,1.0,1.0,1.0,0.0,0.0,0.4981689453125,-0.2188720703125,0.077392578125,-0.00946044921875,-0.016815185546875,-0.018585205078125,J,4,2026-08-22_23-06-48,2026-08-23
0.08727272727272728,0.7091836734693877,0.7591240875912408,0.7741935483870968,0.8053691275167785,0.0,1.0,1.0,1.0,0.0,0.0,0.497802734375,-0.21484375,0.0751953125,-0.008697509765625,-0.01220703125,-0.032073974609375,J,4,2026-08-22_23-06-48,2026-08-23
0.0,0.6513605442176871,0.5218978102189781,0.7327188940092166,0.87248322147651,0.0,1.0,1.0,1.0,0.0,0.0,0.5,-0.2044677734375,0.0784912109375,0.00421142578125,-0.014739990234375,-0.023040771484375,J,4,2026-08-22_23-06-48,2026-08-23
0.0,0.6802721088435374,0.6423357664233577,0.7465437788018433,1.0,0.0,1.0,1.0,1.0,0.0,0.0,0.4942626953125,-0.210205078125,0.0731201171875,0.009613037109375,-0.028045654296875,-0.007659912109375,J,4,2026-08-22_23-06-48,2026-08-23
0.012727272727272728,0.6649659863945578,0.6459854014598541,0.7649769585253456,1.0,0.0,1.0,1.0,1.0,0.0,0.0,0.4920654296875,-0.234619140625,0.063232421875,-0.01434326171875,-0.035247802734375,-0.007232666015625,J,4,2026-08-22_23-06-48,2026-08-23
0.07454545454545454,0.685374149659864,0.7445255474452555,0.7373271889400922,0.9798657718120806,0.0,1.0,1.0,1.0,0.0,0.0,0.4931640625,-0.22314453125,0.060546875,-0.035491943359375,-0.043548583984375,-0.012908935546875,J,4,2026-08-22_23-06-48,2026-08-23
0.06181818181818182,0.6904761904761905,0.7591240875912408,1.0,0.8859060402684564,0.0,1.0,1.0,1.0,0.0,0.0,0.4927978515625,-0.2139892578125,0.0499267578125,-0.0416259765625,-0.035858154296875,-0.015838623046875,J,4,2026-08-22_23-06-48,2026-08-23
0.1509090909090909,0.6666666666666666,0.8503649635036497,0.7096774193548387,0.87248322147651,0.0,1.0,1.0,1.0,0.0,0.0,0.49462890625,-0.199951171875,0.0499267578125,-0.0367431640625,-0.025634765625,-0.01287841796875,J,4,2026-08-22_23-06-48,2026-08-23
0.05818181818181818,0.6241496598639455,0.7226277372262774,0.7050691244239631,0.8053691275167785,0.0,1.0,1.0,1.0,0.0,0.0,0.5029296875,-0.2012939453125,0.046142578125,-0.023284912109375,-0.018646240234375,-0.00537109375,J,4,2026-08-22_23-06-48,2026-08-23
0.005454545454545455,0.7040816326530612,0.6423357664233577,0.9815668202764977,0.9261744966442953,0.0,1.0,1.0,1.0,0.0,0.0,0.509521484375,-0.2139892578125,0.0430908203125,-0.023162841796875,-0.013275146484375,0.001434326171875,J,4,2026-08-22_23-06-48,2026-08-23
0.03090909090909091,0.6666666666666666,0.6788321167883211,0.8847926267281107,1.0,0.0,1.0,1.0,1.0,0.0,0.0,0.5098876953125,-0.2332763671875,0.03955078125,-0.03778076171875,-0.001251220703125,0.005706787109375,J,4,2026-08-22_23-06-48,2026-08-23
0.04363636363636364,0.7074829931972789,0.8357664233576643,0.9124423963133641,0.8053691275167785,0.0,1.0,1.0,1.0,0.0,0.0,0.50927734375,-0.2489013671875,0.040283203125,-0.04486083984375,0.016326904296875,0.00286865234375,J,4,2026-08-22_23-06-48,2026-08-23
0.04727272727272727,0.6360544217687075,0.7116788321167883,0.8110599078341014,0.8590604026845637,0.0,1.0,1.0,1.0,0.0,0.0,0.5133056640625,-0.243896484375,0.070068359375,-0.033172607421875,0.031280517578125,-0.005279541015625,J,4,2026-08-22_23-06-48,2026-08-23
0.07272727272727272,0.6479591836734694,0.7445255474452555,0.6912442396313364,1.0,0.0,1.0,1.0,1.0,0.0,0.0,0.5120849609375,-0.2296142578125,0.0911865234375,-0.002410888671875,0.035919189453125,-0.0101318359375,J,4,2026-08-22_23-06-48,2026-08-23
0.02909090909090909,0.6598639455782312,0.6313868613138686,0.7603686635944701,1.0,0.0,1.0,1.0,1.0,0.0,0.0,0.5130615234375,-0.21826171875,0.0985107421875,0.017852783203125,0.026641845703125,-0.02099609375,J,4,2026-08-22_23-06-48,2026-08-23
0.04727272727272727,0.6581632653061225,0.7007299270072993,0.9861751152073732,0.8053691275167785,0.0,1.0,1.0,1.0,0.0,0.0,0.5091552734375,-0.1865234375,0.09765625,0.0177001953125,0.011444091796875,-0.025390625,J,4,2026-08-22_23-06-48,2026-08-23
0.14,0.6445578231292517,0.8941605839416058,0.9124423963133641,0.912751677852349,0.0,1.0,1.0,1.0,0.0,0.0,0.504638671875,-0.1700439453125,0.0877685546875,0.0164794921875,-0.00433349609375,-0.01611328125,J,4,2026-08-22_23-06-48,2026-08-23
0.10181818181818182,0.7721088435374149,0.843065693430657,1.0,1.0,0.0,1.0,1.0,1.0,0.0,0.0,0.50830078125,-0.169189453125,0.0765380859375,0.008056640625,-0.02044677734375,-0.00799560546875,J,4,2026-08-22_23-06-48,2026-08-23
0.24909090909090909,0.5544217687074829,0.22262773722627738,0.6682027649769585,0.09395973154362416,0.0,1.0,1.0,1.0,1.0,0.0,0.484375,0.1160888671875,0.263671875,-0.0159912109375,0.0054931640625,0.009429931640625,Y,0,2026-08-22_23-06-48,2026-08-23
0.3,0.6904761904761905,0.5875912408759124,1.0,0.38926174496644295,0.0,1.0,1.0,1.0,1.0,0.0,0.4825439453125,0.1097412109375,0.2569580078125,-0.027435302734375,-0.00225830078125,0.00323486328125,Y,0,2026-08-22_23-06-48,2026-08-23
0.29818181818181816,0.5935374149659864,0.5036496350364964,1.0,0.5100671140939598,0.0,1.0,1.0,1.0,1.0,0.0,0.4805908203125,0.1231689453125,0.258056640625,-0.030853271484375,-0.00762939453125,0.00640869140625,Y,0,2026-08-22_23-06-48,2026-08-23
0.32,0.7414965986394558,0.4708029197080292,0.3686635944700461,0.0,0.0,1.0,1.0,1.0,1.0,0.0,0.482421875,0.1124267578125,0.2540283203125,-0.027984619140625,-0.00408935546875,0.0064697265625,Y,0,2026-08-22_23-06-48,2026-08-23
0.3381818181818182,0.8962585034013606,0.9927007299270073,0.631336405529954,0.0,0.0,1.0,1.0,1.0,1.0,0.0,0.4871826171875,0.115966796875,0.258544921875,-0.033203125,-0.00872802734375,0.000335693359375,Y,0,2026-08-22_23-06-48,2026-08-23
0.2672727272727273,0.6071428571428571,0.38321167883211676,1.0,0.8053691275167785,0.0,1.0,1.0,1.0,1.0,0.0,0.4793701171875,0.1201171875,0.2513427734375,-0.024627685546875,-0.0045166015625,0.002838134765625,Y,0,2026-08-22_23-06-48,2026-08-23
0.12545454545454546,0.8163265306122449,1.0,1.0,0.912751677852349,0.0,1.0,1.0,1.0,1.0,0.0,0.481689453125,0.11328125,0.2537841796875,-0.022674560546875,0.00146484375,0.000885009765625,Y,0,2026-08-22_23-06-48,2026-08-23
0.04363636363636364,0.7551020408163265,1.0,1.0,0.87248322147651,0.0,1.0,1.0,1.0,1.0,0.0,0.4815673828125,0.116455078125,0.2547607421875,-0.02789306640625,0.000335693359375,0.000274658203125,Y,0,2026-08-22_23-06-48,2026-08-23
0.12545454545454546,0.7721088435374149,1.0,1.0,0.9664429530201343,0.0,1.0,1.0,1.0,1.0,0.0,0.484619140625,0.11962890625,0.2598876953125,-0.031524658203125,0.00067138671875,0.000152587890625,Y,0,2026-08-22_23-06-48,2026-08-23
0.20363636363636364,0.8486394557823129,1.0,0.9400921658986175,0.12080536912751678,0.0,1.0,1.0,1.0,1.0,0.0,0.4814453125,0.1253662109375,0.2633056640625,-0.024627685546875,0.0015869140625,0.00408935546875,Y,0,2026-08-22_23-06-48,2026-08-23
0.18363636363636363,0.5272108843537415,0.5072992700729927,1.0,0.8053691275167785,0.0,1.0,1.0,1.0,1.0,0.0,0.484130859375,0.1173095703125,0.2552490234375,-0.024658203125,0.003509521484375,0.002593994140625,Y,0,2026-08-22_23-06-48,2026-08-23
0.35818181818181816,0.6360544217687075,0.23357664233576642,0.7465437788018433,0.12080536912751678,0.0,1.0,1.0,1.0,1.0,0.0,0.478515625,0.1278076171875,0.258056640625,-0.027099609375,0.0050048828125,0.0030517578125,Y,0,2026-08-22_23-06-48,2026-08-23
0.04363636363636364,0.5612244897959183,0.8503649635036497,1.0,1.0,0.0,1.0,1.0,1.0,1.0,0.0,0.480224609375,0.1260986328125,0.2554931640625,-0.022796630859375,0.00152587890625,0.00970458984375,Y,0,2026-08-22_23-06-48,2026-08-23
0.07636363636363637,0.8061224489795918,1.0,1.0,0.8053691275167785,0.0,1.0,1.0,1.0,1.0,0.0,0.4769287109375,0.11865234375,0.2587890625,-0.023162841796875,-0.002899169921875,0.010986328125,Y,0,2026-08-22_23-06-48,2026-08-23
0.2109090909090909,0.5,0.3102189781021898,1.0,0.8053691275167785,0.0,1.0,1.0,1.0,1.0,0.0,0.4788818359375,0.124267578125,0.263916015625,-0.026519775390625,-0.00225830078125,0.013153076171875,Y,0,2026-08-22_23-06-48,2026-08-23
0.4036363636363636,0.685374149659864,0.38321167883211676,0.4423963133640553,0.0,0.0,1.0,1.0,1.0,1.0,0.0,0.4832763671875,0.116455078125,0.2586669921875,-0.01434326171875,0.0018310546875,0.013519287109375,Y,0,2026-08-22_23-06-48,2026-08-23
0.06363636363636363,0.7431972789115646,1.0,1.0,0.0,0.0,1.0,1.0,1.0,1.0,0.0,0.47900390625,0.1153564453125,0.257080078125,-0.018035888671875,0.005645751953125,0.008697509765625,Y,0,2026-08-22_23-06-48,2026-08-23
0.00909090909090909,0.5935374149659864,0.8941605839416058,1.0,0.0,0.0,1.0,1.0,1.0,1.0,0.0,0.4783935546875,0.1142578125,0.2684326171875,-0.01458740234375,0.00823974609375,0.012176513671875,Y,0,2026-08-22_23-06-48,2026-08-23
0.3381818181818182,0.8928571428571429,1.0,0.47465437788018433,0.0,0.0,1.0,1.0,1.0,1.0,0.0,0.4761962890625,0.107177734375,0.27197265625,-0.0147705078125,0.002349853515625,0.012054443359375,Y,0,2026-08-22_23-06-48,2026-08-23
0.3563636363636364,0.641156462585034,0.13138686131386862,0.8064516129032258,0.21476510067114093,0.0,1.0,1.0,1.0,1.0,0.0,0.4827880859375,0.0977783203125,0.275390625,-0.01763916015625,-0.002166748046875,0.0040283203125,Y,0,2026-08-22_23-06-48,2026-08-23
0.24909090909090909,0.891156462585034,1.0,0.7373271889400922,0.0,0.0,1.0,1.0,1.0,1.0,0.0,0.489501953125,0.11474609375,0.2613525390625,-0.015594482421875,0.014617919921875,-0.001220703125,Y,0,2026-08-22_23-06-48,2026-08-23
0.34363636363636363,0.9081632653061225,0.9306569343065694,0.5023041474654378,0.0,0.0,1.0,1.0,1.0,1.0,0.0,0.48291015625,0.1116943359375,0.2445068359375,-0.018035888671875,-0.003387451171875,-0.00634765625,Y,0,2026-08-22_23-06-48,2026-08-23
0.3927272727272727,0.8775510204081632,0.9343065693430657,0.2304147465437788,0.0,0.0,1.0,1.0,1.0,1.0,0.0,0.481689453125,0.1087646484375,0.245849609375,-0.02099609375,-0.010101318359375,-0.009552001953125,Y,0,2026-08-22_23-06-48,2026-08-23
0.0,0.6513605442176871,1.0,1.0,0.0,0.0,1.0,1.0,1.0,1.0,0.0,0.478271484375,0.1119384765625,0.257080078125,-0.03662109375,-0.013824462890625,-0.016937255859375,Y,0,2026-08-22_23-06-48,2026-08-23
0.4509090909090909,0.8214285714285714,0.7591240875912408,0.06451612903225806,0.0,0.0,1.0,1.0,1.0,1.0,0.0,0.47509765625,0.12060546875,0.2657470703125,-0.0462646484375,-0.01324462890625,-0.0157470703125,Y,0,2026-08-22_23-06-48,2026-08-23
0.22,0.8809523809523809,1.0,0.9723502304147466,0.09395973154362416,0.0,1.0,1.0,1.0,1.0,0.0,0.476318359375,0.13134765625,0.2672119140625,-0.039642333984375,-0.01654052734375,-0.010833740234375,Y,0,2026-08-22_23-06-48,2026-08-23
0.07818181818181819,0.467687074829932,0.6459854014598541,1.0,0.0,0.0,1.0,1.0,1.0,1.0,0.0,0.47412109375,0.140380859375,0.2637939453125,-0.01763916015625,-0.012664794921875,0.002716064453125,Y,0,2026-08-22_23-06-48,2026-08-23
0.3836363636363636,0.6360544217687075,0.29927007299270075,0.4838709677419355,0.0,0.0,1.0,1.0,1.0,1.0,0.0,0.4761962890625,0.118896484375,0.26416015625,0.001708984375,-0.002166748046875,0.007537841796875,Y,0,2026-08-22_23-06-48,2026-08-23
0.43272727272727274,0.7653061224489796,0.3284671532846715,0.47465437788018433,0.0,0.0,1.0,1.0,1.0,1.0,0.0,0.477783203125,0.1124267578125,0.258056640625,-0.01055908203125,0.004058837890625,-0.0062255859375,Y,0,2026-08-22_23-06-48,2026-08-23
0.07818181818181819,0.44047619047619047,0.6167883211678832,1.0,0.0,0.0,1.0,1.0,1.0,1.0,0.0,0.4774169921875,0.1256103515625,0.26171875,-0.01708984375,0.000213623046875,-0.00213623046875,Y,0,2026-08-22_23-06-48,2026-08-23
0.38545454545454544,0.7108843537414966,0.06569343065693431,0.5898617511520737,0.1476510067114094,0.0,1.0,1.0,1.0,1.0,0.0,0.4866943359375,0.130859375,0.2830810546875,-0.013641357421875,-0.016448974609375,0.008453369140625,Y,0,2026-08-22_23-06-48,2026-08-23
0.37454545454545457,0.6173469387755102,0.16058394160583941,0.7603686635944701,0.1476510067114094,0.0,1.0,1.0,1.0,1.0,0.0,0.48193359375,0.1170654296875,0.2705078125,-0.008697509765625,-0.01123046875,0.0107421875,Y,0,2026-08-22_23-06-48,2026-08-23
0.4254545454545455,0.673469387755102,0.21897810218978103,0.2857142857142857,0.0,0.0,1.0,1.0,1.0,1.0,0.0,0.4801025390625,0.1173095703125,0.2628173828125,-0.002838134765625,-0.008575439453125,0.00994873046875,Y,0,2026-08-22_23-06-48,2026-08-23
0.0,0.8333333333333334,1.0,1.0,0.0,0.0,1.0,1.0,1.0,1.0,0.0,0.478271484375,0.1181640625,0.260986328125,0.004364013671875,-0.00537109375,0.0086669921875,Y,0,2026-08-22_23-06-48,2026-08-23
0.012727272727272728,0.8282312925170068,1.0,1.0,0.0,0.0,1.0,1.0,1.0,1.0,0.0,0.4779052734375,0.116455078125,0.259033203125,0.01007080078125,-0.005035400390625,0.0096435546875,Y,0,2026-08-22_23-06-48,2026-08-23
0.0,0.477891156462585,0.9817518248175182,1.0,0.0,0.0,1.0,1.0,1.0,1.0,0.0,0.4830322265625,0.1019287109375,0.2579345703125,-0.00225830078125,-0.000396728515625,-0.00048828125,Y,0,2026-08-22_23-06-48,2026-08-23
0.0,0.8486394557823129,1.0,1.0,0.0,0.0,1.0,1.0,1.0,1.0,0.0,0.4837646484375,0.1207275390625,0.2586669921875,-0.027374267578125,-0.00201416015625,-0.008026123046875,Y,0,2026-08-22_23-06-48,2026-08-23
0.5072727272727273,0.6360544217687075,0.058394160583941604,0.5069124423963134,0.0,0.0,1.0,1.0,1.0,1.0,0.0,0.479248046875,0.129638671875,0.2613525390625,-0.023101806640625,-0.009490966796875,0.002593994140625,Y,0,2026-08-22_23-06-48,2026-08-23
0.35818181818181816,0.8809523809523809,0.8175182481751825,0.08294930875576037,0.0,0.0,1.0,1.0,1.0,1.0,0.0,0.4759521484375,0.1229248046875,0.25927734375,-0.01544189453125,-0.01123046875,0.0069580078125,Y,0,2026-08-22_23-06-48,2026-08-23
0.19272727272727272,0.4013605442176871,0.3978102189781022,1.0,0.8590604026845637,0.0,1.0,1.0,1.0,1.0,0.0,0.480712890625,0.1220703125,0.263671875,-0.0023193359375,-0.0096435546875,0.006134033203125,Y,0,2026-08-22_23-06-48,2026-08-23
0.0,0.7636054421768708,0.7335766423357665,0.5714285714285714,0.0,0.0,1.0,1.0,1.0,1.0,0.0,0.533447265625,0.0042724609375,0.163330078125,-0.01531982421875,-0.009063720703125,0.002532958984375,Y,1,2026-08-22_23-06-48,2026-08-23
0.0,0.8316326530612245,0.6313868613138686,1.0,0.3221476510067114,0.0,1.0,1.0,1.0,1.0,0.0,0.53662109375,0.00927734375,0.1624755859375,-0.025604248046875,-0.0125732421875,0.00640869140625,Y,1,2026-08-22_23-06-48,2026-08-23
0.0,0.7517006802721088,0.8576642335766423,1.0,0.1476510067114094,0.0,1.0,1.0,1.0,1.0,0.0,0.5350341796875,0.0084228515625,0.160400390625,-0.022186279296875,-0.014129638671875,0.01019287109375,Y,1,2026-08-22_23-06-48,2026-08-23
0.0,0.7806122448979592,0.864963503649635,0.783410138248848,0.0,0.0,1.0,1.0,1.0,1.0,0.0,0.5361328125,-0.0003662109375,0.160888671875,-0.00909423828125,-0.010650634765625,0.012542724609375,Y,1,2026-08-22_23-06-48,2026-08-23
0.0,0.8690476190476191,0.4708029197080292,0.8847926267281107,0.0,0.0,1.0,1.0,1.0,1.0,0.0,0.5380859375,-0.005859375,0.167236328125,-0.00347900390625,-0.003875732421875,0.008331298828125,Y,1,2026-08-22_23-06-48,2026-08-23
0.0,0.7091836734693877,0.8540145985401459,0.7327188940092166,0.0,0.0,1.0,1.0,1.0,1.0,0.0,0.537353515625,-0.0106201171875,0.168701171875,-0.005035400390625,-0.003326416015625,0.006439208984375,Y,1,2026-08-22_23-06-48,2026-08-23
0.0,0.8231292517006803,0.5875912408759124,0.8525345622119815,0.12080536912751678,0.0,1.0,1.0,1.0,1.0,0.0,0.534912109375,-0.0052490234375,0.169677734375,-0.00909423828125,-0.003753662109375,0.00445556640625,Y,1,2026-08-22_23-06-48,2026-08-23
0.0,0.8350340136054422,0.4854014598540146,1.0,0.1342281879194631,0.0,1.0,1.0,1.0,1.0,0.0,0.534423828125,-0.0101318359375,0.1759033203125,-0.0118408203125,-0.007843017578125,0.00238037109375,Y,1,2026-08-22_23-06-48,2026-08-23
0.0,0.8656462585034014,0.6970802919708029,0.8663594470046083,0.38926174496644295,0.0,1.0,1.0,1.0,1.0,0.0,0.5369873046875,-0.008056640625,0.1693115234375,-0.011016845703125,-0.0076904296875,-0.00323486328125,Y,1,2026-08-22_23-06-48,2026-08-23
0.0,0.6921768707482994,0.8576642335766423,0.6866359447004609,0.0,0.0,1.0,1.0,1.0,1.0,0.0,0.5325927734375,-0.0035400390625,0.17333984375,-0.00274658203125,-0.003173828125,-0.006195068359375,Y,1,2026-08-22_23-06-48,2026-08-23
0.0,0.7210884353741497,0.8211678832116789,0.631336405529954,0.1342281879194631,0.0,1.0,1.0,1.0,1.0,0.0,0.5355224609375,-0.0015869140625,0.1761474609375,0.0035400390625,-0.00372314453125,-0.009429931640625,Y,1,2026-08-22_23-06-48,2026-08-23
0.0,0.717687074829932,0.9124087591240876,0.5852534562211982,0.1476510067114094,0.0,1.0,1.0,1.0,1.0,0.0,0.5379638671875,0.0006103515625,0.181884765625,-0.007659912109375,-0.007659912109375,-0.0091552734375,Y,1,2026-08-22_23-06-48,2026-08-23
0.0,0.6632653061224489,0.8211678832116789,0.7557603686635944,0.28187919463087246,0.0,1.0,1.0,1.0,1.0,0.0,0.5341796875,0.0074462890625,0.17041015625,-0.020843505859375,-0.012359619140625,-0.006622314453125,Y,1,2026-08-22_23-06-48,2026-08-23
0.0,0.8537414965986394,0.44525547445255476,1.0,0.2684563758389262,0.0,1.0,1.0,1.0,1.0,0.0,0.53662109375,0.007080078125,0.1690673828125,-0.02935791015625,-0.015594482421875,-0.002197265625,Y,1,2026-08-22_23-06-48,2026-08-23
0.0,0.8724489795918368,0.6167883211678832,0.9631336405529954,0.18791946308724833,0.0,1.0,1.0,1.0,1.0,0.0,0.5347900390625,0.005615234375,0.1636962890625,-0.031158447265625,-0.013336181640625,-0.0048828125,Y,1,2026-08-22_23-06-48,2026-08-23
0.0,0.7227891156462585,0.8941605839416058,0.8571428571428571,0.0,0.0,1.0,1.0,1.0,1.0,0.0,0.5338134765625,0.021484375,0.162841796875,-0.013824462890625,-0.01226806640625,-0.001068115234375,Y,1,2026-08-22_23-06-48,2026-08-23
0.0,0.7772108843537415,0.9452554744525548,0.7373271889400922,0.0,0.0,1.0,1.0,1.0,1.0,0.0,0.5399169921875,0.003173828125,0.1602783203125,-0.007293701171875,-0.01507568359375,0.0048828125,Y,1,2026-08-22_23-06-48,2026-08-23
0.0,0.6955782312925171,0.8540145985401459,0.5990783410138248,0.174496644295302,0.0,1.0,1.0,1.0,1.0,0.0,0.5367431640625,0.005859375,0.1614990234375,-0.014923095703125,-0.01080322265625,0.002593994140625,Y,1,2026-08-22_23-06-48,2026-08-23
0.0,0.8214285714285714,0.7992700729927007,0.8847926267281107,0.08053691275167785,0.0,1.0,1.0,1.0,1.0,0.0,0.53662109375,0.0064697265625,0.1636962890625,-0.0172119140625,-0.008880615234375,0.00469970703125,Y,1,2026-08-22_23-06-48,2026-08-23
0.0,0.8010204081632653,0.7591240875912408,0.9262672811059908,0.1476510067114094,0.0,1.0,1.0,1.0,1.0,0.0,0.537353515625,0.001953125,0.1640625,-0.0234375,-0.0040283203125,0.00408935546875,Y,1,2026-08-22_23-06-48,2026-08-23
0.0,0.8010204081632653,0.7481751824817519,0.5898617511520737,0.10738255033557047,0.0,1.0,1.0,1.0,1.0,0.0,0.538818359375,-0.0106201171875,0.166259765625,-0.025909423828125,-0.003936767578125,-0.001129150390625,Y,1,2026-08-22_23-06-48,2026-08-23
0.0,0.7755102040816326,0.8211678832116789,0.7096774193548387,0.0,0.0,1.0,1.0,1.0,1.0,0.0,0.5361328125,-0.0054931640625,0.1717529296875,-0.026611328125,-0.00799560546875,-0.00714111328125,Y,1,2026-08-22_23-06-48,2026-08-23
0.0,0.8537414965986394,0.4562043795620438,1.0,0.1610738255033557,0.0,1.0,1.0,1.0,1.0,0.0,0.53662109375,0.0010986328125,0.16845703125,-0.024444580078125,-0.007415771484375,-0.012176513671875,Y,1,2026-08-22_23-06-48,2026-08-23
0.0,0.8010204081632653,0.7700729927007299,0.8525345622119815,0.28187919463087246,0.0,1.0,1.0,1.0,1.0,0.0,0.532958984375,0.013427734375,0.1756591796875,-0.01446533203125,-0.009490966796875,-0.0054931640625,Y,1,2026-08-22_23-06-48,2026-08-23
0.0,0.7806122448979592,0.7883211678832117,0.6359447004608295,0.28187919463087246,0.0,1.0,1.0,1.0,1.0,0.0,0.5328369140625,0.0205078125,0.1729736328125,-0.011932373046875,-0.008636474609375,-0.001251220703125,Y,1,2026-08-22_23-06-48,2026-08-23
0.0,0.7108843537414966,0.8722627737226277,0.7419354838709677,0.013422818791946308,0.0,1.0,1.0,1.0,1.0,0.0,0.530517578125,0.0181884765625,0.1749267578125,-0.008636474609375,-0.01068115234375,0.00213623046875,Y,1,2026-08-22_23-06-48,2026-08-23
0.0,0.8418367346938775,0.6423357664233577,0.7972350230414746,0.10738255033557047,0.0,1.0,1.0,1.0,1.0,0.0,0.5389404296875,0.0091552734375,0.180419921875,-0.021270751953125,-0.0162353515625,0.003570556640625,Y,1,2026-08-22_23-06-48,2026-08-23
0.0,0.8741496598639455,0.7481751824817519,0.7972350230414746,0.0,0.0,1.0,1.0,1.0,1.0,0.0,0.54052734375,0.0057373046875,0.175048828125,-0.023956298828125,-0.014404296875,0.0045166015625,Y,1,2026-08-22_23-06-48,2026-08-23
0.0,0.8333333333333334,0.9562043795620438,1.0,0.0,0.0,1.0,1.0,1.0,1.0,0.0,0.538330078125,-0.0015869140625,0.16259765625,-0.017486572265625,-0.017425537109375,0.001953125,Y,1,2026-08-22_23-06-48,2026-08-23
0.0,0.6904761904761905,0.791970802919708,0.7235023041474654,0.0,0.0,1.0,1.0,1.0,1.0,0.0,0.532470703125,-0.004150390625,0.1588134765625,-0.015380859375,-0.010894775390625,-0.002410888671875,Y,1,2026-08-22_23-06-48,2026-08-23
0.0,0.8673469387755102,0.656934306569343,1.0,0.08053691275167785,0.0,1.0,1.0,1.0,1.0,0.0,0.5272216796875,0.0052490234375,0.1591796875,-0.01788330078125,-0.0052490234375,-0.004425048828125,Y,1,2026-08-22_23-06-48,2026-08-23
0.0,0.6921768707482994,0.7846715328467153,0.7788018433179723,0.18791946308724833,0.0,1.0,1.0,1.0,1.0,0.0,0.536376953125,0.00439453125,0.167724609375,-0.015594482421875,-0.00335693359375,-0.00244140625,Y,1,2026-08-22_23-06-48,2026-08-23
0.0,0.8469387755102041,0.9233576642335767,0.5898617511520737,0.0,0.0,1.0,1.0,1.0,1.0,0.0,0.5439453125,-0.0081787109375,0.1810302734375,-0.012359619140625,-0.003814697265625,-0.007720947265625,Y,1,2026-08-22_23-06-48,2026-08-23
0.0,0.8707482993197279,0.6423357664233577,1.0,0.0,0.0,1.0,1.0,1.0,1.0,0.0,0.5384521484375,-0.004638671875,0.1787109375,-0.002227783203125,-0.012939453125,-0.014862060546875,Y,1,2026-08-22_23-06-48,2026-08-23
0.0,0.6904761904761905,0.8759124087591241,0.6682027649769585,0.0,0.0,1.0,1.0,1.0,1.0,0.0,0.534912109375,-0.004638671875,0.168701171875,0.005340576171875,-0.014495849609375,-0.017486572265625,Y,1,2026-08-22_23-06-48,2026-08-23
0.0,0.7125850340136054,0.9124087591240876,0.8755760368663594,0.8053691275167785,0.0,1.0,1.0,1.0,1.0,0.0,0.5311279296875,0.0009765625,0.164306640625,-0.011871337890625,-0.012847900390625,-0.022857666015625,Y,1,2026-08-22_23-06-48,2026-08-23
0.0,0.8316326530612245,0.6240875912408759,1.0,0.38926174496644295,0.0,1.0,1.0,1.0,1.0,0.0,0.530517578125,0.0179443359375,0.159423828125,-0.0311279296875,-0.009002685546875,-0.0189208984375,Y,1,2026-08-22_23-06-48,2026-08-23
0.0,0.8622448979591837,0.5255474452554745,1.0,0.0,0.0,1.0,1.0,1.0,1.0,0.0,0.5390625,0.0230712890625,0.172607421875,-0.039093017578125,-0.011566162109375,-0.011444091796875,Y,1,2026-08-22_23-06-48,2026-08-23
0.0,0.6700680272108843,0.9963503649635036,0.6405529953917051,0.3624161073825503,0.0,1.0,1.0,1.0,1.0,0.0,0.541748046875,0.018798828125,0.175537109375,-0.034271240234375,-0.0184326171875,-0.00537109375,Y,1,2026-08-22_23-06-48,2026-08-23
0.0,0.7023809523809523,0.6751824817518248,0.8755760368663594,0.0,0.0,1.0,1.0,1.0,1.0,0.0,0.538818359375,0.0225830078125,0.1650390625,-0.011627197265625,-0.027191162109375,0.000732421875,Y,1,2026-08-22_23-06-48,2026-08-23
0.4218181818181818,0.641156462585034,0.8759124087591241,0.880184331797235,0.33557046979865773,0.0,1.0,1.0,1.0,1.0,0.0,0.4482421875,0.1278076171875,0.30029296875,-0.02685546875,-0.010650634765625,0.00048828125,Y,2,2026-08-22_23-06-48,2026-08-23
0.4709090909090909,0.7125850340136054,1.0,0.9400921658986175,0.22818791946308725,0.0,1.0,1.0,1.0,1.0,0.0,0.4512939453125,0.1337890625,0.3077392578125,-0.01177978515625,-0.010772705078125,0.00640869140625,Y,2,2026-08-22_23-06-48,2026-08-23
0.3381818181818182,0.6360544217687075,0.8941605839416058,0.880184331797235,0.38926174496644295,0.0,1.0,1.0,1.0,1.0,0.0,0.4464111328125,0.124755859375,0.306396484375,-0.009765625,-0.008819580078125,0.00830078125,Y,2,2026-08-22_23-06-48,2026-08-23
0.41454545454545455,0.7431972789115646,0.9927007299270073,0.8894009216589862,0.1476510067114094,0.0,1.0,1.0,1.0,1.0,0.0,0.443603515625,0.1317138671875,0.30517578125,-0.0364990234375,0.007293701171875,0.01336669921875,Y,2,2026-08-22_23-06-48,2026-08-23
0.4036363636363636,0.6700680272108843,0.8759124087591241,0.9262672811059908,0.22818791946308725,0.0,1.0,1.0,1.0,1.0,0.0,0.442626953125,0.1346435546875,0.29248046875,-0.045166015625,-0.00689697265625,0.013275146484375,Y,2,2026-08-22_23-06-48,2026-08-23
0.39090909090909093,0.6037414965986394,0.8905109489051095,0.8202764976958525,0.1476510067114094,0.0,1.0,1.0,1.0,1.0,0.0,0.4466552734375,0.13916015625,0.2945556640625,-0.05133056640625,-0.00982666015625,0.001373291015625,Y,2,2026-08-22_23-06-48,2026-08-23
0.48363636363636364,0.7006802721088435,1.0,0.880184331797235,0.1610738255033557,0.0,1.0,1.0,1.0,1.0,0.0,0.451904296875,0.1646728515625,0.3018798828125,-0.027069091796875,-0.01251220703125,0.011016845703125,Y,2,2026-08-22_23-06-48,2026-08-23
0.4763636363636364,0.7602040816326531,0.9708029197080292,0.9631336405529954,0.09395973154362416,0.0,1.0,1.0,1.0,1.0,0.0,0.4508056640625,0.1331787109375,0.29296875,0.00872802734375,-0.008880615234375,0.0247802734375,Y,2,2026-08-22_23-06-48,2026-08-23
0.37636363636363634,0.7534013605442177,0.8759124087591241,0.9769585253456221,0.09395973154362416,0.0,1.0,1.0,1.0,1.0,0.0,0.4459228515625,0.1058349609375,0.2872314453125,-0.005615234375,0.00482177734375,0.0123291015625,Y,2,2026-08-22_23-06-48,2026-08-23
0.4,0.6360544217687075,1.0,0.9723502304147466,0.06711409395973154,0.0,1.0,1.0,1.0,1.0,0.0,0.4549560546875,0.1138916015625,0.2900390625,-0.027099609375,0.00408935546875,-0.00250244140625,Y,2,2026-08-22_23-06-48,2026-08-23
0.3690909090909091,0.6513605442176871,0.9343065693430657,0.8986175115207373,0.10738255033557047,0.0,1.0,1.0,1.0,1.0,0.0,0.4552001953125,0.12841796875,0.294189453125,-0.036102294921875,-0.016326904296875,-0.005706787109375,Y,2,2026-08-22_23-06-48,2026-08-23
0.3490909090909091,0.6904761904761905,1.0,1.0,0.21476510067114093,0.0,1.0,1.0,1.0,1.0,0.0,0.458251953125,0.1351318359375,0.2918701171875,-0.0267333984375,-0.014617919921875,0.006744384765625,Y,2,2026-08-22_23-06-48,2026-08-23
0.35454545454545455,0.685374149659864,1.0,0.9400921658986175,0.4966442953020134,0.0,1.0,1.0,1.0,1.0,0.0,0.452880859375,0.1253662109375,0.298095703125,-0.0062255859375,-0.001495361328125,0.012237548828125,Y,2,2026-08-22_23-06-48,2026-08-23
0.39090909090909093,0.6717687074829932,0.8759124087591241,0.8525345622119815,0.1610738255033557,0.0,1.0,1.0,1.0,1.0,0.0,0.44580078125,0.1182861328125,0.3052978515625,0.0037841796875,0.01177978515625,0.010498046875,Y,2,2026-08-22_23-06-48,2026-08-23
0.35454545454545455,0.6479591836734694,0.8175182481751825,0.8847926267281107,0.8053691275167785,0.0,1.0,1.0,1.0,1.0,0.0,0.43798828125,0.12255859375,0.3092041015625,0.003265380859375,0.013763427734375,0.006622314453125,Y,2,2026-08-22_23-06-48,2026-08-23
0.38181818181818183,0.6598639455782312,0.8759124087591241,0.9493087557603687,0.053691275167785234,0.0,1.0,1.0,1.0,1.0,0.0,0.4443359375,0.1282958984375,0.3194580078125,0.001739501953125,0.011260986328125,0.004302978515625,Y,2,2026-08-22_23-06-48,2026-08-23
0.39090909090909093,0.7465986394557823,0.8978102189781022,1.0,0.8053691275167785,0.0,1.0,1.0,1.0,1.0,0.0,0.4505615234375,0.126953125,0.306640625,0.00128173828125,0.013519287109375,-0.00054931640625,Y,2,2026-08-22_23-06-48,2026-08-23
0.44545454545454544,0.7278911564625851,0.9087591240875912,0.9447004608294931,0.1476510067114094,0.0,1.0,1.0,1.0,1.0,0.0,0.46484375,0.1329345703125,0.2835693359375,-0.00762939453125,0.0263671875,-0.003936767578125,Y,2,2026-08-22_23-06-48,2026-08-23
0.3090909090909091,0.6955782312925171,0.8284671532846716,1.0,0.0,0.0,1.0,1.0,1.0,1.0,0.0,0.44189453125,0.1231689453125,0.29052734375,-0.01568603515625,0.024993896484375,-0.007598876953125,Y,2,2026-08-22_23-06-48,2026-08-23
0.4618181818181818,0.7023809523809523,0.8613138686131386,0.8617511520737328,0.18791946308724833,0.0,1.0,1.0,1.0,1.0,0.0,0.4505615234375,0.13134765625,0.310791015625,-0.026641845703125,0.01092529296875,-0.009429931640625,Y,2,2026-08-22_23-06-48,2026-08-23
0.3490909090909091,0.6105442176870748,0.8832116788321168,0.9262672811059908,0.12080536912751678,0.0,1.0,1.0,1.0,1.0,0.0,0.4453125,0.1414794921875,0.3048095703125,-0.0162353515625,-0.007659912109375,-0.00140380859375,Y,2,2026-08-22_23-06-48,2026-08-23
0.34,0.6819727891156463,0.9087591240875912,1.0,0.22818791946308725,0.0,1.0,1.0,1.0,1.0,0.0,0.4537353515625,0.1328125,0.3045654296875,-0.001678466796875,-0.018310546875,0.007232666015625,Y,2,2026-08-22_23-06-48,2026-08-23
0.3618181818181818,0.7261904761904762,0.8138686131386861,1.0,0.348993288590604,0.0,1.0,1.0,1.0,1.0,0.0,0.452392578125,0.1273193359375,0.303955078125,0.000244140625,-0.009521484375,0.006011962890625,Y,2,2026-08-22_23-06-48,2026-08-23
0.4290909090909091,0.7108843537414966,0.8832116788321168,0.9262672811059908,0.1476510067114094,0.0,1.0,1.0,1.0,1.0,0.0,0.447509765625,0.13330078125,0.3026123046875,0.00225830078125,-0.006500244140625,0.01043701171875,Y,2,2026-08-22_23-06-48,2026-08-23
0.3709090909090909,0.6921768707482994,0.8722627737226277,0.8894009216589862,0.10738255033557047,0.0,1.0,1.0,1.0,1.0,0.0,0.4449462890625,0.12109375,0.2950439453125,-0.015045166015625,0.001922607421875,0.000244140625,Y,2,2026-08-22_23-06-48,2026-08-23
0.3381818181818182,0.6513605442176871,0.8175182481751825,0.9354838709677419,0.0,0.0,1.0,1.0,1.0,1.0,0.0,0.4415283203125,0.14013671875,0.309814453125,-0.02935791015625,-0.000457763671875,-0.002197265625,Y,2,2026-08-22_23-06-48,2026-08-23
0.3327272727272727,0.7840136054421769,0.8905109489051095,1.0,0.48322147651006714,0.0,1.0,1.0,1.0,1.0,0.0,0.4449462890625,0.142333984375,0.3046875,-0.0240478515625,-0.010284423828125,0.004058837890625,Y,2,2026-08-22_23-06-48,2026-08-23
0.36363636363636365,0.7721088435374149,0.948905109489051,1.0,0.0,0.0,1.0,1.0,1.0,1.0,0.0,0.4483642578125,0.13671875,0.3072509765625,-0.012786865234375,-0.00848388671875,0.011077880859375,Y,2,2026-08-22_23-06-48,2026-08-23
0.3836363636363636,0.6955782312925171,0.9416058394160584,1.0,0.10738255033557047,0.0,1.0,1.0,1.0,1.0,0.0,0.44580078125,0.1214599609375,0.306640625,-0.008148193359375,-0.00128173828125,0.007415771484375,Y,2,2026-08-22_23-06-48,2026-08-23
0.37454545454545457,0.7448979591836735,0.8102189781021898,0.9493087557603687,0.3221476510067114,0.0,1.0,1.0,1.0,1.0,0.0,0.4466552734375,0.127197265625,0.3140869140625,-0.011962890625,0.0018310546875,0.00311279296875,Y,2,2026-08-22_23-06-48,2026-08-23
0.35818181818181816,0.6547619047619048,0.7992700729927007,0.9078341013824884,0.3087248322147651,0.0,1.0,1.0,1.0,1.0,0.0,0.446533203125,0.13134765625,0.3138427734375,-0.007965087890625,-0.013671875,0.006011962890625,Y,2,2026-08-22_23-06-48,2026-08-23
0.3236363636363636,0.6241496598639455,0.8722627737226277,0.9585253456221198,0.28187919463087246,0.0,1.0,1.0,1.0,1.0,0.0,0.4390869140625,0.1273193359375,0.3065185546875,0.000396728515625,-0.01605224609375,0.009063720703125,Y,2,2026-08-22_23-06-48,2026-08-23
0.39454545454545453,0.7329931972789115,0.8941605839416058,0.9078341013824884,0.0,0.0,1.0,1.0,1.0,1.0,0.0,0.4388427734375,0.12744140625,0.30859375,-0.0072021484375,0.002471923828125,-0.00048828125,Y,2,2026-08-22_23-06-48,2026-08-23
0.3836363636363636,0.7329931972789115,1.0,1.0,0.0,0.0,1.0,1.0,1.0,1.0,0.0,0.4393310546875,0.141357421875,0.308837890625,0.00054931640625,0.0089111328125,0.003753662109375,Y,2,2026-08-22_23-06-48,2026-08-23
0.4254545454545455,0.717687074829932,1.0,1.0,0.0,0.0,1.0,1.0,1.0,1.0,0.0,0.44873046875,0.1214599609375,0.3128662109375,0.005767822265625,0.00457763671875,0.000701904296875,Y,2,2026-08-22_23-06-48,2026-08-23
0.32727272727272727,0.6938775510204082,0.8503649635036497,1.0,0.1610738255033557,0.0,1.0,1.0,1.0,1.0,0.0,0.4495849609375,0.1209716796875,0.3135986328125,-0.008453369140625,-0.00201416015625,-0.007476806640625,Y,2,2026-08-22_23-06-48,2026-08-23
0.4254545454545455,0.7414965986394558,0.9890510948905109,1.0,0.10738255033557047,0.0,1.0,1.0,1.0,1.0,0.0,0.445068359375,0.13427734375,0.30029296875,-0.035919189453125,-0.0023193359375,-0.011138916015625,Y,2,2026-08-22_23-06-48,2026-08-23
0.3563636363636364,0.7193877551020408,0.8759124087591241,1.0,0.10738255033557047,0.0,1.0,1.0,1.0,1.0,0.0,0.4453125,0.1461181640625,0.283203125,-0.037445068359375,-0.014892578125,-0.00213623046875,Y,2,2026-08-22_23-06-48,2026-08-23
0.3709090909090909,0.7023809523809523,1.0,1.0,0.06711409395973154,0.0,1.0,1.0,1.0,1.0,0.0,0.4447021484375,0.1392822265625,0.3023681640625,-0.02020263671875,-0.02081298828125,0.00445556640625,Y,2,2026-08-22_23-06-48,2026-08-23
0.3327272727272727,0.7448979591836735,0.8759124087591241,1.0,0.08053691275167785,0.0,1.0,1.0,1.0,1.0,0.0,0.44384765625,0.128173828125,0.3028564453125,-0.01409912109375,-0.00628662109375,0.0069580078125,Y,2,2026-08-22_23-06-48,2026-08-23
0.22363636363636363,0.7261904761904762,0.8832116788321168,1.0,0.4563758389261745,0.0,1.0,1.0,1.0,1.0,0.0,0.4805908203125,0.10888671875,0.2734375,-0.00958251953125,-0.00811767578125,-0.024993896484375,Y,3,2026-08-22_23-06-48,2026-08-23
0.11636363636363636,0.782312925170068,1.0,1.0,0.3087248322147651,0.0,1.0,1.0,1.0,1.0,0.0,0.4776611328125,0.1260986328125,0.264404296875,-0.021087646484375,-0.0003662109375,-0.0225830078125,Y,3,2026-08-22_23-06-48,2026-08-23
0.2381818181818182,0.6955782312925171,0.8905109489051095,1.0,0.026845637583892617,0.0,1.0,1.0,1.0,1.0,0.0,0.477783203125,0.1378173828125,0.272705078125,-0.01739501953125,-0.003753662109375,-0.002471923828125,Y,3,2026-08-22_23-06-48,2026-08-23
0.22181818181818183,0.7397959183673469,0.9233576642335767,1.0,0.1476510067114094,0.0,1.0,1.0,1.0,1.0,0.0,0.479248046875,0.1280517578125,0.2755126953125,-3.0517578125e-05,-0.00274658203125,0.01361083984375,Y,3,2026-08-22_23-06-48,2026-08-23
0.2509090909090909,0.8163265306122449,1.0,1.0,0.18791946308724833,0.0,1.0,1.0,1.0,1.0,0.0,0.47509765625,0.088623046875,0.271728515625,0.004547119140625,0.007568359375,0.0067138671875,Y,3,2026-08-22_23-06-48,2026-08-23
0.19636363636363635,0.7602040816326531,0.7664233576642335,1.0,0.0,0.0,1.0,1.0,1.0,1.0,0.0,0.47607421875,0.096435546875,0.271484375,-0.013397216796875,0.010406494140625,-0.007965087890625,Y,3,2026-08-22_23-06-48,2026-08-23
0.21272727272727274,0.7772108843537415,0.8321167883211679,1.0,0.1476510067114094,0.0,1.0,1.0,1.0,1.0,0.0,0.4720458984375,0.1075439453125,0.2691650390625,-0.0150146484375,0.0008544921875,-0.00323486328125,Y,3,2026-08-22_23-06-48,2026-08-23
0.16727272727272727,0.8163265306122449,0.9598540145985401,1.0,0.174496644295302,0.0,1.0,1.0,1.0,1.0,0.0,0.47607421875,0.098876953125,0.27197265625,-0.007171630859375,-0.006622314453125,0.006622314453125,Y,3,2026-08-22_23-06-48,2026-08-23
0.27454545454545454,0.7448979591836735,0.9306569343065694,1.0,0.1610738255033557,0.0,1.0,1.0,1.0,1.0,0.0,0.4730224609375,0.1029052734375,0.278076171875,-0.00323486328125,-0.00506591796875,0.00823974609375,Y,3,2026-08-22_23-06-48,2026-08-23
0.12181818181818181,0.7959183673469388,0.7518248175182481,1.0,0.42953020134228187,0.0,1.0,1.0,1.0,1.0,0.0,0.4691162109375,0.1083984375,0.2735595703125,0.005950927734375,-0.00177001953125,0.01092529296875,Y,3,2026-08-22_23-06-48,2026-08-23
0.12363636363636364,0.7619047619047619,0.9306569343065694,1.0,0.2684563758389262,0.0,1.0,1.0,1.0,1.0,0.0,0.4759521484375,0.0943603515625,0.27392578125,0.0009765625,-0.00323486328125,0.0050048828125,Y,3,2026-08-22_23-06-48,2026-08-23
0.18181818181818182,0.7925170068027211,1.0,1.0,0.42953020134228187,0.0,1.0,1.0,1.0,1.0,0.0,0.4713134765625,0.10986328125,0.2767333984375,-0.01849365234375,-0.01373291015625,0.002960205078125,Y,3,2026-08-22_23-06-48,2026-08-23
0.2727272727272727,0.782312925170068,0.8357664233576643,1.0,0.3221476510067114,0.0,1.0,1.0,1.0,1.0,0.0,0.466796875,0.10791015625,0.2689208984375,-0.021636962890625,-0.01446533203125,0.009033203125,Y,3,2026-08-22_23-06-48,2026-08-23
0.21454545454545454,0.7721088435374149,1.0,1.0,0.1476510067114094,0.0,1.0,1.0,1.0,1.0,0.0,0.477294921875,0.1036376953125,0.271240234375,-0.02154541015625,-0.008880615234375,0.011077880859375,Y,3,2026-08-22_23-06-48,2026-08-23
0.2309090909090909,0.7193877551020408,0.9635036496350365,1.0,0.0,0.0,1.0,1.0,1.0,1.0,0.0,0.47509765625,0.099365234375,0.275634765625,-0.01531982421875,-0.003692626953125,0.010833740234375,Y,3,2026-08-22_23-06-48,2026-08-23
0.16363636363636364,0.8112244897959183,1.0,1.0,0.2684563758389262,0.0,1.0,1.0,1.0,1.0,0.0,0.483154296875,0.08984375,0.2783203125,-0.003814697265625,-0.005035400390625,0.00994873046875,Y,3,2026-08-22_23-06-48,2026-08-23
0.21272727272727274,0.8282312925170068,1.0,1.0,0.8053691275167785,0.0,1.0,1.0,1.0,1.0,0.0,0.48046875,0.0916748046875,0.267578125,-0.006072998046875,-0.011566162109375,0.00567626953125,Y,3,2026-08-22_23-06-48,2026-08-23
0.24181818181818182,0.7414965986394558,0.9416058394160584,1.0,0.24161073825503357,0.0,1.0,1.0,1.0,1.0,0.0,0.4749755859375,0.0965576171875,0.2606201171875,-0.01007080078125,-0.006317138671875,0.00482177734375,Y,3,2026-08-22_23-06-48,2026-08-23
0.2,0.7448979591836735,0.8795620437956204,1.0,0.1476510067114094,0.0,1.0,1.0,1.0,1.0,0.0,0.4752197265625,0.099365234375,0.2574462890625,-0.016815185546875,0.00201416015625,0.005645751953125,Y,3,2026-08-22_23-06-48,2026-08-23
0.15818181818181817,0.7874149659863946,0.8175182481751825,1.0,0.38926174496644295,0.0,1.0,1.0,1.0,1.0,0.0,0.4730224609375,0.1142578125,0.2579345703125,-0.018280029296875,0.012786865234375,0.012298583984375,Y,3,2026-08-22_23-06-48,2026-08-23
0.10727272727272727,0.7908163265306123,1.0,1.0,0.8053691275167785,0.0,1.0,1.0,1.0,1.0,0.0,0.4697265625,0.1082763671875,0.269287109375,-0.008331298828125,0.01513671875,0.016357421875,Y,3,2026-08-22_23-06-48,2026-08-23
0.29454545454545455,0.8537414965986394,0.9927007299270073,1.0,0.3087248322147651,0.0,1.0,1.0,1.0,1.0,0.0,0.48193359375,0.0955810546875,0.2744140625,-0.0155029296875,0.014556884765625,0.005767822265625,Y,3,2026-08-22_23-06-48,2026-08-23
0.24363636363636362,0.6802721088435374,0.9744525547445255,1.0,0.1476510067114094,0.0,1.0,1.0,1.0,1.0,0.0,0.4776611328125,0.1029052734375,0.28369140625,-0.02386474609375,0.005035400390625,0.000823974609375,Y,3,2026-08-22_23-06-48,2026-08-23
0.16,0.8486394557823129,0.7408759124087592,1.0,0.0,0.0,1.0,1.0,1.0,1.0,0.0,0.470458984375,0.094970703125,0.289794921875,-0.0201416015625,-0.0130615234375,0.005859375,Y,3,2026-08-22_23-06-48,2026-08-23
0.16545454545454547,0.6955782312925171,0.8941605839416058,1.0,0.0,0.0,1.0,1.0,1.0,1.0,0.0,0.475830078125,0.0982666015625,0.2890625,-0.017669677734375,-0.01983642578125,0.004608154296875,Y,3,2026-08-22_23-06-48,2026-08-23
0.24363636363636362,0.8554421768707483,1.0,1.0,0.21476510067114093,0.0,1.0,1.0,1.0,1.0,0.0,0.4737548828125,0.0921630859375,0.275634765625,-0.00897216796875,-0.016937255859375,-0.003814697265625,Y,3,2026-08-22_23-06-48,2026-08-23
0.12545454545454546,0.7278911564625851,0.7116788321167883,1.0,0.1342281879194631,0.0,1.0,1.0,1.0,1.0,0.0,0.4744873046875,0.0946044921875,0.265869140625,-0.011627197265625,-0.007598876953125,-0.018646240234375,Y,3,2026-08-22_23-06-48,2026-08-23
0.2,0.6955782312925171,0.8941605839416058,1.0,0.1610738255033557,0.0,1.0,1.0,1.0,1.0,0.0,0.480224609375,0.117919921875,0.275146484375,-0.01116943359375,-0.0045166015625,-0.006256103515625,Y,3,2026-08-22_23-06-48,2026-08-23
0.1890909090909091,0.79421768707483,0.8357664233576643,1.0,0.1476510067114094,0.0,1.0,1.0,1.0,1.0,0.0,0.4796142578125,0.107177734375,0.2742919921875,-0.0107421875,-0.006378173828125,0.013916015625,Y,3,2026-08-22_23-06-48,2026-08-23
0.17636363636363636,0.782312925170068,0.8613138686131386,1.0,0.348993288590604,0.0,1.0,1.0,1.0,1.0,0.0,0.4735107421875,0.0931396484375,0.26025390625,-0.011566162109375,-0.0028076171875,0.015960693359375,Y,3,2026-08-22_23-06-48,2026-08-23
0.18363636363636363,0.7738095238095238,0.7773722627737226,1.0,0.1610738255033557,0.0,1.0,1.0,1.0,1.0,0.0,0.4788818359375,0.0953369140625,0.26806640625,-0.015533447265625,0.00555419921875,0.006561279296875,Y,3,2026-08-22_23-06-48,2026-08-23
0.2290909090909091,0.7687074829931972,0.9708029197080292,1.0,0.37583892617449666,0.0,1.0,1.0,1.0,1.0,0.0,0.4737548828125,0.0921630859375,0.2802734375,-0.010284423828125,0.007598876953125,0.007049560546875,Y,3,2026-08-22_23-06-48,2026-08-23
0.20363636363636364,0.8180272108843537,1.0,0.8018433179723502,0.013422818791946308,0.0,1.0,1.0,1.0,1.0,0.0,0.4735107421875,0.09130859375,0.2825927734375,-0.0069580078125,0.00738525390625,0.008819580078125,Y,3,2026-08-22_23-06-48,2026-08-23
0.24727272727272728,0.7891156462585034,0.8686131386861314,1.0,0.0,0.0,1.0,1.0,1.0,1.0,0.0,0.47265625,0.0872802734375,0.28271484375,-0.009368896484375,0.00640869140625,0.001861572265625,Y,3,2026-08-22_23-06-48,2026-08-23
0.23454545454545456,0.7091836734693877,1.0,1.0,0.053691275167785234,0.0,1.0,1.0,1.0,1.0,0.0,0.4722900390625,0.097900390625,0.2806396484375,-0.01495361328125,0.008697509765625,-0.012115478515625,Y,3,2026-08-22_23-06-48,2026-08-23
0.21636363636363637,0.8537414965986394,0.9963503649635036,1.0,0.1476510067114094,0.0,1.0,1.0,1.0,1.0,0.0,0.468505859375,0.1141357421875,0.278076171875,-0.01708984375,0.008819580078125,-0.01300048828125,Y,3,2026-08-22_23-06-48,2026-08-23
0.2309090909090909,0.8112244897959183,1.0,1.0,0.18791946308724833,0.0,1.0,1.0,1.0,1.0,0.0,0.47314453125,0.1195068359375,0.2774658203125,-0.00738525390625,0.007537841796875,-0.0057373046875,Y,3,2026-08-22_23-06-48,2026-08-23
0.2581818181818182,0.7908163265306123,0.9379562043795621,0.8248847926267281,0.174496644295302,0.0,1.0,1.0,1.0,1.0,0.0,0.4725341796875,0.10302734375,0.239501953125,-0.00543212890625,0.020599365234375,-0.002288818359375,Y,3,2026-08-22_23-06-48,2026-08-23
0.2381818181818182,0.7091836734693877,0.8394160583941606,0.9078341013824884,0.08053691275167785,0.0,1.0,1.0,1.0,1.0,0.0,0.478271484375,0.1107177734375,0.2789306640625,-0.01348876953125,-0.002532958984375,0.005279541015625,Y,3,2026-08-22_23-06-48,2026-08-23
0.19454545454545455,0.6700680272108843,0.9087591240875912,0.9400921658986175,0.3624161073825503,0.0,1.0,1.0,1.0,1.0,0.0,0.4703369140625,0.116455078125,0.2716064453125,-0.01312255859375,-0.011962890625,0.013671875,Y,3,2026-08-22_23-06-48,2026-08-23
0.0,0.6802721088435374,0.8102189781021898,0.8940092165898618,0.1342281879194631,1.0,1.0,1.0,1.0,1.0,0.0,0.515869140625,0.064453125,0.2010498046875,-0.004852294921875,-0.014007568359375,0.00518798828125,Y,4,2026-08-22_23-06-48,2026-08-23
0.0,0.7397959183673469,1.0,1.0,0.0,1.0,1.0,1.0,1.0,1.0,0.0,0.52001953125,0.0614013671875,0.1942138671875,-0.011260986328125,-0.0003662109375,-0.003570556640625,Y,4,2026-08-22_23-06-48,2026-08-23
0.0,0.5612244897959183,0.5255474452554745,1.0,0.3221476510067114,1.0,1.0,1.0,1.0,1.0,0.0,0.518798828125,0.0799560546875,0.1903076171875,-0.02056884765625,-0.001373291015625,-0.00543212890625,Y,4,2026-08-22_23-06-48,2026-08-23
0.0,0.8214285714285714,1.0,1.0,0.0,1.0,1.0,1.0,1.0,1.0,0.0,0.52490234375,0.0845947265625,0.197509765625,-0.02020263671875,-0.0037841796875,0.0045166015625,Y,4,2026-08-22_23-06-48,2026-08-23
0.0,0.6870748299319728,0.8722627737226277,1.0,0.8590604026845637,1.0,1.0,1.0,1.0,1.0,0.0,0.525634765625,0.0830078125,0.2098388671875,-0.011474609375,-0.014801025390625,0.015045166015625,Y,4,2026-08-22_23-06-48,2026-08-23
0.0,0.6717687074829932,0.843065693430657,1.0,0.4966442953020134,1.0,1.0,1.0,1.0,1.0,0.0,0.5191650390625,0.0714111328125,0.2064208984375,-0.00482177734375,-0.014556884765625,0.01226806640625,Y,4,2026-08-22_23-06-48,2026-08-23
0.0,0.7397959183673469,0.7700729927007299,0.7741935483870968,0.0,1.0,1.0,1.0,1.0,1.0,0.0,0.514892578125,0.064697265625,0.1981201171875,-0.010528564453125,-0.01397705078125,-0.000823974609375,Y,4,2026-08-22_23-06-48,2026-08-23
0.0,0.7448979591836735,0.9963503649635036,1.0,0.5100671140939598,1.0,1.0,1.0,1.0,1.0,0.0,0.516845703125,0.0718994140625,0.1885986328125,-0.02349853515625,-0.00506591796875,-0.011383056640625,Y,4,2026-08-22_23-06-48,2026-08-23
0.0,0.6292517006802721,0.791970802919708,0.8387096774193549,0.28187919463087246,1.0,1.0,1.0,1.0,1.0,0.0,0.5218505859375,0.087158203125,0.1920166015625,-0.02325439453125,-0.013092041015625,-0.00701904296875,Y,4,2026-08-22_23-06-48,2026-08-23
0.0,0.6938775510204082,1.0,1.0,0.0,1.0,1.0,1.0,1.0,1.0,0.0,0.5247802734375,0.079833984375,0.1932373046875,-0.011688232421875,-0.00439453125,0.005279541015625,Y,4,2026-08-22_23-06-48,2026-08-23
0.0,0.6071428571428571,0.6423357664233577,0.7788018433179723,0.21476510067114093,1.0,1.0,1.0,1.0,1.0,0.0,0.51318359375,0.0682373046875,0.1966552734375,-0.007720947265625,-0.007843017578125,0.01019287109375,Y,4,2026-08-22_23-06-48,2026-08-23
0.0,0.7448979591836735,0.8759124087591241,1.0,0.9664429530201343,1.0,1.0,1.0,1.0,1.0,0.0,0.51220703125,0.059814453125,0.1927490234375,-0.00762939453125,0.00567626953125,0.00579833984375,Y,4,2026-08-22_23-06-48,2026-08-23
0.0,0.7687074829931972,1.0,1.0,0.8053691275167785,1.0,1.0,1.0,1.0,1.0,0.0,0.5181884765625,0.059326171875,0.200927734375,-0.0189208984375,0.0089111328125,-0.0074462890625,Y,4,2026-08-22_23-06-48,2026-08-23
0.0,0.7448979591836735,0.927007299270073,0.7788018433179723,0.1476510067114094,1.0,1.0,1.0,1.0,1.0,0.0,0.521728515625,0.0736083984375,0.2086181640625,-0.02276611328125,0.00555419921875,-0.00830078125,Y,4,2026-08-22_23-06-48,2026-08-23
0.0,0.673469387755102,0.8686131386861314,0.8110599078341014,0.24161073825503357,1.0,1.0,1.0,1.0,1.0,0.0,0.524658203125,0.08349609375,0.211669921875,-0.014617919921875,-0.01129150390625,0.000335693359375,Y,4,2026-08-22_23-06-48,2026-08-23
0.0,0.5969387755102041,0.6605839416058394,0.6589861751152074,0.0,1.0,1.0,1.0,1.0,1.0,0.0,0.52001953125,0.078125,0.2010498046875,-0.00640869140625,-0.012451171875,0.005859375,Y,4,2026-08-22_23-06-48,2026-08-23
0.0,0.576530612244898,0.7007299270072993,0.9815668202764977,0.06711409395973154,1.0,1.0,1.0,1.0,1.0,0.0,0.518310546875,0.0782470703125,0.201171875,-0.011260986328125,-0.005279541015625,-0.002532958984375,Y,4,2026-08-22_23-06-48,2026-08-23
0.0,0.6003401360544217,0.8138686131386861,0.9308755760368663,0.8053691275167785,1.0,1.0,1.0,1.0,1.0,0.0,0.5089111328125,0.079345703125,0.192626953125,-0.015869140625,-0.001251220703125,-0.006500244140625,Y,4,2026-08-22_23-06-48,2026-08-23
0.0,0.5816326530612245,0.5875912408759124,1.0,0.0,1.0,1.0,1.0,1.0,1.0,0.0,0.5146484375,0.0782470703125,0.1827392578125,-0.017486572265625,0.01324462890625,-0.006805419921875,Y,4,2026-08-22_23-06-48,2026-08-23
0.0,0.7993197278911565,0.927007299270073,0.8709677419354839,0.0,1.0,1.0,1.0,1.0,1.0,0.0,0.5225830078125,0.0777587890625,0.18359375,-0.030609130859375,0.017059326171875,-0.010955810546875,Y,4,2026-08-22_23-06-48,2026-08-23
0.0,0.7704081632653061,0.8284671532846716,0.9539170506912442,0.4966442953020134,1.0,1.0,1.0,1.0,1.0,0.0,0.517822265625,0.0899658203125,0.211181640625,-0.029083251953125,0.009185791015625,-0.000732421875,Y,4,2026-08-22_23-06-48,2026-08-23
0.0,0.6819727891156463,0.9197080291970803,1.0,0.0,1.0,1.0,1.0,1.0,1.0,0.0,0.5177001953125,0.0787353515625,0.1983642578125,-0.023193359375,0.020599365234375,0.005645751953125,Y,4,2026-08-22_23-06-48,2026-08-23
0.0,0.6904761904761905,0.7408759124087592,1.0,0.0,1.0,1.0,1.0,1.0,1.0,0.0,0.521484375,0.0697021484375,0.208251953125,-0.0203857421875,0.006866455078125,0.0037841796875,Y,4,2026-08-22_23-06-48,2026-08-23
0.0,0.7448979591836735,0.8759124087591241,1.0,0.10738255033557047,0.0,1.0,1.0,1.0,1.0,0.0,0.5213623046875,0.080078125,0.2052001953125,-0.013427734375,0.006103515625,-0.0015869140625,Y,4,2026-08-22_23-06-48,2026-08-23
0.0,0.7023809523809523,0.9087591240875912,1.0,0.1476510067114094,1.0,1.0,1.0,1.0,1.0,0.0,0.523193359375,0.0791015625,0.208740234375,-0.011962890625,-0.004119873046875,0.00390625,Y,4,2026-08-22_23-06-48,2026-08-23
0.0,0.8435374149659864,0.9416058394160584,0.6405529953917051,0.0,1.0,1.0,1.0,1.0,1.0,0.0,0.5255126953125,0.083251953125,0.21435546875,-0.009002685546875,-0.01397705078125,0.009033203125,Y,4,2026-08-22_23-06-48,2026-08-23
0.025454545454545455,0.6683673469387755,0.6423357664233577,0.7695852534562212,0.20134228187919462,1.0,1.0,1.0,1.0,1.0,0.0,0.516845703125,0.07568359375,0.211669921875,-0.014892578125,-0.01568603515625,0.009613037109375,Y,4,2026-08-22_23-06-48,2026-08-23
0.0,0.6173469387755102,0.8175182481751825,1.0,0.1476510067114094,1.0,1.0,1.0,1.0,1.0,0.0,0.513671875,0.0745849609375,0.207275390625,-0.026123046875,-0.01177978515625,0.00445556640625,Y,4,2026-08-22_23-06-48,2026-08-23
0.0,0.608843537414966,0.9890510948905109,1.0,0.87248322147651,1.0,1.0,1.0,1.0,1.0,0.0,0.5135498046875,0.08544921875,0.2008056640625,-0.027618408203125,-0.013580322265625,0.003509521484375,Y,4,2026-08-22_23-06-48,2026-08-23
0.0,0.6955782312925171,0.843065693430657,0.8709677419354839,0.0,1.0,1.0,1.0,1.0,1.0,0.0,0.511962890625,0.0845947265625,0.1968994140625,-0.015167236328125,-0.01519775390625,0.011810302734375,Y,4,2026-08-22_23-06-48,2026-08-23
0.0,0.7414965986394558,0.8759124087591241,1.0,0.3221476510067114,1.0,1.0,1.0,1.0,1.0,0.0,0.509033203125,0.0701904296875,0.1988525390625,-0.0087890625,-0.003814697265625,0.0147705078125,Y,4,2026-08-22_23-06-48,2026-08-23
0.0,0.6666666666666666,0.8102189781021898,0.783410138248848,0.1476510067114094,1.0,1.0,1.0,1.0,1.0,0.0,0.5120849609375,0.0595703125,0.20556640625,-0.01263427734375,0.001251220703125,0.011322021484375,Y,4,2026-08-22_23-06-48,2026-08-23
0.0,0.7772108843537415,0.8795620437956204,0.7788018433179723,0.08053691275167785,1.0,1.0,1.0,1.0,1.0,0.0,0.519775390625,0.0654296875,0.21630859375,-0.01580810546875,-0.0087890625,0.0130615234375,Y,4,2026-08-22_23-06-48,2026-08-23
0.0,0.7397959183673469,0.9890510948905109,0.8202764976958525,0.0,1.0,1.0,1.0,1.0,1.0,0.0,0.5233154296875,0.05908203125,0.20361328125,-0.016448974609375,-0.011383056640625,0.010223388671875,Y,4,2026-08-22_23-06-48,2026-08-23
0.04363636363636364,0.7619047619047619,0.5218978102189781,0.7235023041474654,0.0,1.0,1.0,1.0,1.0,1.0,0.0,0.52392578125,0.06982421875,0.20458984375,-0.017425537109375,-0.01800537109375,0.005767822265625,Y,4,2026-08-22_23-06-48,2026-08-23
0.0,0.6224489795918368,0.9343065693430657,0.8847926267281107,0.0,0.0,1.0,1.0,1.0,1.0,0.0,0.5208740234375,0.0732421875,0.1990966796875,-0.008331298828125,-0.011016845703125,0.004669189453125,Y,4,2026-08-22_23-06-48,2026-08-23
0.0,0.5816326530612245,0.7773722627737226,0.8663594470046083,0.08053691275167785,0.0,1.0,1.0,1.0,1.0,0.0,0.519287109375,0.0655517578125,0.2012939453125,-0.004974365234375,-0.00994873046875,-0.000213623046875,Y,4,2026-08-22_23-06-48,2026-08-23
0.0,0.6921768707482994,1.0,0.9815668202764977,0.22818791946308725,0.0,1.0,1.0,1.0,1.0,0.0,0.5162353515625,0.0750732421875,0.208984375,-0.0081787109375,-0.010528564453125,0.000244140625,Y,4,2026-08-22_23-06-48,2026-08-23
0.0,0.5918367346938775,0.8394160583941606,0.9585253456221198,1.0,0.0,1.0,1.0,1.0,1.0,0.0,0.509765625,0.0760498046875,0.203125,-0.008453369140625,-0.013580322265625,0.004669189453125,Y,4,2026-08-22_23-06-48,2026-08-23
0.0,0.6360544217687075,0.948905109489051,0.9815668202764977,0.8053691275167785,0.0,1.0,1.0,1.0,1.0,0.0,0.5068359375,0.072998046875,0.193115234375,-0.016357421875,-0.007080078125,-0.000640869140625,Y,4,2026-08-22_23-06-48,2026-08-23
1.0,0.8503401360544217,0.0,1.0,0.1610738255033557,1.0,1.0,1.0,1.0,1.0,1.0,0.4468994140625,0.087890625,0.3155517578125,-0.023773193359375,-0.002044677734375,-0.003387451171875,K,0,2026-08-22_23-06-48,2026-08-23
1.0,0.967687074829932,0.0,1.0,0.0,1.0,1.0,1.0,1.0,1.0,1.0,0.4439697265625,0.083740234375,0.3226318359375,-0.019683837890625,-0.003692626953125,0.000244140625,K,0,2026-08-22_23-06-48,2026-08-23
0.94,0.8775510204081632,0.0,1.0,0.40268456375838924,1.0,1.0,1.0,1.0,1.0,1.0,0.447998046875,0.088134765625,0.326171875,-0.0213623046875,-0.001953125,0.0015869140625,K,0,2026-08-22_23-06-48,2026-08-23
1.0,0.8112244897959183,0.0,1.0,0.10738255033557047,1.0,1.0,1.0,1.0,1.0,1.0,0.446044921875,0.091552734375,0.3287353515625,-0.014862060546875,0.00225830078125,0.00555419921875,K,0,2026-08-22_23-06-48,2026-08-23
1.0,0.8894557823129252,0.0,1.0,0.8053691275167785,1.0,1.0,1.0,1.0,1.0,1.0,0.452880859375,0.0845947265625,0.334716796875,-0.007476806640625,-0.003631591796875,0.006622314453125,K,0,2026-08-22_23-06-48,2026-08-23
0.98,0.8452380952380952,0.0,1.0,0.2684563758389262,1.0,1.0,1.0,1.0,1.0,1.0,0.452392578125,0.0819091796875,0.3341064453125,-0.01165771484375,-0.015716552734375,0.00274658203125,K,0,2026-08-22_23-06-48,2026-08-23
0.92,0.9625850340136054,0.0,1.0,0.42953020134228187,1.0,1.0,1.0,1.0,1.0,1.0,0.44287109375,0.086181640625,0.3250732421875,-0.019866943359375,-0.01885986328125,0.001068115234375,K,0,2026-08-22_23-06-48,2026-08-23
0.9454545454545454,0.9455782312925171,0.0,1.0,0.08053691275167785,1.0,1.0,1.0,1.0,1.0,1.0,0.44140625,0.0899658203125,0.3199462890625,-0.01861572265625,-0.014129638671875,0.00579833984375,K,0,2026-08-22_23-06-48,2026-08-23
0.9490909090909091,0.8928571428571429,0.0,1.0,0.22818791946308725,1.0,1.0,1.0,1.0,1.0,1.0,0.444580078125,0.084228515625,0.312255859375,-0.011688232421875,-0.01177978515625,0.008941650390625,K,0,2026-08-22_23-06-48,2026-08-23
1.0,0.8418367346938775,0.0,1.0,0.37583892617449666,1.0,1.0,1.0,1.0,1.0,1.0,0.4490966796875,0.0791015625,0.3167724609375,-0.009979248046875,-0.009368896484375,0.007354736328125,K,0,2026-08-22_23-06-48,2026-08-23
1.0,0.826530612244898,0.0,1.0,0.2684563758389262,1.0,1.0,1.0,1.0,1.0,1.0,0.4560546875,0.0833740234375,0.31396484375,-0.01214599609375,-0.0108642578125,0.00439453125,K,0,2026-08-22_23-06-48,2026-08-23
1.0,0.9812925170068028,0.0,1.0,0.33557046979865773,1.0,1.0,1.0,1.0,1.0,1.0,0.4564208984375,0.0789794921875,0.307373046875,-0.0185546875,-0.008880615234375,0.00360107421875,K,0,2026-08-22_23-06-48,2026-08-23
1.0,0.8418367346938775,0.0,1.0,0.1476510067114094,1.0,1.0,1.0,1.0,1.0,1.0,0.4508056640625,0.083740234375,0.3089599609375,-0.0225830078125,-0.00250244140625,0.0042724609375,K,0,2026-08-22_23-06-48,2026-08-23
1.0,0.8724489795918368,0.0,1.0,0.09395973154362416,1.0,1.0,1.0,1.0,1.0,1.0,0.452392578125,0.0823974609375,0.3072509765625,-0.011749267578125,0.00238037109375,0.004669189453125,K,0,2026-08-22_23-06-48,2026-08-23
0.9163636363636364,0.8537414965986394,0.0,1.0,0.48322147651006714,1.0,1.0,1.0,1.0,1.0,1.0,0.4530029296875,0.0821533203125,0.3095703125,-0.007354736328125,0.006591796875,0.0029296875,K,0,2026-08-22_23-06-48,2026-08-23
1.0,0.923469387755102,0.0,1.0,0.0,1.0,1.0,1.0,1.0,1.0,1.0,0.4488525390625,0.0780029296875,0.31396484375,-0.0098876953125,0.003875732421875,-0.000274658203125,K,0,2026-08-22_23-06-48,2026-08-23
0.9309090909090909,0.9285714285714286,0.0,1.0,0.3221476510067114,1.0,1.0,1.0,1.0,1.0,1.0,0.4495849609375,0.0819091796875,0.3167724609375,-0.020294189453125,-0.003173828125,-0.00079345703125,K,0,2026-08-22_23-06-48,2026-08-23
0.9963636363636363,0.8061224489795918,0.0,1.0,0.1476510067114094,1.0,1.0,1.0,1.0,1.0,1.0,0.4493408203125,0.0859375,0.3258056640625,-0.02349853515625,-0.00555419921875,0.005584716796875,K,0,2026-08-22_23-06-48,2026-08-23
1.0,0.9829931972789115,0.0,1.0,0.40268456375838924,1.0,1.0,1.0,1.0,1.0,1.0,0.448486328125,0.0870361328125,0.3333740234375,-0.019683837890625,-0.00787353515625,0.008880615234375,K,0,2026-08-22_23-06-48,2026-08-23
1.0,0.9047619047619048,0.0,1.0,0.1610738255033557,1.0,1.0,1.0,1.0,1.0,1.0,0.4473876953125,0.0849609375,0.33154296875,-0.0174560546875,-0.004425048828125,0.003082275390625,K,0,2026-08-22_23-06-48,2026-08-23
0.9981818181818182,0.8996598639455783,0.0,1.0,0.21476510067114093,1.0,1.0,1.0,1.0,1.0,1.0,0.4476318359375,0.0927734375,0.3297119140625,-0.009307861328125,-0.005523681640625,0.005157470703125,K,0,2026-08-22_23-06-48,2026-08-23
1.0,0.9370748299319728,0.0,1.0,0.3624161073825503,1.0,1.0,1.0,1.0,1.0,1.0,0.44384765625,0.087158203125,0.328125,-0.010040283203125,-0.015533447265625,0.0068359375,K,0,2026-08-22_23-06-48,2026-08-23
1.0,0.9030612244897959,0.0,1.0,0.4966442953020134,1.0,1.0,1.0,1.0,1.0,1.0,0.43994140625,0.087158203125,0.3193359375,-0.021270751953125,-0.01824951171875,0.005096435546875,K,0,2026-08-22_23-06-48,2026-08-23
0.9781818181818182,0.9200680272108843,0.0,1.0,0.026845637583892617,1.0,1.0,1.0,1.0,1.0,1.0,0.4385986328125,0.0863037109375,0.3179931640625,-0.02166748046875,-0.008575439453125,0.008270263671875,K,0,2026-08-22_23-06-48,2026-08-23
0.9981818181818182,0.8843537414965986,0.0,1.0,0.4429530201342282,1.0,1.0,1.0,1.0,1.0,1.0,0.4468994140625,0.0819091796875,0.3133544921875,-0.016387939453125,0.00164794921875,0.005279541015625,K,0,2026-08-22_23-06-48,2026-08-23
0.9,0.891156462585034,0.0,1.0,0.3624161073825503,1.0,1.0,1.0,1.0,1.0,1.0,0.4539794921875,0.0867919921875,0.32275390625,-0.0146484375,0.003662109375,-0.001739501953125,K,0,2026-08-22_23-06-48,2026-08-23
0.9272727272727272,0.9387755102040817,0.0,1.0,0.1476510067114094,1.0,1.0,1.0,1.0,1.0,1.0,0.458740234375,0.0809326171875,0.322021484375,-0.005950927734375,-0.011322021484375,0.0003662109375,K,0,2026-08-22_23-06-48,2026-08-23
1.0,0.7840136054421769,0.0,1.0,0.33557046979865773,1.0,1.0,1.0,1.0,1.0,1.0,0.4556884765625,0.0823974609375,0.3165283203125,-0.008392333984375,-0.02520751953125,0.00323486328125,K,0,2026-08-22_23-06-48,2026-08-23
1.0,0.8554421768707483,0.0,1.0,0.348993288590604,1.0,1.0,1.0,1.0,1.0,1.0,0.4486083984375,0.080810546875,0.30859375,-0.010406494140625,-0.01959228515625,0.008544921875,K,0,2026-08-22_23-06-48,2026-08-23
1.0,0.8435374149659864,0.0,1.0,0.2953020134228188,1.0,1.0,1.0,1.0,1.0,1.0,0.4505615234375,0.0765380859375,0.30859375,-0.01397705078125,-0.012542724609375,0.005157470703125,K,0,2026-08-22_23-06-48,2026-08-23
1.0,0.8061224489795918,0.0,1.0,0.174496644295302,1.0,1.0,1.0,1.0,1.0,1.0,0.4486083984375,0.0804443359375,0.3060302734375,-0.017120361328125,-0.004791259765625,-0.00091552734375,K,0,2026-08-22_23-06-48,2026-08-23
1.0,0.8214285714285714,0.0,1.0,0.3624161073825503,1.0,1.0,1.0,1.0,1.0,1.0,0.442138671875,0.0894775390625,0.3157958984375,-0.011871337890625,-0.000518798828125,0.001800537109375,K,0,2026-08-22_23-06-48,2026-08-23
1.0,0.826530612244898,0.0,1.0,0.38926174496644295,1.0,1.0,1.0,1.0,1.0,1.0,0.45458984375,0.0833740234375,0.322021484375,-0.004180908203125,-0.001678466796875,0.00396728515625,K,0,2026-08-22_23-06-48,2026-08-23
1.0,0.9608843537414966,0.0,1.0,0.1476510067114094,1.0,1.0,1.0,1.0,1.0,1.0,0.455322265625,0.0885009765625,0.321533203125,-0.0069580078125,-9.1552734375e-05,0.0,K,0,2026-08-22_23-06-48,2026-08-23
0.9309090909090909,0.9387755102040817,0.0,1.0,0.08053691275167785,1.0,1.0,1.0,1.0,1.0,1.0,0.4561767578125,0.094970703125,0.3204345703125,-0.010162353515625,-0.004302978515625,0.000457763671875,K,0,2026-08-22_23-06-48,2026-08-23
0.9309090909090909,0.9438775510204082,0.0,1.0,0.5100671140939598,1.0,1.0,1.0,1.0,1.0,1.0,0.4466552734375,0.099853515625,0.3162841796875,-0.0135498046875,-0.00372314453125,0.00372314453125,K,0,2026-08-22_23-06-48,2026-08-23
1.0,0.9540816326530612,0.0,1.0,0.4429530201342282,1.0,1.0,1.0,1.0,1.0,1.0,0.435791015625,0.093505859375,0.3167724609375,-0.0101318359375,-0.0032958984375,0.0068359375,K,0,2026-08-22_23-06-48,2026-08-23
1.0,0.7670068027210885,0.0,1.0,0.42953020134228187,1.0,1.0,1.0,1.0,1.0,1.0,0.4410400390625,0.0909423828125,0.3153076171875,-0.0078125,-0.0089111328125,0.01025390625,K,0,2026-08-22_23-06-48,2026-08-23
0.8545454545454545,1.0,0.0,1.0,0.0,1.0,1.0,1.0,1.0,1.0,1.0,0.4423828125,0.0870361328125,0.3099365234375,-0.015533447265625,-0.00372314453125,0.00750732421875,K,0,2026-08-22_23-06-48,2026-08-23
1.0,0.9914965986394558,0.0,1.0,0.3087248322147651,1.0,1.0,1.0,1.0,1.0,1.0,0.448486328125,0.089111328125,0.3179931640625,-0.019622802734375,-0.003631591796875,0.008941650390625,K,0,2026-08-22_23-06-48,2026-08-23
1.0,0.923469387755102,0.0,0.0,0.18791946308724833,1.0,1.0,1.0,1.0,1.0,0.0,0.529052734375,0.070068359375,0.173828125,-0.022705078125,0.001861572265625,-0.019256591796875,K,1,2026-08-22_23-06-48,2026-08-23
1.0,0.9149659863945578,0.0,0.0,0.20134228187919462,1.0,1.0,1.0,1.0,1.0,1.0,0.5281982421875,0.074462890625,0.1800537109375,-0.02490234375,0.00213623046875,-0.026123046875,K,1,2026-08-22_23-06-48,2026-08-23
1.0,0.9166666666666666,0.0,0.0,0.21476510067114093,1.0,1.0,1.0,1.0,1.0,1.0,0.5250244140625,0.0843505859375,0.1771240234375,-0.018096923828125,0.008453369140625,-0.022979736328125,K,1,2026-08-22_23-06-48,2026-08-23
1.0,0.8605442176870748,0.0,0.0,0.06711409395973154,1.0,1.0,1.0,1.0,1.0,1.0,0.5301513671875,0.0875244140625,0.1859130859375,-0.010772705078125,0.007598876953125,-0.014434814453125,K,1,2026-08-22_23-06-48,2026-08-23
0.9854545454545455,0.8486394557823129,0.0,0.0,0.348993288590604,1.0,1.0,1.0,1.0,1.0,1.0,0.5277099609375,0.0794677734375,0.1845703125,-0.0107421875,0.008026123046875,-0.012420654296875,K,1,2026-08-22_23-06-48,2026-08-23
1.0,0.9166666666666666,0.0,0.0,0.1610738255033557,1.0,1.0,1.0,1.0,1.0,1.0,0.519775390625,0.08056640625,0.184814453125,-0.017974853515625,0.003662109375,-0.014739990234375,K,1,2026-08-22_23-06-48,2026-08-23
1.0,0.9302721088435374,0.0,0.4700460829493088,0.48322147651006714,1.0,1.0,1.0,1.0,1.0,1.0,0.514892578125,0.0853271484375,0.1912841796875,-0.01873779296875,0.00286865234375,-0.01031494140625,K,1,2026-08-22_23-06-48,2026-08-23
1.0,0.9319727891156463,0.0,0.0,0.28187919463087246,1.0,1.0,1.0,1.0,1.0,0.0,0.518798828125,0.0850830078125,0.1893310546875,-0.019439697265625,0.00140380859375,-0.009033203125,K,1,2026-08-22_23-06-48,2026-08-23
0.9818181818181818,0.8690476190476191,0.0,0.0,0.0,1.0,1.0,1.0,1.0,1.0,0.0,0.51611328125,0.085205078125,0.19580078125,-0.013214111328125,-0.004913330078125,-0.00164794921875,K,1,2026-08-22_23-06-48,2026-08-23
1.0,0.891156462585034,0.0,0.0,0.0,1.0,1.0,1.0,1.0,1.0,0.0,0.516845703125,0.08447265625,0.18896484375,-0.01220703125,-0.005828857421875,0.0018310546875,K,1,2026-08-22_23-06-48,2026-08-23
1.0,1.0,0.0,0.0,0.013422818791946308,1.0,1.0,1.0,1.0,1.0,0.0,0.5162353515625,0.0780029296875,0.1859130859375,-0.01678466796875,-0.003082275390625,0.000885009765625,K,1,2026-08-22_23-06-48,2026-08-23
1.0,0.9727891156462585,0.0,0.0,0.1342281879194631,1.0,1.0,1.0,1.0,1.0,0.0,0.517578125,0.0791015625,0.1937255859375,-0.023040771484375,-0.010345458984375,0.00042724609375,K,1,2026-08-22_23-06-48,2026-08-23
1.0,0.8367346938775511,0.0,0.0,0.0,1.0,1.0,1.0,1.0,1.0,0.0,0.5191650390625,0.0780029296875,0.1893310546875,-0.024261474609375,-0.011810302734375,0.0045166015625,K,1,2026-08-22_23-06-48,2026-08-23
0.9981818181818182,0.8860544217687075,0.0,0.0,0.0,1.0,1.0,1.0,1.0,1.0,0.0,0.5185546875,0.075927734375,0.1849365234375,-0.01715087890625,-0.0093994140625,0.00628662109375,K,1,2026-08-22_23-06-48,2026-08-23
1.0,0.9336734693877551,0.0,0.0,0.0,1.0,1.0,1.0,1.0,1.0,0.0,0.520751953125,0.07763671875,0.18798828125,-0.012725830078125,-0.006134033203125,0.00665283203125,K,1,2026-08-22_23-06-48,2026-08-23
1.0,0.9404761904761905,0.0,0.0,0.1610738255033557,1.0,1.0,1.0,1.0,1.0,0.0,0.5234375,0.066650390625,0.1885986328125,-0.01171875,-0.002685546875,0.005126953125,K,1,2026-08-22_23-06-48,2026-08-23
1.0,0.8724489795918368,0.0,0.0,0.2684563758389262,1.0,1.0,1.0,1.0,1.0,0.0,0.5218505859375,0.0701904296875,0.1915283203125,-0.022064208984375,-0.01251220703125,-0.001861572265625,K,1,2026-08-22_23-06-48,2026-08-23
0.9872727272727273,0.8622448979591837,0.0,0.0,0.1476510067114094,1.0,1.0,1.0,1.0,1.0,0.0,0.5223388671875,0.070556640625,0.1964111328125,-0.023284912109375,-0.01904296875,-0.00518798828125,K,1,2026-08-22_23-06-48,2026-08-23
1.0,0.8996598639455783,0.0,0.0,0.22818791946308725,1.0,1.0,1.0,1.0,1.0,0.0,0.5224609375,0.0775146484375,0.1895751953125,-0.019744873046875,-0.01824951171875,-0.005950927734375,K,1,2026-08-22_23-06-48,2026-08-23
1.0,0.9064625850340136,0.0,0.0,0.06711409395973154,1.0,1.0,1.0,1.0,1.0,0.0,0.5244140625,0.0797119140625,0.1929931640625,-0.01593017578125,-0.013397216796875,-0.01153564453125,K,1,2026-08-22_23-06-48,2026-08-23
0.9963636363636363,0.9982993197278912,0.0,0.0,0.053691275167785234,1.0,1.0,1.0,1.0,1.0,0.0,0.527099609375,0.08837890625,0.1883544921875,-0.00885009765625,-0.0177001953125,-0.0118408203125,K,1,2026-08-22_23-06-48,2026-08-23
0.9981818181818182,0.9098639455782312,0.0,0.0,0.0,1.0,1.0,1.0,1.0,1.0,0.0,0.5284423828125,0.0894775390625,0.17919921875,-0.004241943359375,-0.013275146484375,-0.008270263671875,K,1,2026-08-22_23-06-48,2026-08-23
1.0,0.8826530612244898,0.0,0.0,0.0,1.0,1.0,1.0,1.0,1.0,0.0,0.5257568359375,0.0904541015625,0.177978515625,0.003509521484375,-0.006591796875,-0.001220703125,K,1,2026-08-22_23-06-48,2026-08-23
1.0,0.9710884353741497,0.0,0.0,0.026845637583892617,1.0,1.0,1.0,1.0,1.0,0.0,0.5269775390625,0.087158203125,0.174072265625,0.0010986328125,0.00042724609375,0.00360107421875,K,1,2026-08-22_23-06-48,2026-08-23
1.0,0.9846938775510204,0.0,0.0,0.1342281879194631,1.0,1.0,1.0,1.0,1.0,0.0,0.5323486328125,0.0814208984375,0.1767578125,-0.002166748046875,0.00897216796875,0.00262451171875,K,1,2026-08-22_23-06-48,2026-08-23
1.0,0.9455782312925171,0.0,0.0,0.0,1.0,1.0,1.0,1.0,1.0,0.0,0.5274658203125,0.085693359375,0.1856689453125,-0.011688232421875,0.004852294921875,0.00421142578125,K,1,2026-08-22_23-06-48,2026-08-23
1.0,0.967687074829932,0.0,0.0,0.22818791946308725,1.0,1.0,1.0,1.0,1.0,0.0,0.5262451171875,0.0849609375,0.177734375,-0.01361083984375,0.000335693359375,0.005950927734375,K,1,2026-08-22_23-06-48,2026-08-23
0.94,0.8996598639455783,0.0,0.0,0.18791946308724833,1.0,1.0,1.0,1.0,1.0,0.0,0.52294921875,0.079833984375,0.184326171875,-0.013214111328125,-0.000213623046875,0.002777099609375,K,1,2026-08-22_23-06-48,2026-08-23
1.0,0.9506802721088435,0.0,0.4377880184331797,0.348993288590604,1.0,1.0,1.0,1.0,1.0,0.0,0.517822265625,0.078125,0.185791015625,-0.012359619140625,0.0078125,-0.000701904296875,K,1,2026-08-22_23-06-48,2026-08-23
0.94,0.9166666666666666,0.0,0.004608294930875576,0.0,1.0,1.0,1.0,1.0,1.0,0.0,0.5238037109375,0.078857421875,0.190185546875,-0.012908935546875,0.009368896484375,0.00244140625,K,1,2026-08-22_23-06-48,2026-08-23
0.9890909090909091,0.8248299319727891,0.0,0.0,0.1610738255033557,1.0,1.0,1.0,1.0,1.0,0.0,0.5198974609375,0.0731201171875,0.1910400390625,-0.016204833984375,-0.0018310546875,0.00457763671875,K,1,2026-08-22_23-06-48,2026-08-23
1.0,1.0,0.0,0.0,0.053691275167785234,1.0,1.0,1.0,1.0,1.0,0.0,0.5157470703125,0.077392578125,0.18994140625,-0.0196533203125,-0.006927490234375,0.00274658203125,K,1,2026-08-22_23-06-48,2026-08-23
1.0,0.8248299319727891,0.0,0.0,0.12080536912751678,1.0,1.0,1.0,1.0,1.0,0.0,0.5147705078125,0.077392578125,0.1915283203125,-0.019775390625,-0.010986328125,-0.00250244140625,K,1,2026-08-22_23-06-48,2026-08-23
1.0,0.8894557823129252,0.0,0.0,0.1476510067114094,1.0,1.0,1.0,1.0,1.0,0.0,0.5181884765625,0.083251953125,0.1829833984375,-0.02166748046875,-0.0126953125,-0.008392333984375,K,1,2026-08-22_23-06-48,2026-08-23
1.0,0.9710884353741497,0.0,0.0,0.10738255033557047,1.0,1.0,1.0,1.0,1.0,0.0,0.516845703125,0.08984375,0.182861328125,-0.021636962890625,-0.00775146484375,-0.007720947265625,K,1,2026-08-22_23-06-48,2026-08-23
0.9345454545454546,0.9897959183673469,0.0,0.0,0.3221476510067114,1.0,1.0,1.0,1.0,1.0,0.0,0.5225830078125,0.091064453125,0.1854248046875,-0.023101806640625,-0.009552001953125,-0.001556396484375,K,1,2026-08-22_23-06-48,2026-08-23
1.0,0.967687074829932,0.0,0.0,0.2550335570469799,1.0,1.0,1.0,1.0,1.0,0.0,0.5172119140625,0.0909423828125,0.1864013671875,-0.024871826171875,-0.004852294921875,0.00628662109375,K,1,2026-08-22_23-06-48,2026-08-23
1.0,0.8826530612244898,0.0,0.0,0.8053691275167785,1.0,1.0,1.0,1.0,1.0,0.0,0.5203857421875,0.0885009765625,0.194580078125,-0.01904296875,-0.005035400390625,0.013275146484375,K,1,2026-08-22_23-06-48,2026-08-23
1.0,0.8758503401360545,0.0,0.0,0.1476510067114094,1.0,1.0,1.0,1.0,1.0,0.0,0.522216796875,0.08251953125,0.1920166015625,-0.013946533203125,-0.002410888671875,0.014129638671875,K,1,2026-08-22_23-06-48,2026-08-23
1.0,1.0,0.0,0.009216589861751152,0.18791946308724833,1.0,1.0,1.0,1.0,1.0,0.0,0.5235595703125,0.0806884765625,0.1953125,-0.007659912109375,-0.002899169921875,0.01556396484375,K,1,2026-08-22_23-06-48,2026-08-23
1.0,1.0,0.0,0.0,0.348993288590604,1.0,1.0,1.0,1.0,1.0,1.0,0.0,0.0,0.0,0.0,0.0,0.0,K,2,2026-08-22_23-06-48,2026-08-23
1.0,1.0,0.0,0.0,0.0,1.0,1.0,1.0,1.0,1.0,1.0,0.0,0.0,0.0,0.0,0.0,0.0,K,2,2026-08-22_23-06-48,2026-08-23
1.0,1.0,0.0,0.0,0.0,1.0,1.0,1.0,1.0,1.0,1.0,0.0,0.0,0.0,0.0,0.0,0.0,K,2,2026-08-22_23-06-48,2026-08-23
0.9672727272727273,1.0,0.0,0.0,0.0,1.0,1.0,1.0,1.0,1.0,1.0,0.0,0.0,0.0,0.0,0.0,0.0,K,2,2026-08-22_23-06-48,2026-08-23
1.0,1.0,0.0,0.4147465437788018,0.09395973154362416,1.0,1.0,1.0,1.0,1.0,1.0,0.0,0.0,0.0,0.0,0.0,0.0,K,2,2026-08-22_23-06-48,2026-08-23
1.0,1.0,0.0,0.34101382488479265,0.0,1.0,1.0,1.0,1.0,1.0,1.0,0.0,0.0,0.0,0.0,0.0,0.0,K,2,2026-08-22_23-06-48,2026-08-23
1.0,1.0,0.0,0.0,0.013422818791946308,1.0,1.0,1.0,1.0,1.0,1.0,0.0,0.0,0.0,0.0,0.0,0.0,K,2,2026-08-22_23-06-48,2026-08-23
1.0,1.0,0.0,0.013824884792626729,0.3624161073825503,1.0,1.0,1.0,1.0,1.0,1.0,0.0,0.0,0.0,0.0,0.0,0.0,K,2,2026-08-22_23-06-48,2026-08-23
1.0,1.0,0.0,0.0,0.0,1.0,1.0,1.0,1.0,1.0,1.0,0.0,0.0,0.0,0.0,0.0,0.0,K,2,2026-08-22_23-06-48,2026-08-23
1.0,1.0,0.0,0.0,0.3221476510067114,1.0,1.0,1.0,1.0,1.0,1.0,0.0,0.0,0.0,0.0,0.0,0.0,K,2,2026-08-22_23-06-48,2026-08-23
1.0,1.0,0.0,0.0,0.8053691275167785,1.0,1.0,1.0,1.0,1.0,1.0,0.0,0.0,0.0,0.0,0.0,0.0,K,2,2026-08-22_23-06-48,2026-08-23
1.0,1.0,0.0,0.0,0.0,1.0,1.0,1.0,1.0,1.0,1.0,0.0,0.0,0.0,0.0,0.0,0.0,K,2,2026-08-22_23-06-48,2026-08-23
1.0,1.0,0.0,0.0,0.0,1.0,1.0,1.0,1.0,1.0,1.0,0.0,0.0,0.0,0.0,0.0,0.0,K,2,2026-08-22_23-06-48,2026-08-23
1.0,1.0,0.0,0.0,0.4429530201342282,1.0,1.0,1.0,1.0,1.0,1.0,0.0,0.0,0.0,0.0,0.0,0.0,K,2,2026-08-22_23-06-48,2026-08-23
1.0,1.0,0.0,0.0,0.18791946308724833,1.0,1.0,1.0,1.0,1.0,1.0,0.0,0.0,0.0,0.0,0.0,0.0,K,2,2026-08-22_23-06-48,2026-08-23
1.0,1.0,0.0,0.391705069124424,0.21476510067114093,1.0,1.0,1.0,1.0,1.0,1.0,0.0,0.0,0.0,0.0,0.0,0.0,K,2,2026-08-22_23-06-48,2026-08-23
1.0,1.0,0.0,0.0,0.1342281879194631,1.0,1.0,1.0,1.0,1.0,1.0,0.0,0.0,0.0,0.0,0.0,0.0,K,2,2026-08-22_23-06-48,2026-08-23
1.0,1.0,0.0,0.0,0.1610738255033557,1.0,1.0,1.0,1.0,1.0,1.0,0.0,0.0,0.0,0.0,0.0,0.0,K,2,2026-08-22_23-06-48,2026-08-23
1.0,1.0,0.0,0.10599078341013825,0.08053691275167785,1.0,1.0,1.0,1.0,1.0,1.0,0.0,0.0,0.0,0.0,0.0,0.0,K,2,2026-08-22_23-06-48,2026-08-23
1.0,1.0,0.0,0.0,0.013422818791946308,1.0,1.0,1.0,1.0,1.0,1.0,0.0,0.0,0.0,0.0,0.0,0.0,K,2,2026-08-22_23-06-48,2026-08-23
1.0,1.0,0.0,0.0,0.1342281879194631,1.0,1.0,1.0,1.0,1.0,1.0,0.0,0.0,0.0,0.0,0.0,0.0,K,2,2026-08-22_23-06-48,2026-08-23
1.0,1.0,0.0,0.2903225806451613,0.12080536912751678,1.0,1.0,1.0,1.0,1.0,1.0,0.0,0.0,0.0,0.0,0.0,0.0,K,2,2026-08-22_23-06-48,2026-08-23
1.0,1.0,0.0,0.0,0.0,1.0,1.0,1.0,1.0,1.0,1.0,0.0,0.0,0.0,0.0,0.0,0.0,K,2,2026-08-22_23-06-48,2026-08-23
1.0,1.0,0.0,0.3778801843317972,0.2684563758389262,1.0,1.0,1.0,1.0,1.0,1.0,0.0,0.0,0.0,0.0,0.0,0.0,K,2,2026-08-22_23-06-48,2026-08-23
1.0,1.0,0.0,0.0,0.1476510067114094,1.0,1.0,1.0,1.0,1.0,1.0,0.0,0.0,0.0,0.0,0.0,0.0,K,2,2026-08-22_23-06-48,2026-08-23
1.0,1.0,0.0,0.0,0.09395973154362416,1.0,1.0,1.0,1.0,1.0,1.0,0.0,0.0,0.0,0.0,0.0,0.0,K,2,2026-08-22_23-06-48,2026-08-23
1.0,1.0,0.0,0.0,0.2953020134228188,1.0,1.0,1.0,1.0,1.0,1.0,0.0,0.0,0.0,0.0,0.0,0.0,K,2,2026-08-22_23-06-48,2026-08-23
1.0,1.0,0.0,0.0,0.0,1.0,1.0,1.0,1.0,1.0,1.0,0.0,0.0,0.0,0.0,0.0,0.0,K,2,2026-08-22_23-06-48,2026-08-23
1.0,1.0,0.0,0.004608294930875576,0.42953020134228187,1.0,1.0,1.0,1.0,1.0,1.0,0.0,0.0,0.0,0.0,0.0,0.0,K,2,2026-08-22_23-06-48,2026-08-23
0.9636363636363636,1.0,0.0,0.0,0.2684563758389262,1.0,1.0,1.0,1.0,1.0,1.0,0.0,0.0,0.0,0.0,0.0,0.0,K,2,2026-08-22_23-06-48,2026-08-23
1.0,1.0,0.0,0.0,0.22818791946308725,1.0,1.0,1.0,1.0,1.0,1.0,0.0,0.0,0.0,0.0,0.0,0.0,K,2,2026-08-22_23-06-48,2026-08-23
1.0,1.0,0.0,0.0,0.20134228187919462,1.0,1.0,1.0,1.0,1.0,1.0,0.0,0.0,0.0,0.0,0.0,0.0,K,2,2026-08-22_23-06-48,2026-08-23
0.9272727272727272,1.0,0.0,0.0,0.42953020134228187,1.0,1.0,1.0,1.0,1.0,1.0,0.0,0.0,0.0,0.0,0.0,0.0,K,2,2026-08-22_23-06-48,2026-08-23
0.9890909090909091,1.0,0.0,0.07373271889400922,0.0,1.0,1.0,1.0,1.0,1.0,1.0,0.0,0.0,0.0,0.0,0.0,0.0,K,2,2026-08-22_23-06-48,2026-08-23
1.0,1.0,0.0,0.0,0.174496644295302,1.0,1.0,1.0,1.0,1.0,1.0,0.0,0.0,0.0,0.0,0.0,0.0,K,2,2026-08-22_23-06-48,2026-08-23
1.0,1.0,0.0,0.1336405529953917,0.06711409395973154,1.0,1.0,1.0,1.0,1.0,1.0,0.0,0.0,0.0,0.0,0.0,0.0,K,2,2026-08-22_23-06-48,2026-08-23
1.0,1.0,0.0,0.0,0.348993288590604,1.0,1.0,1.0,1.0,1.0,1.0,0.0,0.0,0.0,0.0,0.0,0.0,K,2,2026-08-22_23-06-48,2026-08-23
0.9945454545454545,1.0,0.0,0.21658986175115208,0.0,1.0,1.0,1.0,1.0,1.0,1.0,0.0,0.0,0.0,0.0,0.0,0.0,K,2,2026-08-22_23-06-48,2026-08-23
1.0,1.0,0.0,0.16129032258064516,0.18791946308724833,1.0,1.0,1.0,1.0,1.0,1.0,0.0,0.0,0.0,0.0,0.0,0.0,K,2,2026-08-22_23-06-48,2026-08-23
1.0,1.0,0.0,0.31797235023041476,0.2684563758389262,1.0,1.0,1.0,1.0,1.0,1.0,0.0,0.0,0.0,0.0,0.0,0.0,K,2,2026-08-22_23-06-48,2026-08-23
1.0,0.6700680272108843,0.0,1.0,0.0,1.0,1.0,1.0,1.0,1.0,1.0,0.0,0.0,0.0,0.0,0.0,0.0,K,3,2026-08-22_23-06-48,2026-08-23
1.0,0.7312925170068028,0.0,1.0,0.3087248322147651,1.0,1.0,1.0,1.0,1.0,1.0,0.0,0.0,0.0,0.0,0.0,0.0,K,3,2026-08-22_23-06-48,2026-08-23
0.9690909090909091,0.8537414965986394,0.0,1.0,0.2953020134228188,1.0,1.0,1.0,1.0,1.0,1.0,0.0,0.0,0.0,0.0,0.0,0.0,K,3,2026-08-22_23-06-48,2026-08-23
1.0,0.858843537414966,0.0,1.0,0.0,1.0,1.0,1.0,1.0,1.0,1.0,0.0,0.0,0.0,0.0,0.0,0.0,K,3,2026-08-22_23-06-48,2026-08-23
1.0,0.6343537414965986,0.0,1.0,0.2684563758389262,1.0,1.0,1.0,1.0,1.0,1.0,0.0,0.0,0.0,0.0,0.0,0.0,K,3,2026-08-22_23-06-48,2026-08-23
0.88,0.8928571428571429,0.0,1.0,0.3624161073825503,1.0,1.0,1.0,1.0,1.0,1.0,0.0,0.0,0.0,0.0,0.0,0.0,K,3,2026-08-22_23-06-48,2026-08-23
1.0,0.7465986394557823,0.0,1.0,0.0,1.0,1.0,1.0,1.0,1.0,1.0,0.0,0.0,0.0,0.0,0.0,0.0,K,3,2026-08-22_23-06-48,2026-08-23
0.9236363636363636,0.8418367346938775,0.0,1.0,0.0,1.0,1.0,1.0,1.0,1.0,1.0,0.0,0.0,0.0,0.0,0.0,0.0,K,3,2026-08-22_23-06-48,2026-08-23
1.0,0.7363945578231292,0.0,1.0,0.4161073825503356,1.0,1.0,1.0,1.0,1.0,1.0,0.0,0.0,0.0,0.0,0.0,0.0,K,3,2026-08-22_23-06-48,2026-08-23
1.0,0.7993197278911565,0.0,1.0,0.37583892617449666,1.0,1.0,1.0,1.0,1.0,1.0,0.0,0.0,0.0,0.0,0.0,0.0,K,3,2026-08-22_23-06-48,2026-08-23
0.9890909090909091,0.7091836734693877,0.0,1.0,0.4563758389261745,1.0,1.0,1.0,1.0,1.0,1.0,0.0,0.0,0.0,0.0,0.0,0.0,K,3,2026-08-22_23-06-48,2026-08-23
1.0,0.7295918367346939,0.0,1.0,0.3221476510067114,1.0,1.0,1.0,1.0,1.0,1.0,0.0,0.0,0.0,0.0,0.0,0.0,K,3,2026-08-22_23-06-48,2026-08-23
0.9927272727272727,0.7448979591836735,0.0,1.0,0.37583892617449666,1.0,1.0,1.0,1.0,1.0,1.0,0.0,0.0,0.0,0.0,0.0,0.0,K,3,2026-08-22_23-06-48,2026-08-23
0.9581818181818181,0.7142857142857143,0.0,1.0,0.0,1.0,1.0,1.0,1.0,1.0,1.0,0.0,0.0,0.0,0.0,0.0,0.0,K,3,2026-08-22_23-06-48,2026-08-23
1.0,0.9166666666666666,0.0,1.0,0.0,1.0,1.0,1.0,1.0,1.0,1.0,0.0,0.0,0.0,0.0,0.0,0.0,K,3,2026-08-22_23-06-48,2026-08-23
1.0,0.7210884353741497,0.0,1.0,0.0,1.0,1.0,1.0,1.0,1.0,1.0,0.0,0.0,0.0,0.0,0.0,0.0,K,3,2026-08-22_23-06-48,2026-08-23
1.0,0.8758503401360545,0.0,1.0,0.0,1.0,1.0,1.0,1.0,1.0,1.0,0.0,0.0,0.0,0.0,0.0,0.0,K,3,2026-08-22_23-06-48,2026-08-23
1.0,0.7670068027210885,0.0,1.0,0.0,1.0,1.0,1.0,1.0,1.0,1.0,0.0,0.0,0.0,0.0,0.0,0.0,K,3,2026-08-22_23-06-48,2026-08-23
1.0,0.9387755102040817,0.0,1.0,0.0,1.0,1.0,1.0,1.0,1.0,1.0,0.0,0.0,0.0,0.0,0.0,0.0,K,3,2026-08-22_23-06-48,2026-08-23
1.0,0.9098639455782312,0.0,1.0,0.0,1.0,1.0,1.0,1.0,1.0,1.0,0.0,0.0,0.0,0.0,0.0,0.0,K,3,2026-08-22_23-06-48,2026-08-23
1.0,0.6989795918367347,0.0,1.0,1.0,1.0,1.0,1.0,1.0,1.0,1.0,0.0,0.0,0.0,0.0,0.0,0.0,K,3,2026-08-22_23-06-48,2026-08-23
1.0,0.9251700680272109,0.0,1.0,0.28187919463087246,1.0,1.0,1.0,1.0,1.0,1.0,0.0,0.0,0.0,0.0,0.0,0.0,K,3,2026-08-22_23-06-48,2026-08-23
1.0,0.7142857142857143,0.0,1.0,0.0,1.0,1.0,1.0,1.0,1.0,1.0,0.0,0.0,0.0,0.0,0.0,0.0,K,3,2026-08-22_23-06-48,2026-08-23
1.0,0.8537414965986394,0.0,1.0,0.8053691275167785,1.0,1.0,1.0,1.0,1.0,1.0,0.0,0.0,0.0,0.0,0.0,0.0,K,3,2026-08-22_23-06-48,2026-08-23
0.9309090909090909,0.9336734693877551,0.0,1.0,0.40268456375838924,1.0,1.0,1.0,1.0,1.0,1.0,0.0,0.0,0.0,0.0,0.0,0.0,K,3,2026-08-22_23-06-48,2026-08-23
1.0,0.9812925170068028,0.0,1.0,0.2684563758389262,1.0,1.0,1.0,1.0,1.0,1.0,0.0,0.0,0.0,0.0,0.0,0.0,K,3,2026-08-22_23-06-48,2026-08-23
1.0,1.0,0.0,1.0,0.1476510067114094,1.0,1.0,1.0,1.0,1.0,1.0,0.0,0.0,0.0,0.0,0.0,0.0,K,3,2026-08-22_23-06-48,2026-08-23
1.0,1.0,0.0,1.0,0.48322147651006714,1.0,1.0,1.0,1.0,1.0,1.0,0.0,0.0,0.0,0.0,0.0,0.0,K,3,2026-08-22_23-06-48,2026-08-23
0.9727272727272728,0.7619047619047619,0.0,1.0,0.4429530201342282,1.0,1.0,1.0,1.0,1.0,1.0,0.0,0.0,0.0,0.0,0.0,0.0,K,3,2026-08-22_23-06-48,2026-08-23
1.0,0.8792517006802721,0.0,1.0,0.0,1.0,1.0,1.0,1.0,1.0,1.0,0.0,0.0,0.0,0.0,0.0,0.0,K,3,2026-08-22_23-06-48,2026-08-23
0.9690909090909091,0.8095238095238095,0.0,1.0,0.21476510067114093,1.0,1.0,1.0,1.0,1.0,1.0,0.0,0.0,0.0,0.0,0.0,0.0,K,3,2026-08-22_23-06-48,2026-08-23
0.9618181818181818,0.5867346938775511,0.0,1.0,0.28187919463087246,1.0,1.0,1.0,1.0,1.0,1.0,0.0,0.0,0.0,0.0,0.0,0.0,K,3,2026-08-22_23-06-48,2026-08-23
0.94,0.6462585034013606,0.0,1.0,0.10738255033557047,1.0,1.0,1.0,1.0,1.0,1.0,0.0,0.0,0.0,0.0,0.0,0.0,K,3,2026-08-22_23-06-48,2026-08-23
1.0,0.7891156462585034,0.0,1.0,0.0,1.0,1.0,1.0,1.0,1.0,1.0,0.0,0.0,0.0,0.0,0.0,0.0,K,3,2026-08-22_23-06-48,2026-08-23
1.0,1.0,0.0,1.0,0.0,1.0,1.0,1.0,1.0,1.0,1.0,0.0,0.0,0.0,0.0,0.0,0.0,K,3,2026-08-22_23-06-48,2026-08-23
1.0,1.0,0.0,1.0,0.1476510067114094,1.0,1.0,1.0,1.0,1.0,1.0,0.0,0.0,0.0,0.0,0.0,0.0,K,3,2026-08-22_23-06-48,2026-08-23
1.0,1.0,0.0,1.0,0.0,1.0,1.0,1.0,1.0,1.0,1.0,0.0,0.0,0.0,0.0,0.0,0.0,K,3,2026-08-22_23-06-48,2026-08-23
1.0,1.0,0.0,1.0,0.8053691275167785,1.0,1.0,1.0,1.0,1.0,1.0,0.0,0.0,0.0,0.0,0.0,0.0,K,3,2026-08-22_23-06-48,2026-08-23
0.88,1.0,0.0,1.0,0.013422818791946308,1.0,1.0,1.0,1.0,1.0,1.0,0.0,0.0,0.0,0.0,0.0,0.0,K,3,2026-08-22_23-06-48,2026-08-23
0.9981818181818182,1.0,0.0,1.0,0.0,1.0,1.0,1.0,1.0,1.0,1.0,0.0,0.0,0.0,0.0,0.0,0.0,K,3,2026-08-22_23-06-48,2026-08-23
1.0,1.0,0.0,1.0,0.3624161073825503,1.0,1.0,1.0,1.0,1.0,1.0,0.0,0.0,0.0,0.0,0.0,0.0,K,4,2026-08-22_23-06-48,2026-08-23
1.0,1.0,0.0,1.0,0.22818791946308725,1.0,1.0,1.0,1.0,1.0,1.0,0.0,0.0,0.0,0.0,0.0,0.0,K,4,2026-08-22_23-06-48,2026-08-23
1.0,1.0,0.0,1.0,0.0,1.0,1.0,1.0,1.0,1.0,1.0,0.0,0.0,0.0,0.0,0.0,0.0,K,4,2026-08-22_23-06-48,2026-08-23
1.0,1.0,0.0,1.0,0.2953020134228188,1.0,1.0,1.0,1.0,1.0,1.0,0.0,0.0,0.0,0.0,0.0,0.0,K,4,2026-08-22_23-06-48,2026-08-23
0.9945454545454545,1.0,0.0,1.0,0.0,1.0,1.0,1.0,1.0,1.0,1.0,0.0,0.0,0.0,0.0,0.0,0.0,K,4,2026-08-22_23-06-48,2026-08-23
1.0,1.0,0.0,1.0,0.0,1.0,1.0,1.0,1.0,1.0,1.0,0.0,0.0,0.0,0.0,0.0,0.0,K,4,2026-08-22_23-06-48,2026-08-23
1.0,1.0,0.0,1.0,0.8053691275167785,1.0,1.0,1.0,1.0,1.0,1.0,0.0,0.0,0.0,0.0,0.0,0.0,K,4,2026-08-22_23-06-48,2026-08-23
0.9272727272727272,1.0,0.0,1.0,0.0,1.0,1.0,1.0,1.0,1.0,1.0,0.0,0.0,0.0,0.0,0.0,0.0,K,4,2026-08-22_23-06-48,2026-08-23
1.0,1.0,0.0,1.0,0.013422818791946308,1.0,1.0,1.0,1.0,1.0,1.0,0.0,0.0,0.0,0.0,0.0,0.0,K,4,2026-08-22_23-06-48,2026-08-23
1.0,1.0,0.0,1.0,0.10738255033557047,1.0,1.0,1.0,1.0,1.0,1.0,0.0,0.0,0.0,0.0,0.0,0.0,K,4,2026-08-22_23-06-48,2026-08-23
0.9509090909090909,1.0,0.0,1.0,0.08053691275167785,1.0,1.0,1.0,1.0,1.0,1.0,0.0,0.0,0.0,0.0,0.0,0.0,K,4,2026-08-22_23-06-48,2026-08-23
1.0,1.0,0.0,1.0,0.06711409395973154,1.0,1.0,1.0,1.0,1.0,1.0,0.0,0.0,0.0,0.0,0.0,0.0,K,4,2026-08-22_23-06-48,2026-08-23
0.9727272727272728,1.0,0.0,1.0,0.0,1.0,1.0,1.0,1.0,1.0,1.0,0.0,0.0,0.0,0.0,0.0,0.0,K,4,2026-08-22_23-06-48,2026-08-23
1.0,1.0,0.0,1.0,0.0,1.0,1.0,1.0,1.0,1.0,1.0,0.0,0.0,0.0,0.0,0.0,0.0,K,4,2026-08-22_23-06-48,2026-08-23
0.9981818181818182,1.0,0.0,1.0,0.0,1.0,1.0,1.0,1.0,1.0,1.0,0.0,0.0,0.0,0.0,0.0,0.0,K,4,2026-08-22_23-06-48,2026-08-23
0.9490909090909091,1.0,0.0,1.0,0.38926174496644295,1.0,1.0,1.0,1.0,1.0,1.0,0.0,0.0,0.0,0.0,0.0,0.0,K,4,2026-08-22_23-06-48,2026-08-23
1.0,1.0,0.0,1.0,0.8053691275167785,1.0,1.0,1.0,1.0,1.0,1.0,0.0,0.0,0.0,0.0,0.0,0.0,K,4,2026-08-22_23-06-48,2026-08-23
0.9654545454545455,1.0,0.0,1.0,0.0,1.0,1.0,1.0,1.0,1.0,1.0,0.0,0.0,0.0,0.0,0.0,0.0,K,4,2026-08-22_23-06-48,2026-08-23
1.0,1.0,0.0,1.0,0.0,1.0,1.0,1.0,1.0,1.0,1.0,0.0,0.0,0.0,0.0,0.0,0.0,K,4,2026-08-22_23-06-48,2026-08-23
0.9454545454545454,1.0,0.0,1.0,0.0,1.0,1.0,1.0,1.0,1.0,1.0,0.0,0.0,0.0,0.0,0.0,0.0,K,4,2026-08-22_23-06-48,2026-08-23
0.9709090909090909,1.0,0.0,1.0,0.1476510067114094,1.0,1.0,1.0,1.0,1.0,1.0,0.0,0.0,0.0,0.0,0.0,0.0,K,4,2026-08-22_23-06-48,2026-08-23
1.0,1.0,0.0,1.0,0.1342281879194631,1.0,1.0,1.0,1.0,1.0,1.0,0.0,0.0,0.0,0.0,0.0,0.0,K,4,2026-08-22_23-06-48,2026-08-23
0.9,1.0,0.0,1.0,0.0,1.0,1.0,1.0,1.0,1.0,1.0,0.0,0.0,0.0,0.0,0.0,0.0,K,4,2026-08-22_23-06-48,2026-08-23
0.94,1.0,0.0,1.0,0.21476510067114093,1.0,1.0,1.0,1.0,1.0,1.0,0.0,0.0,0.0,0.0,0.0,0.0,K,4,2026-08-22_23-06-48,2026-08-23
1.0,1.0,0.0,1.0,0.8053691275167785,1.0,1.0,1.0,1.0,1.0,1.0,0.0,0.0,0.0,0.0,0.0,0.0,K,4,2026-08-22_23-06-48,2026-08-23
1.0,1.0,0.0,1.0,0.053691275167785234,1.0,1.0,1.0,1.0,1.0,1.0,0.0,0.0,0.0,0.0,0.0,0.0,K,4,2026-08-22_23-06-48,2026-08-23
0.9072727272727272,1.0,0.0,1.0,0.3087248322147651,1.0,1.0,1.0,1.0,1.0,1.0,0.0,0.0,0.0,0.0,0.0,0.0,K,4,2026-08-22_23-06-48,2026-08-23
1.0,1.0,0.0,1.0,0.8053691275167785,1.0,1.0,1.0,1.0,1.0,1.0,0.0,0.0,0.0,0.0,0.0,0.0,K,4,2026-08-22_23-06-48,2026-08-23
0.8745454545454545,1.0,0.0,1.0,0.4429530201342282,1.0,1.0,1.0,1.0,1.0,1.0,0.0,0.0,0.0,0.0,0.0,0.0,K,4,2026-08-22_23-06-48,2026-08-23
0.9690909090909091,1.0,0.0,1.0,0.0,1.0,1.0,1.0,1.0,1.0,1.0,0.0,0.0,0.0,0.0,0.0,0.0,K,4,2026-08-22_23-06-48,2026-08-23
0.9981818181818182,1.0,0.0,1.0,0.0,1.0,1.0,1.0,1.0,1.0,1.0,0.0,0.0,0.0,0.0,0.0,0.0,K,4,2026-08-22_23-06-48,2026-08-23
0.9636363636363636,1.0,0.0,1.0,0.1610738255033557,1.0,1.0,1.0,1.0,1.0,1.0,0.0,0.0,0.0,0.0,0.0,0.0,K,4,2026-08-22_23-06-48,2026-08-23
1.0,1.0,0.0,1.0,0.0,1.0,1.0,1.0,1.0,1.0,1.0,0.0,0.0,0.0,0.0,0.0,0.0,K,4,2026-08-22_23-06-48,2026-08-23
1.0,1.0,0.0,1.0,0.18791946308724833,1.0,1.0,1.0,1.0,1.0,1.0,0.0,0.0,0.0,0.0,0.0,0.0,K,4,2026-08-22_23-06-48,2026-08-23
0.8618181818181818,1.0,0.0,1.0,0.0,1.0,1.0,1.0,1.0,1.0,1.0,0.0,0.0,0.0,0.0,0.0,0.0,K,4,2026-08-22_23-06-48,2026-08-23
0.98,1.0,0.0,1.0,0.0,1.0,1.0,1.0,1.0,1.0,1.0,0.0,0.0,0.0,0.0,0.0,0.0,K,4,2026-08-22_23-06-48,2026-08-23
1.0,1.0,0.0,1.0,0.053691275167785234,1.0,1.0,1.0,1.0,1.0,1.0,0.0,0.0,0.0,0.0,0.0,0.0,K,4,2026-08-22_23-06-48,2026-08-23
1.0,1.0,0.0,1.0,0.10738255033557047,1.0,1.0,1.0,1.0,1.0,1.0,0.0,0.0,0.0,0.0,0.0,0.0,K,4,2026-08-22_23-06-48,2026-08-23
0.9145454545454546,1.0,0.0,1.0,0.8053691275167785,1.0,1.0,1.0,1.0,1.0,1.0,0.0,0.0,0.0,0.0,0.0,0.0,K,4,2026-08-22_23-06-48,2026-08-23
0.8963636363636364,1.0,0.0,1.0,0.0,1.0,1.0,1.0,1.0,1.0,1.0,0.0,0.0,0.0,0.0,0.0,0.0,K,4,2026-08-22_23-06-48,2026-08-23
1.0,0.8469387755102041,0.8284671532846716,0.0,0.12080536912751678,1.0,1.0,1.0,1.0,1.0,1.0,0.539794921875,0.0050048828125,0.0673828125,-0.015411376953125,0.016326904296875,-0.00885009765625,L,0,2026-08-22_23-06-48,2026-08-23
1.0,0.8860544217687075,0.916058394160584,0.0,0.1476510067114094,1.0,1.0,1.0,1.0,1.0,1.0,0.539306640625,0.00830078125,0.085693359375,-0.01947021484375,0.017059326171875,-0.002197265625,L,0,2026-08-22_23-06-48,2026-08-23
1.0,0.9336734693877551,0.8102189781021898,0.0,0.08053691275167785,1.0,1.0,1.0,1.0,1.0,1.0,0.5369873046875,0.015380859375,0.0980224609375,-0.024627685546875,0.015411376953125,0.003204345703125,L,0,2026-08-22_23-06-48,2026-08-23
0.8036363636363636,0.8979591836734694,1.0,0.0,0.0,1.0,1.0,1.0,1.0,1.0,1.0,0.53662109375,0.0244140625,0.10546875,-0.019866943359375,0.0084228515625,0.009307861328125,L,0,2026-08-22_23-06-48,2026-08-23
1.0,0.8656462585034014,1.0,0.0,0.1610738255033557,1.0,1.0,1.0,1.0,1.0,1.0,0.545166015625,0.0228271484375,0.1121826171875,-0.0194091796875,0.002349853515625,0.008026123046875,L,0,2026-08-22_23-06-48,2026-08-23
1.0,0.923469387755102,1.0,0.0,0.38926174496644295,1.0,1.0,1.0,1.0,1.0,1.0,0.5447998046875,0.022216796875,0.1112060546875,-0.01531982421875,-0.005706787109375,0.00732421875,L,0,2026-08-22_23-06-48,2026-08-23
1.0,0.9438775510204082,0.9963503649635036,0.0,0.0,1.0,1.0,1.0,1.0,1.0,1.0,0.5565185546875,0.0240478515625,0.1043701171875,-0.01959228515625,-0.010345458984375,0.00616455078125,L,0,2026-08-22_23-06-48,2026-08-23
0.9418181818181818,0.9081632653061225,1.0,0.0,0.0,1.0,1.0,1.0,1.0,1.0,1.0,0.5582275390625,0.0263671875,0.1068115234375,-0.014373779296875,-0.01531982421875,0.010009765625,L,0,2026-08-22_23-06-48,2026-08-23
1.0,0.9064625850340136,1.0,0.0,0.3624161073825503,1.0,1.0,1.0,1.0,1.0,1.0,0.5633544921875,0.01708984375,0.09765625,-0.01312255859375,-0.02227783203125,0.01519775390625,L,0,2026-08-22_23-06-48,2026-08-23
1.0,0.9608843537414966,1.0,0.0,0.1476510067114094,1.0,1.0,1.0,1.0,1.0,1.0,0.5679931640625,0.0068359375,0.0845947265625,-0.01275634765625,-0.027008056640625,0.01751708984375,L,0,2026-08-22_23-06-48,2026-08-23
0.9818181818181818,0.9183673469387755,0.9927007299270073,0.0,0.8053691275167785,1.0,1.0,1.0,1.0,1.0,1.0,0.5687255859375,-0.0047607421875,0.0693359375,-0.011962890625,-0.022308349609375,0.017120361328125,L,0,2026-08-22_23-06-48,2026-08-23
0.9163636363636364,0.9081632653061225,0.7408759124087592,0.0,0.2684563758389262,1.0,1.0,1.0,1.0,1.0,1.0,0.564697265625,-0.0120849609375,0.0633544921875,-0.017486572265625,-0.01239013671875,0.00726318359375,L,0,2026-08-22_23-06-48,2026-08-23
1.0,0.8537414965986394,0.7956204379562044,0.0,0.20134228187919462,1.0,1.0,1.0,1.0,1.0,1.0,0.55859375,-0.0128173828125,0.0609130859375,-0.01922607421875,-0.00592041015625,0.0009765625,L,0,2026-08-22_23-06-48,2026-08-23
1.0,0.9166666666666666,1.0,0.0,0.0,1.0,1.0,1.0,1.0,1.0,1.0,0.5543212890625,-0.0093994140625,0.0633544921875,-0.022186279296875,-0.001190185546875,-6.103515625e-05,L,0,2026-08-22_23-06-48,2026-08-23
0.9672727272727273,0.8214285714285714,0.7226277372262774,0.0,0.0,1.0,1.0,1.0,1.0,1.0,1.0,0.54443359375,-0.00341796875,0.0709228515625,-0.021087646484375,0.008270263671875,-0.001068115234375,L,0,2026-08-22_23-06-48,2026-08-23
1.0,0.9200680272108843,0.8029197080291971,0.0,0.21476510067114093,1.0,1.0,1.0,1.0,1.0,1.0,0.548583984375,0.0140380859375,0.08935546875,-0.021881103515625,0.016021728515625,-9.1552734375e-05,L,0,2026-08-22_23-06-48,2026-08-23
1.0,1.0,1.0,0.0,0.40268456375838924,1.0,1.0,1.0,1.0,1.0,1.0,0.5482177734375,0.01708984375,0.099609375,-0.01666259765625,0.015380859375,0.007843017578125,L,0,2026-08-22_23-06-48,2026-08-23
0.8763636363636363,1.0,0.7554744525547445,0.0,0.1476510067114094,1.0,1.0,1.0,1.0,1.0,1.0,0.5479736328125,0.0194091796875,0.1104736328125,-0.016845703125,0.0086669921875,0.0096435546875,L,0,2026-08-22_23-06-48,2026-08-23
1.0,1.0,0.9963503649635036,0.0,0.0,1.0,1.0,1.0,1.0,1.0,1.0,0.5518798828125,0.0145263671875,0.1173095703125,-0.0172119140625,-0.00482177734375,0.010955810546875,L,0,2026-08-22_23-06-48,2026-08-23
1.0,0.9744897959183674,1.0,0.0,0.0,1.0,1.0,1.0,1.0,1.0,1.0,0.5535888671875,0.01220703125,0.110107421875,-0.019378662109375,-0.013458251953125,0.005828857421875,L,0,2026-08-22_23-06-48,2026-08-23
1.0,0.9863945578231292,1.0,0.0,0.013422818791946308,1.0,1.0,1.0,1.0,1.0,1.0,0.56103515625,0.014404296875,0.107666015625,-0.01800537109375,-0.020050048828125,0.0028076171875,L,0,2026-08-22_23-06-48,2026-08-23
0.8927272727272727,1.0,0.8540145985401459,0.0,0.08053691275167785,1.0,1.0,1.0,1.0,1.0,1.0,0.5645751953125,0.019287109375,0.0975341796875,-0.01605224609375,-0.0235595703125,0.00311279296875,L,0,2026-08-22_23-06-48,2026-08-23
0.9309090909090909,1.0,0.8832116788321168,0.0,0.0,1.0,1.0,1.0,1.0,1.0,1.0,0.564697265625,0.014404296875,0.0850830078125,-0.01202392578125,-0.020843505859375,0.005096435546875,L,0,2026-08-22_23-06-48,2026-08-23
0.9218181818181819,1.0,0.6313868613138686,0.0,0.42953020134228187,1.0,1.0,1.0,1.0,1.0,1.0,0.569091796875,0.0086669921875,0.0775146484375,-0.01226806640625,-0.020263671875,0.0086669921875,L,0,2026-08-22_23-06-48,2026-08-23
0.8818181818181818,0.9166666666666666,0.8321167883211679,0.0,0.0,1.0,1.0,1.0,1.0,1.0,1.0,0.568603515625,-0.0064697265625,0.07080078125,-0.016632080078125,-0.023101806640625,0.00982666015625,L,0,2026-08-22_23-06-48,2026-08-23
1.0,0.79421768707483,1.0,0.0,0.0,1.0,1.0,1.0,1.0,1.0,1.0,0.552978515625,-0.0146484375,0.061767578125,-0.025787353515625,-0.021759033203125,0.000640869140625,L,0,2026-08-22_23-06-48,2026-08-23
0.94,0.9625850340136054,0.8175182481751825,0.0,0.42953020134228187,1.0,1.0,1.0,1.0,1.0,1.0,0.5423583984375,-0.0072021484375,0.0625,-0.025970458984375,-0.0081787109375,-0.00384521484375,L,0,2026-08-22_23-06-48,2026-08-23
0.9981818181818182,0.8231292517006803,0.927007299270073,0.0,0.0,1.0,1.0,1.0,1.0,1.0,1.0,0.5394287109375,0.004150390625,0.0697021484375,-0.01837158203125,0.008636474609375,0.000701904296875,L,0,2026-08-22_23-06-48,2026-08-23
0.9145454545454546,1.0,0.9744525547445255,0.0,0.0,1.0,1.0,1.0,1.0,1.0,1.0,0.538818359375,0.0076904296875,0.079833984375,-0.01226806640625,0.01849365234375,0.005706787109375,L,0,2026-08-22_23-06-48,2026-08-23
0.9,1.0,0.7481751824817519,0.0,0.2953020134228188,1.0,1.0,1.0,1.0,1.0,1.0,0.5458984375,0.010986328125,0.09765625,-0.01708984375,0.015533447265625,0.010284423828125,L,0,2026-08-22_23-06-48,2026-08-23
1.0,0.7755102040816326,0.9343065693430657,0.0,0.0,1.0,1.0,1.0,1.0,1.0,1.0,0.545654296875,0.0123291015625,0.1068115234375,-0.024169921875,0.005889892578125,0.01513671875,L,0,2026-08-22_23-06-48,2026-08-23
0.9636363636363636,0.9370748299319728,1.0,0.0,0.053691275167785234,1.0,1.0,1.0,1.0,1.0,1.0,0.54345703125,0.012451171875,0.115234375,-0.024322509765625,-0.0006103515625,0.018585205078125,L,0,2026-08-22_23-06-48,2026-08-23
1.0,0.8537414965986394,1.0,0.0,0.1476510067114094,1.0,1.0,1.0,1.0,1.0,1.0,0.5499267578125,0.01123046875,0.119140625,-0.014251708984375,-0.009185791015625,0.019378662109375,L,0,2026-08-22_23-06-48,2026-08-23
0.9818181818181818,0.8248299319727891,1.0,0.0,0.0,1.0,1.0,1.0,1.0,1.0,1.0,0.5565185546875,0.0089111328125,0.1063232421875,-0.00482177734375,-0.012481689453125,0.0164794921875,L,0,2026-08-22_23-06-48,2026-08-23
0.9472727272727273,0.9727891156462585,0.8503649635036497,0.0,0.22818791946308725,1.0,1.0,1.0,1.0,1.0,1.0,0.5657958984375,0.019775390625,0.097900390625,0.004547119140625,-0.015716552734375,0.016693115234375,L,0,2026-08-22_23-06-48,2026-08-23
0.9527272727272728,1.0,0.7116788321167883,0.0,0.48322147651006714,1.0,1.0,1.0,1.0,1.0,1.0,0.574462890625,0.002685546875,0.0953369140625,0.011688232421875,-0.02679443359375,0.018096923828125,L,0,2026-08-22_23-06-48,2026-08-23
0.8727272727272727,0.9778911564625851,0.44525547445255476,0.0,0.1476510067114094,1.0,1.0,1.0,1.0,1.0,1.0,0.5767822265625,0.00634765625,0.088134765625,0.00830078125,-0.0406494140625,0.0181884765625,L,0,2026-08-22_23-06-48,2026-08-23
0.92,0.9591836734693877,0.9306569343065694,0.0,0.42953020134228187,1.0,1.0,1.0,1.0,1.0,1.0,0.5762939453125,-0.0125732421875,0.0689697265625,-0.0079345703125,-0.03741455078125,0.011962890625,L,0,2026-08-22_23-06-48,2026-08-23
1.0,0.9404761904761905,0.8722627737226277,0.0,0.4966442953020134,1.0,1.0,1.0,1.0,1.0,1.0,0.5654296875,-0.0076904296875,0.0565185546875,-0.02655029296875,-0.028594970703125,0.002197265625,L,0,2026-08-22_23-06-48,2026-08-23
1.0,0.8724489795918368,1.0,0.0,0.0,1.0,1.0,1.0,1.0,1.0,1.0,0.5526123046875,-0.0145263671875,0.050537109375,-0.022796630859375,-0.0084228515625,-0.001861572265625,L,0,2026-08-22_23-06-48,2026-08-23
0.9927272727272727,0.79421768707483,0.8175182481751825,0.0,0.08053691275167785,1.0,1.0,1.0,1.0,1.0,1.0,0.542236328125,-0.0008544921875,0.1181640625,-0.025604248046875,-0.013580322265625,-0.009857177734375,L,1,2026-08-22_23-06-48,2026-08-23
0.9581818181818181,0.8996598639455783,1.0,0.0,0.0,1.0,1.0,1.0,1.0,1.0,1.0,0.5379638671875,-0.0009765625,0.1104736328125,-0.010040283203125,-0.008026123046875,-0.005767822265625,L,1,2026-08-22_23-06-48,2026-08-23
0.9945454545454545,0.7959183673469388,1.0,0.0,0.1610738255033557,1.0,1.0,1.0,1.0,1.0,1.0,0.5538330078125,0.0072021484375,0.11767578125,-0.020782470703125,-0.003875732421875,-0.00921630859375,L,1,2026-08-22_23-06-48,2026-08-23
0.9436363636363636,0.8877551020408163,0.8540145985401459,0.0,0.1342281879194631,1.0,1.0,1.0,1.0,1.0,1.0,0.5499267578125,0.0145263671875,0.1160888671875,-0.014862060546875,-0.0042724609375,-0.005828857421875,L,1,2026-08-22_23-06-48,2026-08-23
0.990909090909091,0.8690476190476191,1.0,0.0,0.1610738255033557,1.0,1.0,1.0,1.0,1.0,1.0,0.5511474609375,0.027587890625,0.11572265625,-0.018768310546875,-0.009796142578125,-9.1552734375e-05,L,1,2026-08-22_23-06-48,2026-08-23
1.0,0.9506802721088435,1.0,0.0,0.4161073825503356,1.0,1.0,1.0,1.0,1.0,1.0,0.548095703125,0.027099609375,0.1156005859375,-0.01654052734375,-0.01055908203125,0.00994873046875,L,1,2026-08-22_23-06-48,2026-08-23
1.0,0.8690476190476191,0.9927007299270073,0.0,0.1342281879194631,1.0,1.0,1.0,1.0,1.0,1.0,0.5477294921875,0.011474609375,0.1129150390625,-0.020965576171875,-0.009979248046875,0.01092529296875,L,1,2026-08-22_23-06-48,2026-08-23
1.0,0.923469387755102,0.7773722627737226,0.0,0.174496644295302,1.0,1.0,1.0,1.0,1.0,1.0,0.55126953125,0.009521484375,0.113037109375,-0.02581787109375,-0.0137939453125,0.01007080078125,L,1,2026-08-22_23-06-48,2026-08-23
1.0,0.7721088435374149,1.0,0.0,0.0,1.0,1.0,1.0,1.0,1.0,1.0,0.544677734375,0.00244140625,0.1072998046875,-0.022796630859375,-0.006561279296875,0.007537841796875,L,1,2026-08-22_23-06-48,2026-08-23
1.0,0.7857142857142857,1.0,0.0,0.0,1.0,1.0,1.0,1.0,1.0,1.0,0.5540771484375,-0.00048828125,0.115966796875,-0.024261474609375,-0.009735107421875,0.006591796875,L,1,2026-08-22_23-06-48,2026-08-23
1.0,0.7006802721088435,1.0,0.0,0.0,1.0,1.0,1.0,1.0,1.0,1.0,0.5546875,0.00048828125,0.1126708984375,-0.013641357421875,-0.008575439453125,0.004791259765625,L,1,2026-08-22_23-06-48,2026-08-23
1.0,0.7482993197278912,1.0,0.0,0.0,1.0,1.0,1.0,1.0,1.0,1.0,0.5484619140625,-0.00146484375,0.1123046875,-0.013031005859375,-0.011444091796875,0.006500244140625,L,1,2026-08-22_23-06-48,2026-08-23
1.0,0.8367346938775511,0.8978102189781022,0.0,0.33557046979865773,1.0,1.0,1.0,1.0,1.0,1.0,0.5511474609375,-0.001708984375,0.107177734375,-0.015777587890625,-0.005523681640625,0.000823974609375,L,1,2026-08-22_23-06-48,2026-08-23
1.0,0.7959183673469388,1.0,0.0,0.013422818791946308,1.0,1.0,1.0,1.0,1.0,1.0,0.552978515625,0.0067138671875,0.1064453125,-0.008636474609375,-0.0050048828125,0.003509521484375,L,1,2026-08-22_23-06-48,2026-08-23
0.9109090909090909,0.9183673469387755,0.9671532846715328,0.0,0.3624161073825503,1.0,1.0,1.0,1.0,1.0,1.0,0.5450439453125,0.0062255859375,0.09912109375,0.0042724609375,0.016326904296875,0.0018310546875,L,1,2026-08-22_23-06-48,2026-08-23
1.0,0.8180272108843537,0.9087591240875912,0.0,0.0,1.0,1.0,1.0,1.0,1.0,1.0,0.5491943359375,0.0108642578125,0.1036376953125,0.01116943359375,0.033416748046875,0.00482177734375,L,1,2026-08-22_23-06-48,2026-08-23
1.0,0.7857142857142857,1.0,0.0,0.0,1.0,1.0,1.0,1.0,1.0,1.0,0.560546875,0.0010986328125,0.115478515625,0.013702392578125,0.017608642578125,0.009613037109375,L,1,2026-08-22_23-06-48,2026-08-23
1.0,0.7993197278911565,0.9379562043795621,0.0,0.3221476510067114,1.0,1.0,1.0,1.0,1.0,1.0,0.5682373046875,-0.01318359375,0.114990234375,-0.013427734375,0.00018310546875,-0.004119873046875,L,1,2026-08-22_23-06-48,2026-08-23
1.0,0.7534013605442177,0.9854014598540146,0.0,0.42953020134228187,1.0,1.0,1.0,1.0,1.0,1.0,0.5621337890625,0.0042724609375,0.1224365234375,-0.024322509765625,-0.025909423828125,-0.000396728515625,L,1,2026-08-22_23-06-48,2026-08-23
0.9727272727272728,0.8758503401360545,0.9525547445255474,0.0,0.21476510067114093,1.0,1.0,1.0,1.0,1.0,1.0,0.53369140625,-0.0013427734375,0.1041259765625,-0.017333984375,-0.01654052734375,-0.000701904296875,L,1,2026-08-22_23-06-48,2026-08-23
0.9,0.8809523809523809,0.7591240875912408,0.0,0.3221476510067114,1.0,1.0,1.0,1.0,1.0,1.0,0.542724609375,0.01171875,0.1083984375,-0.015899658203125,-0.002105712890625,-0.002197265625,L,1,2026-08-22_23-06-48,2026-08-23
1.0,0.7227891156462585,1.0,0.0,0.0,1.0,1.0,1.0,1.0,1.0,1.0,0.5592041015625,0.010986328125,0.1165771484375,-0.013916015625,0.0032958984375,-0.000579833984375,L,1,2026-08-22_23-06-48,2026-08-23
1.0,0.7670068027210885,1.0,0.0,0.1610738255033557,1.0,1.0,1.0,1.0,1.0,1.0,0.5560302734375,0.0052490234375,0.114990234375,-0.020843505859375,-0.018707275390625,0.001434326171875,L,1,2026-08-22_23-06-48,2026-08-23
0.9727272727272728,0.8452380952380952,1.0,0.0,0.0,1.0,1.0,1.0,1.0,1.0,1.0,0.5416259765625,0.007080078125,0.116943359375,-0.02886962890625,-0.01239013671875,-0.00494384765625,L,1,2026-08-22_23-06-48,2026-08-23
1.0,0.826530612244898,1.0,0.0,0.053691275167785234,1.0,1.0,1.0,1.0,1.0,1.0,0.5496826171875,0.0152587890625,0.12548828125,-0.020843505859375,-0.02099609375,0.010894775390625,L,1,2026-08-22_23-06-48,2026-08-23
0.9963636363636363,0.8996598639455783,0.781021897810219,0.0,0.24161073825503357,1.0,1.0,1.0,1.0,1.0,1.0,0.5377197265625,0.002685546875,0.117431640625,-0.024749755859375,-0.018402099609375,0.010711669921875,L,1,2026-08-22_23-06-48,2026-08-23
1.0,0.7755102040816326,1.0,0.0,0.28187919463087246,1.0,1.0,1.0,1.0,1.0,1.0,0.5506591796875,0.00830078125,0.1201171875,-0.02545166015625,-0.013671875,0.007110595703125,L,1,2026-08-22_23-06-48,2026-08-23
1.0,0.8622448979591837,1.0,0.0,0.0,1.0,1.0,1.0,1.0,1.0,1.0,0.5552978515625,0.0006103515625,0.11474609375,-0.01324462890625,-0.016876220703125,0.009765625,L,1,2026-08-22_23-06-48,2026-08-23
0.9727272727272728,0.7993197278911565,0.7408759124087592,0.0,0.1476510067114094,1.0,1.0,1.0,1.0,1.0,1.0,0.5537109375,0.0047607421875,0.1123046875,-0.022491455078125,-0.016082763671875,0.00567626953125,L,1,2026-08-22_23-06-48,2026-08-23
0.9945454545454545,0.7517006802721088,1.0,0.0,0.20134228187919462,1.0,1.0,1.0,1.0,1.0,1.0,0.541259765625,0.00927734375,0.104736328125,-0.004669189453125,-0.008514404296875,0.0081787109375,L,1,2026-08-22_23-06-48,2026-08-23
1.0,0.9812925170068028,1.0,0.0,0.040268456375838924,1.0,1.0,1.0,1.0,1.0,1.0,0.548828125,0.0086669921875,0.1053466796875,-0.005889892578125,0.00250244140625,0.00750732421875,L,1,2026-08-22_23-06-48,2026-08-23
0.8981818181818182,0.5935374149659864,0.5036496350364964,0.0,0.0,1.0,1.0,1.0,1.0,1.0,1.0,0.5546875,0.009521484375,0.101806640625,-0.004486083984375,0.010223388671875,0.009429931640625,L,1,2026-08-22_23-06-48,2026-08-23
1.0,0.9132653061224489,1.0,0.0,0.0,1.0,1.0,1.0,1.0,1.0,1.0,0.55908203125,0.0,0.1104736328125,-0.01971435546875,-0.000396728515625,0.00701904296875,L,1,2026-08-22_23-06-48,2026-08-23
0.9981818181818182,0.7602040816326531,0.7262773722627737,0.0,0.0,1.0,1.0,1.0,1.0,1.0,1.0,0.5552978515625,0.002197265625,0.11474609375,-0.02447509765625,-0.00927734375,0.005828857421875,L,1,2026-08-22_23-06-48,2026-08-23
0.9781818181818182,0.8231292517006803,0.9927007299270073,0.0,0.8053691275167785,1.0,1.0,1.0,1.0,1.0,1.0,0.54541015625,-0.0020751953125,0.1123046875,-0.019012451171875,-0.010223388671875,0.008697509765625,L,1,2026-08-22_23-06-48,2026-08-23
1.0,0.8282312925170068,1.0,0.0,0.0,1.0,1.0,1.0,1.0,1.0,1.0,0.55029296875,-0.00146484375,0.1219482421875,-0.01971435546875,-0.007415771484375,0.004913330078125,L,1,2026-08-22_23-06-48,2026-08-23
1.0,0.8095238095238095,0.8357664233576643,0.0,0.37583892617449666,1.0,1.0,1.0,1.0,1.0,1.0,0.556884765625,-0.00048828125,0.113525390625,-0.013336181640625,-0.01129150390625,0.0069580078125,L,1,2026-08-22_23-06-48,2026-08-23
1.0,0.7738095238095238,0.9963503649635036,0.0,0.10738255033557047,1.0,1.0,1.0,1.0,1.0,1.0,0.5511474609375,-0.0048828125,0.100830078125,-0.0140380859375,-0.002227783203125,0.00152587890625,L,1,2026-08-22_23-06-48,2026-08-23
0.9436363636363636,0.8333333333333334,1.0,0.0,0.1476510067114094,1.0,1.0,1.0,1.0,1.0,1.0,0.5599365234375,0.0050048828125,0.11328125,-0.014129638671875,-0.01123046875,0.000732421875,L,1,2026-08-22_23-06-48,2026-08-23
0.8836363636363637,0.7619047619047619,0.9854014598540146,0.0,0.0,1.0,1.0,1.0,1.0,1.0,1.0,0.550048828125,0.0028076171875,0.1097412109375,-0.02099609375,-0.018951416015625,0.0015869140625,L,1,2026-08-22_23-06-48,2026-08-23
1.0,0.8690476190476191,1.0,0.0,0.22818791946308725,1.0,1.0,1.0,1.0,1.0,1.0,0.5477294921875,-0.0106201171875,0.114013671875,-0.024749755859375,-0.01226806640625,0.007781982421875,L,2,2026-08-22_23-06-48,2026-08-23
1.0,0.8690476190476191,1.0,0.0,0.013422818791946308,1.0,1.0,1.0,1.0,1.0,1.0,0.5455322265625,-0.0059814453125,0.1180419921875,-0.027191162109375,-0.010101318359375,0.005645751953125,L,2,2026-08-22_23-06-48,2026-08-23
1.0,0.8163265306122449,0.9708029197080292,0.0,0.0,1.0,1.0,1.0,1.0,1.0,1.0,0.5452880859375,-0.008544921875,0.1126708984375,-0.01708984375,0.002685546875,0.0030517578125,L,2,2026-08-22_23-06-48,2026-08-23
0.9090909090909091,0.8622448979591837,0.9197080291970803,0.0,0.18791946308724833,1.0,1.0,1.0,1.0,1.0,1.0,0.5516357421875,-0.01025390625,0.1253662109375,-0.01513671875,0.0059814453125,0.0023193359375,L,2,2026-08-22_23-06-48,2026-08-23
1.0,0.8537414965986394,0.9343065693430657,0.0,0.18791946308724833,1.0,1.0,1.0,1.0,1.0,1.0,0.5509033203125,-0.0145263671875,0.124267578125,-0.0169677734375,-0.00653076171875,0.002593994140625,L,2,2026-08-22_23-06-48,2026-08-23
1.0,0.7619047619047619,1.0,0.0,0.1342281879194631,1.0,1.0,1.0,1.0,1.0,1.0,0.5501708984375,-0.0042724609375,0.1265869140625,-0.02484130859375,-0.012115478515625,0.001678466796875,L,2,2026-08-22_23-06-48,2026-08-23
0.9690909090909091,0.891156462585034,0.8686131386861314,0.0,0.8053691275167785,1.0,1.0,1.0,1.0,1.0,1.0,0.546875,-0.0064697265625,0.1280517578125,-0.021636962890625,-0.014312744140625,0.00372314453125,L,2,2026-08-22_23-06-48,2026-08-23
0.9618181818181818,0.9302721088435374,0.7627737226277372,0.0,0.1610738255033557,1.0,1.0,1.0,1.0,1.0,1.0,0.5467529296875,-0.00048828125,0.125732421875,-0.018951416015625,-0.010040283203125,0.001251220703125,L,2,2026-08-22_23-06-48,2026-08-23
1.0,0.8095238095238095,1.0,0.0,0.0,1.0,1.0,1.0,1.0,1.0,1.0,0.5516357421875,-0.0040283203125,0.1214599609375,-0.01220703125,-0.010528564453125,0.002685546875,L,2,2026-08-22_23-06-48,2026-08-23
1.0,0.7006802721088435,1.0,0.0,0.18791946308724833,1.0,1.0,1.0,1.0,1.0,1.0,0.551513671875,0.0048828125,0.123779296875,-0.016632080078125,-0.010345458984375,0.00360107421875,L,2,2026-08-22_23-06-48,2026-08-23
1.0,0.7448979591836735,1.0,0.0,0.12080536912751678,1.0,1.0,1.0,1.0,1.0,1.0,0.5458984375,-0.004150390625,0.114990234375,-0.010955810546875,-0.004150390625,0.006072998046875,L,2,2026-08-22_23-06-48,2026-08-23
1.0,0.826530612244898,0.9927007299270073,0.0,0.053691275167785234,1.0,1.0,1.0,1.0,1.0,1.0,0.552490234375,-0.0020751953125,0.1248779296875,-0.017974853515625,-0.004486083984375,0.00634765625,L,2,2026-08-22_23-06-48,2026-08-23
1.0,0.7772108843537415,0.9708029197080292,0.0,0.18791946308724833,1.0,1.0,1.0,1.0,1.0,1.0,0.548095703125,-0.005126953125,0.12109375,-0.011993408203125,-0.01068115234375,0.009307861328125,L,2,2026-08-22_23-06-48,2026-08-23
1.0,0.8826530612244898,1.0,0.0,0.0,1.0,1.0,1.0,1.0,1.0,1.0,0.5438232421875,-0.0029296875,0.1226806640625,-0.006011962890625,-0.00897216796875,0.0089111328125,L,2,2026-08-22_23-06-48,2026-08-23
1.0,0.7874149659863946,1.0,0.0,0.174496644295302,1.0,1.0,1.0,1.0,1.0,1.0,0.54443359375,0.0057373046875,0.126953125,0.023406982421875,0.000640869140625,0.014556884765625,L,2,2026-08-22_23-06-48,2026-08-23
0.96,0.8894557823129252,0.843065693430657,0.0,0.2953020134228188,1.0,1.0,1.0,1.0,1.0,1.0,0.5517578125,-0.021484375,0.1153564453125,0.0458984375,0.0068359375,0.0147705078125,L,2,2026-08-22_23-06-48,2026-08-23
0.9290909090909091,0.8758503401360545,0.9671532846715328,0.0,0.33557046979865773,1.0,1.0,1.0,1.0,1.0,1.0,0.553466796875,-0.0311279296875,0.1142578125,-0.000885009765625,0.00604248046875,-0.003936767578125,L,2,2026-08-22_23-06-48,2026-08-23
1.0,0.7142857142857143,1.0,0.0,0.0,1.0,1.0,1.0,1.0,1.0,1.0,0.5511474609375,-0.0013427734375,0.1309814453125,-0.018585205078125,-0.001556396484375,-0.002685546875,L,2,2026-08-22_23-06-48,2026-08-23
0.9581818181818181,0.8996598639455783,0.8102189781021898,0.0,0.2684563758389262,1.0,1.0,1.0,1.0,1.0,1.0,0.5501708984375,-0.00146484375,0.1268310546875,-0.01959228515625,-0.011322021484375,0.01031494140625,L,2,2026-08-22_23-06-48,2026-08-23
1.0,0.7261904761904762,1.0,0.0,0.2684563758389262,1.0,1.0,1.0,1.0,1.0,1.0,0.5390625,-0.0029296875,0.1202392578125,-0.024810791015625,-0.011444091796875,0.013031005859375,L,2,2026-08-22_23-06-48,2026-08-23
1.0,0.8707482993197279,1.0,0.0,0.0,1.0,1.0,1.0,1.0,1.0,1.0,0.552490234375,-0.0029296875,0.127197265625,-0.023468017578125,-0.00531005859375,0.00885009765625,L,2,2026-08-22_23-06-48,2026-08-23
1.0,0.7891156462585034,1.0,0.041474654377880185,0.0,1.0,1.0,1.0,1.0,1.0,1.0,0.5552978515625,-0.0150146484375,0.12451171875,-0.015228271484375,-0.013824462890625,0.006866455078125,L,2,2026-08-22_23-06-48,2026-08-23
1.0,0.7704081632653061,1.0,0.0,0.0,1.0,1.0,1.0,1.0,1.0,1.0,0.5501708984375,-0.0048828125,0.12890625,-0.024444580078125,-0.015380859375,0.003387451171875,L,2,2026-08-22_23-06-48,2026-08-23
1.0,0.9047619047619048,0.9087591240875912,0.0,0.1476510067114094,1.0,1.0,1.0,1.0,1.0,1.0,0.5489501953125,-0.003662109375,0.1248779296875,-0.012420654296875,-0.018951416015625,0.00933837890625,L,2,2026-08-22_23-06-48,2026-08-23
1.0,0.7142857142857143,0.8357664233576643,0.0,0.3221476510067114,1.0,1.0,1.0,1.0,1.0,1.0,0.544677734375,-0.00927734375,0.1156005859375,-0.019866943359375,-0.013336181640625,0.003936767578125,L,2,2026-08-22_23-06-48,2026-08-23
0.9781818181818182,0.7482993197278912,0.8941605839416058,0.0,0.42953020134228187,1.0,1.0,1.0,1.0,1.0,1.0,0.5489501953125,-0.0032958984375,0.115966796875,-0.019866943359375,-0.006134033203125,0.003570556640625,L,2,2026-08-22_23-06-48,2026-08-23
1.0,0.8775510204081632,1.0,0.03225806451612903,0.0,1.0,1.0,1.0,1.0,1.0,1.0,0.55224609375,-0.009033203125,0.1217041015625,-0.01446533203125,-0.004730224609375,0.00567626953125,L,2,2026-08-22_23-06-48,2026-08-23
1.0,1.0,1.0,0.0,0.8859060402684564,1.0,1.0,1.0,1.0,1.0,1.0,0.552734375,-0.0067138671875,0.1239013671875,-0.016326904296875,-0.0108642578125,0.00537109375,L,2,2026-08-22_23-06-48,2026-08-23
1.0,0.6955782312925171,0.7773722627737226,0.0,0.8053691275167785,1.0,1.0,1.0,1.0,1.0,1.0,0.5447998046875,-0.009521484375,0.1165771484375,-0.01995849609375,-0.007354736328125,0.003082275390625,L,2,2026-08-22_23-06-48,2026-08-23
1.0,0.9183673469387755,0.9051094890510949,0.0,0.8053691275167785,1.0,1.0,1.0,1.0,1.0,1.0,0.5494384765625,-0.0045166015625,0.1204833984375,-0.011077880859375,-0.0078125,0.007568359375,L,2,2026-08-22_23-06-48,2026-08-23
1.0,0.8979591836734694,0.8175182481751825,0.0,0.38926174496644295,1.0,1.0,1.0,1.0,1.0,1.0,0.5494384765625,-0.007568359375,0.121337890625,-0.01507568359375,-0.008758544921875,0.006317138671875,L,2,2026-08-22_23-06-48,2026-08-23
0.94,0.8707482993197279,1.0,0.0,0.0,1.0,1.0,1.0,1.0,1.0,1.0,0.5489501953125,-0.009033203125,0.1224365234375,-0.01885986328125,-0.005950927734375,0.0013427734375,L,2,2026-08-22_23-06-48,2026-08-23
1.0,0.8690476190476191,0.9927007299270073,0.0,0.08053691275167785,1.0,1.0,1.0,1.0,1.0,1.0,0.5518798828125,-0.0115966796875,0.1195068359375,-0.021331787109375,-0.011444091796875,0.001190185546875,L,2,2026-08-22_23-06-48,2026-08-23
0.9927272727272727,0.8401360544217688,0.9014598540145985,0.0,0.18791946308724833,1.0,1.0,1.0,1.0,1.0,1.0,0.551025390625,-0.0040283203125,0.124755859375,-0.028045654296875,-0.0089111328125,-0.000701904296875,L,2,2026-08-22_23-06-48,2026-08-23
0.9854545454545455,0.8554421768707483,0.9343065693430657,0.0,0.0,1.0,1.0,1.0,1.0,1.0,1.0,0.54638671875,0.00244140625,0.1197509765625,-0.015228271484375,-0.01092529296875,0.0072021484375,L,2,2026-08-22_23-06-48,2026-08-23
1.0,0.9098639455782312,1.0,0.0,0.0,1.0,1.0,1.0,1.0,1.0,1.0,0.5406494140625,-0.0010986328125,0.118896484375,-0.015838623046875,-0.0048828125,0.006744384765625,L,2,2026-08-22_23-06-48,2026-08-23
0.8909090909090909,0.8860544217687075,0.927007299270073,0.0,0.8590604026845637,1.0,1.0,1.0,1.0,1.0,1.0,0.5474853515625,-0.0078125,0.119140625,-0.012298583984375,-0.002288818359375,0.009918212890625,L,2,2026-08-22_23-06-48,2026-08-23
0.8436363636363636,0.9098639455782312,0.8138686131386861,0.0,0.0,1.0,1.0,1.0,1.0,1.0,1.0,0.5450439453125,-0.0146484375,0.123291015625,-0.017059326171875,-0.006622314453125,0.005950927734375,L,2,2026-08-22_23-06-48,2026-08-23
1.0,0.8775510204081632,1.0,0.0,0.0,1.0,1.0,1.0,1.0,1.0,1.0,0.54296875,-0.0140380859375,0.1253662109375,-0.01495361328125,-0.009185791015625,0.00677490234375,L,2,2026-08-22_23-06-48,2026-08-23
0.9509090909090909,0.9030612244897959,1.0,0.0,0.0,1.0,1.0,1.0,1.0,1.0,1.0,0.5496826171875,-0.01708984375,0.124755859375,-0.0179443359375,-0.006622314453125,-0.0013427734375,L,2,2026-08-22_23-06-48,2026-08-23
0.9454545454545454,0.7278911564625851,0.781021897810219,0.0,0.5100671140939598,1.0,1.0,1.0,1.0,1.0,1.0,0.556396484375,-0.044921875,0.105712890625,-0.0150146484375,-0.007781982421875,0.00396728515625,L,3,2026-08-22_23-06-48,2026-08-23
0.9563636363636364,0.6904761904761905,0.7408759124087592,0.0,0.12080536912751678,1.0,1.0,1.0,1.0,1.0,1.0,0.5537109375,-0.04638671875,0.1031494140625,-0.015716552734375,-0.01171875,-6.103515625e-05,L,3,2026-08-22_23-06-48,2026-08-23
1.0,0.70578231292517,0.8722627737226277,0.0,0.1610738255033557,1.0,1.0,1.0,1.0,1.0,1.0,0.55615234375,-0.04296875,0.10888671875,-0.016510009765625,-0.01458740234375,-0.0030517578125,L,3,2026-08-22_23-06-48,2026-08-23
1.0,0.7602040816326531,0.9306569343065694,0.0,0.33557046979865773,1.0,1.0,1.0,1.0,1.0,1.0,0.5509033203125,-0.033935546875,0.10595703125,-0.00787353515625,-0.01824951171875,0.00213623046875,L,3,2026-08-22_23-06-48,2026-08-23
1.0,0.8163265306122449,0.9051094890510949,0.0,0.3221476510067114,1.0,1.0,1.0,1.0,1.0,1.0,0.545654296875,-0.039306640625,0.103271484375,-0.005859375,-0.015655517578125,0.003021240234375,L,3,2026-08-22_23-06-48,2026-08-23
1.0,0.7193877551020408,0.8540145985401459,0.0,0.18791946308724833,1.0,1.0,1.0,1.0,1.0,1.0,0.553955078125,-0.0396728515625,0.10400390625,-0.007080078125,-0.0164794921875,-0.001068115234375,L,3,2026-08-22_23-06-48,2026-08-23
0.8872727272727273,0.7091836734693877,0.9452554744525548,0.0,0.1476510067114094,1.0,1.0,1.0,1.0,1.0,1.0,0.5511474609375,-0.0350341796875,0.1014404296875,-0.0078125,-0.020172119140625,-0.002288818359375,L,3,2026-08-22_23-06-48,2026-08-23
0.9563636363636364,0.7976190476190477,0.656934306569343,0.0,0.1610738255033557,1.0,1.0,1.0,1.0,1.0,1.0,0.549072265625,-0.035400390625,0.108642578125,-0.00946044921875,-0.0191650390625,-0.001068115234375,L,3,2026-08-22_23-06-48,2026-08-23
1.0,0.8061224489795918,1.0,0.0,0.0,1.0,1.0,1.0,1.0,1.0,1.0,0.5458984375,-0.03076171875,0.1138916015625,-0.00250244140625,-0.021026611328125,0.00738525390625,L,3,2026-08-22_23-06-48,2026-08-23
1.0,0.7789115646258503,0.6313868613138686,0.0,0.2684563758389262,1.0,1.0,1.0,1.0,1.0,1.0,0.5447998046875,-0.031494140625,0.12548828125,0.013580322265625,-0.025177001953125,0.01190185546875,L,3,2026-08-22_23-06-48,2026-08-23
1.0,0.8282312925170068,0.9197080291970803,0.0,0.1476510067114094,1.0,1.0,1.0,1.0,1.0,1.0,0.552734375,-0.0528564453125,0.124755859375,0.0185546875,-0.044677734375,0.009521484375,L,3,2026-08-22_23-06-48,2026-08-23
0.9945454545454545,0.6241496598639455,0.8175182481751825,0.0,0.10738255033557047,1.0,1.0,1.0,1.0,1.0,1.0,0.56494140625,-0.04736328125,0.11083984375,-0.02056884765625,-0.061370849609375,0.002899169921875,L,3,2026-08-22_23-06-48,2026-08-23
1.0,0.7721088435374149,0.927007299270073,0.0,0.8053691275167785,1.0,1.0,1.0,1.0,1.0,1.0,0.542724609375,-0.027099609375,0.0970458984375,-0.018280029296875,-0.074127197265625,0.0087890625,L,3,2026-08-22_23-06-48,2026-08-23
0.9981818181818182,0.6377551020408163,0.718978102189781,0.0,0.21476510067114093,1.0,1.0,1.0,1.0,1.0,1.0,0.5345458984375,-0.029296875,0.0645751953125,-0.0113525390625,-0.0482177734375,0.002777099609375,L,3,2026-08-22_23-06-48,2026-08-23
1.0,0.7840136054421769,0.7591240875912408,0.0,0.08053691275167785,1.0,1.0,1.0,1.0,1.0,1.0,0.54931640625,-0.02294921875,0.058349609375,0.004730224609375,-0.022918701171875,0.0098876953125,L,3,2026-08-22_23-06-48,2026-08-23
0.9509090909090909,0.7874149659863946,1.0,0.0,0.22818791946308725,1.0,1.0,1.0,1.0,1.0,1.0,0.5635986328125,-0.0343017578125,0.067138671875,0.013092041015625,-0.010040283203125,0.01080322265625,L,3,2026-08-22_23-06-48,2026-08-23
1.0,0.7755102040816326,1.0,0.0,0.4563758389261745,1.0,1.0,1.0,1.0,1.0,1.0,0.5645751953125,-0.0386962890625,0.0623779296875,0.0072021484375,-0.00360107421875,0.0107421875,L,3,2026-08-22_23-06-48,2026-08-23
1.0,0.7517006802721088,1.0,0.0,0.4429530201342282,1.0,1.0,1.0,1.0,1.0,1.0,0.5653076171875,-0.0545654296875,0.0770263671875,0.0142822265625,-0.0150146484375,0.012298583984375,L,3,2026-08-22_23-06-48,2026-08-23
1.0,0.8214285714285714,1.0,0.0,0.8053691275167785,1.0,1.0,1.0,1.0,1.0,1.0,0.5438232421875,-0.0728759765625,0.0648193359375,0.0361328125,-0.02276611328125,0.01507568359375,L,3,2026-08-22_23-06-48,2026-08-23
1.0,0.6360544217687075,0.8175182481751825,0.0,0.5100671140939598,1.0,1.0,1.0,1.0,1.0,1.0,0.5543212890625,-0.03662109375,0.0894775390625,-0.003143310546875,-0.0059814453125,0.007354736328125,L,3,2026-08-22_23-06-48,2026-08-23
1.0,0.7312925170068028,0.9817518248175182,0.0,0.28187919463087246,1.0,1.0,1.0,1.0,1.0,1.0,0.557861328125,-0.0408935546875,0.0908203125,0.0009765625,-0.004608154296875,0.003021240234375,L,3,2026-08-22_23-06-48,2026-08-23
0.98,0.7329931972789115,0.7153284671532847,0.0,0.08053691275167785,1.0,1.0,1.0,1.0,1.0,1.0,0.559326171875,-0.041015625,0.0888671875,0.002349853515625,-0.011016845703125,-0.001251220703125,L,3,2026-08-22_23-06-48,2026-08-23
0.9581818181818181,0.6615646258503401,0.9525547445255474,0.0,0.37583892617449666,1.0,1.0,1.0,1.0,1.0,1.0,0.56787109375,-0.0291748046875,0.0965576171875,0.002166748046875,-0.02911376953125,-0.003631591796875,L,3,2026-08-22_23-06-48,2026-08-23
1.0,0.6632653061224489,1.0,0.0,0.12080536912751678,1.0,1.0,1.0,1.0,1.0,1.0,0.5567626953125,-0.0296630859375,0.0953369140625,-0.00750732421875,-0.04290771484375,0.00726318359375,L,3,2026-08-22_23-06-48,2026-08-23
0.9945454545454545,0.7482993197278912,0.8576642335766423,0.0,0.8053691275167785,1.0,1.0,1.0,1.0,1.0,1.0,0.55419921875,-0.0247802734375,0.07861328125,-0.0057373046875,-0.060028076171875,0.016571044921875,L,3,2026-08-22_23-06-48,2026-08-23
0.9509090909090909,0.7227891156462585,0.8905109489051095,0.0,0.0,1.0,1.0,1.0,1.0,1.0,1.0,0.546875,-0.0374755859375,0.0777587890625,-0.028594970703125,-0.055572509765625,0.013641357421875,L,3,2026-08-22_23-06-48,2026-08-23
0.9672727272727273,0.7363945578231292,0.9598540145985401,0.0,0.0,1.0,1.0,1.0,1.0,1.0,1.0,0.549560546875,-0.029541015625,0.068603515625,-0.024017333984375,-0.04034423828125,0.012664794921875,L,3,2026-08-22_23-06-48,2026-08-23
0.94,0.8418367346938775,0.7773722627737226,0.0,0.40268456375838924,1.0,1.0,1.0,1.0,1.0,1.0,0.5572509765625,-0.0384521484375,0.067626953125,-0.005706787109375,-0.045501708984375,0.018402099609375,L,3,2026-08-22_23-06-48,2026-08-23
1.0,0.70578231292517,0.9927007299270073,0.0,0.026845637583892617,1.0,1.0,1.0,1.0,1.0,1.0,0.5545654296875,-0.0462646484375,0.0653076171875,-0.007537841796875,-0.04779052734375,0.0194091796875,L,3,2026-08-22_23-06-48,2026-08-23
1.0,0.6122448979591837,1.0,0.0,0.0,1.0,1.0,1.0,1.0,1.0,1.0,0.5535888671875,-0.05029296875,0.071044921875,-0.022705078125,-0.047637939453125,0.030487060546875,L,3,2026-08-22_23-06-48,2026-08-23
0.9418181818181818,0.7465986394557823,1.0,0.0,0.053691275167785234,1.0,1.0,1.0,1.0,1.0,1.0,0.545166015625,-0.0404052734375,0.0718994140625,-0.015716552734375,-0.040008544921875,0.017669677734375,L,3,2026-08-22_23-06-48,2026-08-23
0.9690909090909091,0.8418367346938775,0.8941605839416058,0.0,0.38926174496644295,1.0,1.0,1.0,1.0,1.0,1.0,0.5404052734375,-0.040283203125,0.0731201171875,0.015167236328125,-0.023162841796875,0.012847900390625,L,3,2026-08-22_23-06-48,2026-08-23
0.9072727272727272,0.8537414965986394,0.7591240875912408,0.0,0.8053691275167785,1.0,1.0,1.0,1.0,1.0,1.0,0.5538330078125,-0.0526123046875,0.0738525390625,0.018402099609375,0.005584716796875,-0.006622314453125,L,3,2026-08-22_23-06-48,2026-08-23
1.0,0.7023809523809523,1.0,0.0,0.0,1.0,1.0,1.0,1.0,1.0,1.0,0.56640625,-0.0474853515625,0.08251953125,0.02484130859375,-0.00640869140625,-0.007659912109375,L,3,2026-08-22_23-06-48,2026-08-23
1.0,0.6802721088435374,0.8503649635036497,0.0,0.0,1.0,1.0,1.0,1.0,1.0,1.0,0.5755615234375,-0.031982421875,0.07958984375,0.0177001953125,-0.014984130859375,-0.013946533203125,L,3,2026-08-22_23-06-48,2026-08-23
0.9054545454545454,0.8571428571428571,0.7664233576642335,1.0,0.0,1.0,1.0,1.0,1.0,1.0,1.0,0.5643310546875,-0.0439453125,0.077392578125,0.036834716796875,-0.03741455078125,-0.01220703125,L,3,2026-08-22_23-06-48,2026-08-23
0.9672727272727273,0.79421768707483,0.8138686131386861,0.0,0.174496644295302,1.0,1.0,1.0,1.0,1.0,1.0,0.5406494140625,-0.047119140625,0.0657958984375,0.04583740234375,-0.0325927734375,-0.007781982421875,L,3,2026-08-22_23-06-48,2026-08-23
0.9090909090909091,0.7959183673469388,0.708029197080292,0.0,0.8859060402684564,1.0,1.0,1.0,1.0,1.0,1.0,0.53564453125,-0.042724609375,0.063720703125,0.04949951171875,-0.000732421875,-0.01171875,L,3,2026-08-22_23-06-48,2026-08-23
0.8818181818181818,0.8979591836734694,1.0,0.02304147465437788,0.8053691275167785,1.0,1.0,1.0,1.0,1.0,1.0,0.5572509765625,-0.03515625,0.052490234375,-0.0142822265625,0.0394287109375,-0.013671875,L,3,2026-08-22_23-06-48,2026-08-23
0.8490909090909091,0.9064625850340136,1.0,0.0,0.06711409395973154,1.0,1.0,1.0,1.0,1.0,1.0,0.5684814453125,-0.0311279296875,0.0682373046875,-0.009552001953125,0.020111083984375,-0.01177978515625,L,3,2026-08-22_23-06-48,2026-08-23
0.9709090909090909,0.5986394557823129,0.7262773722627737,0.0,0.026845637583892617,1.0,1.0,1.0,1.0,1.0,1.0,0.55224609375,-0.0224609375,0.089599609375,-0.007232666015625,0.003662109375,0.003204345703125,L,4,2026-08-22_23-06-48,2026-08-23
1.0,0.7227891156462585,0.8540145985401459,0.0,0.10738255033557047,1.0,1.0,1.0,1.0,1.0,1.0,0.5609130859375,-0.0211181640625,0.1011962890625,-0.00201416015625,-0.005126953125,0.007781982421875,L,4,2026-08-22_23-06-48,2026-08-23
0.94,0.6428571428571429,0.4927007299270073,0.0,0.42953020134228187,1.0,1.0,1.0,1.0,1.0,1.0,0.554443359375,-0.0294189453125,0.09375,-0.01336669921875,-0.0125732421875,0.00811767578125,L,4,2026-08-22_23-06-48,2026-08-23
0.9109090909090909,0.7431972789115646,0.7372262773722628,0.0,0.0,1.0,1.0,1.0,1.0,1.0,1.0,0.54833984375,-0.0225830078125,0.09619140625,-0.021636962890625,-0.00970458984375,0.008056640625,L,4,2026-08-22_23-06-48,2026-08-23
1.0,0.6462585034013606,0.9927007299270073,0.0,0.0,1.0,1.0,1.0,1.0,1.0,1.0,0.5494384765625,-0.0252685546875,0.1007080078125,-0.0194091796875,-0.00927734375,0.009002685546875,L,4,2026-08-22_23-06-48,2026-08-23
1.0,0.7397959183673469,0.6496350364963503,0.0,0.5100671140939598,1.0,1.0,1.0,1.0,1.0,1.0,0.5501708984375,-0.03125,0.0938720703125,-0.018157958984375,-0.007781982421875,0.005584716796875,L,4,2026-08-22_23-06-48,2026-08-23
1.0,0.6904761904761905,0.7664233576642335,0.0,0.08053691275167785,1.0,1.0,1.0,1.0,1.0,1.0,0.5537109375,-0.0247802734375,0.0941162109375,-0.01422119140625,-0.008209228515625,0.00537109375,L,4,2026-08-22_23-06-48,2026-08-23
1.0,0.5918367346938775,1.0,0.0,0.0,1.0,1.0,1.0,1.0,1.0,1.0,0.5484619140625,-0.02587890625,0.0950927734375,-0.008453369140625,-0.012939453125,0.005950927734375,L,4,2026-08-22_23-06-48,2026-08-23
0.8527272727272728,0.8163265306122449,0.8175182481751825,0.0,0.4563758389261745,1.0,1.0,1.0,1.0,1.0,1.0,0.5521240234375,-0.031494140625,0.0899658203125,-0.0174560546875,-0.00982666015625,0.00262451171875,L,4,2026-08-22_23-06-48,2026-08-23
0.9890909090909091,0.5850340136054422,1.0,0.0,0.0,1.0,1.0,1.0,1.0,1.0,1.0,0.5516357421875,-0.02001953125,0.095947265625,-0.025726318359375,-0.00909423828125,0.00152587890625,L,4,2026-08-22_23-06-48,2026-08-23
1.0,0.5595238095238095,1.0,0.0,0.1610738255033557,1.0,1.0,1.0,1.0,1.0,1.0,0.5516357421875,-0.0194091796875,0.098876953125,-0.01605224609375,-0.012603759765625,0.009857177734375,L,4,2026-08-22_23-06-48,2026-08-23
0.9636363636363636,0.685374149659864,0.8138686131386861,0.0,0.0,1.0,1.0,1.0,1.0,1.0,1.0,0.5499267578125,-0.0267333984375,0.0843505859375,-0.014312744140625,-0.006744384765625,0.00885009765625,L,4,2026-08-22_23-06-48,2026-08-23
1.0,0.6275510204081632,1.0,0.0,0.0,1.0,1.0,1.0,1.0,1.0,1.0,0.55712890625,-0.026123046875,0.098388671875,-0.015350341796875,-0.009552001953125,0.00775146484375,L,4,2026-08-22_23-06-48,2026-08-23
0.8745454545454545,0.8622448979591837,0.6423357664233577,0.0,0.3221476510067114,1.0,1.0,1.0,1.0,1.0,1.0,0.5506591796875,-0.0291748046875,0.09716796875,-0.021453857421875,-0.00836181640625,0.005157470703125,L,4,2026-08-22_23-06-48,2026-08-23
1.0,0.6360544217687075,1.0,0.0,0.0,1.0,1.0,1.0,1.0,1.0,1.0,0.5572509765625,-0.0167236328125,0.103759765625,-0.020843505859375,-0.011688232421875,0.008148193359375,L,4,2026-08-22_23-06-48,2026-08-23
1.0,0.70578231292517,0.9306569343065694,0.0,0.1476510067114094,1.0,1.0,1.0,1.0,1.0,1.0,0.5555419921875,-0.029052734375,0.0965576171875,-0.013824462890625,-0.010833740234375,0.00604248046875,L,4,2026-08-22_23-06-48,2026-08-23
1.0,0.5102040816326531,1.0,0.0,0.0,1.0,1.0,1.0,1.0,1.0,1.0,0.5609130859375,-0.023681640625,0.1002197265625,-0.018035888671875,-0.011016845703125,0.00445556640625,L,4,2026-08-22_23-06-48,2026-08-23
1.0,0.6360544217687075,0.9927007299270073,0.0,0.013422818791946308,1.0,1.0,1.0,1.0,1.0,1.0,0.5577392578125,-0.0262451171875,0.0972900390625,-0.010772705078125,-0.01788330078125,0.00738525390625,L,4,2026-08-22_23-06-48,2026-08-23
1.0,0.6598639455782312,1.0,0.0,0.1476510067114094,1.0,1.0,1.0,1.0,1.0,1.0,0.5535888671875,-0.0277099609375,0.086669921875,-0.01800537109375,-0.0186767578125,0.006195068359375,L,4,2026-08-22_23-06-48,2026-08-23
1.0,0.6870748299319728,0.8357664233576643,0.0,0.8053691275167785,1.0,1.0,1.0,1.0,1.0,1.0,0.549072265625,-0.030029296875,0.0859375,-0.0159912109375,-0.014251708984375,0.0050048828125,L,4,2026-08-22_23-06-48,2026-08-23
0.8490909090909091,0.8367346938775511,0.4744525547445255,0.0,0.0,1.0,1.0,1.0,1.0,1.0,1.0,0.5499267578125,-0.02392578125,0.0870361328125,-0.013641357421875,-0.01007080078125,0.005950927734375,L,4,2026-08-22_23-06-48,2026-08-23
1.0,0.7227891156462585,0.9562043795620438,0.0,0.1476510067114094,1.0,1.0,1.0,1.0,1.0,1.0,0.55712890625,-0.031005859375,0.0936279296875,-0.016448974609375,-0.009979248046875,0.00567626953125,L,4,2026-08-22_23-06-48,2026-08-23
0.8709090909090909,0.8282312925170068,0.7627737226277372,0.0,0.3221476510067114,1.0,1.0,1.0,1.0,1.0,1.0,0.55322265625,-0.0308837890625,0.0950927734375,-0.020904541015625,-0.01025390625,0.002532958984375,L,4,2026-08-22_23-06-48,2026-08-23
1.0,0.6394557823129252,1.0,0.0,0.0,1.0,1.0,1.0,1.0,1.0,1.0,0.550048828125,-0.028564453125,0.0936279296875,-0.014862060546875,-0.012542724609375,0.004791259765625,L,4,2026-08-22_23-06-48,2026-08-23
1.0,0.7448979591836735,0.6423357664233577,0.0,0.21476510067114093,1.0,1.0,1.0,1.0,1.0,1.0,0.556396484375,-0.032470703125,0.0916748046875,-0.013519287109375,-0.01239013671875,0.004241943359375,L,4,2026-08-22_23-06-48,2026-08-23
1.0,0.7380952380952381,0.6459854014598541,0.0,0.42953020134228187,1.0,1.0,1.0,1.0,1.0,1.0,0.55224609375,-0.026123046875,0.0904541015625,-0.01544189453125,-0.01226806640625,0.00244140625,L,4,2026-08-22_23-06-48,2026-08-23
0.84,0.6581632653061225,0.7591240875912408,0.0,0.1342281879194631,1.0,1.0,1.0,1.0,1.0,1.0,0.55322265625,-0.02099609375,0.0892333984375,-0.017608642578125,-0.011077880859375,0.00408935546875,L,4,2026-08-22_23-06-48,2026-08-23
1.0,0.8537414965986394,0.5145985401459854,0.0,0.24161073825503357,1.0,1.0,1.0,1.0,1.0,1.0,0.555908203125,-0.0216064453125,0.0927734375,-0.016754150390625,-0.01300048828125,0.00634765625,L,4,2026-08-22_23-06-48,2026-08-23
0.86,0.576530612244898,0.3613138686131387,0.0,0.0,1.0,1.0,1.0,1.0,1.0,1.0,0.5550537109375,-0.0289306640625,0.0880126953125,-0.01580810546875,-0.010894775390625,0.00628662109375,L,4,2026-08-22_23-06-48,2026-08-23
1.0,0.7006802721088435,0.7627737226277372,0.0,1.0,1.0,1.0,1.0,1.0,1.0,1.0,0.557373046875,-0.0272216796875,0.0882568359375,-0.013458251953125,-0.007598876953125,0.00555419921875,L,4,2026-08-22_23-06-48,2026-08-23
1.0,0.7363945578231292,0.843065693430657,0.0,0.0,1.0,1.0,1.0,1.0,1.0,1.0,0.5584716796875,-0.029541015625,0.0911865234375,-0.0169677734375,-0.010009765625,0.00469970703125,L,4,2026-08-22_23-06-48,2026-08-23
0.850909090909091,0.6785714285714286,0.5875912408759124,0.0,0.09395973154362416,1.0,1.0,1.0,1.0,1.0,1.0,0.5556640625,-0.0330810546875,0.0875244140625,-0.0179443359375,-0.012115478515625,0.00506591796875,L,4,2026-08-22_23-06-48,2026-08-23
1.0,0.7227891156462585,0.9306569343065694,0.0,0.22818791946308725,1.0,1.0,1.0,1.0,1.0,1.0,0.5504150390625,-0.0341796875,0.0926513671875,-0.018096923828125,-0.01239013671875,0.00408935546875,L,4,2026-08-22_23-06-48,2026-08-23
1.0,0.685374149659864,0.9014598540145985,0.0,0.0,1.0,1.0,1.0,1.0,1.0,1.0,0.5506591796875,-0.0318603515625,0.0885009765625,-0.01513671875,-0.008331298828125,-0.00048828125,L,4,2026-08-22_23-06-48,2026-08-23
1.0,0.7227891156462585,1.0,0.0,0.0,1.0,1.0,1.0,1.0,1.0,1.0,0.554931640625,-0.027099609375,0.0872802734375,-0.01434326171875,-0.005706787109375,-0.001251220703125,L,4,2026-08-22_23-06-48,2026-08-23
0.9581818181818181,0.5459183673469388,0.7992700729927007,0.0,0.10738255033557047,1.0,1.0,1.0,1.0,1.0,1.0,0.55712890625,-0.02392578125,0.0980224609375,-0.015228271484375,-0.009033203125,0.000885009765625,L,4,2026-08-22_23-06-48,2026-08-23
0.9654545454545455,0.70578231292517,1.0,0.0,0.1476510067114094,1.0,1.0,1.0,1.0,1.0,1.0,0.54931640625,-0.02392578125,0.08984375,-0.013275146484375,-0.00927734375,0.0025634765625,L,4,2026-08-22_23-06-48,2026-08-23
1.0,0.717687074829932,0.7591240875912408,0.0,0.37583892617449666,1.0,1.0,1.0,1.0,1.0,1.0,0.5533447265625,-0.0201416015625,0.0963134765625,-0.015045166015625,-0.00823974609375,0.0037841796875,L,4,2026-08-22_23-06-48,2026-08-23
1.0,0.5799319727891157,0.708029197080292,0.0,0.053691275167785234,1.0,1.0,1.0,1.0,1.0,1.0,0.555908203125,-0.0250244140625,0.0894775390625,-0.0126953125,-0.0128173828125,0.00701904296875,L,4,2026-08-22_23-06-48,2026-08-23
0.8709090909090909,0.6802721088435374,0.916058394160584,0.0,0.10738255033557047,1.0,1.0,1.0,1.0,1.0,1.0,0.549072265625,-0.029296875,0.0860595703125,-0.017059326171875,-0.013336181640625,0.005401611328125,L,4,2026-08-22_23-06-48,2026-08-23
0.9363636363636364,1.0,0.8211678832116789,0.9447004608294931,1.0,1.0,1.0,1.0,0.0,1.0,0.0,-3.0517578125e-05,-3.0517578125e-05,-3.0517578125e-05,-3.0517578125e-05,-3.0517578125e-05,-3.0517578125e-05,M,0,2026-08-22_23-06-48,2026-08-23
0.9981818181818182,0.9914965986394558,0.9416058394160584,0.8387096774193549,0.8053691275167785,1.0,1.0,1.0,0.0,1.0,0.0,-3.0517578125e-05,-3.0517578125e-05,-3.0517578125e-05,-3.0517578125e-05,-3.0517578125e-05,-3.0517578125e-05,M,0,2026-08-22_23-06-48,2026-08-23
0.9290909090909091,1.0,0.8357664233576643,1.0,0.4966442953020134,1.0,1.0,1.0,0.0,1.0,0.0,-3.0517578125e-05,-3.0517578125e-05,-3.0517578125e-05,-3.0517578125e-05,-3.0517578125e-05,-3.0517578125e-05,M,0,2026-08-22_23-06-48,2026-08-23
0.9836363636363636,1.0,0.8138686131386861,1.0,0.8053691275167785,1.0,1.0,1.0,0.0,1.0,0.0,-3.0517578125e-05,-3.0517578125e-05,-3.0517578125e-05,-3.0517578125e-05,-3.0517578125e-05,-3.0517578125e-05,M,0,2026-08-22_23-06-48,2026-08-23
0.9309090909090909,1.0,0.7335766423357665,1.0,0.9664429530201343,1.0,1.0,1.0,0.0,1.0,0.0,-3.0517578125e-05,-3.0517578125e-05,-3.0517578125e-05,-3.0517578125e-05,-3.0517578125e-05,-3.0517578125e-05,M,0,2026-08-22_23-06-48,2026-08-23
0.9781818181818182,0.9251700680272109,0.8284671532846716,0.7649769585253456,0.21476510067114093,1.0,1.0,1.0,0.0,1.0,0.0,-3.0517578125e-05,-3.0517578125e-05,-3.0517578125e-05,-3.0517578125e-05,-3.0517578125e-05,-3.0517578125e-05,M,0,2026-08-22_23-06-48,2026-08-23
1.0,0.9336734693877551,0.6204379562043796,0.8294930875576036,1.0,1.0,1.0,1.0,0.0,1.0,0.0,-3.0517578125e-05,-3.0517578125e-05,-3.0517578125e-05,-3.0517578125e-05,-3.0517578125e-05,-3.0517578125e-05,M,0,2026-08-22_23-06-48,2026-08-23
0.9363636363636364,0.9081632653061225,0.9890510948905109,0.6589861751152074,0.40268456375838924,1.0,1.0,1.0,0.0,1.0,0.0,-3.0517578125e-05,-3.0517578125e-05,-3.0517578125e-05,-3.0517578125e-05,-3.0517578125e-05,-3.0517578125e-05,M,0,2026-08-22_23-06-48,2026-08-23
0.9527272727272728,1.0,0.7956204379562044,1.0,1.0,1.0,1.0,1.0,0.0,1.0,0.0,-3.0517578125e-05,-3.0517578125e-05,-3.0517578125e-05,-3.0517578125e-05,-3.0517578125e-05,-3.0517578125e-05,M,0,2026-08-22_23-06-48,2026-08-23
1.0,0.9081632653061225,0.7627737226277372,0.7050691244239631,0.8053691275167785,1.0,1.0,1.0,0.0,1.0,0.0,-3.0517578125e-05,-3.0517578125e-05,-3.0517578125e-05,-3.0517578125e-05,-3.0517578125e-05,-3.0517578125e-05,M,0,2026-08-22_23-06-48,2026-08-23
1.0,0.9387755102040817,0.8138686131386861,0.8709677419354839,0.8053691275167785,1.0,1.0,1.0,0.0,1.0,0.0,-3.0517578125e-05,-3.0517578125e-05,-3.0517578125e-05,-3.0517578125e-05,-3.0517578125e-05,-3.0517578125e-05,M,0,2026-08-22_23-06-48,2026-08-23
1.0,0.858843537414966,0.8065693430656934,0.7649769585253456,1.0,1.0,1.0,1.0,0.0,1.0,0.0,-3.0517578125e-05,-3.0517578125e-05,-3.0517578125e-05,-3.0517578125e-05,-3.0517578125e-05,-3.0517578125e-05,M,0,2026-08-22_23-06-48,2026-08-23
1.0,0.814625850340136,0.9379562043795621,1.0,1.0,1.0,1.0,1.0,0.0,1.0,0.0,-3.0517578125e-05,-3.0517578125e-05,-3.0517578125e-05,-3.0517578125e-05,-3.0517578125e-05,-3.0517578125e-05,M,0,2026-08-22_23-06-48,2026-08-23
0.7981818181818182,0.7721088435374149,0.6824817518248175,0.46543778801843316,1.0,1.0,1.0,1.0,0.0,1.0,0.0,-3.0517578125e-05,-3.0517578125e-05,-3.0517578125e-05,-3.0517578125e-05,-3.0517578125e-05,-3.0517578125e-05,M,0,2026-08-22_23-06-48,2026-08-23
1.0,1.0,0.8978102189781022,0.9170506912442397,0.33557046979865773,1.0,1.0,1.0,0.0,1.0,0.0,-3.0517578125e-05,-3.0517578125e-05,-3.0517578125e-05,-3.0517578125e-05,-3.0517578125e-05,-3.0517578125e-05,M,0,2026-08-22_23-06-48,2026-08-23
0.9690909090909091,1.0,0.8795620437956204,0.7188940092165899,1.0,1.0,1.0,1.0,0.0,1.0,0.0,-3.0517578125e-05,-3.0517578125e-05,-3.0517578125e-05,-3.0517578125e-05,-3.0517578125e-05,-3.0517578125e-05,M,0,2026-08-22_23-06-48,2026-08-23
1.0,0.9574829931972789,0.6934306569343066,0.8064516129032258,0.3624161073825503,1.0,1.0,1.0,0.0,1.0,0.0,-3.0517578125e-05,-3.0517578125e-05,-3.0517578125e-05,-3.0517578125e-05,-3.0517578125e-05,-3.0517578125e-05,M,0,2026-08-22_23-06-48,2026-08-23
1.0,0.9625850340136054,0.9452554744525548,0.8847926267281107,1.0,1.0,1.0,1.0,0.0,1.0,0.0,-3.0517578125e-05,-3.0517578125e-05,-3.0517578125e-05,-3.0517578125e-05,-3.0517578125e-05,-3.0517578125e-05,M,0,2026-08-22_23-06-48,2026-08-23
0.9236363636363636,1.0,0.8248175182481752,0.9078341013824884,0.8053691275167785,1.0,1.0,1.0,0.0,1.0,0.0,-3.0517578125e-05,-3.0517578125e-05,-3.0517578125e-05,-3.0517578125e-05,-3.0517578125e-05,-3.0517578125e-05,M,0,2026-08-22_23-06-48,2026-08-23
1.0,0.9659863945578231,0.8394160583941606,0.6543778801843319,0.18791946308724833,1.0,1.0,1.0,0.0,1.0,0.0,-3.0517578125e-05,-3.0517578125e-05,-3.0517578125e-05,-3.0517578125e-05,-3.0517578125e-05,-3.0517578125e-05,M,0,2026-08-22_23-06-48,2026-08-23
1.0,0.8860544217687075,0.8357664233576643,0.8064516129032258,0.8053691275167785,1.0,1.0,1.0,0.0,1.0,0.0,-3.0517578125e-05,-3.0517578125e-05,-3.0517578125e-05,-3.0517578125e-05,-3.0517578125e-05,-3.0517578125e-05,M,0,2026-08-22_23-06-48,2026-08-23
1.0,0.9064625850340136,0.5036496350364964,0.7373271889400922,0.9261744966442953,1.0,1.0,1.0,0.0,1.0,0.0,-3.0517578125e-05,-3.0517578125e-05,-3.0517578125e-05,-3.0517578125e-05,-3.0517578125e-05,-3.0517578125e-05,M,0,2026-08-22_23-06-48,2026-08-23
1.0,0.8486394557823129,0.9927007299270073,0.7649769585253456,0.3221476510067114,1.0,1.0,1.0,0.0,1.0,0.0,-3.0517578125e-05,-3.0517578125e-05,-3.0517578125e-05,-3.0517578125e-05,-3.0517578125e-05,-3.0517578125e-05,M,0,2026-08-22_23-06-48,2026-08-23
0.9872727272727273,0.8299319727891157,0.7591240875912408,0.880184331797235,1.0,1.0,1.0,1.0,0.0,1.0,0.0,-3.0517578125e-05,-3.0517578125e-05,-3.0517578125e-05,-3.0517578125e-05,-3.0517578125e-05,-3.0517578125e-05,M,0,2026-08-22_23-06-48,2026-08-23
0.9745454545454545,0.891156462585034,1.0,0.8940092165898618,0.2684563758389262,1.0,1.0,1.0,0.0,1.0,0.0,-3.0517578125e-05,-3.0517578125e-05,-3.0517578125e-05,-3.0517578125e-05,-3.0517578125e-05,-3.0517578125e-05,M,0,2026-08-22_23-06-48,2026-08-23
0.8818181818181818,0.9472789115646258,0.7664233576642335,0.8571428571428571,1.0,1.0,1.0,1.0,0.0,1.0,0.0,-3.0517578125e-05,-3.0517578125e-05,-3.0517578125e-05,-3.0517578125e-05,-3.0517578125e-05,-3.0517578125e-05,M,0,2026-08-22_23-06-48,2026-08-23
1.0,0.9183673469387755,0.9087591240875912,0.6175115207373272,0.8053691275167785,1.0,1.0,1.0,0.0,1.0,0.0,-3.0517578125e-05,-3.0517578125e-05,-3.0517578125e-05,-3.0517578125e-05,-3.0517578125e-05,-3.0517578125e-05,M,0,2026-08-22_23-06-48,2026-08-23
0.9981818181818182,0.8622448979591837,0.9671532846715328,0.9032258064516129,1.0,1.0,1.0,1.0,0.0,1.0,0.0,-3.0517578125e-05,-3.0517578125e-05,-3.0517578125e-05,-3.0517578125e-05,-3.0517578125e-05,-3.0517578125e-05,M,0,2026-08-22_23-06-48,2026-08-23
0.94,0.9710884353741497,0.9708029197080292,0.9262672811059908,0.9664429530201343,1.0,1.0,1.0,0.0,1.0,0.0,-3.0517578125e-05,-3.0517578125e-05,-3.0517578125e-05,-3.0517578125e-05,-3.0517578125e-05,-3.0517578125e-05,M,0,2026-08-22_23-06-48,2026-08-23
0.9818181818181818,0.9251700680272109,0.7700729927007299,0.8617511520737328,0.8053691275167785,1.0,1.0,1.0,0.0,1.0,0.0,-3.0517578125e-05,-3.0517578125e-05,-3.0517578125e-05,-3.0517578125e-05,-3.0517578125e-05,-3.0517578125e-05,M,0,2026-08-22_23-06-48,2026-08-23
1.0,1.0,1.0,0.9631336405529954,0.08053691275167785,1.0,1.0,1.0,0.0,1.0,0.0,-3.0517578125e-05,-3.0517578125e-05,-3.0517578125e-05,-3.0517578125e-05,-3.0517578125e-05,-3.0517578125e-05,M,0,2026-08-22_23-06-48,2026-08-23
1.0,0.9982993197278912,0.2664233576642336,1.0,1.0,1.0,1.0,1.0,0.0,1.0,0.0,-3.0517578125e-05,-3.0517578125e-05,-3.0517578125e-05,-3.0517578125e-05,-3.0517578125e-05,-3.0517578125e-05,M,0,2026-08-22_23-06-48,2026-08-23
0.76,0.6904761904761905,0.40145985401459855,0.009216589861751152,0.0,1.0,1.0,1.0,0.0,1.0,0.0,-3.0517578125e-05,-3.0517578125e-05,-3.0517578125e-05,-3.0517578125e-05,-3.0517578125e-05,-3.0517578125e-05,M,0,2026-08-22_23-06-48,2026-08-23
0.76,0.7091836734693877,0.3795620437956204,0.48847926267281105,0.8053691275167785,1.0,1.0,1.0,0.0,1.0,0.0,-3.0517578125e-05,-3.0517578125e-05,-3.0517578125e-05,-3.0517578125e-05,-3.0517578125e-05,-3.0517578125e-05,M,0,2026-08-22_23-06-48,2026-08-23
0.8181818181818182,0.7908163265306123,0.3795620437956204,0.45161290322580644,0.0,1.0,1.0,1.0,0.0,1.0,0.0,-3.0517578125e-05,-3.0517578125e-05,-3.0517578125e-05,-3.0517578125e-05,-3.0517578125e-05,-3.0517578125e-05,M,0,2026-08-22_23-06-48,2026-08-23
0.94,0.8316326530612245,0.4306569343065693,0.7788018433179723,1.0,1.0,1.0,1.0,0.0,1.0,0.0,-3.0517578125e-05,-3.0517578125e-05,-3.0517578125e-05,-3.0517578125e-05,-3.0517578125e-05,-3.0517578125e-05,M,0,2026-08-22_23-06-48,2026-08-23
0.9509090909090909,0.9098639455782312,0.5985401459854015,0.7373271889400922,1.0,1.0,1.0,1.0,0.0,1.0,0.0,-3.0517578125e-05,-3.0517578125e-05,-3.0517578125e-05,-3.0517578125e-05,-3.0517578125e-05,-3.0517578125e-05,M,0,2026-08-22_23-06-48,2026-08-23
0.9072727272727272,1.0,1.0,1.0,0.08053691275167785,1.0,1.0,1.0,0.0,1.0,0.0,-3.0517578125e-05,-3.0517578125e-05,-3.0517578125e-05,-3.0517578125e-05,-3.0517578125e-05,-3.0517578125e-05,M,0,2026-08-22_23-06-48,2026-08-23
1.0,0.9166666666666666,1.0,0.9539170506912442,0.48322147651006714,1.0,1.0,1.0,0.0,1.0,0.0,-3.0517578125e-05,-3.0517578125e-05,-3.0517578125e-05,-3.0517578125e-05,-3.0517578125e-05,-3.0517578125e-05,M,0,2026-08-22_23-06-48,2026-08-23
1.0,1.0,0.8065693430656934,0.8709677419354839,0.0,1.0,1.0,1.0,0.0,1.0,0.0,-3.0517578125e-05,-3.0517578125e-05,-3.0517578125e-05,-3.0517578125e-05,-3.0517578125e-05,-3.0517578125e-05,M,0,2026-08-22_23-06-48,2026-08-23
1.0,0.9574829931972789,0.6897810218978102,0.7235023041474654,1.0,1.0,1.0,1.0,0.0,1.0,0.0,-3.0517578125e-05,-3.0517578125e-05,-3.0517578125e-05,-3.0517578125e-05,-3.0517578125e-05,-3.0517578125e-05,M,1,2026-08-22_23-06-48,2026-08-23
0.8127272727272727,0.7721088435374149,0.07664233576642336,0.5253456221198156,1.0,1.0,1.0,1.0,0.0,1.0,0.0,-3.0517578125e-05,-3.0517578125e-05,-3.0517578125e-05,-3.0517578125e-05,-3.0517578125e-05,-3.0517578125e-05,M,1,2026-08-22_23-06-48,2026-08-23
1.0,0.8928571428571429,1.0,0.5069124423963134,0.0,1.0,1.0,1.0,0.0,1.0,0.0,-3.0517578125e-05,-3.0517578125e-05,-3.0517578125e-05,-3.0517578125e-05,-3.0517578125e-05,-3.0517578125e-05,M,1,2026-08-22_23-06-48,2026-08-23
1.0,0.9166666666666666,1.0,0.5161290322580645,0.0,1.0,1.0,1.0,0.0,1.0,0.0,-3.0517578125e-05,-3.0517578125e-05,-3.0517578125e-05,-3.0517578125e-05,-3.0517578125e-05,-3.0517578125e-05,M,1,2026-08-22_23-06-48,2026-08-23
1.0,1.0,0.8759124087591241,1.0,1.0,1.0,1.0,1.0,0.0,1.0,0.0,-3.0517578125e-05,-3.0517578125e-05,-3.0517578125e-05,-3.0517578125e-05,-3.0517578125e-05,-3.0517578125e-05,M,1,2026-08-22_23-06-48,2026-08-23
1.0,1.0,1.0,1.0,1.0,1.0,1.0,1.0,0.0,1.0,0.0,-3.0517578125e-05,-3.0517578125e-05,-3.0517578125e-05,-3.0517578125e-05,-3.0517578125e-05,-3.0517578125e-05,M,1,2026-08-22_23-06-48,2026-08-23
1.0,1.0,1.0,0.9308755760368663,0.3624161073825503,1.0,1.0,1.0,0.0,1.0,0.0,-3.0517578125e-05,-3.0517578125e-05,-3.0517578125e-05,-3.0517578125e-05,-3.0517578125e-05,-3.0517578125e-05,M,1,2026-08-22_23-06-48,2026-08-23
1.0,0.8384353741496599,0.9963503649635036,0.631336405529954,0.0,1.0,1.0,1.0,0.0,1.0,0.0,-3.0517578125e-05,-3.0517578125e-05,-3.0517578125e-05,-3.0517578125e-05,-3.0517578125e-05,-3.0517578125e-05,M,1,2026-08-22_23-06-48,2026-08-23
1.0,1.0,1.0,0.9124423963133641,0.8053691275167785,1.0,1.0,1.0,0.0,1.0,0.0,-3.0517578125e-05,-3.0517578125e-05,-3.0517578125e-05,-3.0517578125e-05,-3.0517578125e-05,-3.0517578125e-05,M,1,2026-08-22_23-06-48,2026-08-23
0.9181818181818182,1.0,0.8686131386861314,0.7695852534562212,0.8053691275167785,1.0,1.0,1.0,0.0,1.0,0.0,-3.0517578125e-05,-3.0517578125e-05,-3.0517578125e-05,-3.0517578125e-05,-3.0517578125e-05,-3.0517578125e-05,M,1,2026-08-22_23-06-48,2026-08-23
1.0,0.9540816326530612,1.0,1.0,1.0,1.0,1.0,1.0,0.0,1.0,0.0,-3.0517578125e-05,-3.0517578125e-05,-3.0517578125e-05,-3.0517578125e-05,-3.0517578125e-05,-3.0517578125e-05,M,1,2026-08-22_23-06-48,2026-08-23
1.0,1.0,0.9927007299270073,0.9447004608294931,1.0,1.0,1.0,1.0,0.0,1.0,0.0,-3.0517578125e-05,-3.0517578125e-05,-3.0517578125e-05,-3.0517578125e-05,-3.0517578125e-05,-3.0517578125e-05,M,1,2026-08-22_23-06-48,2026-08-23
1.0,0.9574829931972789,0.8175182481751825,0.7972350230414746,0.8053691275167785,1.0,1.0,1.0,0.0,1.0,0.0,-3.0517578125e-05,-3.0517578125e-05,-3.0517578125e-05,-3.0517578125e-05,-3.0517578125e-05,-3.0517578125e-05,M,1,2026-08-22_23-06-48,2026-08-23
1.0,0.9404761904761905,0.927007299270073,0.7741935483870968,1.0,1.0,1.0,1.0,0.0,1.0,0.0,-3.0517578125e-05,-3.0517578125e-05,-3.0517578125e-05,-3.0517578125e-05,-3.0517578125e-05,-3.0517578125e-05,M,1,2026-08-22_23-06-48,2026-08-23
0.9981818181818182,0.9727891156462585,0.8175182481751825,0.8018433179723502,0.48322147651006714,1.0,1.0,1.0,0.0,1.0,0.0,-3.0517578125e-05,-3.0517578125e-05,-3.0517578125e-05,-3.0517578125e-05,-3.0517578125e-05,-3.0517578125e-05,M,1,2026-08-22_23-06-48,2026-08-23
1.0,0.9472789115646258,0.916058394160584,0.7972350230414746,0.8053691275167785,1.0,1.0,1.0,0.0,1.0,0.0,-3.0517578125e-05,-3.0517578125e-05,-3.0517578125e-05,-3.0517578125e-05,-3.0517578125e-05,-3.0517578125e-05,M,1,2026-08-22_23-06-48,2026-08-23
0.9981818181818182,1.0,0.9744525547445255,0.8202764976958525,0.2953020134228188,1.0,1.0,1.0,0.0,1.0,0.0,-3.0517578125e-05,-3.0517578125e-05,-3.0517578125e-05,-3.0517578125e-05,-3.0517578125e-05,-3.0517578125e-05,M,1,2026-08-22_23-06-48,2026-08-23
1.0,0.9710884353741497,0.9014598540145985,0.8525345622119815,0.8053691275167785,1.0,1.0,1.0,0.0,1.0,0.0,-3.0517578125e-05,-3.0517578125e-05,-3.0517578125e-05,-3.0517578125e-05,-3.0517578125e-05,-3.0517578125e-05,M,1,2026-08-22_23-06-48,2026-08-23
1.0,0.9727891156462585,0.843065693430657,0.6912442396313364,0.9530201342281879,1.0,1.0,1.0,0.0,1.0,0.0,-3.0517578125e-05,-3.0517578125e-05,-3.0517578125e-05,-3.0517578125e-05,-3.0517578125e-05,-3.0517578125e-05,M,1,2026-08-22_23-06-48,2026-08-23
1.0,0.9778911564625851,0.8759124087591241,0.8433179723502304,0.8053691275167785,1.0,1.0,1.0,0.0,1.0,0.0,-3.0517578125e-05,-3.0517578125e-05,-3.0517578125e-05,-3.0517578125e-05,-3.0517578125e-05,-3.0517578125e-05,M,1,2026-08-22_23-06-48,2026-08-23
1.0,1.0,1.0,1.0,1.0,1.0,1.0,1.0,0.0,1.0,0.0,-3.0517578125e-05,-3.0517578125e-05,-3.0517578125e-05,-3.0517578125e-05,-3.0517578125e-05,-3.0517578125e-05,M,1,2026-08-22_23-06-48,2026-08-23
0.990909090909091,1.0,0.6861313868613139,0.9723502304147466,0.06711409395973154,1.0,1.0,1.0,0.0,1.0,0.0,-3.0517578125e-05,-3.0517578125e-05,-3.0517578125e-05,-3.0517578125e-05,-3.0517578125e-05,-3.0517578125e-05,M,1,2026-08-22_23-06-48,2026-08-23
1.0,0.9523809523809523,0.8394160583941606,0.7972350230414746,0.9395973154362416,1.0,1.0,1.0,0.0,1.0,0.0,-3.0517578125e-05,-3.0517578125e-05,-3.0517578125e-05,-3.0517578125e-05,-3.0517578125e-05,-3.0517578125e-05,M,1,2026-08-22_23-06-48,2026-08-23
1.0,0.9574829931972789,0.9927007299270073,0.7327188940092166,0.9798657718120806,1.0,1.0,1.0,0.0,1.0,0.0,-3.0517578125e-05,-3.0517578125e-05,-3.0517578125e-05,-3.0517578125e-05,-3.0517578125e-05,-3.0517578125e-05,M,1,2026-08-22_23-06-48,2026-08-23
1.0,0.9710884353741497,0.8394160583941606,0.8663594470046083,0.9261744966442953,1.0,1.0,1.0,0.0,1.0,0.0,-3.0517578125e-05,-3.0517578125e-05,-3.0517578125e-05,-3.0517578125e-05,-3.0517578125e-05,-3.0517578125e-05,M,1,2026-08-22_23-06-48,2026-08-23
0.9781818181818182,0.9659863945578231,0.8722627737226277,0.815668202764977,0.8053691275167785,1.0,1.0,1.0,0.0,1.0,0.0,-3.0517578125e-05,-3.0517578125e-05,-3.0517578125e-05,-3.0517578125e-05,-3.0517578125e-05,-3.0517578125e-05,M,1,2026-08-22_23-06-48,2026-08-23
1.0,0.9948979591836735,0.948905109489051,0.8248847926267281,1.0,1.0,1.0,1.0,0.0,1.0,0.0,-3.0517578125e-05,-3.0517578125e-05,-3.0517578125e-05,-3.0517578125e-05,-3.0517578125e-05,-3.0517578125e-05,M,1,2026-08-22_23-06-48,2026-08-23
0.9981818181818182,0.9064625850340136,0.8211678832116789,0.9262672811059908,0.348993288590604,1.0,1.0,1.0,0.0,1.0,0.0,-3.0517578125e-05,-3.0517578125e-05,-3.0517578125e-05,-3.0517578125e-05,-3.0517578125e-05,-3.0517578125e-05,M,1,2026-08-22_23-06-48,2026-08-23
1.0,1.0,0.9671532846715328,0.6543778801843319,1.0,1.0,1.0,1.0,0.0,1.0,0.0,-3.0517578125e-05,-3.0517578125e-05,-3.0517578125e-05,-3.0517578125e-05,-3.0517578125e-05,-3.0517578125e-05,M,1,2026-08-22_23-06-48,2026-08-23
1.0,1.0,1.0,0.8064516129032258,1.0,1.0,1.0,1.0,0.0,1.0,0.0,-3.0517578125e-05,-3.0517578125e-05,-3.0517578125e-05,-3.0517578125e-05,-3.0517578125e-05,-3.0517578125e-05,M,1,2026-08-22_23-06-48,2026-08-23
1.0,0.9948979591836735,0.7956204379562044,1.0,0.2550335570469799,1.0,1.0,1.0,0.0,1.0,0.0,-3.0517578125e-05,-3.0517578125e-05,-3.0517578125e-05,-3.0517578125e-05,-3.0517578125e-05,-3.0517578125e-05,M,1,2026-08-22_23-06-48,2026-08-23
0.98,0.9625850340136054,0.9051094890510949,1.0,0.8053691275167785,1.0,1.0,1.0,0.0,1.0,0.0,-3.0517578125e-05,-3.0517578125e-05,-3.0517578125e-05,-3.0517578125e-05,-3.0517578125e-05,-3.0517578125e-05,M,1,2026-08-22_23-06-48,2026-08-23
0.9963636363636363,0.9455782312925171,0.781021897810219,0.695852534562212,0.1610738255033557,1.0,1.0,1.0,0.0,1.0,0.0,-3.0517578125e-05,-3.0517578125e-05,-3.0517578125e-05,-3.0517578125e-05,-3.0517578125e-05,-3.0517578125e-05,M,1,2026-08-22_23-06-48,2026-08-23
0.9363636363636364,1.0,1.0,0.9585253456221198,0.8053691275167785,1.0,1.0,1.0,0.0,1.0,0.0,-3.0517578125e-05,-3.0517578125e-05,-3.0517578125e-05,-3.0517578125e-05,-3.0517578125e-05,-3.0517578125e-05,M,1,2026-08-22_23-06-48,2026-08-23
1.0,0.9387755102040817,0.8394160583941606,0.9539170506912442,0.8053691275167785,1.0,1.0,1.0,0.0,1.0,0.0,-3.0517578125e-05,-3.0517578125e-05,-3.0517578125e-05,-3.0517578125e-05,-3.0517578125e-05,-3.0517578125e-05,M,1,2026-08-22_23-06-48,2026-08-23
1.0,0.9591836734693877,0.9927007299270073,0.7695852534562212,0.8053691275167785,1.0,1.0,1.0,0.0,1.0,0.0,-3.0517578125e-05,-3.0517578125e-05,-3.0517578125e-05,-3.0517578125e-05,-3.0517578125e-05,-3.0517578125e-05,M,1,2026-08-22_23-06-48,2026-08-23
0.9872727272727273,1.0,0.9416058394160584,0.880184331797235,0.33557046979865773,1.0,1.0,1.0,0.0,1.0,0.0,-3.0517578125e-05,-3.0517578125e-05,-3.0517578125e-05,-3.0517578125e-05,-3.0517578125e-05,-3.0517578125e-05,M,1,2026-08-22_23-06-48,2026-08-23
0.9418181818181818,0.9778911564625851,0.8394160583941606,0.8018433179723502,0.8053691275167785,1.0,1.0,1.0,0.0,1.0,0.0,-3.0517578125e-05,-3.0517578125e-05,-3.0517578125e-05,-3.0517578125e-05,-3.0517578125e-05,-3.0517578125e-05,M,1,2026-08-22_23-06-48,2026-08-23
1.0,0.9455782312925171,0.927007299270073,0.6774193548387096,1.0,1.0,1.0,1.0,0.0,1.0,0.0,-3.0517578125e-05,-3.0517578125e-05,-3.0517578125e-05,-3.0517578125e-05,-3.0517578125e-05,-3.0517578125e-05,M,1,2026-08-22_23-06-48,2026-08-23
1.0,0.9727891156462585,0.8138686131386861,0.7188940092165899,1.0,1.0,1.0,1.0,0.0,1.0,0.0,-3.0517578125e-05,-3.0517578125e-05,-3.0517578125e-05,-3.0517578125e-05,-3.0517578125e-05,-3.0517578125e-05,M,1,2026-08-22_23-06-48,2026-08-23
0.9127272727272727,1.0,0.6423357664233577,0.7419354838709677,0.21476510067114093,1.0,1.0,1.0,0.0,1.0,0.0,-3.0517578125e-05,-3.0517578125e-05,-3.0517578125e-05,-3.0517578125e-05,-3.0517578125e-05,-3.0517578125e-05,M,2,2026-08-22_23-06-48,2026-08-23
1.0,1.0,0.9890510948905109,0.8847926267281107,0.9932885906040269,1.0,1.0,1.0,0.0,1.0,0.0,-3.0517578125e-05,-3.0517578125e-05,-3.0517578125e-05,-3.0517578125e-05,-3.0517578125e-05,-3.0517578125e-05,M,2,2026-08-22_23-06-48,2026-08-23
1.0,1.0,1.0,0.9723502304147466,0.9932885906040269,1.0,1.0,1.0,0.0,1.0,0.0,-3.0517578125e-05,-3.0517578125e-05,-3.0517578125e-05,-3.0517578125e-05,-3.0517578125e-05,-3.0517578125e-05,M,2,2026-08-22_23-06-48,2026-08-23
0.9981818181818182,1.0,0.8503649635036497,0.7235023041474654,0.9395973154362416,1.0,1.0,1.0,0.0,1.0,0.0,-3.0517578125e-05,-3.0517578125e-05,-3.0517578125e-05,-3.0517578125e-05,-3.0517578125e-05,-3.0517578125e-05,M,2,2026-08-22_23-06-48,2026-08-23
1.0,1.0,0.7591240875912408,0.8709677419354839,0.8590604026845637,1.0,1.0,1.0,0.0,1.0,0.0,-3.0517578125e-05,-3.0517578125e-05,-3.0517578125e-05,-3.0517578125e-05,-3.0517578125e-05,-3.0517578125e-05,M,2,2026-08-22_23-06-48,2026-08-23
0.9218181818181819,1.0,0.7591240875912408,1.0,0.33557046979865773,1.0,1.0,1.0,0.0,1.0,0.0,-3.0517578125e-05,-3.0517578125e-05,-3.0517578125e-05,-3.0517578125e-05,-3.0517578125e-05,-3.0517578125e-05,M,2,2026-08-22_23-06-48,2026-08-23
1.0,1.0,1.0,0.7327188940092166,1.0,1.0,1.0,1.0,0.0,1.0,0.0,-3.0517578125e-05,-3.0517578125e-05,-3.0517578125e-05,-3.0517578125e-05,-3.0517578125e-05,-3.0517578125e-05,M,2,2026-08-22_23-06-48,2026-08-23
0.8727272727272727,1.0,0.8065693430656934,1.0,0.8053691275167785,1.0,1.0,1.0,0.0,1.0,0.0,-3.0517578125e-05,-3.0517578125e-05,-3.0517578125e-05,-3.0517578125e-05,-3.0517578125e-05,-3.0517578125e-05,M,2,2026-08-22_23-06-48,2026-08-23
0.9581818181818181,1.0,1.0,0.6589861751152074,1.0,1.0,1.0,1.0,0.0,1.0,0.0,-3.0517578125e-05,-3.0517578125e-05,-3.0517578125e-05,-3.0517578125e-05,-3.0517578125e-05,-3.0517578125e-05,M,2,2026-08-22_23-06-48,2026-08-23
0.9109090909090909,1.0,0.7591240875912408,0.8387096774193549,0.8053691275167785,1.0,1.0,1.0,0.0,1.0,0.0,-3.0517578125e-05,-3.0517578125e-05,-3.0517578125e-05,-3.0517578125e-05,-3.0517578125e-05,-3.0517578125e-05,M,2,2026-08-22_23-06-48,2026-08-23
0.92,1.0,0.8759124087591241,1.0,0.3221476510067114,1.0,1.0,1.0,0.0,1.0,0.0,-3.0517578125e-05,-3.0517578125e-05,-3.0517578125e-05,-3.0517578125e-05,-3.0517578125e-05,-3.0517578125e-05,M,2,2026-08-22_23-06-48,2026-08-23
0.8781818181818182,1.0,0.6751824817518248,1.0,0.8053691275167785,1.0,1.0,1.0,0.0,1.0,0.0,-3.0517578125e-05,-3.0517578125e-05,-3.0517578125e-05,-3.0517578125e-05,-3.0517578125e-05,-3.0517578125e-05,M,2,2026-08-22_23-06-48,2026-08-23
1.0,1.0,1.0,0.7096774193548387,1.0,1.0,1.0,1.0,0.0,1.0,0.0,-3.0517578125e-05,-3.0517578125e-05,-3.0517578125e-05,-3.0517578125e-05,-3.0517578125e-05,-3.0517578125e-05,M,2,2026-08-22_23-06-48,2026-08-23
0.9690909090909091,1.0,0.9233576642335767,0.7419354838709677,0.8053691275167785,1.0,1.0,1.0,0.0,1.0,0.0,-3.0517578125e-05,-3.0517578125e-05,-3.0517578125e-05,-3.0517578125e-05,-3.0517578125e-05,-3.0517578125e-05,M,2,2026-08-22_23-06-48,2026-08-23
0.94,1.0,0.864963503649635,0.9723502304147466,0.912751677852349,1.0,1.0,1.0,0.0,1.0,0.0,-3.0517578125e-05,-3.0517578125e-05,-3.0517578125e-05,-3.0517578125e-05,-3.0517578125e-05,-3.0517578125e-05,M,2,2026-08-22_23-06-48,2026-08-23
1.0,1.0,0.8029197080291971,0.8940092165898618,0.8053691275167785,1.0,1.0,1.0,0.0,1.0,0.0,-3.0517578125e-05,-3.0517578125e-05,-3.0517578125e-05,-3.0517578125e-05,-3.0517578125e-05,-3.0517578125e-05,M,2,2026-08-22_23-06-48,2026-08-23
1.0,1.0,0.8175182481751825,0.8847926267281107,1.0,1.0,1.0,1.0,0.0,1.0,0.0,-3.0517578125e-05,-3.0517578125e-05,-3.0517578125e-05,-3.0517578125e-05,-3.0517578125e-05,-3.0517578125e-05,M,2,2026-08-22_23-06-48,2026-08-23
1.0,1.0,0.8795620437956204,0.7603686635944701,0.8053691275167785,1.0,1.0,1.0,0.0,1.0,0.0,-3.0517578125e-05,-3.0517578125e-05,-3.0517578125e-05,-3.0517578125e-05,-3.0517578125e-05,-3.0517578125e-05,M,2,2026-08-22_23-06-48,2026-08-23
0.9890909090909091,1.0,1.0,0.511520737327189,1.0,1.0,1.0,1.0,0.0,1.0,0.0,-3.0517578125e-05,-3.0517578125e-05,-3.0517578125e-05,-3.0517578125e-05,-3.0517578125e-05,-3.0517578125e-05,M,2,2026-08-22_23-06-48,2026-08-23
0.9145454545454546,1.0,0.7846715328467153,1.0,0.1476510067114094,1.0,1.0,1.0,0.0,1.0,0.0,-3.0517578125e-05,-3.0517578125e-05,-3.0517578125e-05,-3.0517578125e-05,-3.0517578125e-05,-3.0517578125e-05,M,2,2026-08-22_23-06-48,2026-08-23
0.8472727272727273,1.0,0.9927007299270073,0.9585253456221198,0.4161073825503356,1.0,1.0,1.0,0.0,1.0,0.0,-3.0517578125e-05,-3.0517578125e-05,-3.0517578125e-05,-3.0517578125e-05,-3.0517578125e-05,-3.0517578125e-05,M,2,2026-08-22_23-06-48,2026-08-23
0.8927272727272727,1.0,0.7043795620437956,0.8847926267281107,0.42953020134228187,1.0,1.0,1.0,0.0,1.0,0.0,-3.0517578125e-05,-3.0517578125e-05,-3.0517578125e-05,-3.0517578125e-05,-3.0517578125e-05,-3.0517578125e-05,M,2,2026-08-22_23-06-48,2026-08-23
0.9981818181818182,1.0,0.8138686131386861,0.9354838709677419,0.3221476510067114,1.0,1.0,1.0,0.0,1.0,0.0,-3.0517578125e-05,-3.0517578125e-05,-3.0517578125e-05,-3.0517578125e-05,-3.0517578125e-05,-3.0517578125e-05,M,2,2026-08-22_23-06-48,2026-08-23
0.9109090909090909,1.0,1.0,0.7373271889400922,1.0,1.0,1.0,1.0,0.0,1.0,0.0,-3.0517578125e-05,-3.0517578125e-05,-3.0517578125e-05,-3.0517578125e-05,-3.0517578125e-05,-3.0517578125e-05,M,2,2026-08-22_23-06-48,2026-08-23
0.9927272727272727,1.0,1.0,0.6221198156682027,1.0,1.0,1.0,1.0,0.0,1.0,0.0,-3.0517578125e-05,-3.0517578125e-05,-3.0517578125e-05,-3.0517578125e-05,-3.0517578125e-05,-3.0517578125e-05,M,2,2026-08-22_23-06-48,2026-08-23
1.0,1.0,1.0,0.7880184331797235,1.0,1.0,1.0,1.0,0.0,1.0,0.0,-3.0517578125e-05,-3.0517578125e-05,-3.0517578125e-05,-3.0517578125e-05,-3.0517578125e-05,-3.0517578125e-05,M,2,2026-08-22_23-06-48,2026-08-23
1.0,1.0,0.1678832116788321,0.6912442396313364,0.9395973154362416,1.0,1.0,1.0,0.0,1.0,0.0,-3.0517578125e-05,-3.0517578125e-05,-3.0517578125e-05,-3.0517578125e-05,-3.0517578125e-05,-3.0517578125e-05,M,2,2026-08-22_23-06-48,2026-08-23
1.0,1.0,0.927007299270073,1.0,1.0,1.0,1.0,1.0,0.0,1.0,0.0,-3.0517578125e-05,-3.0517578125e-05,-3.0517578125e-05,-3.0517578125e-05,-3.0517578125e-05,-3.0517578125e-05,M,2,2026-08-22_23-06-48,2026-08-23
1.0,1.0,1.0,1.0,1.0,1.0,1.0,1.0,0.0,1.0,0.0,-3.0517578125e-05,-3.0517578125e-05,-3.0517578125e-05,-3.0517578125e-05,-3.0517578125e-05,-3.0517578125e-05,M,2,2026-08-22_23-06-48,2026-08-23
1.0,1.0,0.7116788321167883,0.8110599078341014,1.0,1.0,1.0,1.0,0.0,1.0,0.0,-3.0517578125e-05,-3.0517578125e-05,-3.0517578125e-05,-3.0517578125e-05,-3.0517578125e-05,-3.0517578125e-05,M,2,2026-08-22_23-06-48,2026-08-23
1.0,1.0,1.0,0.8847926267281107,1.0,1.0,1.0,1.0,0.0,1.0,0.0,-3.0517578125e-05,-3.0517578125e-05,-3.0517578125e-05,-3.0517578125e-05,-3.0517578125e-05,-3.0517578125e-05,M,2,2026-08-22_23-06-48,2026-08-23
1.0,1.0,0.9671532846715328,0.9078341013824884,1.0,1.0,1.0,1.0,0.0,1.0,0.0,-3.0517578125e-05,-3.0517578125e-05,-3.0517578125e-05,-3.0517578125e-05,-3.0517578125e-05,-3.0517578125e-05,M,2,2026-08-22_23-06-48,2026-08-23
0.8472727272727273,1.0,0.9708029197080292,0.8709677419354839,0.8590604026845637,1.0,1.0,1.0,0.0,1.0,0.0,-3.0517578125e-05,-3.0517578125e-05,-3.0517578125e-05,-3.0517578125e-05,-3.0517578125e-05,-3.0517578125e-05,M,2,2026-08-22_23-06-48,2026-08-23
1.0,1.0,0.6751824817518248,0.9032258064516129,0.9798657718120806,1.0,1.0,1.0,0.0,1.0,0.0,-3.0517578125e-05,-3.0517578125e-05,-3.0517578125e-05,-3.0517578125e-05,-3.0517578125e-05,-3.0517578125e-05,M,2,2026-08-22_23-06-48,2026-08-23
0.9981818181818182,1.0,0.9233576642335767,0.6866359447004609,0.8053691275167785,1.0,1.0,1.0,0.0,1.0,0.0,-3.0517578125e-05,-3.0517578125e-05,-3.0517578125e-05,-3.0517578125e-05,-3.0517578125e-05,-3.0517578125e-05,M,2,2026-08-22_23-06-48,2026-08-23
1.0,1.0,0.8686131386861314,1.0,0.8053691275167785,1.0,1.0,1.0,0.0,1.0,0.0,-3.0517578125e-05,-3.0517578125e-05,-3.0517578125e-05,-3.0517578125e-05,-3.0517578125e-05,-3.0517578125e-05,M,2,2026-08-22_23-06-48,2026-08-23
1.0,1.0,0.8722627737226277,0.7188940092165899,0.8053691275167785,1.0,1.0,1.0,0.0,1.0,0.0,-3.0517578125e-05,-3.0517578125e-05,-3.0517578125e-05,-3.0517578125e-05,-3.0517578125e-05,-3.0517578125e-05,M,2,2026-08-22_23-06-48,2026-08-23
1.0,1.0,0.7773722627737226,0.6036866359447005,0.8053691275167785,1.0,1.0,1.0,0.0,1.0,0.0,-3.0517578125e-05,-3.0517578125e-05,-3.0517578125e-05,-3.0517578125e-05,-3.0517578125e-05,-3.0517578125e-05,M,2,2026-08-22_23-06-48,2026-08-23
1.0,1.0,0.7226277372262774,0.9585253456221198,0.8053691275167785,1.0,1.0,1.0,0.0,1.0,0.0,-3.0517578125e-05,-3.0517578125e-05,-3.0517578125e-05,-3.0517578125e-05,-3.0517578125e-05,-3.0517578125e-05,M,2,2026-08-22_23-06-48,2026-08-23
1.0,1.0,1.0,0.7465437788018433,1.0,1.0,1.0,1.0,0.0,1.0,0.0,-3.0517578125e-05,-3.0517578125e-05,-3.0517578125e-05,-3.0517578125e-05,-3.0517578125e-05,-3.0517578125e-05,M,2,2026-08-22_23-06-48,2026-08-23
0.9981818181818182,0.9540816326530612,0.8321167883211679,0.8663594470046083,0.9395973154362416,1.0,1.0,1.0,0.0,1.0,0.0,-3.0517578125e-05,-3.0517578125e-05,-3.0517578125e-05,-3.0517578125e-05,-3.0517578125e-05,-3.0517578125e-05,M,3,2026-08-22_23-06-48,2026-08-23
0.9727272727272728,0.9982993197278912,0.948905109489051,0.9493087557603687,1.0,1.0,1.0,1.0,0.0,1.0,0.0,-3.0517578125e-05,-3.0517578125e-05,-3.0517578125e-05,-3.0517578125e-05,-3.0517578125e-05,-3.0517578125e-05,M,3,2026-08-22_23-06-48,2026-08-23
1.0,0.9642857142857143,0.8503649635036497,0.8248847926267281,0.8053691275167785,1.0,1.0,1.0,0.0,1.0,0.0,-3.0517578125e-05,-3.0517578125e-05,-3.0517578125e-05,-3.0517578125e-05,-3.0517578125e-05,-3.0517578125e-05,M,3,2026-08-22_23-06-48,2026-08-23
0.9636363636363636,0.9132653061224489,0.8759124087591241,0.8847926267281107,0.87248322147651,1.0,1.0,1.0,0.0,1.0,0.0,-3.0517578125e-05,-3.0517578125e-05,-3.0517578125e-05,-3.0517578125e-05,-3.0517578125e-05,-3.0517578125e-05,M,3,2026-08-22_23-06-48,2026-08-23
1.0,0.9115646258503401,0.7518248175182481,0.8617511520737328,1.0,1.0,1.0,1.0,0.0,1.0,0.0,-3.0517578125e-05,-3.0517578125e-05,-3.0517578125e-05,-3.0517578125e-05,-3.0517578125e-05,-3.0517578125e-05,M,3,2026-08-22_23-06-48,2026-08-23
0.9981818181818182,0.9880952380952381,0.8138686131386861,0.7142857142857143,1.0,1.0,1.0,1.0,0.0,1.0,0.0,-3.0517578125e-05,-3.0517578125e-05,-3.0517578125e-05,-3.0517578125e-05,-3.0517578125e-05,-3.0517578125e-05,M,3,2026-08-22_23-06-48,2026-08-23
1.0,1.0,0.7554744525547445,1.0,0.4161073825503356,1.0,1.0,1.0,0.0,1.0,0.0,-3.0517578125e-05,-3.0517578125e-05,-3.0517578125e-05,-3.0517578125e-05,-3.0517578125e-05,-3.0517578125e-05,M,3,2026-08-22_23-06-48,2026-08-23
0.9890909090909091,0.9404761904761905,0.7408759124087592,0.967741935483871,1.0,1.0,1.0,1.0,0.0,1.0,0.0,-3.0517578125e-05,-3.0517578125e-05,-3.0517578125e-05,-3.0517578125e-05,-3.0517578125e-05,-3.0517578125e-05,M,3,2026-08-22_23-06-48,2026-08-23
0.9672727272727273,1.0,0.8941605839416058,1.0,1.0,1.0,1.0,1.0,0.0,1.0,0.0,-3.0517578125e-05,-3.0517578125e-05,-3.0517578125e-05,-3.0517578125e-05,-3.0517578125e-05,-3.0517578125e-05,M,3,2026-08-22_23-06-48,2026-08-23
1.0,1.0,0.8941605839416058,0.7142857142857143,0.8053691275167785,1.0,1.0,1.0,0.0,1.0,0.0,-3.0517578125e-05,-3.0517578125e-05,-3.0517578125e-05,-3.0517578125e-05,-3.0517578125e-05,-3.0517578125e-05,M,3,2026-08-22_23-06-48,2026-08-23
1.0,0.9574829931972789,0.8284671532846716,0.8847926267281107,1.0,1.0,1.0,1.0,0.0,1.0,0.0,-3.0517578125e-05,-3.0517578125e-05,-3.0517578125e-05,-3.0517578125e-05,-3.0517578125e-05,-3.0517578125e-05,M,3,2026-08-22_23-06-48,2026-08-23
0.9854545454545455,1.0,0.8211678832116789,0.8018433179723502,0.8053691275167785,1.0,1.0,1.0,0.0,1.0,0.0,-3.0517578125e-05,-3.0517578125e-05,-3.0517578125e-05,-3.0517578125e-05,-3.0517578125e-05,-3.0517578125e-05,M,3,2026-08-22_23-06-48,2026-08-23
1.0,1.0,0.708029197080292,0.7603686635944701,0.87248322147651,1.0,1.0,1.0,0.0,1.0,0.0,-3.0517578125e-05,-3.0517578125e-05,-3.0517578125e-05,-3.0517578125e-05,-3.0517578125e-05,-3.0517578125e-05,M,3,2026-08-22_23-06-48,2026-08-23
0.9763636363636363,0.9251700680272109,1.0,0.9262672811059908,0.8053691275167785,1.0,1.0,1.0,0.0,1.0,0.0,-3.0517578125e-05,-3.0517578125e-05,-3.0517578125e-05,-3.0517578125e-05,-3.0517578125e-05,-3.0517578125e-05,M,3,2026-08-22_23-06-48,2026-08-23
0.9618181818181818,0.9693877551020408,0.791970802919708,0.8571428571428571,0.8053691275167785,1.0,1.0,1.0,0.0,1.0,0.0,-3.0517578125e-05,-3.0517578125e-05,-3.0517578125e-05,-3.0517578125e-05,-3.0517578125e-05,-3.0517578125e-05,M,3,2026-08-22_23-06-48,2026-08-23
0.9981818181818182,1.0,0.7408759124087592,0.8018433179723502,0.9798657718120806,1.0,1.0,1.0,0.0,1.0,0.0,-3.0517578125e-05,-3.0517578125e-05,-3.0517578125e-05,-3.0517578125e-05,-3.0517578125e-05,-3.0517578125e-05,M,3,2026-08-22_23-06-48,2026-08-23
0.94,1.0,0.8321167883211679,0.8709677419354839,0.33557046979865773,1.0,1.0,1.0,0.0,1.0,0.0,-3.0517578125e-05,-3.0517578125e-05,-3.0517578125e-05,-3.0517578125e-05,-3.0517578125e-05,-3.0517578125e-05,M,3,2026-08-22_23-06-48,2026-08-23
0.9981818181818182,1.0,0.9890510948905109,0.7695852534562212,0.8053691275167785,1.0,1.0,1.0,0.0,1.0,0.0,-3.0517578125e-05,-3.0517578125e-05,-3.0517578125e-05,-3.0517578125e-05,-3.0517578125e-05,-3.0517578125e-05,M,3,2026-08-22_23-06-48,2026-08-23
1.0,0.9914965986394558,0.9233576642335767,1.0,1.0,1.0,1.0,1.0,0.0,1.0,0.0,-3.0517578125e-05,-3.0517578125e-05,-3.0517578125e-05,-3.0517578125e-05,-3.0517578125e-05,-3.0517578125e-05,M,3,2026-08-22_23-06-48,2026-08-23
1.0,0.9064625850340136,0.8941605839416058,0.6820276497695853,0.1476510067114094,1.0,1.0,1.0,0.0,1.0,0.0,-3.0517578125e-05,-3.0517578125e-05,-3.0517578125e-05,-3.0517578125e-05,-3.0517578125e-05,-3.0517578125e-05,M,3,2026-08-22_23-06-48,2026-08-23
1.0,0.8792517006802721,0.6824817518248175,1.0,1.0,1.0,1.0,1.0,0.0,1.0,0.0,-3.0517578125e-05,-3.0517578125e-05,-3.0517578125e-05,-3.0517578125e-05,-3.0517578125e-05,-3.0517578125e-05,M,3,2026-08-22_23-06-48,2026-08-23
1.0,0.9625850340136054,0.5875912408759124,1.0,1.0,1.0,1.0,1.0,0.0,1.0,0.0,-3.0517578125e-05,-3.0517578125e-05,-3.0517578125e-05,-3.0517578125e-05,-3.0517578125e-05,-3.0517578125e-05,M,3,2026-08-22_23-06-48,2026-08-23
1.0,0.8486394557823129,0.916058394160584,0.8847926267281107,1.0,1.0,1.0,1.0,0.0,1.0,0.0,-3.0517578125e-05,-3.0517578125e-05,-3.0517578125e-05,-3.0517578125e-05,-3.0517578125e-05,-3.0517578125e-05,M,3,2026-08-22_23-06-48,2026-08-23
0.9218181818181819,1.0,0.6788321167883211,1.0,1.0,1.0,1.0,1.0,0.0,1.0,0.0,-3.0517578125e-05,-3.0517578125e-05,-3.0517578125e-05,-3.0517578125e-05,-3.0517578125e-05,-3.0517578125e-05,M,3,2026-08-22_23-06-48,2026-08-23
1.0,1.0,0.6423357664233577,1.0,1.0,1.0,1.0,1.0,0.0,1.0,0.0,-3.0517578125e-05,-3.0517578125e-05,-3.0517578125e-05,-3.0517578125e-05,-3.0517578125e-05,-3.0517578125e-05,M,3,2026-08-22_23-06-48,2026-08-23
0.9109090909090909,0.9948979591836735,0.9525547445255474,0.6405529953917051,0.4966442953020134,1.0,1.0,1.0,0.0,1.0,0.0,-3.0517578125e-05,-3.0517578125e-05,-3.0517578125e-05,-3.0517578125e-05,-3.0517578125e-05,-3.0517578125e-05,M,3,2026-08-22_23-06-48,2026-08-23
0.9145454545454546,1.0,0.864963503649635,0.8617511520737328,0.24161073825503357,1.0,1.0,1.0,0.0,1.0,0.0,-3.0517578125e-05,-3.0517578125e-05,-3.0517578125e-05,-3.0517578125e-05,-3.0517578125e-05,-3.0517578125e-05,M,3,2026-08-22_23-06-48,2026-08-23
1.0,0.9251700680272109,0.9124087591240876,0.7603686635944701,0.8187919463087249,1.0,1.0,1.0,0.0,1.0,0.0,-3.0517578125e-05,-3.0517578125e-05,-3.0517578125e-05,-3.0517578125e-05,-3.0517578125e-05,-3.0517578125e-05,M,3,2026-08-22_23-06-48,2026-08-23
1.0,0.8809523809523809,0.8978102189781022,0.7327188940092166,0.8053691275167785,1.0,1.0,1.0,0.0,1.0,0.0,-3.0517578125e-05,-3.0517578125e-05,-3.0517578125e-05,-3.0517578125e-05,-3.0517578125e-05,-3.0517578125e-05,M,3,2026-08-22_23-06-48,2026-08-23
1.0,0.9098639455782312,0.8832116788321168,0.9447004608294931,0.87248322147651,1.0,1.0,1.0,0.0,1.0,0.0,-3.0517578125e-05,-3.0517578125e-05,-3.0517578125e-05,-3.0517578125e-05,-3.0517578125e-05,-3.0517578125e-05,M,3,2026-08-22_23-06-48,2026-08-23
0.9527272727272728,1.0,1.0,0.8202764976958525,0.3087248322147651,1.0,1.0,1.0,0.0,1.0,0.0,-3.0517578125e-05,-3.0517578125e-05,-3.0517578125e-05,-3.0517578125e-05,-3.0517578125e-05,-3.0517578125e-05,M,3,2026-08-22_23-06-48,2026-08-23
1.0,1.0,0.5875912408759124,1.0,1.0,1.0,1.0,1.0,0.0,1.0,0.0,-3.0517578125e-05,-3.0517578125e-05,-3.0517578125e-05,-3.0517578125e-05,-3.0517578125e-05,-3.0517578125e-05,M,3,2026-08-22_23-06-48,2026-08-23
0.9981818181818182,0.9200680272108843,0.9927007299270073,0.7373271889400922,0.21476510067114093,1.0,1.0,1.0,0.0,1.0,0.0,-3.0517578125e-05,-3.0517578125e-05,-3.0517578125e-05,-3.0517578125e-05,-3.0517578125e-05,-3.0517578125e-05,M,3,2026-08-22_23-06-48,2026-08-23
1.0,1.0,0.6605839416058394,1.0,1.0,1.0,1.0,1.0,0.0,1.0,0.0,-3.0517578125e-05,-3.0517578125e-05,-3.0517578125e-05,-3.0517578125e-05,-3.0517578125e-05,-3.0517578125e-05,M,3,2026-08-22_23-06-48,2026-08-23
1.0,0.9081632653061225,0.9525547445255474,0.9447004608294931,0.8053691275167785,1.0,1.0,1.0,0.0,1.0,0.0,-3.0517578125e-05,-3.0517578125e-05,-3.0517578125e-05,-3.0517578125e-05,-3.0517578125e-05,-3.0517578125e-05,M,3,2026-08-22_23-06-48,2026-08-23
0.9636363636363636,1.0,0.708029197080292,1.0,1.0,1.0,1.0,1.0,0.0,1.0,0.0,-3.0517578125e-05,-3.0517578125e-05,-3.0517578125e-05,-3.0517578125e-05,-3.0517578125e-05,-3.0517578125e-05,M,3,2026-08-22_23-06-48,2026-08-23
1.0,0.9132653061224489,1.0,0.8525345622119815,1.0,1.0,1.0,1.0,0.0,1.0,0.0,-3.0517578125e-05,-3.0517578125e-05,-3.0517578125e-05,-3.0517578125e-05,-3.0517578125e-05,-3.0517578125e-05,M,3,2026-08-22_23-06-48,2026-08-23
1.0,0.9166666666666666,0.916058394160584,0.6866359447004609,0.912751677852349,1.0,1.0,1.0,0.0,1.0,0.0,-3.0517578125e-05,-3.0517578125e-05,-3.0517578125e-05,-3.0517578125e-05,-3.0517578125e-05,-3.0517578125e-05,M,3,2026-08-22_23-06-48,2026-08-23
0.8781818181818182,0.9795918367346939,0.9744525547445255,1.0,0.8053691275167785,1.0,1.0,1.0,0.0,1.0,0.0,-3.0517578125e-05,-3.0517578125e-05,-3.0517578125e-05,-3.0517578125e-05,-3.0517578125e-05,-3.0517578125e-05,M,3,2026-08-22_23-06-48,2026-08-23
0.9872727272727273,1.0,0.8540145985401459,1.0,0.8053691275167785,1.0,1.0,1.0,0.0,1.0,0.0,-3.0517578125e-05,-3.0517578125e-05,-3.0517578125e-05,-3.0517578125e-05,-3.0517578125e-05,-3.0517578125e-05,M,3,2026-08-22_23-06-48,2026-08-23
0.7581818181818182,0.7261904761904762,0.7116788321167883,0.1889400921658986,0.0,0.0,1.0,1.0,0.0,1.0,0.0,-3.0517578125e-05,-3.0517578125e-05,-3.0517578125e-05,-3.0517578125e-05,-3.0517578125e-05,-3.0517578125e-05,M,4,2026-08-22_23-06-48,2026-08-23
1.0,1.0,0.8357664233576643,1.0,0.0,0.0,1.0,1.0,0.0,1.0,0.0,-3.0517578125e-05,-3.0517578125e-05,-3.0517578125e-05,-3.0517578125e-05,-3.0517578125e-05,-3.0517578125e-05,M,4,2026-08-22_23-06-48,2026-08-23
0.8618181818181818,0.8826530612244898,0.42700729927007297,0.783410138248848,1.0,0.0,1.0,1.0,0.0,1.0,0.0,-3.0517578125e-05,-3.0517578125e-05,-3.0517578125e-05,-3.0517578125e-05,-3.0517578125e-05,-3.0517578125e-05,M,4,2026-08-22_23-06-48,2026-08-23
0.8818181818181818,0.8367346938775511,0.7335766423357665,0.2764976958525346,0.0,0.0,1.0,1.0,0.0,1.0,0.0,-3.0517578125e-05,-3.0517578125e-05,-3.0517578125e-05,-3.0517578125e-05,-3.0517578125e-05,-3.0517578125e-05,M,4,2026-08-22_23-06-48,2026-08-23
1.0,1.0,1.0,1.0,1.0,0.0,1.0,1.0,0.0,1.0,0.0,-3.0517578125e-05,-3.0517578125e-05,-3.0517578125e-05,-3.0517578125e-05,-3.0517578125e-05,-3.0517578125e-05,M,4,2026-08-22_23-06-48,2026-08-23
0.9690909090909091,1.0,0.8686131386861314,1.0,1.0,0.0,1.0,1.0,0.0,1.0,0.0,-3.0517578125e-05,-3.0517578125e-05,-3.0517578125e-05,-3.0517578125e-05,-3.0517578125e-05,-3.0517578125e-05,M,4,2026-08-22_23-06-48,2026-08-23
0.8927272727272727,0.9795918367346939,1.0,0.5990783410138248,0.1342281879194631,0.0,1.0,1.0,0.0,1.0,0.0,-3.0517578125e-05,-3.0517578125e-05,-3.0517578125e-05,-3.0517578125e-05,-3.0517578125e-05,-3.0517578125e-05,M,4,2026-08-22_23-06-48,2026-08-23
0.9490909090909091,1.0,1.0,0.8940092165898618,0.8053691275167785,0.0,1.0,1.0,0.0,1.0,0.0,-3.0517578125e-05,-3.0517578125e-05,-3.0517578125e-05,-3.0517578125e-05,-3.0517578125e-05,-3.0517578125e-05,M,4,2026-08-22_23-06-48,2026-08-23
1.0,1.0,0.8868613138686131,0.8387096774193549,1.0,0.0,1.0,1.0,0.0,1.0,0.0,-3.0517578125e-05,-3.0517578125e-05,-3.0517578125e-05,-3.0517578125e-05,-3.0517578125e-05,-3.0517578125e-05,M,4,2026-08-22_23-06-48,2026-08-23
0.9981818181818182,1.0,0.8613138686131386,1.0,1.0,0.0,1.0,1.0,0.0,1.0,0.0,-3.0517578125e-05,-3.0517578125e-05,-3.0517578125e-05,-3.0517578125e-05,-3.0517578125e-05,-3.0517578125e-05,M,4,2026-08-22_23-06-48,2026-08-23
1.0,1.0,1.0,0.9032258064516129,0.4563758389261745,0.0,1.0,1.0,0.0,1.0,0.0,-3.0517578125e-05,-3.0517578125e-05,-3.0517578125e-05,-3.0517578125e-05,-3.0517578125e-05,-3.0517578125e-05,M,4,2026-08-22_23-06-48,2026-08-23
0.9745454545454545,0.9931972789115646,1.0,0.8571428571428571,0.2953020134228188,0.0,1.0,1.0,0.0,1.0,0.0,-3.0517578125e-05,-3.0517578125e-05,-3.0517578125e-05,-3.0517578125e-05,-3.0517578125e-05,-3.0517578125e-05,M,4,2026-08-22_23-06-48,2026-08-23
0.9963636363636363,1.0,0.9963503649635036,0.9308755760368663,0.9261744966442953,0.0,1.0,1.0,0.0,1.0,0.0,-3.0517578125e-05,-3.0517578125e-05,-3.0517578125e-05,-3.0517578125e-05,-3.0517578125e-05,-3.0517578125e-05,M,4,2026-08-22_23-06-48,2026-08-23
1.0,1.0,1.0,0.9078341013824884,0.9932885906040269,0.0,1.0,1.0,0.0,1.0,0.0,-3.0517578125e-05,-3.0517578125e-05,-3.0517578125e-05,-3.0517578125e-05,-3.0517578125e-05,-3.0517578125e-05,M,4,2026-08-22_23-06-48,2026-08-23
1.0,1.0,0.9927007299270073,0.9124423963133641,0.912751677852349,0.0,1.0,1.0,0.0,1.0,0.0,-3.0517578125e-05,-3.0517578125e-05,-3.0517578125e-05,-3.0517578125e-05,-3.0517578125e-05,-3.0517578125e-05,M,4,2026-08-22_23-06-48,2026-08-23
1.0,1.0,0.9963503649635036,0.9078341013824884,0.8590604026845637,0.0,1.0,1.0,0.0,1.0,0.0,-3.0517578125e-05,-3.0517578125e-05,-3.0517578125e-05,-3.0517578125e-05,-3.0517578125e-05,-3.0517578125e-05,M,4,2026-08-22_23-06-48,2026-08-23
1.0,1.0,1.0,0.880184331797235,0.8590604026845637,0.0,1.0,1.0,0.0,1.0,0.0,-3.0517578125e-05,-3.0517578125e-05,-3.0517578125e-05,-3.0517578125e-05,-3.0517578125e-05,-3.0517578125e-05,M,4,2026-08-22_23-06-48,2026-08-23
0.9690909090909091,1.0,0.927007299270073,0.9585253456221198,1.0,0.0,1.0,1.0,0.0,1.0,0.0,-3.0517578125e-05,-3.0517578125e-05,-3.0517578125e-05,-3.0517578125e-05,-3.0517578125e-05,-3.0517578125e-05,M,4,2026-08-22_23-06-48,2026-08-23
0.9981818181818182,1.0,1.0,1.0,1.0,0.0,1.0,1.0,0.0,1.0,0.0,-3.0517578125e-05,-3.0517578125e-05,-3.0517578125e-05,-3.0517578125e-05,-3.0517578125e-05,-3.0517578125e-05,M,4,2026-08-22_23-06-48,2026-08-23
1.0,1.0,0.9817518248175182,0.967741935483871,1.0,0.0,1.0,1.0,0.0,1.0,0.0,-3.0517578125e-05,-3.0517578125e-05,-3.0517578125e-05,-3.0517578125e-05,-3.0517578125e-05,-3.0517578125e-05,M,4,2026-08-22_23-06-48,2026-08-23
1.0,1.0,1.0,0.9631336405529954,0.8053691275167785,0.0,1.0,1.0,0.0,1.0,0.0,-3.0517578125e-05,-3.0517578125e-05,-3.0517578125e-05,-3.0517578125e-05,-3.0517578125e-05,-3.0517578125e-05,M,4,2026-08-22_23-06-48,2026-08-23
1.0,1.0,0.8868613138686131,0.8617511520737328,0.3221476510067114,0.0,1.0,1.0,0.0,1.0,0.0,-3.0517578125e-05,-3.0517578125e-05,-3.0517578125e-05,-3.0517578125e-05,-3.0517578125e-05,-3.0517578125e-05,M,4,2026-08-22_23-06-48,2026-08-23
1.0,1.0,1.0,0.9078341013824884,0.8053691275167785,0.0,1.0,1.0,0.0,1.0,0.0,-3.0517578125e-05,-3.0517578125e-05,-3.0517578125e-05,-3.0517578125e-05,-3.0517578125e-05,-3.0517578125e-05,M,4,2026-08-22_23-06-48,2026-08-23
1.0,1.0,1.0,0.7557603686635944,0.8053691275167785,0.0,1.0,1.0,0.0,1.0,0.0,-3.0517578125e-05,-3.0517578125e-05,-3.0517578125e-05,-3.0517578125e-05,-3.0517578125e-05,-3.0517578125e-05,M,4,2026-08-22_23-06-48,2026-08-23
0.9981818181818182,1.0,0.8759124087591241,0.7465437788018433,0.4429530201342282,0.0,1.0,1.0,0.0,1.0,0.0,-3.0517578125e-05,-3.0517578125e-05,-3.0517578125e-05,-3.0517578125e-05,-3.0517578125e-05,-3.0517578125e-05,M,4,2026-08-22_23-06-48,2026-08-23
1.0,1.0,1.0,0.9400921658986175,0.912751677852349,0.0,1.0,1.0,0.0,1.0,0.0,-3.0517578125e-05,-3.0517578125e-05,-3.0517578125e-05,-3.0517578125e-05,-3.0517578125e-05,-3.0517578125e-05,M,4,2026-08-22_23-06-48,2026-08-23
0.9890909090909091,1.0,0.9781021897810219,0.8847926267281107,0.9261744966442953,0.0,1.0,1.0,0.0,1.0,0.0,-3.0517578125e-05,-3.0517578125e-05,-3.0517578125e-05,-3.0517578125e-05,-3.0517578125e-05,-3.0517578125e-05,M,4,2026-08-22_23-06-48,2026-08-23
1.0,1.0,1.0,0.7788018433179723,1.0,0.0,1.0,1.0,0.0,1.0,0.0,-3.0517578125e-05,-3.0517578125e-05,-3.0517578125e-05,-3.0517578125e-05,-3.0517578125e-05,-3.0517578125e-05,M,4,2026-08-22_23-06-48,2026-08-23
1.0,1.0,0.9343065693430657,0.8341013824884793,0.8053691275167785,0.0,1.0,1.0,0.0,1.0,0.0,-3.0517578125e-05,-3.0517578125e-05,-3.0517578125e-05,-3.0517578125e-05,-3.0517578125e-05,-3.0517578125e-05,M,4,2026-08-22_23-06-48,2026-08-23
1.0,1.0,1.0,0.7373271889400922,1.0,0.0,1.0,1.0,0.0,1.0,0.0,-3.0517578125e-05,-3.0517578125e-05,-3.0517578125e-05,-3.0517578125e-05,-3.0517578125e-05,-3.0517578125e-05,M,4,2026-08-22_23-06-48,2026-08-23
1.0,1.0,0.9890510948905109,0.7373271889400922,0.8053691275167785,0.0,1.0,1.0,0.0,1.0,0.0,-3.0517578125e-05,-3.0517578125e-05,-3.0517578125e-05,-3.0517578125e-05,-3.0517578125e-05,-3.0517578125e-05,M,4,2026-08-22_23-06-48,2026-08-23
0.9890909090909091,0.9914965986394558,0.8248175182481752,0.6912442396313364,0.4966442953020134,0.0,1.0,1.0,0.0,1.0,0.0,-3.0517578125e-05,-3.0517578125e-05,-3.0517578125e-05,-3.0517578125e-05,-3.0517578125e-05,-3.0517578125e-05,M,4,2026-08-22_23-06-48,2026-08-23
1.0,0.9336734693877551,0.8759124087591241,1.0,0.9664429530201343,0.0,1.0,1.0,0.0,1.0,0.0,-3.0517578125e-05,-3.0517578125e-05,-3.0517578125e-05,-3.0517578125e-05,-3.0517578125e-05,-3.0517578125e-05,M,4,2026-08-22_23-06-48,2026-08-23
1.0,0.9659863945578231,0.8795620437956204,0.8894009216589862,1.0,0.0,1.0,1.0,0.0,1.0,0.0,-3.0517578125e-05,-3.0517578125e-05,-3.0517578125e-05,-3.0517578125e-05,-3.0517578125e-05,-3.0517578125e-05,M,4,2026-08-22_23-06-48,2026-08-23
1.0,1.0,0.9598540145985401,1.0,0.8053691275167785,0.0,1.0,1.0,0.0,1.0,0.0,-3.0517578125e-05,-3.0517578125e-05,-3.0517578125e-05,-3.0517578125e-05,-3.0517578125e-05,-3.0517578125e-05,M,4,2026-08-22_23-06-48,2026-08-23
1.0,1.0,0.9817518248175182,0.8571428571428571,0.48322147651006714,0.0,1.0,1.0,0.0,1.0,0.0,-3.0517578125e-05,-3.0517578125e-05,-3.0517578125e-05,-3.0517578125e-05,-3.0517578125e-05,-3.0517578125e-05,M,4,2026-08-22_23-06-48,2026-08-23
0.9509090909090909,0.9574829931972789,0.9890510948905109,0.8202764976958525,0.48322147651006714,0.0,1.0,1.0,0.0,1.0,0.0,-3.0517578125e-05,-3.0517578125e-05,-3.0517578125e-05,-3.0517578125e-05,-3.0517578125e-05,-3.0517578125e-05,M,4,2026-08-22_23-06-48,2026-08-23
1.0,1.0,0.9343065693430657,0.8387096774193549,0.8053691275167785,0.0,1.0,1.0,0.0,1.0,0.0,-3.0517578125e-05,-3.0517578125e-05,-3.0517578125e-05,-3.0517578125e-05,-3.0517578125e-05,-3.0517578125e-05,M,4,2026-08-22_23-06-48,2026-08-23
1.0,0.9931972789115646,0.9708029197080292,0.8341013824884793,0.8053691275167785,0.0,1.0,1.0,0.0,1.0,0.0,-3.0517578125e-05,-3.0517578125e-05,-3.0517578125e-05,-3.0517578125e-05,-3.0517578125e-05,-3.0517578125e-05,M,4,2026-08-22_23-06-48,2026-08-23
1.0,1.0,0.8467153284671532,0.7972350230414746,0.4966442953020134,0.0,1.0,1.0,0.0,1.0,0.0,-3.0517578125e-05,-3.0517578125e-05,-3.0517578125e-05,-3.0517578125e-05,-3.0517578125e-05,-3.0517578125e-05,M,4,2026-08-22_23-06-48,2026-08-23
1.0,1.0,1.0,0.5069124423963134,1.0,0.0,0.0,1.0,1.0,1.0,0.0,-3.0517578125e-05,-3.0517578125e-05,-3.0517578125e-05,-3.0517578125e-05,-3.0517578125e-05,-3.0517578125e-05,N,0,2026-08-22_23-06-48,2026-08-23
1.0,0.891156462585034,0.1897810218978102,0.15668202764976957,0.0,0.0,0.0,1.0,1.0,1.0,0.0,-3.0517578125e-05,-3.0517578125e-05,-3.0517578125e-05,-3.0517578125e-05,-3.0517578125e-05,-3.0517578125e-05,N,0,2026-08-22_23-06-48,2026-08-23
0.8618181818181818,0.9370748299319728,1.0,1.0,0.0,0.0,0.0,1.0,1.0,1.0,0.0,-3.0517578125e-05,-3.0517578125e-05,-3.0517578125e-05,-3.0517578125e-05,-3.0517578125e-05,-3.0517578125e-05,N,0,2026-08-22_23-06-48,2026-08-23
0.9127272727272727,0.8384353741496599,1.0,1.0,0.8053691275167785,0.0,0.0,1.0,1.0,1.0,0.0,-3.0517578125e-05,-3.0517578125e-05,-3.0517578125e-05,-3.0517578125e-05,-3.0517578125e-05,-3.0517578125e-05,N,0,2026-08-22_23-06-48,2026-08-23
0.7636363636363637,0.782312925170068,0.12043795620437957,1.0,1.0,0.0,0.0,1.0,1.0,1.0,0.0,-3.0517578125e-05,-3.0517578125e-05,-3.0517578125e-05,-3.0517578125e-05,-3.0517578125e-05,-3.0517578125e-05,N,0,2026-08-22_23-06-48,2026-08-23
1.0,1.0,1.0,0.8986175115207373,0.8053691275167785,0.0,0.0,1.0,1.0,1.0,0.0,-3.0517578125e-05,-3.0517578125e-05,-3.0517578125e-05,-3.0517578125e-05,-3.0517578125e-05,-3.0517578125e-05,N,0,2026-08-22_23-06-48,2026-08-23
0.9981818181818182,0.8877551020408163,1.0,1.0,1.0,0.0,0.0,1.0,1.0,1.0,0.0,-3.0517578125e-05,-3.0517578125e-05,-3.0517578125e-05,-3.0517578125e-05,-3.0517578125e-05,-3.0517578125e-05,N,0,2026-08-22_23-06-48,2026-08-23
0.9981818181818182,0.9217687074829932,1.0,0.9631336405529954,1.0,0.0,0.0,1.0,1.0,1.0,0.0,-3.0517578125e-05,-3.0517578125e-05,-3.0517578125e-05,-3.0517578125e-05,-3.0517578125e-05,-3.0517578125e-05,N,0,2026-08-22_23-06-48,2026-08-23
1.0,0.9166666666666666,1.0,1.0,1.0,0.0,0.0,1.0,1.0,1.0,0.0,-3.0517578125e-05,-3.0517578125e-05,-3.0517578125e-05,-3.0517578125e-05,-3.0517578125e-05,-3.0517578125e-05,N,0,2026-08-22_23-06-48,2026-08-23
0.9727272727272728,0.9115646258503401,1.0,0.967741935483871,1.0,0.0,0.0,1.0,1.0,1.0,0.0,-3.0517578125e-05,-3.0517578125e-05,-3.0517578125e-05,-3.0517578125e-05,-3.0517578125e-05,-3.0517578125e-05,N,0,2026-08-22_23-06-48,2026-08-23
1.0,0.9438775510204082,1.0,0.9585253456221198,1.0,0.0,0.0,1.0,1.0,1.0,0.0,-3.0517578125e-05,-3.0517578125e-05,-3.0517578125e-05,-3.0517578125e-05,-3.0517578125e-05,-3.0517578125e-05,N,0,2026-08-22_23-06-48,2026-08-23
1.0,0.9506802721088435,1.0,0.7373271889400922,1.0,0.0,0.0,1.0,1.0,1.0,0.0,-3.0517578125e-05,-3.0517578125e-05,-3.0517578125e-05,-3.0517578125e-05,-3.0517578125e-05,-3.0517578125e-05,N,0,2026-08-22_23-06-48,2026-08-23
0.88,0.8129251700680272,1.0,1.0,1.0,0.0,0.0,1.0,1.0,1.0,0.0,-3.0517578125e-05,-3.0517578125e-05,-3.0517578125e-05,-3.0517578125e-05,-3.0517578125e-05,-3.0517578125e-05,N,0,2026-08-22_23-06-48,2026-08-23
0.9418181818181818,0.9795918367346939,1.0,1.0,1.0,0.0,0.0,1.0,1.0,1.0,0.0,-3.0517578125e-05,-3.0517578125e-05,-3.0517578125e-05,-3.0517578125e-05,-3.0517578125e-05,-3.0517578125e-05,N,0,2026-08-22_23-06-48,2026-08-23
1.0,0.8962585034013606,1.0,0.8387096774193549,1.0,0.0,0.0,1.0,1.0,1.0,0.0,-3.0517578125e-05,-3.0517578125e-05,-3.0517578125e-05,-3.0517578125e-05,-3.0517578125e-05,-3.0517578125e-05,N,0,2026-08-22_23-06-48,2026-08-23
1.0,0.8537414965986394,1.0,0.8894009216589862,1.0,0.0,0.0,1.0,1.0,1.0,0.0,-3.0517578125e-05,-3.0517578125e-05,-3.0517578125e-05,-3.0517578125e-05,-3.0517578125e-05,-3.0517578125e-05,N,0,2026-08-22_23-06-48,2026-08-23
0.9454545454545454,0.9081632653061225,1.0,0.9308755760368663,1.0,0.0,0.0,1.0,1.0,1.0,0.0,-3.0517578125e-05,-3.0517578125e-05,-3.0517578125e-05,-3.0517578125e-05,-3.0517578125e-05,-3.0517578125e-05,N,0,2026-08-22_23-06-48,2026-08-23
0.9981818181818182,0.9064625850340136,1.0,0.9907834101382489,1.0,0.0,0.0,1.0,1.0,1.0,0.0,-3.0517578125e-05,-3.0517578125e-05,-3.0517578125e-05,-3.0517578125e-05,-3.0517578125e-05,-3.0517578125e-05,N,0,2026-08-22_23-06-48,2026-08-23
1.0,0.9064625850340136,1.0,0.6682027649769585,1.0,0.0,0.0,1.0,1.0,1.0,0.0,-3.0517578125e-05,-3.0517578125e-05,-3.0517578125e-05,-3.0517578125e-05,-3.0517578125e-05,-3.0517578125e-05,N,0,2026-08-22_23-06-48,2026-08-23
1.0,0.9404761904761905,1.0,0.880184331797235,1.0,0.0,0.0,1.0,1.0,1.0,0.0,-3.0517578125e-05,-3.0517578125e-05,-3.0517578125e-05,-3.0517578125e-05,-3.0517578125e-05,-3.0517578125e-05,N,0,2026-08-22_23-06-48,2026-08-23
0.8236363636363636,0.9115646258503401,1.0,0.8847926267281107,1.0,0.0,0.0,1.0,1.0,1.0,0.0,-3.0517578125e-05,-3.0517578125e-05,-3.0517578125e-05,-3.0517578125e-05,-3.0517578125e-05,-3.0517578125e-05,N,0,2026-08-22_23-06-48,2026-08-23
1.0,0.8452380952380952,1.0,0.7235023041474654,1.0,0.0,0.0,1.0,1.0,1.0,0.0,-3.0517578125e-05,-3.0517578125e-05,-3.0517578125e-05,-3.0517578125e-05,-3.0517578125e-05,-3.0517578125e-05,N,0,2026-08-22_23-06-48,2026-08-23
1.0,0.9115646258503401,1.0,1.0,1.0,0.0,0.0,1.0,1.0,1.0,0.0,-3.0517578125e-05,-3.0517578125e-05,-3.0517578125e-05,-3.0517578125e-05,-3.0517578125e-05,-3.0517578125e-05,N,0,2026-08-22_23-06-48,2026-08-23
1.0,0.8537414965986394,0.8029197080291971,0.8018433179723502,1.0,0.0,0.0,1.0,1.0,1.0,0.0,-3.0517578125e-05,-3.0517578125e-05,-3.0517578125e-05,-3.0517578125e-05,-3.0517578125e-05,-3.0517578125e-05,N,0,2026-08-22_23-06-48,2026-08-23
0.9981818181818182,0.9778911564625851,0.8759124087591241,1.0,1.0,0.0,0.0,1.0,1.0,1.0,0.0,-3.0517578125e-05,-3.0517578125e-05,-3.0517578125e-05,-3.0517578125e-05,-3.0517578125e-05,-3.0517578125e-05,N,0,2026-08-22_23-06-48,2026-08-23
0.9436363636363636,0.935374149659864,1.0,1.0,1.0,0.0,0.0,1.0,1.0,1.0,0.0,-3.0517578125e-05,-3.0517578125e-05,-3.0517578125e-05,-3.0517578125e-05,-3.0517578125e-05,-3.0517578125e-05,N,0,2026-08-22_23-06-48,2026-08-23
0.9309090909090909,0.9404761904761905,1.0,0.7926267281105991,0.8053691275167785,0.0,0.0,1.0,1.0,1.0,0.0,-3.0517578125e-05,-3.0517578125e-05,-3.0517578125e-05,-3.0517578125e-05,-3.0517578125e-05,-3.0517578125e-05,N,0,2026-08-22_23-06-48,2026-08-23
1.0,0.8826530612244898,1.0,0.9078341013824884,1.0,0.0,0.0,1.0,1.0,1.0,0.0,-3.0517578125e-05,-3.0517578125e-05,-3.0517578125e-05,-3.0517578125e-05,-3.0517578125e-05,-3.0517578125e-05,N,0,2026-08-22_23-06-48,2026-08-23
0.8727272727272727,1.0,1.0,1.0,1.0,0.0,0.0,1.0,1.0,1.0,0.0,-3.0517578125e-05,-3.0517578125e-05,-3.0517578125e-05,-3.0517578125e-05,-3.0517578125e-05,-3.0517578125e-05,N,0,2026-08-22_23-06-48,2026-08-23
1.0,0.8282312925170068,1.0,0.7511520737327189,1.0,0.0,0.0,1.0,1.0,1.0,0.0,-3.0517578125e-05,-3.0517578125e-05,-3.0517578125e-05,-3.0517578125e-05,-3.0517578125e-05,-3.0517578125e-05,N,0,2026-08-22_23-06-48,2026-08-23
0.8036363636363636,1.0,1.0,1.0,0.8187919463087249,0.0,0.0,1.0,1.0,1.0,0.0,-3.0517578125e-05,-3.0517578125e-05,-3.0517578125e-05,-3.0517578125e-05,-3.0517578125e-05,-3.0517578125e-05,N,0,2026-08-22_23-06-48,2026-08-23
0.9981818181818182,0.9404761904761905,1.0,1.0,0.8053691275167785,0.0,0.0,1.0,1.0,1.0,0.0,-3.0517578125e-05,-3.0517578125e-05,-3.0517578125e-05,-3.0517578125e-05,-3.0517578125e-05,-3.0517578125e-05,N,0,2026-08-22_23-06-48,2026-08-23
1.0,0.826530612244898,1.0,0.9078341013824884,1.0,0.0,0.0,1.0,1.0,1.0,0.0,-3.0517578125e-05,-3.0517578125e-05,-3.0517578125e-05,-3.0517578125e-05,-3.0517578125e-05,-3.0517578125e-05,N,0,2026-08-22_23-06-48,2026-08-23
1.0,0.7380952380952381,1.0,0.7603686635944701,1.0,0.0,0.0,1.0,1.0,1.0,0.0,-3.0517578125e-05,-3.0517578125e-05,-3.0517578125e-05,-3.0517578125e-05,-3.0517578125e-05,-3.0517578125e-05,N,0,2026-08-22_23-06-48,2026-08-23
0.8545454545454545,1.0,1.0,1.0,1.0,0.0,0.0,1.0,1.0,1.0,0.0,-3.0517578125e-05,-3.0517578125e-05,-3.0517578125e-05,-3.0517578125e-05,-3.0517578125e-05,-3.0517578125e-05,N,0,2026-08-22_23-06-48,2026-08-23
1.0,0.9064625850340136,1.0,1.0,1.0,0.0,0.0,1.0,1.0,1.0,0.0,-3.0517578125e-05,-3.0517578125e-05,-3.0517578125e-05,-3.0517578125e-05,-3.0517578125e-05,-3.0517578125e-05,N,0,2026-08-22_23-06-48,2026-08-23
1.0,0.8214285714285714,1.0,1.0,1.0,0.0,0.0,1.0,1.0,1.0,0.0,-3.0517578125e-05,-3.0517578125e-05,-3.0517578125e-05,-3.0517578125e-05,-3.0517578125e-05,-3.0517578125e-05,N,0,2026-08-22_23-06-48,2026-08-23
0.8854545454545455,0.9608843537414966,1.0,1.0,0.8053691275167785,0.0,0.0,1.0,1.0,1.0,0.0,-3.0517578125e-05,-3.0517578125e-05,-3.0517578125e-05,-3.0517578125e-05,-3.0517578125e-05,-3.0517578125e-05,N,0,2026-08-22_23-06-48,2026-08-23
1.0,0.7806122448979592,1.0,0.5391705069124424,1.0,0.0,0.0,1.0,1.0,1.0,0.0,-3.0517578125e-05,-3.0517578125e-05,-3.0517578125e-05,-3.0517578125e-05,-3.0517578125e-05,-3.0517578125e-05,N,0,2026-08-22_23-06-48,2026-08-23
0.94,0.8554421768707483,1.0,0.7788018433179723,1.0,0.0,0.0,1.0,1.0,1.0,0.0,-3.0517578125e-05,-3.0517578125e-05,-3.0517578125e-05,-3.0517578125e-05,-3.0517578125e-05,-3.0517578125e-05,N,0,2026-08-22_23-06-48,2026-08-23
1.0,1.0,1.0,0.9078341013824884,1.0,0.0,0.0,1.0,1.0,1.0,0.0,-3.0517578125e-05,-3.0517578125e-05,-3.0517578125e-05,-3.0517578125e-05,-3.0517578125e-05,-3.0517578125e-05,N,1,2026-08-22_23-06-48,2026-08-23
1.0,1.0,1.0,1.0,1.0,0.0,0.0,1.0,1.0,1.0,0.0,-3.0517578125e-05,-3.0517578125e-05,-3.0517578125e-05,-3.0517578125e-05,-3.0517578125e-05,-3.0517578125e-05,N,1,2026-08-22_23-06-48,2026-08-23
1.0,0.9710884353741497,1.0,1.0,1.0,0.0,0.0,1.0,1.0,1.0,0.0,-3.0517578125e-05,-3.0517578125e-05,-3.0517578125e-05,-3.0517578125e-05,-3.0517578125e-05,-3.0517578125e-05,N,1,2026-08-22_23-06-48,2026-08-23
1.0,0.9625850340136054,1.0,0.9124423963133641,0.9798657718120806,0.0,0.0,1.0,1.0,1.0,0.0,-3.0517578125e-05,-3.0517578125e-05,-3.0517578125e-05,-3.0517578125e-05,-3.0517578125e-05,-3.0517578125e-05,N,1,2026-08-22_23-06-48,2026-08-23
1.0,0.9625850340136054,1.0,1.0,1.0,0.0,0.0,1.0,1.0,1.0,0.0,-3.0517578125e-05,-3.0517578125e-05,-3.0517578125e-05,-3.0517578125e-05,-3.0517578125e-05,-3.0517578125e-05,N,1,2026-08-22_23-06-48,2026-08-23
1.0,0.9608843537414966,1.0,0.9078341013824884,1.0,0.0,0.0,1.0,1.0,1.0,0.0,-3.0517578125e-05,-3.0517578125e-05,-3.0517578125e-05,-3.0517578125e-05,-3.0517578125e-05,-3.0517578125e-05,N,1,2026-08-22_23-06-48,2026-08-23
1.0,0.8690476190476191,1.0,1.0,1.0,0.0,0.0,1.0,1.0,1.0,0.0,-3.0517578125e-05,-3.0517578125e-05,-3.0517578125e-05,-3.0517578125e-05,-3.0517578125e-05,-3.0517578125e-05,N,1,2026-08-22_23-06-48,2026-08-23
1.0,1.0,1.0,1.0,1.0,0.0,0.0,0.0,1.0,1.0,0.0,-3.0517578125e-05,-3.0517578125e-05,-3.0517578125e-05,-3.0517578125e-05,-3.0517578125e-05,-3.0517578125e-05,N,1,2026-08-22_23-06-48,2026-08-23
1.0,0.9370748299319728,1.0,1.0,1.0,0.0,0.0,1.0,1.0,1.0,0.0,-3.0517578125e-05,-3.0517578125e-05,-3.0517578125e-05,-3.0517578125e-05,-3.0517578125e-05,-3.0517578125e-05,N,1,2026-08-22_23-06-48,2026-08-23
1.0,1.0,1.0,0.9861751152073732,1.0,0.0,0.0,1.0,1.0,1.0,0.0,-3.0517578125e-05,-3.0517578125e-05,-3.0517578125e-05,-3.0517578125e-05,-3.0517578125e-05,-3.0517578125e-05,N,1,2026-08-22_23-06-48,2026-08-23
0.96,0.9625850340136054,1.0,1.0,1.0,0.0,0.0,1.0,1.0,1.0,0.0,-3.0517578125e-05,-3.0517578125e-05,-3.0517578125e-05,-3.0517578125e-05,-3.0517578125e-05,-3.0517578125e-05,N,1,2026-08-22_23-06-48,2026-08-23
1.0,1.0,1.0,1.0,1.0,0.0,0.0,1.0,1.0,1.0,0.0,-3.0517578125e-05,-3.0517578125e-05,-3.0517578125e-05,-3.0517578125e-05,-3.0517578125e-05,-3.0517578125e-05,N,1,2026-08-22_23-06-48,2026-08-23
1.0,0.9608843537414966,1.0,0.9769585253456221,1.0,0.0,0.0,1.0,1.0,1.0,0.0,-3.0517578125e-05,-3.0517578125e-05,-3.0517578125e-05,-3.0517578125e-05,-3.0517578125e-05,-3.0517578125e-05,N,1,2026-08-22_23-06-48,2026-08-23
1.0,1.0,1.0,1.0,1.0,0.0,0.0,1.0,1.0,1.0,0.0,-3.0517578125e-05,-3.0517578125e-05,-3.0517578125e-05,-3.0517578125e-05,-3.0517578125e-05,-3.0517578125e-05,N,1,2026-08-22_23-06-48,2026-08-23
1.0,1.0,1.0,1.0,1.0,0.0,0.0,1.0,1.0,1.0,0.0,-3.0517578125e-05,-3.0517578125e-05,-3.0517578125e-05,-3.0517578125e-05,-3.0517578125e-05,-3.0517578125e-05,N,1,2026-08-22_23-06-48,2026-08-23
0.9890909090909091,1.0,1.0,1.0,1.0,0.0,0.0,1.0,1.0,1.0,0.0,-3.0517578125e-05,-3.0517578125e-05,-3.0517578125e-05,-3.0517578125e-05,-3.0517578125e-05,-3.0517578125e-05,N,1,2026-08-22_23-06-48,2026-08-23
1.0,0.8758503401360545,1.0,1.0,1.0,0.0,0.0,1.0,1.0,1.0,0.0,-3.0517578125e-05,-3.0517578125e-05,-3.0517578125e-05,-3.0517578125e-05,-3.0517578125e-05,-3.0517578125e-05,N,1,2026-08-22_23-06-48,2026-08-23
1.0,1.0,1.0,1.0,0.8053691275167785,0.0,0.0,1.0,1.0,1.0,0.0,-3.0517578125e-05,-3.0517578125e-05,-3.0517578125e-05,-3.0517578125e-05,-3.0517578125e-05,-3.0517578125e-05,N,1,2026-08-22_23-06-48,2026-08-23
0.8781818181818182,1.0,1.0,1.0,1.0,0.0,0.0,1.0,1.0,1.0,0.0,-3.0517578125e-05,-3.0517578125e-05,-3.0517578125e-05,-3.0517578125e-05,-3.0517578125e-05,-3.0517578125e-05,N,1,2026-08-22_23-06-48,2026-08-23
0.9745454545454545,1.0,1.0,1.0,1.0,0.0,0.0,1.0,1.0,1.0,0.0,-3.0517578125e-05,-3.0517578125e-05,-3.0517578125e-05,-3.0517578125e-05,-3.0517578125e-05,-3.0517578125e-05,N,1,2026-08-22_23-06-48,2026-08-23
0.94,1.0,1.0,0.8341013824884793,1.0,0.0,0.0,1.0,1.0,1.0,0.0,-3.0517578125e-05,-3.0517578125e-05,-3.0517578125e-05,-3.0517578125e-05,-3.0517578125e-05,-3.0517578125e-05,N,1,2026-08-22_23-06-48,2026-08-23
1.0,0.9370748299319728,1.0,1.0,1.0,0.0,0.0,1.0,1.0,1.0,0.0,-3.0517578125e-05,-3.0517578125e-05,-3.0517578125e-05,-3.0517578125e-05,-3.0517578125e-05,-3.0517578125e-05,N,1,2026-08-22_23-06-48,2026-08-23
0.9981818181818182,0.9336734693877551,1.0,0.8847926267281107,1.0,0.0,0.0,1.0,1.0,1.0,0.0,-3.0517578125e-05,-3.0517578125e-05,-3.0517578125e-05,-3.0517578125e-05,-3.0517578125e-05,-3.0517578125e-05,N,1,2026-08-22_23-06-48,2026-08-23
1.0,0.9795918367346939,1.0,0.8110599078341014,1.0,0.0,0.0,1.0,1.0,1.0,0.0,-3.0517578125e-05,-3.0517578125e-05,-3.0517578125e-05,-3.0517578125e-05,-3.0517578125e-05,-3.0517578125e-05,N,1,2026-08-22_23-06-48,2026-08-23
0.8872727272727273,1.0,1.0,1.0,1.0,0.0,0.0,1.0,1.0,1.0,0.0,-3.0517578125e-05,-3.0517578125e-05,-3.0517578125e-05,-3.0517578125e-05,-3.0517578125e-05,-3.0517578125e-05,N,1,2026-08-22_23-06-48,2026-08-23
1.0,1.0,1.0,1.0,0.9798657718120806,0.0,0.0,1.0,1.0,1.0,0.0,-3.0517578125e-05,-3.0517578125e-05,-3.0517578125e-05,-3.0517578125e-05,-3.0517578125e-05,-3.0517578125e-05,N,1,2026-08-22_23-06-48,2026-08-23
1.0,0.8792517006802721,1.0,1.0,1.0,0.0,0.0,1.0,1.0,1.0,0.0,-3.0517578125e-05,-3.0517578125e-05,-3.0517578125e-05,-3.0517578125e-05,-3.0517578125e-05,-3.0517578125e-05,N,1,2026-08-22_23-06-48,2026-08-23
1.0,1.0,1.0,1.0,1.0,0.0,0.0,1.0,1.0,1.0,0.0,-3.0517578125e-05,-3.0517578125e-05,-3.0517578125e-05,-3.0517578125e-05,-3.0517578125e-05,-3.0517578125e-05,N,1,2026-08-22_23-06-48,2026-08-23
0.7436363636363637,0.9625850340136054,1.0,1.0,1.0,0.0,0.0,1.0,1.0,1.0,0.0,-3.0517578125e-05,-3.0517578125e-05,-3.0517578125e-05,-3.0517578125e-05,-3.0517578125e-05,-3.0517578125e-05,N,1,2026-08-22_23-06-48,2026-08-23
0.8909090909090909,0.9064625850340136,1.0,0.8663594470046083,0.8590604026845637,0.0,0.0,1.0,1.0,1.0,0.0,-3.0517578125e-05,-3.0517578125e-05,-3.0517578125e-05,-3.0517578125e-05,-3.0517578125e-05,-3.0517578125e-05,N,1,2026-08-22_23-06-48,2026-08-23
1.0,1.0,0.9817518248175182,1.0,1.0,0.0,0.0,1.0,1.0,1.0,0.0,-3.0517578125e-05,-3.0517578125e-05,-3.0517578125e-05,-3.0517578125e-05,-3.0517578125e-05,-3.0517578125e-05,N,1,2026-08-22_23-06-48,2026-08-23
1.0,1.0,0.5401459854014599,0.8571428571428571,0.9261744966442953,0.0,0.0,1.0,1.0,1.0,0.0,-3.0517578125e-05,-3.0517578125e-05,-3.0517578125e-05,-3.0517578125e-05,-3.0517578125e-05,-3.0517578125e-05,N,1,2026-08-22_23-06-48,2026-08-23
1.0,0.9880952380952381,0.8832116788321168,1.0,1.0,0.0,0.0,1.0,1.0,1.0,0.0,-3.0517578125e-05,-3.0517578125e-05,-3.0517578125e-05,-3.0517578125e-05,-3.0517578125e-05,-3.0517578125e-05,N,1,2026-08-22_23-06-48,2026-08-23
1.0,0.9880952380952381,0.8284671532846716,1.0,0.8053691275167785,0.0,0.0,1.0,1.0,1.0,0.0,-3.0517578125e-05,-3.0517578125e-05,-3.0517578125e-05,-3.0517578125e-05,-3.0517578125e-05,-3.0517578125e-05,N,1,2026-08-22_23-06-48,2026-08-23
0.8963636363636364,1.0,0.6788321167883211,1.0,0.9932885906040269,0.0,0.0,1.0,1.0,1.0,0.0,-3.0517578125e-05,-3.0517578125e-05,-3.0517578125e-05,-3.0517578125e-05,-3.0517578125e-05,-3.0517578125e-05,N,1,2026-08-22_23-06-48,2026-08-23
0.9036363636363637,1.0,0.4927007299270073,1.0,1.0,0.0,0.0,1.0,1.0,1.0,0.0,-3.0517578125e-05,-3.0517578125e-05,-3.0517578125e-05,-3.0517578125e-05,-3.0517578125e-05,-3.0517578125e-05,N,1,2026-08-22_23-06-48,2026-08-23
1.0,1.0,0.7773722627737226,0.7695852534562212,1.0,0.0,0.0,1.0,1.0,1.0,0.0,-3.0517578125e-05,-3.0517578125e-05,-3.0517578125e-05,-3.0517578125e-05,-3.0517578125e-05,-3.0517578125e-05,N,1,2026-08-22_23-06-48,2026-08-23
0.9381818181818182,0.9625850340136054,0.7627737226277372,1.0,1.0,0.0,0.0,1.0,1.0,1.0,0.0,-3.0517578125e-05,-3.0517578125e-05,-3.0517578125e-05,-3.0517578125e-05,-3.0517578125e-05,-3.0517578125e-05,N,1,2026-08-22_23-06-48,2026-08-23
0.9981818181818182,1.0,0.9343065693430657,0.7327188940092166,1.0,0.0,0.0,1.0,1.0,1.0,0.0,-3.0517578125e-05,-3.0517578125e-05,-3.0517578125e-05,-3.0517578125e-05,-3.0517578125e-05,-3.0517578125e-05,N,1,2026-08-22_23-06-48,2026-08-23
1.0,0.8979591836734694,0.9963503649635036,0.9723502304147466,0.8053691275167785,0.0,0.0,1.0,1.0,1.0,0.0,-3.0517578125e-05,-3.0517578125e-05,-3.0517578125e-05,-3.0517578125e-05,-3.0517578125e-05,-3.0517578125e-05,N,1,2026-08-22_23-06-48,2026-08-23
1.0,1.0,1.0,1.0,1.0,0.0,0.0,1.0,1.0,1.0,0.0,-3.0517578125e-05,-3.0517578125e-05,-3.0517578125e-05,-3.0517578125e-05,-3.0517578125e-05,-3.0517578125e-05,N,2,2026-08-22_23-06-48,2026-08-23
0.8818181818181818,1.0,0.6094890510948905,0.8986175115207373,1.0,0.0,0.0,1.0,1.0,1.0,0.0,-3.0517578125e-05,-3.0517578125e-05,-3.0517578125e-05,-3.0517578125e-05,-3.0517578125e-05,-3.0517578125e-05,N,2,2026-08-22_23-06-48,2026-08-23
0.9381818181818182,1.0,0.791970802919708,1.0,1.0,0.0,0.0,1.0,1.0,1.0,0.0,-3.0517578125e-05,-3.0517578125e-05,-3.0517578125e-05,-3.0517578125e-05,-3.0517578125e-05,-3.0517578125e-05,N,2,2026-08-22_23-06-48,2026-08-23
1.0,1.0,0.9343065693430657,0.7972350230414746,0.33557046979865773,0.0,0.0,1.0,1.0,1.0,0.0,-3.0517578125e-05,-3.0517578125e-05,-3.0517578125e-05,-3.0517578125e-05,-3.0517578125e-05,-3.0517578125e-05,N,2,2026-08-22_23-06-48,2026-08-23
1.0,1.0,0.8540145985401459,0.8986175115207373,0.9664429530201343,0.0,0.0,1.0,1.0,1.0,0.0,-3.0517578125e-05,-3.0517578125e-05,-3.0517578125e-05,-3.0517578125e-05,-3.0517578125e-05,-3.0517578125e-05,N,2,2026-08-22_23-06-48,2026-08-23
0.9527272727272728,1.0,1.0,1.0,1.0,0.0,0.0,1.0,1.0,1.0,0.0,-3.0517578125e-05,-3.0517578125e-05,-3.0517578125e-05,-3.0517578125e-05,-3.0517578125e-05,-3.0517578125e-05,N,2,2026-08-22_23-06-48,2026-08-23
0.9454545454545454,1.0,0.9817518248175182,1.0,0.9664429530201343,0.0,0.0,1.0,1.0,1.0,0.0,-3.0517578125e-05,-3.0517578125e-05,-3.0517578125e-05,-3.0517578125e-05,-3.0517578125e-05,-3.0517578125e-05,N,2,2026-08-22_23-06-48,2026-08-23
0.9563636363636364,1.0,0.8576642335766423,1.0,1.0,0.0,0.0,1.0,1.0,1.0,0.0,-3.0517578125e-05,-3.0517578125e-05,-3.0517578125e-05,-3.0517578125e-05,-3.0517578125e-05,-3.0517578125e-05,N,2,2026-08-22_23-06-48,2026-08-23
0.8618181818181818,1.0,0.8576642335766423,1.0,1.0,0.0,0.0,1.0,1.0,1.0,0.0,-3.0517578125e-05,-3.0517578125e-05,-3.0517578125e-05,-3.0517578125e-05,-3.0517578125e-05,-3.0517578125e-05,N,2,2026-08-22_23-06-48,2026-08-23
0.8309090909090909,1.0,0.6094890510948905,1.0,0.37583892617449666,0.0,0.0,1.0,1.0,1.0,0.0,-3.0517578125e-05,-3.0517578125e-05,-3.0517578125e-05,-3.0517578125e-05,-3.0517578125e-05,-3.0517578125e-05,N,2,2026-08-22_23-06-48,2026-08-23
1.0,1.0,1.0,0.8940092165898618,1.0,0.0,0.0,1.0,1.0,1.0,0.0,-3.0517578125e-05,-3.0517578125e-05,-3.0517578125e-05,-3.0517578125e-05,-3.0517578125e-05,-3.0517578125e-05,N,2,2026-08-22_23-06-48,2026-08-23
0.9163636363636364,1.0,0.7700729927007299,0.8709677419354839,1.0,0.0,0.0,1.0,1.0,1.0,0.0,-3.0517578125e-05,-3.0517578125e-05,-3.0517578125e-05,-3.0517578125e-05,-3.0517578125e-05,-3.0517578125e-05,N,2,2026-08-22_23-06-48,2026-08-23
0.9163636363636364,1.0,0.8248175182481752,1.0,1.0,0.0,0.0,1.0,1.0,1.0,0.0,-3.0517578125e-05,-3.0517578125e-05,-3.0517578125e-05,-3.0517578125e-05,-3.0517578125e-05,-3.0517578125e-05,N,2,2026-08-22_23-06-48,2026-08-23
0.8327272727272728,1.0,0.8102189781021898,0.7373271889400922,1.0,0.0,0.0,1.0,1.0,1.0,0.0,-3.0517578125e-05,-3.0517578125e-05,-3.0517578125e-05,-3.0517578125e-05,-3.0517578125e-05,-3.0517578125e-05,N,2,2026-08-22_23-06-48,2026-08-23
0.9563636363636364,1.0,0.7664233576642335,1.0,1.0,0.0,0.0,1.0,1.0,1.0,0.0,-3.0517578125e-05,-3.0517578125e-05,-3.0517578125e-05,-3.0517578125e-05,-3.0517578125e-05,-3.0517578125e-05,N,2,2026-08-22_23-06-48,2026-08-23
1.0,1.0,0.708029197080292,0.8433179723502304,0.8053691275167785,0.0,0.0,1.0,1.0,1.0,0.0,-3.0517578125e-05,-3.0517578125e-05,-3.0517578125e-05,-3.0517578125e-05,-3.0517578125e-05,-3.0517578125e-05,N,2,2026-08-22_23-06-48,2026-08-23
0.9454545454545454,1.0,0.948905109489051,1.0,0.9530201342281879,0.0,0.0,1.0,1.0,1.0,0.0,-3.0517578125e-05,-3.0517578125e-05,-3.0517578125e-05,-3.0517578125e-05,-3.0517578125e-05,-3.0517578125e-05,N,2,2026-08-22_23-06-48,2026-08-23
0.6963636363636364,1.0,0.6277372262773723,0.8847926267281107,1.0,0.0,0.0,1.0,1.0,1.0,0.0,-3.0517578125e-05,-3.0517578125e-05,-3.0517578125e-05,-3.0517578125e-05,-3.0517578125e-05,-3.0517578125e-05,N,2,2026-08-22_23-06-48,2026-08-23
0.8618181818181818,1.0,0.7408759124087592,1.0,0.8053691275167785,0.0,0.0,1.0,1.0,1.0,0.0,-3.0517578125e-05,-3.0517578125e-05,-3.0517578125e-05,-3.0517578125e-05,-3.0517578125e-05,-3.0517578125e-05,N,2,2026-08-22_23-06-48,2026-08-23
1.0,1.0,0.7627737226277372,1.0,1.0,0.0,0.0,1.0,1.0,1.0,0.0,-3.0517578125e-05,-3.0517578125e-05,-3.0517578125e-05,-3.0517578125e-05,-3.0517578125e-05,-3.0517578125e-05,N,2,2026-08-22_23-06-48,2026-08-23
1.0,1.0,0.8686131386861314,1.0,1.0,0.0,0.0,1.0,1.0,1.0,0.0,-3.0517578125e-05,-3.0517578125e-05,-3.0517578125e-05,-3.0517578125e-05,-3.0517578125e-05,-3.0517578125e-05,N,2,2026-08-22_23-06-48,2026-08-23
0.8981818181818182,1.0,1.0,1.0,0.8053691275167785,0.0,0.0,1.0,1.0,1.0,0.0,-3.0517578125e-05,-3.0517578125e-05,-3.0517578125e-05,-3.0517578125e-05,-3.0517578125e-05,-3.0517578125e-05,N,2,2026-08-22_23-06-48,2026-08-23
0.8763636363636363,1.0,0.7262773722627737,1.0,1.0,0.0,0.0,1.0,1.0,1.0,0.0,-3.0517578125e-05,-3.0517578125e-05,-3.0517578125e-05,-3.0517578125e-05,-3.0517578125e-05,-3.0517578125e-05,N,2,2026-08-22_23-06-48,2026-08-23
0.8690909090909091,1.0,0.5255474452554745,1.0,1.0,0.0,0.0,1.0,1.0,1.0,0.0,-3.0517578125e-05,-3.0517578125e-05,-3.0517578125e-05,-3.0517578125e-05,-3.0517578125e-05,-3.0517578125e-05,N,2,2026-08-22_23-06-48,2026-08-23
0.9054545454545454,1.0,0.791970802919708,0.8525345622119815,1.0,0.0,0.0,1.0,1.0,1.0,0.0,-3.0517578125e-05,-3.0517578125e-05,-3.0517578125e-05,-3.0517578125e-05,-3.0517578125e-05,-3.0517578125e-05,N,2,2026-08-22_23-06-48,2026-08-23
0.9981818181818182,1.0,0.927007299270073,1.0,0.9932885906040269,0.0,0.0,1.0,1.0,1.0,0.0,-3.0517578125e-05,-3.0517578125e-05,-3.0517578125e-05,-3.0517578125e-05,-3.0517578125e-05,-3.0517578125e-05,N,2,2026-08-22_23-06-48,2026-08-23
0.92,1.0,0.6204379562043796,0.9815668202764977,1.0,0.0,0.0,1.0,1.0,1.0,0.0,-3.0517578125e-05,-3.0517578125e-05,-3.0517578125e-05,-3.0517578125e-05,-3.0517578125e-05,-3.0517578125e-05,N,2,2026-08-22_23-06-48,2026-08-23
0.9781818181818182,1.0,0.791970802919708,1.0,0.9261744966442953,0.0,0.0,1.0,1.0,1.0,0.0,-3.0517578125e-05,-3.0517578125e-05,-3.0517578125e-05,-3.0517578125e-05,-3.0517578125e-05,-3.0517578125e-05,N,2,2026-08-22_23-06-48,2026-08-23
0.9090909090909091,1.0,0.8722627737226277,0.663594470046083,0.4429530201342282,0.0,0.0,1.0,1.0,1.0,0.0,-3.0517578125e-05,-3.0517578125e-05,-3.0517578125e-05,-3.0517578125e-05,-3.0517578125e-05,-3.0517578125e-05,N,2,2026-08-22_23-06-48,2026-08-23
0.94,1.0,0.8175182481751825,0.7096774193548387,0.8859060402684564,0.0,0.0,1.0,1.0,1.0,0.0,-3.0517578125e-05,-3.0517578125e-05,-3.0517578125e-05,-3.0517578125e-05,-3.0517578125e-05,-3.0517578125e-05,N,2,2026-08-22_23-06-48,2026-08-23
0.98,1.0,1.0,1.0,0.28187919463087246,0.0,0.0,1.0,1.0,1.0,0.0,-3.0517578125e-05,-3.0517578125e-05,-3.0517578125e-05,-3.0517578125e-05,-3.0517578125e-05,-3.0517578125e-05,N,2,2026-08-22_23-06-48,2026-08-23
0.8527272727272728,1.0,1.0,0.9170506912442397,1.0,0.0,0.0,1.0,1.0,1.0,0.0,-3.0517578125e-05,-3.0517578125e-05,-3.0517578125e-05,-3.0517578125e-05,-3.0517578125e-05,-3.0517578125e-05,N,2,2026-08-22_23-06-48,2026-08-23
0.9963636363636363,1.0,0.9343065693430657,1.0,1.0,0.0,0.0,1.0,1.0,1.0,0.0,-3.0517578125e-05,-3.0517578125e-05,-3.0517578125e-05,-3.0517578125e-05,-3.0517578125e-05,-3.0517578125e-05,N,2,2026-08-22_23-06-48,2026-08-23
1.0,1.0,0.718978102189781,0.9447004608294931,1.0,0.0,0.0,1.0,1.0,1.0,0.0,-3.0517578125e-05,-3.0517578125e-05,-3.0517578125e-05,-3.0517578125e-05,-3.0517578125e-05,-3.0517578125e-05,N,2,2026-08-22_23-06-48,2026-08-23
1.0,1.0,1.0,0.9861751152073732,0.0,0.0,0.0,1.0,1.0,1.0,0.0,-3.0517578125e-05,-3.0517578125e-05,-3.0517578125e-05,-3.0517578125e-05,-3.0517578125e-05,-3.0517578125e-05,N,2,2026-08-22_23-06-48,2026-08-23
1.0,1.0,0.3686131386861314,0.29493087557603687,0.8053691275167785,0.0,0.0,1.0,1.0,1.0,0.0,-3.0517578125e-05,-3.0517578125e-05,-3.0517578125e-05,-3.0517578125e-05,-3.0517578125e-05,-3.0517578125e-05,N,2,2026-08-22_23-06-48,2026-08-23
0.7509090909090909,1.0,0.0,1.0,1.0,0.0,0.0,1.0,1.0,1.0,0.0,-3.0517578125e-05,-3.0517578125e-05,-3.0517578125e-05,-3.0517578125e-05,-3.0517578125e-05,-3.0517578125e-05,N,2,2026-08-22_23-06-48,2026-08-23
0.9963636363636363,1.0,1.0,0.9078341013824884,0.348993288590604,0.0,0.0,1.0,1.0,1.0,0.0,-3.0517578125e-05,-3.0517578125e-05,-3.0517578125e-05,-3.0517578125e-05,-3.0517578125e-05,-3.0517578125e-05,N,2,2026-08-22_23-06-48,2026-08-23
0.8727272727272727,1.0,0.7335766423357665,1.0,1.0,0.0,0.0,1.0,1.0,1.0,0.0,-3.0517578125e-05,-3.0517578125e-05,-3.0517578125e-05,-3.0517578125e-05,-3.0517578125e-05,-3.0517578125e-05,N,2,2026-08-22_23-06-48,2026-08-23
0.9127272727272727,1.0,0.9124087591240876,0.8986175115207373,1.0,0.0,0.0,1.0,1.0,1.0,0.0,-3.0517578125e-05,-3.0517578125e-05,-3.0517578125e-05,-3.0517578125e-05,-3.0517578125e-05,-3.0517578125e-05,N,2,2026-08-22_23-06-48,2026-08-23
0.9090909090909091,0.9336734693877551,1.0,0.9585253456221198,1.0,0.0,0.0,1.0,1.0,1.0,0.0,-3.0517578125e-05,-3.0517578125e-05,-3.0517578125e-05,-3.0517578125e-05,-3.0517578125e-05,-3.0517578125e-05,N,3,2026-08-22_23-06-48,2026-08-23
1.0,0.9166666666666666,0.8065693430656934,0.9078341013824884,0.8053691275167785,0.0,0.0,1.0,1.0,1.0,0.0,-3.0517578125e-05,-3.0517578125e-05,-3.0517578125e-05,-3.0517578125e-05,-3.0517578125e-05,-3.0517578125e-05,N,3,2026-08-22_23-06-48,2026-08-23
0.9418181818181818,0.8707482993197279,1.0,0.9124423963133641,1.0,0.0,0.0,1.0,1.0,1.0,0.0,-3.0517578125e-05,-3.0517578125e-05,-3.0517578125e-05,-3.0517578125e-05,-3.0517578125e-05,-3.0517578125e-05,N,3,2026-08-22_23-06-48,2026-08-23
1.0,0.9523809523809523,0.8832116788321168,1.0,1.0,0.0,0.0,1.0,1.0,1.0,0.0,-3.0517578125e-05,-3.0517578125e-05,-3.0517578125e-05,-3.0517578125e-05,-3.0517578125e-05,-3.0517578125e-05,N,3,2026-08-22_23-06-48,2026-08-23
0.8618181818181818,1.0,0.5875912408759124,0.9032258064516129,0.912751677852349,0.0,0.0,1.0,1.0,1.0,0.0,-3.0517578125e-05,-3.0517578125e-05,-3.0517578125e-05,-3.0517578125e-05,-3.0517578125e-05,-3.0517578125e-05,N,3,2026-08-22_23-06-48,2026-08-23
1.0,0.9319727891156463,0.8576642335766423,1.0,0.8053691275167785,0.0,0.0,1.0,1.0,1.0,0.0,-3.0517578125e-05,-3.0517578125e-05,-3.0517578125e-05,-3.0517578125e-05,-3.0517578125e-05,-3.0517578125e-05,N,3,2026-08-22_23-06-48,2026-08-23
0.8563636363636363,0.9200680272108843,0.8759124087591241,0.8571428571428571,0.8187919463087249,0.0,0.0,1.0,1.0,1.0,0.0,-3.0517578125e-05,-3.0517578125e-05,-3.0517578125e-05,-3.0517578125e-05,-3.0517578125e-05,-3.0517578125e-05,N,3,2026-08-22_23-06-48,2026-08-23
1.0,0.9659863945578231,1.0,0.8847926267281107,0.8053691275167785,0.0,0.0,1.0,1.0,1.0,0.0,-3.0517578125e-05,-3.0517578125e-05,-3.0517578125e-05,-3.0517578125e-05,-3.0517578125e-05,-3.0517578125e-05,N,3,2026-08-22_23-06-48,2026-08-23
1.0,0.7959183673469388,1.0,1.0,1.0,0.0,0.0,1.0,1.0,1.0,0.0,-3.0517578125e-05,-3.0517578125e-05,-3.0517578125e-05,-3.0517578125e-05,-3.0517578125e-05,-3.0517578125e-05,N,3,2026-08-22_23-06-48,2026-08-23
0.8818181818181818,1.0,0.781021897810219,1.0,0.8053691275167785,0.0,0.0,1.0,1.0,1.0,0.0,-3.0517578125e-05,-3.0517578125e-05,-3.0517578125e-05,-3.0517578125e-05,-3.0517578125e-05,-3.0517578125e-05,N,3,2026-08-22_23-06-48,2026-08-23
1.0,1.0,1.0,0.7142857142857143,1.0,0.0,0.0,1.0,1.0,1.0,0.0,-3.0517578125e-05,-3.0517578125e-05,-3.0517578125e-05,-3.0517578125e-05,-3.0517578125e-05,-3.0517578125e-05,N,3,2026-08-22_23-06-48,2026-08-23
0.8727272727272727,1.0,0.6934306569343066,1.0,0.8053691275167785,0.0,0.0,1.0,1.0,1.0,0.0,-3.0517578125e-05,-3.0517578125e-05,-3.0517578125e-05,-3.0517578125e-05,-3.0517578125e-05,-3.0517578125e-05,N,3,2026-08-22_23-06-48,2026-08-23
1.0,1.0,1.0,0.815668202764977,1.0,0.0,0.0,1.0,1.0,1.0,0.0,-3.0517578125e-05,-3.0517578125e-05,-3.0517578125e-05,-3.0517578125e-05,-3.0517578125e-05,-3.0517578125e-05,N,3,2026-08-22_23-06-48,2026-08-23
1.0,1.0,1.0,0.7188940092165899,1.0,0.0,0.0,1.0,1.0,1.0,0.0,-3.0517578125e-05,-3.0517578125e-05,-3.0517578125e-05,-3.0517578125e-05,-3.0517578125e-05,-3.0517578125e-05,N,3,2026-08-22_23-06-48,2026-08-23
1.0,1.0,1.0,0.7511520737327189,1.0,0.0,0.0,1.0,1.0,1.0,0.0,-3.0517578125e-05,-3.0517578125e-05,-3.0517578125e-05,-3.0517578125e-05,-3.0517578125e-05,-3.0517578125e-05,N,3,2026-08-22_23-06-48,2026-08-23
1.0,1.0,0.9708029197080292,0.7465437788018433,1.0,0.0,0.0,1.0,1.0,1.0,0.0,-3.0517578125e-05,-3.0517578125e-05,-3.0517578125e-05,-3.0517578125e-05,-3.0517578125e-05,-3.0517578125e-05,N,3,2026-08-22_23-06-48,2026-08-23
1.0,1.0,1.0,0.8064516129032258,1.0,0.0,0.0,1.0,1.0,1.0,0.0,-3.0517578125e-05,-3.0517578125e-05,-3.0517578125e-05,-3.0517578125e-05,-3.0517578125e-05,-3.0517578125e-05,N,3,2026-08-22_23-06-48,2026-08-23
0.9727272727272728,1.0,1.0,1.0,0.4966442953020134,0.0,0.0,1.0,1.0,1.0,0.0,-3.0517578125e-05,-3.0517578125e-05,-3.0517578125e-05,-3.0517578125e-05,-3.0517578125e-05,-3.0517578125e-05,N,3,2026-08-22_23-06-48,2026-08-23
1.0,1.0,1.0,0.5668202764976958,1.0,0.0,0.0,1.0,1.0,1.0,0.0,-3.0517578125e-05,-3.0517578125e-05,-3.0517578125e-05,-3.0517578125e-05,-3.0517578125e-05,-3.0517578125e-05,N,3,2026-08-22_23-06-48,2026-08-23
0.9709090909090909,1.0,1.0,1.0,0.8053691275167785,0.0,0.0,1.0,1.0,1.0,0.0,-3.0517578125e-05,-3.0517578125e-05,-3.0517578125e-05,-3.0517578125e-05,-3.0517578125e-05,-3.0517578125e-05,N,3,2026-08-22_23-06-48,2026-08-23
0.8909090909090909,1.0,1.0,1.0,0.5100671140939598,0.0,0.0,1.0,1.0,1.0,0.0,-3.0517578125e-05,-3.0517578125e-05,-3.0517578125e-05,-3.0517578125e-05,-3.0517578125e-05,-3.0517578125e-05,N,3,2026-08-22_23-06-48,2026-08-23
0.9345454545454546,1.0,1.0,1.0,1.0,0.0,0.0,1.0,1.0,1.0,0.0,-3.0517578125e-05,-3.0517578125e-05,-3.0517578125e-05,-3.0517578125e-05,-3.0517578125e-05,-3.0517578125e-05,N,3,2026-08-22_23-06-48,2026-08-23
1.0,1.0,1.0,0.6175115207373272,1.0,0.0,0.0,1.0,1.0,1.0,0.0,-3.0517578125e-05,-3.0517578125e-05,-3.0517578125e-05,-3.0517578125e-05,-3.0517578125e-05,-3.0517578125e-05,N,3,2026-08-22_23-06-48,2026-08-23
0.9690909090909091,1.0,1.0,1.0,1.0,0.0,0.0,1.0,1.0,1.0,0.0,-3.0517578125e-05,-3.0517578125e-05,-3.0517578125e-05,-3.0517578125e-05,-3.0517578125e-05,-3.0517578125e-05,N,3,2026-08-22_23-06-48,2026-08-23
0.9818181818181818,0.8809523809523809,1.0,0.6543778801843319,0.0,0.0,0.0,1.0,1.0,1.0,0.0,-3.0517578125e-05,-3.0517578125e-05,-3.0517578125e-05,-3.0517578125e-05,-3.0517578125e-05,-3.0517578125e-05,N,3,2026-08-22_23-06-48,2026-08-23
0.9109090909090909,0.9438775510204082,1.0,1.0,1.0,0.0,0.0,1.0,1.0,1.0,0.0,-3.0517578125e-05,-3.0517578125e-05,-3.0517578125e-05,-3.0517578125e-05,-3.0517578125e-05,-3.0517578125e-05,N,3,2026-08-22_23-06-48,2026-08-23
1.0,0.9693877551020408,1.0,0.9769585253456221,0.8053691275167785,0.0,0.0,1.0,1.0,1.0,0.0,-3.0517578125e-05,-3.0517578125e-05,-3.0517578125e-05,-3.0517578125e-05,-3.0517578125e-05,-3.0517578125e-05,N,3,2026-08-22_23-06-48,2026-08-23
0.9381818181818182,0.9268707482993197,1.0,0.8617511520737328,0.9530201342281879,0.0,0.0,1.0,1.0,1.0,0.0,-3.0517578125e-05,-3.0517578125e-05,-3.0517578125e-05,-3.0517578125e-05,-3.0517578125e-05,-3.0517578125e-05,N,3,2026-08-22_23-06-48,2026-08-23
0.9890909090909091,1.0,1.0,0.9170506912442397,0.9664429530201343,0.0,0.0,1.0,1.0,1.0,0.0,-3.0517578125e-05,-3.0517578125e-05,-3.0517578125e-05,-3.0517578125e-05,-3.0517578125e-05,-3.0517578125e-05,N,3,2026-08-22_23-06-48,2026-08-23
0.8818181818181818,1.0,1.0,1.0,1.0,0.0,0.0,1.0,1.0,1.0,0.0,-3.0517578125e-05,-3.0517578125e-05,-3.0517578125e-05,-3.0517578125e-05,-3.0517578125e-05,-3.0517578125e-05,N,3,2026-08-22_23-06-48,2026-08-23
0.9181818181818182,1.0,1.0,1.0,0.9395973154362416,0.0,0.0,1.0,1.0,1.0,0.0,-3.0517578125e-05,-3.0517578125e-05,-3.0517578125e-05,-3.0517578125e-05,-3.0517578125e-05,-3.0517578125e-05,N,3,2026-08-22_23-06-48,2026-08-23
0.9418181818181818,1.0,1.0,1.0,0.8053691275167785,0.0,0.0,1.0,1.0,1.0,0.0,-3.0517578125e-05,-3.0517578125e-05,-3.0517578125e-05,-3.0517578125e-05,-3.0517578125e-05,-3.0517578125e-05,N,3,2026-08-22_23-06-48,2026-08-23
1.0,1.0,1.0,1.0,1.0,0.0,0.0,1.0,1.0,1.0,0.0,-3.0517578125e-05,-3.0517578125e-05,-3.0517578125e-05,-3.0517578125e-05,-3.0517578125e-05,-3.0517578125e-05,N,3,2026-08-22_23-06-48,2026-08-23
0.9090909090909091,1.0,1.0,1.0,0.8456375838926175,0.0,0.0,1.0,1.0,1.0,0.0,-3.0517578125e-05,-3.0517578125e-05,-3.0517578125e-05,-3.0517578125e-05,-3.0517578125e-05,-3.0517578125e-05,N,3,2026-08-22_23-06-48,2026-08-23
0.9727272727272728,1.0,1.0,1.0,1.0,0.0,0.0,1.0,1.0,1.0,0.0,-3.0517578125e-05,-3.0517578125e-05,-3.0517578125e-05,-3.0517578125e-05,-3.0517578125e-05,-3.0517578125e-05,N,3,2026-08-22_23-06-48,2026-08-23
1.0,1.0,1.0,0.8617511520737328,0.8053691275167785,0.0,0.0,1.0,1.0,1.0,0.0,-3.0517578125e-05,-3.0517578125e-05,-3.0517578125e-05,-3.0517578125e-05,-3.0517578125e-05,-3.0517578125e-05,N,3,2026-08-22_23-06-48,2026-08-23
1.0,1.0,1.0,0.29493087557603687,0.10738255033557047,0.0,0.0,1.0,1.0,1.0,0.0,-3.0517578125e-05,-3.0517578125e-05,-3.0517578125e-05,-3.0517578125e-05,-3.0517578125e-05,-3.0517578125e-05,N,3,2026-08-22_23-06-48,2026-08-23
0.6381818181818182,1.0,1.0,1.0,1.0,0.0,0.0,1.0,1.0,1.0,0.0,-3.0517578125e-05,-3.0517578125e-05,-3.0517578125e-05,-3.0517578125e-05,-3.0517578125e-05,-3.0517578125e-05,N,3,2026-08-22_23-06-48,2026-08-23
0.8418181818181818,1.0,1.0,0.9861751152073732,1.0,0.0,0.0,1.0,1.0,1.0,0.0,-3.0517578125e-05,-3.0517578125e-05,-3.0517578125e-05,-3.0517578125e-05,-3.0517578125e-05,-3.0517578125e-05,N,3,2026-08-22_23-06-48,2026-08-23
0.8981818181818182,1.0,1.0,1.0,0.9798657718120806,0.0,0.0,1.0,1.0,1.0,0.0,-3.0517578125e-05,-3.0517578125e-05,-3.0517578125e-05,-3.0517578125e-05,-3.0517578125e-05,-3.0517578125e-05,N,3,2026-08-22_23-06-48,2026-08-23
1.0,0.9404761904761905,0.9124087591240876,0.8064516129032258,0.9395973154362416,0.0,0.0,1.0,1.0,1.0,0.0,-3.0517578125e-05,-3.0517578125e-05,-3.0517578125e-05,-3.0517578125e-05,-3.0517578125e-05,-3.0517578125e-05,N,4,2026-08-22_23-06-48,2026-08-23
1.0,0.9064625850340136,0.9416058394160584,0.9400921658986175,1.0,0.0,0.0,1.0,1.0,1.0,0.0,-3.0517578125e-05,-3.0517578125e-05,-3.0517578125e-05,-3.0517578125e-05,-3.0517578125e-05,-3.0517578125e-05,N,4,2026-08-22_23-06-48,2026-08-23
0.8909090909090909,1.0,0.6240875912408759,1.0,1.0,0.0,0.0,1.0,1.0,1.0,0.0,-3.0517578125e-05,-3.0517578125e-05,-3.0517578125e-05,-3.0517578125e-05,-3.0517578125e-05,-3.0517578125e-05,N,4,2026-08-22_23-06-48,2026-08-23
0.8927272727272727,1.0,0.916058394160584,1.0,1.0,0.0,0.0,1.0,1.0,1.0,0.0,-3.0517578125e-05,-3.0517578125e-05,-3.0517578125e-05,-3.0517578125e-05,-3.0517578125e-05,-3.0517578125e-05,N,4,2026-08-22_23-06-48,2026-08-23
1.0,0.8792517006802721,0.9671532846715328,0.9953917050691244,0.9664429530201343,0.0,0.0,1.0,1.0,1.0,0.0,-3.0517578125e-05,-3.0517578125e-05,-3.0517578125e-05,-3.0517578125e-05,-3.0517578125e-05,-3.0517578125e-05,N,4,2026-08-22_23-06-48,2026-08-23
1.0,0.8826530612244898,1.0,0.7880184331797235,1.0,0.0,0.0,1.0,1.0,1.0,0.0,-3.0517578125e-05,-3.0517578125e-05,-3.0517578125e-05,-3.0517578125e-05,-3.0517578125e-05,-3.0517578125e-05,N,4,2026-08-22_23-06-48,2026-08-23
0.94,0.9659863945578231,0.8138686131386861,1.0,1.0,0.0,0.0,1.0,1.0,1.0,0.0,-3.0517578125e-05,-3.0517578125e-05,-3.0517578125e-05,-3.0517578125e-05,-3.0517578125e-05,-3.0517578125e-05,N,4,2026-08-22_23-06-48,2026-08-23
1.0,1.0,0.7591240875912408,1.0,1.0,0.0,0.0,1.0,1.0,1.0,0.0,-3.0517578125e-05,-3.0517578125e-05,-3.0517578125e-05,-3.0517578125e-05,-3.0517578125e-05,-3.0517578125e-05,N,4,2026-08-22_23-06-48,2026-08-23
0.7563636363636363,1.0,1.0,1.0,1.0,0.0,0.0,1.0,1.0,1.0,0.0,-3.0517578125e-05,-3.0517578125e-05,-3.0517578125e-05,-3.0517578125e-05,-3.0517578125e-05,-3.0517578125e-05,N,4,2026-08-22_23-06-48,2026-08-23
1.0,0.8248299319727891,0.8211678832116789,0.7788018433179723,0.8053691275167785,0.0,0.0,1.0,1.0,1.0,0.0,-3.0517578125e-05,-3.0517578125e-05,-3.0517578125e-05,-3.0517578125e-05,-3.0517578125e-05,-3.0517578125e-05,N,4,2026-08-22_23-06-48,2026-08-23
0.9872727272727273,0.9404761904761905,1.0,1.0,1.0,0.0,0.0,1.0,1.0,1.0,0.0,-3.0517578125e-05,-3.0517578125e-05,-3.0517578125e-05,-3.0517578125e-05,-3.0517578125e-05,-3.0517578125e-05,N,4,2026-08-22_23-06-48,2026-08-23
1.0,0.9982993197278912,0.45255474452554745,0.9493087557603687,1.0,0.0,0.0,1.0,1.0,1.0,0.0,-3.0517578125e-05,-3.0517578125e-05,-3.0517578125e-05,-3.0517578125e-05,-3.0517578125e-05,-3.0517578125e-05,N,4,2026-08-22_23-06-48,2026-08-23
1.0,0.8571428571428571,0.5875912408759124,0.7465437788018433,0.4563758389261745,0.0,0.0,1.0,1.0,1.0,0.0,-3.0517578125e-05,-3.0517578125e-05,-3.0517578125e-05,-3.0517578125e-05,-3.0517578125e-05,-3.0517578125e-05,N,4,2026-08-22_23-06-48,2026-08-23
1.0,0.9574829931972789,1.0,1.0,1.0,0.0,0.0,1.0,1.0,1.0,0.0,-3.0517578125e-05,-3.0517578125e-05,-3.0517578125e-05,-3.0517578125e-05,-3.0517578125e-05,-3.0517578125e-05,N,4,2026-08-22_23-06-48,2026-08-23
1.0,0.858843537414966,0.8248175182481752,1.0,1.0,0.0,0.0,1.0,1.0,1.0,0.0,-3.0517578125e-05,-3.0517578125e-05,-3.0517578125e-05,-3.0517578125e-05,-3.0517578125e-05,-3.0517578125e-05,N,4,2026-08-22_23-06-48,2026-08-23
0.8654545454545455,1.0,0.9890510948905109,1.0,1.0,0.0,0.0,1.0,1.0,1.0,0.0,-3.0517578125e-05,-3.0517578125e-05,-3.0517578125e-05,-3.0517578125e-05,-3.0517578125e-05,-3.0517578125e-05,N,4,2026-08-22_23-06-48,2026-08-23
0.8745454545454545,1.0,0.8832116788321168,0.8894009216589862,0.9395973154362416,0.0,0.0,1.0,1.0,1.0,0.0,-3.0517578125e-05,-3.0517578125e-05,-3.0517578125e-05,-3.0517578125e-05,-3.0517578125e-05,-3.0517578125e-05,N,4,2026-08-22_23-06-48,2026-08-23
1.0,0.9914965986394558,0.9927007299270073,1.0,1.0,0.0,0.0,1.0,1.0,1.0,0.0,-3.0517578125e-05,-3.0517578125e-05,-3.0517578125e-05,-3.0517578125e-05,-3.0517578125e-05,-3.0517578125e-05,N,4,2026-08-22_23-06-48,2026-08-23
1.0,0.9846938775510204,0.927007299270073,0.8847926267281107,1.0,0.0,0.0,1.0,1.0,1.0,0.0,-3.0517578125e-05,-3.0517578125e-05,-3.0517578125e-05,-3.0517578125e-05,-3.0517578125e-05,-3.0517578125e-05,N,4,2026-08-22_23-06-48,2026-08-23
1.0,0.9149659863945578,0.9379562043795621,1.0,1.0,0.0,0.0,1.0,1.0,1.0,0.0,-3.0517578125e-05,-3.0517578125e-05,-3.0517578125e-05,-3.0517578125e-05,-3.0517578125e-05,-3.0517578125e-05,N,4,2026-08-22_23-06-48,2026-08-23
1.0,0.9098639455782312,0.8941605839416058,1.0,1.0,0.0,0.0,1.0,1.0,1.0,0.0,-3.0517578125e-05,-3.0517578125e-05,-3.0517578125e-05,-3.0517578125e-05,-3.0517578125e-05,-3.0517578125e-05,N,4,2026-08-22_23-06-48,2026-08-23
0.9509090909090909,1.0,1.0,1.0,1.0,0.0,0.0,1.0,1.0,1.0,0.0,-3.0517578125e-05,-3.0517578125e-05,-3.0517578125e-05,-3.0517578125e-05,-3.0517578125e-05,-3.0517578125e-05,N,4,2026-08-22_23-06-48,2026-08-23
1.0,1.0,0.7700729927007299,1.0,1.0,0.0,0.0,1.0,1.0,1.0,0.0,-3.0517578125e-05,-3.0517578125e-05,-3.0517578125e-05,-3.0517578125e-05,-3.0517578125e-05,-3.0517578125e-05,N,4,2026-08-22_23-06-48,2026-08-23
0.47454545454545455,0.6377551020408163,1.0,1.0,1.0,0.0,0.0,1.0,1.0,1.0,0.0,-3.0517578125e-05,-3.0517578125e-05,-3.0517578125e-05,-3.0517578125e-05,-3.0517578125e-05,-3.0517578125e-05,N,4,2026-08-22_23-06-48,2026-08-23
1.0,1.0,1.0,0.9400921658986175,0.48322147651006714,0.0,0.0,1.0,1.0,1.0,0.0,-3.0517578125e-05,-3.0517578125e-05,-3.0517578125e-05,-3.0517578125e-05,-3.0517578125e-05,-3.0517578125e-05,N,4,2026-08-22_23-06-48,2026-08-23
1.0,0.9608843537414966,0.21897810218978103,0.29493087557603687,0.24161073825503357,0.0,0.0,1.0,1.0,1.0,0.0,-3.0517578125e-05,-3.0517578125e-05,-3.0517578125e-05,-3.0517578125e-05,-3.0517578125e-05,-3.0517578125e-05,N,4,2026-08-22_23-06-48,2026-08-23
0.9872727272727273,0.8622448979591837,0.4635036496350365,0.5299539170506913,0.4429530201342282,0.0,0.0,1.0,0.0,1.0,0.0,-3.0517578125e-05,-3.0517578125e-05,-3.0517578125e-05,-3.0517578125e-05,-3.0517578125e-05,-3.0517578125e-05,N,4,2026-08-22_23-06-48,2026-08-23
1.0,1.0,0.8284671532846716,0.21658986175115208,0.0,0.0,0.0,1.0,1.0,1.0,0.0,-3.0517578125e-05,-3.0517578125e-05,-3.0517578125e-05,-3.0517578125e-05,-3.0517578125e-05,-3.0517578125e-05,N,4,2026-08-22_23-06-48,2026-08-23
1.0,0.9642857142857143,0.9343065693430657,0.8894009216589862,0.8053691275167785,0.0,0.0,1.0,1.0,1.0,0.0,-3.0517578125e-05,-3.0517578125e-05,-3.0517578125e-05,-3.0517578125e-05,-3.0517578125e-05,-3.0517578125e-05,N,4,2026-08-22_23-06-48,2026-08-23
1.0,1.0,0.5948905109489051,0.4377880184331797,0.1476510067114094,0.0,0.0,1.0,1.0,1.0,0.0,-3.0517578125e-05,-3.0517578125e-05,-3.0517578125e-05,-3.0517578125e-05,-3.0517578125e-05,-3.0517578125e-05,N,4,2026-08-22_23-06-48,2026-08-23
0.9636363636363636,1.0,1.0,1.0,1.0,0.0,0.0,1.0,1.0,1.0,0.0,-3.0517578125e-05,-3.0517578125e-05,-3.0517578125e-05,-3.0517578125e-05,-3.0517578125e-05,-3.0517578125e-05,N,4,2026-08-22_23-06-48,2026-08-23
0.9818181818181818,0.9370748299319728,0.9124087591240876,0.9585253456221198,1.0,0.0,0.0,1.0,1.0,1.0,0.0,-3.0517578125e-05,-3.0517578125e-05,-3.0517578125e-05,-3.0517578125e-05,-3.0517578125e-05,-3.0517578125e-05,N,4,2026-08-22_23-06-48,2026-08-23
1.0,0.9506802721088435,0.927007299270073,1.0,1.0,0.0,0.0,1.0,1.0,1.0,0.0,-3.0517578125e-05,-3.0517578125e-05,-3.0517578125e-05,-3.0517578125e-05,-3.0517578125e-05,-3.0517578125e-05,N,4,2026-08-22_23-06-48,2026-08-23
1.0,0.9897959183673469,0.8065693430656934,1.0,1.0,0.0,0.0,1.0,1.0,1.0,0.0,-3.0517578125e-05,-3.0517578125e-05,-3.0517578125e-05,-3.0517578125e-05,-3.0517578125e-05,-3.0517578125e-05,N,4,2026-08-22_23-06-48,2026-08-23
1.0,0.9659863945578231,0.9525547445255474,1.0,1.0,0.0,0.0,1.0,1.0,1.0,0.0,-3.0517578125e-05,-3.0517578125e-05,-3.0517578125e-05,-3.0517578125e-05,-3.0517578125e-05,-3.0517578125e-05,N,4,2026-08-22_23-06-48,2026-08-23
1.0,0.9336734693877551,0.9233576642335767,1.0,1.0,0.0,0.0,1.0,1.0,1.0,0.0,-3.0517578125e-05,-3.0517578125e-05,-3.0517578125e-05,-3.0517578125e-05,-3.0517578125e-05,-3.0517578125e-05,N,4,2026-08-22_23-06-48,2026-08-23
0.9945454545454545,0.9710884353741497,0.8759124087591241,1.0,1.0,0.0,0.0,1.0,1.0,1.0,0.0,-3.0517578125e-05,-3.0517578125e-05,-3.0517578125e-05,-3.0517578125e-05,-3.0517578125e-05,-3.0517578125e-05,N,4,2026-08-22_23-06-48,2026-08-23
0.9781818181818182,0.9659863945578231,1.0,0.9308755760368663,1.0,0.0,0.0,1.0,1.0,1.0,0.0,-3.0517578125e-05,-3.0517578125e-05,-3.0517578125e-05,-3.0517578125e-05,-3.0517578125e-05,-3.0517578125e-05,N,4,2026-08-22_23-06-48,2026-08-23
0.98,1.0,0.9452554744525548,1.0,0.9395973154362416,0.0,0.0,1.0,1.0,1.0,0.0,-3.0517578125e-05,-3.0517578125e-05,-3.0517578125e-05,-3.0517578125e-05,-3.0517578125e-05,-3.0517578125e-05,N,4,2026-08-22_23-06-48,2026-08-23
0.9563636363636364,0.9540816326530612,0.9562043795620438,1.0,0.9932885906040269,0.0,0.0,1.0,1.0,1.0,0.0,-3.0517578125e-05,-3.0517578125e-05,-3.0517578125e-05,-3.0517578125e-05,-3.0517578125e-05,-3.0517578125e-05,N,4,2026-08-22_23-06-48,2026-08-23
