flex_pinky,flex_ring,flex_middle,flex_index,flex_thumb,touch_index,touch_middle,touch_ring,touch_pinky,touch_r,touch_u,ax,ay,az,gx,gy,gz,label,rep,session,day
0.9163636363636364,0.9608843537414966,0.7043795620437956,0.5898617511520737,1.0,0.0,1.0,1.0,1.0,1.0,0.0,-3.0517578125e-05,-3.0517578125e-05,-3.0517578125e-05,-3.0517578125e-05,-3.0517578125e-05,-3.0517578125e-05,O,0,2026-08-22_23-06-48,2026-08-23
0.9309090909090909,1.0,0.42700729927007297,0.7050691244239631,0.3624161073825503,0.0,1.0,1.0,1.0,1.0,0.0,-3.0517578125e-05,-3.0517578125e-05,-3.0517578125e-05,-3.0517578125e-05,-3.0517578125e-05,-3.0517578125e-05,O,0,2026-08-22_23-06-48,2026-08-23
0.9672727272727273,1.0,0.9744525547445255,0.9447004608294931,0.8053691275167785,0.0,1.0,1.0,1.0,1.0,0.0,-3.0517578125e-05,-3.0517578125e-05,-3.0517578125e-05,-3.0517578125e-05,-3.0517578125e-05,-3.0517578125e-05,O,0,2026-08-22_23-06-48,2026-08-23
0.98,1.0,0.7773722627737226,0.7373271889400922,0.0,0.0,1.0,1.0,1.0,1.0,0.0,-3.0517578125e-05,-3.0517578125e-05,-3.0517578125e-05,-3.0517578125e-05,-3.0517578125e-05,-3.0517578125e-05,O,0,2026-08-22_23-06-48,2026-08-23
0.8927272727272727,0.9931972789115646,0.7773722627737226,0.9493087557603687,0.3624161073825503,0.0,1.0,1.0,1.0,1.0,0.0,-3.0517578125e-05,-3.0517578125e-05,-3.0517578125e-05,-3.0517578125e-05,-3.0517578125e-05,-3.0517578125e-05,O,0,2026-08-22_23-06-48,2026-08-23
0.9981818181818182,0.8554421768707483,0.5182481751824818,0.7972350230414746,0.8053691275167785,0.0,1.0,1.0,1.0,1.0,0.0,-3.0517578125e-05,-3.0517578125e-05,-3.0517578125e-05,-3.0517578125e-05,-3.0517578125e-05,-3.0517578125e-05,O,0,2026-08-22_23-06-48,2026-08-23
0.9018181818181819,0.8554421768707483,0.5291970802919708,0.631336405529954,0.8053691275167785,0.0,1.0,1.0,1.0,1.0,0.0,-3.0517578125e-05,-3.0517578125e-05,-3.0517578125e-05,-3.0517578125e-05,-3.0517578125e-05,-3.0517578125e-05,O,0,2026-08-22_23-06-48,2026-08-23
0.9418181818181818,0.9608843537414966,0.7700729927007299,0.6405529953917051,0.10738255033557047,0.0,1.0,1.0,1.0,1.0,0.0,-3.0517578125e-05,-3.0517578125e-05,-3.0517578125e-05,-3.0517578125e-05,-3.0517578125e-05,-3.0517578125e-05,O,0,2026-08-22_23-06-48,2026-08-23
0.8545454545454545,1.0,0.9525547445255474,0.7465437788018433,0.37583892617449666,0.0,1.0,1.0,1.0,1.0,0.0,-3.0517578125e-05,-3.0517578125e-05,-3.0517578125e-05,-3.0517578125e-05,-3.0517578125e-05,-3.0517578125e-05,O,0,2026-08-22_23-06-48,2026-08-23
0.8945454545454545,0.9812925170068028,0.6897810218978102,0.9262672811059908,0.8053691275167785,0.0,1.0,1.0,1.0,1.0,0.0,-3.0517578125e-05,-3.0517578125e-05,-3.0517578125e-05,-3.0517578125e-05,-3.0517578125e-05,-3.0517578125e-05,O,0,2026-08-22_23-06-48,2026-08-23
0.9636363636363636,0.8809523809523809,0.8868613138686131,0.7419354838709677,0.10738255033557047,0.0,1.0,1.0,1.0,1.0,0.0,-3.0517578125e-05,-3.0517578125e-05,-3.0517578125e-05,-3.0517578125e-05,-3.0517578125e-05,-3.0517578125e-05,O,0,2026-08-22_23-06-48,2026-08-23
0.7618181818181818,0.9625850340136054,1.0,0.7096774193548387,0.8053691275167785,0.0,1.0,1.0,1.0,1.0,0.0,-3.0517578125e-05,-3.0517578125e-05,-3.0517578125e-05,-3.0517578125e-05,-3.0517578125e-05,-3.0517578125e-05,O,0,2026-08-22_23-06-48,2026-08-23
0.9563636363636364,0.9064625850340136,1.0,0.30414746543778803,0.24161073825503357,0.0,1.0,1.0,1.0,1.0,0.0,-3.0517578125e-05,-3.0517578125e-05,-3.0517578125e-05,-3.0517578125e-05,-3.0517578125e-05,-3.0517578125e-05,O,0,2026-08-22_23-06-48,2026-08-23
0.7181818181818181,0.9812925170068028,0.9343065693430657,0.9308755760368663,0.8053691275167785,0.0,1.0,1.0,1.0,1.0,0.0,-3.0517578125e-05,-3.0517578125e-05,-3.0517578125e-05,-3.0517578125e-05,-3.0517578125e-05,-3.0517578125e-05,O,0,2026-08-22_23-06-48,2026-08-23
0.98,0.9047619047619048,0.7627737226277372,0.9447004608294931,0.8053691275167785,0.0,1.0,1.0,1.0,1.0,0.0,-3.0517578125e-05,-3.0517578125e-05,-3.0517578125e-05,-3.0517578125e-05,-3.0517578125e-05,-3.0517578125e-05,O,0,2026-08-22_23-06-48,2026-08-23
0.8145454545454546,0.9302721088435374,0.9927007299270073,0.7142857142857143,0.18791946308724833,0.0,1.0,1.0,1.0,1.0,0.0,-3.0517578125e-05,-3.0517578125e-05,-3.0517578125e-05,-3.0517578125e-05,-3.0517578125e-05,-3.0517578125e-05,O,0,2026-08-22_23-06-48,2026-08-23
0.9672727272727273,0.9319727891156463,0.9781021897810219,0.7188940092165899,0.8053691275167785,0.0,1.0,1.0,1.0,1.0,0.0,-3.0517578125e-05,-3.0517578125e-05,-3.0517578125e-05,-3.0517578125e-05,-3.0517578125e-05,-3.0517578125e-05,O,0,2026-08-22_23-06-48,2026-08-23
0.8236363636363636,0.9982993197278912,0.6642335766423357,0.9078341013824884,0.8053691275167785,0.0,1.0,1.0,1.0,1.0,0.0,-3.0517578125e-05,-3.0517578125e-05,-3.0517578125e-05,-3.0517578125e-05,-3.0517578125e-05,-3.0517578125e-05,O,0,2026-08-22_23-06-48,2026-08-23
0.8,1.0,0.635036496350365,0.8341013824884793,0.8053691275167785,0.0,1.0,1.0,1.0,1.0,0.0,-3.0517578125e-05,-3.0517578125e-05,-3.0517578125e-05,-3.0517578125e-05,-3.0517578125e-05,-3.0517578125e-05,O,0,2026-08-22_23-06-48,2026-08-23
0.88,1.0,0.6240875912408759,0.880184331797235,0.42953020134228187,0.0,1.0,1.0,1.0,1.0,0.0,-3.0517578125e-05,-3.0517578125e-05,-3.0517578125e-05,-3.0517578125e-05,-3.0517578125e-05,-3.0517578125e-05,O,0,2026-08-22_23-06-48,2026-08-23
0.96,0.9251700680272109,0.6678832116788321,0.7373271889400922,0.5234899328859061,0.0,1.0,1.0,1.0,1.0,0.0,-3.0517578125e-05,-3.0517578125e-05,-3.0517578125e-05,-3.0517578125e-05,-3.0517578125e-05,-3.0517578125e-05,O,0,2026-08-22_23-06-48,2026-08-23
1.0,0.8758503401360545,0.9890510948905109,0.5990783410138248,0.42953020134228187,0.0,1.0,1.0,1.0,1.0,0.0,-3.0517578125e-05,-3.0517578125e-05,-3.0517578125e-05,-3.0517578125e-05,-3.0517578125e-05,-3.0517578125e-05,O,0,2026-08-22_23-06-48,2026-08-23
0.8236363636363636,0.9098639455782312,0.9927007299270073,0.46543778801843316,1.0,0.0,1.0,1.0,1.0,1.0,0.0,-3.0517578125e-05,-3.0517578125e-05,-3.0517578125e-05,-3.0517578125e-05,-3.0517578125e-05,-3.0517578125e-05,O,0,2026-08-22_23-06-48,2026-08-23
0.9109090909090909,0.8962585034013606,1.0,0.6728110599078341,0.12080536912751678,0.0,1.0,1.0,1.0,1.0,0.0,-3.0517578125e-05,-3.0517578125e-05,-3.0517578125e-05,-3.0517578125e-05,-3.0517578125e-05,-3.0517578125e-05,O,0,2026-08-22_23-06-48,2026-08-23
0.8072727272727273,1.0,0.8357664233576643,0.6497695852534562,0.1476510067114094,0.0,1.0,1.0,1.0,1.0,0.0,-3.0517578125e-05,-3.0517578125e-05,-3.0517578125e-05,-3.0517578125e-05,-3.0517578125e-05,-3.0517578125e-05,O,0,2026-08-22_23-06-48,2026-08-23
0.72,1.0,0.9525547445255474,0.6129032258064516,0.2953020134228188,0.0,1.0,1.0,1.0,1.0,0.0,-3.0517578125e-05,-3.0517578125e-05,-3.0517578125e-05,-3.0517578125e-05,-3.0517578125e-05,-3.0517578125e-05,O,0,2026-08-22_23-06-48,2026-08-23
0.730909090909091,1.0,0.7043795620437956,0.9631336405529954,0.37583892617449666,0.0,1.0,1.0,1.0,1.0,0.0,-3.0517578125e-05,-3.0517578125e-05,-3.0517578125e-05,-3.0517578125e-05,-3.0517578125e-05,-3.0517578125e-05,O,0,2026-08-22_23-06-48,2026-08-23
0.8909090909090909,1.0,0.5875912408759124,0.9078341013824884,0.9664429530201343,0.0,1.0,1.0,1.0,1.0,0.0,-3.0517578125e-05,-3.0517578125e-05,-3.0517578125e-05,-3.0517578125e-05,-3.0517578125e-05,-3.0517578125e-05,O,0,2026-08-22_23-06-48,2026-08-23
0.9981818181818182,0.8520408163265306,1.0,0.5944700460829493,0.24161073825503357,0.0,1.0,1.0,1.0,1.0,0.0,-3.0517578125e-05,-3.0517578125e-05,-3.0517578125e-05,-3.0517578125e-05,-3.0517578125e-05,-3.0517578125e-05,O,0,2026-08-22_23-06-48,2026-08-23
0.9781818181818182,1.0,0.6788321167883211,0.8847926267281107,1.0,0.0,1.0,1.0,1.0,1.0,0.0,-3.0517578125e-05,-3.0517578125e-05,-3.0517578125e-05,-3.0517578125e-05,-3.0517578125e-05,-3.0517578125e-05,O,0,2026-08-22_23-06-48,2026-08-23
0.9454545454545454,0.8248299319727891,0.8978102189781022,0.5944700460829493,0.8053691275167785,0.0,1.0,1.0,1.0,1.0,0.0,-3.0517578125e-05,-3.0517578125e-05,-3.0517578125e-05,-3.0517578125e-05,-3.0517578125e-05,-3.0517578125e-05,O,0,2026-08-22_23-06-48,2026-08-23
1.0,0.8741496598639455,0.7627737226277372,0.5299539170506913,0.8322147651006712,0.0,1.0,1.0,1.0,1.0,0.0,-3.0517578125e-05,-3.0517578125e-05,-3.0517578125e-05,-3.0517578125e-05,-3.0517578125e-05,-3.0517578125e-05,O,0,2026-08-22_23-06-48,2026-08-23
1.0,0.8282312925170068,0.9124087591240876,0.5069124423963134,0.40268456375838924,0.0,1.0,1.0,1.0,1.0,0.0,-3.0517578125e-05,-3.0517578125e-05,-3.0517578125e-05,-3.0517578125e-05,-3.0517578125e-05,-3.0517578125e-05,O,0,2026-08-22_23-06-48,2026-08-23
0.9309090909090909,0.8622448979591837,0.6277372262773723,0.5852534562211982,0.8053691275167785,0.0,1.0,1.0,1.0,1.0,0.0,-3.0517578125e-05,-3.0517578125e-05,-3.0517578125e-05,-3.0517578125e-05,-3.0517578125e-05,-3.0517578125e-05,O,0,2026-08-22_23-06-48,2026-08-23
0.850909090909091,0.9914965986394558,0.8941605839416058,0.4700460829493088,0.8053691275167785,0.0,1.0,1.0,1.0,1.0,0.0,-3.0517578125e-05,-3.0517578125e-05,-3.0517578125e-05,-3.0517578125e-05,-3.0517578125e-05,-3.0517578125e-05,O,0,2026-08-22_23-06-48,2026-08-23
1.0,0.8248299319727891,0.7664233576642335,0.8940092165898618,1.0,0.0,1.0,1.0,1.0,1.0,0.0,-3.0517578125e-05,-3.0517578125e-05,-3.0517578125e-05,-3.0517578125e-05,-3.0517578125e-05,-3.0517578125e-05,O,0,2026-08-22_23-06-48,2026-08-23
0.9272727272727272,1.0,0.5437956204379562,0.9354838709677419,1.0,0.0,1.0,1.0,1.0,1.0,0.0,-3.0517578125e-05,-3.0517578125e-05,-3.0517578125e-05,-3.0517578125e-05,-3.0517578125e-05,-3.0517578125e-05,O,0,2026-08-22_23-06-48,2026-08-23
0.7563636363636363,1.0,0.7335766423357665,1.0,1.0,0.0,1.0,1.0,1.0,1.0,0.0,-3.0517578125e-05,-3.0517578125e-05,-3.0517578125e-05,-3.0517578125e-05,-3.0517578125e-05,-3.0517578125e-05,O,0,2026-08-22_23-06-48,2026-08-23
0.9636363636363636,0.9778911564625851,0.6167883211678832,0.695852534562212,0.348993288590604,0.0,1.0,1.0,1.0,1.0,0.0,-3.0517578125e-05,-3.0517578125e-05,-3.0517578125e-05,-3.0517578125e-05,-3.0517578125e-05,-3.0517578125e-05,O,0,2026-08-22_23-06-48,2026-08-23
1.0,0.9081632653061225,0.5036496350364964,0.7373271889400922,1.0,0.0,1.0,1.0,1.0,1.0,0.0,-3.0517578125e-05,-3.0517578125e-05,-3.0517578125e-05,-3.0517578125e-05,-3.0517578125e-05,-3.0517578125e-05,O,0,2026-08-22_23-06-48,2026-08-23
0.88,0.9863945578231292,0.9854014598540146,0.6866359447004609,0.8053691275167785,0.0,0.0,0.0,1.0,1.0,0.0,-3.0517578125e-05,-3.0517578125e-05,-3.0517578125e-05,-3.0517578125e-05,-3.0517578125e-05,-3.0517578125e-05,O,1,2026-08-22_23-06-48,2026-08-23
0.8872727272727273,0.9948979591836735,1.0,0.5898617511520737,0.348993288590604,0.0,0.0,0.0,1.0,1.0,0.0,-3.0517578125e-05,-3.0517578125e-05,-3.0517578125e-05,-3.0517578125e-05,-3.0517578125e-05,-3.0517578125e-05,O,1,2026-08-22_23-06-48,2026-08-23
1.0,0.8843537414965986,1.0,0.7511520737327189,0.87248322147651,0.0,0.0,0.0,1.0,1.0,0.0,-3.0517578125e-05,-3.0517578125e-05,-3.0517578125e-05,-3.0517578125e-05,-3.0517578125e-05,-3.0517578125e-05,O,1,2026-08-22_23-06-48,2026-08-23
0.8654545454545455,1.0,0.7591240875912408,0.8571428571428571,0.37583892617449666,0.0,0.0,0.0,1.0,1.0,0.0,-3.0517578125e-05,-3.0517578125e-05,-3.0517578125e-05,-3.0517578125e-05,-3.0517578125e-05,-3.0517578125e-05,O,1,2026-08-22_23-06-48,2026-08-23
0.9218181818181819,1.0,0.8248175182481752,0.8940092165898618,0.1476510067114094,0.0,0.0,0.0,1.0,1.0,0.0,-3.0517578125e-05,-3.0517578125e-05,-3.0517578125e-05,-3.0517578125e-05,-3.0517578125e-05,-3.0517578125e-05,O,1,2026-08-22_23-06-48,2026-08-23
1.0,0.9098639455782312,1.0,0.9308755760368663,0.8053691275167785,0.0,0.0,0.0,1.0,1.0,0.0,-3.0517578125e-05,-3.0517578125e-05,-3.0517578125e-05,-3.0517578125e-05,-3.0517578125e-05,-3.0517578125e-05,O,1,2026-08-22_23-06-48,2026-08-23
0.9581818181818181,0.923469387755102,0.9927007299270073,0.7419354838709677,0.3087248322147651,0.0,0.0,0.0,1.0,1.0,0.0,-3.0517578125e-05,-3.0517578125e-05,-3.0517578125e-05,-3.0517578125e-05,-3.0517578125e-05,-3.0517578125e-05,O,1,2026-08-22_23-06-48,2026-08-23
1.0,0.9081632653061225,1.0,0.576036866359447,0.8053691275167785,0.0,0.0,0.0,1.0,1.0,0.0,-3.0517578125e-05,-3.0517578125e-05,-3.0517578125e-05,-3.0517578125e-05,-3.0517578125e-05,-3.0517578125e-05,O,1,2026-08-22_23-06-48,2026-08-23
1.0,1.0,0.8540145985401459,1.0,0.8053691275167785,0.0,0.0,0.0,1.0,1.0,0.0,-3.0517578125e-05,-3.0517578125e-05,-3.0517578125e-05,-3.0517578125e-05,-3.0517578125e-05,-3.0517578125e-05,O,1,2026-08-22_23-06-48,2026-08-23
0.94,1.0,0.6496350364963503,1.0,0.912751677852349,0.0,0.0,0.0,1.0,1.0,0.0,-3.0517578125e-05,-3.0517578125e-05,-3.0517578125e-05,-3.0517578125e-05,-3.0517578125e-05,-3.0517578125e-05,O,1,2026-08-22_23-06-48,2026-08-23
0.8981818181818182,0.9982993197278912,1.0,0.6359447004608295,0.1476510067114094,0.0,0.0,0.0,1.0,1.0,0.0,-3.0517578125e-05,-3.0517578125e-05,-3.0517578125e-05,-3.0517578125e-05,-3.0517578125e-05,-3.0517578125e-05,O,1,2026-08-22_23-06-48,2026-08-23
0.9436363636363636,1.0,0.6934306569343066,1.0,0.8590604026845637,0.0,0.0,0.0,1.0,1.0,0.0,-3.0517578125e-05,-3.0517578125e-05,-3.0517578125e-05,-3.0517578125e-05,-3.0517578125e-05,-3.0517578125e-05,O,1,2026-08-22_23-06-48,2026-08-23
0.8981818181818182,0.9081632653061225,1.0,0.9815668202764977,1.0,0.0,0.0,0.0,1.0,1.0,0.0,-3.0517578125e-05,-3.0517578125e-05,-3.0517578125e-05,-3.0517578125e-05,-3.0517578125e-05,-3.0517578125e-05,O,1,2026-08-22_23-06-48,2026-08-23
0.5781818181818181,0.7840136054421769,0.11678832116788321,0.2857142857142857,0.0,0.0,0.0,0.0,1.0,1.0,0.0,-3.0517578125e-05,-3.0517578125e-05,-3.0517578125e-05,-3.0517578125e-05,-3.0517578125e-05,-3.0517578125e-05,O,1,2026-08-22_23-06-48,2026-08-23
1.0,0.95578231292517,1.0,1.0,0.8053691275167785,0.0,0.0,0.0,1.0,1.0,0.0,-3.0517578125e-05,-3.0517578125e-05,-3.0517578125e-05,-3.0517578125e-05,-3.0517578125e-05,-3.0517578125e-05,O,1,2026-08-22_23-06-48,2026-08-23
0.8727272727272727,0.9608843537414966,0.6423357664233577,0.7649769585253456,0.3221476510067114,0.0,0.0,0.0,1.0,1.0,0.0,-3.0517578125e-05,-3.0517578125e-05,-3.0517578125e-05,-3.0517578125e-05,-3.0517578125e-05,-3.0517578125e-05,O,1,2026-08-22_23-06-48,2026-08-23
0.9109090909090909,1.0,0.8357664233576643,1.0,0.8053691275167785,0.0,0.0,0.0,1.0,1.0,0.0,-3.0517578125e-05,-3.0517578125e-05,-3.0517578125e-05,-3.0517578125e-05,-3.0517578125e-05,-3.0517578125e-05,O,1,2026-08-22_23-06-48,2026-08-23
0.8818181818181818,0.9931972789115646,0.8759124087591241,0.8847926267281107,0.4429530201342282,0.0,0.0,0.0,1.0,1.0,0.0,-3.0517578125e-05,-3.0517578125e-05,-3.0517578125e-05,-3.0517578125e-05,-3.0517578125e-05,-3.0517578125e-05,O,1,2026-08-22_23-06-48,2026-08-23
1.0,1.0,0.9854014598540146,0.8110599078341014,0.8590604026845637,0.0,0.0,0.0,1.0,1.0,0.0,-3.0517578125e-05,-3.0517578125e-05,-3.0517578125e-05,-3.0517578125e-05,-3.0517578125e-05,-3.0517578125e-05,O,1,2026-08-22_23-06-48,2026-08-23
0.9709090909090909,1.0,0.8686131386861314,0.9400921658986175,0.8053691275167785,0.0,0.0,0.0,1.0,1.0,0.0,-3.0517578125e-05,-3.0517578125e-05,-3.0517578125e-05,-3.0517578125e-05,-3.0517578125e-05,-3.0517578125e-05,O,1,2026-08-22_23-06-48,2026-08-23
1.0,1.0,1.0,0.8525345622119815,0.3624161073825503,0.0,0.0,0.0,1.0,1.0,0.0,-3.0517578125e-05,-3.0517578125e-05,-3.0517578125e-05,-3.0517578125e-05,-3.0517578125e-05,-3.0517578125e-05,O,1,2026-08-22_23-06-48,2026-08-23
1.0,1.0,1.0,0.9539170506912442,0.8053691275167785,0.0,0.0,0.0,1.0,1.0,0.0,-3.0517578125e-05,-3.0517578125e-05,-3.0517578125e-05,-3.0517578125e-05,-3.0517578125e-05,-3.0517578125e-05,O,1,2026-08-22_23-06-48,2026-08-23
1.0,0.9778911564625851,0.7007299270072993,0.5622119815668203,1.0,0.0,0.0,0.0,1.0,1.0,0.0,-3.0517578125e-05,-3.0517578125e-05,-3.0517578125e-05,-3.0517578125e-05,-3.0517578125e-05,-3.0517578125e-05,O,1,2026-08-22_23-06-48,2026-08-23
0.9618181818181818,0.9302721088435374,0.9014598540145985,1.0,0.912751677852349,0.0,0.0,0.0,1.0,1.0,0.0,-3.0517578125e-05,-3.0517578125e-05,-3.0517578125e-05,-3.0517578125e-05,-3.0517578125e-05,-3.0517578125e-05,O,1,2026-08-22_23-06-48,2026-08-23
0.9854545454545455,1.0,0.9708029197080292,0.9723502304147466,0.40268456375838924,0.0,0.0,0.0,1.0,1.0,0.0,-3.0517578125e-05,-3.0517578125e-05,-3.0517578125e-05,-3.0517578125e-05,-3.0517578125e-05,-3.0517578125e-05,O,1,2026-08-22_23-06-48,2026-08-23
0.49272727272727274,0.7874149659863946,0.927007299270073,0.9262672811059908,0.8322147651006712,0.0,0.0,0.0,1.0,1.0,0.0,-3.0517578125e-05,-3.0517578125e-05,-3.0517578125e-05,-3.0517578125e-05,-3.0517578125e-05,-3.0517578125e-05,O,1,2026-08-22_23-06-48,2026-08-23
1.0,1.0,1.0,1.0,1.0,0.0,0.0,0.0,1.0,1.0,0.0,-3.0517578125e-05,-3.0517578125e-05,-3.0517578125e-05,-3.0517578125e-05,-3.0517578125e-05,-3.0517578125e-05,O,1,2026-08-22_23-06-48,2026-08-23
0.7127272727272728,0.7993197278911565,0.0,0.511520737327189,0.8053691275167785,0.0,0.0,0.0,1.0,1.0,0.0,-3.0517578125e-05,-3.0517578125e-05,-3.0517578125e-05,-3.0517578125e-05,-3.0517578125e-05,-3.0517578125e-05,O,1,2026-08-22_23-06-48,2026-08-23
0.6818181818181818,0.6547619047619048,0.13503649635036497,0.9493087557603687,1.0,0.0,0.0,0.0,1.0,1.0,0.0,-3.0517578125e-05,-3.0517578125e-05,-3.0517578125e-05,-3.0517578125e-05,-3.0517578125e-05,-3.0517578125e-05,O,1,2026-08-22_23-06-48,2026-08-23
0.7072727272727273,0.8027210884353742,0.5255474452554745,1.0,0.0,0.0,0.0,0.0,1.0,1.0,0.0,-3.0517578125e-05,-3.0517578125e-05,-3.0517578125e-05,-3.0517578125e-05,-3.0517578125e-05,-3.0517578125e-05,O,1,2026-08-22_23-06-48,2026-08-23
0.92,0.9642857142857143,0.9963503649635036,1.0,1.0,0.0,0.0,0.0,1.0,1.0,0.0,-3.0517578125e-05,-3.0517578125e-05,-3.0517578125e-05,-3.0517578125e-05,-3.0517578125e-05,-3.0517578125e-05,O,1,2026-08-22_23-06-48,2026-08-23
0.96,0.9064625850340136,0.5,0.7096774193548387,1.0,0.0,0.0,0.0,1.0,1.0,0.0,-3.0517578125e-05,-3.0517578125e-05,-3.0517578125e-05,-3.0517578125e-05,-3.0517578125e-05,-3.0517578125e-05,O,1,2026-08-22_23-06-48,2026-08-23
1.0,1.0,0.9051094890510949,0.7188940092165899,0.4563758389261745,0.0,0.0,0.0,1.0,1.0,0.0,-3.0517578125e-05,-3.0517578125e-05,-3.0517578125e-05,-3.0517578125e-05,-3.0517578125e-05,-3.0517578125e-05,O,1,2026-08-22_23-06-48,2026-08-23
0.9309090909090909,1.0,0.5912408759124088,0.8202764976958525,0.8053691275167785,0.0,0.0,0.0,1.0,1.0,0.0,-3.0517578125e-05,-3.0517578125e-05,-3.0517578125e-05,-3.0517578125e-05,-3.0517578125e-05,-3.0517578125e-05,O,1,2026-08-22_23-06-48,2026-08-23
1.0,1.0,1.0,1.0,0.8053691275167785,0.0,0.0,0.0,1.0,1.0,0.0,-3.0517578125e-05,-3.0517578125e-05,-3.0517578125e-05,-3.0517578125e-05,-3.0517578125e-05,-3.0517578125e-05,O,1,2026-08-22_23-06-48,2026-08-23
0.9745454545454545,1.0,0.916058394160584,0.967741935483871,0.8053691275167785,0.0,0.0,0.0,1.0,1.0,0.0,-3.0517578125e-05,-3.0517578125e-05,-3.0517578125e-05,-3.0517578125e-05,-3.0517578125e-05,-3.0517578125e-05,O,1,2026-08-22_23-06-48,2026-08-23
0.94,1.0,0.9416058394160584,0.8525345622119815,0.8053691275167785,0.0,0.0,0.0,1.0,1.0,0.0,-3.0517578125e-05,-3.0517578125e-05,-3.0517578125e-05,-3.0517578125e-05,-3.0517578125e-05,-3.0517578125e-05,O,1,2026-08-22_23-06-48,2026-08-23
0.9363636363636364,1.0,0.8759124087591241,0.8755760368663594,0.8053691275167785,0.0,0.0,0.0,1.0,1.0,0.0,-3.0517578125e-05,-3.0517578125e-05,-3.0517578125e-05,-3.0517578125e-05,-3.0517578125e-05,-3.0517578125e-05,O,1,2026-08-22_23-06-48,2026-08-23
1.0,1.0,0.9014598540145985,0.8294930875576036,0.8053691275167785,0.0,0.0,0.0,1.0,1.0,0.0,-3.0517578125e-05,-3.0517578125e-05,-3.0517578125e-05,-3.0517578125e-05,-3.0517578125e-05,-3.0517578125e-05,O,1,2026-08-22_23-06-48,2026-08-23
0.9472727272727273,0.9880952380952381,0.7773722627737226,0.8202764976958525,0.8053691275167785,0.0,0.0,0.0,1.0,1.0,0.0,-3.0517578125e-05,-3.0517578125e-05,-3.0517578125e-05,-3.0517578125e-05,-3.0517578125e-05,-3.0517578125e-05,O,1,2026-08-22_23-06-48,2026-08-23
0.9981818181818182,1.0,1.0,0.8986175115207373,1.0,0.0,0.0,1.0,1.0,1.0,0.0,-3.0517578125e-05,-3.0517578125e-05,-3.0517578125e-05,-3.0517578125e-05,-3.0517578125e-05,-3.0517578125e-05,O,2,2026-08-22_23-06-48,2026-08-23
1.0,1.0,0.7591240875912408,0.8202764976958525,0.8053691275167785,0.0,0.0,1.0,1.0,1.0,0.0,-3.0517578125e-05,-3.0517578125e-05,-3.0517578125e-05,-3.0517578125e-05,-3.0517578125e-05,-3.0517578125e-05,O,2,2026-08-22_23-06-48,2026-08-23
1.0,1.0,0.8759124087591241,1.0,1.0,0.0,0.0,1.0,1.0,1.0,0.0,-3.0517578125e-05,-3.0517578125e-05,-3.0517578125e-05,-3.0517578125e-05,-3.0517578125e-05,-3.0517578125e-05,O,2,2026-08-22_23-06-48,2026-08-23
1.0,1.0,1.0,0.815668202764977,0.8053691275167785,0.0,0.0,1.0,1.0,1.0,0.0,-3.0517578125e-05,-3.0517578125e-05,-3.0517578125e-05,-3.0517578125e-05,-3.0517578125e-05,-3.0517578125e-05,O,2,2026-08-22_23-06-48,2026-08-23
0.9109090909090909,1.0,0.6094890510948905,1.0,1.0,0.0,0.0,1.0,1.0,1.0,0.0,-3.0517578125e-05,-3.0517578125e-05,-3.0517578125e-05,-3.0517578125e-05,-3.0517578125e-05,-3.0517578125e-05,O,2,2026-08-22_23-06-48,2026-08-23
0.9890909090909091,1.0,0.8138686131386861,1.0,0.9664429530201343,0.0,0.0,1.0,1.0,1.0,0.0,-3.0517578125e-05,-3.0517578125e-05,-3.0517578125e-05,-3.0517578125e-05,-3.0517578125e-05,-3.0517578125e-05,O,2,2026-08-22_23-06-48,2026-08-23
0.9454545454545454,1.0,0.9744525547445255,0.9124423963133641,0.8053691275167785,0.0,0.0,1.0,1.0,1.0,0.0,-3.0517578125e-05,-3.0517578125e-05,-3.0517578125e-05,-3.0517578125e-05,-3.0517578125e-05,-3.0517578125e-05,O,2,2026-08-22_23-06-48,2026-08-23
1.0,1.0,1.0,1.0,0.8590604026845637,0.0,0.0,1.0,1.0,1.0,0.0,-3.0517578125e-05,-3.0517578125e-05,-3.0517578125e-05,-3.0517578125e-05,-3.0517578125e-05,-3.0517578125e-05,O,2,2026-08-22_23-06-48,2026-08-23
1.0,1.0,0.0,0.0,0.0,0.0,0.0,1.0,1.0,1.0,0.0,-3.0517578125e-05,-3.0517578125e-05,-3.0517578125e-05,-3.0517578125e-05,-3.0517578125e-05,-3.0517578125e-05,O,2,2026-08-22_23-06-48,2026-08-23
1.0,1.0,0.7591240875912408,0.21658986175115208,0.0,0.0,0.0,1.0,1.0,1.0,0.0,-3.0517578125e-05,-3.0517578125e-05,-3.0517578125e-05,-3.0517578125e-05,-3.0517578125e-05,-3.0517578125e-05,O,2,2026-08-22_23-06-48,2026-08-23
0.9981818181818182,1.0,1.0,1.0,0.10738255033557047,0.0,0.0,1.0,1.0,1.0,0.0,-3.0517578125e-05,-3.0517578125e-05,-3.0517578125e-05,-3.0517578125e-05,-3.0517578125e-05,-3.0517578125e-05,O,2,2026-08-22_23-06-48,2026-08-23
0.7490909090909091,0.9540816326530612,1.0,1.0,0.0,0.0,0.0,1.0,1.0,1.0,0.0,-3.0517578125e-05,-3.0517578125e-05,-3.0517578125e-05,-3.0517578125e-05,-3.0517578125e-05,-3.0517578125e-05,O,2,2026-08-22_23-06-48,2026-08-23
0.6454545454545455,0.9812925170068028,0.8795620437956204,1.0,1.0,0.0,0.0,1.0,1.0,1.0,0.0,-3.0517578125e-05,-3.0517578125e-05,-3.0517578125e-05,-3.0517578125e-05,-3.0517578125e-05,-3.0517578125e-05,O,2,2026-08-22_23-06-48,2026-08-23
0.9436363636363636,0.9931972789115646,0.7372262773722628,0.4930875576036866,0.4429530201342282,0.0,0.0,1.0,1.0,1.0,0.0,-3.0517578125e-05,-3.0517578125e-05,-3.0517578125e-05,-3.0517578125e-05,-3.0517578125e-05,-3.0517578125e-05,O,2,2026-08-22_23-06-48,2026-08-23
1.0,1.0,0.7372262773722628,1.0,1.0,0.0,0.0,1.0,1.0,1.0,0.0,-3.0517578125e-05,-3.0517578125e-05,-3.0517578125e-05,-3.0517578125e-05,-3.0517578125e-05,-3.0517578125e-05,O,2,2026-08-22_23-06-48,2026-08-23
1.0,0.9081632653061225,0.5,0.6221198156682027,0.8053691275167785,0.0,0.0,1.0,1.0,1.0,0.0,-3.0517578125e-05,-3.0517578125e-05,-3.0517578125e-05,-3.0517578125e-05,-3.0517578125e-05,-3.0517578125e-05,O,2,2026-08-22_23-06-48,2026-08-23
1.0,1.0,0.9927007299270073,0.8940092165898618,1.0,0.0,0.0,1.0,1.0,1.0,0.0,-3.0517578125e-05,-3.0517578125e-05,-3.0517578125e-05,-3.0517578125e-05,-3.0517578125e-05,-3.0517578125e-05,O,2,2026-08-22_23-06-48,2026-08-23
0.96,1.0,0.8211678832116789,0.9585253456221198,0.9664429530201343,0.0,0.0,1.0,1.0,1.0,0.0,-3.0517578125e-05,-3.0517578125e-05,-3.0517578125e-05,-3.0517578125e-05,-3.0517578125e-05,-3.0517578125e-05,O,2,2026-08-22_23-06-48,2026-08-23
0.9981818181818182,1.0,0.9708029197080292,0.815668202764977,0.912751677852349,0.0,0.0,1.0,1.0,1.0,0.0,-3.0517578125e-05,-3.0517578125e-05,-3.0517578125e-05,-3.0517578125e-05,-3.0517578125e-05,-3.0517578125e-05,O,2,2026-08-22_23-06-48,2026-08-23
0.94,1.0,0.8029197080291971,0.8110599078341014,0.9798657718120806,0.0,0.0,1.0,1.0,1.0,0.0,-3.0517578125e-05,-3.0517578125e-05,-3.0517578125e-05,-3.0517578125e-05,-3.0517578125e-05,-3.0517578125e-05,O,2,2026-08-22_23-06-48,2026-08-23
0.98,1.0,0.864963503649635,0.8709677419354839,1.0,0.0,0.0,1.0,1.0,1.0,0.0,-3.0517578125e-05,-3.0517578125e-05,-3.0517578125e-05,-3.0517578125e-05,-3.0517578125e-05,-3.0517578125e-05,O,2,2026-08-22_23-06-48,2026-08-23
1.0,1.0,0.9087591240875912,0.8341013824884793,1.0,0.0,0.0,1.0,1.0,1.0,0.0,-3.0517578125e-05,-3.0517578125e-05,-3.0517578125e-05,-3.0517578125e-05,-3.0517578125e-05,-3.0517578125e-05,O,2,2026-08-22_23-06-48,2026-08-23
0.9872727272727273,1.0,0.708029197080292,0.6682027649769585,0.8053691275167785,0.0,0.0,1.0,1.0,1.0,0.0,-3.0517578125e-05,-3.0517578125e-05,-3.0517578125e-05,-3.0517578125e-05,-3.0517578125e-05,-3.0517578125e-05,O,2,2026-08-22_23-06-48,2026-08-23
0.9436363636363636,0.9863945578231292,1.0,0.880184331797235,1.0,0.0,0.0,1.0,1.0,1.0,0.0,-3.0517578125e-05,-3.0517578125e-05,-3.0517578125e-05,-3.0517578125e-05,-3.0517578125e-05,-3.0517578125e-05,O,2,2026-08-22_23-06-48,2026-08-23
0.9927272727272727,1.0,0.9817518248175182,0.6036866359447005,1.0,0.0,0.0,1.0,1.0,1.0,0.0,-3.0517578125e-05,-3.0517578125e-05,-3.0517578125e-05,-3.0517578125e-05,-3.0517578125e-05,-3.0517578125e-05,O,2,2026-08-22_23-06-48,2026-08-23
0.94,1.0,0.9708029197080292,1.0,0.9664429530201343,0.0,0.0,1.0,1.0,1.0,0.0,-3.0517578125e-05,-3.0517578125e-05,-3.0517578125e-05,-3.0517578125e-05,-3.0517578125e-05,-3.0517578125e-05,O,2,2026-08-22_23-06-48,2026-08-23
0.98,1.0,0.8503649635036497,0.7050691244239631,0.9395973154362416,0.0,0.0,1.0,1.0,1.0,0.0,-3.0517578125e-05,-3.0517578125e-05,-3.0517578125e-05,-3.0517578125e-05,-3.0517578125e-05,-3.0517578125e-05,O,2,2026-08-22_23-06-48,2026-08-23
0.9636363636363636,1.0,0.9562043795620438,0.8709677419354839,0.8187919463087249,0.0,0.0,1.0,1.0,1.0,0.0,-3.0517578125e-05,-3.0517578125e-05,-3.0517578125e-05,-3.0517578125e-05,-3.0517578125e-05,-3.0517578125e-05,O,2,2026-08-22_23-06-48,2026-08-23
0.9872727272727273,0.9863945578231292,0.8686131386861314,0.967741935483871,0.8053691275167785,0.0,0.0,1.0,1.0,1.0,0.0,-3.0517578125e-05,-3.0517578125e-05,-3.0517578125e-05,-3.0517578125e-05,-3.0517578125e-05,-3.0517578125e-05,O,2,2026-08-22_23-06-48,2026-08-23
1.0,1.0,0.635036496350365,1.0,0.8053691275167785,0.0,0.0,1.0,1.0,1.0,0.0,-3.0517578125e-05,-3.0517578125e-05,-3.0517578125e-05,-3.0517578125e-05,-3.0517578125e-05,-3.0517578125e-05,O,2,2026-08-22_23-06-48,2026-08-23
0.9727272727272728,0.923469387755102,0.7846715328467153,1.0,1.0,0.0,0.0,1.0,1.0,1.0,0.0,-3.0517578125e-05,-3.0517578125e-05,-3.0517578125e-05,-3.0517578125e-05,-3.0517578125e-05,-3.0517578125e-05,O,2,2026-08-22_23-06-48,2026-08-23
1.0,1.0,0.6459854014598541,1.0,0.9395973154362416,0.0,0.0,1.0,1.0,1.0,0.0,-3.0517578125e-05,-3.0517578125e-05,-3.0517578125e-05,-3.0517578125e-05,-3.0517578125e-05,-3.0517578125e-05,O,2,2026-08-22_23-06-48,2026-08-23
0.9527272727272728,1.0,0.8357664233576643,0.5852534562211982,1.0,0.0,0.0,1.0,1.0,1.0,0.0,-3.0517578125e-05,-3.0517578125e-05,-3.0517578125e-05,-3.0517578125e-05,-3.0517578125e-05,-3.0517578125e-05,O,2,2026-08-22_23-06-48,2026-08-23
1.0,0.9897959183673469,0.9598540145985401,0.7419354838709677,1.0,0.0,0.0,1.0,1.0,1.0,0.0,-3.0517578125e-05,-3.0517578125e-05,-3.0517578125e-05,-3.0517578125e-05,-3.0517578125e-05,-3.0517578125e-05,O,2,2026-08-22_23-06-48,2026-08-23
0.9709090909090909,0.9965986394557823,0.9087591240875912,0.7880184331797235,1.0,0.0,0.0,1.0,1.0,1.0,0.0,-3.0517578125e-05,-3.0517578125e-05,-3.0517578125e-05,-3.0517578125e-05,-3.0517578125e-05,-3.0517578125e-05,O,2,2026-08-22_23-06-48,2026-08-23
1.0,1.0,0.7299270072992701,1.0,0.8590604026845637,0.0,0.0,1.0,1.0,1.0,0.0,-3.0517578125e-05,-3.0517578125e-05,-3.0517578125e-05,-3.0517578125e-05,-3.0517578125e-05,-3.0517578125e-05,O,2,2026-08-22_23-06-48,2026-08-23
0.9054545454545454,1.0,1.0,0.7465437788018433,1.0,0.0,0.0,1.0,1.0,1.0,0.0,-3.0517578125e-05,-3.0517578125e-05,-3.0517578125e-05,-3.0517578125e-05,-3.0517578125e-05,-3.0517578125e-05,O,2,2026-08-22_23-06-48,2026-08-23
0.9436363636363636,1.0,0.8394160583941606,1.0,0.5100671140939598,0.0,0.0,1.0,1.0,1.0,0.0,-3.0517578125e-05,-3.0517578125e-05,-3.0517578125e-05,-3.0517578125e-05,-3.0517578125e-05,-3.0517578125e-05,O,2,2026-08-22_23-06-48,2026-08-23
0.8981818181818182,1.0,1.0,1.0,0.8053691275167785,0.0,0.0,1.0,1.0,1.0,0.0,-3.0517578125e-05,-3.0517578125e-05,-3.0517578125e-05,-3.0517578125e-05,-3.0517578125e-05,-3.0517578125e-05,O,2,2026-08-22_23-06-48,2026-08-23
0.9309090909090909,1.0,1.0,0.8709677419354839,0.8053691275167785,0.0,0.0,1.0,1.0,1.0,0.0,-3.0517578125e-05,-3.0517578125e-05,-3.0517578125e-05,-3.0517578125e-05,-3.0517578125e-05,-3.0517578125e-05,O,2,2026-08-22_23-06-48,2026-08-23
0.9218181818181819,1.0,0.5875912408759124,1.0,0.9798657718120806,0.0,0.0,1.0,1.0,1.0,0.0,-3.0517578125e-05,-3.0517578125e-05,-3.0517578125e-05,-3.0517578125e-05,-3.0517578125e-05,-3.0517578125e-05,O,3,2026-08-22_23-06-48,2026-08-23
0.88,1.0,0.9525547445255474,0.6774193548387096,0.48322147651006714,0.0,0.0,1.0,1.0,1.0,0.0,-3.0517578125e-05,-3.0517578125e-05,-3.0517578125e-05,-3.0517578125e-05,-3.0517578125e-05,-3.0517578125e-05,O,3,2026-08-22_23-06-48,2026-08-23
0.8363636363636363,1.0,0.6715328467153284,0.7373271889400922,0.8053691275167785,0.0,0.0,1.0,1.0,1.0,0.0,-3.0517578125e-05,-3.0517578125e-05,-3.0517578125e-05,-3.0517578125e-05,-3.0517578125e-05,-3.0517578125e-05,O,3,2026-08-22_23-06-48,2026-08-23
1.0,0.9319727891156463,1.0,0.7373271889400922,1.0,0.0,0.0,1.0,1.0,1.0,0.0,-3.0517578125e-05,-3.0517578125e-05,-3.0517578125e-05,-3.0517578125e-05,-3.0517578125e-05,-3.0517578125e-05,O,3,2026-08-22_23-06-48,2026-08-23
0.8654545454545455,1.0,0.7408759124087592,0.5898617511520737,0.8053691275167785,0.0,0.0,1.0,1.0,1.0,0.0,-3.0517578125e-05,-3.0517578125e-05,-3.0517578125e-05,-3.0517578125e-05,-3.0517578125e-05,-3.0517578125e-05,O,3,2026-08-22_23-06-48,2026-08-23
0.8472727272727273,1.0,0.9014598540145985,0.8571428571428571,1.0,0.0,0.0,1.0,1.0,1.0,0.0,-3.0517578125e-05,-3.0517578125e-05,-3.0517578125e-05,-3.0517578125e-05,-3.0517578125e-05,-3.0517578125e-05,O,3,2026-08-22_23-06-48,2026-08-23
1.0,1.0,0.9233576642335767,0.815668202764977,0.8053691275167785,0.0,0.0,1.0,1.0,1.0,0.0,-3.0517578125e-05,-3.0517578125e-05,-3.0517578125e-05,-3.0517578125e-05,-3.0517578125e-05,-3.0517578125e-05,O,3,2026-08-22_23-06-48,2026-08-23
0.8872727272727273,1.0,0.791970802919708,0.967741935483871,0.9932885906040269,0.0,0.0,1.0,1.0,1.0,0.0,-3.0517578125e-05,-3.0517578125e-05,-3.0517578125e-05,-3.0517578125e-05,-3.0517578125e-05,-3.0517578125e-05,O,3,2026-08-22_23-06-48,2026-08-23
1.0,0.8962585034013606,1.0,0.7327188940092166,1.0,0.0,0.0,1.0,1.0,1.0,0.0,-3.0517578125e-05,-3.0517578125e-05,-3.0517578125e-05,-3.0517578125e-05,-3.0517578125e-05,-3.0517578125e-05,O,3,2026-08-22_23-06-48,2026-08-23
1.0,0.9166666666666666,1.0,0.5668202764976958,1.0,0.0,0.0,1.0,1.0,1.0,0.0,-3.0517578125e-05,-3.0517578125e-05,-3.0517578125e-05,-3.0517578125e-05,-3.0517578125e-05,-3.0517578125e-05,O,3,2026-08-22_23-06-48,2026-08-23
0.84,0.9931972789115646,0.9927007299270073,0.3686635944700461,0.8053691275167785,0.0,0.0,1.0,1.0,1.0,0.0,-3.0517578125e-05,-3.0517578125e-05,-3.0517578125e-05,-3.0517578125e-05,-3.0517578125e-05,-3.0517578125e-05,O,3,2026-08-22_23-06-48,2026-08-23
0.8872727272727273,1.0,0.7956204379562044,0.9078341013824884,1.0,0.0,0.0,1.0,1.0,1.0,0.0,-3.0517578125e-05,-3.0517578125e-05,-3.0517578125e-05,-3.0517578125e-05,-3.0517578125e-05,-3.0517578125e-05,O,3,2026-08-22_23-06-48,2026-08-23
1.0,0.9829931972789115,1.0,0.8709677419354839,0.4429530201342282,0.0,0.0,1.0,1.0,1.0,0.0,-3.0517578125e-05,-3.0517578125e-05,-3.0517578125e-05,-3.0517578125e-05,-3.0517578125e-05,-3.0517578125e-05,O,3,2026-08-22_23-06-48,2026-08-23
1.0,1.0,1.0,1.0,1.0,0.0,0.0,1.0,1.0,1.0,0.0,-3.0517578125e-05,-3.0517578125e-05,-3.0517578125e-05,-3.0517578125e-05,-3.0517578125e-05,-3.0517578125e-05,O,3,2026-08-22_23-06-48,2026-08-23
1.0,1.0,0.7773722627737226,0.9447004608294931,0.8053691275167785,0.0,0.0,1.0,1.0,1.0,0.0,-3.0517578125e-05,-3.0517578125e-05,-3.0517578125e-05,-3.0517578125e-05,-3.0517578125e-05,-3.0517578125e-05,O,3,2026-08-22_23-06-48,2026-08-23
0.9109090909090909,0.9795918367346939,0.781021897810219,1.0,1.0,0.0,0.0,1.0,1.0,1.0,0.0,-3.0517578125e-05,-3.0517578125e-05,-3.0517578125e-05,-3.0517578125e-05,-3.0517578125e-05,-3.0517578125e-05,O,3,2026-08-22_23-06-48,2026-08-23
0.9727272727272728,0.9608843537414966,0.6167883211678832,0.6267281105990783,1.0,0.0,0.0,1.0,1.0,1.0,0.0,-3.0517578125e-05,-3.0517578125e-05,-3.0517578125e-05,-3.0517578125e-05,-3.0517578125e-05,-3.0517578125e-05,O,3,2026-08-22_23-06-48,2026-08-23
1.0,1.0,1.0,0.880184331797235,0.9932885906040269,0.0,0.0,1.0,1.0,1.0,0.0,-3.0517578125e-05,-3.0517578125e-05,-3.0517578125e-05,-3.0517578125e-05,-3.0517578125e-05,-3.0517578125e-05,O,3,2026-08-22_23-06-48,2026-08-23
0.8763636363636363,1.0,0.8868613138686131,0.815668202764977,1.0,0.0,0.0,1.0,1.0,1.0,0.0,-3.0517578125e-05,-3.0517578125e-05,-3.0517578125e-05,-3.0517578125e-05,-3.0517578125e-05,-3.0517578125e-05,O,3,2026-08-22_23-06-48,2026-08-23
0.8163636363636364,0.9370748299319728,0.41605839416058393,0.6175115207373272,1.0,0.0,0.0,1.0,1.0,1.0,0.0,-3.0517578125e-05,-3.0517578125e-05,-3.0517578125e-05,-3.0517578125e-05,-3.0517578125e-05,-3.0517578125e-05,O,3,2026-08-22_23-06-48,2026-08-23
0.9381818181818182,1.0,0.7481751824817519,1.0,0.8053691275167785,0.0,0.0,1.0,1.0,1.0,0.0,-3.0517578125e-05,-3.0517578125e-05,-3.0517578125e-05,-3.0517578125e-05,-3.0517578125e-05,-3.0517578125e-05,O,3,2026-08-22_23-06-48,2026-08-23
0.9254545454545454,1.0,0.9197080291970803,0.8847926267281107,1.0,0.0,0.0,1.0,1.0,1.0,0.0,-3.0517578125e-05,-3.0517578125e-05,-3.0517578125e-05,-3.0517578125e-05,-3.0517578125e-05,-3.0517578125e-05,O,3,2026-08-22_23-06-48,2026-08-23
0.9581818181818181,0.9778911564625851,0.9525547445255474,0.9493087557603687,0.8053691275167785,0.0,0.0,1.0,1.0,1.0,0.0,-3.0517578125e-05,-3.0517578125e-05,-3.0517578125e-05,-3.0517578125e-05,-3.0517578125e-05,-3.0517578125e-05,O,3,2026-08-22_23-06-48,2026-08-23
1.0,0.9455782312925171,0.6934306569343066,0.7327188940092166,0.8187919463087249,0.0,0.0,1.0,1.0,1.0,0.0,-3.0517578125e-05,-3.0517578125e-05,-3.0517578125e-05,-3.0517578125e-05,-3.0517578125e-05,-3.0517578125e-05,O,3,2026-08-22_23-06-48,2026-08-23
0.8254545454545454,1.0,0.7846715328467153,0.7050691244239631,1.0,0.0,0.0,1.0,1.0,1.0,0.0,-3.0517578125e-05,-3.0517578125e-05,-3.0517578125e-05,-3.0517578125e-05,-3.0517578125e-05,-3.0517578125e-05,O,3,2026-08-22_23-06-48,2026-08-23
0.8818181818181818,1.0,0.8722627737226277,0.7695852534562212,0.8053691275167785,0.0,0.0,1.0,1.0,1.0,0.0,-3.0517578125e-05,-3.0517578125e-05,-3.0517578125e-05,-3.0517578125e-05,-3.0517578125e-05,-3.0517578125e-05,O,3,2026-08-22_23-06-48,2026-08-23
0.7927272727272727,0.9642857142857143,0.8759124087591241,0.8847926267281107,0.3221476510067114,0.0,0.0,1.0,1.0,1.0,0.0,-3.0517578125e-05,-3.0517578125e-05,-3.0517578125e-05,-3.0517578125e-05,-3.0517578125e-05,-3.0517578125e-05,O,3,2026-08-22_23-06-48,2026-08-23
1.0,1.0,1.0,0.07373271889400922,0.28187919463087246,0.0,0.0,1.0,1.0,1.0,0.0,-3.0517578125e-05,-3.0517578125e-05,-3.0517578125e-05,-3.0517578125e-05,-3.0517578125e-05,-3.0517578125e-05,O,3,2026-08-22_23-06-48,2026-08-23
0.6836363636363636,0.5816326530612245,0.17883211678832117,0.8064516129032258,1.0,0.0,0.0,1.0,1.0,1.0,0.0,-3.0517578125e-05,-3.0517578125e-05,-3.0517578125e-05,-3.0517578125e-05,-3.0517578125e-05,-3.0517578125e-05,O,3,2026-08-22_23-06-48,2026-08-23
0.5909090909090909,0.7840136054421769,0.6751824817518248,1.0,0.0,0.0,0.0,1.0,1.0,1.0,0.0,-3.0517578125e-05,-3.0517578125e-05,-3.0517578125e-05,-3.0517578125e-05,-3.0517578125e-05,-3.0517578125e-05,O,3,2026-08-22_23-06-48,2026-08-23
0.8327272727272728,0.8639455782312925,0.17518248175182483,0.423963133640553,0.8053691275167785,0.0,0.0,1.0,1.0,1.0,0.0,-3.0517578125e-05,-3.0517578125e-05,-3.0517578125e-05,-3.0517578125e-05,-3.0517578125e-05,-3.0517578125e-05,O,3,2026-08-22_23-06-48,2026-08-23
0.9127272727272727,1.0,1.0,1.0,0.0,0.0,0.0,1.0,1.0,1.0,0.0,-3.0517578125e-05,-3.0517578125e-05,-3.0517578125e-05,-3.0517578125e-05,-3.0517578125e-05,-3.0517578125e-05,O,3,2026-08-22_23-06-48,2026-08-23
0.98,1.0,0.9233576642335767,1.0,1.0,0.0,0.0,1.0,1.0,1.0,0.0,-3.0517578125e-05,-3.0517578125e-05,-3.0517578125e-05,-3.0517578125e-05,-3.0517578125e-05,-3.0517578125e-05,O,3,2026-08-22_23-06-48,2026-08-23
0.9981818181818182,0.9710884353741497,0.7591240875912408,0.4423963133640553,0.8053691275167785,0.0,0.0,1.0,1.0,1.0,0.0,-3.0517578125e-05,-3.0517578125e-05,-3.0517578125e-05,-3.0517578125e-05,-3.0517578125e-05,-3.0517578125e-05,O,3,2026-08-22_23-06-48,2026-08-23
0.8109090909090909,0.8894557823129252,0.7591240875912408,0.4838709677419355,0.9261744966442953,0.0,0.0,1.0,1.0,1.0,0.0,-3.0517578125e-05,-3.0517578125e-05,-3.0517578125e-05,-3.0517578125e-05,-3.0517578125e-05,-3.0517578125e-05,O,3,2026-08-22_23-06-48,2026-08-23
0.8818181818181818,0.9965986394557823,0.9963503649635036,1.0,1.0,0.0,0.0,1.0,1.0,1.0,0.0,-3.0517578125e-05,-3.0517578125e-05,-3.0517578125e-05,-3.0517578125e-05,-3.0517578125e-05,-3.0517578125e-05,O,3,2026-08-22_23-06-48,2026-08-23
0.9454545454545454,0.9897959183673469,0.7700729927007299,0.8571428571428571,1.0,0.0,0.0,1.0,1.0,1.0,0.0,-3.0517578125e-05,-3.0517578125e-05,-3.0517578125e-05,-3.0517578125e-05,-3.0517578125e-05,-3.0517578125e-05,O,3,2026-08-22_23-06-48,2026-08-23
0.9563636363636364,1.0,0.8357664233576643,0.8986175115207373,0.8053691275167785,0.0,0.0,1.0,1.0,1.0,0.0,-3.0517578125e-05,-3.0517578125e-05,-3.0517578125e-05,-3.0517578125e-05,-3.0517578125e-05,-3.0517578125e-05,O,3,2026-08-22_23-06-48,2026-08-23
0.9472727272727273,1.0,0.8102189781021898,0.8617511520737328,0.9932885906040269,0.0,0.0,1.0,1.0,1.0,0.0,-3.0517578125e-05,-3.0517578125e-05,-3.0517578125e-05,-3.0517578125e-05,-3.0517578125e-05,-3.0517578125e-05,O,3,2026-08-22_23-06-48,2026-08-23
0.9454545454545454,1.0,0.7956204379562044,0.847926267281106,1.0,0.0,0.0,1.0,1.0,1.0,0.0,-3.0517578125e-05,-3.0517578125e-05,-3.0517578125e-05,-3.0517578125e-05,-3.0517578125e-05,-3.0517578125e-05,O,3,2026-08-22_23-06-48,2026-08-23
0.94,1.0,0.8394160583941606,0.880184331797235,1.0,0.0,0.0,1.0,1.0,1.0,0.0,-3.0517578125e-05,-3.0517578125e-05,-3.0517578125e-05,-3.0517578125e-05,-3.0517578125e-05,-3.0517578125e-05,O,4,2026-08-22_23-06-48,2026-08-23
0.9090909090909091,1.0,0.5364963503649635,0.5898617511520737,1.0,0.0,0.0,1.0,1.0,1.0,0.0,-3.0517578125e-05,-3.0517578125e-05,-3.0517578125e-05,-3.0517578125e-05,-3.0517578125e-05,-3.0517578125e-05,O,4,2026-08-22_23-06-48,2026-08-23
0.8709090909090909,1.0,0.6423357664233577,0.8617511520737328,1.0,0.0,0.0,1.0,1.0,1.0,0.0,-3.0517578125e-05,-3.0517578125e-05,-3.0517578125e-05,-3.0517578125e-05,-3.0517578125e-05,-3.0517578125e-05,O,4,2026-08-22_23-06-48,2026-08-23
1.0,0.8503401360544217,0.9890510948905109,0.5483870967741935,0.8053691275167785,0.0,0.0,1.0,1.0,1.0,0.0,-3.0517578125e-05,-3.0517578125e-05,-3.0517578125e-05,-3.0517578125e-05,-3.0517578125e-05,-3.0517578125e-05,O,4,2026-08-22_23-06-48,2026-08-23
0.7890909090909091,1.0,0.4489051094890511,0.9078341013824884,0.8053691275167785,0.0,0.0,1.0,1.0,1.0,0.0,-3.0517578125e-05,-3.0517578125e-05,-3.0517578125e-05,-3.0517578125e-05,-3.0517578125e-05,-3.0517578125e-05,O,4,2026-08-22_23-06-48,2026-08-23
0.9109090909090909,0.9710884353741497,0.35036496350364965,0.5069124423963134,1.0,0.0,0.0,1.0,1.0,1.0,0.0,-3.0517578125e-05,-3.0517578125e-05,-3.0517578125e-05,-3.0517578125e-05,-3.0517578125e-05,-3.0517578125e-05,O,4,2026-08-22_23-06-48,2026-08-23
0.9472727272727273,1.0,0.9014598540145985,0.6728110599078341,1.0,0.0,0.0,1.0,1.0,1.0,0.0,-3.0517578125e-05,-3.0517578125e-05,-3.0517578125e-05,-3.0517578125e-05,-3.0517578125e-05,-3.0517578125e-05,O,4,2026-08-22_23-06-48,2026-08-23
0.8490909090909091,1.0,0.656934306569343,0.815668202764977,0.8053691275167785,0.0,0.0,1.0,1.0,1.0,0.0,-3.0517578125e-05,-3.0517578125e-05,-3.0517578125e-05,-3.0517578125e-05,-3.0517578125e-05,-3.0517578125e-05,O,4,2026-08-22_23-06-48,2026-08-23
0.9163636363636364,1.0,0.6459854014598541,0.8018433179723502,0.8053691275167785,0.0,0.0,1.0,1.0,1.0,0.0,-3.0517578125e-05,-3.0517578125e-05,-3.0517578125e-05,-3.0517578125e-05,-3.0517578125e-05,-3.0517578125e-05,O,4,2026-08-22_23-06-48,2026-08-23
0.7363636363636363,1.0,0.5912408759124088,0.6912442396313364,0.21476510067114093,0.0,0.0,1.0,1.0,1.0,0.0,-3.0517578125e-05,-3.0517578125e-05,-3.0517578125e-05,-3.0517578125e-05,-3.0517578125e-05,-3.0517578125e-05,O,4,2026-08-22_23-06-48,2026-08-23
1.0,1.0,0.4854014598540146,0.5253456221198156,1.0,0.0,0.0,1.0,1.0,1.0,0.0,-3.0517578125e-05,-3.0517578125e-05,-3.0517578125e-05,-3.0517578125e-05,-3.0517578125e-05,-3.0517578125e-05,O,4,2026-08-22_23-06-48,2026-08-23
1.0,1.0,1.0,1.0,1.0,0.0,0.0,1.0,1.0,1.0,0.0,-3.0517578125e-05,-3.0517578125e-05,-3.0517578125e-05,-3.0517578125e-05,-3.0517578125e-05,-3.0517578125e-05,O,4,2026-08-22_23-06-48,2026-08-23
0.9890909090909091,1.0,0.8722627737226277,0.43317972350230416,1.0,0.0,0.0,1.0,1.0,1.0,0.0,-3.0517578125e-05,-3.0517578125e-05,-3.0517578125e-05,-3.0517578125e-05,-3.0517578125e-05,-3.0517578125e-05,O,4,2026-08-22_23-06-48,2026-08-23
0.7327272727272728,0.9268707482993197,1.0,0.7419354838709677,0.8053691275167785,0.0,0.0,1.0,1.0,1.0,0.0,-3.0517578125e-05,-3.0517578125e-05,-3.0517578125e-05,-3.0517578125e-05,-3.0517578125e-05,-3.0517578125e-05,O,4,2026-08-22_23-06-48,2026-08-23
1.0,1.0,1.0,0.8663594470046083,0.3221476510067114,0.0,0.0,1.0,1.0,1.0,0.0,-3.0517578125e-05,-3.0517578125e-05,-3.0517578125e-05,-3.0517578125e-05,-3.0517578125e-05,-3.0517578125e-05,O,4,2026-08-22_23-06-48,2026-08-23
0.9090909090909091,1.0,0.6204379562043796,0.9354838709677419,0.8322147651006712,0.0,0.0,1.0,1.0,1.0,0.0,-3.0517578125e-05,-3.0517578125e-05,-3.0517578125e-05,-3.0517578125e-05,-3.0517578125e-05,-3.0517578125e-05,O,4,2026-08-22_23-06-48,2026-08-23
0.9981818181818182,0.9591836734693877,1.0,0.8341013824884793,0.8053691275167785,0.0,0.0,1.0,1.0,1.0,0.0,-3.0517578125e-05,-3.0517578125e-05,-3.0517578125e-05,-3.0517578125e-05,-3.0517578125e-05,-3.0517578125e-05,O,4,2026-08-22_23-06-48,2026-08-23
0.9272727272727272,0.9132653061224489,0.9927007299270073,0.728110599078341,1.0,0.0,0.0,1.0,1.0,1.0,0.0,-3.0517578125e-05,-3.0517578125e-05,-3.0517578125e-05,-3.0517578125e-05,-3.0517578125e-05,-3.0517578125e-05,O,4,2026-08-22_23-06-48,2026-08-23
0.9090909090909091,0.9302721088435374,0.7518248175182481,0.8433179723502304,0.8053691275167785,0.0,0.0,1.0,1.0,1.0,0.0,-3.0517578125e-05,-3.0517578125e-05,-3.0517578125e-05,-3.0517578125e-05,-3.0517578125e-05,-3.0517578125e-05,O,4,2026-08-22_23-06-48,2026-08-23
0.9981818181818182,1.0,0.8102189781021898,0.663594470046083,0.33557046979865773,0.0,0.0,1.0,1.0,1.0,0.0,-3.0517578125e-05,-3.0517578125e-05,-3.0517578125e-05,-3.0517578125e-05,-3.0517578125e-05,-3.0517578125e-05,O,4,2026-08-22_23-06-48,2026-08-23
0.9109090909090909,0.923469387755102,1.0,0.6082949308755761,0.8053691275167785,0.0,0.0,1.0,1.0,1.0,0.0,-3.0517578125e-05,-3.0517578125e-05,-3.0517578125e-05,-3.0517578125e-05,-3.0517578125e-05,-3.0517578125e-05,O,4,2026-08-22_23-06-48,2026-08-23
0.9054545454545454,0.9064625850340136,0.6642335766423357,0.631336405529954,0.8053691275167785,0.0,0.0,1.0,1.0,1.0,0.0,-3.0517578125e-05,-3.0517578125e-05,-3.0517578125e-05,-3.0517578125e-05,-3.0517578125e-05,-3.0517578125e-05,O,4,2026-08-22_23-06-48,2026-08-23
0.9127272727272727,1.0,0.5255474452554745,0.8709677419354839,0.8053691275167785,0.0,0.0,1.0,1.0,1.0,0.0,-3.0517578125e-05,-3.0517578125e-05,-3.0517578125e-05,-3.0517578125e-05,-3.0517578125e-05,-3.0517578125e-05,O,4,2026-08-22_23-06-48,2026-08-23
0.8836363636363637,1.0,0.864963503649635,0.728110599078341,1.0,0.0,0.0,1.0,1.0,1.0,0.0,-3.0517578125e-05,-3.0517578125e-05,-3.0517578125e-05,-3.0517578125e-05,-3.0517578125e-05,-3.0517578125e-05,O,4,2026-08-22_23-06-48,2026-08-23
0.6454545454545455,0.7976190476190477,0.0,0.0,0.8053691275167785,0.0,0.0,1.0,1.0,1.0,0.0,-3.0517578125e-05,-3.0517578125e-05,-3.0517578125e-05,-3.0517578125e-05,-3.0517578125e-05,-3.0517578125e-05,O,4,2026-08-22_23-06-48,2026-08-23
0.9054545454545454,1.0,1.0,1.0,1.0,0.0,0.0,1.0,1.0,1.0,0.0,-3.0517578125e-05,-3.0517578125e-05,-3.0517578125e-05,-3.0517578125e-05,-3.0517578125e-05,-3.0517578125e-05,O,4,2026-08-22_23-06-48,2026-08-23
0.5309090909090909,0.7397959183673469,0.4562043795620438,1.0,0.0,0.0,0.0,1.0,1.0,1.0,0.0,-3.0517578125e-05,-3.0517578125e-05,-3.0517578125e-05,-3.0517578125e-05,-3.0517578125e-05,-3.0517578125e-05,O,4,2026-08-22_23-06-48,2026-08-23
0.9854545454545455,1.0,1.0,1.0,1.0,0.0,0.0,1.0,1.0,1.0,0.0,-3.0517578125e-05,-3.0517578125e-05,-3.0517578125e-05,-3.0517578125e-05,-3.0517578125e-05,-3.0517578125e-05,O,4,2026-08-22_23-06-48,2026-08-23
1.0,1.0,1.0,1.0,1.0,0.0,0.0,1.0,1.0,1.0,0.0,-3.0517578125e-05,-3.0517578125e-05,-3.0517578125e-05,-3.0517578125e-05,-3.0517578125e-05,-3.0517578125e-05,O,4,2026-08-22_23-06-48,2026-08-23
0.7,1.0,0.2956204379562044,0.8248847926267281,1.0,0.0,0.0,1.0,1.0,1.0,0.0,-3.0517578125e-05,-3.0517578125e-05,-3.0517578125e-05,-3.0517578125e-05,-3.0517578125e-05,-3.0517578125e-05,O,4,2026-08-22_23-06-48,2026-08-23
1.0,1.0,1.0,1.0,0.8053691275167785,0.0,0.0,1.0,1.0,1.0,0.0,-3.0517578125e-05,-3.0517578125e-05,-3.0517578125e-05,-3.0517578125e-05,-3.0517578125e-05,-3.0517578125e-05,O,4,2026-08-22_23-06-48,2026-08-23
0.9127272727272727,1.0,0.9014598540145985,0.7465437788018433,1.0,0.0,0.0,1.0,1.0,1.0,0.0,-3.0517578125e-05,-3.0517578125e-05,-3.0517578125e-05,-3.0517578125e-05,-3.0517578125e-05,-3.0517578125e-05,O,4,2026-08-22_23-06-48,2026-08-23
0.9381818181818182,1.0,1.0,0.7419354838709677,1.0,0.0,0.0,1.0,1.0,1.0,0.0,-3.0517578125e-05,-3.0517578125e-05,-3.0517578125e-05,-3.0517578125e-05,-3.0517578125e-05,-3.0517578125e-05,O,4,2026-08-22_23-06-48,2026-08-23
0.9018181818181819,1.0,0.7445255474452555,0.5944700460829493,0.4966442953020134,0.0,0.0,1.0,1.0,1.0,0.0,-3.0517578125e-05,-3.0517578125e-05,-3.0517578125e-05,-3.0517578125e-05,-3.0517578125e-05,-3.0517578125e-05,O,4,2026-08-22_23-06-48,2026-08-23
0.8818181818181818,0.95578231292517,0.8357664233576643,0.7511520737327189,0.9932885906040269,0.0,0.0,1.0,1.0,1.0,0.0,-3.0517578125e-05,-3.0517578125e-05,-3.0517578125e-05,-3.0517578125e-05,-3.0517578125e-05,-3.0517578125e-05,O,4,2026-08-22_23-06-48,2026-08-23
0.8781818181818182,0.9625850340136054,0.7664233576642335,0.695852534562212,0.8053691275167785,0.0,0.0,1.0,1.0,1.0,0.0,-3.0517578125e-05,-3.0517578125e-05,-3.0517578125e-05,-3.0517578125e-05,-3.0517578125e-05,-3.0517578125e-05,O,4,2026-08-22_23-06-48,2026-08-23
0.9163636363636364,1.0,0.8795620437956204,0.7880184331797235,1.0,0.0,0.0,1.0,1.0,1.0,0.0,-3.0517578125e-05,-3.0517578125e-05,-3.0517578125e-05,-3.0517578125e-05,-3.0517578125e-05,-3.0517578125e-05,O,4,2026-08-22_23-06-48,2026-08-23
0.9563636363636364,0.9625850340136054,0.7627737226277372,0.6405529953917051,1.0,0.0,0.0,1.0,1.0,1.0,0.0,-3.0517578125e-05,-3.0517578125e-05,-3.0517578125e-05,-3.0517578125e-05,-3.0517578125e-05,-3.0517578125e-05,O,4,2026-08-22_23-06-48,2026-08-23
1.0,1.0,1.0,0.8986175115207373,0.8053691275167785,0.0,0.0,1.0,1.0,1.0,0.0,-3.0517578125e-05,-3.0517578125e-05,-3.0517578125e-05,-3.0517578125e-05,-3.0517578125e-05,-3.0517578125e-05,O,4,2026-08-22_23-06-48,2026-08-23
0.8909090909090909,0.9421768707482994,0.8029197080291971,0.6036866359447005,0.8053691275167785,0.0,0.0,1.0,1.0,1.0,0.0,-3.0517578125e-05,-3.0517578125e-05,-3.0517578125e-05,-3.0517578125e-05,-3.0517578125e-05,-3.0517578125e-05,O,4,2026-08-22_23-06-48,2026-08-23
0.7745454545454545,0.9710884353741497,0.5036496350364964,0.0,0.08053691275167785,1.0,0.0,1.0,1.0,1.0,1.0,-3.0517578125e-05,-3.0517578125e-05,-3.0517578125e-05,-3.0517578125e-05,-3.0517578125e-05,-3.0517578125e-05,P,0,2026-08-22_23-06-48,2026-08-23
0.8581818181818182,1.0,0.43795620437956206,0.0,0.5100671140939598,1.0,0.0,1.0,1.0,1.0,1.0,-3.0517578125e-05,-3.0517578125e-05,-3.0517578125e-05,-3.0517578125e-05,-3.0517578125e-05,-3.0517578125e-05,P,0,2026-08-22_23-06-48,2026-08-23
0.8018181818181818,0.9438775510204082,0.8357664233576643,0.0,0.09395973154362416,1.0,0.0,1.0,1.0,1.0,1.0,-3.0517578125e-05,-3.0517578125e-05,-3.0517578125e-05,-3.0517578125e-05,-3.0517578125e-05,-3.0517578125e-05,P,0,2026-08-22_23-06-48,2026-08-23
1.0,0.7874149659863946,0.5255474452554745,0.0,0.8053691275167785,1.0,0.0,1.0,1.0,1.0,1.0,-3.0517578125e-05,-3.0517578125e-05,-3.0517578125e-05,-3.0517578125e-05,-3.0517578125e-05,-3.0517578125e-05,P,0,2026-08-22_23-06-48,2026-08-23
0.8545454545454545,1.0,0.33941605839416056,0.0,0.5100671140939598,1.0,0.0,1.0,1.0,1.0,1.0,-3.0517578125e-05,-3.0517578125e-05,-3.0517578125e-05,-3.0517578125e-05,-3.0517578125e-05,-3.0517578125e-05,P,0,2026-08-22_23-06-48,2026-08-23
0.94,0.8367346938775511,1.0,0.0,0.08053691275167785,1.0,0.0,1.0,1.0,1.0,1.0,-3.0517578125e-05,-3.0517578125e-05,-3.0517578125e-05,-3.0517578125e-05,-3.0517578125e-05,-3.0517578125e-05,P,0,2026-08-22_23-06-48,2026-08-23
0.9436363636363636,1.0,0.42700729927007297,0.0,0.33557046979865773,1.0,0.0,1.0,1.0,1.0,1.0,-3.0517578125e-05,-3.0517578125e-05,-3.0517578125e-05,-3.0517578125e-05,-3.0517578125e-05,-3.0517578125e-05,P,0,2026-08-22_23-06-48,2026-08-23
0.7636363636363637,0.9081632653061225,0.40875912408759124,0.0,0.48322147651006714,1.0,0.0,1.0,1.0,1.0,1.0,-3.0517578125e-05,-3.0517578125e-05,-3.0517578125e-05,-3.0517578125e-05,-3.0517578125e-05,-3.0517578125e-05,P,0,2026-08-22_23-06-48,2026-08-23
0.74,0.7993197278911565,0.5145985401459854,0.0,0.8053691275167785,1.0,0.0,1.0,1.0,1.0,1.0,-3.0517578125e-05,-3.0517578125e-05,-3.0517578125e-05,-3.0517578125e-05,-3.0517578125e-05,-3.0517578125e-05,P,0,2026-08-22_23-06-48,2026-08-23
0.9,0.9438775510204082,0.8467153284671532,0.0,0.0,1.0,0.0,1.0,1.0,1.0,1.0,-3.0517578125e-05,-3.0517578125e-05,-3.0517578125e-05,-3.0517578125e-05,-3.0517578125e-05,-3.0517578125e-05,P,0,2026-08-22_23-06-48,2026-08-23
1.0,0.9778911564625851,1.0,0.0,0.0,1.0,0.0,1.0,1.0,1.0,1.0,-3.0517578125e-05,-3.0517578125e-05,-3.0517578125e-05,-3.0517578125e-05,-3.0517578125e-05,-3.0517578125e-05,P,0,2026-08-22_23-06-48,2026-08-23
1.0,0.8537414965986394,0.7445255474452555,0.0,0.0,1.0,0.0,1.0,1.0,1.0,1.0,-3.0517578125e-05,-3.0517578125e-05,-3.0517578125e-05,-3.0517578125e-05,-3.0517578125e-05,-3.0517578125e-05,P,0,2026-08-22_23-06-48,2026-08-23
1.0,0.8180272108843537,0.8065693430656934,0.0,0.8053691275167785,1.0,0.0,1.0,1.0,1.0,1.0,-3.0517578125e-05,-3.0517578125e-05,-3.0517578125e-05,-3.0517578125e-05,-3.0517578125e-05,-3.0517578125e-05,P,0,2026-08-22_23-06-48,2026-08-23
0.9618181818181818,0.8197278911564626,0.6788321167883211,0.0,0.3624161073825503,1.0,0.0,1.0,1.0,1.0,1.0,-3.0517578125e-05,-3.0517578125e-05,-3.0517578125e-05,-3.0517578125e-05,-3.0517578125e-05,-3.0517578125e-05,P,0,2026-08-22_23-06-48,2026-08-23
1.0,0.9302721088435374,0.6897810218978102,0.0,0.2953020134228188,1.0,0.0,1.0,1.0,1.0,1.0,-3.0517578125e-05,-3.0517578125e-05,-3.0517578125e-05,-3.0517578125e-05,-3.0517578125e-05,-3.0517578125e-05,P,0,2026-08-22_23-06-48,2026-08-23
0.9127272727272727,0.9914965986394558,0.3175182481751825,0.0,0.18791946308724833,1.0,0.0,1.0,1.0,1.0,1.0,-3.0517578125e-05,-3.0517578125e-05,-3.0517578125e-05,-3.0517578125e-05,-3.0517578125e-05,-3.0517578125e-05,P,0,2026-08-22_23-06-48,2026-08-23
0.8290909090909091,0.9897959183673469,0.6240875912408759,0.0,0.0,1.0,0.0,1.0,1.0,1.0,1.0,-3.0517578125e-05,-3.0517578125e-05,-3.0517578125e-05,-3.0517578125e-05,-3.0517578125e-05,-3.0517578125e-05,P,0,2026-08-22_23-06-48,2026-08-23
0.7818181818181819,0.8622448979591837,0.4708029197080292,0.0,0.0,1.0,0.0,1.0,1.0,1.0,1.0,-3.0517578125e-05,-3.0517578125e-05,-3.0517578125e-05,-3.0517578125e-05,-3.0517578125e-05,-3.0517578125e-05,P,0,2026-08-22_23-06-48,2026-08-23
1.0,0.8486394557823129,0.8102189781021898,0.0,0.8187919463087249,1.0,0.0,1.0,1.0,1.0,1.0,-3.0517578125e-05,-3.0517578125e-05,-3.0517578125e-05,-3.0517578125e-05,-3.0517578125e-05,-3.0517578125e-05,P,0,2026-08-22_23-06-48,2026-08-23
0.9763636363636363,0.9132653061224489,0.6386861313868614,0.0,0.24161073825503357,1.0,0.0,1.0,1.0,1.0,1.0,-3.0517578125e-05,-3.0517578125e-05,-3.0517578125e-05,-3.0517578125e-05,-3.0517578125e-05,-3.0517578125e-05,P,0,2026-08-22_23-06-48,2026-08-23
0.7345454545454545,1.0,0.4416058394160584,0.0,0.3221476510067114,1.0,0.0,1.0,1.0,1.0,1.0,-3.0517578125e-05,-3.0517578125e-05,-3.0517578125e-05,-3.0517578125e-05,-3.0517578125e-05,-3.0517578125e-05,P,0,2026-08-22_23-06-48,2026-08-23
0.4509090909090909,0.4098639455782313,0.0,0.0,0.9395973154362416,1.0,0.0,1.0,1.0,1.0,1.0,-3.0517578125e-05,-3.0517578125e-05,-3.0517578125e-05,-3.0517578125e-05,-3.0517578125e-05,-3.0517578125e-05,P,0,2026-08-22_23-06-48,2026-08-23
1.0,1.0,1.0,0.0,0.348993288590604,1.0,0.0,1.0,1.0,1.0,1.0,-3.0517578125e-05,-3.0517578125e-05,-3.0517578125e-05,-3.0517578125e-05,-3.0517578125e-05,-3.0517578125e-05,P,0,2026-08-22_23-06-48,2026-08-23
0.7945454545454546,0.8027210884353742,0.043795620437956206,0.0,0.0,1.0,0.0,1.0,1.0,1.0,1.0,-3.0517578125e-05,-3.0517578125e-05,-3.0517578125e-05,-3.0517578125e-05,-3.0517578125e-05,-3.0517578125e-05,P,0,2026-08-22_23-06-48,2026-08-23
0.5618181818181818,0.6751700680272109,0.36496350364963503,0.0,1.0,1.0,0.0,1.0,1.0,1.0,1.0,-3.0517578125e-05,-3.0517578125e-05,-3.0517578125e-05,-3.0517578125e-05,-3.0517578125e-05,-3.0517578125e-05,P,0,2026-08-22_23-06-48,2026-08-23
1.0,1.0,1.0,0.0,0.0,1.0,0.0,1.0,1.0,1.0,1.0,-3.0517578125e-05,-3.0517578125e-05,-3.0517578125e-05,-3.0517578125e-05,-3.0517578125e-05,-3.0517578125e-05,P,0,2026-08-22_23-06-48,2026-08-23
0.9018181818181819,0.9523809523809523,0.35036496350364965,0.0,0.18791946308724833,1.0,0.0,1.0,1.0,1.0,1.0,-3.0517578125e-05,-3.0517578125e-05,-3.0517578125e-05,-3.0517578125e-05,-3.0517578125e-05,-3.0517578125e-05,P,0,2026-08-22_23-06-48,2026-08-23
0.649090909090909,0.7261904761904762,0.7591240875912408,0.0,1.0,1.0,0.0,1.0,1.0,1.0,1.0,-3.0517578125e-05,-3.0517578125e-05,-3.0517578125e-05,-3.0517578125e-05,-3.0517578125e-05,-3.0517578125e-05,P,0,2026-08-22_23-06-48,2026-08-23
0.7890909090909091,0.8605442176870748,0.6532846715328468,0.0,0.053691275167785234,1.0,0.0,1.0,1.0,1.0,1.0,-3.0517578125e-05,-3.0517578125e-05,-3.0517578125e-05,-3.0517578125e-05,-3.0517578125e-05,-3.0517578125e-05,P,0,2026-08-22_23-06-48,2026-08-23
0.9127272727272727,0.8537414965986394,0.7664233576642335,0.0,0.40268456375838924,1.0,0.0,1.0,1.0,1.0,1.0,-3.0517578125e-05,-3.0517578125e-05,-3.0517578125e-05,-3.0517578125e-05,-3.0517578125e-05,-3.0517578125e-05,P,0,2026-08-22_23-06-48,2026-08-23
0.9672727272727273,0.9081632653061225,0.7700729927007299,0.0,0.8053691275167785,1.0,0.0,1.0,1.0,1.0,1.0,-3.0517578125e-05,-3.0517578125e-05,-3.0517578125e-05,-3.0517578125e-05,-3.0517578125e-05,-3.0517578125e-05,P,0,2026-08-22_23-06-48,2026-08-23
0.9090909090909091,0.9319727891156463,0.6459854014598541,0.0,0.2953020134228188,1.0,0.0,1.0,1.0,1.0,1.0,-3.0517578125e-05,-3.0517578125e-05,-3.0517578125e-05,-3.0517578125e-05,-3.0517578125e-05,-3.0517578125e-05,P,0,2026-08-22_23-06-48,2026-08-23
0.8872727272727273,0.9268707482993197,0.6788321167883211,0.0,0.28187919463087246,1.0,0.0,1.0,1.0,1.0,1.0,-3.0517578125e-05,-3.0517578125e-05,-3.0517578125e-05,-3.0517578125e-05,-3.0517578125e-05,-3.0517578125e-05,P,0,2026-08-22_23-06-48,2026-08-23
0.850909090909091,0.8503401360544217,0.6459854014598541,0.0,0.026845637583892617,1.0,0.0,1.0,1.0,1.0,1.0,-3.0517578125e-05,-3.0517578125e-05,-3.0517578125e-05,-3.0517578125e-05,-3.0517578125e-05,-3.0517578125e-05,P,0,2026-08-22_23-06-48,2026-08-23
0.8454545454545455,0.9081632653061225,0.8138686131386861,0.0,0.0,1.0,0.0,1.0,1.0,1.0,1.0,-3.0517578125e-05,-3.0517578125e-05,-3.0517578125e-05,-3.0517578125e-05,-3.0517578125e-05,-3.0517578125e-05,P,0,2026-08-22_23-06-48,2026-08-23
0.9727272727272728,0.7653061224489796,0.7591240875912408,0.0,0.42953020134228187,1.0,0.0,1.0,1.0,1.0,1.0,-3.0517578125e-05,-3.0517578125e-05,-3.0517578125e-05,-3.0517578125e-05,-3.0517578125e-05,-3.0517578125e-05,P,0,2026-08-22_23-06-48,2026-08-23
0.8327272727272728,0.9183673469387755,0.5948905109489051,0.0,0.24161073825503357,1.0,0.0,1.0,1.0,1.0,1.0,-3.0517578125e-05,-3.0517578125e-05,-3.0517578125e-05,-3.0517578125e-05,-3.0517578125e-05,-3.0517578125e-05,P,0,2026-08-22_23-06-48,2026-08-23
0.9072727272727272,0.9064625850340136,0.5875912408759124,0.0,0.2550335570469799,1.0,0.0,1.0,1.0,1.0,1.0,-3.0517578125e-05,-3.0517578125e-05,-3.0517578125e-05,-3.0517578125e-05,-3.0517578125e-05,-3.0517578125e-05,P,0,2026-08-22_23-06-48,2026-08-23
0.8818181818181818,0.8809523809523809,0.5072992700729927,0.0,0.2953020134228188,1.0,0.0,1.0,1.0,1.0,1.0,-3.0517578125e-05,-3.0517578125e-05,-3.0517578125e-05,-3.0517578125e-05,-3.0517578125e-05,-3.0517578125e-05,P,0,2026-08-22_23-06-48,2026-08-23
0.9454545454545454,0.891156462585034,0.8978102189781022,0.0,0.5234899328859061,1.0,0.0,1.0,1.0,1.0,1.0,-3.0517578125e-05,-3.0517578125e-05,-3.0517578125e-05,-3.0517578125e-05,-3.0517578125e-05,-3.0517578125e-05,P,0,2026-08-22_23-06-48,2026-08-23
0.68,0.6615646258503401,0.13138686131386862,0.0,1.0,1.0,0.0,1.0,1.0,1.0,0.0,-3.0517578125e-05,-3.0517578125e-05,-3.0517578125e-05,-3.0517578125e-05,-3.0517578125e-05,-3.0517578125e-05,P,1,2026-08-22_23-06-48,2026-08-23
0.6272727272727273,0.6904761904761905,0.25547445255474455,0.0,1.0,1.0,0.0,1.0,1.0,1.0,0.0,-3.0517578125e-05,-3.0517578125e-05,-3.0517578125e-05,-3.0517578125e-05,-3.0517578125e-05,-3.0517578125e-05,P,1,2026-08-22_23-06-48,2026-08-23
1.0,1.0,0.5401459854014599,0.0,0.0,1.0,0.0,0.0,1.0,1.0,0.0,-3.0517578125e-05,-3.0517578125e-05,-3.0517578125e-05,-3.0517578125e-05,-3.0517578125e-05,-3.0517578125e-05,P,1,2026-08-22_23-06-48,2026-08-23
1.0,1.0,0.7773722627737226,0.0,0.0,1.0,0.0,0.0,1.0,1.0,0.0,-3.0517578125e-05,-3.0517578125e-05,-3.0517578125e-05,-3.0517578125e-05,-3.0517578125e-05,-3.0517578125e-05,P,1,2026-08-22_23-06-48,2026-08-23
1.0,1.0,0.7226277372262774,0.0,0.0,1.0,0.0,1.0,1.0,1.0,0.0,-3.0517578125e-05,-3.0517578125e-05,-3.0517578125e-05,-3.0517578125e-05,-3.0517578125e-05,-3.0517578125e-05,P,1,2026-08-22_23-06-48,2026-08-23
0.9890909090909091,0.9370748299319728,0.5145985401459854,0.0,0.0,1.0,0.0,0.0,1.0,1.0,0.0,-3.0517578125e-05,-3.0517578125e-05,-3.0517578125e-05,-3.0517578125e-05,-3.0517578125e-05,-3.0517578125e-05,P,1,2026-08-22_23-06-48,2026-08-23
1.0,1.0,0.8211678832116789,0.0,0.24161073825503357,1.0,0.0,0.0,1.0,1.0,0.0,-3.0517578125e-05,-3.0517578125e-05,-3.0517578125e-05,-3.0517578125e-05,-3.0517578125e-05,-3.0517578125e-05,P,1,2026-08-22_23-06-48,2026-08-23
1.0,1.0,0.8795620437956204,0.0,0.1476510067114094,1.0,0.0,0.0,1.0,1.0,0.0,-3.0517578125e-05,-3.0517578125e-05,-3.0517578125e-05,-3.0517578125e-05,-3.0517578125e-05,-3.0517578125e-05,P,1,2026-08-22_23-06-48,2026-08-23
0.9945454545454545,1.0,0.791970802919708,0.0,0.1476510067114094,1.0,0.0,0.0,1.0,1.0,0.0,-3.0517578125e-05,-3.0517578125e-05,-3.0517578125e-05,-3.0517578125e-05,-3.0517578125e-05,-3.0517578125e-05,P,1,2026-08-22_23-06-48,2026-08-23
1.0,1.0,0.7664233576642335,0.0,0.0,1.0,0.0,0.0,1.0,1.0,0.0,-3.0517578125e-05,-3.0517578125e-05,-3.0517578125e-05,-3.0517578125e-05,-3.0517578125e-05,-3.0517578125e-05,P,1,2026-08-22_23-06-48,2026-08-23
0.9945454545454545,1.0,0.7591240875912408,0.0,0.2684563758389262,1.0,0.0,0.0,1.0,1.0,0.0,-3.0517578125e-05,-3.0517578125e-05,-3.0517578125e-05,-3.0517578125e-05,-3.0517578125e-05,-3.0517578125e-05,P,1,2026-08-22_23-06-48,2026-08-23
0.8927272727272727,0.8928571428571429,0.6386861313868614,0.0,0.0,1.0,0.0,0.0,1.0,1.0,0.0,-3.0517578125e-05,-3.0517578125e-05,-3.0517578125e-05,-3.0517578125e-05,-3.0517578125e-05,-3.0517578125e-05,P,1,2026-08-22_23-06-48,2026-08-23
0.9672727272727273,0.9081632653061225,0.6678832116788321,0.0,0.5100671140939598,1.0,0.0,0.0,1.0,1.0,0.0,-3.0517578125e-05,-3.0517578125e-05,-3.0517578125e-05,-3.0517578125e-05,-3.0517578125e-05,-3.0517578125e-05,P,1,2026-08-22_23-06-48,2026-08-23
1.0,0.9982993197278912,1.0,0.0,0.0,1.0,0.0,0.0,1.0,1.0,0.0,-3.0517578125e-05,-3.0517578125e-05,-3.0517578125e-05,-3.0517578125e-05,-3.0517578125e-05,-3.0517578125e-05,P,1,2026-08-22_23-06-48,2026-08-23
0.9854545454545455,0.9965986394557823,0.8357664233576643,0.0,0.053691275167785234,1.0,0.0,0.0,1.0,1.0,0.0,-3.0517578125e-05,-3.0517578125e-05,-3.0517578125e-05,-3.0517578125e-05,-3.0517578125e-05,-3.0517578125e-05,P,1,2026-08-22_23-06-48,2026-08-23
0.9818181818181818,0.9404761904761905,0.6313868613138686,0.0,0.2550335570469799,1.0,0.0,0.0,1.0,1.0,0.0,-3.0517578125e-05,-3.0517578125e-05,-3.0517578125e-05,-3.0517578125e-05,-3.0517578125e-05,-3.0517578125e-05,P,1,2026-08-22_23-06-48,2026-08-23
1.0,1.0,0.8576642335766423,0.0,0.013422818791946308,1.0,0.0,0.0,1.0,1.0,0.0,-3.0517578125e-05,-3.0517578125e-05,-3.0517578125e-05,-3.0517578125e-05,-3.0517578125e-05,-3.0517578125e-05,P,1,2026-08-22_23-06-48,2026-08-23
1.0,1.0,0.8759124087591241,0.0,0.22818791946308725,1.0,0.0,0.0,1.0,1.0,0.0,-3.0517578125e-05,-3.0517578125e-05,-3.0517578125e-05,-3.0517578125e-05,-3.0517578125e-05,-3.0517578125e-05,P,1,2026-08-22_23-06-48,2026-08-23
0.9981818181818182,0.9795918367346939,0.6423357664233577,0.0,0.0,1.0,0.0,0.0,1.0,1.0,0.0,-3.0517578125e-05,-3.0517578125e-05,-3.0517578125e-05,-3.0517578125e-05,-3.0517578125e-05,-3.0517578125e-05,P,1,2026-08-22_23-06-48,2026-08-23
0.8109090909090909,0.9795918367346939,0.8868613138686131,0.0,0.0,1.0,0.0,0.0,1.0,1.0,0.0,-3.0517578125e-05,-3.0517578125e-05,-3.0517578125e-05,-3.0517578125e-05,-3.0517578125e-05,-3.0517578125e-05,P,1,2026-08-22_23-06-48,2026-08-23
0.9854545454545455,0.9795918367346939,0.8065693430656934,0.0,0.1342281879194631,1.0,0.0,0.0,1.0,1.0,0.0,-3.0517578125e-05,-3.0517578125e-05,-3.0517578125e-05,-3.0517578125e-05,-3.0517578125e-05,-3.0517578125e-05,P,1,2026-08-22_23-06-48,2026-08-23
1.0,1.0,0.791970802919708,0.0,0.013422818791946308,1.0,0.0,1.0,1.0,1.0,0.0,-3.0517578125e-05,-3.0517578125e-05,-3.0517578125e-05,-3.0517578125e-05,-3.0517578125e-05,-3.0517578125e-05,P,1,2026-08-22_23-06-48,2026-08-23
0.9709090909090909,1.0,0.7262773722627737,0.0,0.0,1.0,0.0,0.0,1.0,1.0,0.0,-3.0517578125e-05,-3.0517578125e-05,-3.0517578125e-05,-3.0517578125e-05,-3.0517578125e-05,-3.0517578125e-05,P,1,2026-08-22_23-06-48,2026-08-23
0.8818181818181818,0.9727891156462585,0.46715328467153283,0.0,0.12080536912751678,1.0,0.0,0.0,1.0,1.0,0.0,-3.0517578125e-05,-3.0517578125e-05,-3.0517578125e-05,-3.0517578125e-05,-3.0517578125e-05,-3.0517578125e-05,P,1,2026-08-22_23-06-48,2026-08-23
0.9690909090909091,1.0,0.9014598540145985,0.0,0.0,1.0,0.0,0.0,1.0,1.0,0.0,-3.0517578125e-05,-3.0517578125e-05,-3.0517578125e-05,-3.0517578125e-05,-3.0517578125e-05,-3.0517578125e-05,P,1,2026-08-22_23-06-48,2026-08-23
0.9290909090909091,1.0,0.7700729927007299,0.0,0.06711409395973154,1.0,0.0,0.0,1.0,1.0,0.0,-3.0517578125e-05,-3.0517578125e-05,-3.0517578125e-05,-3.0517578125e-05,-3.0517578125e-05,-3.0517578125e-05,P,1,2026-08-22_23-06-48,2026-08-23
0.9436363636363636,1.0,0.5948905109489051,0.0,0.1476510067114094,1.0,0.0,0.0,1.0,1.0,0.0,-3.0517578125e-05,-3.0517578125e-05,-3.0517578125e-05,-3.0517578125e-05,-3.0517578125e-05,-3.0517578125e-05,P,1,2026-08-22_23-06-48,2026-08-23
0.9490909090909091,0.9302721088435374,0.6824817518248175,0.0,0.1476510067114094,1.0,0.0,0.0,1.0,1.0,0.0,-3.0517578125e-05,-3.0517578125e-05,-3.0517578125e-05,-3.0517578125e-05,-3.0517578125e-05,-3.0517578125e-05,P,1,2026-08-22_23-06-48,2026-08-23
1.0,0.9523809523809523,0.9927007299270073,0.0,0.0,1.0,0.0,0.0,1.0,1.0,0.0,-3.0517578125e-05,-3.0517578125e-05,-3.0517578125e-05,-3.0517578125e-05,-3.0517578125e-05,-3.0517578125e-05,P,1,2026-08-22_23-06-48,2026-08-23
0.9981818181818182,0.9897959183673469,0.6970802919708029,0.0,0.33557046979865773,1.0,0.0,0.0,1.0,1.0,0.0,-3.0517578125e-05,-3.0517578125e-05,-3.0517578125e-05,-3.0517578125e-05,-3.0517578125e-05,-3.0517578125e-05,P,1,2026-08-22_23-06-48,2026-08-23
1.0,0.8707482993197279,0.916058394160584,0.0,0.0,1.0,0.0,0.0,1.0,1.0,0.0,-3.0517578125e-05,-3.0517578125e-05,-3.0517578125e-05,-3.0517578125e-05,-3.0517578125e-05,-3.0517578125e-05,P,1,2026-08-22_23-06-48,2026-08-23
0.94,1.0,0.6058394160583942,0.0,0.5234899328859061,1.0,0.0,0.0,1.0,1.0,0.0,-3.0517578125e-05,-3.0517578125e-05,-3.0517578125e-05,-3.0517578125e-05,-3.0517578125e-05,-3.0517578125e-05,P,1,2026-08-22_23-06-48,2026-08-23
0.9927272727272727,1.0,0.6824817518248175,0.0,0.4563758389261745,1.0,0.0,0.0,1.0,1.0,0.0,-3.0517578125e-05,-3.0517578125e-05,-3.0517578125e-05,-3.0517578125e-05,-3.0517578125e-05,-3.0517578125e-05,P,1,2026-08-22_23-06-48,2026-08-23
1.0,0.8843537414965986,0.8211678832116789,0.0,0.4966442953020134,1.0,0.0,0.0,1.0,1.0,0.0,-3.0517578125e-05,-3.0517578125e-05,-3.0517578125e-05,-3.0517578125e-05,-3.0517578125e-05,-3.0517578125e-05,P,1,2026-08-22_23-06-48,2026-08-23
0.8036363636363636,1.0,0.46715328467153283,0.0,0.28187919463087246,1.0,0.0,0.0,1.0,1.0,0.0,-3.0517578125e-05,-3.0517578125e-05,-3.0517578125e-05,-3.0517578125e-05,-3.0517578125e-05,-3.0517578125e-05,P,1,2026-08-22_23-06-48,2026-08-23
0.990909090909091,1.0,0.7262773722627737,0.0,0.4697986577181208,1.0,0.0,0.0,1.0,1.0,0.0,-3.0517578125e-05,-3.0517578125e-05,-3.0517578125e-05,-3.0517578125e-05,-3.0517578125e-05,-3.0517578125e-05,P,1,2026-08-22_23-06-48,2026-08-23
1.0,1.0,0.7372262773722628,0.0,0.8053691275167785,1.0,0.0,0.0,1.0,1.0,0.0,-3.0517578125e-05,-3.0517578125e-05,-3.0517578125e-05,-3.0517578125e-05,-3.0517578125e-05,-3.0517578125e-05,P,1,2026-08-22_23-06-48,2026-08-23
1.0,0.9166666666666666,0.9124087591240876,0.0,0.0,1.0,0.0,0.0,1.0,1.0,0.0,-3.0517578125e-05,-3.0517578125e-05,-3.0517578125e-05,-3.0517578125e-05,-3.0517578125e-05,-3.0517578125e-05,P,1,2026-08-22_23-06-48,2026-08-23
1.0,0.9438775510204082,0.916058394160584,0.0,0.2953020134228188,1.0,0.0,0.0,1.0,1.0,0.0,-3.0517578125e-05,-3.0517578125e-05,-3.0517578125e-05,-3.0517578125e-05,-3.0517578125e-05,-3.0517578125e-05,P,1,2026-08-22_23-06-48,2026-08-23
1.0,0.9812925170068028,0.8211678832116789,0.0,0.053691275167785234,1.0,0.0,0.0,1.0,1.0,0.0,-3.0517578125e-05,-3.0517578125e-05,-3.0517578125e-05,-3.0517578125e-05,-3.0517578125e-05,-3.0517578125e-05,P,1,2026-08-22_23-06-48,2026-08-23
1.0,0.8792517006802721,0.8467153284671532,1.0,0.348993288590604,1.0,0.0,0.0,1.0,1.0,1.0,-3.0517578125e-05,-3.0517578125e-05,-3.0517578125e-05,-3.0517578125e-05,-3.0517578125e-05,-3.0517578125e-05,P,2,2026-08-22_23-06-48,2026-08-23
0.8563636363636363,0.9846938775510204,0.7554744525547445,1.0,0.1610738255033557,1.0,0.0,0.0,1.0,1.0,1.0,-3.0517578125e-05,-3.0517578125e-05,-3.0517578125e-05,-3.0517578125e-05,-3.0517578125e-05,-3.0517578125e-05,P,2,2026-08-22_23-06-48,2026-08-23
1.0,0.8843537414965986,0.8722627737226277,1.0,0.8053691275167785,1.0,0.0,0.0,1.0,1.0,1.0,-3.0517578125e-05,-3.0517578125e-05,-3.0517578125e-05,-3.0517578125e-05,-3.0517578125e-05,-3.0517578125e-05,P,2,2026-08-22_23-06-48,2026-08-23
0.7472727272727273,1.0,0.5,1.0,0.0,1.0,0.0,0.0,1.0,1.0,1.0,-3.0517578125e-05,-3.0517578125e-05,-3.0517578125e-05,-3.0517578125e-05,-3.0517578125e-05,-3.0517578125e-05,P,2,2026-08-22_23-06-48,2026-08-23
0.8436363636363636,1.0,0.8357664233576643,1.0,0.053691275167785234,1.0,0.0,0.0,1.0,1.0,1.0,-3.0517578125e-05,-3.0517578125e-05,-3.0517578125e-05,-3.0517578125e-05,-3.0517578125e-05,-3.0517578125e-05,P,2,2026-08-22_23-06-48,2026-08-23
0.850909090909091,0.9778911564625851,0.6240875912408759,1.0,0.0,1.0,0.0,0.0,1.0,1.0,1.0,-3.0517578125e-05,-3.0517578125e-05,-3.0517578125e-05,-3.0517578125e-05,-3.0517578125e-05,-3.0517578125e-05,P,2,2026-08-22_23-06-48,2026-08-23
0.8327272727272728,0.9693877551020408,0.6788321167883211,1.0,0.0,1.0,0.0,0.0,1.0,1.0,1.0,-3.0517578125e-05,-3.0517578125e-05,-3.0517578125e-05,-3.0517578125e-05,-3.0517578125e-05,-3.0517578125e-05,P,2,2026-08-22_23-06-48,2026-08-23
0.9309090909090909,0.9319727891156463,0.9379562043795621,1.0,0.8053691275167785,1.0,0.0,0.0,1.0,1.0,1.0,-3.0517578125e-05,-3.0517578125e-05,-3.0517578125e-05,-3.0517578125e-05,-3.0517578125e-05,-3.0517578125e-05,P,2,2026-08-22_23-06-48,2026-08-23
0.7254545454545455,1.0,0.5437956204379562,1.0,0.08053691275167785,1.0,0.0,0.0,1.0,1.0,1.0,-3.0517578125e-05,-3.0517578125e-05,-3.0517578125e-05,-3.0517578125e-05,-3.0517578125e-05,-3.0517578125e-05,P,2,2026-08-22_23-06-48,2026-08-23
0.8236363636363636,0.9795918367346939,0.5255474452554745,1.0,0.28187919463087246,1.0,0.0,0.0,1.0,1.0,1.0,-3.0517578125e-05,-3.0517578125e-05,-3.0517578125e-05,-3.0517578125e-05,-3.0517578125e-05,-3.0517578125e-05,P,2,2026-08-22_23-06-48,2026-08-23
0.7109090909090909,1.0,0.5948905109489051,1.0,0.12080536912751678,1.0,0.0,0.0,1.0,1.0,1.0,-3.0517578125e-05,-3.0517578125e-05,-3.0517578125e-05,-3.0517578125e-05,-3.0517578125e-05,-3.0517578125e-05,P,2,2026-08-22_23-06-48,2026-08-23
0.8290909090909091,0.9625850340136054,0.5875912408759124,1.0,0.0,1.0,0.0,0.0,1.0,1.0,1.0,-3.0517578125e-05,-3.0517578125e-05,-3.0517578125e-05,-3.0517578125e-05,-3.0517578125e-05,-3.0517578125e-05,P,2,2026-08-22_23-06-48,2026-08-23
0.9527272727272728,0.8384353741496599,1.0,1.0,0.28187919463087246,1.0,0.0,0.0,1.0,1.0,1.0,-3.0517578125e-05,-3.0517578125e-05,-3.0517578125e-05,-3.0517578125e-05,-3.0517578125e-05,-3.0517578125e-05,P,2,2026-08-22_23-06-48,2026-08-23
0.9418181818181818,0.8503401360544217,0.8759124087591241,1.0,0.8053691275167785,1.0,0.0,0.0,1.0,1.0,1.0,-3.0517578125e-05,-3.0517578125e-05,-3.0517578125e-05,-3.0517578125e-05,-3.0517578125e-05,-3.0517578125e-05,P,2,2026-08-22_23-06-48,2026-08-23
0.7090909090909091,0.9897959183673469,1.0,1.0,0.24161073825503357,1.0,0.0,0.0,1.0,1.0,1.0,-3.0517578125e-05,-3.0517578125e-05,-3.0517578125e-05,-3.0517578125e-05,-3.0517578125e-05,-3.0517578125e-05,P,2,2026-08-22_23-06-48,2026-08-23
1.0,1.0,1.0,1.0,0.0,1.0,0.0,0.0,1.0,1.0,1.0,-3.0517578125e-05,-3.0517578125e-05,-3.0517578125e-05,-3.0517578125e-05,-3.0517578125e-05,-3.0517578125e-05,P,2,2026-08-22_23-06-48,2026-08-23
0.8418181818181818,0.9166666666666666,0.7591240875912408,1.0,0.0,1.0,0.0,0.0,1.0,1.0,1.0,-3.0517578125e-05,-3.0517578125e-05,-3.0517578125e-05,-3.0517578125e-05,-3.0517578125e-05,-3.0517578125e-05,P,2,2026-08-22_23-06-48,2026-08-23
0.8545454545454545,0.9778911564625851,0.8248175182481752,1.0,0.174496644295302,1.0,0.0,0.0,1.0,1.0,1.0,-3.0517578125e-05,-3.0517578125e-05,-3.0517578125e-05,-3.0517578125e-05,-3.0517578125e-05,-3.0517578125e-05,P,2,2026-08-22_23-06-48,2026-08-23
0.94,0.8826530612244898,0.6715328467153284,1.0,0.0,1.0,0.0,0.0,1.0,1.0,1.0,-3.0517578125e-05,-3.0517578125e-05,-3.0517578125e-05,-3.0517578125e-05,-3.0517578125e-05,-3.0517578125e-05,P,2,2026-08-22_23-06-48,2026-08-23
0.8618181818181818,1.0,0.7773722627737226,1.0,0.8053691275167785,1.0,0.0,0.0,1.0,1.0,1.0,-3.0517578125e-05,-3.0517578125e-05,-3.0517578125e-05,-3.0517578125e-05,-3.0517578125e-05,-3.0517578125e-05,P,2,2026-08-22_23-06-48,2026-08-23
0.8490909090909091,0.9608843537414966,0.5875912408759124,1.0,0.8053691275167785,1.0,0.0,0.0,1.0,1.0,1.0,-3.0517578125e-05,-3.0517578125e-05,-3.0517578125e-05,-3.0517578125e-05,-3.0517578125e-05,-3.0517578125e-05,P,2,2026-08-22_23-06-48,2026-08-23
0.8381818181818181,0.9319727891156463,0.5875912408759124,1.0,0.3221476510067114,1.0,0.0,0.0,1.0,1.0,1.0,-3.0517578125e-05,-3.0517578125e-05,-3.0517578125e-05,-3.0517578125e-05,-3.0517578125e-05,-3.0517578125e-05,P,2,2026-08-22_23-06-48,2026-08-23
0.86,1.0,0.8576642335766423,1.0,0.0,1.0,0.0,0.0,1.0,1.0,1.0,-3.0517578125e-05,-3.0517578125e-05,-3.0517578125e-05,-3.0517578125e-05,-3.0517578125e-05,-3.0517578125e-05,P,2,2026-08-22_23-06-48,2026-08-23
1.0,0.891156462585034,0.708029197080292,1.0,0.0,1.0,0.0,0.0,1.0,1.0,1.0,-3.0517578125e-05,-3.0517578125e-05,-3.0517578125e-05,-3.0517578125e-05,-3.0517578125e-05,-3.0517578125e-05,P,2,2026-08-22_23-06-48,2026-08-23
0.9218181818181819,0.967687074829932,0.9708029197080292,1.0,0.8053691275167785,1.0,0.0,0.0,1.0,1.0,1.0,-3.0517578125e-05,-3.0517578125e-05,-3.0517578125e-05,-3.0517578125e-05,-3.0517578125e-05,-3.0517578125e-05,P,2,2026-08-22_23-06-48,2026-08-23
0.7981818181818182,0.891156462585034,0.8211678832116789,1.0,0.2953020134228188,1.0,0.0,0.0,1.0,1.0,1.0,-3.0517578125e-05,-3.0517578125e-05,-3.0517578125e-05,-3.0517578125e-05,-3.0517578125e-05,-3.0517578125e-05,P,2,2026-08-22_23-06-48,2026-08-23
1.0,1.0,1.0,1.0,0.348993288590604,1.0,0.0,0.0,1.0,1.0,1.0,-3.0517578125e-05,-3.0517578125e-05,-3.0517578125e-05,-3.0517578125e-05,-3.0517578125e-05,-3.0517578125e-05,P,2,2026-08-22_23-06-48,2026-08-23
1.0,1.0,1.0,1.0,0.0,1.0,0.0,0.0,1.0,1.0,1.0,-3.0517578125e-05,-3.0517578125e-05,-3.0517578125e-05,-3.0517578125e-05,-3.0517578125e-05,-3.0517578125e-05,P,2,2026-08-22_23-06-48,2026-08-23
0.5327272727272727,0.5833333333333334,0.22992700729927007,1.0,1.0,1.0,0.0,0.0,1.0,1.0,1.0,-3.0517578125e-05,-3.0517578125e-05,-3.0517578125e-05,-3.0517578125e-05,-3.0517578125e-05,-3.0517578125e-05,P,2,2026-08-22_23-06-48,2026-08-23
1.0,1.0,0.718978102189781,1.0,0.0,1.0,0.0,0.0,1.0,1.0,1.0,-3.0517578125e-05,-3.0517578125e-05,-3.0517578125e-05,-3.0517578125e-05,-3.0517578125e-05,-3.0517578125e-05,P,2,2026-08-22_23-06-48,2026-08-23
0.9963636363636363,1.0,0.6167883211678832,1.0,0.0,1.0,0.0,0.0,1.0,1.0,1.0,-3.0517578125e-05,-3.0517578125e-05,-3.0517578125e-05,-3.0517578125e-05,-3.0517578125e-05,-3.0517578125e-05,P,2,2026-08-22_23-06-48,2026-08-23
0.7672727272727272,0.7687074829931972,0.35036496350364965,1.0,0.0,1.0,0.0,0.0,1.0,1.0,1.0,-3.0517578125e-05,-3.0517578125e-05,-3.0517578125e-05,-3.0517578125e-05,-3.0517578125e-05,-3.0517578125e-05,P,2,2026-08-22_23-06-48,2026-08-23
0.7327272727272728,0.8486394557823129,0.635036496350365,1.0,0.026845637583892617,1.0,0.0,0.0,1.0,1.0,1.0,-3.0517578125e-05,-3.0517578125e-05,-3.0517578125e-05,-3.0517578125e-05,-3.0517578125e-05,-3.0517578125e-05,P,2,2026-08-22_23-06-48,2026-08-23
0.9072727272727272,0.9608843537414966,0.6313868613138686,1.0,0.0,1.0,0.0,0.0,1.0,1.0,1.0,-3.0517578125e-05,-3.0517578125e-05,-3.0517578125e-05,-3.0517578125e-05,-3.0517578125e-05,-3.0517578125e-05,P,2,2026-08-22_23-06-48,2026-08-23
0.9236363636363636,0.9336734693877551,0.6715328467153284,1.0,0.1342281879194631,1.0,0.0,0.0,1.0,1.0,1.0,-3.0517578125e-05,-3.0517578125e-05,-3.0517578125e-05,-3.0517578125e-05,-3.0517578125e-05,-3.0517578125e-05,P,2,2026-08-22_23-06-48,2026-08-23
0.9254545454545454,0.9421768707482994,0.7773722627737226,1.0,0.174496644295302,1.0,0.0,0.0,1.0,1.0,1.0,-3.0517578125e-05,-3.0517578125e-05,-3.0517578125e-05,-3.0517578125e-05,-3.0517578125e-05,-3.0517578125e-05,P,2,2026-08-22_23-06-48,2026-08-23
0.8836363636363637,0.935374149659864,0.7773722627737226,1.0,0.174496644295302,1.0,0.0,0.0,1.0,1.0,1.0,-3.0517578125e-05,-3.0517578125e-05,-3.0517578125e-05,-3.0517578125e-05,-3.0517578125e-05,-3.0517578125e-05,P,2,2026-08-22_23-06-48,2026-08-23
0.8818181818181818,0.8792517006802721,0.7262773722627737,1.0,0.12080536912751678,1.0,0.0,0.0,1.0,1.0,1.0,-3.0517578125e-05,-3.0517578125e-05,-3.0517578125e-05,-3.0517578125e-05,-3.0517578125e-05,-3.0517578125e-05,P,2,2026-08-22_23-06-48,2026-08-23
0.9854545454545455,0.9166666666666666,0.718978102189781,1.0,0.1342281879194631,1.0,0.0,0.0,1.0,1.0,1.0,-3.0517578125e-05,-3.0517578125e-05,-3.0517578125e-05,-3.0517578125e-05,-3.0517578125e-05,-3.0517578125e-05,P,2,2026-08-22_23-06-48,2026-08-23
0.7781818181818182,0.8214285714285714,0.5875912408759124,1.0,0.1342281879194631,1.0,0.0,0.0,1.0,1.0,1.0,-3.0517578125e-05,-3.0517578125e-05,-3.0517578125e-05,-3.0517578125e-05,-3.0517578125e-05,-3.0517578125e-05,P,2,2026-08-22_23-06-48,2026-08-23
0.8036363636363636,1.0,0.5255474452554745,1.0,0.0,1.0,0.0,0.0,1.0,1.0,1.0,-3.0517578125e-05,-3.0517578125e-05,-3.0517578125e-05,-3.0517578125e-05,-3.0517578125e-05,-3.0517578125e-05,P,3,2026-08-22_23-06-48,2026-08-23
0.8490909090909091,1.0,0.6021897810218978,1.0,0.0,1.0,0.0,0.0,1.0,1.0,1.0,-3.0517578125e-05,-3.0517578125e-05,-3.0517578125e-05,-3.0517578125e-05,-3.0517578125e-05,-3.0517578125e-05,P,3,2026-08-22_23-06-48,2026-08-23
0.9363636363636364,1.0,0.6058394160583942,1.0,0.0,1.0,0.0,0.0,1.0,1.0,1.0,-3.0517578125e-05,-3.0517578125e-05,-3.0517578125e-05,-3.0517578125e-05,-3.0517578125e-05,-3.0517578125e-05,P,3,2026-08-22_23-06-48,2026-08-23
1.0,0.9608843537414966,0.9671532846715328,1.0,0.4161073825503356,1.0,0.0,0.0,1.0,1.0,1.0,-3.0517578125e-05,-3.0517578125e-05,-3.0517578125e-05,-3.0517578125e-05,-3.0517578125e-05,-3.0517578125e-05,P,3,2026-08-22_23-06-48,2026-08-23
0.9509090909090909,1.0,0.6788321167883211,1.0,0.0,1.0,0.0,0.0,1.0,1.0,1.0,-3.0517578125e-05,-3.0517578125e-05,-3.0517578125e-05,-3.0517578125e-05,-3.0517578125e-05,-3.0517578125e-05,P,3,2026-08-22_23-06-48,2026-08-23
0.8527272727272728,1.0,0.5145985401459854,1.0,0.0,1.0,0.0,0.0,1.0,1.0,1.0,-3.0517578125e-05,-3.0517578125e-05,-3.0517578125e-05,-3.0517578125e-05,-3.0517578125e-05,-3.0517578125e-05,P,3,2026-08-22_23-06-48,2026-08-23
1.0,0.7670068027210885,1.0,1.0,0.33557046979865773,1.0,0.0,0.0,1.0,1.0,1.0,-3.0517578125e-05,-3.0517578125e-05,-3.0517578125e-05,-3.0517578125e-05,-3.0517578125e-05,-3.0517578125e-05,P,3,2026-08-22_23-06-48,2026-08-23
0.9290909090909091,0.8231292517006803,0.8759124087591241,1.0,0.8053691275167785,1.0,0.0,0.0,1.0,1.0,1.0,-3.0517578125e-05,-3.0517578125e-05,-3.0517578125e-05,-3.0517578125e-05,-3.0517578125e-05,-3.0517578125e-05,P,3,2026-08-22_23-06-48,2026-08-23
0.7236363636363636,0.6479591836734694,1.0,1.0,0.1476510067114094,1.0,0.0,0.0,1.0,1.0,1.0,-3.0517578125e-05,-3.0517578125e-05,-3.0517578125e-05,-3.0517578125e-05,-3.0517578125e-05,-3.0517578125e-05,P,3,2026-08-22_23-06-48,2026-08-23
0.9527272727272728,0.9863945578231292,0.8978102189781022,1.0,0.1610738255033557,1.0,0.0,0.0,1.0,1.0,1.0,-3.0517578125e-05,-3.0517578125e-05,-3.0517578125e-05,-3.0517578125e-05,-3.0517578125e-05,-3.0517578125e-05,P,3,2026-08-22_23-06-48,2026-08-23
0.8690909090909091,1.0,1.0,1.0,0.8859060402684564,1.0,0.0,0.0,1.0,1.0,1.0,-3.0517578125e-05,-3.0517578125e-05,-3.0517578125e-05,-3.0517578125e-05,-3.0517578125e-05,-3.0517578125e-05,P,3,2026-08-22_23-06-48,2026-08-23
0.8763636363636363,1.0,0.7627737226277372,1.0,0.1610738255033557,1.0,0.0,0.0,1.0,1.0,1.0,-3.0517578125e-05,-3.0517578125e-05,-3.0517578125e-05,-3.0517578125e-05,-3.0517578125e-05,-3.0517578125e-05,P,3,2026-08-22_23-06-48,2026-08-23
0.8309090909090909,0.9540816326530612,0.8759124087591241,1.0,0.22818791946308725,1.0,0.0,0.0,1.0,1.0,1.0,-3.0517578125e-05,-3.0517578125e-05,-3.0517578125e-05,-3.0517578125e-05,-3.0517578125e-05,-3.0517578125e-05,P,3,2026-08-22_23-06-48,2026-08-23
0.94,0.9812925170068028,1.0,1.0,0.08053691275167785,1.0,0.0,0.0,1.0,1.0,1.0,-3.0517578125e-05,-3.0517578125e-05,-3.0517578125e-05,-3.0517578125e-05,-3.0517578125e-05,-3.0517578125e-05,P,3,2026-08-22_23-06-48,2026-08-23
0.8490909090909091,0.9710884353741497,0.7956204379562044,1.0,0.0,1.0,0.0,0.0,1.0,1.0,1.0,-3.0517578125e-05,-3.0517578125e-05,-3.0517578125e-05,-3.0517578125e-05,-3.0517578125e-05,-3.0517578125e-05,P,3,2026-08-22_23-06-48,2026-08-23
0.8254545454545454,1.0,1.0,1.0,0.0,1.0,0.0,0.0,1.0,1.0,1.0,-3.0517578125e-05,-3.0517578125e-05,-3.0517578125e-05,-3.0517578125e-05,-3.0517578125e-05,-3.0517578125e-05,P,3,2026-08-22_23-06-48,2026-08-23
0.9309090909090909,0.9863945578231292,0.6058394160583942,1.0,0.1610738255033557,1.0,0.0,0.0,1.0,1.0,1.0,-3.0517578125e-05,-3.0517578125e-05,-3.0517578125e-05,-3.0517578125e-05,-3.0517578125e-05,-3.0517578125e-05,P,3,2026-08-22_23-06-48,2026-08-23
0.8036363636363636,0.9778911564625851,0.7627737226277372,1.0,0.3221476510067114,1.0,0.0,0.0,1.0,1.0,1.0,-3.0517578125e-05,-3.0517578125e-05,-3.0517578125e-05,-3.0517578125e-05,-3.0517578125e-05,-3.0517578125e-05,P,3,2026-08-22_23-06-48,2026-08-23
0.8981818181818182,0.9625850340136054,0.9452554744525548,1.0,0.026845637583892617,1.0,0.0,0.0,1.0,1.0,1.0,-3.0517578125e-05,-3.0517578125e-05,-3.0517578125e-05,-3.0517578125e-05,-3.0517578125e-05,-3.0517578125e-05,P,3,2026-08-22_23-06-48,2026-08-23
0.5581818181818182,0.6156462585034014,0.17883211678832117,1.0,0.20134228187919462,1.0,0.0,0.0,1.0,1.0,1.0,-3.0517578125e-05,-3.0517578125e-05,-3.0517578125e-05,-3.0517578125e-05,-3.0517578125e-05,-3.0517578125e-05,P,3,2026-08-22_23-06-48,2026-08-23
0.6581818181818182,0.5697278911564626,0.0,1.0,1.0,1.0,0.0,0.0,1.0,1.0,1.0,-3.0517578125e-05,-3.0517578125e-05,-3.0517578125e-05,-3.0517578125e-05,-3.0517578125e-05,-3.0517578125e-05,P,3,2026-08-22_23-06-48,2026-08-23
0.6290909090909091,0.7465986394557823,0.42700729927007297,1.0,1.0,1.0,0.0,0.0,1.0,1.0,1.0,-3.0517578125e-05,-3.0517578125e-05,-3.0517578125e-05,-3.0517578125e-05,-3.0517578125e-05,-3.0517578125e-05,P,3,2026-08-22_23-06-48,2026-08-23
1.0,1.0,1.0,1.0,0.174496644295302,1.0,0.0,0.0,1.0,1.0,1.0,-3.0517578125e-05,-3.0517578125e-05,-3.0517578125e-05,-3.0517578125e-05,-3.0517578125e-05,-3.0517578125e-05,P,3,2026-08-22_23-06-48,2026-08-23
0.9327272727272727,1.0,0.4635036496350365,1.0,0.0,1.0,0.0,0.0,1.0,1.0,1.0,-3.0517578125e-05,-3.0517578125e-05,-3.0517578125e-05,-3.0517578125e-05,-3.0517578125e-05,-3.0517578125e-05,P,3,2026-08-22_23-06-48,2026-08-23
1.0,1.0,1.0,1.0,0.2953020134228188,1.0,0.0,0.0,1.0,1.0,1.0,-3.0517578125e-05,-3.0517578125e-05,-3.0517578125e-05,-3.0517578125e-05,-3.0517578125e-05,-3.0517578125e-05,P,3,2026-08-22_23-06-48,2026-08-23
0.9581818181818181,1.0,0.7773722627737226,1.0,0.1476510067114094,1.0,0.0,0.0,1.0,1.0,1.0,-3.0517578125e-05,-3.0517578125e-05,-3.0517578125e-05,-3.0517578125e-05,-3.0517578125e-05,-3.0517578125e-05,P,3,2026-08-22_23-06-48,2026-08-23
1.0,1.0,1.0,1.0,0.0,1.0,0.0,0.0,1.0,1.0,1.0,-3.0517578125e-05,-3.0517578125e-05,-3.0517578125e-05,-3.0517578125e-05,-3.0517578125e-05,-3.0517578125e-05,P,3,2026-08-22_23-06-48,2026-08-23
0.9345454545454546,0.9846938775510204,0.5036496350364964,1.0,0.0,1.0,0.0,0.0,1.0,1.0,1.0,-3.0517578125e-05,-3.0517578125e-05,-3.0517578125e-05,-3.0517578125e-05,-3.0517578125e-05,-3.0517578125e-05,P,3,2026-08-22_23-06-48,2026-08-23
0.9490909090909091,0.9982993197278912,0.7627737226277372,1.0,0.1476510067114094,1.0,0.0,0.0,1.0,1.0,1.0,-3.0517578125e-05,-3.0517578125e-05,-3.0517578125e-05,-3.0517578125e-05,-3.0517578125e-05,-3.0517578125e-05,P,3,2026-08-22_23-06-48,2026-08-23
0.8781818181818182,0.923469387755102,0.6861313868613139,1.0,0.22818791946308725,1.0,0.0,0.0,1.0,1.0,1.0,-3.0517578125e-05,-3.0517578125e-05,-3.0517578125e-05,-3.0517578125e-05,-3.0517578125e-05,-3.0517578125e-05,P,3,2026-08-22_23-06-48,2026-08-23
0.9854545454545455,1.0,0.7518248175182481,1.0,0.12080536912751678,1.0,0.0,0.0,1.0,1.0,1.0,-3.0517578125e-05,-3.0517578125e-05,-3.0517578125e-05,-3.0517578125e-05,-3.0517578125e-05,-3.0517578125e-05,P,3,2026-08-22_23-06-48,2026-08-23
0.8818181818181818,0.9166666666666666,0.7445255474452555,1.0,0.37583892617449666,1.0,0.0,0.0,1.0,1.0,1.0,-3.0517578125e-05,-3.0517578125e-05,-3.0517578125e-05,-3.0517578125e-05,-3.0517578125e-05,-3.0517578125e-05,P,3,2026-08-22_23-06-48,2026-08-23
0.9727272727272728,1.0,0.8941605839416058,1.0,0.8053691275167785,1.0,0.0,0.0,1.0,1.0,1.0,-3.0517578125e-05,-3.0517578125e-05,-3.0517578125e-05,-3.0517578125e-05,-3.0517578125e-05,-3.0517578125e-05,P,3,2026-08-22_23-06-48,2026-08-23
0.9927272727272727,0.9659863945578231,0.6058394160583942,1.0,0.40268456375838924,1.0,0.0,0.0,1.0,1.0,1.0,-3.0517578125e-05,-3.0517578125e-05,-3.0517578125e-05,-3.0517578125e-05,-3.0517578125e-05,-3.0517578125e-05,P,3,2026-08-22_23-06-48,2026-08-23
0.9745454545454545,0.9302721088435374,0.8941605839416058,1.0,0.4966442953020134,1.0,0.0,0.0,1.0,1.0,1.0,-3.0517578125e-05,-3.0517578125e-05,-3.0517578125e-05,-3.0517578125e-05,-3.0517578125e-05,-3.0517578125e-05,P,3,2026-08-22_23-06-48,2026-08-23
0.8872727272727273,0.95578231292517,0.6605839416058394,1.0,0.4429530201342282,1.0,0.0,0.0,1.0,1.0,1.0,-3.0517578125e-05,-3.0517578125e-05,-3.0517578125e-05,-3.0517578125e-05,-3.0517578125e-05,-3.0517578125e-05,P,3,2026-08-22_23-06-48,2026-08-23
0.8818181818181818,0.9336734693877551,0.6496350364963503,1.0,0.053691275167785234,1.0,0.0,0.0,1.0,1.0,1.0,-3.0517578125e-05,-3.0517578125e-05,-3.0517578125e-05,-3.0517578125e-05,-3.0517578125e-05,-3.0517578125e-05,P,3,2026-08-22_23-06-48,2026-08-23
1.0,0.935374149659864,0.7372262773722628,1.0,0.08053691275167785,1.0,0.0,0.0,1.0,1.0,1.0,-3.0517578125e-05,-3.0517578125e-05,-3.0517578125e-05,-3.0517578125e-05,-3.0517578125e-05,-3.0517578125e-05,P,3,2026-08-22_23-06-48,2026-08-23
0.9327272727272727,0.9081632653061225,0.8138686131386861,1.0,0.10738255033557047,1.0,0.0,0.0,1.0,1.0,1.0,-3.0517578125e-05,-3.0517578125e-05,-3.0517578125e-05,-3.0517578125e-05,-3.0517578125e-05,-3.0517578125e-05,P,3,2026-08-22_23-06-48,2026-08-23
0.9145454545454546,0.9608843537414966,0.7262773722627737,1.0,0.1476510067114094,1.0,0.0,0.0,1.0,1.0,1.0,-3.0517578125e-05,-3.0517578125e-05,-3.0517578125e-05,-3.0517578125e-05,-3.0517578125e-05,-3.0517578125e-05,P,3,2026-08-22_23-06-48,2026-08-23
0.9781818181818182,1.0,0.9233576642335767,0.0,0.053691275167785234,1.0,0.0,0.0,1.0,1.0,0.0,-3.0517578125e-05,-3.0517578125e-05,-3.0517578125e-05,-3.0517578125e-05,-3.0517578125e-05,-3.0517578125e-05,P,4,2026-08-22_23-06-48,2026-08-23
1.0,1.0,0.708029197080292,0.0,0.0,1.0,0.0,0.0,1.0,1.0,0.0,-3.0517578125e-05,-3.0517578125e-05,-3.0517578125e-05,-3.0517578125e-05,-3.0517578125e-05,-3.0517578125e-05,P,4,2026-08-22_23-06-48,2026-08-23
0.9581818181818181,1.0,0.6423357664233577,0.0,0.1476510067114094,1.0,0.0,0.0,1.0,1.0,0.0,-3.0517578125e-05,-3.0517578125e-05,-3.0517578125e-05,-3.0517578125e-05,-3.0517578125e-05,-3.0517578125e-05,P,4,2026-08-22_23-06-48,2026-08-23
0.96,1.0,0.6240875912408759,0.0,0.10738255033557047,1.0,0.0,0.0,1.0,1.0,0.0,-3.0517578125e-05,-3.0517578125e-05,-3.0517578125e-05,-3.0517578125e-05,-3.0517578125e-05,-3.0517578125e-05,P,4,2026-08-22_23-06-48,2026-08-23
0.9236363636363636,0.9761904761904762,0.8978102189781022,0.0,0.0,1.0,0.0,0.0,1.0,1.0,0.0,-3.0517578125e-05,-3.0517578125e-05,-3.0517578125e-05,-3.0517578125e-05,-3.0517578125e-05,-3.0517578125e-05,P,4,2026-08-22_23-06-48,2026-08-23
0.9436363636363636,1.0,0.781021897810219,0.0,0.1476510067114094,1.0,0.0,0.0,1.0,1.0,0.0,-3.0517578125e-05,-3.0517578125e-05,-3.0517578125e-05,-3.0517578125e-05,-3.0517578125e-05,-3.0517578125e-05,P,4,2026-08-22_23-06-48,2026-08-23
1.0,0.8639455782312925,0.9890510948905109,0.0,0.1610738255033557,1.0,0.0,0.0,1.0,1.0,1.0,-3.0517578125e-05,-3.0517578125e-05,-3.0517578125e-05,-3.0517578125e-05,-3.0517578125e-05,-3.0517578125e-05,P,4,2026-08-22_23-06-48,2026-08-23
0.8836363636363637,1.0,0.5875912408759124,0.0,0.0,1.0,0.0,0.0,1.0,1.0,0.0,-3.0517578125e-05,-3.0517578125e-05,-3.0517578125e-05,-3.0517578125e-05,-3.0517578125e-05,-3.0517578125e-05,P,4,2026-08-22_23-06-48,2026-08-23
1.0,1.0,0.6423357664233577,0.0,0.1342281879194631,1.0,0.0,0.0,1.0,1.0,1.0,-3.0517578125e-05,-3.0517578125e-05,-3.0517578125e-05,-3.0517578125e-05,-3.0517578125e-05,-3.0517578125e-05,P,4,2026-08-22_23-06-48,2026-08-23
0.9818181818181818,0.8979591836734694,0.9343065693430657,0.0,0.0,1.0,0.0,0.0,1.0,1.0,1.0,-3.0517578125e-05,-3.0517578125e-05,-3.0517578125e-05,-3.0517578125e-05,-3.0517578125e-05,-3.0517578125e-05,P,4,2026-08-22_23-06-48,2026-08-23
1.0,1.0,0.6313868613138686,0.0,0.21476510067114093,1.0,0.0,0.0,1.0,1.0,0.0,-3.0517578125e-05,-3.0517578125e-05,-3.0517578125e-05,-3.0517578125e-05,-3.0517578125e-05,-3.0517578125e-05,P,4,2026-08-22_23-06-48,2026-08-23
0.9381818181818182,1.0,0.7299270072992701,0.0,0.0,1.0,0.0,0.0,1.0,1.0,0.0,-3.0517578125e-05,-3.0517578125e-05,-3.0517578125e-05,-3.0517578125e-05,-3.0517578125e-05,-3.0517578125e-05,P,4,2026-08-22_23-06-48,2026-08-23
1.0,1.0,0.5875912408759124,0.0,0.48322147651006714,1.0,0.0,0.0,1.0,1.0,0.0,-3.0517578125e-05,-3.0517578125e-05,-3.0517578125e-05,-3.0517578125e-05,-3.0517578125e-05,-3.0517578125e-05,P,4,2026-08-22_23-06-48,2026-08-23
1.0,0.8775510204081632,0.8941605839416058,0.0,0.053691275167785234,1.0,0.0,0.0,1.0,1.0,0.0,-3.0517578125e-05,-3.0517578125e-05,-3.0517578125e-05,-3.0517578125e-05,-3.0517578125e-05,-3.0517578125e-05,P,4,2026-08-22_23-06-48,2026-08-23
1.0,1.0,0.6496350364963503,0.0,0.2684563758389262,1.0,0.0,0.0,1.0,1.0,0.0,-3.0517578125e-05,-3.0517578125e-05,-3.0517578125e-05,-3.0517578125e-05,-3.0517578125e-05,-3.0517578125e-05,P,4,2026-08-22_23-06-48,2026-08-23
0.9927272727272727,1.0,0.7481751824817519,0.0,0.013422818791946308,1.0,0.0,0.0,1.0,1.0,0.0,-3.0517578125e-05,-3.0517578125e-05,-3.0517578125e-05,-3.0517578125e-05,-3.0517578125e-05,-3.0517578125e-05,P,4,2026-08-22_23-06-48,2026-08-23
0.8636363636363636,1.0,0.6240875912408759,0.0,0.174496644295302,1.0,0.0,0.0,1.0,1.0,1.0,-3.0517578125e-05,-3.0517578125e-05,-3.0517578125e-05,-3.0517578125e-05,-3.0517578125e-05,-3.0517578125e-05,P,4,2026-08-22_23-06-48,2026-08-23
1.0,0.9574829931972789,0.9306569343065694,0.0,0.053691275167785234,1.0,0.0,0.0,1.0,1.0,1.0,-3.0517578125e-05,-3.0517578125e-05,-3.0517578125e-05,-3.0517578125e-05,-3.0517578125e-05,-3.0517578125e-05,P,4,2026-08-22_23-06-48,2026-08-23
1.0,1.0,1.0,0.0,0.0,1.0,0.0,0.0,1.0,1.0,0.0,-3.0517578125e-05,-3.0517578125e-05,-3.0517578125e-05,-3.0517578125e-05,-3.0517578125e-05,-3.0517578125e-05,P,4,2026-08-22_23-06-48,2026-08-23
0.9363636363636364,1.0,0.7554744525547445,0.0,0.08053691275167785,1.0,0.0,0.0,1.0,1.0,1.0,-3.0517578125e-05,-3.0517578125e-05,-3.0517578125e-05,-3.0517578125e-05,-3.0517578125e-05,-3.0517578125e-05,P,4,2026-08-22_23-06-48,2026-08-23
0.8854545454545455,0.9438775510204082,0.7591240875912408,0.0,0.21476510067114093,1.0,0.0,0.0,1.0,1.0,1.0,-3.0517578125e-05,-3.0517578125e-05,-3.0517578125e-05,-3.0517578125e-05,-3.0517578125e-05,-3.0517578125e-05,P,4,2026-08-22_23-06-48,2026-08-23
1.0,1.0,0.8503649635036497,0.0,0.20134228187919462,1.0,0.0,0.0,1.0,1.0,0.0,-3.0517578125e-05,-3.0517578125e-05,-3.0517578125e-05,-3.0517578125e-05,-3.0517578125e-05,-3.0517578125e-05,P,4,2026-08-22_23-06-48,2026-08-23
1.0,0.9897959183673469,0.781021897810219,0.0,0.0,1.0,0.0,0.0,1.0,1.0,0.0,-3.0517578125e-05,-3.0517578125e-05,-3.0517578125e-05,-3.0517578125e-05,-3.0517578125e-05,-3.0517578125e-05,P,4,2026-08-22_23-06-48,2026-08-23
0.9381818181818182,0.9812925170068028,0.9890510948905109,0.0,0.1476510067114094,1.0,0.0,0.0,1.0,1.0,0.0,-3.0517578125e-05,-3.0517578125e-05,-3.0517578125e-05,-3.0517578125e-05,-3.0517578125e-05,-3.0517578125e-05,P,4,2026-08-22_23-06-48,2026-08-23
1.0,0.9336734693877551,1.0,0.0,0.42953020134228187,1.0,0.0,0.0,1.0,1.0,0.0,-3.0517578125e-05,-3.0517578125e-05,-3.0517578125e-05,-3.0517578125e-05,-3.0517578125e-05,-3.0517578125e-05,P,4,2026-08-22_23-06-48,2026-08-23
0.9872727272727273,0.8537414965986394,0.7956204379562044,0.0,0.5100671140939598,1.0,0.0,0.0,1.0,1.0,0.0,-3.0517578125e-05,-3.0517578125e-05,-3.0517578125e-05,-3.0517578125e-05,-3.0517578125e-05,-3.0517578125e-05,P,4,2026-08-22_23-06-48,2026-08-23
0.9581818181818181,1.0,0.927007299270073,0.0,0.06711409395973154,1.0,0.0,0.0,1.0,1.0,0.0,-3.0517578125e-05,-3.0517578125e-05,-3.0517578125e-05,-3.0517578125e-05,-3.0517578125e-05,-3.0517578125e-05,P,4,2026-08-22_23-06-48,2026-08-23
1.0,1.0,0.718978102189781,0.0,0.20134228187919462,1.0,0.0,0.0,1.0,1.0,0.0,-3.0517578125e-05,-3.0517578125e-05,-3.0517578125e-05,-3.0517578125e-05,-3.0517578125e-05,-3.0517578125e-05,P,4,2026-08-22_23-06-48,2026-08-23
1.0,1.0,1.0,0.0,0.0,1.0,0.0,0.0,1.0,1.0,0.0,-3.0517578125e-05,-3.0517578125e-05,-3.0517578125e-05,-3.0517578125e-05,-3.0517578125e-05,-3.0517578125e-05,P,4,2026-08-22_23-06-48,2026-08-23
0.7363636363636363,0.6887755102040817,0.6386861313868614,0.0,1.0,1.0,0.0,0.0,1.0,1.0,0.0,-3.0517578125e-05,-3.0517578125e-05,-3.0517578125e-05,-3.0517578125e-05,-3.0517578125e-05,-3.0517578125e-05,P,4,2026-08-22_23-06-48,2026-08-23
0.8581818181818182,0.9625850340136054,1.0,0.0,1.0,1.0,0.0,0.0,1.0,1.0,0.0,-3.0517578125e-05,-3.0517578125e-05,-3.0517578125e-05,-3.0517578125e-05,-3.0517578125e-05,-3.0517578125e-05,P,4,2026-08-22_23-06-48,2026-08-23
0.9890909090909091,0.9064625850340136,1.0,0.0,0.1476510067114094,1.0,0.0,0.0,1.0,1.0,0.0,-3.0517578125e-05,-3.0517578125e-05,-3.0517578125e-05,-3.0517578125e-05,-3.0517578125e-05,-3.0517578125e-05,P,4,2026-08-22_23-06-48,2026-08-23
0.9981818181818182,1.0,0.5474452554744526,0.0,0.0,1.0,0.0,0.0,1.0,1.0,0.0,-3.0517578125e-05,-3.0517578125e-05,-3.0517578125e-05,-3.0517578125e-05,-3.0517578125e-05,-3.0517578125e-05,P,4,2026-08-22_23-06-48,2026-08-23
0.9381818181818182,0.9336734693877551,0.5875912408759124,0.0,0.5369127516778524,1.0,0.0,0.0,1.0,1.0,0.0,-3.0517578125e-05,-3.0517578125e-05,-3.0517578125e-05,-3.0517578125e-05,-3.0517578125e-05,-3.0517578125e-05,P,4,2026-08-22_23-06-48,2026-08-23
0.9272727272727272,0.9625850340136054,0.8321167883211679,0.0,0.8053691275167785,1.0,0.0,0.0,1.0,1.0,0.0,-3.0517578125e-05,-3.0517578125e-05,-3.0517578125e-05,-3.0517578125e-05,-3.0517578125e-05,-3.0517578125e-05,P,4,2026-08-22_23-06-48,2026-08-23
1.0,1.0,0.7591240875912408,0.0,0.1610738255033557,1.0,0.0,0.0,1.0,1.0,0.0,-3.0517578125e-05,-3.0517578125e-05,-3.0517578125e-05,-3.0517578125e-05,-3.0517578125e-05,-3.0517578125e-05,P,4,2026-08-22_23-06-48,2026-08-23
1.0,0.9710884353741497,0.7627737226277372,0.0,0.1476510067114094,1.0,0.0,0.0,1.0,1.0,0.0,-3.0517578125e-05,-3.0517578125e-05,-3.0517578125e-05,-3.0517578125e-05,-3.0517578125e-05,-3.0517578125e-05,P,4,2026-08-22_23-06-48,2026-08-23
0.9890909090909091,0.9659863945578231,0.718978102189781,0.0,0.1476510067114094,1.0,0.0,0.0,1.0,1.0,0.0,-3.0517578125e-05,-3.0517578125e-05,-3.0517578125e-05,-3.0517578125e-05,-3.0517578125e-05,-3.0517578125e-05,P,4,2026-08-22_23-06-48,2026-08-23
1.0,0.9982993197278912,0.7591240875912408,0.0,0.18791946308724833,1.0,0.0,0.0,1.0,1.0,0.0,-3.0517578125e-05,-3.0517578125e-05,-3.0517578125e-05,-3.0517578125e-05,-3.0517578125e-05,-3.0517578125e-05,P,4,2026-08-22_23-06-48,2026-08-23
1.0,0.9795918367346939,0.7043795620437956,0.0,0.21476510067114093,1.0,0.0,0.0,1.0,1.0,0.0,-3.0517578125e-05,-3.0517578125e-05,-3.0517578125e-05,-3.0517578125e-05,-3.0517578125e-05,-3.0517578125e-05,P,4,2026-08-22_23-06-48,2026-08-23
0.9981818181818182,1.0,0.8759124087591241,0.0,0.0,1.0,1.0,1.0,1.0,1.0,0.0,-3.0517578125e-05,-3.0517578125e-05,-3.0517578125e-05,-3.0517578125e-05,-3.0517578125e-05,-3.0517578125e-05,Q,0,2026-08-22_23-06-48,2026-08-23
0.9745454545454545,1.0,0.8941605839416058,0.0,0.174496644295302,1.0,1.0,1.0,1.0,1.0,0.0,-3.0517578125e-05,-3.0517578125e-05,-3.0517578125e-05,-3.0517578125e-05,-3.0517578125e-05,-3.0517578125e-05,Q,0,2026-08-22_23-06-48,2026-08-23
0.9309090909090909,1.0,0.9014598540145985,0.0,0.0,1.0,1.0,1.0,1.0,1.0,0.0,-3.0517578125e-05,-3.0517578125e-05,-3.0517578125e-05,-3.0517578125e-05,-3.0517578125e-05,-3.0517578125e-05,Q,0,2026-08-22_23-06-48,2026-08-23
1.0,1.0,1.0,0.0,0.0,1.0,1.0,1.0,1.0,1.0,0.0,-3.0517578125e-05,-3.0517578125e-05,-3.0517578125e-05,-3.0517578125e-05,-3.0517578125e-05,-3.0517578125e-05,Q,0,2026-08-22_23-06-48,2026-08-23
1.0,1.0,0.7664233576642335,0.0,0.0,1.0,1.0,1.0,1.0,1.0,0.0,-3.0517578125e-05,-3.0517578125e-05,-3.0517578125e-05,-3.0517578125e-05,-3.0517578125e-05,-3.0517578125e-05,Q,0,2026-08-22_23-06-48,2026-08-23
1.0,1.0,0.9817518248175182,0.0,0.3221476510067114,1.0,1.0,1.0,1.0,1.0,0.0,-3.0517578125e-05,-3.0517578125e-05,-3.0517578125e-05,-3.0517578125e-05,-3.0517578125e-05,-3.0517578125e-05,Q,0,2026-08-22_23-06-48,2026-08-23
1.0,0.9625850340136054,0.8175182481751825,0.0,0.1476510067114094,1.0,1.0,1.0,1.0,1.0,0.0,-3.0517578125e-05,-3.0517578125e-05,-3.0517578125e-05,-3.0517578125e-05,-3.0517578125e-05,-3.0517578125e-05,Q,0,2026-08-22_23-06-48,2026-08-23
1.0,1.0,0.7664233576642335,0.0,0.1610738255033557,1.0,1.0,1.0,1.0,1.0,0.0,-3.0517578125e-05,-3.0517578125e-05,-3.0517578125e-05,-3.0517578125e-05,-3.0517578125e-05,-3.0517578125e-05,Q,0,2026-08-22_23-06-48,2026-08-23
1.0,1.0,0.9744525547445255,0.0,0.0,1.0,1.0,1.0,1.0,1.0,0.0,-3.0517578125e-05,-3.0517578125e-05,-3.0517578125e-05,-3.0517578125e-05,-3.0517578125e-05,-3.0517578125e-05,Q,0,2026-08-22_23-06-48,2026-08-23
0.52,0.5595238095238095,0.06569343065693431,0.0,0.0,1.0,1.0,1.0,1.0,1.0,0.0,-3.0517578125e-05,-3.0517578125e-05,-3.0517578125e-05,-3.0517578125e-05,-3.0517578125e-05,-3.0517578125e-05,Q,0,2026-08-22_23-06-48,2026-08-23
0.5218181818181818,0.6904761904761905,0.0,0.0,0.0,1.0,1.0,1.0,1.0,1.0,0.0,-3.0517578125e-05,-3.0517578125e-05,-3.0517578125e-05,-3.0517578125e-05,-3.0517578125e-05,-3.0517578125e-05,Q,0,2026-08-22_23-06-48,2026-08-23
1.0,1.0,1.0,0.4423963133640553,1.0,1.0,1.0,1.0,1.0,1.0,0.0,-3.0517578125e-05,-3.0517578125e-05,-3.0517578125e-05,-3.0517578125e-05,-3.0517578125e-05,-3.0517578125e-05,Q,0,2026-08-22_23-06-48,2026-08-23
0.7036363636363636,0.7363945578231292,0.8759124087591241,0.0,0.0,1.0,1.0,1.0,1.0,1.0,0.0,-3.0517578125e-05,-3.0517578125e-05,-3.0517578125e-05,-3.0517578125e-05,-3.0517578125e-05,-3.0517578125e-05,Q,0,2026-08-22_23-06-48,2026-08-23
0.6945454545454546,0.8061224489795918,0.0,0.0,0.42953020134228187,1.0,1.0,1.0,1.0,1.0,0.0,-3.0517578125e-05,-3.0517578125e-05,-3.0517578125e-05,-3.0517578125e-05,-3.0517578125e-05,-3.0517578125e-05,Q,0,2026-08-22_23-06-48,2026-08-23
1.0,1.0,1.0,0.29493087557603687,1.0,1.0,1.0,1.0,1.0,1.0,0.0,-3.0517578125e-05,-3.0517578125e-05,-3.0517578125e-05,-3.0517578125e-05,-3.0517578125e-05,-3.0517578125e-05,Q,0,2026-08-22_23-06-48,2026-08-23
0.9309090909090909,0.79421768707483,1.0,0.0,0.0,1.0,1.0,1.0,1.0,1.0,0.0,-3.0517578125e-05,-3.0517578125e-05,-3.0517578125e-05,-3.0517578125e-05,-3.0517578125e-05,-3.0517578125e-05,Q,0,2026-08-22_23-06-48,2026-08-23
1.0,1.0,0.9233576642335767,0.17511520737327188,1.0,1.0,1.0,1.0,1.0,1.0,0.0,-3.0517578125e-05,-3.0517578125e-05,-3.0517578125e-05,-3.0517578125e-05,-3.0517578125e-05,-3.0517578125e-05,Q,0,2026-08-22_23-06-48,2026-08-23
1.0,1.0,1.0,0.0,0.0,1.0,1.0,1.0,1.0,1.0,0.0,-3.0517578125e-05,-3.0517578125e-05,-3.0517578125e-05,-3.0517578125e-05,-3.0517578125e-05,-3.0517578125e-05,Q,0,2026-08-22_23-06-48,2026-08-23
1.0,1.0,0.8868613138686131,0.14746543778801843,1.0,1.0,1.0,1.0,1.0,1.0,0.0,-3.0517578125e-05,-3.0517578125e-05,-3.0517578125e-05,-3.0517578125e-05,-3.0517578125e-05,-3.0517578125e-05,Q,0,2026-08-22_23-06-48,2026-08-23
1.0,1.0,1.0,0.06912442396313365,1.0,1.0,1.0,1.0,1.0,1.0,0.0,-3.0517578125e-05,-3.0517578125e-05,-3.0517578125e-05,-3.0517578125e-05,-3.0517578125e-05,-3.0517578125e-05,Q,0,2026-08-22_23-06-48,2026-08-23
1.0,1.0,1.0,0.06451612903225806,1.0,1.0,1.0,1.0,1.0,1.0,0.0,-3.0517578125e-05,-3.0517578125e-05,-3.0517578125e-05,-3.0517578125e-05,-3.0517578125e-05,-3.0517578125e-05,Q,0,2026-08-22_23-06-48,2026-08-23
0.94,0.9625850340136054,1.0,0.0,0.0,1.0,1.0,1.0,1.0,1.0,0.0,-3.0517578125e-05,-3.0517578125e-05,-3.0517578125e-05,-3.0517578125e-05,-3.0517578125e-05,-3.0517578125e-05,Q,0,2026-08-22_23-06-48,2026-08-23
0.8872727272727273,1.0,0.34306569343065696,0.0,0.09395973154362416,1.0,1.0,1.0,1.0,1.0,0.0,-3.0517578125e-05,-3.0517578125e-05,-3.0517578125e-05,-3.0517578125e-05,-3.0517578125e-05,-3.0517578125e-05,Q,0,2026-08-22_23-06-48,2026-08-23
0.9654545454545455,0.9404761904761905,0.9963503649635036,0.004608294930875576,0.0,1.0,1.0,1.0,1.0,1.0,0.0,-3.0517578125e-05,-3.0517578125e-05,-3.0517578125e-05,-3.0517578125e-05,-3.0517578125e-05,-3.0517578125e-05,Q,0,2026-08-22_23-06-48,2026-08-23
0.8072727272727273,1.0,0.8284671532846716,0.0,0.0,1.0,1.0,1.0,1.0,1.0,0.0,-3.0517578125e-05,-3.0517578125e-05,-3.0517578125e-05,-3.0517578125e-05,-3.0517578125e-05,-3.0517578125e-05,Q,0,2026-08-22_23-06-48,2026-08-23
1.0,1.0,0.8175182481751825,0.0,0.8053691275167785,1.0,1.0,1.0,1.0,1.0,0.0,-3.0517578125e-05,-3.0517578125e-05,-3.0517578125e-05,-3.0517578125e-05,-3.0517578125e-05,-3.0517578125e-05,Q,0,2026-08-22_23-06-48,2026-08-23
0.9418181818181818,1.0,1.0,0.0,0.8053691275167785,1.0,1.0,1.0,1.0,1.0,0.0,-3.0517578125e-05,-3.0517578125e-05,-3.0517578125e-05,-3.0517578125e-05,-3.0517578125e-05,-3.0517578125e-05,Q,0,2026-08-22_23-06-48,2026-08-23
0.9581818181818181,1.0,1.0,0.0,0.0,1.0,1.0,1.0,1.0,1.0,0.0,-3.0517578125e-05,-3.0517578125e-05,-3.0517578125e-05,-3.0517578125e-05,-3.0517578125e-05,-3.0517578125e-05,Q,0,2026-08-22_23-06-48,2026-08-23
0.98,1.0,1.0,0.0,0.0,1.0,1.0,1.0,1.0,1.0,0.0,-3.0517578125e-05,-3.0517578125e-05,-3.0517578125e-05,-3.0517578125e-05,-3.0517578125e-05,-3.0517578125e-05,Q,0,2026-08-22_23-06-48,2026-08-23
0.9872727272727273,0.9574829931972789,1.0,0.0,0.08053691275167785,1.0,1.0,1.0,1.0,1.0,0.0,-3.0517578125e-05,-3.0517578125e-05,-3.0517578125e-05,-3.0517578125e-05,-3.0517578125e-05,-3.0517578125e-05,Q,0,2026-08-22_23-06-48,2026-08-23
1.0,0.9897959183673469,1.0,0.0,0.2953020134228188,1.0,1.0,1.0,1.0,1.0,0.0,-3.0517578125e-05,-3.0517578125e-05,-3.0517578125e-05,-3.0517578125e-05,-3.0517578125e-05,-3.0517578125e-05,Q,0,2026-08-22_23-06-48,2026-08-23
1.0,0.9982993197278912,0.7481751824817519,0.0,0.1476510067114094,1.0,1.0,1.0,1.0,1.0,0.0,-3.0517578125e-05,-3.0517578125e-05,-3.0517578125e-05,-3.0517578125e-05,-3.0517578125e-05,-3.0517578125e-05,Q,0,2026-08-22_23-06-48,2026-08-23
1.0,1.0,0.8576642335766423,0.0,0.1476510067114094,1.0,1.0,1.0,1.0,1.0,0.0,-3.0517578125e-05,-3.0517578125e-05,-3.0517578125e-05,-3.0517578125e-05,-3.0517578125e-05,-3.0517578125e-05,Q,0,2026-08-22_23-06-48,2026-08-23
1.0,1.0,0.9744525547445255,0.0,0.1476510067114094,1.0,1.0,1.0,1.0,1.0,0.0,-3.0517578125e-05,-3.0517578125e-05,-3.0517578125e-05,-3.0517578125e-05,-3.0517578125e-05,-3.0517578125e-05,Q,0,2026-08-22_23-06-48,2026-08-23
1.0,0.9880952380952381,0.8759124087591241,0.0,0.1610738255033557,1.0,1.0,1.0,1.0,1.0,0.0,-3.0517578125e-05,-3.0517578125e-05,-3.0517578125e-05,-3.0517578125e-05,-3.0517578125e-05,-3.0517578125e-05,Q,0,2026-08-22_23-06-48,2026-08-23
0.9981818181818182,1.0,0.8284671532846716,0.0,0.0,1.0,1.0,1.0,1.0,1.0,0.0,-3.0517578125e-05,-3.0517578125e-05,-3.0517578125e-05,-3.0517578125e-05,-3.0517578125e-05,-3.0517578125e-05,Q,0,2026-08-22_23-06-48,2026-08-23
1.0,1.0,0.8503649635036497,0.0,0.2684563758389262,1.0,1.0,1.0,1.0,1.0,0.0,-3.0517578125e-05,-3.0517578125e-05,-3.0517578125e-05,-3.0517578125e-05,-3.0517578125e-05,-3.0517578125e-05,Q,0,2026-08-22_23-06-48,2026-08-23
1.0,1.0,0.9416058394160584,0.0,0.12080536912751678,1.0,1.0,1.0,1.0,1.0,0.0,-3.0517578125e-05,-3.0517578125e-05,-3.0517578125e-05,-3.0517578125e-05,-3.0517578125e-05,-3.0517578125e-05,Q,0,2026-08-22_23-06-48,2026-08-23
1.0,1.0,0.7627737226277372,0.0,0.348993288590604,1.0,1.0,1.0,1.0,1.0,0.0,-3.0517578125e-05,-3.0517578125e-05,-3.0517578125e-05,-3.0517578125e-05,-3.0517578125e-05,-3.0517578125e-05,Q,0,2026-08-22_23-06-48,2026-08-23
1.0,1.0,1.0,0.0,0.2953020134228188,1.0,1.0,1.0,1.0,1.0,0.0,-3.0517578125e-05,-3.0517578125e-05,-3.0517578125e-05,-3.0517578125e-05,-3.0517578125e-05,-3.0517578125e-05,Q,0,2026-08-22_23-06-48,2026-08-23
1.0,0.9455782312925171,1.0,0.29493087557603687,0.0,1.0,1.0,1.0,1.0,1.0,0.0,-3.0517578125e-05,-3.0517578125e-05,-3.0517578125e-05,-3.0517578125e-05,-3.0517578125e-05,-3.0517578125e-05,Q,1,2026-08-22_23-06-48,2026-08-23
1.0,1.0,1.0,0.0,0.0,1.0,1.0,1.0,1.0,1.0,0.0,-3.0517578125e-05,-3.0517578125e-05,-3.0517578125e-05,-3.0517578125e-05,-3.0517578125e-05,-3.0517578125e-05,Q,1,2026-08-22_23-06-48,2026-08-23
1.0,1.0,1.0,0.0,0.9395973154362416,1.0,1.0,1.0,1.0,1.0,1.0,-3.0517578125e-05,-3.0517578125e-05,-3.0517578125e-05,-3.0517578125e-05,-3.0517578125e-05,-3.0517578125e-05,Q,1,2026-08-22_23-06-48,2026-08-23
1.0,1.0,1.0,0.0,0.0,1.0,1.0,1.0,1.0,1.0,1.0,-3.0517578125e-05,-3.0517578125e-05,-3.0517578125e-05,-3.0517578125e-05,-3.0517578125e-05,-3.0517578125e-05,Q,1,2026-08-22_23-06-48,2026-08-23
1.0,1.0,0.6423357664233577,0.0,0.8053691275167785,1.0,1.0,1.0,1.0,1.0,1.0,-3.0517578125e-05,-3.0517578125e-05,-3.0517578125e-05,-3.0517578125e-05,-3.0517578125e-05,-3.0517578125e-05,Q,1,2026-08-22_23-06-48,2026-08-23
1.0,1.0,1.0,0.0,0.1342281879194631,1.0,1.0,1.0,1.0,1.0,1.0,-3.0517578125e-05,-3.0517578125e-05,-3.0517578125e-05,-3.0517578125e-05,-3.0517578125e-05,-3.0517578125e-05,Q,1,2026-08-22_23-06-48,2026-08-23
1.0,0.9982993197278912,0.9087591240875912,0.0,0.8053691275167785,1.0,1.0,1.0,1.0,1.0,1.0,-3.0517578125e-05,-3.0517578125e-05,-3.0517578125e-05,-3.0517578125e-05,-3.0517578125e-05,-3.0517578125e-05,Q,1,2026-08-22_23-06-48,2026-08-23
1.0,1.0,0.7481751824817519,0.0,0.1610738255033557,1.0,1.0,1.0,1.0,1.0,1.0,-3.0517578125e-05,-3.0517578125e-05,-3.0517578125e-05,-3.0517578125e-05,-3.0517578125e-05,-3.0517578125e-05,Q,1,2026-08-22_23-06-48,2026-08-23
0.9945454545454545,1.0,1.0,0.0,0.2684563758389262,1.0,1.0,1.0,1.0,1.0,0.0,-3.0517578125e-05,-3.0517578125e-05,-3.0517578125e-05,-3.0517578125e-05,-3.0517578125e-05,-3.0517578125e-05,Q,1,2026-08-22_23-06-48,2026-08-23
1.0,1.0,0.8175182481751825,0.0,0.013422818791946308,1.0,1.0,1.0,1.0,1.0,1.0,-3.0517578125e-05,-3.0517578125e-05,-3.0517578125e-05,-3.0517578125e-05,-3.0517578125e-05,-3.0517578125e-05,Q,1,2026-08-22_23-06-48,2026-08-23
0.9145454545454546,1.0,1.0,0.0,0.1476510067114094,1.0,1.0,1.0,1.0,1.0,1.0,-3.0517578125e-05,-3.0517578125e-05,-3.0517578125e-05,-3.0517578125e-05,-3.0517578125e-05,-3.0517578125e-05,Q,1,2026-08-22_23-06-48,2026-08-23
0.9272727272727272,1.0,0.7408759124087592,0.0,0.1610738255033557,1.0,1.0,1.0,1.0,1.0,0.0,-3.0517578125e-05,-3.0517578125e-05,-3.0517578125e-05,-3.0517578125e-05,-3.0517578125e-05,-3.0517578125e-05,Q,1,2026-08-22_23-06-48,2026-08-23
1.0,0.9659863945578231,1.0,0.0,0.8053691275167785,1.0,1.0,1.0,1.0,1.0,0.0,-3.0517578125e-05,-3.0517578125e-05,-3.0517578125e-05,-3.0517578125e-05,-3.0517578125e-05,-3.0517578125e-05,Q,1,2026-08-22_23-06-48,2026-08-23
0.990909090909091,0.935374149659864,1.0,0.05069124423963134,0.8053691275167785,1.0,1.0,1.0,1.0,1.0,0.0,-3.0517578125e-05,-3.0517578125e-05,-3.0517578125e-05,-3.0517578125e-05,-3.0517578125e-05,-3.0517578125e-05,Q,1,2026-08-22_23-06-48,2026-08-23
1.0,0.9319727891156463,1.0,0.0,0.0,1.0,1.0,1.0,1.0,1.0,0.0,-3.0517578125e-05,-3.0517578125e-05,-3.0517578125e-05,-3.0517578125e-05,-3.0517578125e-05,-3.0517578125e-05,Q,1,2026-08-22_23-06-48,2026-08-23
1.0,1.0,1.0,0.0,0.9261744966442953,1.0,1.0,1.0,1.0,1.0,0.0,-3.0517578125e-05,-3.0517578125e-05,-3.0517578125e-05,-3.0517578125e-05,-3.0517578125e-05,-3.0517578125e-05,Q,1,2026-08-22_23-06-48,2026-08-23
1.0,1.0,0.8941605839416058,0.0,0.1476510067114094,1.0,1.0,1.0,1.0,1.0,0.0,-3.0517578125e-05,-3.0517578125e-05,-3.0517578125e-05,-3.0517578125e-05,-3.0517578125e-05,-3.0517578125e-05,Q,1,2026-08-22_23-06-48,2026-08-23
0.86,1.0,1.0,0.0,0.1342281879194631,1.0,1.0,1.0,1.0,1.0,0.0,-3.0517578125e-05,-3.0517578125e-05,-3.0517578125e-05,-3.0517578125e-05,-3.0517578125e-05,-3.0517578125e-05,Q,1,2026-08-22_23-06-48,2026-08-23
1.0,1.0,0.9890510948905109,0.0,0.37583892617449666,1.0,1.0,1.0,1.0,1.0,1.0,-3.0517578125e-05,-3.0517578125e-05,-3.0517578125e-05,-3.0517578125e-05,-3.0517578125e-05,-3.0517578125e-05,Q,1,2026-08-22_23-06-48,2026-08-23
0.9981818181818182,1.0,1.0,0.0,0.42953020134228187,1.0,1.0,1.0,1.0,1.0,1.0,-3.0517578125e-05,-3.0517578125e-05,-3.0517578125e-05,-3.0517578125e-05,-3.0517578125e-05,-3.0517578125e-05,Q,1,2026-08-22_23-06-48,2026-08-23
1.0,1.0,0.6496350364963503,0.0,0.1342281879194631,1.0,1.0,1.0,1.0,1.0,1.0,-3.0517578125e-05,-3.0517578125e-05,-3.0517578125e-05,-3.0517578125e-05,-3.0517578125e-05,-3.0517578125e-05,Q,1,2026-08-22_23-06-48,2026-08-23
1.0,0.9319727891156463,1.0,0.0,0.053691275167785234,1.0,1.0,1.0,1.0,1.0,1.0,-3.0517578125e-05,-3.0517578125e-05,-3.0517578125e-05,-3.0517578125e-05,-3.0517578125e-05,-3.0517578125e-05,Q,1,2026-08-22_23-06-48,2026-08-23
1.0,1.0,0.927007299270073,0.0,0.28187919463087246,1.0,1.0,1.0,1.0,1.0,0.0,-3.0517578125e-05,-3.0517578125e-05,-3.0517578125e-05,-3.0517578125e-05,-3.0517578125e-05,-3.0517578125e-05,Q,1,2026-08-22_23-06-48,2026-08-23
1.0,1.0,0.6131386861313869,0.0,0.013422818791946308,1.0,1.0,1.0,1.0,1.0,1.0,-3.0517578125e-05,-3.0517578125e-05,-3.0517578125e-05,-3.0517578125e-05,-3.0517578125e-05,-3.0517578125e-05,Q,1,2026-08-22_23-06-48,2026-08-23
0.9963636363636363,1.0,1.0,0.04608294930875576,0.1476510067114094,1.0,1.0,1.0,1.0,1.0,1.0,-3.0517578125e-05,-3.0517578125e-05,-3.0517578125e-05,-3.0517578125e-05,-3.0517578125e-05,-3.0517578125e-05,Q,1,2026-08-22_23-06-48,2026-08-23
1.0,1.0,0.7554744525547445,0.0,0.4697986577181208,1.0,1.0,1.0,1.0,1.0,0.0,-3.0517578125e-05,-3.0517578125e-05,-3.0517578125e-05,-3.0517578125e-05,-3.0517578125e-05,-3.0517578125e-05,Q,1,2026-08-22_23-06-48,2026-08-23
1.0,1.0,1.0,0.0,0.0,1.0,1.0,1.0,1.0,1.0,0.0,-3.0517578125e-05,-3.0517578125e-05,-3.0517578125e-05,-3.0517578125e-05,-3.0517578125e-05,-3.0517578125e-05,Q,1,2026-08-22_23-06-48,2026-08-23
0.9109090909090909,1.0,1.0,0.0,0.0,1.0,1.0,1.0,1.0,1.0,0.0,-3.0517578125e-05,-3.0517578125e-05,-3.0517578125e-05,-3.0517578125e-05,-3.0517578125e-05,-3.0517578125e-05,Q,1,2026-08-22_23-06-48,2026-08-23
1.0,1.0,1.0,0.0,0.0,1.0,1.0,1.0,1.0,1.0,0.0,-3.0517578125e-05,-3.0517578125e-05,-3.0517578125e-05,-3.0517578125e-05,-3.0517578125e-05,-3.0517578125e-05,Q,1,2026-08-22_23-06-48,2026-08-23
1.0,1.0,0.9817518248175182,0.0,0.4563758389261745,1.0,1.0,1.0,1.0,1.0,0.0,-3.0517578125e-05,-3.0517578125e-05,-3.0517578125e-05,-3.0517578125e-05,-3.0517578125e-05,-3.0517578125e-05,Q,1,2026-08-22_23-06-48,2026-08-23
0.7363636363636363,1.0,1.0,0.0,0.053691275167785234,1.0,1.0,1.0,1.0,1.0,1.0,-3.0517578125e-05,-3.0517578125e-05,-3.0517578125e-05,-3.0517578125e-05,-3.0517578125e-05,-3.0517578125e-05,Q,1,2026-08-22_23-06-48,2026-08-23
1.0,1.0,1.0,0.14746543778801843,0.0,1.0,1.0,1.0,1.0,1.0,0.0,-3.0517578125e-05,-3.0517578125e-05,-3.0517578125e-05,-3.0517578125e-05,-3.0517578125e-05,-3.0517578125e-05,Q,1,2026-08-22_23-06-48,2026-08-23
1.0,1.0,1.0,0.4838709677419355,1.0,1.0,1.0,1.0,1.0,1.0,0.0,-3.0517578125e-05,-3.0517578125e-05,-3.0517578125e-05,-3.0517578125e-05,-3.0517578125e-05,-3.0517578125e-05,Q,1,2026-08-22_23-06-48,2026-08-23
1.0,1.0,1.0,0.6129032258064516,1.0,1.0,1.0,1.0,1.0,1.0,0.0,-3.0517578125e-05,-3.0517578125e-05,-3.0517578125e-05,-3.0517578125e-05,-3.0517578125e-05,-3.0517578125e-05,Q,1,2026-08-22_23-06-48,2026-08-23
1.0,1.0,1.0,0.22580645161290322,0.053691275167785234,1.0,1.0,1.0,1.0,1.0,0.0,-3.0517578125e-05,-3.0517578125e-05,-3.0517578125e-05,-3.0517578125e-05,-3.0517578125e-05,-3.0517578125e-05,Q,1,2026-08-22_23-06-48,2026-08-23
1.0,1.0,1.0,0.29493087557603687,0.0,1.0,1.0,1.0,1.0,1.0,0.0,-3.0517578125e-05,-3.0517578125e-05,-3.0517578125e-05,-3.0517578125e-05,-3.0517578125e-05,-3.0517578125e-05,Q,1,2026-08-22_23-06-48,2026-08-23
0.9490909090909091,1.0,0.3978102189781022,0.07834101382488479,0.8590604026845637,1.0,1.0,1.0,1.0,1.0,0.0,-3.0517578125e-05,-3.0517578125e-05,-3.0517578125e-05,-3.0517578125e-05,-3.0517578125e-05,-3.0517578125e-05,Q,1,2026-08-22_23-06-48,2026-08-23
0.8981818181818182,0.9608843537414966,0.24452554744525548,0.0,0.9664429530201343,1.0,1.0,1.0,1.0,1.0,0.0,-3.0517578125e-05,-3.0517578125e-05,-3.0517578125e-05,-3.0517578125e-05,-3.0517578125e-05,-3.0517578125e-05,Q,1,2026-08-22_23-06-48,2026-08-23
0.8181818181818182,0.8809523809523809,0.1678832116788321,0.0,0.28187919463087246,1.0,1.0,1.0,1.0,1.0,0.0,-3.0517578125e-05,-3.0517578125e-05,-3.0517578125e-05,-3.0517578125e-05,-3.0517578125e-05,-3.0517578125e-05,Q,1,2026-08-22_23-06-48,2026-08-23
1.0,1.0,1.0,0.4423963133640553,1.0,1.0,1.0,1.0,1.0,1.0,1.0,-3.0517578125e-05,-3.0517578125e-05,-3.0517578125e-05,-3.0517578125e-05,-3.0517578125e-05,-3.0517578125e-05,Q,1,2026-08-22_23-06-48,2026-08-23
0.9072727272727272,0.9591836734693877,1.0,0.0,0.2953020134228188,1.0,1.0,1.0,1.0,1.0,0.0,-3.0517578125e-05,-3.0517578125e-05,-3.0517578125e-05,-3.0517578125e-05,-3.0517578125e-05,-3.0517578125e-05,Q,2,2026-08-22_23-06-48,2026-08-23
0.8327272727272728,1.0,1.0,0.0,0.040268456375838924,1.0,1.0,1.0,1.0,1.0,0.0,-3.0517578125e-05,-3.0517578125e-05,-3.0517578125e-05,-3.0517578125e-05,-3.0517578125e-05,-3.0517578125e-05,Q,2,2026-08-22_23-06-48,2026-08-23
0.8690909090909091,1.0,1.0,0.0,0.0,1.0,1.0,1.0,1.0,1.0,0.0,-3.0517578125e-05,-3.0517578125e-05,-3.0517578125e-05,-3.0517578125e-05,-3.0517578125e-05,-3.0517578125e-05,Q,2,2026-08-22_23-06-48,2026-08-23
0.9709090909090909,0.9302721088435374,0.7335766423357665,0.0,0.0,1.0,1.0,1.0,1.0,1.0,0.0,-3.0517578125e-05,-3.0517578125e-05,-3.0517578125e-05,-3.0517578125e-05,-3.0517578125e-05,-3.0517578125e-05,Q,2,2026-08-22_23-06-48,2026-08-23
0.9927272727272727,1.0,1.0,0.0,0.2953020134228188,1.0,1.0,1.0,1.0,1.0,0.0,-3.0517578125e-05,-3.0517578125e-05,-3.0517578125e-05,-3.0517578125e-05,-3.0517578125e-05,-3.0517578125e-05,Q,2,2026-08-22_23-06-48,2026-08-23
0.9981818181818182,1.0,1.0,0.0,0.0,1.0,1.0,1.0,1.0,1.0,0.0,-3.0517578125e-05,-3.0517578125e-05,-3.0517578125e-05,-3.0517578125e-05,-3.0517578125e-05,-3.0517578125e-05,Q,2,2026-08-22_23-06-48,2026-08-23
0.8872727272727273,1.0,0.6605839416058394,0.0,0.1476510067114094,1.0,1.0,1.0,1.0,1.0,0.0,-3.0517578125e-05,-3.0517578125e-05,-3.0517578125e-05,-3.0517578125e-05,-3.0517578125e-05,-3.0517578125e-05,Q,2,2026-08-22_23-06-48,2026-08-23
1.0,1.0,0.9233576642335767,0.0,0.21476510067114093,1.0,1.0,1.0,1.0,1.0,0.0,-3.0517578125e-05,-3.0517578125e-05,-3.0517578125e-05,-3.0517578125e-05,-3.0517578125e-05,-3.0517578125e-05,Q,2,2026-08-22_23-06-48,2026-08-23
0.9363636363636364,1.0,0.7372262773722628,0.0,0.0,1.0,1.0,1.0,1.0,1.0,0.0,-3.0517578125e-05,-3.0517578125e-05,-3.0517578125e-05,-3.0517578125e-05,-3.0517578125e-05,-3.0517578125e-05,Q,2,2026-08-22_23-06-48,2026-08-23
0.9527272727272728,0.967687074829932,1.0,0.0,0.1342281879194631,1.0,1.0,1.0,1.0,1.0,0.0,-3.0517578125e-05,-3.0517578125e-05,-3.0517578125e-05,-3.0517578125e-05,-3.0517578125e-05,-3.0517578125e-05,Q,2,2026-08-22_23-06-48,2026-08-23
1.0,0.9421768707482994,0.7299270072992701,0.0,0.1476510067114094,1.0,1.0,1.0,1.0,1.0,0.0,-3.0517578125e-05,-3.0517578125e-05,-3.0517578125e-05,-3.0517578125e-05,-3.0517578125e-05,-3.0517578125e-05,Q,2,2026-08-22_23-06-48,2026-08-23
0.9345454545454546,1.0,1.0,0.0,0.174496644295302,1.0,1.0,1.0,1.0,1.0,0.0,-3.0517578125e-05,-3.0517578125e-05,-3.0517578125e-05,-3.0517578125e-05,-3.0517578125e-05,-3.0517578125e-05,Q,2,2026-08-22_23-06-48,2026-08-23
0.8290909090909091,1.0,1.0,0.0,0.0,1.0,1.0,1.0,1.0,1.0,0.0,-3.0517578125e-05,-3.0517578125e-05,-3.0517578125e-05,-3.0517578125e-05,-3.0517578125e-05,-3.0517578125e-05,Q,2,2026-08-22_23-06-48,2026-08-23
0.94,1.0,0.9817518248175182,0.0,0.1476510067114094,1.0,1.0,1.0,1.0,1.0,0.0,-3.0517578125e-05,-3.0517578125e-05,-3.0517578125e-05,-3.0517578125e-05,-3.0517578125e-05,-3.0517578125e-05,Q,2,2026-08-22_23-06-48,2026-08-23
0.9163636363636364,1.0,1.0,0.0,0.08053691275167785,1.0,1.0,1.0,1.0,1.0,0.0,-3.0517578125e-05,-3.0517578125e-05,-3.0517578125e-05,-3.0517578125e-05,-3.0517578125e-05,-3.0517578125e-05,Q,2,2026-08-22_23-06-48,2026-08-23
0.8818181818181818,1.0,0.9890510948905109,0.0,0.37583892617449666,1.0,1.0,1.0,1.0,1.0,0.0,-3.0517578125e-05,-3.0517578125e-05,-3.0517578125e-05,-3.0517578125e-05,-3.0517578125e-05,-3.0517578125e-05,Q,2,2026-08-22_23-06-48,2026-08-23
1.0,0.9523809523809523,0.864963503649635,0.0,0.8053691275167785,1.0,1.0,1.0,1.0,1.0,0.0,-3.0517578125e-05,-3.0517578125e-05,-3.0517578125e-05,-3.0517578125e-05,-3.0517578125e-05,-3.0517578125e-05,Q,2,2026-08-22_23-06-48,2026-08-23
0.9690909090909091,1.0,0.7445255474452555,0.0,0.08053691275167785,1.0,1.0,1.0,1.0,1.0,0.0,-3.0517578125e-05,-3.0517578125e-05,-3.0517578125e-05,-3.0517578125e-05,-3.0517578125e-05,-3.0517578125e-05,Q,2,2026-08-22_23-06-48,2026-08-23
0.9563636363636364,0.9846938775510204,0.9343065693430657,0.0,0.8053691275167785,1.0,1.0,1.0,1.0,1.0,0.0,-3.0517578125e-05,-3.0517578125e-05,-3.0517578125e-05,-3.0517578125e-05,-3.0517578125e-05,-3.0517578125e-05,Q,2,2026-08-22_23-06-48,2026-08-23
0.9981818181818182,1.0,0.9927007299270073,0.0,0.06711409395973154,1.0,1.0,1.0,1.0,1.0,0.0,-3.0517578125e-05,-3.0517578125e-05,-3.0517578125e-05,-3.0517578125e-05,-3.0517578125e-05,-3.0517578125e-05,Q,2,2026-08-22_23-06-48,2026-08-23
0.8,1.0,0.7445255474452555,0.0,0.026845637583892617,1.0,1.0,1.0,1.0,1.0,0.0,-3.0517578125e-05,-3.0517578125e-05,-3.0517578125e-05,-3.0517578125e-05,-3.0517578125e-05,-3.0517578125e-05,Q,2,2026-08-22_23-06-48,2026-08-23
0.8981818181818182,1.0,1.0,0.0,0.08053691275167785,1.0,1.0,1.0,1.0,1.0,0.0,-3.0517578125e-05,-3.0517578125e-05,-3.0517578125e-05,-3.0517578125e-05,-3.0517578125e-05,-3.0517578125e-05,Q,2,2026-08-22_23-06-48,2026-08-23
0.8563636363636363,1.0,0.7591240875912408,0.0,0.0,1.0,1.0,1.0,1.0,1.0,0.0,-3.0517578125e-05,-3.0517578125e-05,-3.0517578125e-05,-3.0517578125e-05,-3.0517578125e-05,-3.0517578125e-05,Q,2,2026-08-22_23-06-48,2026-08-23
1.0,0.9404761904761905,1.0,0.0,0.0,1.0,1.0,1.0,1.0,1.0,0.0,-3.0517578125e-05,-3.0517578125e-05,-3.0517578125e-05,-3.0517578125e-05,-3.0517578125e-05,-3.0517578125e-05,Q,2,2026-08-22_23-06-48,2026-08-23
0.8127272727272727,1.0,0.9671532846715328,0.0,0.2953020134228188,1.0,1.0,1.0,1.0,1.0,0.0,-3.0517578125e-05,-3.0517578125e-05,-3.0517578125e-05,-3.0517578125e-05,-3.0517578125e-05,-3.0517578125e-05,Q,2,2026-08-22_23-06-48,2026-08-23
0.96,0.9846938775510204,0.6934306569343066,0.0,0.1610738255033557,1.0,1.0,1.0,1.0,1.0,0.0,-3.0517578125e-05,-3.0517578125e-05,-3.0517578125e-05,-3.0517578125e-05,-3.0517578125e-05,-3.0517578125e-05,Q,2,2026-08-22_23-06-48,2026-08-23
1.0,0.9880952380952381,1.0,0.0,0.0,1.0,1.0,1.0,1.0,1.0,0.0,-3.0517578125e-05,-3.0517578125e-05,-3.0517578125e-05,-3.0517578125e-05,-3.0517578125e-05,-3.0517578125e-05,Q,2,2026-08-22_23-06-48,2026-08-23
1.0,1.0,0.7518248175182481,0.0,0.8053691275167785,1.0,1.0,1.0,1.0,1.0,0.0,-3.0517578125e-05,-3.0517578125e-05,-3.0517578125e-05,-3.0517578125e-05,-3.0517578125e-05,-3.0517578125e-05,Q,2,2026-08-22_23-06-48,2026-08-23
0.9181818181818182,1.0,1.0,0.0,0.0,1.0,1.0,1.0,1.0,1.0,0.0,-3.0517578125e-05,-3.0517578125e-05,-3.0517578125e-05,-3.0517578125e-05,-3.0517578125e-05,-3.0517578125e-05,Q,2,2026-08-22_23-06-48,2026-08-23
0.7836363636363637,1.0,0.8102189781021898,0.0,0.0,1.0,1.0,1.0,1.0,1.0,0.0,-3.0517578125e-05,-3.0517578125e-05,-3.0517578125e-05,-3.0517578125e-05,-3.0517578125e-05,-3.0517578125e-05,Q,2,2026-08-22_23-06-48,2026-08-23
0.9927272727272727,0.9982993197278912,1.0,0.0,0.0,1.0,1.0,1.0,1.0,1.0,0.0,-3.0517578125e-05,-3.0517578125e-05,-3.0517578125e-05,-3.0517578125e-05,-3.0517578125e-05,-3.0517578125e-05,Q,2,2026-08-22_23-06-48,2026-08-23
0.9163636363636364,0.9931972789115646,1.0,0.0,0.0,1.0,1.0,1.0,1.0,1.0,0.0,-3.0517578125e-05,-3.0517578125e-05,-3.0517578125e-05,-3.0517578125e-05,-3.0517578125e-05,-3.0517578125e-05,Q,2,2026-08-22_23-06-48,2026-08-23
0.9109090909090909,1.0,1.0,0.0,0.174496644295302,1.0,1.0,1.0,1.0,1.0,0.0,-3.0517578125e-05,-3.0517578125e-05,-3.0517578125e-05,-3.0517578125e-05,-3.0517578125e-05,-3.0517578125e-05,Q,2,2026-08-22_23-06-48,2026-08-23
1.0,1.0,0.7591240875912408,0.0,0.053691275167785234,1.0,1.0,1.0,1.0,1.0,0.0,-3.0517578125e-05,-3.0517578125e-05,-3.0517578125e-05,-3.0517578125e-05,-3.0517578125e-05,-3.0517578125e-05,Q,2,2026-08-22_23-06-48,2026-08-23
1.0,0.9897959183673469,0.9525547445255474,0.0,0.0,1.0,1.0,1.0,1.0,1.0,0.0,-3.0517578125e-05,-3.0517578125e-05,-3.0517578125e-05,-3.0517578125e-05,-3.0517578125e-05,-3.0517578125e-05,Q,2,2026-08-22_23-06-48,2026-08-23
1.0,0.9115646258503401,1.0,0.0,0.1610738255033557,1.0,1.0,1.0,1.0,1.0,0.0,-3.0517578125e-05,-3.0517578125e-05,-3.0517578125e-05,-3.0517578125e-05,-3.0517578125e-05,-3.0517578125e-05,Q,2,2026-08-22_23-06-48,2026-08-23
0.8,1.0,0.9379562043795621,0.0,0.0,1.0,1.0,1.0,1.0,1.0,0.0,-3.0517578125e-05,-3.0517578125e-05,-3.0517578125e-05,-3.0517578125e-05,-3.0517578125e-05,-3.0517578125e-05,Q,2,2026-08-22_23-06-48,2026-08-23
1.0,0.95578231292517,1.0,0.0,0.8053691275167785,1.0,1.0,1.0,1.0,1.0,0.0,-3.0517578125e-05,-3.0517578125e-05,-3.0517578125e-05,-3.0517578125e-05,-3.0517578125e-05,-3.0517578125e-05,Q,2,2026-08-22_23-06-48,2026-08-23
0.94,0.9336734693877551,1.0,0.0,0.0,1.0,1.0,1.0,1.0,1.0,0.0,-3.0517578125e-05,-3.0517578125e-05,-3.0517578125e-05,-3.0517578125e-05,-3.0517578125e-05,-3.0517578125e-05,Q,2,2026-08-22_23-06-48,2026-08-23
0.7563636363636363,1.0,0.7627737226277372,0.02304147465437788,0.4429530201342282,1.0,1.0,1.0,1.0,1.0,0.0,-3.0517578125e-05,-3.0517578125e-05,-3.0517578125e-05,-3.0517578125e-05,-3.0517578125e-05,-3.0517578125e-05,Q,2,2026-08-22_23-06-48,2026-08-23
1.0,0.9778911564625851,1.0,0.0,0.0,1.0,1.0,1.0,1.0,1.0,0.0,-3.0517578125e-05,-3.0517578125e-05,-3.0517578125e-05,-3.0517578125e-05,-3.0517578125e-05,-3.0517578125e-05,Q,3,2026-08-22_23-06-48,2026-08-23
1.0,1.0,1.0,0.0,0.4966442953020134,1.0,1.0,1.0,1.0,1.0,0.0,-3.0517578125e-05,-3.0517578125e-05,-3.0517578125e-05,-3.0517578125e-05,-3.0517578125e-05,-3.0517578125e-05,Q,3,2026-08-22_23-06-48,2026-08-23
0.94,1.0,1.0,0.0,0.22818791946308725,1.0,1.0,1.0,1.0,1.0,0.0,-3.0517578125e-05,-3.0517578125e-05,-3.0517578125e-05,-3.0517578125e-05,-3.0517578125e-05,-3.0517578125e-05,Q,3,2026-08-22_23-06-48,2026-08-23
1.0,1.0,0.9854014598540146,0.0,0.912751677852349,1.0,1.0,1.0,1.0,1.0,0.0,-3.0517578125e-05,-3.0517578125e-05,-3.0517578125e-05,-3.0517578125e-05,-3.0517578125e-05,-3.0517578125e-05,Q,3,2026-08-22_23-06-48,2026-08-23
0.9109090909090909,1.0,1.0,0.0,0.0,1.0,1.0,1.0,1.0,1.0,0.0,-3.0517578125e-05,-3.0517578125e-05,-3.0517578125e-05,-3.0517578125e-05,-3.0517578125e-05,-3.0517578125e-05,Q,3,2026-08-22_23-06-48,2026-08-23
1.0,1.0,1.0,0.0,0.0,1.0,1.0,1.0,1.0,1.0,0.0,-3.0517578125e-05,-3.0517578125e-05,-3.0517578125e-05,-3.0517578125e-05,-3.0517578125e-05,-3.0517578125e-05,Q,3,2026-08-22_23-06-48,2026-08-23
1.0,0.9761904761904762,0.7153284671532847,0.0,0.9664429530201343,1.0,1.0,1.0,1.0,1.0,0.0,-3.0517578125e-05,-3.0517578125e-05,-3.0517578125e-05,-3.0517578125e-05,-3.0517578125e-05,-3.0517578125e-05,Q,3,2026-08-22_23-06-48,2026-08-23
1.0,0.8809523809523809,0.9781021897810219,0.0,0.8322147651006712,1.0,1.0,1.0,1.0,1.0,0.0,-3.0517578125e-05,-3.0517578125e-05,-3.0517578125e-05,-3.0517578125e-05,-3.0517578125e-05,-3.0517578125e-05,Q,3,2026-08-22_23-06-48,2026-08-23
1.0,1.0,0.6386861313868614,0.0,0.8053691275167785,1.0,1.0,1.0,1.0,1.0,0.0,-3.0517578125e-05,-3.0517578125e-05,-3.0517578125e-05,-3.0517578125e-05,-3.0517578125e-05,-3.0517578125e-05,Q,3,2026-08-22_23-06-48,2026-08-23
0.9563636363636364,1.0,1.0,0.0,1.0,1.0,1.0,1.0,1.0,1.0,0.0,-3.0517578125e-05,-3.0517578125e-05,-3.0517578125e-05,-3.0517578125e-05,-3.0517578125e-05,-3.0517578125e-05,Q,3,2026-08-22_23-06-48,2026-08-23
1.0,0.9438775510204082,1.0,0.0,1.0,1.0,1.0,1.0,1.0,1.0,0.0,-3.0517578125e-05,-3.0517578125e-05,-3.0517578125e-05,-3.0517578125e-05,-3.0517578125e-05,-3.0517578125e-05,Q,3,2026-08-22_23-06-48,2026-08-23
0.9672727272727273,1.0,1.0,0.0,0.09395973154362416,1.0,1.0,1.0,1.0,1.0,0.0,-3.0517578125e-05,-3.0517578125e-05,-3.0517578125e-05,-3.0517578125e-05,-3.0517578125e-05,-3.0517578125e-05,Q,3,2026-08-22_23-06-48,2026-08-23
0.9072727272727272,0.9795918367346939,1.0,0.0,1.0,1.0,1.0,1.0,1.0,1.0,0.0,-3.0517578125e-05,-3.0517578125e-05,-3.0517578125e-05,-3.0517578125e-05,-3.0517578125e-05,-3.0517578125e-05,Q,3,2026-08-22_23-06-48,2026-08-23
1.0,0.9659863945578231,1.0,0.0,0.38926174496644295,1.0,1.0,1.0,1.0,1.0,0.0,-3.0517578125e-05,-3.0517578125e-05,-3.0517578125e-05,-3.0517578125e-05,-3.0517578125e-05,-3.0517578125e-05,Q,3,2026-08-22_23-06-48,2026-08-23
1.0,1.0,0.9927007299270073,0.0,0.8053691275167785,1.0,1.0,1.0,1.0,1.0,0.0,-3.0517578125e-05,-3.0517578125e-05,-3.0517578125e-05,-3.0517578125e-05,-3.0517578125e-05,-3.0517578125e-05,Q,3,2026-08-22_23-06-48,2026-08-23
0.9345454545454546,1.0,0.8941605839416058,0.0,0.37583892617449666,1.0,1.0,1.0,1.0,1.0,0.0,-3.0517578125e-05,-3.0517578125e-05,-3.0517578125e-05,-3.0517578125e-05,-3.0517578125e-05,-3.0517578125e-05,Q,3,2026-08-22_23-06-48,2026-08-23
0.9854545454545455,0.9965986394557823,0.7773722627737226,0.0,1.0,1.0,1.0,1.0,1.0,1.0,0.0,-3.0517578125e-05,-3.0517578125e-05,-3.0517578125e-05,-3.0517578125e-05,-3.0517578125e-05,-3.0517578125e-05,Q,3,2026-08-22_23-06-48,2026-08-23
0.9090909090909091,1.0,1.0,0.0,0.0,1.0,1.0,1.0,1.0,1.0,0.0,-3.0517578125e-05,-3.0517578125e-05,-3.0517578125e-05,-3.0517578125e-05,-3.0517578125e-05,-3.0517578125e-05,Q,3,2026-08-22_23-06-48,2026-08-23
0.9581818181818181,1.0,1.0,0.0,0.1342281879194631,1.0,1.0,1.0,1.0,1.0,0.0,-3.0517578125e-05,-3.0517578125e-05,-3.0517578125e-05,-3.0517578125e-05,-3.0517578125e-05,-3.0517578125e-05,Q,3,2026-08-22_23-06-48,2026-08-23
0.8781818181818182,1.0,0.9525547445255474,0.0,0.0,1.0,1.0,1.0,1.0,1.0,0.0,-3.0517578125e-05,-3.0517578125e-05,-3.0517578125e-05,-3.0517578125e-05,-3.0517578125e-05,-3.0517578125e-05,Q,3,2026-08-22_23-06-48,2026-08-23
1.0,0.9778911564625851,1.0,0.0,0.0,1.0,1.0,1.0,1.0,1.0,0.0,-3.0517578125e-05,-3.0517578125e-05,-3.0517578125e-05,-3.0517578125e-05,-3.0517578125e-05,-3.0517578125e-05,Q,3,2026-08-22_23-06-48,2026-08-23
1.0,1.0,1.0,0.0,0.0,1.0,1.0,1.0,1.0,1.0,0.0,-3.0517578125e-05,-3.0517578125e-05,-3.0517578125e-05,-3.0517578125e-05,-3.0517578125e-05,-3.0517578125e-05,Q,3,2026-08-22_23-06-48,2026-08-23
0.9490909090909091,0.9897959183673469,1.0,0.0,0.1476510067114094,1.0,1.0,1.0,1.0,1.0,0.0,-3.0517578125e-05,-3.0517578125e-05,-3.0517578125e-05,-3.0517578125e-05,-3.0517578125e-05,-3.0517578125e-05,Q,3,2026-08-22_23-06-48,2026-08-23
1.0,1.0,0.7335766423357665,0.0,0.0,1.0,1.0,1.0,1.0,1.0,0.0,-3.0517578125e-05,-3.0517578125e-05,-3.0517578125e-05,-3.0517578125e-05,-3.0517578125e-05,-3.0517578125e-05,Q,3,2026-08-22_23-06-48,2026-08-23
0.9072727272727272,1.0,1.0,0.0,0.48322147651006714,1.0,1.0,1.0,1.0,1.0,0.0,-3.0517578125e-05,-3.0517578125e-05,-3.0517578125e-05,-3.0517578125e-05,-3.0517578125e-05,-3.0517578125e-05,Q,3,2026-08-22_23-06-48,2026-08-23
1.0,0.9948979591836735,1.0,0.0,0.0,1.0,1.0,1.0,1.0,1.0,0.0,-3.0517578125e-05,-3.0517578125e-05,-3.0517578125e-05,-3.0517578125e-05,-3.0517578125e-05,-3.0517578125e-05,Q,3,2026-08-22_23-06-48,2026-08-23
1.0,1.0,0.9416058394160584,0.0,0.42953020134228187,1.0,1.0,1.0,1.0,1.0,0.0,-3.0517578125e-05,-3.0517578125e-05,-3.0517578125e-05,-3.0517578125e-05,-3.0517578125e-05,-3.0517578125e-05,Q,3,2026-08-22_23-06-48,2026-08-23
0.94,1.0,1.0,0.0,0.0,1.0,1.0,1.0,1.0,1.0,0.0,-3.0517578125e-05,-3.0517578125e-05,-3.0517578125e-05,-3.0517578125e-05,-3.0517578125e-05,-3.0517578125e-05,Q,3,2026-08-22_23-06-48,2026-08-23
0.9454545454545454,1.0,1.0,0.0,0.0,1.0,1.0,1.0,1.0,1.0,0.0,-3.0517578125e-05,-3.0517578125e-05,-3.0517578125e-05,-3.0517578125e-05,-3.0517578125e-05,-3.0517578125e-05,Q,3,2026-08-22_23-06-48,2026-08-23
1.0,1.0,0.8686131386861314,0.027649769585253458,0.8053691275167785,1.0,1.0,1.0,1.0,1.0,0.0,-3.0517578125e-05,-3.0517578125e-05,-3.0517578125e-05,-3.0517578125e-05,-3.0517578125e-05,-3.0517578125e-05,Q,3,2026-08-22_23-06-48,2026-08-23
1.0,1.0,1.0,0.0,0.0,1.0,1.0,1.0,1.0,1.0,0.0,-3.0517578125e-05,-3.0517578125e-05,-3.0517578125e-05,-3.0517578125e-05,-3.0517578125e-05,-3.0517578125e-05,Q,3,2026-08-22_23-06-48,2026-08-23
0.9145454545454546,1.0,1.0,0.12442396313364056,0.8053691275167785,1.0,1.0,1.0,1.0,1.0,0.0,-3.0517578125e-05,-3.0517578125e-05,-3.0517578125e-05,-3.0517578125e-05,-3.0517578125e-05,-3.0517578125e-05,Q,3,2026-08-22_23-06-48,2026-08-23
1.0,1.0,0.5474452554744526,0.0,0.0,1.0,1.0,1.0,1.0,1.0,0.0,-3.0517578125e-05,-3.0517578125e-05,-3.0517578125e-05,-3.0517578125e-05,-3.0517578125e-05,-3.0517578125e-05,Q,3,2026-08-22_23-06-48,2026-08-23
0.9709090909090909,1.0,0.864963503649635,0.12903225806451613,0.8053691275167785,1.0,1.0,1.0,1.0,1.0,0.0,-3.0517578125e-05,-3.0517578125e-05,-3.0517578125e-05,-3.0517578125e-05,-3.0517578125e-05,-3.0517578125e-05,Q,3,2026-08-22_23-06-48,2026-08-23
1.0,1.0,1.0,0.0,0.0,1.0,1.0,1.0,1.0,1.0,0.0,-3.0517578125e-05,-3.0517578125e-05,-3.0517578125e-05,-3.0517578125e-05,-3.0517578125e-05,-3.0517578125e-05,Q,3,2026-08-22_23-06-48,2026-08-23
0.8345454545454546,0.8452380952380952,1.0,0.08755760368663594,0.24161073825503357,1.0,1.0,1.0,1.0,1.0,0.0,-3.0517578125e-05,-3.0517578125e-05,-3.0517578125e-05,-3.0517578125e-05,-3.0517578125e-05,-3.0517578125e-05,Q,3,2026-08-22_23-06-48,2026-08-23
0.9690909090909091,1.0,0.9562043795620438,0.0,0.87248322147651,1.0,1.0,1.0,1.0,1.0,0.0,-3.0517578125e-05,-3.0517578125e-05,-3.0517578125e-05,-3.0517578125e-05,-3.0517578125e-05,-3.0517578125e-05,Q,3,2026-08-22_23-06-48,2026-08-23
1.0,1.0,0.9525547445255474,0.0,0.026845637583892617,1.0,1.0,1.0,1.0,1.0,0.0,-3.0517578125e-05,-3.0517578125e-05,-3.0517578125e-05,-3.0517578125e-05,-3.0517578125e-05,-3.0517578125e-05,Q,3,2026-08-22_23-06-48,2026-08-23
1.0,1.0,0.6788321167883211,0.0,0.8859060402684564,1.0,1.0,1.0,1.0,1.0,0.0,-3.0517578125e-05,-3.0517578125e-05,-3.0517578125e-05,-3.0517578125e-05,-3.0517578125e-05,-3.0517578125e-05,Q,3,2026-08-22_23-06-48,2026-08-23
0.9818181818181818,1.0,0.6751824817518248,0.0,0.33557046979865773,1.0,1.0,1.0,1.0,1.0,0.0,-3.0517578125e-05,-3.0517578125e-05,-3.0517578125e-05,-3.0517578125e-05,-3.0517578125e-05,-3.0517578125e-05,Q,3,2026-08-22_23-06-48,2026-08-23
1.0,1.0,1.0,0.0,0.1342281879194631,1.0,1.0,1.0,1.0,1.0,1.0,0.0,0.0,0.0,0.0,0.0,0.0,Q,4,2026-08-22_23-06-48,2026-08-23
1.0,1.0,0.9379562043795621,0.0,0.4429530201342282,1.0,1.0,1.0,1.0,1.0,1.0,0.0,0.0,0.0,0.0,0.0,0.0,Q,4,2026-08-22_23-06-48,2026-08-23
1.0,1.0,0.916058394160584,0.0,0.42953020134228187,1.0,1.0,1.0,1.0,1.0,1.0,0.0,0.0,0.0,0.0,0.0,0.0,Q,4,2026-08-22_23-06-48,2026-08-23
0.98,1.0,0.8868613138686131,0.0,0.9261744966442953,1.0,1.0,1.0,1.0,1.0,1.0,0.0,0.0,0.0,0.0,0.0,0.0,Q,4,2026-08-22_23-06-48,2026-08-23
1.0,1.0,1.0,0.0,0.0,1.0,1.0,1.0,1.0,1.0,1.0,0.0,0.0,0.0,0.0,0.0,0.0,Q,4,2026-08-22_23-06-48,2026-08-23
0.9636363636363636,1.0,1.0,0.0,0.5234899328859061,1.0,1.0,1.0,1.0,1.0,1.0,0.0,0.0,0.0,0.0,0.0,0.0,Q,4,2026-08-22_23-06-48,2026-08-23
1.0,1.0,0.9124087591240876,0.0,0.0,1.0,1.0,1.0,1.0,1.0,1.0,0.0,0.0,0.0,0.0,0.0,0.0,Q,4,2026-08-22_23-06-48,2026-08-23
0.9181818181818182,0.9982993197278912,0.8905109489051095,0.0,0.174496644295302,1.0,1.0,1.0,1.0,1.0,1.0,0.0,0.0,0.0,0.0,0.0,0.0,Q,4,2026-08-22_23-06-48,2026-08-23
1.0,1.0,1.0,0.0,0.24161073825503357,1.0,1.0,1.0,1.0,1.0,1.0,0.0,0.0,0.0,0.0,0.0,0.0,Q,4,2026-08-22_23-06-48,2026-08-23
1.0,1.0,0.781021897810219,0.0,0.22818791946308725,1.0,1.0,1.0,1.0,1.0,1.0,0.0,0.0,0.0,0.0,0.0,0.0,Q,4,2026-08-22_23-06-48,2026-08-23
0.9981818181818182,1.0,1.0,0.0,0.37583892617449666,1.0,1.0,1.0,1.0,1.0,1.0,0.0,0.0,0.0,0.0,0.0,0.0,Q,4,2026-08-22_23-06-48,2026-08-23
1.0,1.0,0.5218978102189781,0.0,0.9261744966442953,1.0,1.0,1.0,1.0,1.0,1.0,0.0,0.0,0.0,0.0,0.0,0.0,Q,4,2026-08-22_23-06-48,2026-08-23
0.9236363636363636,1.0,0.5255474452554745,0.0,0.348993288590604,1.0,1.0,1.0,1.0,1.0,1.0,0.0,0.0,0.0,0.0,0.0,0.0,Q,4,2026-08-22_23-06-48,2026-08-23
1.0,0.9030612244897959,1.0,0.0,0.1610738255033557,1.0,1.0,1.0,1.0,1.0,1.0,0.0,0.0,0.0,0.0,0.0,0.0,Q,4,2026-08-22_23-06-48,2026-08-23
1.0,1.0,0.8065693430656934,0.0,0.0,1.0,1.0,1.0,1.0,1.0,1.0,0.0,0.0,0.0,0.0,0.0,0.0,Q,4,2026-08-22_23-06-48,2026-08-23
1.0,1.0,0.8722627737226277,0.0,0.2684563758389262,1.0,1.0,1.0,1.0,1.0,1.0,0.0,0.0,0.0,0.0,0.0,0.0,Q,4,2026-08-22_23-06-48,2026-08-23
1.0,1.0,0.9854014598540146,0.0,0.0,1.0,1.0,1.0,1.0,1.0,1.0,0.0,0.0,0.0,0.0,0.0,0.0,Q,4,2026-08-22_23-06-48,2026-08-23
1.0,0.9336734693877551,1.0,0.0,0.8053691275167785,1.0,1.0,1.0,1.0,1.0,1.0,0.0,0.0,0.0,0.0,0.0,0.0,Q,4,2026-08-22_23-06-48,2026-08-23
1.0,1.0,0.8686131386861314,0.0,0.0,1.0,1.0,1.0,1.0,1.0,1.0,0.0,0.0,0.0,0.0,0.0,0.0,Q,4,2026-08-22_23-06-48,2026-08-23
1.0,0.9625850340136054,1.0,0.0,0.38926174496644295,1.0,1.0,1.0,1.0,1.0,1.0,0.0,0.0,0.0,0.0,0.0,0.0,Q,4,2026-08-22_23-06-48,2026-08-23
1.0,0.9404761904761905,1.0,0.0,0.1476510067114094,1.0,1.0,1.0,1.0,1.0,1.0,0.0,0.0,0.0,0.0,0.0,0.0,Q,4,2026-08-22_23-06-48,2026-08-23
1.0,1.0,0.9963503649635036,0.0,0.12080536912751678,1.0,1.0,1.0,1.0,1.0,1.0,0.0,0.0,0.0,0.0,0.0,0.0,Q,4,2026-08-22_23-06-48,2026-08-23
0.9236363636363636,1.0,0.6642335766423357,0.0,0.87248322147651,1.0,1.0,1.0,1.0,1.0,1.0,0.0,0.0,0.0,0.0,0.0,0.0,Q,4,2026-08-22_23-06-48,2026-08-23
0.9109090909090909,1.0,0.718978102189781,0.0,0.0,1.0,1.0,1.0,1.0,1.0,1.0,0.0,0.0,0.0,0.0,0.0,0.0,Q,4,2026-08-22_23-06-48,2026-08-23
0.9527272727272728,1.0,0.8138686131386861,0.0,0.48322147651006714,1.0,1.0,1.0,1.0,1.0,1.0,0.0,0.0,0.0,0.0,0.0,0.0,Q,4,2026-08-22_23-06-48,2026-08-23
1.0,0.9795918367346939,1.0,0.0,0.0,1.0,1.0,1.0,1.0,1.0,1.0,0.0,0.0,0.0,0.0,0.0,0.0,Q,4,2026-08-22_23-06-48,2026-08-23
1.0,1.0,0.7591240875912408,0.0,0.0,1.0,1.0,1.0,1.0,1.0,1.0,0.0,0.0,0.0,0.0,0.0,0.0,Q,4,2026-08-22_23-06-48,2026-08-23
1.0,0.9625850340136054,0.7591240875912408,0.0,0.42953020134228187,1.0,1.0,1.0,1.0,1.0,1.0,0.0,0.0,0.0,0.0,0.0,0.0,Q,4,2026-08-22_23-06-48,2026-08-23
0.9563636363636364,1.0,0.6897810218978102,0.0,0.0,1.0,1.0,1.0,1.0,1.0,1.0,0.0,0.0,0.0,0.0,0.0,0.0,Q,4,2026-08-22_23-06-48,2026-08-23
1.0,1.0,1.0,0.0,0.0,1.0,1.0,1.0,1.0,1.0,1.0,0.0,0.0,0.0,0.0,0.0,0.0,Q,4,2026-08-22_23-06-48,2026-08-23
0.9636363636363636,1.0,1.0,0.0,0.0,1.0,1.0,1.0,1.0,1.0,1.0,0.0,0.0,0.0,0.0,0.0,0.0,Q,4,2026-08-22_23-06-48,2026-08-23
1.0,1.0,0.8065693430656934,0.0,0.8053691275167785,1.0,1.0,1.0,1.0,1.0,1.0,0.0,0.0,0.0,0.0,0.0,0.0,Q,4,2026-08-22_23-06-48,2026-08-23
1.0,1.0,1.0,0.0,0.0,1.0,1.0,1.0,1.0,1.0,1.0,0.0,0.0,0.0,0.0,0.0,0.0,Q,4,2026-08-22_23-06-48,2026-08-23
1.0,1.0,0.9817518248175182,0.0,0.8590604026845637,1.0,1.0,1.0,1.0,1.0,1.0,0.0,0.0,0.0,0.0,0.0,0.0,Q,4,2026-08-22_23-06-48,2026-08-23
0.94,1.0,0.9963503649635036,0.0,0.3221476510067114,1.0,1.0,1.0,1.0,1.0,1.0,0.0,0.0,0.0,0.0,0.0,0.0,Q,4,2026-08-22_23-06-48,2026-08-23
1.0,1.0,0.8686131386861314,0.0,0.4429530201342282,1.0,1.0,1.0,1.0,1.0,1.0,0.0,0.0,0.0,0.0,0.0,0.0,Q,4,2026-08-22_23-06-48,2026-08-23
0.9036363636363637,1.0,0.9927007299270073,0.0,0.9798657718120806,1.0,1.0,1.0,1.0,1.0,1.0,0.0,0.0,0.0,0.0,0.0,0.0,Q,4,2026-08-22_23-06-48,2026-08-23
0.8909090909090909,1.0,0.5912408759124088,0.0,0.4966442953020134,1.0,1.0,1.0,1.0,1.0,1.0,0.0,0.0,0.0,0.0,0.0,0.0,Q,4,2026-08-22_23-06-48,2026-08-23
1.0,0.9846938775510204,1.0,0.0,0.4429530201342282,1.0,1.0,1.0,1.0,1.0,1.0,0.0,0.0,0.0,0.0,0.0,0.0,Q,4,2026-08-22_23-06-48,2026-08-23
1.0,0.9098639455782312,1.0,0.0,0.0,1.0,1.0,1.0,1.0,1.0,1.0,0.0,0.0,0.0,0.0,0.0,0.0,Q,4,2026-08-22_23-06-48,2026-08-23
1.0,1.0,0.0,1.0,0.28187919463087246,1.0,1.0,0.0,1.0,0.0,1.0,0.0,0.0,0.0,0.0,0.0,0.0,R,0,2026-08-22_23-06-48,2026-08-23
0.9963636363636363,1.0,0.0,1.0,0.3221476510067114,1.0,1.0,0.0,1.0,0.0,1.0,0.0,0.0,0.0,0.0,0.0,0.0,R,0,2026-08-22_23-06-48,2026-08-23
1.0,1.0,0.0,1.0,0.22818791946308725,1.0,1.0,0.0,1.0,0.0,1.0,0.0,0.0,0.0,0.0,0.0,0.0,R,0,2026-08-22_23-06-48,2026-08-23
1.0,1.0,0.0,1.0,0.8053691275167785,1.0,1.0,0.0,1.0,0.0,1.0,0.0,0.0,0.0,0.0,0.0,0.0,R,0,2026-08-22_23-06-48,2026-08-23
1.0,1.0,0.0,1.0,0.4563758389261745,1.0,1.0,0.0,1.0,0.0,1.0,0.0,0.0,0.0,0.0,0.0,0.0,R,0,2026-08-22_23-06-48,2026-08-23
0.8527272727272728,1.0,0.0,1.0,0.348993288590604,1.0,1.0,0.0,1.0,0.0,1.0,0.0,0.0,0.0,0.0,0.0,0.0,R,0,2026-08-22_23-06-48,2026-08-23
0.9763636363636363,0.9897959183673469,0.0,1.0,0.8053691275167785,1.0,1.0,0.0,1.0,0.0,1.0,0.0,0.0,0.0,0.0,0.0,0.0,R,0,2026-08-22_23-06-48,2026-08-23
0.9781818181818182,1.0,0.0,1.0,0.8053691275167785,1.0,1.0,0.0,1.0,0.0,1.0,0.0,0.0,0.0,0.0,0.0,0.0,R,0,2026-08-22_23-06-48,2026-08-23
0.9218181818181819,0.9659863945578231,0.0,1.0,0.4563758389261745,1.0,1.0,0.0,1.0,0.0,1.0,0.0,0.0,0.0,0.0,0.0,0.0,R,0,2026-08-22_23-06-48,2026-08-23
0.8872727272727273,1.0,0.0,1.0,0.8053691275167785,1.0,1.0,0.0,1.0,0.0,1.0,0.0,0.0,0.0,0.0,0.0,0.0,R,0,2026-08-22_23-06-48,2026-08-23
0.84,1.0,0.0,1.0,0.8053691275167785,1.0,1.0,0.0,1.0,0.0,1.0,0.0,0.0,0.0,0.0,0.0,0.0,R,0,2026-08-22_23-06-48,2026-08-23
0.9527272727272728,0.95578231292517,0.0,1.0,0.1476510067114094,1.0,1.0,0.0,1.0,0.0,1.0,0.0,0.0,0.0,0.0,0.0,0.0,R,0,2026-08-22_23-06-48,2026-08-23
1.0,1.0,0.0,1.0,0.24161073825503357,1.0,1.0,0.0,1.0,0.0,1.0,0.0,0.0,0.0,0.0,0.0,0.0,R,0,2026-08-22_23-06-48,2026-08-23
0.9690909090909091,1.0,0.05474452554744526,1.0,0.24161073825503357,1.0,1.0,0.0,1.0,0.0,1.0,0.0,0.0,0.0,0.0,0.0,0.0,R,0,2026-08-22_23-06-48,2026-08-23
0.9581818181818181,1.0,0.0,1.0,0.0,1.0,1.0,0.0,1.0,0.0,1.0,0.0,0.0,0.0,0.0,0.0,0.0,R,0,2026-08-22_23-06-48,2026-08-23
0.9654545454545455,1.0,0.0,1.0,0.8053691275167785,1.0,1.0,0.0,1.0,0.0,1.0,0.0,0.0,0.0,0.0,0.0,0.0,R,0,2026-08-22_23-06-48,2026-08-23
0.9145454545454546,1.0,0.0,1.0,0.8859060402684564,1.0,1.0,0.0,1.0,0.0,1.0,0.0,0.0,0.0,0.0,0.0,0.0,R,0,2026-08-22_23-06-48,2026-08-23
1.0,0.9897959183673469,0.0,1.0,0.4966442953020134,1.0,1.0,0.0,1.0,0.0,1.0,0.0,0.0,0.0,0.0,0.0,0.0,R,0,2026-08-22_23-06-48,2026-08-23
1.0,1.0,0.0,1.0,0.2550335570469799,1.0,1.0,0.0,1.0,0.0,1.0,0.0,0.0,0.0,0.0,0.0,0.0,R,0,2026-08-22_23-06-48,2026-08-23
1.0,1.0,0.0,1.0,0.8053691275167785,1.0,1.0,0.0,1.0,0.0,1.0,0.0,0.0,0.0,0.0,0.0,0.0,R,0,2026-08-22_23-06-48,2026-08-23
1.0,1.0,0.0,1.0,0.8053691275167785,1.0,1.0,0.0,1.0,0.0,1.0,0.0,0.0,0.0,0.0,0.0,0.0,R,0,2026-08-22_23-06-48,2026-08-23
0.9090909090909091,1.0,0.0,1.0,0.21476510067114093,1.0,1.0,0.0,1.0,0.0,1.0,0.0,0.0,0.0,0.0,0.0,0.0,R,0,2026-08-22_23-06-48,2026-08-23
1.0,1.0,0.0,1.0,0.0,1.0,1.0,0.0,1.0,0.0,1.0,0.0,0.0,0.0,0.0,0.0,0.0,R,0,2026-08-22_23-06-48,2026-08-23
0.9072727272727272,1.0,0.0,1.0,0.8053691275167785,1.0,1.0,0.0,1.0,0.0,1.0,0.0,0.0,0.0,0.0,0.0,0.0,R,0,2026-08-22_23-06-48,2026-08-23
0.8709090909090909,1.0,0.0,1.0,0.48322147651006714,1.0,1.0,0.0,1.0,0.0,1.0,0.0,0.0,0.0,0.0,0.0,0.0,R,0,2026-08-22_23-06-48,2026-08-23
1.0,1.0,0.0,1.0,0.42953020134228187,1.0,1.0,0.0,1.0,0.0,1.0,0.0,0.0,0.0,0.0,0.0,0.0,R,0,2026-08-22_23-06-48,2026-08-23
0.9563636363636364,0.9081632653061225,0.0,1.0,0.8053691275167785,1.0,1.0,0.0,1.0,0.0,1.0,0.0,0.0,0.0,0.0,0.0,0.0,R,0,2026-08-22_23-06-48,2026-08-23
1.0,1.0,0.0,1.0,0.87248322147651,1.0,1.0,0.0,1.0,0.0,1.0,0.0,0.0,0.0,0.0,0.0,0.0,R,0,2026-08-22_23-06-48,2026-08-23
0.7581818181818182,1.0,0.0,1.0,0.026845637583892617,1.0,1.0,0.0,1.0,0.0,1.0,0.0,0.0,0.0,0.0,0.0,0.0,R,0,2026-08-22_23-06-48,2026-08-23
0.84,1.0,0.0,1.0,0.28187919463087246,1.0,1.0,0.0,1.0,0.0,1.0,0.0,0.0,0.0,0.0,0.0,0.0,R,0,2026-08-22_23-06-48,2026-08-23
0.9145454545454546,1.0,0.0,1.0,0.0,1.0,1.0,0.0,1.0,0.0,1.0,0.0,0.0,0.0,0.0,0.0,0.0,R,0,2026-08-22_23-06-48,2026-08-23
0.9945454545454545,1.0,0.0,1.0,0.8859060402684564,1.0,1.0,0.0,1.0,0.0,1.0,0.0,0.0,0.0,0.0,0.0,0.0,R,0,2026-08-22_23-06-48,2026-08-23
1.0,1.0,0.0036496350364963502,1.0,1.0,1.0,1.0,0.0,1.0,0.0,1.0,0.0,0.0,0.0,0.0,0.0,0.0,R,0,2026-08-22_23-06-48,2026-08-23
1.0,1.0,0.0,1.0,0.1610738255033557,1.0,1.0,0.0,1.0,0.0,1.0,0.0,0.0,0.0,0.0,0.0,0.0,R,0,2026-08-22_23-06-48,2026-08-23
1.0,1.0,0.0,1.0,1.0,1.0,1.0,0.0,1.0,0.0,1.0,0.0,0.0,0.0,0.0,0.0,0.0,R,0,2026-08-22_23-06-48,2026-08-23
1.0,0.8843537414965986,0.0,1.0,0.2953020134228188,1.0,1.0,0.0,1.0,0.0,1.0,0.0,0.0,0.0,0.0,0.0,0.0,R,0,2026-08-22_23-06-48,2026-08-23
0.9418181818181818,1.0,0.0,1.0,0.0,1.0,1.0,0.0,1.0,0.0,1.0,0.0,0.0,0.0,0.0,0.0,0.0,R,0,2026-08-22_23-06-48,2026-08-23
0.9854545454545455,1.0,0.0,1.0,0.8053691275167785,1.0,1.0,0.0,1.0,0.0,1.0,0.0,0.0,0.0,0.0,0.0,0.0,R,0,2026-08-22_23-06-48,2026-08-23
1.0,1.0,0.0,1.0,0.8053691275167785,1.0,1.0,0.0,1.0,0.0,1.0,0.0,0.0,0.0,0.0,0.0,0.0,R,0,2026-08-22_23-06-48,2026-08-23
1.0,1.0,0.0,1.0,0.9798657718120806,1.0,1.0,0.0,1.0,0.0,1.0,0.0,0.0,0.0,0.0,0.0,0.0,R,0,2026-08-22_23-06-48,2026-08-23
1.0,1.0,0.0,1.0,0.4563758389261745,1.0,1.0,0.0,1.0,1.0,1.0,0.0,0.0,0.0,0.0,0.0,0.0,R,1,2026-08-22_23-06-48,2026-08-23
0.850909090909091,1.0,0.0,1.0,0.37583892617449666,1.0,1.0,0.0,1.0,1.0,1.0,0.0,0.0,0.0,0.0,0.0,0.0,R,1,2026-08-22_23-06-48,2026-08-23
0.9509090909090909,1.0,0.0,1.0,0.8053691275167785,1.0,1.0,0.0,1.0,1.0,1.0,0.0,0.0,0.0,0.0,0.0,0.0,R,1,2026-08-22_23-06-48,2026-08-23
1.0,0.9897959183673469,0.0,1.0,1.0,1.0,1.0,0.0,1.0,1.0,1.0,0.0,0.0,0.0,0.0,0.0,0.0,R,1,2026-08-22_23-06-48,2026-08-23
1.0,1.0,0.0,1.0,0.5369127516778524,1.0,1.0,0.0,1.0,1.0,1.0,0.0,0.0,0.0,0.0,0.0,0.0,R,1,2026-08-22_23-06-48,2026-08-23
0.9163636363636364,1.0,0.0,1.0,0.40268456375838924,1.0,1.0,0.0,1.0,1.0,1.0,0.0,0.0,0.0,0.0,0.0,0.0,R,1,2026-08-22_23-06-48,2026-08-23
1.0,0.9540816326530612,0.11313868613138686,1.0,1.0,1.0,1.0,0.0,1.0,1.0,1.0,0.0,0.0,0.0,0.0,0.0,0.0,R,1,2026-08-22_23-06-48,2026-08-23
1.0,1.0,0.0,1.0,0.053691275167785234,1.0,1.0,0.0,1.0,1.0,1.0,0.0,0.0,0.0,0.0,0.0,0.0,R,1,2026-08-22_23-06-48,2026-08-23
1.0,0.9965986394557823,0.0,1.0,1.0,1.0,1.0,0.0,1.0,1.0,1.0,0.0,0.0,0.0,0.0,0.0,0.0,R,1,2026-08-22_23-06-48,2026-08-23
1.0,0.9778911564625851,0.058394160583941604,1.0,1.0,1.0,1.0,0.0,1.0,1.0,1.0,0.0,0.0,0.0,0.0,0.0,0.0,R,1,2026-08-22_23-06-48,2026-08-23
0.8963636363636364,1.0,0.0,1.0,0.8053691275167785,1.0,1.0,0.0,1.0,1.0,1.0,0.0,0.0,0.0,0.0,0.0,0.0,R,1,2026-08-22_23-06-48,2026-08-23
1.0,0.9846938775510204,0.0,1.0,1.0,1.0,1.0,0.0,1.0,1.0,1.0,0.0,0.0,0.0,0.0,0.0,0.0,R,1,2026-08-22_23-06-48,2026-08-23
1.0,0.9370748299319728,0.12773722627737227,1.0,0.8053691275167785,1.0,1.0,0.0,1.0,1.0,1.0,0.0,0.0,0.0,0.0,0.0,0.0,R,1,2026-08-22_23-06-48,2026-08-23
0.94,1.0,0.0,1.0,0.8053691275167785,1.0,1.0,0.0,1.0,1.0,1.0,0.0,0.0,0.0,0.0,0.0,0.0,R,1,2026-08-22_23-06-48,2026-08-23
1.0,1.0,0.0,1.0,0.2550335570469799,1.0,1.0,0.0,1.0,1.0,1.0,0.0,0.0,0.0,0.0,0.0,0.0,R,1,2026-08-22_23-06-48,2026-08-23
0.8490909090909091,1.0,0.0,1.0,0.1476510067114094,1.0,1.0,0.0,1.0,1.0,1.0,0.0,0.0,0.0,0.0,0.0,0.0,R,1,2026-08-22_23-06-48,2026-08-23
0.8636363636363636,1.0,0.0,1.0,0.20134228187919462,1.0,1.0,0.0,1.0,1.0,1.0,0.0,0.0,0.0,0.0,0.0,0.0,R,1,2026-08-22_23-06-48,2026-08-23
1.0,1.0,0.0,1.0,0.1476510067114094,1.0,1.0,0.0,1.0,1.0,1.0,0.0,0.0,0.0,0.0,0.0,0.0,R,1,2026-08-22_23-06-48,2026-08-23
0.9981818181818182,1.0,0.0,1.0,0.4697986577181208,1.0,1.0,0.0,1.0,1.0,1.0,0.0,0.0,0.0,0.0,0.0,0.0,R,1,2026-08-22_23-06-48,2026-08-23
0.9981818181818182,1.0,0.0,1.0,0.4429530201342282,1.0,1.0,0.0,1.0,1.0,1.0,0.0,0.0,0.0,0.0,0.0,0.0,R,1,2026-08-22_23-06-48,2026-08-23
0.9363636363636364,1.0,0.0,1.0,0.33557046979865773,1.0,1.0,0.0,1.0,1.0,1.0,0.0,0.0,0.0,0.0,0.0,0.0,R,1,2026-08-22_23-06-48,2026-08-23
1.0,1.0,0.0,1.0,0.9395973154362416,1.0,1.0,0.0,1.0,1.0,1.0,0.0,0.0,0.0,0.0,0.0,0.0,R,1,2026-08-22_23-06-48,2026-08-23
1.0,1.0,0.0,1.0,0.8053691275167785,1.0,1.0,0.0,1.0,1.0,1.0,0.0,0.0,0.0,0.0,0.0,0.0,R,1,2026-08-22_23-06-48,2026-08-23
1.0,1.0,0.0,1.0,1.0,1.0,1.0,0.0,1.0,1.0,1.0,0.0,0.0,0.0,0.0,0.0,0.0,R,1,2026-08-22_23-06-48,2026-08-23
1.0,1.0,0.23722627737226276,1.0,0.10738255033557047,1.0,1.0,0.0,1.0,1.0,1.0,0.0,0.0,0.0,0.0,0.0,0.0,R,1,2026-08-22_23-06-48,2026-08-23
0.7090909090909091,0.8044217687074829,0.0,1.0,0.8053691275167785,1.0,1.0,0.0,1.0,1.0,1.0,0.0,0.0,0.0,0.0,0.0,0.0,R,1,2026-08-22_23-06-48,2026-08-23
1.0,0.9608843537414966,0.0,1.0,0.1342281879194631,1.0,1.0,0.0,1.0,1.0,1.0,0.0,0.0,0.0,0.0,0.0,0.0,R,1,2026-08-22_23-06-48,2026-08-23
0.92,1.0,0.0,1.0,0.8053691275167785,1.0,1.0,0.0,1.0,1.0,1.0,0.0,0.0,0.0,0.0,0.0,0.0,R,1,2026-08-22_23-06-48,2026-08-23
0.7872727272727272,0.8605442176870748,0.01824817518248175,1.0,1.0,1.0,1.0,0.0,1.0,1.0,1.0,0.0,0.0,0.0,0.0,0.0,0.0,R,1,2026-08-22_23-06-48,2026-08-23
0.990909090909091,1.0,0.0,1.0,1.0,1.0,1.0,0.0,1.0,1.0,1.0,0.0,0.0,0.0,0.0,0.0,0.0,R,1,2026-08-22_23-06-48,2026-08-23
1.0,1.0,0.0,1.0,0.0,1.0,1.0,0.0,1.0,1.0,1.0,0.0,0.0,0.0,0.0,0.0,0.0,R,1,2026-08-22_23-06-48,2026-08-23
0.8981818181818182,0.9098639455782312,0.0,1.0,0.8053691275167785,1.0,1.0,0.0,1.0,1.0,1.0,0.0,0.0,0.0,0.0,0.0,0.0,R,1,2026-08-22_23-06-48,2026-08-23
0.8963636363636364,0.9880952380952381,0.0,1.0,0.8053691275167785,1.0,1.0,0.0,1.0,1.0,1.0,0.0,0.0,0.0,0.0,0.0,0.0,R,1,2026-08-22_23-06-48,2026-08-23
0.9581818181818181,1.0,0.0,1.0,1.0,1.0,1.0,0.0,1.0,1.0,1.0,0.0,0.0,0.0,0.0,0.0,0.0,R,1,2026-08-22_23-06-48,2026-08-23
0.9109090909090909,1.0,0.0,1.0,1.0,1.0,1.0,0.0,1.0,1.0,1.0,0.0,0.0,0.0,0.0,0.0,0.0,R,1,2026-08-22_23-06-48,2026-08-23
0.9381818181818182,1.0,0.0,1.0,0.8053691275167785,1.0,1.0,0.0,1.0,1.0,1.0,0.0,0.0,0.0,0.0,0.0,0.0,R,1,2026-08-22_23-06-48,2026-08-23
0.9981818181818182,0.9098639455782312,0.0,1.0,0.37583892617449666,1.0,1.0,0.0,1.0,1.0,1.0,0.0,0.0,0.0,0.0,0.0,0.0,R,1,2026-08-22_23-06-48,2026-08-23
0.94,1.0,0.0,1.0,1.0,1.0,1.0,0.0,1.0,1.0,1.0,0.0,0.0,0.0,0.0,0.0,0.0,R,1,2026-08-22_23-06-48,2026-08-23
1.0,1.0,0.0,1.0,0.8053691275167785,1.0,1.0,0.0,1.0,1.0,1.0,0.0,0.0,0.0,0.0,0.0,0.0,R,1,2026-08-22_23-06-48,2026-08-23
1.0,1.0,0.0,1.0,0.8053691275167785,1.0,1.0,0.0,1.0,1.0,1.0,0.0,0.0,0.0,0.0,0.0,0.0,R,1,2026-08-22_23-06-48,2026-08-23
0.9363636363636364,1.0,0.0,1.0,0.48322147651006714,1.0,1.0,0.0,1.0,1.0,1.0,0.0,0.0,0.0,0.0,0.0,0.0,R,2,2026-08-22_23-06-48,2026-08-23
0.9672727272727273,1.0,0.032846715328467155,1.0,0.8053691275167785,1.0,1.0,0.0,1.0,1.0,1.0,0.0,0.0,0.0,0.0,0.0,0.0,R,2,2026-08-22_23-06-48,2026-08-23
0.98,1.0,0.08394160583941605,1.0,0.8053691275167785,1.0,1.0,0.0,1.0,0.0,1.0,0.0,0.0,0.0,0.0,0.0,0.0,R,2,2026-08-22_23-06-48,2026-08-23
1.0,1.0,0.040145985401459854,1.0,0.2953020134228188,1.0,1.0,0.0,1.0,1.0,1.0,0.0,0.0,0.0,0.0,0.0,0.0,R,2,2026-08-22_23-06-48,2026-08-23
1.0,1.0,0.12408759124087591,1.0,0.8053691275167785,1.0,1.0,0.0,1.0,0.0,1.0,0.0,0.0,0.0,0.0,0.0,0.0,R,2,2026-08-22_23-06-48,2026-08-23
0.9309090909090909,1.0,0.0,1.0,0.8053691275167785,1.0,1.0,0.0,1.0,0.0,1.0,0.0,0.0,0.0,0.0,0.0,0.0,R,2,2026-08-22_23-06-48,2026-08-23
1.0,1.0,0.032846715328467155,1.0,0.8053691275167785,1.0,1.0,0.0,1.0,1.0,1.0,0.0,0.0,0.0,0.0,0.0,0.0,R,2,2026-08-22_23-06-48,2026-08-23
0.9781818181818182,1.0,0.0,1.0,0.2684563758389262,1.0,1.0,0.0,1.0,1.0,1.0,0.0,0.0,0.0,0.0,0.0,0.0,R,2,2026-08-22_23-06-48,2026-08-23
1.0,1.0,0.01824817518248175,1.0,0.24161073825503357,1.0,1.0,0.0,1.0,1.0,1.0,0.0,0.0,0.0,0.0,0.0,0.0,R,2,2026-08-22_23-06-48,2026-08-23
0.8563636363636363,1.0,0.11678832116788321,1.0,0.8053691275167785,1.0,1.0,0.0,1.0,1.0,1.0,0.0,0.0,0.0,0.0,0.0,0.0,R,2,2026-08-22_23-06-48,2026-08-23
1.0,1.0,0.0,1.0,0.33557046979865773,1.0,1.0,0.0,1.0,1.0,1.0,0.0,0.0,0.0,0.0,0.0,0.0,R,2,2026-08-22_23-06-48,2026-08-23
0.9218181818181819,0.9778911564625851,0.025547445255474453,1.0,0.8053691275167785,1.0,1.0,0.0,1.0,1.0,1.0,0.0,0.0,0.0,0.0,0.0,0.0,R,2,2026-08-22_23-06-48,2026-08-23
1.0,1.0,0.12043795620437957,0.30414746543778803,0.8053691275167785,1.0,1.0,0.0,1.0,1.0,1.0,0.0,0.0,0.0,0.0,0.0,0.0,R,2,2026-08-22_23-06-48,2026-08-23
0.8818181818181818,1.0,0.19343065693430658,0.0,0.4966442953020134,1.0,1.0,0.0,1.0,1.0,1.0,0.0,0.0,0.0,0.0,0.0,0.0,R,2,2026-08-22_23-06-48,2026-08-23
0.8872727272727273,1.0,0.0,0.0,0.9798657718120806,1.0,1.0,0.0,1.0,1.0,1.0,0.0,0.0,0.0,0.0,0.0,0.0,R,2,2026-08-22_23-06-48,2026-08-23
0.9054545454545454,1.0,0.0,0.0,0.3221476510067114,1.0,1.0,1.0,1.0,1.0,1.0,0.0,0.0,0.0,0.0,0.0,0.0,R,2,2026-08-22_23-06-48,2026-08-23
0.88,1.0,0.0,0.0,0.174496644295302,1.0,1.0,1.0,1.0,1.0,1.0,0.0,0.0,0.0,0.0,0.0,0.0,R,2,2026-08-22_23-06-48,2026-08-23
0.9072727272727272,1.0,0.010948905109489052,0.0,0.22818791946308725,1.0,1.0,1.0,1.0,1.0,1.0,0.0,0.0,0.0,0.0,0.0,0.0,R,2,2026-08-22_23-06-48,2026-08-23
0.8436363636363636,0.9727891156462585,0.0,0.0,0.37583892617449666,1.0,1.0,1.0,1.0,1.0,1.0,0.0,0.0,0.0,0.0,0.0,0.0,R,2,2026-08-22_23-06-48,2026-08-23
0.7836363636363637,0.9710884353741497,0.010948905109489052,0.0,0.8053691275167785,1.0,1.0,1.0,1.0,1.0,1.0,0.0,0.0,0.0,0.0,0.0,0.0,R,2,2026-08-22_23-06-48,2026-08-23
0.8818181818181818,0.8418367346938775,0.0,0.0,0.3221476510067114,1.0,1.0,1.0,1.0,1.0,1.0,0.0,0.0,0.0,0.0,0.0,0.0,R,2,2026-08-22_23-06-48,2026-08-23
0.7454545454545455,0.6785714285714286,0.0,0.05069124423963134,0.48322147651006714,1.0,1.0,1.0,1.0,1.0,1.0,0.0,0.0,0.0,0.0,0.0,0.0,R,2,2026-08-22_23-06-48,2026-08-23
0.7545454545454545,0.4268707482993197,0.0,0.0,0.2684563758389262,1.0,1.0,1.0,1.0,1.0,1.0,0.0,0.0,0.0,0.0,0.0,0.0,R,2,2026-08-22_23-06-48,2026-08-23
0.5727272727272728,0.14625850340136054,0.0,0.027649769585253458,0.8590604026845637,1.0,1.0,1.0,1.0,1.0,1.0,0.0,0.0,0.0,0.0,0.0,0.0,R,2,2026-08-22_23-06-48,2026-08-23
0.6545454545454545,0.0,0.0,0.013824884792626729,0.3221476510067114,1.0,1.0,1.0,1.0,1.0,1.0,0.0,0.0,0.0,0.0,0.0,0.0,R,2,2026-08-22_23-06-48,2026-08-23
0.6090909090909091,0.0,0.0,0.12903225806451613,0.4966442953020134,1.0,1.0,1.0,1.0,1.0,1.0,0.0,0.0,0.0,0.0,0.0,0.0,R,2,2026-08-22_23-06-48,2026-08-23
0.5527272727272727,0.0,0.0,0.29493087557603687,0.22818791946308725,1.0,1.0,1.0,1.0,1.0,1.0,0.0,0.0,0.0,0.0,0.0,0.0,R,2,2026-08-22_23-06-48,2026-08-23
0.44181818181818183,1.0,0.0,0.19815668202764977,0.5234899328859061,1.0,1.0,1.0,1.0,1.0,1.0,0.0,0.0,0.0,0.0,0.0,0.0,R,2,2026-08-22_23-06-48,2026-08-23
0.5618181818181818,1.0,0.0,0.14746543778801843,0.348993288590604,1.0,1.0,1.0,1.0,1.0,1.0,0.0,0.0,0.0,0.0,0.0,0.0,R,2,2026-08-22_23-06-48,2026-08-23
0.4072727272727273,1.0,0.0,0.0,0.42953020134228187,1.0,1.0,1.0,1.0,1.0,1.0,0.0,0.0,0.0,0.0,0.0,0.0,R,2,2026-08-22_23-06-48,2026-08-23
0.4690909090909091,1.0,0.0,1.0,0.40268456375838924,1.0,1.0,1.0,1.0,1.0,1.0,0.0,0.0,0.0,0.0,0.0,0.0,R,2,2026-08-22_23-06-48,2026-08-23
0.3236363636363636,1.0,0.0,1.0,0.3624161073825503,1.0,1.0,1.0,1.0,1.0,1.0,0.0,0.0,0.0,0.0,0.0,0.0,R,2,2026-08-22_23-06-48,2026-08-23
0.28,1.0,0.0,1.0,0.37583892617449666,1.0,1.0,1.0,1.0,1.0,1.0,0.0,0.0,0.0,0.0,0.0,0.0,R,2,2026-08-22_23-06-48,2026-08-23
0.22,1.0,0.0,1.0,0.4429530201342282,1.0,1.0,1.0,1.0,1.0,1.0,0.0,0.0,0.0,0.0,0.0,0.0,R,2,2026-08-22_23-06-48,2026-08-23
0.24545454545454545,0.0,0.0,1.0,1.0,1.0,1.0,1.0,1.0,1.0,1.0,0.0,0.0,0.0,0.0,0.0,0.0,R,2,2026-08-22_23-06-48,2026-08-23
0.12545454545454546,1.0,0.0,1.0,0.0,1.0,1.0,1.0,1.0,1.0,1.0,0.0,0.0,0.0,0.0,0.0,0.0,R,2,2026-08-22_23-06-48,2026-08-23
0.20727272727272728,0.0,0.0,1.0,0.10738255033557047,1.0,1.0,1.0,1.0,1.0,1.0,0.0,0.0,0.0,0.0,0.0,0.0,R,2,2026-08-22_23-06-48,2026-08-23
0.2872727272727273,0.0,0.0,1.0,0.48322147651006714,1.0,1.0,1.0,1.0,1.0,1.0,0.0,0.0,0.0,0.0,0.0,0.0,R,2,2026-08-22_23-06-48,2026-08-23
0.18727272727272729,1.0,0.0,1.0,0.0,1.0,1.0,1.0,1.0,1.0,1.0,0.0,0.0,0.0,0.0,0.0,0.0,R,2,2026-08-22_23-06-48,2026-08-23
0.2727272727272727,1.0,0.0,1.0,0.8053691275167785,1.0,1.0,1.0,1.0,1.0,1.0,0.0,0.0,0.0,0.0,0.0,0.0,R,2,2026-08-22_23-06-48,2026-08-23
1.0,1.0,0.17518248175182483,0.0,0.22818791946308725,1.0,1.0,0.0,1.0,0.0,1.0,0.0,0.0,0.0,0.0,0.0,0.0,R,3,2026-08-22_23-06-48,2026-08-23
0.94,1.0,0.0,0.0,0.3087248322147651,1.0,1.0,0.0,1.0,0.0,1.0,0.0,0.0,0.0,0.0,0.0,0.0,R,3,2026-08-22_23-06-48,2026-08-23
0.9927272727272727,1.0,0.0072992700729927005,0.0,0.0,1.0,1.0,0.0,1.0,0.0,1.0,0.0,0.0,0.0,0.0,0.0,0.0,R,3,2026-08-22_23-06-48,2026-08-23
0.9109090909090909,1.0,0.18248175182481752,0.0,0.4429530201342282,1.0,1.0,0.0,1.0,0.0,1.0,0.0,0.0,0.0,0.0,0.0,0.0,R,3,2026-08-22_23-06-48,2026-08-23
0.9672727272727273,0.9591836734693877,0.0,0.0,0.0,1.0,1.0,0.0,1.0,0.0,1.0,0.0,0.0,0.0,0.0,0.0,0.0,R,3,2026-08-22_23-06-48,2026-08-23
0.96,1.0,0.01824817518248175,0.0,0.3087248322147651,1.0,1.0,0.0,1.0,0.0,1.0,0.0,0.0,0.0,0.0,0.0,0.0,R,3,2026-08-22_23-06-48,2026-08-23
1.0,1.0,0.0948905109489051,0.0,0.38926174496644295,1.0,1.0,0.0,1.0,0.0,1.0,0.0,0.0,0.0,0.0,0.0,0.0,R,3,2026-08-22_23-06-48,2026-08-23
0.8854545454545455,1.0,0.14963503649635038,0.0,0.8053691275167785,1.0,1.0,0.0,1.0,0.0,1.0,0.0,0.0,0.0,0.0,0.0,0.0,R,3,2026-08-22_23-06-48,2026-08-23
1.0,1.0,0.032846715328467155,0.0,0.8053691275167785,1.0,1.0,0.0,1.0,0.0,1.0,0.0,0.0,0.0,0.0,0.0,0.0,R,3,2026-08-22_23-06-48,2026-08-23
0.8818181818181818,1.0,0.06569343065693431,0.0,0.348993288590604,1.0,1.0,0.0,1.0,0.0,1.0,0.0,0.0,0.0,0.0,0.0,0.0,R,3,2026-08-22_23-06-48,2026-08-23
0.9345454545454546,1.0,0.0,0.0,0.48322147651006714,1.0,1.0,0.0,1.0,0.0,1.0,0.0,0.0,0.0,0.0,0.0,0.0,R,3,2026-08-22_23-06-48,2026-08-23
0.9854545454545455,1.0,0.19343065693430658,0.0,0.1342281879194631,1.0,1.0,0.0,1.0,0.0,1.0,0.0,0.0,0.0,0.0,0.0,0.0,R,3,2026-08-22_23-06-48,2026-08-23
1.0,1.0,0.0,0.0,0.3624161073825503,1.0,1.0,0.0,1.0,0.0,1.0,0.0,0.0,0.0,0.0,0.0,0.0,R,3,2026-08-22_23-06-48,2026-08-23
0.9072727272727272,1.0,0.0,0.0,0.3087248322147651,1.0,1.0,0.0,1.0,0.0,1.0,0.0,0.0,0.0,0.0,0.0,0.0,R,3,2026-08-22_23-06-48,2026-08-23
0.9672727272727273,1.0,0.11678832116788321,0.0,0.37583892617449666,1.0,1.0,0.0,1.0,0.0,1.0,0.0,0.0,0.0,0.0,0.0,0.0,R,3,2026-08-22_23-06-48,2026-08-23
0.9127272727272727,1.0,0.0,0.0,0.38926174496644295,1.0,1.0,0.0,1.0,0.0,1.0,0.0,0.0,0.0,0.0,0.0,0.0,R,3,2026-08-22_23-06-48,2026-08-23
0.94,1.0,0.0036496350364963502,0.0,0.20134228187919462,1.0,1.0,0.0,1.0,0.0,1.0,0.0,0.0,0.0,0.0,0.0,0.0,R,3,2026-08-22_23-06-48,2026-08-23
1.0,1.0,0.0,0.0,0.912751677852349,1.0,1.0,0.0,1.0,0.0,1.0,0.0,0.0,0.0,0.0,0.0,0.0,R,3,2026-08-22_23-06-48,2026-08-23
1.0,1.0,0.0,0.0,0.8053691275167785,1.0,1.0,0.0,1.0,0.0,1.0,0.0,0.0,0.0,0.0,0.0,0.0,R,3,2026-08-22_23-06-48,2026-08-23
0.9727272727272728,1.0,0.021897810218978103,0.0,0.4563758389261745,1.0,1.0,0.0,1.0,0.0,1.0,0.0,0.0,0.0,0.0,0.0,0.0,R,3,2026-08-22_23-06-48,2026-08-23
0.5345454545454545,1.0,0.18613138686131386,0.0,0.1476510067114094,1.0,1.0,0.0,1.0,0.0,1.0,0.0,0.0,0.0,0.0,0.0,0.0,R,3,2026-08-22_23-06-48,2026-08-23
0.4781818181818182,1.0,0.0,0.0,0.1476510067114094,1.0,1.0,0.0,1.0,0.0,1.0,0.0,0.0,0.0,0.0,0.0,0.0,R,3,2026-08-22_23-06-48,2026-08-23
1.0,1.0,0.15328467153284672,0.0,0.0,1.0,1.0,0.0,1.0,0.0,1.0,0.0,0.0,0.0,0.0,0.0,0.0,R,3,2026-08-22_23-06-48,2026-08-23
1.0,1.0,0.5875912408759124,0.0,0.0,1.0,1.0,0.0,1.0,0.0,1.0,0.0,0.0,0.0,0.0,0.0,0.0,R,3,2026-08-22_23-06-48,2026-08-23
0.5527272727272727,1.0,0.12773722627737227,0.0,0.0,1.0,1.0,0.0,1.0,0.0,1.0,0.0,0.0,0.0,0.0,0.0,0.0,R,3,2026-08-22_23-06-48,2026-08-23
0.96,1.0,0.8613138686131386,0.0,0.0,1.0,1.0,0.0,1.0,0.0,1.0,0.0,0.0,0.0,0.0,0.0,0.0,R,3,2026-08-22_23-06-48,2026-08-23
1.0,1.0,0.0,0.0,1.0,1.0,1.0,0.0,1.0,0.0,1.0,0.0,0.0,0.0,0.0,0.0,0.0,R,3,2026-08-22_23-06-48,2026-08-23
0.5618181818181818,1.0,0.28832116788321166,0.0,1.0,1.0,1.0,0.0,1.0,0.0,1.0,0.0,0.0,0.0,0.0,0.0,0.0,R,3,2026-08-22_23-06-48,2026-08-23
0.8418181818181818,1.0,0.0,0.0,0.0,1.0,1.0,0.0,1.0,0.0,1.0,0.0,0.0,0.0,0.0,0.0,0.0,R,3,2026-08-22_23-06-48,2026-08-23
0.6418181818181818,1.0,0.3686131386861314,0.0,1.0,1.0,1.0,0.0,1.0,0.0,1.0,0.0,0.0,0.0,0.0,0.0,0.0,R,3,2026-08-22_23-06-48,2026-08-23
0.8490909090909091,1.0,0.44525547445255476,0.0,0.06711409395973154,1.0,1.0,0.0,1.0,0.0,1.0,0.0,0.0,0.0,0.0,0.0,0.0,R,3,2026-08-22_23-06-48,2026-08-23
0.8272727272727273,1.0,0.3029197080291971,0.0,1.0,1.0,1.0,0.0,1.0,1.0,1.0,0.0,0.0,0.0,0.0,0.0,0.0,R,3,2026-08-22_23-06-48,2026-08-23
1.0,1.0,0.0,0.0,0.8859060402684564,1.0,1.0,0.0,1.0,0.0,1.0,0.0,0.0,0.0,0.0,0.0,0.0,R,3,2026-08-22_23-06-48,2026-08-23
1.0,1.0,0.0,0.0,0.20134228187919462,1.0,1.0,0.0,1.0,0.0,1.0,0.0,0.0,0.0,0.0,0.0,0.0,R,3,2026-08-22_23-06-48,2026-08-23
0.9218181818181819,1.0,0.33941605839416056,0.0,0.1610738255033557,1.0,1.0,0.0,1.0,0.0,1.0,0.0,0.0,0.0,0.0,0.0,0.0,R,3,2026-08-22_23-06-48,2026-08-23
1.0,1.0,0.17518248175182483,0.0,0.8053691275167785,1.0,1.0,0.0,1.0,0.0,1.0,0.0,0.0,0.0,0.0,0.0,0.0,R,3,2026-08-22_23-06-48,2026-08-23
0.7090909090909091,1.0,0.291970802919708,0.0,0.4429530201342282,1.0,1.0,0.0,1.0,0.0,1.0,0.0,0.0,0.0,0.0,0.0,0.0,R,3,2026-08-22_23-06-48,2026-08-23
0.9145454545454546,1.0,0.06569343065693431,0.0,0.8053691275167785,1.0,1.0,0.0,1.0,0.0,1.0,0.0,0.0,0.0,0.0,0.0,0.0,R,3,2026-08-22_23-06-48,2026-08-23
1.0,1.0,0.10948905109489052,0.0,0.0,1.0,1.0,0.0,1.0,0.0,1.0,0.0,0.0,0.0,0.0,0.0,0.0,R,3,2026-08-22_23-06-48,2026-08-23
0.9654545454545455,1.0,0.0948905109489051,0.0,1.0,1.0,1.0,0.0,1.0,0.0,1.0,0.0,0.0,0.0,0.0,0.0,0.0,R,3,2026-08-22_23-06-48,2026-08-23
0.9981818181818182,1.0,0.0,0.0,0.5234899328859061,1.0,1.0,0.0,1.0,1.0,1.0,0.0,0.0,0.0,0.0,0.0,0.0,R,4,2026-08-22_23-06-48,2026-08-23
0.9654545454545455,1.0,0.0,0.0,0.8053691275167785,1.0,1.0,0.0,1.0,1.0,1.0,0.0,0.0,0.0,0.0,0.0,0.0,R,4,2026-08-22_23-06-48,2026-08-23
0.9781818181818182,1.0,0.0,0.0,0.8053691275167785,1.0,1.0,0.0,1.0,1.0,1.0,0.0,0.0,0.0,0.0,0.0,0.0,R,4,2026-08-22_23-06-48,2026-08-23
1.0,1.0,0.0,0.0,0.8053691275167785,1.0,1.0,0.0,1.0,1.0,1.0,0.0,0.0,0.0,0.0,0.0,0.0,R,4,2026-08-22_23-06-48,2026-08-23
0.769090909090909,1.0,0.0,0.0,0.42953020134228187,1.0,1.0,0.0,1.0,1.0,1.0,0.0,0.0,0.0,0.0,0.0,0.0,R,4,2026-08-22_23-06-48,2026-08-23
0.7672727272727272,1.0,0.0,0.0,0.2953020134228188,1.0,1.0,0.0,1.0,1.0,1.0,0.0,0.0,0.0,0.0,0.0,0.0,R,4,2026-08-22_23-06-48,2026-08-23
0.9490909090909091,0.9132653061224489,0.0,0.0,0.174496644295302,1.0,1.0,0.0,1.0,0.0,1.0,0.0,0.0,0.0,0.0,0.0,0.0,R,4,2026-08-22_23-06-48,2026-08-23
0.9181818181818182,0.9081632653061225,0.0,0.0,0.348993288590604,1.0,1.0,0.0,1.0,1.0,1.0,0.0,0.0,0.0,0.0,0.0,0.0,R,4,2026-08-22_23-06-48,2026-08-23
0.9709090909090909,1.0,0.0,0.0,0.42953020134228187,1.0,1.0,0.0,1.0,1.0,1.0,0.0,0.0,0.0,0.0,0.0,0.0,R,4,2026-08-22_23-06-48,2026-08-23
1.0,1.0,0.06204379562043796,0.0,0.8053691275167785,1.0,1.0,0.0,1.0,1.0,1.0,0.0,0.0,0.0,0.0,0.0,0.0,R,4,2026-08-22_23-06-48,2026-08-23
0.8836363636363637,0.9642857142857143,0.0,0.0,0.3624161073825503,1.0,1.0,0.0,1.0,0.0,1.0,0.0,0.0,0.0,0.0,0.0,0.0,R,4,2026-08-22_23-06-48,2026-08-23
0.8618181818181818,1.0,0.0,0.0,0.8053691275167785,1.0,1.0,0.0,1.0,1.0,1.0,0.0,0.0,0.0,0.0,0.0,0.0,R,4,2026-08-22_23-06-48,2026-08-23
1.0,1.0,0.06204379562043796,0.0,0.42953020134228187,1.0,1.0,0.0,1.0,1.0,1.0,0.0,0.0,0.0,0.0,0.0,0.0,R,4,2026-08-22_23-06-48,2026-08-23
0.7654545454545455,1.0,0.0,0.0,0.4429530201342282,1.0,1.0,0.0,1.0,1.0,1.0,0.0,0.0,0.0,0.0,0.0,0.0,R,4,2026-08-22_23-06-48,2026-08-23
0.8527272727272728,1.0,0.0,0.0,0.28187919463087246,1.0,1.0,0.0,1.0,1.0,1.0,0.0,0.0,0.0,0.0,0.0,0.0,R,4,2026-08-22_23-06-48,2026-08-23
1.0,0.935374149659864,0.0,0.0,0.0,1.0,1.0,0.0,1.0,1.0,1.0,0.0,0.0,0.0,0.0,0.0,0.0,R,4,2026-08-22_23-06-48,2026-08-23
1.0,1.0,0.0,0.0,0.4563758389261745,1.0,1.0,0.0,1.0,1.0,1.0,0.0,0.0,0.0,0.0,0.0,0.0,R,4,2026-08-22_23-06-48,2026-08-23
0.8818181818181818,1.0,0.0,0.0,0.8053691275167785,1.0,1.0,0.0,1.0,1.0,1.0,0.0,0.0,0.0,0.0,0.0,0.0,R,4,2026-08-22_23-06-48,2026-08-23
0.8763636363636363,1.0,0.0,0.0,0.8053691275167785,1.0,1.0,0.0,1.0,1.0,1.0,0.0,0.0,0.0,0.0,0.0,0.0,R,4,2026-08-22_23-06-48,2026-08-23
0.9054545454545454,1.0,0.0,0.0,0.3221476510067114,1.0,1.0,0.0,1.0,1.0,1.0,0.0,0.0,0.0,0.0,0.0,0.0,R,4,2026-08-22_23-06-48,2026-08-23
1.0,1.0,0.0,0.0,0.42953020134228187,1.0,1.0,0.0,1.0,1.0,1.0,0.0,0.0,0.0,0.0,0.0,0.0,R,4,2026-08-22_23-06-48,2026-08-23
0.94,1.0,0.0,0.0,0.48322147651006714,1.0,1.0,0.0,1.0,1.0,1.0,0.0,0.0,0.0,0.0,0.0,0.0,R,4,2026-08-22_23-06-48,2026-08-23
0.96,1.0,0.0,0.0,0.4966442953020134,1.0,1.0,0.0,1.0,1.0,1.0,0.0,0.0,0.0,0.0,0.0,0.0,R,4,2026-08-22_23-06-48,2026-08-23
0.8436363636363636,0.9693877551020408,0.0,0.0,0.9798657718120806,1.0,1.0,0.0,1.0,1.0,1.0,0.0,0.0,0.0,0.0,0.0,0.0,R,4,2026-08-22_23-06-48,2026-08-23
1.0,1.0,0.0036496350364963502,0.0,0.8053691275167785,1.0,1.0,0.0,1.0,1.0,1.0,0.0,0.0,0.0,0.0,0.0,0.0,R,4,2026-08-22_23-06-48,2026-08-23
1.0,1.0,0.0,0.0,0.38926174496644295,1.0,1.0,0.0,1.0,1.0,1.0,0.0,0.0,0.0,0.0,0.0,0.0,R,4,2026-08-22_23-06-48,2026-08-23
0.9963636363636363,1.0,0.0,0.0,0.3221476510067114,1.0,1.0,0.0,1.0,1.0,1.0,0.0,0.0,0.0,0.0,0.0,0.0,R,4,2026-08-22_23-06-48,2026-08-23
1.0,1.0,0.058394160583941604,0.0,0.1610738255033557,1.0,1.0,0.0,1.0,1.0,1.0,0.0,0.0,0.0,0.0,0.0,0.0,R,4,2026-08-22_23-06-48,2026-08-23
1.0,1.0,0.058394160583941604,0.0,0.0,1.0,1.0,0.0,1.0,1.0,1.0,0.0,0.0,0.0,0.0,0.0,0.0,R,4,2026-08-22_23-06-48,2026-08-23
0.8327272727272728,1.0,0.0,0.0,0.10738255033557047,1.0,1.0,0.0,1.0,1.0,1.0,0.0,0.0,0.0,0.0,0.0,0.0,R,4,2026-08-22_23-06-48,2026-08-23
0.88,1.0,0.0,0.0,0.8053691275167785,1.0,1.0,0.0,1.0,1.0,1.0,0.0,0.0,0.0,0.0,0.0,0.0,R,4,2026-08-22_23-06-48,2026-08-23
1.0,0.9914965986394558,0.14963503649635038,0.0,0.2953020134228188,1.0,1.0,0.0,1.0,1.0,1.0,0.0,0.0,0.0,0.0,0.0,0.0,R,4,2026-08-22_23-06-48,2026-08-23
0.9290909090909091,1.0,0.0,0.0,0.0,1.0,1.0,0.0,1.0,1.0,1.0,0.0,0.0,0.0,0.0,0.0,0.0,R,4,2026-08-22_23-06-48,2026-08-23
0.8272727272727273,1.0,0.0,0.0,0.0,1.0,1.0,0.0,1.0,1.0,1.0,0.0,0.0,0.0,0.0,0.0,0.0,R,4,2026-08-22_23-06-48,2026-08-23
0.76,1.0,0.0,0.0,0.8053691275167785,1.0,1.0,0.0,1.0,1.0,1.0,0.0,0.0,0.0,0.0,0.0,0.0,R,4,2026-08-22_23-06-48,2026-08-23
0.8654545454545455,1.0,0.0,0.0,0.8053691275167785,1.0,1.0,0.0,1.0,1.0,1.0,0.0,0.0,0.0,0.0,0.0,0.0,R,4,2026-08-22_23-06-48,2026-08-23
0.8636363636363636,1.0,0.0,0.0,0.9530201342281879,1.0,1.0,0.0,1.0,1.0,1.0,0.0,0.0,0.0,0.0,0.0,0.0,R,4,2026-08-22_23-06-48,2026-08-23
1.0,0.9897959183673469,0.0,0.0,0.3624161073825503,1.0,1.0,0.0,1.0,1.0,1.0,0.0,0.0,0.0,0.0,0.0,0.0,R,4,2026-08-22_23-06-48,2026-08-23
0.8818181818181818,1.0,0.0,0.0,0.8859060402684564,1.0,1.0,0.0,1.0,1.0,1.0,0.0,0.0,0.0,0.0,0.0,0.0,R,4,2026-08-22_23-06-48,2026-08-23
1.0,1.0,0.0,0.0,0.21476510067114093,1.0,1.0,0.0,1.0,1.0,1.0,0.0,0.0,0.0,0.0,0.0,0.0,R,4,2026-08-22_23-06-48,2026-08-23
1.0,1.0,1.0,1.0,0.8053691275167785,0.0,1.0,1.0,1.0,1.0,0.0,0.0,0.0,0.0,0.0,0.0,0.0,S,0,2026-08-22_23-06-48,2026-08-23
0.9854545454545455,1.0,1.0,0.8110599078341014,0.5100671140939598,0.0,1.0,1.0,1.0,1.0,0.0,0.0,0.0,0.0,0.0,0.0,0.0,S,0,2026-08-22_23-06-48,2026-08-23
1.0,1.0,1.0,1.0,0.8322147651006712,0.0,1.0,1.0,1.0,1.0,0.0,0.0,0.0,0.0,0.0,0.0,0.0,S,0,2026-08-22_23-06-48,2026-08-23
0.9654545454545455,1.0,1.0,1.0,1.0,0.0,1.0,1.0,1.0,1.0,0.0,0.0,0.0,0.0,0.0,0.0,0.0,S,0,2026-08-22_23-06-48,2026-08-23
0.9418181818181818,1.0,1.0,1.0,0.8053691275167785,0.0,1.0,1.0,1.0,1.0,0.0,0.0,0.0,0.0,0.0,0.0,0.0,S,0,2026-08-22_23-06-48,2026-08-23
0.9327272727272727,1.0,1.0,1.0,0.8053691275167785,0.0,1.0,1.0,1.0,1.0,0.0,0.0,0.0,0.0,0.0,0.0,0.0,S,0,2026-08-22_23-06-48,2026-08-23
0.9581818181818181,1.0,1.0,1.0,1.0,0.0,1.0,1.0,1.0,1.0,0.0,0.0,0.0,0.0,0.0,0.0,0.0,S,0,2026-08-22_23-06-48,2026-08-23
0.9727272727272728,1.0,1.0,1.0,1.0,0.0,1.0,1.0,1.0,1.0,0.0,0.0,0.0,0.0,0.0,0.0,0.0,S,0,2026-08-22_23-06-48,2026-08-23
1.0,1.0,1.0,1.0,1.0,0.0,1.0,1.0,1.0,1.0,0.0,0.0,0.0,0.0,0.0,0.0,0.0,S,0,2026-08-22_23-06-48,2026-08-23
1.0,1.0,1.0,0.9493087557603687,1.0,0.0,1.0,1.0,1.0,1.0,0.0,0.0,0.0,0.0,0.0,0.0,0.0,S,0,2026-08-22_23-06-48,2026-08-23
1.0,1.0,1.0,0.8294930875576036,1.0,0.0,1.0,1.0,1.0,1.0,0.0,0.0,0.0,0.0,0.0,0.0,0.0,S,0,2026-08-22_23-06-48,2026-08-23
0.9981818181818182,1.0,1.0,1.0,1.0,0.0,1.0,1.0,1.0,1.0,0.0,0.0,0.0,0.0,0.0,0.0,0.0,S,0,2026-08-22_23-06-48,2026-08-23
0.8927272727272727,1.0,1.0,0.5576036866359447,0.48322147651006714,0.0,1.0,1.0,1.0,1.0,0.0,0.0,0.0,0.0,0.0,0.0,0.0,S,0,2026-08-22_23-06-48,2026-08-23
0.9636363636363636,1.0,1.0,1.0,1.0,0.0,1.0,1.0,1.0,1.0,0.0,0.0,0.0,0.0,0.0,0.0,0.0,S,0,2026-08-22_23-06-48,2026-08-23
0.9981818181818182,1.0,1.0,0.967741935483871,0.912751677852349,0.0,1.0,1.0,1.0,1.0,0.0,0.0,0.0,0.0,0.0,0.0,0.0,S,0,2026-08-22_23-06-48,2026-08-23
1.0,1.0,1.0,1.0,1.0,0.0,1.0,1.0,1.0,1.0,0.0,0.0,0.0,0.0,0.0,0.0,0.0,S,0,2026-08-22_23-06-48,2026-08-23
0.8581818181818182,1.0,1.0,1.0,1.0,0.0,1.0,1.0,1.0,1.0,0.0,0.0,0.0,0.0,0.0,0.0,0.0,S,0,2026-08-22_23-06-48,2026-08-23
0.7927272727272727,1.0,1.0,0.9631336405529954,1.0,0.0,1.0,1.0,1.0,1.0,0.0,0.0,0.0,0.0,0.0,0.0,0.0,S,0,2026-08-22_23-06-48,2026-08-23
1.0,1.0,1.0,0.8847926267281107,1.0,0.0,1.0,1.0,1.0,1.0,0.0,0.0,0.0,0.0,0.0,0.0,0.0,S,0,2026-08-22_23-06-48,2026-08-23
0.9981818181818182,1.0,1.0,1.0,0.9932885906040269,0.0,1.0,1.0,1.0,1.0,0.0,0.0,0.0,0.0,0.0,0.0,0.0,S,0,2026-08-22_23-06-48,2026-08-23
0.9745454545454545,1.0,1.0,1.0,1.0,0.0,1.0,1.0,1.0,1.0,0.0,0.0,0.0,0.0,0.0,0.0,0.0,S,0,2026-08-22_23-06-48,2026-08-23
0.8636363636363636,1.0,1.0,0.9861751152073732,1.0,0.0,1.0,1.0,1.0,1.0,0.0,0.0,0.0,0.0,0.0,0.0,0.0,S,0,2026-08-22_23-06-48,2026-08-23
1.0,1.0,1.0,0.7373271889400922,1.0,0.0,1.0,1.0,1.0,1.0,0.0,0.0,0.0,0.0,0.0,0.0,0.0,S,0,2026-08-22_23-06-48,2026-08-23
1.0,1.0,1.0,1.0,1.0,0.0,1.0,1.0,1.0,1.0,0.0,0.0,0.0,0.0,0.0,0.0,0.0,S,0,2026-08-22_23-06-48,2026-08-23
0.9509090909090909,1.0,1.0,0.8525345622119815,1.0,0.0,1.0,1.0,1.0,1.0,0.0,0.0,0.0,0.0,0.0,0.0,0.0,S,0,2026-08-22_23-06-48,2026-08-23
0.9290909090909091,1.0,1.0,1.0,1.0,0.0,1.0,1.0,1.0,1.0,0.0,0.0,0.0,0.0,0.0,0.0,0.0,S,0,2026-08-22_23-06-48,2026-08-23
0.9709090909090909,1.0,1.0,1.0,1.0,0.0,1.0,1.0,1.0,1.0,0.0,0.0,0.0,0.0,0.0,0.0,0.0,S,0,2026-08-22_23-06-48,2026-08-23
1.0,1.0,1.0,0.9861751152073732,1.0,0.0,1.0,1.0,1.0,1.0,0.0,0.0,0.0,0.0,0.0,0.0,0.0,S,0,2026-08-22_23-06-48,2026-08-23
1.0,1.0,1.0,1.0,1.0,0.0,1.0,1.0,1.0,1.0,0.0,0.0,0.0,0.0,0.0,0.0,0.0,S,0,2026-08-22_23-06-48,2026-08-23
0.9745454545454545,1.0,1.0,1.0,0.912751677852349,0.0,1.0,1.0,1.0,1.0,0.0,0.0,0.0,0.0,0.0,0.0,0.0,S,0,2026-08-22_23-06-48,2026-08-23
1.0,1.0,1.0,0.9585253456221198,1.0,0.0,1.0,1.0,1.0,1.0,0.0,0.0,0.0,0.0,0.0,0.0,0.0,S,0,2026-08-22_23-06-48,2026-08-23
1.0,1.0,1.0,1.0,0.912751677852349,0.0,1.0,1.0,1.0,1.0,0.0,0.0,0.0,0.0,0.0,0.0,0.0,S,0,2026-08-22_23-06-48,2026-08-23
0.649090909090909,1.0,1.0,1.0,1.0,0.0,1.0,1.0,1.0,1.0,0.0,0.0,0.0,0.0,0.0,0.0,0.0,S,0,2026-08-22_23-06-48,2026-08-23
0.7236363636363636,1.0,1.0,1.0,1.0,0.0,1.0,1.0,1.0,1.0,0.0,0.0,0.0,0.0,0.0,0.0,0.0,S,0,2026-08-22_23-06-48,2026-08-23
1.0,1.0,1.0,0.2995391705069124,1.0,0.0,1.0,1.0,1.0,1.0,0.0,0.0,0.0,0.0,0.0,0.0,0.0,S,0,2026-08-22_23-06-48,2026-08-23
1.0,1.0,1.0,1.0,1.0,0.0,1.0,1.0,1.0,1.0,0.0,0.0,0.0,0.0,0.0,0.0,0.0,S,0,2026-08-22_23-06-48,2026-08-23
1.0,1.0,1.0,0.0967741935483871,0.48322147651006714,0.0,1.0,1.0,1.0,1.0,0.0,0.0,0.0,0.0,0.0,0.0,0.0,S,0,2026-08-22_23-06-48,2026-08-23
1.0,1.0,1.0,0.8202764976958525,1.0,0.0,1.0,1.0,1.0,1.0,0.0,0.0,0.0,0.0,0.0,0.0,0.0,S,0,2026-08-22_23-06-48,2026-08-23
1.0,1.0,1.0,1.0,1.0,0.0,1.0,1.0,1.0,1.0,0.0,0.0,0.0,0.0,0.0,0.0,0.0,S,0,2026-08-22_23-06-48,2026-08-23
1.0,1.0,1.0,1.0,1.0,0.0,1.0,1.0,1.0,1.0,0.0,0.0,0.0,0.0,0.0,0.0,0.0,S,0,2026-08-22_23-06-48,2026-08-23
0.9672727272727273,0.9132653061224489,0.8211678832116789,0.8709677419354839,1.0,0.0,1.0,1.0,1.0,1.0,0.0,0.0,0.0,0.0,0.0,0.0,0.0,S,1,2026-08-22_23-06-48,2026-08-23
1.0,1.0,0.9343065693430657,0.9400921658986175,0.912751677852349,0.0,1.0,1.0,1.0,1.0,0.0,0.0,0.0,0.0,0.0,0.0,0.0,S,1,2026-08-22_23-06-48,2026-08-23
1.0,0.9608843537414966,0.7481751824817519,1.0,1.0,0.0,1.0,1.0,1.0,1.0,0.0,0.0,0.0,0.0,0.0,0.0,0.0,S,1,2026-08-22_23-06-48,2026-08-23
1.0,0.8894557823129252,0.9233576642335767,1.0,1.0,0.0,1.0,1.0,1.0,1.0,0.0,0.0,0.0,0.0,0.0,0.0,0.0,S,1,2026-08-22_23-06-48,2026-08-23
1.0,0.9064625850340136,0.8248175182481752,1.0,1.0,0.0,1.0,1.0,1.0,1.0,0.0,0.0,0.0,0.0,0.0,0.0,0.0,S,1,2026-08-22_23-06-48,2026-08-23
0.9981818181818182,0.9115646258503401,0.7554744525547445,0.9078341013824884,1.0,0.0,1.0,1.0,1.0,1.0,0.0,0.0,0.0,0.0,0.0,0.0,0.0,S,1,2026-08-22_23-06-48,2026-08-23
1.0,0.9744897959183674,0.9963503649635036,0.8986175115207373,1.0,0.0,1.0,1.0,1.0,1.0,0.0,0.0,0.0,0.0,0.0,0.0,0.0,S,1,2026-08-22_23-06-48,2026-08-23
1.0,0.9506802721088435,0.7737226277372263,1.0,1.0,0.0,1.0,1.0,1.0,1.0,0.0,0.0,0.0,0.0,0.0,0.0,0.0,S,1,2026-08-22_23-06-48,2026-08-23
1.0,0.9931972789115646,0.9927007299270073,0.7235023041474654,1.0,0.0,1.0,1.0,1.0,1.0,0.0,0.0,0.0,0.0,0.0,0.0,0.0,S,1,2026-08-22_23-06-48,2026-08-23
1.0,0.9540816326530612,0.9817518248175182,1.0,1.0,0.0,1.0,1.0,1.0,1.0,0.0,0.0,0.0,0.0,0.0,0.0,0.0,S,1,2026-08-22_23-06-48,2026-08-23
1.0,0.9081632653061225,0.8795620437956204,0.8894009216589862,1.0,0.0,1.0,1.0,1.0,1.0,0.0,0.0,0.0,0.0,0.0,0.0,0.0,S,1,2026-08-22_23-06-48,2026-08-23
1.0,0.9217687074829932,0.9817518248175182,1.0,1.0,0.0,1.0,1.0,1.0,1.0,0.0,0.0,0.0,0.0,0.0,0.0,0.0,S,1,2026-08-22_23-06-48,2026-08-23
1.0,0.9506802721088435,0.927007299270073,1.0,1.0,0.0,1.0,1.0,1.0,1.0,0.0,0.0,0.0,0.0,0.0,0.0,0.0,S,1,2026-08-22_23-06-48,2026-08-23
1.0,0.9455782312925171,1.0,1.0,1.0,0.0,1.0,1.0,1.0,1.0,0.0,0.0,0.0,0.0,0.0,0.0,0.0,S,1,2026-08-22_23-06-48,2026-08-23
1.0,0.9897959183673469,1.0,1.0,1.0,0.0,1.0,1.0,1.0,1.0,0.0,0.0,0.0,0.0,0.0,0.0,0.0,S,1,2026-08-22_23-06-48,2026-08-23
0.9981818181818182,0.9523809523809523,0.8321167883211679,1.0,1.0,0.0,1.0,1.0,1.0,1.0,0.0,0.0,0.0,0.0,0.0,0.0,0.0,S,1,2026-08-22_23-06-48,2026-08-23
1.0,0.9285714285714286,0.8357664233576643,0.9354838709677419,1.0,0.0,1.0,1.0,1.0,1.0,0.0,0.0,0.0,0.0,0.0,0.0,0.0,S,1,2026-08-22_23-06-48,2026-08-23
1.0,0.9829931972789115,0.8211678832116789,1.0,1.0,0.0,1.0,1.0,1.0,1.0,0.0,0.0,0.0,0.0,0.0,0.0,0.0,S,1,2026-08-22_23-06-48,2026-08-23
1.0,1.0,0.8102189781021898,1.0,1.0,0.0,1.0,1.0,1.0,1.0,0.0,0.0,0.0,0.0,0.0,0.0,0.0,S,1,2026-08-22_23-06-48,2026-08-23
1.0,0.967687074829932,0.8576642335766423,0.9815668202764977,1.0,0.0,1.0,1.0,1.0,1.0,0.0,0.0,0.0,0.0,0.0,0.0,0.0,S,1,2026-08-22_23-06-48,2026-08-23
1.0,0.9574829931972789,0.916058394160584,1.0,1.0,0.0,1.0,1.0,1.0,1.0,0.0,0.0,0.0,0.0,0.0,0.0,0.0,S,1,2026-08-22_23-06-48,2026-08-23
1.0,0.9931972789115646,0.9124087591240876,0.9354838709677419,1.0,0.0,1.0,1.0,1.0,1.0,0.0,0.0,0.0,0.0,0.0,0.0,0.0,S,1,2026-08-22_23-06-48,2026-08-23
1.0,0.9948979591836735,0.927007299270073,1.0,1.0,0.0,1.0,1.0,1.0,1.0,0.0,0.0,0.0,0.0,0.0,0.0,0.0,S,1,2026-08-22_23-06-48,2026-08-23
1.0,0.9659863945578231,1.0,1.0,1.0,0.0,1.0,1.0,1.0,1.0,0.0,0.0,0.0,0.0,0.0,0.0,0.0,S,1,2026-08-22_23-06-48,2026-08-23
1.0,0.9744897959183674,0.7627737226277372,1.0,1.0,0.0,1.0,1.0,1.0,1.0,0.0,0.0,0.0,0.0,0.0,0.0,0.0,S,1,2026-08-22_23-06-48,2026-08-23
1.0,0.9421768707482994,0.8722627737226277,1.0,1.0,0.0,1.0,1.0,1.0,1.0,0.0,0.0,0.0,0.0,0.0,0.0,0.0,S,1,2026-08-22_23-06-48,2026-08-23
1.0,0.9098639455782312,0.8102189781021898,1.0,1.0,0.0,1.0,1.0,1.0,1.0,0.0,0.0,0.0,0.0,0.0,0.0,0.0,S,1,2026-08-22_23-06-48,2026-08-23
0.9945454545454545,0.9370748299319728,0.6423357664233577,0.9354838709677419,1.0,0.0,1.0,1.0,1.0,1.0,0.0,0.0,0.0,0.0,0.0,0.0,0.0,S,1,2026-08-22_23-06-48,2026-08-23
1.0,0.9166666666666666,1.0,1.0,1.0,0.0,1.0,1.0,1.0,1.0,0.0,0.0,0.0,0.0,0.0,0.0,0.0,S,1,2026-08-22_23-06-48,2026-08-23
1.0,0.8962585034013606,0.7372262773722628,1.0,1.0,0.0,1.0,1.0,1.0,1.0,0.0,0.0,0.0,0.0,0.0,0.0,0.0,S,1,2026-08-22_23-06-48,2026-08-23
1.0,0.9727891156462585,1.0,1.0,1.0,0.0,1.0,1.0,1.0,1.0,0.0,0.0,0.0,0.0,0.0,0.0,0.0,S,1,2026-08-22_23-06-48,2026-08-23
1.0,0.9302721088435374,1.0,1.0,1.0,0.0,1.0,1.0,1.0,1.0,0.0,0.0,0.0,0.0,0.0,0.0,0.0,S,1,2026-08-22_23-06-48,2026-08-23
1.0,0.9200680272108843,0.718978102189781,0.8525345622119815,1.0,0.0,1.0,1.0,1.0,1.0,0.0,0.0,0.0,0.0,0.0,0.0,0.0,S,1,2026-08-22_23-06-48,2026-08-23
1.0,0.9370748299319728,1.0,1.0,1.0,0.0,1.0,1.0,1.0,1.0,0.0,0.0,0.0,0.0,0.0,0.0,0.0,S,1,2026-08-22_23-06-48,2026-08-23
1.0,0.9710884353741497,0.9927007299270073,1.0,1.0,0.0,1.0,1.0,1.0,1.0,0.0,0.0,0.0,0.0,0.0,0.0,0.0,S,1,2026-08-22_23-06-48,2026-08-23
1.0,1.0,1.0,1.0,1.0,0.0,1.0,1.0,1.0,1.0,0.0,0.0,0.0,0.0,0.0,0.0,0.0,S,1,2026-08-22_23-06-48,2026-08-23
1.0,1.0,0.9927007299270073,0.9539170506912442,1.0,0.0,1.0,1.0,1.0,1.0,0.0,0.0,0.0,0.0,0.0,0.0,0.0,S,1,2026-08-22_23-06-48,2026-08-23
1.0,0.9608843537414966,0.8613138686131386,0.7649769585253456,1.0,0.0,1.0,1.0,1.0,1.0,0.0,0.0,0.0,0.0,0.0,0.0,0.0,S,1,2026-08-22_23-06-48,2026-08-23
1.0,0.9897959183673469,0.948905109489051,0.8755760368663594,1.0,0.0,1.0,1.0,1.0,1.0,0.0,0.0,0.0,0.0,0.0,0.0,0.0,S,1,2026-08-22_23-06-48,2026-08-23
1.0,0.9625850340136054,0.8284671532846716,1.0,1.0,0.0,1.0,1.0,1.0,1.0,0.0,0.0,0.0,0.0,0.0,0.0,0.0,S,1,2026-08-22_23-06-48,2026-08-23
1.0,1.0,0.9963503649635036,0.9907834101382489,1.0,0.0,1.0,1.0,1.0,1.0,0.0,0.0,0.0,0.0,0.0,0.0,0.0,S,2,2026-08-22_23-06-48,2026-08-23
1.0,1.0,0.9233576642335767,0.9447004608294931,1.0,0.0,1.0,1.0,1.0,1.0,0.0,0.0,0.0,0.0,0.0,0.0,0.0,S,2,2026-08-22_23-06-48,2026-08-23
1.0,1.0,1.0,0.9124423963133641,1.0,0.0,1.0,1.0,1.0,1.0,0.0,0.0,0.0,0.0,0.0,0.0,0.0,S,2,2026-08-22_23-06-48,2026-08-23
1.0,1.0,1.0,1.0,1.0,0.0,1.0,1.0,1.0,1.0,0.0,0.0,0.0,0.0,0.0,0.0,0.0,S,2,2026-08-22_23-06-48,2026-08-23
1.0,1.0,0.9635036496350365,1.0,1.0,0.0,1.0,1.0,1.0,1.0,0.0,0.0,0.0,0.0,0.0,0.0,0.0,S,2,2026-08-22_23-06-48,2026-08-23
1.0,1.0,0.9343065693430657,0.8709677419354839,1.0,0.0,1.0,1.0,1.0,1.0,0.0,0.0,0.0,0.0,0.0,0.0,0.0,S,2,2026-08-22_23-06-48,2026-08-23
1.0,1.0,1.0,1.0,1.0,0.0,1.0,1.0,1.0,1.0,0.0,0.0,0.0,0.0,0.0,0.0,0.0,S,2,2026-08-22_23-06-48,2026-08-23
1.0,1.0,1.0,1.0,1.0,0.0,1.0,1.0,1.0,1.0,0.0,0.0,0.0,0.0,0.0,0.0,0.0,S,2,2026-08-22_23-06-48,2026-08-23
1.0,1.0,1.0,0.9815668202764977,1.0,0.0,1.0,1.0,1.0,1.0,0.0,0.0,0.0,0.0,0.0,0.0,0.0,S,2,2026-08-22_23-06-48,2026-08-23
1.0,1.0,0.7481751824817519,0.9539170506912442,1.0,0.0,1.0,1.0,1.0,1.0,0.0,0.0,0.0,0.0,0.0,0.0,0.0,S,2,2026-08-22_23-06-48,2026-08-23
1.0,1.0,0.9927007299270073,0.9815668202764977,1.0,0.0,1.0,1.0,1.0,1.0,0.0,0.0,0.0,0.0,0.0,0.0,0.0,S,2,2026-08-22_23-06-48,2026-08-23
1.0,1.0,1.0,1.0,1.0,0.0,1.0,1.0,1.0,1.0,0.0,0.0,0.0,0.0,0.0,0.0,0.0,S,2,2026-08-22_23-06-48,2026-08-23
1.0,1.0,1.0,0.8894009216589862,1.0,0.0,1.0,1.0,1.0,1.0,0.0,0.0,0.0,0.0,0.0,0.0,0.0,S,2,2026-08-22_23-06-48,2026-08-23
0.9418181818181818,1.0,0.8941605839416058,0.8986175115207373,1.0,0.0,1.0,1.0,1.0,1.0,0.0,0.0,0.0,0.0,0.0,0.0,0.0,S,2,2026-08-22_23-06-48,2026-08-23
1.0,1.0,0.864963503649635,0.9539170506912442,1.0,0.0,1.0,1.0,1.0,1.0,0.0,0.0,0.0,0.0,0.0,0.0,0.0,S,2,2026-08-22_23-06-48,2026-08-23
1.0,1.0,0.8284671532846716,0.8755760368663594,1.0,0.0,1.0,1.0,1.0,1.0,0.0,0.0,0.0,0.0,0.0,0.0,0.0,S,2,2026-08-22_23-06-48,2026-08-23
1.0,1.0,0.8941605839416058,1.0,1.0,0.0,1.0,1.0,1.0,1.0,0.0,0.0,0.0,0.0,0.0,0.0,0.0,S,2,2026-08-22_23-06-48,2026-08-23
1.0,1.0,1.0,1.0,1.0,0.0,1.0,1.0,1.0,1.0,0.0,0.0,0.0,0.0,0.0,0.0,0.0,S,2,2026-08-22_23-06-48,2026-08-23
0.9927272727272727,1.0,0.9854014598540146,1.0,0.8053691275167785,0.0,1.0,1.0,1.0,1.0,0.0,0.0,0.0,0.0,0.0,0.0,0.0,S,2,2026-08-22_23-06-48,2026-08-23
1.0,1.0,0.8759124087591241,0.9078341013824884,1.0,0.0,1.0,1.0,1.0,1.0,0.0,0.0,0.0,0.0,0.0,0.0,0.0,S,2,2026-08-22_23-06-48,2026-08-23
1.0,1.0,0.9124087591240876,1.0,0.8322147651006712,0.0,1.0,1.0,1.0,1.0,0.0,0.0,0.0,0.0,0.0,0.0,0.0,S,2,2026-08-22_23-06-48,2026-08-23
0.9981818181818182,1.0,1.0,1.0,1.0,0.0,1.0,1.0,1.0,1.0,0.0,0.0,0.0,0.0,0.0,0.0,0.0,S,2,2026-08-22_23-06-48,2026-08-23
0.9781818181818182,1.0,1.0,1.0,1.0,0.0,1.0,1.0,1.0,1.0,0.0,0.0,0.0,0.0,0.0,0.0,0.0,S,2,2026-08-22_23-06-48,2026-08-23
1.0,1.0,0.8722627737226277,0.9493087557603687,1.0,0.0,1.0,1.0,1.0,1.0,0.0,0.0,0.0,0.0,0.0,0.0,0.0,S,2,2026-08-22_23-06-48,2026-08-23
1.0,1.0,1.0,1.0,1.0,0.0,1.0,1.0,1.0,1.0,0.0,0.0,0.0,0.0,0.0,0.0,0.0,S,2,2026-08-22_23-06-48,2026-08-23
1.0,0.9982993197278912,1.0,1.0,1.0,0.0,1.0,1.0,1.0,1.0,0.0,0.0,0.0,0.0,0.0,0.0,0.0,S,2,2026-08-22_23-06-48,2026-08-23
1.0,0.9285714285714286,0.916058394160584,0.9493087557603687,1.0,0.0,1.0,1.0,1.0,1.0,0.0,0.0,0.0,0.0,0.0,0.0,0.0,S,2,2026-08-22_23-06-48,2026-08-23
1.0,0.9795918367346939,0.9890510948905109,0.9861751152073732,1.0,0.0,1.0,1.0,1.0,1.0,0.0,0.0,0.0,0.0,0.0,0.0,0.0,S,2,2026-08-22_23-06-48,2026-08-23
1.0,1.0,1.0,0.8894009216589862,1.0,0.0,1.0,1.0,1.0,1.0,0.0,0.0,0.0,0.0,0.0,0.0,0.0,S,2,2026-08-22_23-06-48,2026-08-23
1.0,0.9846938775510204,1.0,0.9539170506912442,1.0,0.0,1.0,1.0,1.0,1.0,0.0,0.0,0.0,0.0,0.0,0.0,0.0,S,2,2026-08-22_23-06-48,2026-08-23
1.0,0.9880952380952381,1.0,0.9032258064516129,1.0,0.0,1.0,1.0,1.0,1.0,0.0,0.0,0.0,0.0,0.0,0.0,0.0,S,2,2026-08-22_23-06-48,2026-08-23
1.0,0.9523809523809523,0.8248175182481752,1.0,1.0,0.0,1.0,1.0,1.0,1.0,0.0,0.0,0.0,0.0,0.0,0.0,0.0,S,2,2026-08-22_23-06-48,2026-08-23
0.9727272727272728,1.0,0.9854014598540146,0.8847926267281107,1.0,0.0,1.0,1.0,1.0,1.0,0.0,0.0,0.0,0.0,0.0,0.0,0.0,S,2,2026-08-22_23-06-48,2026-08-23
0.9418181818181818,0.9591836734693877,0.9124087591240876,0.9585253456221198,1.0,0.0,1.0,1.0,1.0,1.0,0.0,0.0,0.0,0.0,0.0,0.0,0.0,S,2,2026-08-22_23-06-48,2026-08-23
1.0,0.9965986394557823,0.9927007299270073,0.9493087557603687,1.0,0.0,1.0,1.0,1.0,1.0,0.0,0.0,0.0,0.0,0.0,0.0,0.0,S,2,2026-08-22_23-06-48,2026-08-23
1.0,0.9863945578231292,0.9708029197080292,0.9447004608294931,1.0,0.0,1.0,1.0,1.0,1.0,0.0,0.0,0.0,0.0,0.0,0.0,0.0,S,2,2026-08-22_23-06-48,2026-08-23
0.9981818181818182,1.0,1.0,1.0,1.0,0.0,1.0,1.0,1.0,1.0,0.0,0.0,0.0,0.0,0.0,0.0,0.0,S,2,2026-08-22_23-06-48,2026-08-23
1.0,1.0,1.0,1.0,1.0,0.0,1.0,1.0,1.0,1.0,0.0,0.0,0.0,0.0,0.0,0.0,0.0,S,2,2026-08-22_23-06-48,2026-08-23
0.9981818181818182,1.0,1.0,1.0,1.0,0.0,1.0,1.0,1.0,1.0,0.0,0.0,0.0,0.0,0.0,0.0,0.0,S,2,2026-08-22_23-06-48,2026-08-23
1.0,1.0,1.0,1.0,1.0,0.0,1.0,1.0,1.0,1.0,0.0,0.0,0.0,0.0,0.0,0.0,0.0,S,2,2026-08-22_23-06-48,2026-08-23
1.0,0.967687074829932,1.0,1.0,1.0,1.0,1.0,1.0,1.0,1.0,1.0,0.0,0.0,0.0,0.0,0.0,0.0,S,3,2026-08-22_23-06-48,2026-08-23
1.0,1.0,1.0,1.0,1.0,1.0,1.0,1.0,1.0,1.0,1.0,0.0,0.0,0.0,0.0,0.0,0.0,S,3,2026-08-22_23-06-48,2026-08-23
1.0,0.9540816326530612,1.0,0.9585253456221198,1.0,1.0,1.0,1.0,1.0,1.0,1.0,0.0,0.0,0.0,0.0,0.0,0.0,S,3,2026-08-22_23-06-48,2026-08-23
1.0,0.9846938775510204,0.9197080291970803,0.9815668202764977,1.0,1.0,1.0,1.0,1.0,1.0,1.0,0.0,0.0,0.0,0.0,0.0,0.0,S,3,2026-08-22_23-06-48,2026-08-23
1.0,1.0,1.0,0.9815668202764977,1.0,1.0,1.0,1.0,1.0,1.0,1.0,0.0,0.0,0.0,0.0,0.0,0.0,S,3,2026-08-22_23-06-48,2026-08-23
1.0,1.0,1.0,0.9308755760368663,1.0,1.0,1.0,1.0,1.0,1.0,1.0,0.0,0.0,0.0,0.0,0.0,0.0,S,3,2026-08-22_23-06-48,2026-08-23
1.0,0.9795918367346939,1.0,0.8847926267281107,1.0,1.0,1.0,1.0,1.0,1.0,1.0,0.0,0.0,0.0,0.0,0.0,0.0,S,3,2026-08-22_23-06-48,2026-08-23
1.0,1.0,1.0,0.9262672811059908,1.0,1.0,1.0,1.0,1.0,1.0,1.0,0.0,0.0,0.0,0.0,0.0,0.0,S,3,2026-08-22_23-06-48,2026-08-23
1.0,1.0,0.9817518248175182,1.0,1.0,1.0,1.0,1.0,1.0,1.0,1.0,0.0,0.0,0.0,0.0,0.0,0.0,S,3,2026-08-22_23-06-48,2026-08-23
1.0,0.9948979591836735,0.8686131386861314,0.9907834101382489,1.0,1.0,1.0,1.0,1.0,1.0,1.0,0.0,0.0,0.0,0.0,0.0,0.0,S,3,2026-08-22_23-06-48,2026-08-23
0.9436363636363636,0.9336734693877551,0.8722627737226277,0.967741935483871,1.0,1.0,1.0,1.0,1.0,1.0,1.0,0.0,0.0,0.0,0.0,0.0,0.0,S,3,2026-08-22_23-06-48,2026-08-23
0.9763636363636363,0.9132653061224489,0.843065693430657,0.9585253456221198,0.8993288590604027,1.0,1.0,1.0,1.0,1.0,1.0,0.0,0.0,0.0,0.0,0.0,0.0,S,3,2026-08-22_23-06-48,2026-08-23
0.990909090909091,1.0,1.0,0.880184331797235,1.0,1.0,1.0,1.0,1.0,1.0,1.0,0.0,0.0,0.0,0.0,0.0,0.0,S,3,2026-08-22_23-06-48,2026-08-23
1.0,0.9132653061224489,1.0,0.8110599078341014,1.0,1.0,1.0,1.0,1.0,1.0,1.0,0.0,0.0,0.0,0.0,0.0,0.0,S,3,2026-08-22_23-06-48,2026-08-23
1.0,0.9591836734693877,1.0,0.8847926267281107,1.0,1.0,1.0,1.0,1.0,1.0,1.0,0.0,0.0,0.0,0.0,0.0,0.0,S,3,2026-08-22_23-06-48,2026-08-23
1.0,1.0,0.8905109489051095,1.0,1.0,1.0,1.0,1.0,1.0,1.0,1.0,0.0,0.0,0.0,0.0,0.0,0.0,S,3,2026-08-22_23-06-48,2026-08-23
1.0,0.9931972789115646,0.9817518248175182,0.8064516129032258,0.8053691275167785,1.0,1.0,1.0,1.0,1.0,1.0,0.0,0.0,0.0,0.0,0.0,0.0,S,3,2026-08-22_23-06-48,2026-08-23
0.9981818181818182,0.9982993197278912,0.9708029197080292,1.0,1.0,1.0,1.0,1.0,1.0,1.0,1.0,0.0,0.0,0.0,0.0,0.0,0.0,S,3,2026-08-22_23-06-48,2026-08-23
1.0,0.9506802721088435,1.0,1.0,1.0,1.0,1.0,1.0,1.0,1.0,1.0,0.0,0.0,0.0,0.0,0.0,0.0,S,3,2026-08-22_23-06-48,2026-08-23
1.0,0.9778911564625851,1.0,1.0,1.0,1.0,1.0,1.0,1.0,1.0,1.0,0.0,0.0,0.0,0.0,0.0,0.0,S,3,2026-08-22_23-06-48,2026-08-23
0.9818181818181818,0.9880952380952381,1.0,1.0,1.0,1.0,1.0,1.0,1.0,1.0,1.0,0.0,0.0,0.0,0.0,0.0,0.0,S,3,2026-08-22_23-06-48,2026-08-23
1.0,0.9948979591836735,1.0,0.9815668202764977,1.0,1.0,1.0,1.0,1.0,1.0,1.0,0.0,0.0,0.0,0.0,0.0,0.0,S,3,2026-08-22_23-06-48,2026-08-23
1.0,0.9727891156462585,1.0,1.0,1.0,1.0,1.0,1.0,1.0,1.0,1.0,0.0,0.0,0.0,0.0,0.0,0.0,S,3,2026-08-22_23-06-48,2026-08-23
1.0,0.9625850340136054,1.0,1.0,1.0,1.0,1.0,1.0,1.0,1.0,1.0,0.0,0.0,0.0,0.0,0.0,0.0,S,3,2026-08-22_23-06-48,2026-08-23
0.9818181818181818,1.0,1.0,0.9723502304147466,1.0,1.0,1.0,1.0,1.0,1.0,1.0,0.0,0.0,0.0,0.0,0.0,0.0,S,3,2026-08-22_23-06-48,2026-08-23
1.0,0.9523809523809523,1.0,0.9585253456221198,1.0,1.0,1.0,1.0,1.0,1.0,1.0,0.0,0.0,0.0,0.0,0.0,0.0,S,3,2026-08-22_23-06-48,2026-08-23
1.0,0.9387755102040817,1.0,0.9078341013824884,1.0,1.0,1.0,1.0,1.0,1.0,1.0,0.0,0.0,0.0,0.0,0.0,0.0,S,3,2026-08-22_23-06-48,2026-08-23
1.0,0.9965986394557823,0.9124087591240876,0.8755760368663594,1.0,1.0,1.0,1.0,1.0,1.0,1.0,0.0,0.0,0.0,0.0,0.0,0.0,S,3,2026-08-22_23-06-48,2026-08-23
1.0,0.9846938775510204,0.9927007299270073,0.9631336405529954,0.9664429530201343,1.0,1.0,1.0,1.0,1.0,1.0,0.0,0.0,0.0,0.0,0.0,0.0,S,3,2026-08-22_23-06-48,2026-08-23
1.0,0.9574829931972789,0.8686131386861314,0.8294930875576036,1.0,1.0,1.0,1.0,1.0,1.0,1.0,0.0,0.0,0.0,0.0,0.0,0.0,S,3,2026-08-22_23-06-48,2026-08-23
1.0,0.9846938775510204,0.8905109489051095,0.8847926267281107,1.0,1.0,1.0,1.0,1.0,1.0,1.0,0.0,0.0,0.0,0.0,0.0,0.0,S,3,2026-08-22_23-06-48,2026-08-23
1.0,0.9795918367346939,1.0,1.0,1.0,1.0,1.0,1.0,1.0,1.0,1.0,0.0,0.0,0.0,0.0,0.0,0.0,S,3,2026-08-22_23-06-48,2026-08-23
1.0,1.0,1.0,0.8709677419354839,1.0,1.0,1.0,1.0,1.0,1.0,1.0,0.0,0.0,0.0,0.0,0.0,0.0,S,3,2026-08-22_23-06-48,2026-08-23
0.9890909090909091,0.9438775510204082,0.8795620437956204,0.8847926267281107,1.0,1.0,1.0,1.0,1.0,1.0,1.0,0.0,0.0,0.0,0.0,0.0,0.0,S,3,2026-08-22_23-06-48,2026-08-23
0.9527272727272728,0.9625850340136054,0.9781021897810219,1.0,1.0,1.0,1.0,1.0,1.0,1.0,1.0,0.0,0.0,0.0,0.0,0.0,0.0,S,3,2026-08-22_23-06-48,2026-08-23
1.0,0.9149659863945578,1.0,1.0,1.0,1.0,1.0,1.0,1.0,1.0,1.0,0.0,0.0,0.0,0.0,0.0,0.0,S,3,2026-08-22_23-06-48,2026-08-23
1.0,1.0,1.0,0.8433179723502304,1.0,1.0,1.0,1.0,1.0,1.0,1.0,0.0,0.0,0.0,0.0,0.0,0.0,S,3,2026-08-22_23-06-48,2026-08-23
1.0,0.9897959183673469,0.9452554744525548,0.9124423963133641,1.0,1.0,1.0,1.0,1.0,1.0,1.0,0.0,0.0,0.0,0.0,0.0,0.0,S,3,2026-08-22_23-06-48,2026-08-23
1.0,0.9591836734693877,0.8759124087591241,0.8755760368663594,1.0,1.0,1.0,1.0,1.0,1.0,1.0,0.0,0.0,0.0,0.0,0.0,0.0,S,3,2026-08-22_23-06-48,2026-08-23
1.0,0.9081632653061225,0.8576642335766423,0.9400921658986175,0.8859060402684564,1.0,1.0,1.0,1.0,1.0,1.0,0.0,0.0,0.0,0.0,0.0,0.0,S,3,2026-08-22_23-06-48,2026-08-23
1.0,1.0,0.7846715328467153,1.0,1.0,0.0,1.0,1.0,1.0,1.0,0.0,0.0,0.0,0.0,0.0,0.0,0.0,S,4,2026-08-22_23-06-48,2026-08-23
1.0,1.0,0.8540145985401459,0.8525345622119815,1.0,0.0,1.0,1.0,1.0,1.0,0.0,0.0,0.0,0.0,0.0,0.0,0.0,S,4,2026-08-22_23-06-48,2026-08-23
1.0,1.0,1.0,1.0,1.0,0.0,1.0,1.0,1.0,1.0,0.0,0.0,0.0,0.0,0.0,0.0,0.0,S,4,2026-08-22_23-06-48,2026-08-23
0.9581818181818181,1.0,0.9416058394160584,1.0,1.0,0.0,1.0,1.0,1.0,1.0,0.0,0.0,0.0,0.0,0.0,0.0,0.0,S,4,2026-08-22_23-06-48,2026-08-23
1.0,1.0,0.9087591240875912,1.0,1.0,0.0,1.0,1.0,1.0,1.0,0.0,0.0,0.0,0.0,0.0,0.0,0.0,S,4,2026-08-22_23-06-48,2026-08-23
1.0,1.0,0.7846715328467153,0.728110599078341,1.0,0.0,1.0,1.0,1.0,1.0,0.0,0.0,0.0,0.0,0.0,0.0,0.0,S,4,2026-08-22_23-06-48,2026-08-23
1.0,1.0,1.0,0.8755760368663594,1.0,0.0,1.0,1.0,1.0,1.0,0.0,0.0,0.0,0.0,0.0,0.0,0.0,S,4,2026-08-22_23-06-48,2026-08-23
1.0,1.0,0.8102189781021898,0.9539170506912442,1.0,0.0,1.0,1.0,1.0,1.0,0.0,0.0,0.0,0.0,0.0,0.0,0.0,S,4,2026-08-22_23-06-48,2026-08-23
1.0,1.0,0.6423357664233577,0.8709677419354839,1.0,0.0,1.0,1.0,1.0,1.0,0.0,0.0,0.0,0.0,0.0,0.0,0.0,S,4,2026-08-22_23-06-48,2026-08-23
0.8981818181818182,1.0,0.8759124087591241,0.8110599078341014,0.8053691275167785,0.0,1.0,1.0,1.0,1.0,0.0,0.0,0.0,0.0,0.0,0.0,0.0,S,4,2026-08-22_23-06-48,2026-08-23
0.9872727272727273,1.0,0.8686131386861314,0.8940092165898618,1.0,0.0,1.0,1.0,1.0,1.0,0.0,0.0,0.0,0.0,0.0,0.0,0.0,S,4,2026-08-22_23-06-48,2026-08-23
1.0,1.0,0.8065693430656934,1.0,1.0,0.0,1.0,1.0,1.0,1.0,0.0,0.0,0.0,0.0,0.0,0.0,0.0,S,4,2026-08-22_23-06-48,2026-08-23
1.0,1.0,1.0,1.0,0.9664429530201343,0.0,1.0,1.0,1.0,1.0,0.0,0.0,0.0,0.0,0.0,0.0,0.0,S,4,2026-08-22_23-06-48,2026-08-23
1.0,1.0,0.6277372262773723,1.0,0.9798657718120806,0.0,1.0,1.0,1.0,1.0,0.0,0.0,0.0,0.0,0.0,0.0,0.0,S,4,2026-08-22_23-06-48,2026-08-23
0.9127272727272727,1.0,0.48905109489051096,1.0,1.0,0.0,1.0,1.0,1.0,1.0,0.0,0.0,0.0,0.0,0.0,0.0,0.0,S,4,2026-08-22_23-06-48,2026-08-23
1.0,1.0,0.6313868613138686,0.7557603686635944,1.0,0.0,1.0,1.0,1.0,1.0,0.0,0.0,0.0,0.0,0.0,0.0,0.0,S,4,2026-08-22_23-06-48,2026-08-23
1.0,1.0,0.7372262773722628,0.9170506912442397,1.0,0.0,1.0,1.0,1.0,1.0,0.0,0.0,0.0,0.0,0.0,0.0,0.0,S,4,2026-08-22_23-06-48,2026-08-23
0.98,1.0,0.8868613138686131,1.0,1.0,0.0,1.0,1.0,1.0,1.0,0.0,0.0,0.0,0.0,0.0,0.0,0.0,S,4,2026-08-22_23-06-48,2026-08-23
1.0,1.0,0.8686131386861314,1.0,1.0,0.0,1.0,1.0,1.0,1.0,0.0,0.0,0.0,0.0,0.0,0.0,0.0,S,4,2026-08-22_23-06-48,2026-08-23
1.0,1.0,0.5948905109489051,1.0,1.0,0.0,1.0,1.0,1.0,1.0,0.0,0.0,0.0,0.0,0.0,0.0,0.0,S,4,2026-08-22_23-06-48,2026-08-23
1.0,1.0,0.9306569343065694,1.0,1.0,0.0,1.0,1.0,1.0,1.0,0.0,0.0,0.0,0.0,0.0,0.0,0.0,S,4,2026-08-22_23-06-48,2026-08-23
1.0,1.0,0.8175182481751825,1.0,1.0,0.0,1.0,1.0,1.0,1.0,0.0,0.0,0.0,0.0,0.0,0.0,0.0,S,4,2026-08-22_23-06-48,2026-08-23
1.0,1.0,0.7262773722627737,1.0,1.0,0.0,1.0,1.0,1.0,1.0,0.0,0.0,0.0,0.0,0.0,0.0,0.0,S,4,2026-08-22_23-06-48,2026-08-23
1.0,1.0,0.8248175182481752,0.9585253456221198,1.0,0.0,1.0,1.0,1.0,1.0,0.0,0.0,0.0,0.0,0.0,0.0,0.0,S,4,2026-08-22_23-06-48,2026-08-23
1.0,1.0,0.916058394160584,0.9723502304147466,1.0,0.0,1.0,1.0,1.0,1.0,0.0,0.0,0.0,0.0,0.0,0.0,0.0,S,4,2026-08-22_23-06-48,2026-08-23
1.0,1.0,0.781021897810219,0.8847926267281107,1.0,0.0,1.0,1.0,1.0,1.0,0.0,0.0,0.0,0.0,0.0,0.0,0.0,S,4,2026-08-22_23-06-48,2026-08-23
0.6854545454545454,1.0,0.5875912408759124,0.9723502304147466,1.0,0.0,1.0,1.0,1.0,1.0,0.0,0.0,0.0,0.0,0.0,0.0,0.0,S,4,2026-08-22_23-06-48,2026-08-23
0.74,1.0,1.0,1.0,1.0,0.0,1.0,1.0,1.0,1.0,0.0,0.0,0.0,0.0,0.0,0.0,0.0,S,4,2026-08-22_23-06-48,2026-08-23
0.9109090909090909,1.0,1.0,0.41935483870967744,0.3087248322147651,0.0,1.0,1.0,1.0,1.0,0.0,0.0,0.0,0.0,0.0,0.0,0.0,S,4,2026-08-22_23-06-48,2026-08-23
0.7163636363636363,1.0,1.0,1.0,0.912751677852349,0.0,1.0,1.0,1.0,1.0,0.0,0.0,0.0,0.0,0.0,0.0,0.0,S,4,2026-08-22_23-06-48,2026-08-23
1.0,1.0,1.0,0.663594470046083,0.0,0.0,1.0,1.0,1.0,1.0,0.0,0.0,0.0,0.0,0.0,0.0,0.0,S,4,2026-08-22_23-06-48,2026-08-23
1.0,1.0,0.12773722627737227,0.5345622119815668,1.0,0.0,1.0,1.0,1.0,1.0,0.0,0.0,0.0,0.0,0.0,0.0,0.0,S,4,2026-08-22_23-06-48,2026-08-23
1.0,1.0,0.9854014598540146,0.4930875576036866,0.0,0.0,1.0,1.0,1.0,1.0,0.0,0.0,0.0,0.0,0.0,0.0,0.0,S,4,2026-08-22_23-06-48,2026-08-23
1.0,1.0,0.17883211678832117,0.8064516129032258,1.0,0.0,1.0,1.0,1.0,1.0,0.0,0.0,0.0,0.0,0.0,0.0,0.0,S,4,2026-08-22_23-06-48,2026-08-23
1.0,1.0,0.20802919708029197,0.5576036866359447,0.912751677852349,0.0,1.0,1.0,1.0,1.0,0.0,0.0,0.0,0.0,0.0,0.0,0.0,S,4,2026-08-22_23-06-48,2026-08-23
1.0,1.0,0.9927007299270073,0.5576036866359447,0.28187919463087246,0.0,1.0,1.0,1.0,1.0,0.0,0.0,0.0,0.0,0.0,0.0,0.0,S,4,2026-08-22_23-06-48,2026-08-23
1.0,1.0,0.40875912408759124,0.7373271889400922,1.0,0.0,1.0,1.0,1.0,1.0,0.0,0.0,0.0,0.0,0.0,0.0,0.0,S,4,2026-08-22_23-06-48,2026-08-23
1.0,1.0,0.5109489051094891,0.7649769585253456,1.0,0.0,1.0,1.0,1.0,1.0,0.0,0.0,0.0,0.0,0.0,0.0,0.0,S,4,2026-08-22_23-06-48,2026-08-23
0.8618181818181818,1.0,0.8576642335766423,1.0,1.0,0.0,1.0,1.0,1.0,1.0,0.0,0.0,0.0,0.0,0.0,0.0,0.0,S,4,2026-08-22_23-06-48,2026-08-23
1.0,1.0,0.7700729927007299,0.7373271889400922,0.8053691275167785,0.0,1.0,1.0,1.0,1.0,0.0,0.0,0.0,0.0,0.0,0.0,0.0,S,4,2026-08-22_23-06-48,2026-08-23
1.0,1.0,0.8978102189781022,0.8064516129032258,1.0,0.0,1.0,1.0,1.0,1.0,1.0,0.0,0.0,0.0,0.0,0.0,0.0,T,0,2026-08-22_23-06-48,2026-08-23
0.9981818181818182,0.9982993197278912,0.9197080291970803,0.8986175115207373,1.0,0.0,1.0,1.0,1.0,1.0,1.0,0.0,0.0,0.0,0.0,0.0,0.0,T,0,2026-08-22_23-06-48,2026-08-23
1.0,1.0,0.864963503649635,0.8894009216589862,1.0,0.0,1.0,1.0,1.0,1.0,1.0,0.0,0.0,0.0,0.0,0.0,0.0,T,0,2026-08-22_23-06-48,2026-08-23
1.0,1.0,0.8759124087591241,0.7096774193548387,1.0,0.0,1.0,1.0,1.0,1.0,1.0,0.0,0.0,0.0,0.0,0.0,0.0,T,0,2026-08-22_23-06-48,2026-08-23
1.0,1.0,0.8868613138686131,0.7649769585253456,1.0,0.0,1.0,1.0,1.0,1.0,1.0,0.0,0.0,0.0,0.0,0.0,0.0,T,0,2026-08-22_23-06-48,2026-08-23
1.0,1.0,1.0,0.8341013824884793,1.0,0.0,1.0,1.0,1.0,1.0,1.0,0.0,0.0,0.0,0.0,0.0,0.0,T,0,2026-08-22_23-06-48,2026-08-23
0.9745454545454545,1.0,0.9562043795620438,0.8341013824884793,1.0,0.0,1.0,1.0,1.0,1.0,1.0,0.0,0.0,0.0,0.0,0.0,0.0,T,0,2026-08-22_23-06-48,2026-08-23
1.0,1.0,0.9087591240875912,0.8847926267281107,1.0,0.0,1.0,1.0,1.0,1.0,1.0,0.0,0.0,0.0,0.0,0.0,0.0,T,0,2026-08-22_23-06-48,2026-08-23
1.0,1.0,1.0,1.0,1.0,0.0,1.0,1.0,1.0,1.0,1.0,0.0,0.0,0.0,0.0,0.0,0.0,T,0,2026-08-22_23-06-48,2026-08-23
1.0,0.9931972789115646,0.7846715328467153,0.7373271889400922,1.0,0.0,1.0,1.0,1.0,1.0,1.0,0.0,0.0,0.0,0.0,0.0,0.0,T,0,2026-08-22_23-06-48,2026-08-23
1.0,0.9778911564625851,0.8759124087591241,0.7419354838709677,1.0,0.0,1.0,1.0,1.0,1.0,1.0,0.0,0.0,0.0,0.0,0.0,0.0,T,0,2026-08-22_23-06-48,2026-08-23
1.0,0.8197278911564626,0.8357664233576643,0.6774193548387096,1.0,0.0,1.0,1.0,1.0,1.0,1.0,0.0,0.0,0.0,0.0,0.0,0.0,T,0,2026-08-22_23-06-48,2026-08-23
0.9945454545454545,0.9047619047619048,0.7262773722627737,0.7373271889400922,1.0,0.0,1.0,1.0,1.0,1.0,1.0,0.0,0.0,0.0,0.0,0.0,0.0,T,0,2026-08-22_23-06-48,2026-08-23
1.0,0.9625850340136054,0.7591240875912408,0.8847926267281107,1.0,0.0,1.0,1.0,1.0,1.0,1.0,0.0,0.0,0.0,0.0,0.0,0.0,T,0,2026-08-22_23-06-48,2026-08-23
1.0,0.9812925170068028,0.7992700729927007,0.8571428571428571,1.0,0.0,1.0,1.0,1.0,1.0,1.0,0.0,0.0,0.0,0.0,0.0,0.0,T,0,2026-08-22_23-06-48,2026-08-23
0.9981818181818182,0.9081632653061225,0.7773722627737226,1.0,1.0,0.0,1.0,1.0,1.0,1.0,1.0,0.0,0.0,0.0,0.0,0.0,0.0,T,0,2026-08-22_23-06-48,2026-08-23
1.0,0.967687074829932,0.8795620437956204,0.8341013824884793,0.9395973154362416,0.0,1.0,1.0,1.0,1.0,1.0,0.0,0.0,0.0,0.0,0.0,0.0,T,0,2026-08-22_23-06-48,2026-08-23
1.0,0.9370748299319728,1.0,0.9585253456221198,1.0,0.0,1.0,1.0,1.0,1.0,1.0,0.0,0.0,0.0,0.0,0.0,0.0,T,0,2026-08-22_23-06-48,2026-08-23
1.0,0.9608843537414966,0.7518248175182481,0.967741935483871,1.0,0.0,1.0,1.0,1.0,1.0,1.0,0.0,0.0,0.0,0.0,0.0,0.0,T,0,2026-08-22_23-06-48,2026-08-23
1.0,0.8979591836734694,0.7992700729927007,0.815668202764977,1.0,0.0,1.0,1.0,1.0,1.0,1.0,0.0,0.0,0.0,0.0,0.0,0.0,T,0,2026-08-22_23-06-48,2026-08-23
1.0,0.9319727891156463,0.8357664233576643,0.7373271889400922,1.0,0.0,1.0,1.0,1.0,1.0,1.0,0.0,0.0,0.0,0.0,0.0,0.0,T,0,2026-08-22_23-06-48,2026-08-23
1.0,0.9591836734693877,0.9306569343065694,1.0,1.0,0.0,1.0,1.0,1.0,1.0,1.0,0.0,0.0,0.0,0.0,0.0,0.0,T,0,2026-08-22_23-06-48,2026-08-23
1.0,1.0,0.8321167883211679,0.9308755760368663,1.0,0.0,1.0,1.0,1.0,1.0,1.0,0.0,0.0,0.0,0.0,0.0,0.0,T,0,2026-08-22_23-06-48,2026-08-23
1.0,0.9047619047619048,0.8795620437956204,0.8064516129032258,1.0,0.0,1.0,1.0,1.0,1.0,1.0,0.0,0.0,0.0,0.0,0.0,0.0,T,0,2026-08-22_23-06-48,2026-08-23
1.0,0.8775510204081632,0.9744525547445255,0.8064516129032258,0.9798657718120806,0.0,1.0,1.0,1.0,1.0,1.0,0.0,0.0,0.0,0.0,0.0,0.0,T,0,2026-08-22_23-06-48,2026-08-23
0.9036363636363637,1.0,0.8394160583941606,1.0,1.0,0.0,1.0,1.0,1.0,1.0,1.0,0.0,0.0,0.0,0.0,0.0,0.0,T,0,2026-08-22_23-06-48,2026-08-23
1.0,0.9421768707482994,0.7335766423357665,0.9585253456221198,0.8053691275167785,0.0,1.0,1.0,1.0,1.0,1.0,0.0,0.0,0.0,0.0,0.0,0.0,T,0,2026-08-22_23-06-48,2026-08-23
1.0,0.8316326530612245,1.0,0.7926267281105991,1.0,0.0,1.0,1.0,1.0,1.0,1.0,0.0,0.0,0.0,0.0,0.0,0.0,T,0,2026-08-22_23-06-48,2026-08-23
1.0,0.8758503401360545,0.8722627737226277,0.663594470046083,1.0,0.0,1.0,1.0,1.0,1.0,1.0,0.0,0.0,0.0,0.0,0.0,0.0,T,0,2026-08-22_23-06-48,2026-08-23
1.0,0.8350340136054422,0.8978102189781022,0.8294930875576036,1.0,0.0,1.0,1.0,1.0,1.0,1.0,0.0,0.0,0.0,0.0,0.0,0.0,T,0,2026-08-22_23-06-48,2026-08-23
1.0,0.8452380952380952,0.9598540145985401,0.8986175115207373,1.0,0.0,1.0,1.0,1.0,1.0,1.0,0.0,0.0,0.0,0.0,0.0,0.0,T,0,2026-08-22_23-06-48,2026-08-23
1.0,1.0,0.8284671532846716,1.0,1.0,0.0,1.0,1.0,1.0,1.0,1.0,0.0,0.0,0.0,0.0,0.0,0.0,T,0,2026-08-22_23-06-48,2026-08-23
1.0,0.8486394557823129,1.0,0.663594470046083,0.8322147651006712,0.0,1.0,1.0,1.0,1.0,1.0,0.0,0.0,0.0,0.0,0.0,0.0,T,0,2026-08-22_23-06-48,2026-08-23
1.0,0.8571428571428571,0.9708029197080292,0.7557603686635944,0.8053691275167785,0.0,1.0,1.0,1.0,1.0,1.0,0.0,0.0,0.0,0.0,0.0,0.0,T,0,2026-08-22_23-06-48,2026-08-23
1.0,0.8792517006802721,0.9671532846715328,0.7511520737327189,1.0,0.0,1.0,1.0,1.0,1.0,1.0,0.0,0.0,0.0,0.0,0.0,0.0,T,0,2026-08-22_23-06-48,2026-08-23
0.9345454545454546,0.9948979591836735,0.9708029197080292,0.6589861751152074,1.0,0.0,1.0,1.0,1.0,1.0,1.0,0.0,0.0,0.0,0.0,0.0,0.0,T,0,2026-08-22_23-06-48,2026-08-23
1.0,0.9914965986394558,0.9416058394160584,0.7788018433179723,1.0,0.0,1.0,1.0,1.0,1.0,1.0,0.0,0.0,0.0,0.0,0.0,0.0,T,0,2026-08-22_23-06-48,2026-08-23
1.0,0.8996598639455783,1.0,0.8940092165898618,1.0,0.0,1.0,1.0,1.0,1.0,1.0,0.0,0.0,0.0,0.0,0.0,0.0,T,0,2026-08-22_23-06-48,2026-08-23
0.9981818181818182,0.9438775510204082,0.916058394160584,0.8387096774193549,0.87248322147651,0.0,1.0,1.0,1.0,1.0,1.0,0.0,0.0,0.0,0.0,0.0,0.0,T,0,2026-08-22_23-06-48,2026-08-23
1.0,0.9387755102040817,0.9927007299270073,0.6912442396313364,1.0,0.0,1.0,1.0,1.0,1.0,1.0,0.0,0.0,0.0,0.0,0.0,0.0,T,0,2026-08-22_23-06-48,2026-08-23
1.0,1.0,1.0,0.9723502304147466,1.0,0.0,1.0,1.0,1.0,1.0,1.0,0.0,0.0,0.0,0.0,0.0,0.0,T,1,2026-08-22_23-06-48,2026-08-23
0.9163636363636364,1.0,0.8175182481751825,1.0,1.0,0.0,1.0,1.0,1.0,1.0,1.0,0.0,0.0,0.0,0.0,0.0,0.0,T,1,2026-08-22_23-06-48,2026-08-23
1.0,1.0,1.0,0.7465437788018433,1.0,0.0,1.0,1.0,1.0,1.0,1.0,0.0,0.0,0.0,0.0,0.0,0.0,T,1,2026-08-22_23-06-48,2026-08-23
1.0,1.0,0.9416058394160584,0.9308755760368663,1.0,0.0,1.0,1.0,1.0,1.0,1.0,0.0,0.0,0.0,0.0,0.0,0.0,T,1,2026-08-22_23-06-48,2026-08-23
1.0,1.0,0.8102189781021898,1.0,1.0,0.0,1.0,1.0,1.0,1.0,1.0,0.0,0.0,0.0,0.0,0.0,0.0,T,1,2026-08-22_23-06-48,2026-08-23
1.0,1.0,0.7262773722627737,1.0,1.0,0.0,1.0,1.0,1.0,1.0,1.0,0.0,0.0,0.0,0.0,0.0,0.0,T,1,2026-08-22_23-06-48,2026-08-23
1.0,1.0,1.0,0.8847926267281107,1.0,0.0,1.0,1.0,1.0,1.0,1.0,0.0,0.0,0.0,0.0,0.0,0.0,T,1,2026-08-22_23-06-48,2026-08-23
1.0,1.0,1.0,1.0,1.0,0.0,1.0,1.0,1.0,1.0,1.0,0.0,0.0,0.0,0.0,0.0,0.0,T,1,2026-08-22_23-06-48,2026-08-23
1.0,1.0,1.0,0.7419354838709677,1.0,0.0,1.0,1.0,1.0,1.0,1.0,0.0,0.0,0.0,0.0,0.0,0.0,T,1,2026-08-22_23-06-48,2026-08-23
1.0,1.0,1.0,0.8940092165898618,1.0,0.0,1.0,1.0,1.0,1.0,1.0,0.0,0.0,0.0,0.0,0.0,0.0,T,1,2026-08-22_23-06-48,2026-08-23
1.0,1.0,1.0,1.0,1.0,0.0,1.0,1.0,1.0,1.0,1.0,0.0,0.0,0.0,0.0,0.0,0.0,T,1,2026-08-22_23-06-48,2026-08-23
1.0,1.0,1.0,1.0,0.9664429530201343,0.0,1.0,1.0,1.0,1.0,1.0,0.0,0.0,0.0,0.0,0.0,0.0,T,1,2026-08-22_23-06-48,2026-08-23
0.9181818181818182,1.0,1.0,0.9585253456221198,1.0,0.0,1.0,1.0,1.0,1.0,1.0,0.0,0.0,0.0,0.0,0.0,0.0,T,1,2026-08-22_23-06-48,2026-08-23
0.7472727272727273,1.0,1.0,0.3824884792626728,0.9530201342281879,0.0,1.0,1.0,1.0,1.0,1.0,0.0,0.0,0.0,0.0,0.0,0.0,T,1,2026-08-22_23-06-48,2026-08-23
1.0,1.0,1.0,0.8940092165898618,1.0,0.0,1.0,1.0,1.0,1.0,1.0,0.0,0.0,0.0,0.0,0.0,0.0,T,1,2026-08-22_23-06-48,2026-08-23
1.0,1.0,1.0,0.9815668202764977,1.0,0.0,1.0,1.0,1.0,1.0,1.0,0.0,0.0,0.0,0.0,0.0,0.0,T,1,2026-08-22_23-06-48,2026-08-23
1.0,1.0,1.0,1.0,1.0,0.0,1.0,1.0,1.0,1.0,1.0,0.0,0.0,0.0,0.0,0.0,0.0,T,1,2026-08-22_23-06-48,2026-08-23
1.0,1.0,1.0,1.0,1.0,0.0,1.0,1.0,1.0,1.0,1.0,0.0,0.0,0.0,0.0,0.0,0.0,T,1,2026-08-22_23-06-48,2026-08-23
1.0,1.0,1.0,1.0,1.0,0.0,1.0,1.0,1.0,1.0,1.0,0.0,0.0,0.0,0.0,0.0,0.0,T,1,2026-08-22_23-06-48,2026-08-23
1.0,1.0,1.0,1.0,1.0,0.0,1.0,1.0,1.0,1.0,1.0,0.0,0.0,0.0,0.0,0.0,0.0,T,1,2026-08-22_23-06-48,2026-08-23
1.0,1.0,1.0,1.0,1.0,0.0,1.0,1.0,1.0,1.0,1.0,0.0,0.0,0.0,0.0,0.0,0.0,T,1,2026-08-22_23-06-48,2026-08-23
1.0,1.0,1.0,0.9585253456221198,0.8053691275167785,0.0,1.0,1.0,1.0,1.0,1.0,0.0,0.0,0.0,0.0,0.0,0.0,T,1,2026-08-22_23-06-48,2026-08-23
1.0,1.0,1.0,1.0,1.0,0.0,1.0,1.0,1.0,1.0,1.0,0.0,0.0,0.0,0.0,0.0,0.0,T,1,2026-08-22_23-06-48,2026-08-23
1.0,1.0,1.0,1.0,1.0,0.0,1.0,1.0,1.0,1.0,1.0,0.0,0.0,0.0,0.0,0.0,0.0,T,1,2026-08-22_23-06-48,2026-08-23
1.0,1.0,1.0,0.8986175115207373,1.0,0.0,1.0,1.0,1.0,1.0,1.0,0.0,0.0,0.0,0.0,0.0,0.0,T,1,2026-08-22_23-06-48,2026-08-23
1.0,1.0,1.0,1.0,1.0,0.0,1.0,1.0,1.0,1.0,1.0,0.0,0.0,0.0,0.0,0.0,0.0,T,1,2026-08-22_23-06-48,2026-08-23
1.0,1.0,1.0,0.8571428571428571,1.0,0.0,1.0,1.0,1.0,1.0,1.0,0.0,0.0,0.0,0.0,0.0,0.0,T,1,2026-08-22_23-06-48,2026-08-23
1.0,1.0,1.0,0.9907834101382489,1.0,0.0,1.0,1.0,1.0,1.0,1.0,0.0,0.0,0.0,0.0,0.0,0.0,T,1,2026-08-22_23-06-48,2026-08-23
1.0,1.0,1.0,0.9907834101382489,1.0,0.0,1.0,1.0,1.0,1.0,1.0,0.0,0.0,0.0,0.0,0.0,0.0,T,1,2026-08-22_23-06-48,2026-08-23
1.0,1.0,1.0,1.0,1.0,0.0,1.0,1.0,1.0,1.0,1.0,0.0,0.0,0.0,0.0,0.0,0.0,T,1,2026-08-22_23-06-48,2026-08-23
0.7236363636363636,1.0,1.0,0.9585253456221198,1.0,0.0,1.0,1.0,1.0,1.0,1.0,0.0,0.0,0.0,0.0,0.0,0.0,T,1,2026-08-22_23-06-48,2026-08-23
0.8145454545454546,1.0,1.0,1.0,1.0,0.0,1.0,1.0,1.0,1.0,1.0,0.0,0.0,0.0,0.0,0.0,0.0,T,1,2026-08-22_23-06-48,2026-08-23
1.0,1.0,1.0,0.3686635944700461,0.0,0.0,1.0,1.0,1.0,1.0,1.0,0.0,0.0,0.0,0.0,0.0,0.0,T,1,2026-08-22_23-06-48,2026-08-23
0.7745454545454545,1.0,1.0,1.0,1.0,0.0,1.0,1.0,1.0,1.0,1.0,0.0,0.0,0.0,0.0,0.0,0.0,T,1,2026-08-22_23-06-48,2026-08-23
1.0,1.0,1.0,0.9170506912442397,1.0,0.0,1.0,1.0,1.0,1.0,1.0,0.0,0.0,0.0,0.0,0.0,0.0,T,1,2026-08-22_23-06-48,2026-08-23
0.8818181818181818,1.0,1.0,1.0,0.912751677852349,0.0,1.0,1.0,1.0,1.0,1.0,0.0,0.0,0.0,0.0,0.0,0.0,T,1,2026-08-22_23-06-48,2026-08-23
0.8563636363636363,1.0,1.0,1.0,1.0,0.0,1.0,1.0,1.0,1.0,1.0,0.0,0.0,0.0,0.0,0.0,0.0,T,1,2026-08-22_23-06-48,2026-08-23
0.9690909090909091,1.0,1.0,0.9861751152073732,0.9932885906040269,0.0,1.0,1.0,1.0,1.0,1.0,0.0,0.0,0.0,0.0,0.0,0.0,T,1,2026-08-22_23-06-48,2026-08-23
0.9436363636363636,1.0,1.0,0.8248847926267281,0.9261744966442953,0.0,1.0,1.0,1.0,1.0,1.0,0.0,0.0,0.0,0.0,0.0,0.0,T,1,2026-08-22_23-06-48,2026-08-23
1.0,1.0,1.0,0.4976958525345622,0.8456375838926175,0.0,1.0,1.0,1.0,1.0,1.0,0.0,0.0,0.0,0.0,0.0,0.0,T,1,2026-08-22_23-06-48,2026-08-23
1.0,0.8928571428571429,0.9343065693430657,1.0,1.0,0.0,1.0,1.0,1.0,1.0,1.0,0.0,0.0,0.0,0.0,0.0,0.0,T,2,2026-08-22_23-06-48,2026-08-23
1.0,0.9183673469387755,1.0,1.0,1.0,0.0,1.0,1.0,1.0,1.0,1.0,0.0,0.0,0.0,0.0,0.0,0.0,T,2,2026-08-22_23-06-48,2026-08-23
1.0,1.0,1.0,0.9585253456221198,1.0,0.0,1.0,1.0,1.0,1.0,1.0,0.0,0.0,0.0,0.0,0.0,0.0,T,2,2026-08-22_23-06-48,2026-08-23
0.9490909090909091,0.9081632653061225,1.0,1.0,1.0,0.0,1.0,1.0,1.0,1.0,1.0,0.0,0.0,0.0,0.0,0.0,0.0,T,2,2026-08-22_23-06-48,2026-08-23
1.0,0.9183673469387755,1.0,1.0,1.0,0.0,1.0,1.0,1.0,1.0,1.0,0.0,0.0,0.0,0.0,0.0,0.0,T,2,2026-08-22_23-06-48,2026-08-23
1.0,0.8792517006802721,1.0,1.0,1.0,0.0,1.0,1.0,1.0,1.0,1.0,0.0,0.0,0.0,0.0,0.0,0.0,T,2,2026-08-22_23-06-48,2026-08-23
1.0,0.9268707482993197,1.0,0.9216589861751152,1.0,0.0,1.0,1.0,1.0,1.0,1.0,0.0,0.0,0.0,0.0,0.0,0.0,T,2,2026-08-22_23-06-48,2026-08-23
1.0,0.8384353741496599,1.0,1.0,1.0,0.0,1.0,1.0,1.0,1.0,1.0,0.0,0.0,0.0,0.0,0.0,0.0,T,2,2026-08-22_23-06-48,2026-08-23
1.0,1.0,1.0,0.967741935483871,1.0,0.0,1.0,1.0,1.0,1.0,1.0,0.0,0.0,0.0,0.0,0.0,0.0,T,2,2026-08-22_23-06-48,2026-08-23
1.0,0.9897959183673469,1.0,0.5898617511520737,1.0,0.0,1.0,1.0,1.0,1.0,1.0,0.0,0.0,0.0,0.0,0.0,0.0,T,2,2026-08-22_23-06-48,2026-08-23
1.0,0.9421768707482994,1.0,1.0,1.0,0.0,1.0,1.0,1.0,1.0,1.0,0.0,0.0,0.0,0.0,0.0,0.0,T,2,2026-08-22_23-06-48,2026-08-23
0.850909090909091,0.9115646258503401,1.0,0.9124423963133641,1.0,0.0,1.0,1.0,1.0,1.0,1.0,0.0,0.0,0.0,0.0,0.0,0.0,T,2,2026-08-22_23-06-48,2026-08-23
1.0,0.9574829931972789,1.0,1.0,1.0,0.0,1.0,1.0,1.0,1.0,1.0,0.0,0.0,0.0,0.0,0.0,0.0,T,2,2026-08-22_23-06-48,2026-08-23
1.0,0.8333333333333334,1.0,0.9907834101382489,1.0,0.0,1.0,1.0,1.0,1.0,1.0,0.0,0.0,0.0,0.0,0.0,0.0,T,2,2026-08-22_23-06-48,2026-08-23
1.0,0.9183673469387755,1.0,0.8433179723502304,1.0,0.0,1.0,1.0,1.0,1.0,1.0,0.0,0.0,0.0,0.0,0.0,0.0,T,2,2026-08-22_23-06-48,2026-08-23
1.0,0.9795918367346939,1.0,1.0,1.0,0.0,1.0,1.0,1.0,1.0,1.0,0.0,0.0,0.0,0.0,0.0,0.0,T,2,2026-08-22_23-06-48,2026-08-23
1.0,1.0,1.0,0.9861751152073732,1.0,0.0,1.0,1.0,1.0,1.0,1.0,0.0,0.0,0.0,0.0,0.0,0.0,T,2,2026-08-22_23-06-48,2026-08-23
0.9981818181818182,0.9336734693877551,1.0,1.0,1.0,0.0,1.0,1.0,1.0,1.0,1.0,0.0,0.0,0.0,0.0,0.0,0.0,T,2,2026-08-22_23-06-48,2026-08-23
1.0,0.9404761904761905,1.0,1.0,1.0,0.0,1.0,1.0,1.0,1.0,1.0,0.0,0.0,0.0,0.0,0.0,0.0,T,2,2026-08-22_23-06-48,2026-08-23
0.8818181818181818,0.9795918367346939,1.0,1.0,1.0,0.0,1.0,1.0,1.0,1.0,1.0,0.0,0.0,0.0,0.0,0.0,0.0,T,2,2026-08-22_23-06-48,2026-08-23
1.0,0.8333333333333334,1.0,0.9585253456221198,1.0,0.0,1.0,1.0,1.0,1.0,1.0,0.0,0.0,0.0,0.0,0.0,0.0,T,2,2026-08-22_23-06-48,2026-08-23
1.0,0.8639455782312925,1.0,0.9400921658986175,1.0,0.0,1.0,1.0,1.0,1.0,1.0,0.0,0.0,0.0,0.0,0.0,0.0,T,2,2026-08-22_23-06-48,2026-08-23
1.0,1.0,1.0,0.8663594470046083,1.0,0.0,1.0,1.0,1.0,1.0,1.0,0.0,0.0,0.0,0.0,0.0,0.0,T,2,2026-08-22_23-06-48,2026-08-23
1.0,0.858843537414966,1.0,0.695852534562212,1.0,0.0,1.0,1.0,1.0,1.0,1.0,0.0,0.0,0.0,0.0,0.0,0.0,T,2,2026-08-22_23-06-48,2026-08-23
1.0,1.0,1.0,1.0,0.8053691275167785,0.0,1.0,1.0,1.0,1.0,1.0,0.0,0.0,0.0,0.0,0.0,0.0,T,2,2026-08-22_23-06-48,2026-08-23
0.94,1.0,1.0,1.0,1.0,0.0,1.0,1.0,1.0,1.0,1.0,0.0,0.0,0.0,0.0,0.0,0.0,T,2,2026-08-22_23-06-48,2026-08-23
1.0,0.8724489795918368,1.0,0.8525345622119815,1.0,0.0,1.0,1.0,1.0,1.0,1.0,0.0,0.0,0.0,0.0,0.0,0.0,T,2,2026-08-22_23-06-48,2026-08-23
1.0,0.8027210884353742,1.0,1.0,0.87248322147651,0.0,1.0,1.0,1.0,1.0,1.0,0.0,0.0,0.0,0.0,0.0,0.0,T,2,2026-08-22_23-06-48,2026-08-23
0.9163636363636364,1.0,1.0,0.967741935483871,1.0,0.0,1.0,1.0,1.0,1.0,1.0,0.0,0.0,0.0,0.0,0.0,0.0,T,2,2026-08-22_23-06-48,2026-08-23
1.0,0.9625850340136054,1.0,1.0,1.0,0.0,1.0,1.0,1.0,1.0,1.0,0.0,0.0,0.0,0.0,0.0,0.0,T,2,2026-08-22_23-06-48,2026-08-23
1.0,0.8758503401360545,1.0,1.0,1.0,0.0,1.0,1.0,1.0,1.0,1.0,0.0,0.0,0.0,0.0,0.0,0.0,T,2,2026-08-22_23-06-48,2026-08-23
0.9490909090909091,1.0,1.0,1.0,1.0,0.0,1.0,1.0,1.0,1.0,1.0,0.0,0.0,0.0,0.0,0.0,0.0,T,2,2026-08-22_23-06-48,2026-08-23
1.0,0.8061224489795918,1.0,1.0,0.9261744966442953,0.0,1.0,1.0,1.0,1.0,1.0,0.0,0.0,0.0,0.0,0.0,0.0,T,2,2026-08-22_23-06-48,2026-08-23
1.0,0.8061224489795918,1.0,1.0,1.0,0.0,1.0,1.0,1.0,1.0,1.0,0.0,0.0,0.0,0.0,0.0,0.0,T,2,2026-08-22_23-06-48,2026-08-23
0.9781818181818182,0.9455782312925171,1.0,0.815668202764977,1.0,0.0,1.0,1.0,1.0,1.0,1.0,0.0,0.0,0.0,0.0,0.0,0.0,T,2,2026-08-22_23-06-48,2026-08-23
1.0,0.9081632653061225,1.0,1.0,1.0,0.0,1.0,1.0,1.0,1.0,1.0,0.0,0.0,0.0,0.0,0.0,0.0,T,2,2026-08-22_23-06-48,2026-08-23
1.0,0.8554421768707483,1.0,0.9585253456221198,1.0,0.0,1.0,1.0,1.0,1.0,1.0,0.0,0.0,0.0,0.0,0.0,0.0,T,2,2026-08-22_23-06-48,2026-08-23
1.0,1.0,1.0,1.0,1.0,0.0,1.0,1.0,1.0,1.0,1.0,0.0,0.0,0.0,0.0,0.0,0.0,T,2,2026-08-22_23-06-48,2026-08-23
0.96,1.0,1.0,1.0,1.0,0.0,1.0,1.0,1.0,1.0,1.0,0.0,0.0,0.0,0.0,0.0,0.0,T,2,2026-08-22_23-06-48,2026-08-23
0.9781818181818182,1.0,1.0,0.8617511520737328,1.0,0.0,1.0,1.0,1.0,1.0,1.0,0.0,0.0,0.0,0.0,0.0,0.0,T,2,2026-08-22_23-06-48,2026-08-23
1.0,1.0,1.0,0.9354838709677419,1.0,0.0,1.0,1.0,1.0,1.0,1.0,0.0,0.0,0.0,0.0,0.0,0.0,T,3,2026-08-22_23-06-48,2026-08-23
1.0,1.0,0.8759124087591241,1.0,1.0,0.0,1.0,1.0,1.0,1.0,1.0,0.0,0.0,0.0,0.0,0.0,0.0,T,3,2026-08-22_23-06-48,2026-08-23
1.0,1.0,1.0,0.8709677419354839,1.0,0.0,1.0,1.0,1.0,1.0,1.0,0.0,0.0,0.0,0.0,0.0,0.0,T,3,2026-08-22_23-06-48,2026-08-23
1.0,1.0,1.0,1.0,1.0,0.0,1.0,1.0,1.0,1.0,1.0,0.0,0.0,0.0,0.0,0.0,0.0,T,3,2026-08-22_23-06-48,2026-08-23
1.0,1.0,1.0,1.0,1.0,0.0,1.0,1.0,1.0,1.0,1.0,0.0,0.0,0.0,0.0,0.0,0.0,T,3,2026-08-22_23-06-48,2026-08-23
1.0,1.0,1.0,0.9032258064516129,1.0,0.0,1.0,1.0,1.0,1.0,1.0,0.0,0.0,0.0,0.0,0.0,0.0,T,3,2026-08-22_23-06-48,2026-08-23
1.0,1.0,1.0,0.8986175115207373,1.0,0.0,1.0,1.0,1.0,1.0,1.0,0.0,0.0,0.0,0.0,0.0,0.0,T,3,2026-08-22_23-06-48,2026-08-23
1.0,1.0,0.9562043795620438,0.9032258064516129,1.0,0.0,1.0,1.0,1.0,1.0,1.0,0.0,0.0,0.0,0.0,0.0,0.0,T,3,2026-08-22_23-06-48,2026-08-23
1.0,1.0,1.0,1.0,1.0,0.0,1.0,1.0,1.0,1.0,1.0,0.0,0.0,0.0,0.0,0.0,0.0,T,3,2026-08-22_23-06-48,2026-08-23
1.0,1.0,0.9562043795620438,1.0,1.0,0.0,1.0,1.0,1.0,1.0,1.0,0.0,0.0,0.0,0.0,0.0,0.0,T,3,2026-08-22_23-06-48,2026-08-23
1.0,1.0,1.0,1.0,1.0,0.0,1.0,1.0,1.0,1.0,1.0,0.0,0.0,0.0,0.0,0.0,0.0,T,3,2026-08-22_23-06-48,2026-08-23
0.9218181818181819,1.0,1.0,1.0,1.0,0.0,1.0,1.0,1.0,1.0,1.0,0.0,0.0,0.0,0.0,0.0,0.0,T,3,2026-08-22_23-06-48,2026-08-23
1.0,1.0,1.0,1.0,1.0,0.0,1.0,1.0,1.0,1.0,1.0,0.0,0.0,0.0,0.0,0.0,0.0,T,3,2026-08-22_23-06-48,2026-08-23
1.0,1.0,0.8759124087591241,1.0,1.0,0.0,1.0,1.0,1.0,1.0,1.0,0.0,0.0,0.0,0.0,0.0,0.0,T,3,2026-08-22_23-06-48,2026-08-23
0.9963636363636363,1.0,0.8540145985401459,1.0,1.0,0.0,1.0,1.0,1.0,1.0,1.0,0.0,0.0,0.0,0.0,0.0,0.0,T,3,2026-08-22_23-06-48,2026-08-23
1.0,1.0,1.0,0.8341013824884793,1.0,0.0,1.0,1.0,1.0,1.0,1.0,0.0,0.0,0.0,0.0,0.0,0.0,T,3,2026-08-22_23-06-48,2026-08-23
1.0,1.0,1.0,1.0,0.9261744966442953,0.0,1.0,1.0,1.0,1.0,1.0,0.0,0.0,0.0,0.0,0.0,0.0,T,3,2026-08-22_23-06-48,2026-08-23
1.0,1.0,1.0,1.0,1.0,0.0,1.0,1.0,1.0,1.0,1.0,0.0,0.0,0.0,0.0,0.0,0.0,T,3,2026-08-22_23-06-48,2026-08-23
1.0,1.0,1.0,0.8018433179723502,1.0,0.0,1.0,1.0,1.0,1.0,1.0,0.0,0.0,0.0,0.0,0.0,0.0,T,3,2026-08-22_23-06-48,2026-08-23
1.0,1.0,0.9744525547445255,0.8387096774193549,1.0,0.0,1.0,1.0,1.0,1.0,1.0,0.0,0.0,0.0,0.0,0.0,0.0,T,3,2026-08-22_23-06-48,2026-08-23
1.0,1.0,1.0,0.783410138248848,1.0,0.0,1.0,1.0,1.0,1.0,1.0,0.0,0.0,0.0,0.0,0.0,0.0,T,3,2026-08-22_23-06-48,2026-08-23
1.0,1.0,1.0,1.0,1.0,0.0,1.0,1.0,1.0,1.0,1.0,0.0,0.0,0.0,0.0,0.0,0.0,T,3,2026-08-22_23-06-48,2026-08-23
0.9981818181818182,1.0,0.7591240875912408,1.0,1.0,0.0,1.0,1.0,1.0,1.0,1.0,0.0,0.0,0.0,0.0,0.0,0.0,T,3,2026-08-22_23-06-48,2026-08-23
1.0,1.0,1.0,0.9953917050691244,1.0,0.0,1.0,1.0,1.0,1.0,1.0,0.0,0.0,0.0,0.0,0.0,0.0,T,3,2026-08-22_23-06-48,2026-08-23
1.0,1.0,1.0,0.9769585253456221,1.0,0.0,1.0,1.0,1.0,1.0,1.0,0.0,0.0,0.0,0.0,0.0,0.0,T,3,2026-08-22_23-06-48,2026-08-23
1.0,1.0,1.0,1.0,1.0,0.0,1.0,1.0,1.0,1.0,1.0,0.0,0.0,0.0,0.0,0.0,0.0,T,3,2026-08-22_23-06-48,2026-08-23
1.0,1.0,1.0,0.8202764976958525,1.0,0.0,1.0,1.0,1.0,1.0,1.0,0.0,0.0,0.0,0.0,0.0,0.0,T,3,2026-08-22_23-06-48,2026-08-23
1.0,1.0,1.0,1.0,1.0,0.0,1.0,1.0,1.0,1.0,1.0,0.0,0.0,0.0,0.0,0.0,0.0,T,3,2026-08-22_23-06-48,2026-08-23
1.0,1.0,1.0,0.8387096774193549,1.0,0.0,1.0,1.0,1.0,1.0,1.0,0.0,0.0,0.0,0.0,0.0,0.0,T,3,2026-08-22_23-06-48,2026-08-23
1.0,1.0,1.0,1.0,1.0,0.0,1.0,1.0,1.0,1.0,1.0,0.0,0.0,0.0,0.0,0.0,0.0,T,3,2026-08-22_23-06-48,2026-08-23
1.0,1.0,1.0,0.8755760368663594,1.0,0.0,1.0,1.0,1.0,1.0,1.0,0.0,0.0,0.0,0.0,0.0,0.0,T,3,2026-08-22_23-06-48,2026-08-23
1.0,1.0,1.0,0.7373271889400922,0.912751677852349,0.0,1.0,1.0,1.0,1.0,1.0,0.0,0.0,0.0,0.0,0.0,0.0,T,3,2026-08-22_23-06-48,2026-08-23
1.0,1.0,1.0,1.0,0.5369127516778524,0.0,1.0,1.0,1.0,1.0,1.0,0.0,0.0,0.0,0.0,0.0,0.0,T,3,2026-08-22_23-06-48,2026-08-23
1.0,1.0,1.0,1.0,1.0,0.0,1.0,1.0,1.0,1.0,1.0,0.0,0.0,0.0,0.0,0.0,0.0,T,3,2026-08-22_23-06-48,2026-08-23
1.0,1.0,1.0,1.0,1.0,0.0,1.0,1.0,1.0,1.0,1.0,0.0,0.0,0.0,0.0,0.0,0.0,T,3,2026-08-22_23-06-48,2026-08-23
1.0,1.0,1.0,0.8755760368663594,0.8053691275167785,0.0,1.0,1.0,1.0,1.0,1.0,0.0,0.0,0.0,0.0,0.0,0.0,T,3,2026-08-22_23-06-48,2026-08-23
1.0,1.0,0.6861313868613139,0.9170506912442397,0.8053691275167785,0.0,1.0,1.0,1.0,1.0,1.0,0.0,0.0,0.0,0.0,0.0,0.0,T,3,2026-08-22_23-06-48,2026-08-23
1.0,1.0,1.0,0.9078341013824884,1.0,0.0,1.0,1.0,1.0,1.0,1.0,0.0,0.0,0.0,0.0,0.0,0.0,T,3,2026-08-22_23-06-48,2026-08-23
1.0,1.0,1.0,0.8894009216589862,1.0,0.0,1.0,1.0,1.0,1.0,1.0,0.0,0.0,0.0,0.0,0.0,0.0,T,3,2026-08-22_23-06-48,2026-08-23
1.0,1.0,0.9233576642335767,0.8755760368663594,1.0,0.0,1.0,1.0,1.0,1.0,1.0,0.0,0.0,0.0,0.0,0.0,0.0,T,3,2026-08-22_23-06-48,2026-08-23
1.0,1.0,1.0,0.9032258064516129,1.0,0.0,1.0,1.0,1.0,1.0,1.0,0.0,0.0,0.0,0.0,0.0,0.0,T,4,2026-08-22_23-06-48,2026-08-23
1.0,1.0,0.7700729927007299,1.0,1.0,0.0,1.0,1.0,1.0,1.0,1.0,0.0,0.0,0.0,0.0,0.0,0.0,T,4,2026-08-22_23-06-48,2026-08-23
1.0,1.0,0.9306569343065694,1.0,1.0,0.0,1.0,1.0,1.0,1.0,1.0,0.0,0.0,0.0,0.0,0.0,0.0,T,4,2026-08-22_23-06-48,2026-08-23
0.9290909090909091,1.0,0.9306569343065694,1.0,1.0,0.0,1.0,1.0,1.0,1.0,1.0,0.0,0.0,0.0,0.0,0.0,0.0,T,4,2026-08-22_23-06-48,2026-08-23
1.0,1.0,1.0,0.8571428571428571,1.0,0.0,1.0,1.0,1.0,1.0,1.0,0.0,0.0,0.0,0.0,0.0,0.0,T,4,2026-08-22_23-06-48,2026-08-23
1.0,1.0,1.0,1.0,1.0,0.0,1.0,1.0,1.0,1.0,1.0,0.0,0.0,0.0,0.0,0.0,0.0,T,4,2026-08-22_23-06-48,2026-08-23
1.0,1.0,1.0,1.0,1.0,0.0,1.0,1.0,1.0,1.0,1.0,0.0,0.0,0.0,0.0,0.0,0.0,T,4,2026-08-22_23-06-48,2026-08-23
0.9945454545454545,1.0,0.9927007299270073,1.0,1.0,0.0,1.0,1.0,1.0,1.0,1.0,0.0,0.0,0.0,0.0,0.0,0.0,T,4,2026-08-22_23-06-48,2026-08-23
1.0,1.0,0.8759124087591241,1.0,1.0,0.0,1.0,1.0,1.0,1.0,1.0,0.0,0.0,0.0,0.0,0.0,0.0,T,4,2026-08-22_23-06-48,2026-08-23
1.0,1.0,1.0,0.9078341013824884,1.0,0.0,1.0,1.0,1.0,1.0,1.0,0.0,0.0,0.0,0.0,0.0,0.0,T,4,2026-08-22_23-06-48,2026-08-23
1.0,1.0,1.0,0.9170506912442397,1.0,0.0,1.0,1.0,1.0,1.0,1.0,0.0,0.0,0.0,0.0,0.0,0.0,T,4,2026-08-22_23-06-48,2026-08-23
1.0,1.0,1.0,1.0,1.0,0.0,1.0,1.0,1.0,1.0,1.0,0.0,0.0,0.0,0.0,0.0,0.0,T,4,2026-08-22_23-06-48,2026-08-23
1.0,1.0,1.0,0.9354838709677419,1.0,0.0,1.0,1.0,1.0,1.0,1.0,0.0,0.0,0.0,0.0,0.0,0.0,T,4,2026-08-22_23-06-48,2026-08-23
1.0,1.0,1.0,0.967741935483871,1.0,0.0,1.0,1.0,1.0,1.0,1.0,0.0,0.0,0.0,0.0,0.0,0.0,T,4,2026-08-22_23-06-48,2026-08-23
1.0,1.0,1.0,1.0,1.0,0.0,1.0,1.0,1.0,1.0,1.0,0.0,0.0,0.0,0.0,0.0,0.0,T,4,2026-08-22_23-06-48,2026-08-23
1.0,1.0,0.708029197080292,0.9262672811059908,0.8053691275167785,0.0,1.0,1.0,1.0,1.0,1.0,0.0,0.0,0.0,0.0,0.0,0.0,T,4,2026-08-22_23-06-48,2026-08-23
1.0,1.0,1.0,1.0,1.0,0.0,1.0,1.0,1.0,1.0,1.0,0.0,0.0,0.0,0.0,0.0,0.0,T,4,2026-08-22_23-06-48,2026-08-23
1.0,1.0,0.9817518248175182,1.0,1.0,0.0,1.0,1.0,1.0,1.0,1.0,0.0,0.0,0.0,0.0,0.0,0.0,T,4,2026-08-22_23-06-48,2026-08-23
0.9836363636363636,1.0,1.0,1.0,1.0,0.0,1.0,1.0,1.0,1.0,1.0,0.0,0.0,0.0,0.0,0.0,0.0,T,4,2026-08-22_23-06-48,2026-08-23
1.0,1.0,1.0,0.8064516129032258,0.8053691275167785,0.0,1.0,1.0,1.0,1.0,1.0,0.0,0.0,0.0,0.0,0.0,0.0,T,4,2026-08-22_23-06-48,2026-08-23
1.0,1.0,0.8357664233576643,1.0,1.0,0.0,1.0,1.0,1.0,1.0,1.0,0.0,0.0,0.0,0.0,0.0,0.0,T,4,2026-08-22_23-06-48,2026-08-23
1.0,1.0,0.9963503649635036,1.0,1.0,0.0,1.0,1.0,1.0,1.0,1.0,0.0,0.0,0.0,0.0,0.0,0.0,T,4,2026-08-22_23-06-48,2026-08-23
1.0,1.0,0.9233576642335767,0.9631336405529954,1.0,0.0,1.0,1.0,1.0,1.0,1.0,0.0,0.0,0.0,0.0,0.0,0.0,T,4,2026-08-22_23-06-48,2026-08-23
1.0,1.0,1.0,1.0,1.0,0.0,1.0,1.0,1.0,1.0,1.0,0.0,0.0,0.0,0.0,0.0,0.0,T,4,2026-08-22_23-06-48,2026-08-23
0.9945454545454545,1.0,1.0,0.9907834101382489,1.0,0.0,1.0,1.0,1.0,1.0,1.0,0.0,0.0,0.0,0.0,0.0,0.0,T,4,2026-08-22_23-06-48,2026-08-23
1.0,1.0,1.0,0.6589861751152074,1.0,0.0,1.0,1.0,1.0,1.0,1.0,0.0,0.0,0.0,0.0,0.0,0.0,T,4,2026-08-22_23-06-48,2026-08-23
1.0,1.0,0.9343065693430657,1.0,1.0,0.0,1.0,1.0,1.0,1.0,1.0,0.0,0.0,0.0,0.0,0.0,0.0,T,4,2026-08-22_23-06-48,2026-08-23
0.9381818181818182,1.0,1.0,1.0,0.9261744966442953,0.0,1.0,1.0,1.0,1.0,1.0,0.0,0.0,0.0,0.0,0.0,0.0,T,4,2026-08-22_23-06-48,2026-08-23
1.0,1.0,0.6788321167883211,0.8847926267281107,0.8590604026845637,0.0,1.0,1.0,1.0,1.0,1.0,0.0,0.0,0.0,0.0,0.0,0.0,T,4,2026-08-22_23-06-48,2026-08-23
1.0,1.0,0.7116788321167883,0.6543778801843319,0.9932885906040269,0.0,1.0,1.0,1.0,1.0,1.0,0.0,0.0,0.0,0.0,0.0,0.0,T,4,2026-08-22_23-06-48,2026-08-23
1.0,1.0,1.0,1.0,1.0,0.0,1.0,1.0,1.0,1.0,1.0,0.0,0.0,0.0,0.0,0.0,0.0,T,4,2026-08-22_23-06-48,2026-08-23
0.9927272727272727,1.0,1.0,0.9815668202764977,1.0,0.0,1.0,1.0,1.0,1.0,1.0,0.0,0.0,0.0,0.0,0.0,0.0,T,4,2026-08-22_23-06-48,2026-08-23
1.0,1.0,0.9817518248175182,1.0,0.9530201342281879,0.0,1.0,1.0,1.0,1.0,1.0,0.0,0.0,0.0,0.0,0.0,0.0,T,4,2026-08-22_23-06-48,2026-08-23
1.0,1.0,0.9708029197080292,0.880184331797235,1.0,0.0,1.0,1.0,1.0,1.0,1.0,0.0,0.0,0.0,0.0,0.0,0.0,T,4,2026-08-22_23-06-48,2026-08-23
0.649090909090909,1.0,0.9671532846715328,0.9723502304147466,1.0,0.0,1.0,1.0,1.0,1.0,1.0,0.0,0.0,0.0,0.0,0.0,0.0,T,4,2026-08-22_23-06-48,2026-08-23
1.0,1.0,1.0,1.0,1.0,0.0,1.0,1.0,1.0,1.0,1.0,0.0,0.0,0.0,0.0,0.0,0.0,T,4,2026-08-22_23-06-48,2026-08-23
1.0,1.0,1.0,0.07373271889400922,0.8053691275167785,0.0,1.0,1.0,1.0,1.0,1.0,0.0,0.0,0.0,0.0,0.0,0.0,T,4,2026-08-22_23-06-48,2026-08-23
0.9072727272727272,1.0,1.0,1.0,0.4563758389261745,0.0,1.0,1.0,1.0,1.0,1.0,0.0,0.0,0.0,0.0,0.0,0.0,T,4,2026-08-22_23-06-48,2026-08-23
1.0,1.0,0.24087591240875914,0.7788018433179723,1.0,0.0,1.0,1.0,1.0,1.0,1.0,0.0,0.0,0.0,0.0,0.0,0.0,T,4,2026-08-22_23-06-48,2026-08-23
0.8836363636363637,1.0,1.0,1.0,0.8053691275167785,0.0,1.0,1.0,1.0,1.0,1.0,0.0,0.0,0.0,0.0,0.0,0.0,T,4,2026-08-22_23-06-48,2026-08-23
0.9345454545454546,1.0,0.0,1.0,0.40268456375838924,0.0,1.0,1.0,1.0,1.0,0.0,0.0,0.0,0.0,0.0,0.0,0.0,U,0,2026-08-22_23-06-48,2026-08-23
1.0,0.9625850340136054,0.0,1.0,0.0,0.0,1.0,1.0,1.0,1.0,0.0,0.0,0.0,0.0,0.0,0.0,0.0,U,0,2026-08-22_23-06-48,2026-08-23
0.9672727272727273,1.0,0.0,1.0,0.8053691275167785,1.0,1.0,1.0,1.0,1.0,0.0,0.0,0.0,0.0,0.0,0.0,0.0,U,0,2026-08-22_23-06-48,2026-08-23
1.0,1.0,0.0,1.0,0.2684563758389262,1.0,1.0,1.0,1.0,1.0,0.0,0.0,0.0,0.0,0.0,0.0,0.0,U,0,2026-08-22_23-06-48,2026-08-23
0.8872727272727273,1.0,0.0,1.0,0.1476510067114094,1.0,1.0,1.0,1.0,1.0,0.0,0.0,0.0,0.0,0.0,0.0,0.0,U,0,2026-08-22_23-06-48,2026-08-23
1.0,1.0,0.0,1.0,0.053691275167785234,1.0,1.0,1.0,1.0,1.0,0.0,0.0,0.0,0.0,0.0,0.0,0.0,U,0,2026-08-22_23-06-48,2026-08-23
1.0,1.0,0.0,1.0,0.174496644295302,1.0,1.0,1.0,1.0,1.0,0.0,0.0,0.0,0.0,0.0,0.0,0.0,U,0,2026-08-22_23-06-48,2026-08-23
1.0,1.0,0.0,1.0,0.28187919463087246,1.0,1.0,1.0,1.0,1.0,0.0,0.0,0.0,0.0,0.0,0.0,0.0,U,0,2026-08-22_23-06-48,2026-08-23
1.0,1.0,0.0,1.0,0.5100671140939598,1.0,1.0,1.0,1.0,1.0,0.0,0.0,0.0,0.0,0.0,0.0,0.0,U,0,2026-08-22_23-06-48,2026-08-23
0.9509090909090909,1.0,0.0,1.0,0.3624161073825503,1.0,1.0,1.0,1.0,1.0,0.0,0.0,0.0,0.0,0.0,0.0,0.0,U,0,2026-08-22_23-06-48,2026-08-23
0.9872727272727273,0.9438775510204082,0.0,1.0,0.053691275167785234,1.0,1.0,1.0,1.0,1.0,0.0,0.0,0.0,0.0,0.0,0.0,0.0,U,0,2026-08-22_23-06-48,2026-08-23
1.0,1.0,0.0,1.0,0.348993288590604,1.0,1.0,1.0,1.0,1.0,0.0,0.0,0.0,0.0,0.0,0.0,0.0,U,0,2026-08-22_23-06-48,2026-08-23
1.0,1.0,0.0,1.0,0.348993288590604,1.0,1.0,1.0,1.0,1.0,0.0,0.0,0.0,0.0,0.0,0.0,0.0,U,0,2026-08-22_23-06-48,2026-08-23
1.0,1.0,0.0,1.0,0.5100671140939598,0.0,1.0,1.0,1.0,1.0,0.0,0.0,0.0,0.0,0.0,0.0,0.0,U,0,2026-08-22_23-06-48,2026-08-23
0.9818181818181818,0.9846938775510204,0.0,1.0,0.3221476510067114,0.0,1.0,1.0,1.0,1.0,0.0,0.0,0.0,0.0,0.0,0.0,0.0,U,0,2026-08-22_23-06-48,2026-08-23
1.0,1.0,0.0,1.0,0.8053691275167785,0.0,1.0,1.0,1.0,1.0,0.0,0.0,0.0,0.0,0.0,0.0,0.0,U,0,2026-08-22_23-06-48,2026-08-23
1.0,1.0,0.0,1.0,0.2684563758389262,0.0,1.0,1.0,1.0,1.0,0.0,0.0,0.0,0.0,0.0,0.0,0.0,U,0,2026-08-22_23-06-48,2026-08-23
1.0,0.9727891156462585,0.0,1.0,0.48322147651006714,0.0,1.0,1.0,1.0,1.0,0.0,0.0,0.0,0.0,0.0,0.0,0.0,U,0,2026-08-22_23-06-48,2026-08-23
0.9509090909090909,1.0,0.0,1.0,0.8053691275167785,0.0,1.0,1.0,1.0,1.0,0.0,0.0,0.0,0.0,0.0,0.0,0.0,U,0,2026-08-22_23-06-48,2026-08-23
1.0,1.0,0.0,1.0,0.1342281879194631,0.0,1.0,1.0,1.0,1.0,0.0,0.0,0.0,0.0,0.0,0.0,0.0,U,0,2026-08-22_23-06-48,2026-08-23
1.0,1.0,0.0,1.0,0.22818791946308725,0.0,1.0,1.0,1.0,1.0,0.0,0.0,0.0,0.0,0.0,0.0,0.0,U,0,2026-08-22_23-06-48,2026-08-23
0.9690909090909091,1.0,0.0,1.0,0.21476510067114093,0.0,1.0,1.0,1.0,1.0,0.0,0.0,0.0,0.0,0.0,0.0,0.0,U,0,2026-08-22_23-06-48,2026-08-23
1.0,1.0,0.0,1.0,0.1476510067114094,0.0,1.0,1.0,1.0,1.0,0.0,0.0,0.0,0.0,0.0,0.0,0.0,U,0,2026-08-22_23-06-48,2026-08-23
1.0,0.9387755102040817,0.0,1.0,0.08053691275167785,0.0,1.0,1.0,1.0,1.0,0.0,0.0,0.0,0.0,0.0,0.0,0.0,U,0,2026-08-22_23-06-48,2026-08-23
1.0,1.0,0.0,1.0,0.10738255033557047,0.0,1.0,1.0,1.0,1.0,0.0,0.0,0.0,0.0,0.0,0.0,0.0,U,0,2026-08-22_23-06-48,2026-08-23
0.9072727272727272,1.0,0.0,1.0,0.4429530201342282,0.0,1.0,1.0,1.0,1.0,0.0,0.0,0.0,0.0,0.0,0.0,0.0,U,0,2026-08-22_23-06-48,2026-08-23
1.0,0.9200680272108843,0.058394160583941604,1.0,0.4966442953020134,0.0,1.0,1.0,1.0,1.0,0.0,0.0,0.0,0.0,0.0,0.0,0.0,U,0,2026-08-22_23-06-48,2026-08-23
0.8236363636363636,1.0,0.0,1.0,0.8859060402684564,0.0,1.0,1.0,1.0,1.0,0.0,0.0,0.0,0.0,0.0,0.0,0.0,U,0,2026-08-22_23-06-48,2026-08-23
1.0,0.8894557823129252,0.0,1.0,0.5234899328859061,0.0,1.0,1.0,1.0,1.0,0.0,0.0,0.0,0.0,0.0,0.0,0.0,U,0,2026-08-22_23-06-48,2026-08-23
1.0,0.9642857142857143,0.0,1.0,0.8053691275167785,0.0,1.0,1.0,1.0,1.0,0.0,0.0,0.0,0.0,0.0,0.0,0.0,U,0,2026-08-22_23-06-48,2026-08-23
1.0,1.0,0.0,1.0,0.040268456375838924,0.0,1.0,1.0,1.0,1.0,0.0,0.0,0.0,0.0,0.0,0.0,0.0,U,0,2026-08-22_23-06-48,2026-08-23
1.0,0.9812925170068028,0.0,1.0,1.0,1.0,1.0,1.0,1.0,1.0,0.0,0.0,0.0,0.0,0.0,0.0,0.0,U,0,2026-08-22_23-06-48,2026-08-23
1.0,0.9506802721088435,0.0,1.0,0.3624161073825503,1.0,1.0,1.0,1.0,1.0,0.0,0.0,0.0,0.0,0.0,0.0,0.0,U,0,2026-08-22_23-06-48,2026-08-23
0.9563636363636364,1.0,0.0,1.0,0.8053691275167785,1.0,1.0,1.0,1.0,1.0,0.0,0.0,0.0,0.0,0.0,0.0,0.0,U,0,2026-08-22_23-06-48,2026-08-23
1.0,1.0,0.0,1.0,0.5100671140939598,1.0,1.0,1.0,1.0,1.0,0.0,0.0,0.0,0.0,0.0,0.0,0.0,U,0,2026-08-22_23-06-48,2026-08-23
1.0,0.9472789115646258,0.0,1.0,0.8053691275167785,1.0,1.0,1.0,1.0,1.0,0.0,0.0,0.0,0.0,0.0,0.0,0.0,U,0,2026-08-22_23-06-48,2026-08-23
1.0,1.0,0.0,1.0,0.1476510067114094,1.0,1.0,1.0,1.0,1.0,0.0,0.0,0.0,0.0,0.0,0.0,0.0,U,0,2026-08-22_23-06-48,2026-08-23
1.0,0.9897959183673469,0.0,1.0,0.1476510067114094,1.0,1.0,1.0,1.0,1.0,0.0,0.0,0.0,0.0,0.0,0.0,0.0,U,0,2026-08-22_23-06-48,2026-08-23
1.0,0.8537414965986394,0.014598540145985401,1.0,0.0,1.0,1.0,1.0,1.0,1.0,0.0,0.0,0.0,0.0,0.0,0.0,0.0,U,0,2026-08-22_23-06-48,2026-08-23
1.0,1.0,0.0,1.0,0.0,1.0,1.0,1.0,1.0,1.0,0.0,0.0,0.0,0.0,0.0,0.0,0.0,U,0,2026-08-22_23-06-48,2026-08-23
1.0,1.0,0.0,1.0,0.2550335570469799,1.0,1.0,1.0,1.0,1.0,0.0,0.0,0.0,0.0,0.0,0.0,0.0,U,1,2026-08-22_23-06-48,2026-08-23
1.0,1.0,0.0,1.0,0.5234899328859061,1.0,1.0,1.0,1.0,1.0,0.0,0.0,0.0,0.0,0.0,0.0,0.0,U,1,2026-08-22_23-06-48,2026-08-23
1.0,1.0,0.0,1.0,0.8053691275167785,1.0,1.0,1.0,1.0,1.0,0.0,0.0,0.0,0.0,0.0,0.0,0.0,U,1,2026-08-22_23-06-48,2026-08-23
0.9545454545454546,0.9897959183673469,0.0,1.0,0.12080536912751678,1.0,1.0,1.0,1.0,1.0,0.0,0.0,0.0,0.0,0.0,0.0,0.0,U,1,2026-08-22_23-06-48,2026-08-23
1.0,1.0,0.0,1.0,0.4966442953020134,1.0,1.0,1.0,1.0,1.0,0.0,0.0,0.0,0.0,0.0,0.0,0.0,U,1,2026-08-22_23-06-48,2026-08-23
1.0,1.0,0.0,1.0,0.0,1.0,1.0,1.0,1.0,1.0,0.0,0.0,0.0,0.0,0.0,0.0,0.0,U,1,2026-08-22_23-06-48,2026-08-23
0.9163636363636364,1.0,0.0,1.0,0.0,1.0,1.0,1.0,1.0,1.0,0.0,0.0,0.0,0.0,0.0,0.0,0.0,U,1,2026-08-22_23-06-48,2026-08-23
1.0,1.0,0.0,1.0,0.1476510067114094,1.0,1.0,1.0,1.0,1.0,0.0,0.0,0.0,0.0,0.0,0.0,0.0,U,1,2026-08-22_23-06-48,2026-08-23
1.0,1.0,0.0,1.0,0.0,1.0,1.0,1.0,1.0,1.0,0.0,0.0,0.0,0.0,0.0,0.0,0.0,U,1,2026-08-22_23-06-48,2026-08-23
1.0,1.0,0.0,1.0,0.18791946308724833,1.0,1.0,1.0,1.0,1.0,0.0,0.0,0.0,0.0,0.0,0.0,0.0,U,1,2026-08-22_23-06-48,2026-08-23
1.0,0.9744897959183674,0.0,1.0,0.38926174496644295,1.0,1.0,1.0,1.0,1.0,0.0,0.0,0.0,0.0,0.0,0.0,0.0,U,1,2026-08-22_23-06-48,2026-08-23
1.0,1.0,0.0,1.0,0.8053691275167785,1.0,1.0,1.0,1.0,1.0,0.0,0.0,0.0,0.0,0.0,0.0,0.0,U,1,2026-08-22_23-06-48,2026-08-23
1.0,1.0,0.0,1.0,0.12080536912751678,1.0,1.0,1.0,1.0,1.0,0.0,0.0,0.0,0.0,0.0,0.0,0.0,U,1,2026-08-22_23-06-48,2026-08-23
1.0,1.0,0.0,1.0,0.18791946308724833,1.0,1.0,1.0,1.0,1.0,0.0,0.0,0.0,0.0,0.0,0.0,0.0,U,1,2026-08-22_23-06-48,2026-08-23
1.0,0.9727891156462585,0.0,1.0,0.22818791946308725,1.0,1.0,1.0,1.0,1.0,0.0,0.0,0.0,0.0,0.0,0.0,0.0,U,1,2026-08-22_23-06-48,2026-08-23
1.0,1.0,0.0,1.0,0.8053691275167785,1.0,1.0,1.0,1.0,1.0,0.0,0.0,0.0,0.0,0.0,0.0,0.0,U,1,2026-08-22_23-06-48,2026-08-23
0.8818181818181818,1.0,0.0,1.0,0.06711409395973154,1.0,1.0,1.0,1.0,1.0,0.0,0.0,0.0,0.0,0.0,0.0,0.0,U,1,2026-08-22_23-06-48,2026-08-23
1.0,1.0,0.0,1.0,0.28187919463087246,1.0,1.0,1.0,1.0,1.0,0.0,0.0,0.0,0.0,0.0,0.0,0.0,U,1,2026-08-22_23-06-48,2026-08-23
1.0,1.0,0.0,1.0,0.21476510067114093,1.0,1.0,1.0,1.0,1.0,0.0,0.0,0.0,0.0,0.0,0.0,0.0,U,1,2026-08-22_23-06-48,2026-08-23
1.0,0.923469387755102,0.0,1.0,0.4966442953020134,1.0,1.0,1.0,1.0,1.0,0.0,0.0,0.0,0.0,0.0,0.0,0.0,U,1,2026-08-22_23-06-48,2026-08-23
1.0,0.9540816326530612,0.10583941605839416,1.0,0.8053691275167785,1.0,1.0,1.0,1.0,1.0,0.0,0.0,0.0,0.0,0.0,0.0,0.0,U,1,2026-08-22_23-06-48,2026-08-23
1.0,1.0,0.0,1.0,0.8053691275167785,1.0,1.0,1.0,1.0,1.0,0.0,0.0,0.0,0.0,0.0,0.0,0.0,U,1,2026-08-22_23-06-48,2026-08-23
0.9036363636363637,1.0,0.0,1.0,0.4563758389261745,1.0,1.0,1.0,1.0,1.0,0.0,0.0,0.0,0.0,0.0,0.0,0.0,U,1,2026-08-22_23-06-48,2026-08-23
1.0,0.9880952380952381,0.0,1.0,0.1476510067114094,1.0,1.0,1.0,1.0,1.0,0.0,0.0,0.0,0.0,0.0,0.0,0.0,U,1,2026-08-22_23-06-48,2026-08-23
0.9872727272727273,1.0,0.0,1.0,0.1342281879194631,1.0,1.0,1.0,1.0,1.0,0.0,0.0,0.0,0.0,0.0,0.0,0.0,U,1,2026-08-22_23-06-48,2026-08-23
0.8781818181818182,1.0,0.0,1.0,0.12080536912751678,1.0,1.0,1.0,1.0,1.0,0.0,0.0,0.0,0.0,0.0,0.0,0.0,U,1,2026-08-22_23-06-48,2026-08-23
1.0,0.9897959183673469,0.0,1.0,0.348993288590604,1.0,1.0,1.0,1.0,1.0,0.0,0.0,0.0,0.0,0.0,0.0,0.0,U,1,2026-08-22_23-06-48,2026-08-23
1.0,0.9540816326530612,0.0,1.0,0.42953020134228187,1.0,1.0,1.0,1.0,1.0,0.0,0.0,0.0,0.0,0.0,0.0,0.0,U,1,2026-08-22_23-06-48,2026-08-23
0.9618181818181818,1.0,0.0,1.0,0.0,1.0,1.0,1.0,1.0,1.0,0.0,0.0,0.0,0.0,0.0,0.0,0.0,U,1,2026-08-22_23-06-48,2026-08-23
1.0,0.923469387755102,0.0,1.0,0.4429530201342282,1.0,1.0,1.0,1.0,1.0,0.0,0.0,0.0,0.0,0.0,0.0,0.0,U,1,2026-08-22_23-06-48,2026-08-23
1.0,1.0,0.0,1.0,0.8322147651006712,1.0,1.0,1.0,1.0,1.0,0.0,0.0,0.0,0.0,0.0,0.0,0.0,U,1,2026-08-22_23-06-48,2026-08-23
1.0,0.9319727891156463,0.0036496350364963502,1.0,0.8053691275167785,1.0,1.0,1.0,1.0,1.0,0.0,0.0,0.0,0.0,0.0,0.0,0.0,U,1,2026-08-22_23-06-48,2026-08-23
1.0,0.9812925170068028,0.0,1.0,0.22818791946308725,1.0,1.0,1.0,1.0,1.0,0.0,0.0,0.0,0.0,0.0,0.0,0.0,U,1,2026-08-22_23-06-48,2026-08-23
1.0,0.9149659863945578,0.0,1.0,0.2684563758389262,1.0,1.0,1.0,1.0,1.0,0.0,0.0,0.0,0.0,0.0,0.0,0.0,U,1,2026-08-22_23-06-48,2026-08-23
0.8563636363636363,1.0,0.0,1.0,0.08053691275167785,1.0,1.0,1.0,1.0,1.0,0.0,0.0,0.0,0.0,0.0,0.0,0.0,U,1,2026-08-22_23-06-48,2026-08-23
0.9563636363636364,0.9710884353741497,0.0,1.0,0.8053691275167785,1.0,1.0,1.0,1.0,1.0,0.0,0.0,0.0,0.0,0.0,0.0,0.0,U,1,2026-08-22_23-06-48,2026-08-23
1.0,1.0,0.0,1.0,0.1476510067114094,1.0,1.0,1.0,1.0,1.0,0.0,0.0,0.0,0.0,0.0,0.0,0.0,U,1,2026-08-22_23-06-48,2026-08-23
1.0,1.0,0.0072992700729927005,1.0,0.0,1.0,1.0,1.0,1.0,1.0,0.0,0.0,0.0,0.0,0.0,0.0,0.0,U,1,2026-08-22_23-06-48,2026-08-23
1.0,0.9625850340136054,0.0,1.0,0.0,1.0,1.0,1.0,1.0,1.0,0.0,0.0,0.0,0.0,0.0,0.0,0.0,U,1,2026-08-22_23-06-48,2026-08-23
0.7654545454545455,1.0,0.0,1.0,0.8053691275167785,1.0,1.0,1.0,1.0,1.0,0.0,0.0,0.0,0.0,0.0,0.0,0.0,U,1,2026-08-22_23-06-48,2026-08-23
1.0,0.9608843537414966,0.38321167883211676,1.0,0.8053691275167785,1.0,1.0,1.0,1.0,1.0,0.0,0.0,0.0,0.0,0.0,0.0,0.0,U,2,2026-08-22_23-06-48,2026-08-23
0.7890909090909091,1.0,0.0,1.0,0.48322147651006714,1.0,1.0,1.0,1.0,1.0,0.0,0.0,0.0,0.0,0.0,0.0,0.0,U,2,2026-08-22_23-06-48,2026-08-23
0.9436363636363636,0.967687074829932,0.2518248175182482,1.0,1.0,1.0,1.0,1.0,1.0,1.0,0.0,0.0,0.0,0.0,0.0,0.0,0.0,U,2,2026-08-22_23-06-48,2026-08-23
1.0,0.9608843537414966,0.072992700729927,1.0,0.9261744966442953,1.0,1.0,1.0,1.0,1.0,0.0,0.0,0.0,0.0,0.0,0.0,0.0,U,2,2026-08-22_23-06-48,2026-08-23
1.0,1.0,0.21532846715328466,1.0,0.1610738255033557,1.0,1.0,1.0,1.0,1.0,0.0,0.0,0.0,0.0,0.0,0.0,0.0,U,2,2026-08-22_23-06-48,2026-08-23
1.0,1.0,0.4562043795620438,1.0,0.0,1.0,1.0,1.0,1.0,1.0,0.0,0.0,0.0,0.0,0.0,0.0,0.0,U,2,2026-08-22_23-06-48,2026-08-23
1.0,1.0,0.4562043795620438,1.0,1.0,1.0,1.0,1.0,1.0,1.0,0.0,0.0,0.0,0.0,0.0,0.0,0.0,U,2,2026-08-22_23-06-48,2026-08-23
1.0,1.0,0.4343065693430657,1.0,0.8053691275167785,1.0,1.0,1.0,1.0,1.0,0.0,0.0,0.0,0.0,0.0,0.0,0.0,U,2,2026-08-22_23-06-48,2026-08-23
1.0,1.0,0.36496350364963503,1.0,0.1476510067114094,1.0,1.0,1.0,1.0,1.0,0.0,0.0,0.0,0.0,0.0,0.0,0.0,U,2,2026-08-22_23-06-48,2026-08-23
1.0,1.0,0.4489051094890511,1.0,0.4429530201342282,1.0,1.0,1.0,1.0,1.0,0.0,0.0,0.0,0.0,0.0,0.0,0.0,U,2,2026-08-22_23-06-48,2026-08-23
1.0,1.0,0.291970802919708,1.0,0.33557046979865773,1.0,1.0,1.0,1.0,1.0,0.0,0.0,0.0,0.0,0.0,0.0,0.0,U,2,2026-08-22_23-06-48,2026-08-23
0.9309090909090909,0.9608843537414966,0.0,1.0,0.37583892617449666,1.0,1.0,1.0,1.0,1.0,0.0,0.0,0.0,0.0,0.0,0.0,0.0,U,2,2026-08-22_23-06-48,2026-08-23
1.0,1.0,0.42700729927007297,1.0,0.48322147651006714,1.0,1.0,1.0,1.0,1.0,0.0,0.0,0.0,0.0,0.0,0.0,0.0,U,2,2026-08-22_23-06-48,2026-08-23
0.8818181818181818,1.0,0.0,1.0,0.8322147651006712,1.0,1.0,1.0,1.0,1.0,0.0,0.0,0.0,0.0,0.0,0.0,0.0,U,2,2026-08-22_23-06-48,2026-08-23
0.9872727272727273,1.0,0.35036496350364965,1.0,0.0,1.0,1.0,1.0,1.0,1.0,0.0,0.0,0.0,0.0,0.0,0.0,0.0,U,2,2026-08-22_23-06-48,2026-08-23
1.0,1.0,0.22992700729927007,1.0,0.0,1.0,1.0,1.0,1.0,1.0,0.0,0.0,0.0,0.0,0.0,0.0,0.0,U,2,2026-08-22_23-06-48,2026-08-23
1.0,0.9812925170068028,0.17518248175182483,1.0,0.0,1.0,1.0,1.0,1.0,1.0,0.0,0.0,0.0,0.0,0.0,0.0,0.0,U,2,2026-08-22_23-06-48,2026-08-23
1.0,1.0,0.0364963503649635,1.0,0.3624161073825503,1.0,1.0,1.0,1.0,1.0,0.0,0.0,0.0,0.0,0.0,0.0,0.0,U,2,2026-08-22_23-06-48,2026-08-23
1.0,1.0,0.15693430656934307,1.0,0.08053691275167785,1.0,1.0,1.0,1.0,1.0,0.0,0.0,0.0,0.0,0.0,0.0,0.0,U,2,2026-08-22_23-06-48,2026-08-23
1.0,1.0,0.291970802919708,1.0,0.37583892617449666,1.0,1.0,1.0,1.0,1.0,0.0,0.0,0.0,0.0,0.0,0.0,0.0,U,2,2026-08-22_23-06-48,2026-08-23
0.7145454545454546,0.5170068027210885,0.0,1.0,1.0,1.0,1.0,1.0,1.0,1.0,0.0,0.0,0.0,0.0,0.0,0.0,0.0,U,2,2026-08-22_23-06-48,2026-08-23
1.0,0.6598639455782312,0.0,1.0,1.0,1.0,1.0,1.0,1.0,1.0,0.0,0.0,0.0,0.0,0.0,0.0,0.0,U,2,2026-08-22_23-06-48,2026-08-23
1.0,1.0,0.4343065693430657,1.0,0.0,1.0,1.0,1.0,1.0,1.0,0.0,0.0,0.0,0.0,0.0,0.0,0.0,U,2,2026-08-22_23-06-48,2026-08-23
1.0,1.0,0.11313868613138686,1.0,0.026845637583892617,1.0,1.0,1.0,1.0,1.0,0.0,0.0,0.0,0.0,0.0,0.0,0.0,U,2,2026-08-22_23-06-48,2026-08-23
1.0,0.9965986394557823,0.0,1.0,1.0,1.0,1.0,1.0,1.0,1.0,0.0,0.0,0.0,0.0,0.0,0.0,0.0,U,2,2026-08-22_23-06-48,2026-08-23
1.0,1.0,0.8613138686131386,1.0,0.0,1.0,1.0,1.0,1.0,1.0,0.0,0.0,0.0,0.0,0.0,0.0,0.0,U,2,2026-08-22_23-06-48,2026-08-23
1.0,1.0,0.22992700729927007,1.0,1.0,1.0,1.0,1.0,1.0,1.0,0.0,0.0,0.0,0.0,0.0,0.0,0.0,U,2,2026-08-22_23-06-48,2026-08-23
1.0,1.0,0.0364963503649635,1.0,0.0,1.0,1.0,1.0,1.0,1.0,0.0,0.0,0.0,0.0,0.0,0.0,0.0,U,2,2026-08-22_23-06-48,2026-08-23
0.9818181818181818,1.0,0.4124087591240876,1.0,0.33557046979865773,1.0,1.0,1.0,1.0,1.0,0.0,0.0,0.0,0.0,0.0,0.0,0.0,U,2,2026-08-22_23-06-48,2026-08-23
1.0,1.0,0.11678832116788321,1.0,0.8053691275167785,1.0,1.0,1.0,1.0,1.0,0.0,0.0,0.0,0.0,0.0,0.0,0.0,U,2,2026-08-22_23-06-48,2026-08-23
0.9981818181818182,1.0,0.22262773722627738,1.0,0.8053691275167785,1.0,1.0,1.0,1.0,1.0,0.0,0.0,0.0,0.0,0.0,0.0,0.0,U,2,2026-08-22_23-06-48,2026-08-23
1.0,1.0,0.15693430656934307,1.0,0.48322147651006714,1.0,1.0,1.0,1.0,1.0,0.0,0.0,0.0,0.0,0.0,0.0,0.0,U,2,2026-08-22_23-06-48,2026-08-23
1.0,1.0,0.24087591240875914,1.0,0.8053691275167785,1.0,1.0,1.0,1.0,1.0,0.0,0.0,0.0,0.0,0.0,0.0,0.0,U,2,2026-08-22_23-06-48,2026-08-23
1.0,1.0,0.28832116788321166,1.0,0.3624161073825503,1.0,1.0,1.0,1.0,1.0,0.0,0.0,0.0,0.0,0.0,0.0,0.0,U,2,2026-08-22_23-06-48,2026-08-23
1.0,1.0,0.28832116788321166,1.0,0.4697986577181208,1.0,1.0,1.0,1.0,1.0,0.0,0.0,0.0,0.0,0.0,0.0,0.0,U,2,2026-08-22_23-06-48,2026-08-23
1.0,1.0,0.291970802919708,1.0,0.20134228187919462,1.0,1.0,1.0,1.0,1.0,0.0,0.0,0.0,0.0,0.0,0.0,0.0,U,2,2026-08-22_23-06-48,2026-08-23
1.0,1.0,0.35036496350364965,1.0,0.2953020134228188,1.0,1.0,1.0,1.0,1.0,0.0,0.0,0.0,0.0,0.0,0.0,0.0,U,2,2026-08-22_23-06-48,2026-08-23
1.0,1.0,0.05474452554744526,1.0,0.0,1.0,1.0,1.0,1.0,1.0,0.0,0.0,0.0,0.0,0.0,0.0,0.0,U,2,2026-08-22_23-06-48,2026-08-23
1.0,1.0,0.21532846715328466,1.0,0.174496644295302,1.0,1.0,1.0,1.0,1.0,0.0,0.0,0.0,0.0,0.0,0.0,0.0,U,2,2026-08-22_23-06-48,2026-08-23
0.9818181818181818,0.9880952380952381,0.11678832116788321,1.0,0.4429530201342282,1.0,1.0,1.0,1.0,1.0,0.0,0.0,0.0,0.0,0.0,0.0,0.0,U,2,2026-08-22_23-06-48,2026-08-23
0.9127272727272727,1.0,0.0,1.0,0.1476510067114094,1.0,1.0,1.0,1.0,1.0,0.0,0.0,0.0,0.0,0.0,0.0,0.0,U,3,2026-08-22_23-06-48,2026-08-23
0.8818181818181818,1.0,0.0,1.0,0.0,1.0,1.0,1.0,1.0,1.0,0.0,0.0,0.0,0.0,0.0,0.0,0.0,U,3,2026-08-22_23-06-48,2026-08-23
1.0,1.0,0.0,1.0,0.174496644295302,1.0,1.0,1.0,1.0,1.0,0.0,0.0,0.0,0.0,0.0,0.0,0.0,U,3,2026-08-22_23-06-48,2026-08-23
1.0,1.0,0.0,1.0,1.0,1.0,1.0,1.0,1.0,1.0,0.0,0.0,0.0,0.0,0.0,0.0,0.0,U,3,2026-08-22_23-06-48,2026-08-23
1.0,1.0,0.0,1.0,0.42953020134228187,1.0,1.0,1.0,1.0,1.0,0.0,0.0,0.0,0.0,0.0,0.0,0.0,U,3,2026-08-22_23-06-48,2026-08-23
1.0,1.0,0.0,1.0,0.9664429530201343,1.0,1.0,1.0,1.0,1.0,0.0,0.0,0.0,0.0,0.0,0.0,0.0,U,3,2026-08-22_23-06-48,2026-08-23
1.0,1.0,0.0,1.0,0.4429530201342282,1.0,1.0,1.0,1.0,1.0,0.0,0.0,0.0,0.0,0.0,0.0,0.0,U,3,2026-08-22_23-06-48,2026-08-23
1.0,1.0,0.0,1.0,0.1476510067114094,1.0,1.0,1.0,1.0,1.0,0.0,0.0,0.0,0.0,0.0,0.0,0.0,U,3,2026-08-22_23-06-48,2026-08-23
1.0,1.0,0.0,1.0,0.40268456375838924,1.0,1.0,1.0,1.0,1.0,0.0,0.0,0.0,0.0,0.0,0.0,0.0,U,3,2026-08-22_23-06-48,2026-08-23
1.0,1.0,0.0,1.0,0.8053691275167785,1.0,1.0,1.0,1.0,1.0,0.0,0.0,0.0,0.0,0.0,0.0,0.0,U,3,2026-08-22_23-06-48,2026-08-23
1.0,1.0,0.0,1.0,0.1610738255033557,1.0,1.0,1.0,1.0,1.0,1.0,0.0,0.0,0.0,0.0,0.0,0.0,U,3,2026-08-22_23-06-48,2026-08-23
1.0,1.0,0.0,1.0,0.08053691275167785,1.0,1.0,1.0,1.0,1.0,1.0,0.0,0.0,0.0,0.0,0.0,0.0,U,3,2026-08-22_23-06-48,2026-08-23
1.0,1.0,0.0,1.0,0.2953020134228188,1.0,1.0,1.0,1.0,1.0,1.0,0.0,0.0,0.0,0.0,0.0,0.0,U,3,2026-08-22_23-06-48,2026-08-23
1.0,1.0,0.0,1.0,0.8053691275167785,1.0,1.0,1.0,1.0,1.0,1.0,0.0,0.0,0.0,0.0,0.0,0.0,U,3,2026-08-22_23-06-48,2026-08-23
1.0,1.0,0.0,1.0,0.174496644295302,1.0,1.0,1.0,1.0,1.0,1.0,0.0,0.0,0.0,0.0,0.0,0.0,U,3,2026-08-22_23-06-48,2026-08-23
1.0,1.0,0.0,1.0,0.21476510067114093,1.0,1.0,1.0,1.0,1.0,1.0,0.0,0.0,0.0,0.0,0.0,0.0,U,3,2026-08-22_23-06-48,2026-08-23
1.0,1.0,0.0,1.0,0.3221476510067114,1.0,1.0,1.0,1.0,1.0,1.0,0.0,0.0,0.0,0.0,0.0,0.0,U,3,2026-08-22_23-06-48,2026-08-23
0.9927272727272727,1.0,0.0,1.0,0.8053691275167785,1.0,1.0,1.0,1.0,1.0,1.0,0.0,0.0,0.0,0.0,0.0,0.0,U,3,2026-08-22_23-06-48,2026-08-23
0.9309090909090909,1.0,0.0,1.0,0.18791946308724833,1.0,1.0,1.0,1.0,1.0,1.0,0.0,0.0,0.0,0.0,0.0,0.0,U,3,2026-08-22_23-06-48,2026-08-23
0.9290909090909091,0.8843537414965986,0.0,1.0,0.24161073825503357,1.0,1.0,1.0,1.0,1.0,1.0,0.0,0.0,0.0,0.0,0.0,0.0,U,3,2026-08-22_23-06-48,2026-08-23
0.9109090909090909,0.7380952380952381,0.0,1.0,0.42953020134228187,1.0,1.0,1.0,1.0,1.0,1.0,0.0,0.0,0.0,0.0,0.0,0.0,U,3,2026-08-22_23-06-48,2026-08-23
0.9236363636363636,0.6258503401360545,0.0,1.0,0.21476510067114093,1.0,1.0,1.0,1.0,1.0,1.0,0.0,0.0,0.0,0.0,0.0,0.0,U,3,2026-08-22_23-06-48,2026-08-23
0.9454545454545454,0.5578231292517006,0.0,1.0,0.18791946308724833,1.0,1.0,1.0,1.0,1.0,1.0,0.0,0.0,0.0,0.0,0.0,0.0,U,3,2026-08-22_23-06-48,2026-08-23
0.8072727272727273,0.38605442176870747,0.0,1.0,0.8053691275167785,1.0,1.0,1.0,1.0,1.0,1.0,0.0,0.0,0.0,0.0,0.0,0.0,U,3,2026-08-22_23-06-48,2026-08-23
0.7472727272727273,0.1649659863945578,0.0,1.0,0.0,1.0,1.0,1.0,1.0,1.0,1.0,0.0,0.0,0.0,0.0,0.0,0.0,U,3,2026-08-22_23-06-48,2026-08-23
0.6927272727272727,0.0,0.0,1.0,1.0,1.0,1.0,1.0,1.0,1.0,1.0,0.0,0.0,0.0,0.0,0.0,0.0,U,3,2026-08-22_23-06-48,2026-08-23
0.7163636363636363,0.0017006802721088435,0.0,1.0,0.348993288590604,1.0,1.0,1.0,1.0,1.0,1.0,0.0,0.0,0.0,0.0,0.0,0.0,U,3,2026-08-22_23-06-48,2026-08-23
0.7036363636363636,0.0,0.0,1.0,0.3221476510067114,1.0,1.0,1.0,1.0,1.0,1.0,0.0,0.0,0.0,0.0,0.0,0.0,U,3,2026-08-22_23-06-48,2026-08-23
0.5945454545454546,0.0,0.0,1.0,0.37583892617449666,1.0,1.0,1.0,1.0,1.0,1.0,0.0,0.0,0.0,0.0,0.0,0.0,U,3,2026-08-22_23-06-48,2026-08-23
0.5618181818181818,0.0,0.0,1.0,0.0,1.0,1.0,1.0,1.0,1.0,1.0,0.0,0.0,0.0,0.0,0.0,0.0,U,3,2026-08-22_23-06-48,2026-08-23
0.5890909090909091,0.0,0.0,1.0,0.026845637583892617,1.0,1.0,1.0,1.0,1.0,1.0,0.0,0.0,0.0,0.0,0.0,0.0,U,3,2026-08-22_23-06-48,2026-08-23
0.4636363636363636,0.0,0.0,1.0,0.21476510067114093,1.0,1.0,1.0,1.0,1.0,1.0,0.0,0.0,0.0,0.0,0.0,0.0,U,3,2026-08-22_23-06-48,2026-08-23
0.5418181818181819,0.0,0.0,1.0,0.1476510067114094,1.0,1.0,1.0,1.0,1.0,1.0,0.0,0.0,0.0,0.0,0.0,0.0,U,3,2026-08-22_23-06-48,2026-08-23
0.5636363636363636,0.0,0.0,1.0,0.3087248322147651,1.0,1.0,1.0,1.0,1.0,1.0,0.0,0.0,0.0,0.0,0.0,0.0,U,3,2026-08-22_23-06-48,2026-08-23
0.44545454545454544,0.0,0.0,1.0,0.8053691275167785,1.0,1.0,1.0,1.0,1.0,1.0,0.0,0.0,0.0,0.0,0.0,0.0,U,3,2026-08-22_23-06-48,2026-08-23
0.6090909090909091,0.0,0.0,1.0,0.0,1.0,1.0,1.0,1.0,1.0,1.0,0.0,0.0,0.0,0.0,0.0,0.0,U,3,2026-08-22_23-06-48,2026-08-23
0.48363636363636364,0.0,0.0,1.0,0.12080536912751678,1.0,1.0,1.0,1.0,1.0,1.0,0.0,0.0,0.0,0.0,0.0,0.0,U,3,2026-08-22_23-06-48,2026-08-23
0.44363636363636366,0.0,0.0,1.0,0.37583892617449666,1.0,1.0,1.0,1.0,1.0,1.0,0.0,0.0,0.0,0.0,0.0,0.0,U,3,2026-08-22_23-06-48,2026-08-23
0.48545454545454547,0.0,0.0,1.0,0.12080536912751678,1.0,1.0,1.0,1.0,1.0,1.0,0.0,0.0,0.0,0.0,0.0,0.0,U,3,2026-08-22_23-06-48,2026-08-23
0.48727272727272725,0.0,0.0,1.0,0.18791946308724833,1.0,1.0,1.0,1.0,1.0,1.0,0.0,0.0,0.0,0.0,0.0,0.0,U,3,2026-08-22_23-06-48,2026-08-23
1.0,1.0,0.0,1.0,1.0,1.0,1.0,1.0,1.0,1.0,0.0,0.0,0.0,0.0,0.0,0.0,0.0,U,4,2026-08-22_23-06-48,2026-08-23
0.9981818181818182,0.9948979591836735,0.0,1.0,0.4563758389261745,1.0,1.0,1.0,1.0,1.0,0.0,0.0,0.0,0.0,0.0,0.0,0.0,U,4,2026-08-22_23-06-48,2026-08-23
1.0,0.9982993197278912,0.0,1.0,0.3221476510067114,1.0,1.0,1.0,1.0,1.0,0.0,0.0,0.0,0.0,0.0,0.0,0.0,U,4,2026-08-22_23-06-48,2026-08-23
1.0,1.0,0.0,1.0,0.4563758389261745,1.0,1.0,1.0,1.0,1.0,0.0,0.0,0.0,0.0,0.0,0.0,0.0,U,4,2026-08-22_23-06-48,2026-08-23
1.0,1.0,0.0,1.0,0.22818791946308725,1.0,1.0,1.0,1.0,1.0,0.0,0.0,0.0,0.0,0.0,0.0,0.0,U,4,2026-08-22_23-06-48,2026-08-23
0.9872727272727273,1.0,0.0,1.0,0.1476510067114094,1.0,1.0,1.0,1.0,1.0,0.0,0.0,0.0,0.0,0.0,0.0,0.0,U,4,2026-08-22_23-06-48,2026-08-23
1.0,1.0,0.0,1.0,0.0,1.0,1.0,1.0,1.0,1.0,0.0,0.0,0.0,0.0,0.0,0.0,0.0,U,4,2026-08-22_23-06-48,2026-08-23
1.0,0.9455782312925171,0.0,1.0,0.348993288590604,1.0,1.0,1.0,1.0,1.0,0.0,0.0,0.0,0.0,0.0,0.0,0.0,U,4,2026-08-22_23-06-48,2026-08-23
1.0,1.0,0.0,1.0,0.5100671140939598,1.0,1.0,1.0,1.0,1.0,0.0,0.0,0.0,0.0,0.0,0.0,0.0,U,4,2026-08-22_23-06-48,2026-08-23
1.0,0.9387755102040817,0.0,1.0,0.8053691275167785,1.0,1.0,1.0,1.0,1.0,0.0,0.0,0.0,0.0,0.0,0.0,0.0,U,4,2026-08-22_23-06-48,2026-08-23
0.9654545454545455,1.0,0.0,1.0,0.48322147651006714,1.0,1.0,1.0,1.0,1.0,0.0,0.0,0.0,0.0,0.0,0.0,0.0,U,4,2026-08-22_23-06-48,2026-08-23
1.0,0.9829931972789115,0.0,1.0,0.1476510067114094,1.0,1.0,1.0,1.0,1.0,0.0,0.0,0.0,0.0,0.0,0.0,0.0,U,4,2026-08-22_23-06-48,2026-08-23
1.0,1.0,0.0,1.0,0.38926174496644295,1.0,1.0,1.0,1.0,1.0,0.0,0.0,0.0,0.0,0.0,0.0,0.0,U,4,2026-08-22_23-06-48,2026-08-23
0.9436363636363636,0.9778911564625851,0.0,1.0,0.2684563758389262,1.0,1.0,1.0,1.0,1.0,0.0,0.0,0.0,0.0,0.0,0.0,0.0,U,4,2026-08-22_23-06-48,2026-08-23
1.0,0.9812925170068028,0.0,1.0,0.3624161073825503,1.0,1.0,1.0,1.0,1.0,0.0,0.0,0.0,0.0,0.0,0.0,0.0,U,4,2026-08-22_23-06-48,2026-08-23
1.0,1.0,0.0,1.0,0.1476510067114094,1.0,1.0,1.0,1.0,1.0,0.0,0.0,0.0,0.0,0.0,0.0,0.0,U,4,2026-08-22_23-06-48,2026-08-23
1.0,1.0,0.0,1.0,0.8053691275167785,1.0,1.0,1.0,1.0,1.0,0.0,0.0,0.0,0.0,0.0,0.0,0.0,U,4,2026-08-22_23-06-48,2026-08-23
1.0,0.9625850340136054,0.0,1.0,0.06711409395973154,1.0,1.0,1.0,1.0,1.0,0.0,0.0,0.0,0.0,0.0,0.0,0.0,U,4,2026-08-22_23-06-48,2026-08-23
1.0,1.0,0.0,1.0,0.8456375838926175,1.0,1.0,1.0,1.0,1.0,0.0,0.0,0.0,0.0,0.0,0.0,0.0,U,4,2026-08-22_23-06-48,2026-08-23
1.0,1.0,0.0,1.0,0.0,1.0,1.0,1.0,1.0,1.0,0.0,0.0,0.0,0.0,0.0,0.0,0.0,U,4,2026-08-22_23-06-48,2026-08-23
1.0,1.0,0.0,1.0,0.4563758389261745,1.0,1.0,1.0,1.0,1.0,0.0,0.0,0.0,0.0,0.0,0.0,0.0,U,4,2026-08-22_23-06-48,2026-08-23
1.0,1.0,0.0,1.0,0.5369127516778524,1.0,1.0,1.0,1.0,1.0,0.0,0.0,0.0,0.0,0.0,0.0,0.0,U,4,2026-08-22_23-06-48,2026-08-23
1.0,0.9200680272108843,0.0,1.0,0.18791946308724833,1.0,1.0,1.0,1.0,1.0,0.0,0.0,0.0,0.0,0.0,0.0,0.0,U,4,2026-08-22_23-06-48,2026-08-23
1.0,1.0,0.0,1.0,0.24161073825503357,1.0,1.0,1.0,1.0,1.0,0.0,0.0,0.0,0.0,0.0,0.0,0.0,U,4,2026-08-22_23-06-48,2026-08-23
1.0,1.0,0.0,1.0,0.1476510067114094,1.0,1.0,1.0,1.0,1.0,0.0,0.0,0.0,0.0,0.0,0.0,0.0,U,4,2026-08-22_23-06-48,2026-08-23
1.0,1.0,0.0,1.0,0.8053691275167785,1.0,1.0,1.0,1.0,1.0,0.0,0.0,0.0,0.0,0.0,0.0,0.0,U,4,2026-08-22_23-06-48,2026-08-23
1.0,0.9965986394557823,0.0,1.0,0.24161073825503357,1.0,1.0,1.0,1.0,1.0,0.0,0.0,0.0,0.0,0.0,0.0,0.0,U,4,2026-08-22_23-06-48,2026-08-23
1.0,1.0,0.0,1.0,0.2684563758389262,1.0,1.0,1.0,1.0,1.0,0.0,0.0,0.0,0.0,0.0,0.0,0.0,U,4,2026-08-22_23-06-48,2026-08-23
0.9981818181818182,1.0,0.0,1.0,0.1476510067114094,1.0,1.0,1.0,1.0,1.0,0.0,0.0,0.0,0.0,0.0,0.0,0.0,U,4,2026-08-22_23-06-48,2026-08-23
1.0,1.0,0.0,1.0,0.2953020134228188,1.0,1.0,1.0,1.0,1.0,0.0,0.0,0.0,0.0,0.0,0.0,0.0,U,4,2026-08-22_23-06-48,2026-08-23
0.8927272727272727,1.0,0.0,1.0,0.1476510067114094,1.0,1.0,1.0,1.0,1.0,0.0,0.0,0.0,0.0,0.0,0.0,0.0,U,4,2026-08-22_23-06-48,2026-08-23
1.0,0.9268707482993197,0.0,1.0,0.40268456375838924,1.0,1.0,1.0,1.0,1.0,0.0,0.0,0.0,0.0,0.0,0.0,0.0,U,4,2026-08-22_23-06-48,2026-08-23
0.9854545454545455,1.0,0.0,1.0,0.38926174496644295,1.0,1.0,1.0,1.0,1.0,0.0,0.0,0.0,0.0,0.0,0.0,0.0,U,4,2026-08-22_23-06-48,2026-08-23
1.0,1.0,0.0,1.0,0.42953020134228187,1.0,1.0,1.0,1.0,1.0,0.0,0.0,0.0,0.0,0.0,0.0,0.0,U,4,2026-08-22_23-06-48,2026-08-23
1.0,0.9931972789115646,0.0,1.0,0.42953020134228187,1.0,1.0,1.0,1.0,1.0,0.0,0.0,0.0,0.0,0.0,0.0,0.0,U,4,2026-08-22_23-06-48,2026-08-23
1.0,1.0,0.0,1.0,0.4161073825503356,1.0,1.0,1.0,1.0,1.0,0.0,0.0,0.0,0.0,0.0,0.0,0.0,U,4,2026-08-22_23-06-48,2026-08-23
0.8872727272727273,1.0,0.0,1.0,0.1476510067114094,1.0,1.0,1.0,1.0,1.0,0.0,0.0,0.0,0.0,0.0,0.0,0.0,U,4,2026-08-22_23-06-48,2026-08-23
1.0,1.0,0.0,1.0,0.0,1.0,1.0,1.0,1.0,1.0,0.0,0.0,0.0,0.0,0.0,0.0,0.0,U,4,2026-08-22_23-06-48,2026-08-23
1.0,1.0,0.0,1.0,0.8053691275167785,1.0,1.0,1.0,1.0,1.0,0.0,0.0,0.0,0.0,0.0,0.0,0.0,U,4,2026-08-22_23-06-48,2026-08-23
1.0,0.967687074829932,0.0,1.0,0.8053691275167785,1.0,1.0,1.0,1.0,1.0,0.0,0.0,0.0,0.0,0.0,0.0,0.0,U,4,2026-08-22_23-06-48,2026-08-23
0.6472727272727272,1.0,0.0,1.0,0.38926174496644295,1.0,1.0,0.0,1.0,1.0,1.0,0.0,0.0,0.0,0.0,0.0,0.0,V,0,2026-08-22_23-06-48,2026-08-23
1.0,1.0,0.0,1.0,0.0,1.0,1.0,0.0,1.0,1.0,1.0,0.0,0.0,0.0,0.0,0.0,0.0,V,0,2026-08-22_23-06-48,2026-08-23
1.0,1.0,0.0,1.0,0.0,1.0,1.0,0.0,1.0,1.0,1.0,0.0,0.0,0.0,0.0,0.0,0.0,V,0,2026-08-22_23-06-48,2026-08-23
0.8636363636363636,1.0,0.0,1.0,1.0,1.0,1.0,0.0,1.0,1.0,1.0,0.0,0.0,0.0,0.0,0.0,0.0,V,0,2026-08-22_23-06-48,2026-08-23
0.8054545454545454,1.0,0.0,1.0,0.4966442953020134,1.0,1.0,0.0,1.0,1.0,1.0,0.0,0.0,0.0,0.0,0.0,0.0,V,0,2026-08-22_23-06-48,2026-08-23
0.9781818181818182,1.0,0.0,1.0,0.0,1.0,1.0,0.0,1.0,1.0,1.0,0.0,0.0,0.0,0.0,0.0,0.0,V,0,2026-08-22_23-06-48,2026-08-23
0.7963636363636364,1.0,0.0,1.0,0.0,1.0,1.0,0.0,1.0,1.0,1.0,0.0,0.0,0.0,0.0,0.0,0.0,V,0,2026-08-22_23-06-48,2026-08-23
0.9345454545454546,1.0,0.0,1.0,0.8053691275167785,1.0,1.0,0.0,1.0,1.0,1.0,0.0,0.0,0.0,0.0,0.0,0.0,V,0,2026-08-22_23-06-48,2026-08-23
0.8581818181818182,0.9625850340136054,0.0,1.0,0.0,1.0,1.0,0.0,1.0,1.0,1.0,0.0,0.0,0.0,0.0,0.0,0.0,V,0,2026-08-22_23-06-48,2026-08-23
0.8236363636363636,1.0,0.0,1.0,1.0,1.0,1.0,0.0,1.0,1.0,1.0,0.0,0.0,0.0,0.0,0.0,0.0,V,0,2026-08-22_23-06-48,2026-08-23
0.9345454545454546,1.0,0.0,1.0,0.053691275167785234,1.0,1.0,0.0,1.0,1.0,1.0,0.0,0.0,0.0,0.0,0.0,0.0,V,0,2026-08-22_23-06-48,2026-08-23
0.9854545454545455,1.0,0.0,1.0,0.2684563758389262,1.0,1.0,0.0,1.0,1.0,1.0,0.0,0.0,0.0,0.0,0.0,0.0,V,0,2026-08-22_23-06-48,2026-08-23
0.9981818181818182,0.9965986394557823,0.0,1.0,0.8053691275167785,1.0,1.0,0.0,1.0,1.0,1.0,0.0,0.0,0.0,0.0,0.0,0.0,V,0,2026-08-22_23-06-48,2026-08-23
0.9345454545454546,1.0,0.0,1.0,0.9664429530201343,1.0,1.0,0.0,1.0,1.0,1.0,0.0,0.0,0.0,0.0,0.0,0.0,V,0,2026-08-22_23-06-48,2026-08-23
0.9745454545454545,1.0,0.0,1.0,0.8053691275167785,1.0,1.0,0.0,1.0,1.0,1.0,0.0,0.0,0.0,0.0,0.0,0.0,V,0,2026-08-22_23-06-48,2026-08-23
1.0,1.0,0.0,1.0,0.8590604026845637,1.0,1.0,0.0,1.0,1.0,1.0,0.0,0.0,0.0,0.0,0.0,0.0,V,0,2026-08-22_23-06-48,2026-08-23
0.94,1.0,0.0,1.0,0.5369127516778524,1.0,1.0,0.0,1.0,1.0,1.0,0.0,0.0,0.0,0.0,0.0,0.0,V,0,2026-08-22_23-06-48,2026-08-23
0.9563636363636364,1.0,0.0,1.0,0.8053691275167785,1.0,1.0,0.0,1.0,1.0,1.0,0.0,0.0,0.0,0.0,0.0,0.0,V,0,2026-08-22_23-06-48,2026-08-23
0.9218181818181819,1.0,0.0,1.0,0.38926174496644295,1.0,1.0,0.0,1.0,1.0,1.0,0.0,0.0,0.0,0.0,0.0,0.0,V,0,2026-08-22_23-06-48,2026-08-23
0.9890909090909091,1.0,0.0,1.0,0.8053691275167785,1.0,1.0,0.0,1.0,1.0,1.0,0.0,0.0,0.0,0.0,0.0,0.0,V,0,2026-08-22_23-06-48,2026-08-23
0.9745454545454545,1.0,0.0,1.0,1.0,1.0,1.0,0.0,1.0,1.0,1.0,0.0,0.0,0.0,0.0,0.0,0.0,V,0,2026-08-22_23-06-48,2026-08-23
0.9436363636363636,1.0,0.0,1.0,0.8053691275167785,1.0,1.0,0.0,1.0,1.0,1.0,0.0,0.0,0.0,0.0,0.0,0.0,V,0,2026-08-22_23-06-48,2026-08-23
1.0,1.0,0.0,1.0,0.8053691275167785,1.0,1.0,0.0,1.0,1.0,1.0,0.0,0.0,0.0,0.0,0.0,0.0,V,0,2026-08-22_23-06-48,2026-08-23
0.9654545454545455,1.0,0.0,1.0,0.38926174496644295,1.0,1.0,0.0,1.0,1.0,1.0,0.0,0.0,0.0,0.0,0.0,0.0,V,0,2026-08-22_23-06-48,2026-08-23
0.9363636363636364,1.0,0.0,1.0,0.9664429530201343,1.0,1.0,0.0,1.0,1.0,1.0,0.0,0.0,0.0,0.0,0.0,0.0,V,0,2026-08-22_23-06-48,2026-08-23
0.9981818181818182,1.0,0.0,1.0,0.48322147651006714,1.0,1.0,0.0,1.0,1.0,1.0,0.0,0.0,0.0,0.0,0.0,0.0,V,0,2026-08-22_23-06-48,2026-08-23
0.9054545454545454,1.0,0.0,1.0,0.8053691275167785,1.0,1.0,0.0,1.0,1.0,1.0,0.0,0.0,0.0,0.0,0.0,0.0,V,0,2026-08-22_23-06-48,2026-08-23
1.0,1.0,0.0,1.0,0.40268456375838924,1.0,1.0,0.0,1.0,1.0,1.0,0.0,0.0,0.0,0.0,0.0,0.0,V,0,2026-08-22_23-06-48,2026-08-23
0.9563636363636364,1.0,0.0,1.0,0.8053691275167785,1.0,1.0,0.0,1.0,1.0,1.0,0.0,0.0,0.0,0.0,0.0,0.0,V,0,2026-08-22_23-06-48,2026-08-23
1.0,1.0,0.0,1.0,0.42953020134228187,1.0,1.0,0.0,1.0,1.0,1.0,0.0,0.0,0.0,0.0,0.0,0.0,V,0,2026-08-22_23-06-48,2026-08-23
1.0,1.0,0.0,1.0,1.0,1.0,1.0,0.0,1.0,1.0,1.0,0.0,0.0,0.0,0.0,0.0,0.0,V,0,2026-08-22_23-06-48,2026-08-23
1.0,1.0,0.0,1.0,1.0,1.0,1.0,0.0,1.0,1.0,1.0,0.0,0.0,0.0,0.0,0.0,0.0,V,0,2026-08-22_23-06-48,2026-08-23
1.0,1.0,0.0,1.0,0.348993288590604,1.0,1.0,0.0,0.0,1.0,1.0,0.0,0.0,0.0,0.0,0.0,0.0,V,0,2026-08-22_23-06-48,2026-08-23
1.0,1.0,0.0,1.0,0.8859060402684564,1.0,1.0,0.0,1.0,1.0,1.0,0.0,0.0,0.0,0.0,0.0,0.0,V,0,2026-08-22_23-06-48,2026-08-23
0.9727272727272728,1.0,0.0,1.0,1.0,1.0,1.0,0.0,0.0,1.0,1.0,0.0,0.0,0.0,0.0,0.0,0.0,V,0,2026-08-22_23-06-48,2026-08-23
0.9745454545454545,1.0,0.0,1.0,1.0,1.0,1.0,0.0,1.0,1.0,1.0,0.0,0.0,0.0,0.0,0.0,0.0,V,0,2026-08-22_23-06-48,2026-08-23
1.0,1.0,0.0,1.0,0.33557046979865773,1.0,1.0,0.0,1.0,1.0,1.0,0.0,0.0,0.0,0.0,0.0,0.0,V,0,2026-08-22_23-06-48,2026-08-23
0.9509090909090909,1.0,0.0,1.0,0.8053691275167785,1.0,1.0,0.0,1.0,1.0,1.0,0.0,0.0,0.0,0.0,0.0,0.0,V,0,2026-08-22_23-06-48,2026-08-23
0.8818181818181818,1.0,0.0,1.0,0.8053691275167785,1.0,1.0,0.0,1.0,1.0,1.0,0.0,0.0,0.0,0.0,0.0,0.0,V,0,2026-08-22_23-06-48,2026-08-23
1.0,1.0,0.0,1.0,0.3221476510067114,1.0,1.0,0.0,1.0,1.0,1.0,0.0,0.0,0.0,0.0,0.0,0.0,V,0,2026-08-22_23-06-48,2026-08-23
0.9236363636363636,1.0,0.0,1.0,0.8053691275167785,1.0,1.0,0.0,1.0,1.0,1.0,0.0,0.0,0.0,0.0,0.0,0.0,V,1,2026-08-22_23-06-48,2026-08-23
0.8236363636363636,1.0,0.0,1.0,0.33557046979865773,1.0,1.0,0.0,1.0,1.0,1.0,0.0,0.0,0.0,0.0,0.0,0.0,V,1,2026-08-22_23-06-48,2026-08-23
0.9509090909090909,1.0,0.0,1.0,0.5234899328859061,1.0,1.0,0.0,1.0,1.0,1.0,0.0,0.0,0.0,0.0,0.0,0.0,V,1,2026-08-22_23-06-48,2026-08-23
0.94,1.0,0.0,1.0,0.8053691275167785,1.0,1.0,0.0,1.0,1.0,1.0,0.0,0.0,0.0,0.0,0.0,0.0,V,1,2026-08-22_23-06-48,2026-08-23
0.8854545454545455,1.0,0.0,1.0,0.3624161073825503,1.0,1.0,0.0,1.0,1.0,1.0,0.0,0.0,0.0,0.0,0.0,0.0,V,1,2026-08-22_23-06-48,2026-08-23
1.0,0.9846938775510204,0.0,1.0,0.9932885906040269,1.0,1.0,0.0,1.0,1.0,1.0,0.0,0.0,0.0,0.0,0.0,0.0,V,1,2026-08-22_23-06-48,2026-08-23
0.8581818181818182,1.0,0.0,1.0,1.0,1.0,1.0,0.0,1.0,1.0,1.0,0.0,0.0,0.0,0.0,0.0,0.0,V,1,2026-08-22_23-06-48,2026-08-23
0.990909090909091,1.0,0.0,1.0,0.9664429530201343,1.0,1.0,0.0,1.0,1.0,1.0,0.0,0.0,0.0,0.0,0.0,0.0,V,1,2026-08-22_23-06-48,2026-08-23
0.9272727272727272,0.9710884353741497,0.0,1.0,0.912751677852349,1.0,1.0,0.0,1.0,1.0,1.0,0.0,0.0,0.0,0.0,0.0,0.0,V,1,2026-08-22_23-06-48,2026-08-23
0.9545454545454546,1.0,0.0,1.0,0.3221476510067114,1.0,1.0,0.0,1.0,1.0,1.0,0.0,0.0,0.0,0.0,0.0,0.0,V,1,2026-08-22_23-06-48,2026-08-23
0.7436363636363637,1.0,0.0,1.0,1.0,1.0,1.0,0.0,1.0,1.0,1.0,0.0,0.0,0.0,0.0,0.0,0.0,V,1,2026-08-22_23-06-48,2026-08-23
0.8254545454545454,0.9370748299319728,0.0,1.0,1.0,1.0,1.0,0.0,1.0,1.0,1.0,0.0,0.0,0.0,0.0,0.0,0.0,V,1,2026-08-22_23-06-48,2026-08-23
1.0,1.0,0.0,1.0,1.0,1.0,1.0,0.0,1.0,1.0,1.0,0.0,0.0,0.0,0.0,0.0,0.0,V,1,2026-08-22_23-06-48,2026-08-23
0.9072727272727272,1.0,0.0,1.0,1.0,1.0,1.0,0.0,1.0,1.0,1.0,0.0,0.0,0.0,0.0,0.0,0.0,V,1,2026-08-22_23-06-48,2026-08-23
0.8581818181818182,1.0,0.0,1.0,0.21476510067114093,1.0,1.0,0.0,1.0,1.0,1.0,0.0,0.0,0.0,0.0,0.0,0.0,V,1,2026-08-22_23-06-48,2026-08-23
1.0,1.0,0.0,1.0,0.912751677852349,1.0,1.0,0.0,1.0,1.0,1.0,0.0,0.0,0.0,0.0,0.0,0.0,V,1,2026-08-22_23-06-48,2026-08-23
0.8072727272727273,1.0,0.0,1.0,0.9261744966442953,1.0,1.0,0.0,1.0,1.0,1.0,0.0,0.0,0.0,0.0,0.0,0.0,V,1,2026-08-22_23-06-48,2026-08-23
0.9709090909090909,1.0,0.0,1.0,0.8053691275167785,1.0,1.0,0.0,1.0,1.0,1.0,0.0,0.0,0.0,0.0,0.0,0.0,V,1,2026-08-22_23-06-48,2026-08-23
0.9781818181818182,0.9982993197278912,0.0,1.0,0.8053691275167785,1.0,1.0,0.0,1.0,1.0,1.0,0.0,0.0,0.0,0.0,0.0,0.0,V,1,2026-08-22_23-06-48,2026-08-23
0.8872727272727273,1.0,0.0,1.0,0.2684563758389262,1.0,1.0,0.0,1.0,1.0,1.0,0.0,0.0,0.0,0.0,0.0,0.0,V,1,2026-08-22_23-06-48,2026-08-23
0.8272727272727273,1.0,0.0,1.0,0.8322147651006712,1.0,1.0,0.0,1.0,1.0,1.0,0.0,0.0,0.0,0.0,0.0,0.0,V,1,2026-08-22_23-06-48,2026-08-23
0.8618181818181818,1.0,0.0,1.0,0.8053691275167785,1.0,1.0,0.0,1.0,1.0,1.0,0.0,0.0,0.0,0.0,0.0,0.0,V,1,2026-08-22_23-06-48,2026-08-23
0.7927272727272727,1.0,0.0,1.0,0.42953020134228187,1.0,1.0,0.0,1.0,1.0,1.0,0.0,0.0,0.0,0.0,0.0,0.0,V,1,2026-08-22_23-06-48,2026-08-23
0.9690909090909091,0.9574829931972789,0.0,1.0,1.0,1.0,1.0,0.0,1.0,1.0,1.0,0.0,0.0,0.0,0.0,0.0,0.0,V,1,2026-08-22_23-06-48,2026-08-23
0.9454545454545454,1.0,0.0,1.0,1.0,1.0,1.0,0.0,1.0,1.0,1.0,0.0,0.0,0.0,0.0,0.0,0.0,V,1,2026-08-22_23-06-48,2026-08-23
0.84,0.935374149659864,0.0,1.0,0.9664429530201343,1.0,1.0,0.0,1.0,1.0,1.0,0.0,0.0,0.0,0.0,0.0,0.0,V,1,2026-08-22_23-06-48,2026-08-23
1.0,0.9608843537414966,0.0,1.0,0.8053691275167785,1.0,1.0,0.0,1.0,1.0,1.0,0.0,0.0,0.0,0.0,0.0,0.0,V,1,2026-08-22_23-06-48,2026-08-23
0.7890909090909091,1.0,0.0,1.0,0.3221476510067114,1.0,1.0,0.0,1.0,1.0,1.0,0.0,0.0,0.0,0.0,0.0,0.0,V,1,2026-08-22_23-06-48,2026-08-23
1.0,0.9914965986394558,0.0,1.0,1.0,1.0,1.0,0.0,1.0,1.0,1.0,0.0,0.0,0.0,0.0,0.0,0.0,V,1,2026-08-22_23-06-48,2026-08-23
0.8236363636363636,1.0,0.0,1.0,0.8053691275167785,1.0,1.0,0.0,1.0,1.0,1.0,0.0,0.0,0.0,0.0,0.0,0.0,V,1,2026-08-22_23-06-48,2026-08-23
1.0,0.9727891156462585,0.0,1.0,0.8859060402684564,1.0,1.0,0.0,1.0,1.0,1.0,0.0,0.0,0.0,0.0,0.0,0.0,V,1,2026-08-22_23-06-48,2026-08-23
0.82,1.0,0.0,1.0,0.5369127516778524,1.0,1.0,0.0,1.0,1.0,1.0,0.0,0.0,0.0,0.0,0.0,0.0,V,1,2026-08-22_23-06-48,2026-08-23
0.8872727272727273,1.0,0.0,1.0,0.40268456375838924,1.0,1.0,0.0,1.0,1.0,1.0,0.0,0.0,0.0,0.0,0.0,0.0,V,1,2026-08-22_23-06-48,2026-08-23
0.990909090909091,0.9625850340136054,0.0,1.0,0.912751677852349,1.0,1.0,0.0,1.0,1.0,1.0,0.0,0.0,0.0,0.0,0.0,0.0,V,1,2026-08-22_23-06-48,2026-08-23
0.8072727272727273,1.0,0.0,1.0,0.8053691275167785,1.0,1.0,0.0,1.0,1.0,1.0,0.0,0.0,0.0,0.0,0.0,0.0,V,1,2026-08-22_23-06-48,2026-08-23
0.9381818181818182,1.0,0.0,1.0,0.24161073825503357,1.0,1.0,0.0,1.0,1.0,1.0,0.0,0.0,0.0,0.0,0.0,0.0,V,1,2026-08-22_23-06-48,2026-08-23
1.0,0.9744897959183674,0.0,1.0,0.5100671140939598,1.0,1.0,0.0,1.0,1.0,1.0,0.0,0.0,0.0,0.0,0.0,0.0,V,1,2026-08-22_23-06-48,2026-08-23
1.0,1.0,0.0,1.0,0.40268456375838924,1.0,1.0,0.0,1.0,1.0,1.0,0.0,0.0,0.0,0.0,0.0,0.0,V,1,2026-08-22_23-06-48,2026-08-23
1.0,1.0,0.0,1.0,0.38926174496644295,1.0,1.0,0.0,1.0,1.0,1.0,0.0,0.0,0.0,0.0,0.0,0.0,V,1,2026-08-22_23-06-48,2026-08-23
1.0,0.7840136054421769,0.0,1.0,0.2953020134228188,1.0,1.0,0.0,1.0,1.0,1.0,0.0,0.0,0.0,0.0,0.0,0.0,V,1,2026-08-22_23-06-48,2026-08-23
1.0,1.0,0.0,1.0,0.8053691275167785,1.0,1.0,0.0,1.0,1.0,1.0,0.0,0.0,0.0,0.0,0.0,0.0,V,2,2026-08-22_23-06-48,2026-08-23
0.9690909090909091,1.0,0.0,1.0,0.38926174496644295,1.0,1.0,0.0,1.0,1.0,1.0,0.0,0.0,0.0,0.0,0.0,0.0,V,2,2026-08-22_23-06-48,2026-08-23
1.0,1.0,0.0,1.0,0.0,1.0,1.0,0.0,1.0,1.0,1.0,0.0,0.0,0.0,0.0,0.0,0.0,V,2,2026-08-22_23-06-48,2026-08-23
1.0,1.0,0.0,1.0,1.0,1.0,1.0,0.0,1.0,1.0,1.0,0.0,0.0,0.0,0.0,0.0,0.0,V,2,2026-08-22_23-06-48,2026-08-23
0.98,1.0,0.0,1.0,0.3624161073825503,1.0,1.0,0.0,1.0,1.0,1.0,0.0,0.0,0.0,0.0,0.0,0.0,V,2,2026-08-22_23-06-48,2026-08-23
1.0,1.0,0.0,1.0,0.8053691275167785,1.0,1.0,0.0,1.0,1.0,1.0,0.0,0.0,0.0,0.0,0.0,0.0,V,2,2026-08-22_23-06-48,2026-08-23
0.9981818181818182,1.0,0.0,1.0,0.87248322147651,1.0,1.0,0.0,1.0,1.0,1.0,0.0,0.0,0.0,0.0,0.0,0.0,V,2,2026-08-22_23-06-48,2026-08-23
1.0,1.0,0.0,1.0,0.8053691275167785,1.0,1.0,0.0,1.0,1.0,1.0,0.0,0.0,0.0,0.0,0.0,0.0,V,2,2026-08-22_23-06-48,2026-08-23
1.0,1.0,0.0,1.0,1.0,1.0,1.0,0.0,1.0,1.0,1.0,0.0,0.0,0.0,0.0,0.0,0.0,V,2,2026-08-22_23-06-48,2026-08-23
1.0,1.0,0.0,1.0,0.0,1.0,1.0,0.0,1.0,1.0,1.0,0.0,0.0,0.0,0.0,0.0,0.0,V,2,2026-08-22_23-06-48,2026-08-23
1.0,1.0,0.0,1.0,0.0,1.0,1.0,0.0,1.0,1.0,1.0,0.0,0.0,0.0,0.0,0.0,0.0,V,2,2026-08-22_23-06-48,2026-08-23
1.0,1.0,0.0,1.0,0.0,1.0,1.0,0.0,1.0,1.0,1.0,0.0,0.0,0.0,0.0,0.0,0.0,V,2,2026-08-22_23-06-48,2026-08-23
0.5854545454545454,1.0,0.0,1.0,1.0,1.0,1.0,0.0,1.0,1.0,1.0,0.0,0.0,0.0,0.0,0.0,0.0,V,2,2026-08-22_23-06-48,2026-08-23
1.0,1.0,0.0,1.0,1.0,1.0,1.0,0.0,1.0,1.0,1.0,0.0,0.0,0.0,0.0,0.0,0.0,V,2,2026-08-22_23-06-48,2026-08-23
1.0,0.858843537414966,0.0,1.0,0.0,1.0,1.0,0.0,1.0,1.0,1.0,0.0,0.0,0.0,0.0,0.0,0.0,V,2,2026-08-22_23-06-48,2026-08-23
1.0,1.0,0.0,1.0,0.0,1.0,1.0,0.0,1.0,1.0,1.0,0.0,0.0,0.0,0.0,0.0,0.0,V,2,2026-08-22_23-06-48,2026-08-23
1.0,1.0,0.0,1.0,0.8053691275167785,1.0,1.0,0.0,1.0,1.0,1.0,0.0,0.0,0.0,0.0,0.0,0.0,V,2,2026-08-22_23-06-48,2026-08-23
1.0,1.0,0.0,1.0,0.0,1.0,1.0,0.0,1.0,1.0,1.0,0.0,0.0,0.0,0.0,0.0,0.0,V,2,2026-08-22_23-06-48,2026-08-23
1.0,1.0,0.0,1.0,0.5100671140939598,1.0,1.0,0.0,1.0,1.0,1.0,0.0,0.0,0.0,0.0,0.0,0.0,V,2,2026-08-22_23-06-48,2026-08-23
1.0,1.0,0.0,1.0,0.0,1.0,1.0,0.0,1.0,1.0,1.0,0.0,0.0,0.0,0.0,0.0,0.0,V,2,2026-08-22_23-06-48,2026-08-23
0.9763636363636363,1.0,0.0,1.0,0.42953020134228187,1.0,1.0,0.0,1.0,1.0,1.0,0.0,0.0,0.0,0.0,0.0,0.0,V,2,2026-08-22_23-06-48,2026-08-23
1.0,1.0,0.0,1.0,0.8053691275167785,1.0,1.0,0.0,1.0,1.0,1.0,0.0,0.0,0.0,0.0,0.0,0.0,V,2,2026-08-22_23-06-48,2026-08-23
1.0,1.0,0.0,1.0,0.8053691275167785,1.0,1.0,0.0,1.0,1.0,1.0,0.0,0.0,0.0,0.0,0.0,0.0,V,2,2026-08-22_23-06-48,2026-08-23
1.0,1.0,0.0,1.0,0.37583892617449666,1.0,1.0,0.0,1.0,1.0,1.0,0.0,0.0,0.0,0.0,0.0,0.0,V,2,2026-08-22_23-06-48,2026-08-23
1.0,1.0,0.0,1.0,0.8053691275167785,1.0,1.0,0.0,1.0,1.0,1.0,0.0,0.0,0.0,0.0,0.0,0.0,V,2,2026-08-22_23-06-48,2026-08-23
0.9963636363636363,1.0,0.0,1.0,0.8053691275167785,1.0,1.0,0.0,1.0,1.0,1.0,0.0,0.0,0.0,0.0,0.0,0.0,V,2,2026-08-22_23-06-48,2026-08-23
1.0,1.0,0.0,1.0,0.8053691275167785,1.0,1.0,0.0,1.0,1.0,1.0,0.0,0.0,0.0,0.0,0.0,0.0,V,2,2026-08-22_23-06-48,2026-08-23
1.0,1.0,0.0,1.0,0.4563758389261745,1.0,1.0,0.0,1.0,1.0,1.0,0.0,0.0,0.0,0.0,0.0,0.0,V,2,2026-08-22_23-06-48,2026-08-23
1.0,1.0,0.0,1.0,0.9395973154362416,1.0,1.0,0.0,1.0,1.0,1.0,0.0,0.0,0.0,0.0,0.0,0.0,V,2,2026-08-22_23-06-48,2026-08-23
1.0,1.0,0.0,1.0,0.348993288590604,1.0,1.0,0.0,1.0,1.0,1.0,0.0,0.0,0.0,0.0,0.0,0.0,V,2,2026-08-22_23-06-48,2026-08-23
1.0,1.0,0.0,1.0,0.20134228187919462,1.0,1.0,0.0,1.0,1.0,1.0,0.0,0.0,0.0,0.0,0.0,0.0,V,2,2026-08-22_23-06-48,2026-08-23
1.0,0.9948979591836735,0.0,1.0,0.12080536912751678,1.0,1.0,0.0,1.0,1.0,1.0,0.0,0.0,0.0,0.0,0.0,0.0,V,2,2026-08-22_23-06-48,2026-08-23
1.0,1.0,0.0,1.0,0.9664429530201343,1.0,1.0,0.0,1.0,1.0,1.0,0.0,0.0,0.0,0.0,0.0,0.0,V,2,2026-08-22_23-06-48,2026-08-23
1.0,1.0,0.0,1.0,0.8187919463087249,1.0,1.0,0.0,1.0,1.0,1.0,0.0,0.0,0.0,0.0,0.0,0.0,V,2,2026-08-22_23-06-48,2026-08-23
0.9418181818181818,1.0,0.0,1.0,0.5100671140939598,1.0,1.0,0.0,1.0,1.0,1.0,0.0,0.0,0.0,0.0,0.0,0.0,V,2,2026-08-22_23-06-48,2026-08-23
1.0,1.0,0.0,1.0,0.8053691275167785,1.0,1.0,0.0,1.0,1.0,1.0,0.0,0.0,0.0,0.0,0.0,0.0,V,2,2026-08-22_23-06-48,2026-08-23
1.0,0.9744897959183674,0.0,1.0,0.9798657718120806,1.0,1.0,0.0,1.0,1.0,1.0,0.0,0.0,0.0,0.0,0.0,0.0,V,2,2026-08-22_23-06-48,2026-08-23
0.9927272727272727,1.0,0.0,1.0,0.912751677852349,1.0,1.0,0.0,1.0,1.0,1.0,0.0,0.0,0.0,0.0,0.0,0.0,V,2,2026-08-22_23-06-48,2026-08-23
1.0,1.0,0.0,1.0,0.8053691275167785,1.0,1.0,0.0,1.0,1.0,1.0,0.0,0.0,0.0,0.0,0.0,0.0,V,2,2026-08-22_23-06-48,2026-08-23
1.0,1.0,0.0,1.0,0.174496644295302,1.0,1.0,0.0,1.0,1.0,1.0,0.0,0.0,0.0,0.0,0.0,0.0,V,2,2026-08-22_23-06-48,2026-08-23
1.0,1.0,0.0,1.0,0.8053691275167785,1.0,1.0,0.0,1.0,1.0,1.0,0.0,0.0,0.0,0.0,0.0,0.0,V,3,2026-08-22_23-06-48,2026-08-23
1.0,1.0,0.0,1.0,1.0,1.0,1.0,0.0,1.0,1.0,1.0,0.0,0.0,0.0,0.0,0.0,0.0,V,3,2026-08-22_23-06-48,2026-08-23
1.0,1.0,0.0,1.0,0.8053691275167785,1.0,1.0,0.0,1.0,1.0,1.0,0.0,0.0,0.0,0.0,0.0,0.0,V,3,2026-08-22_23-06-48,2026-08-23
1.0,1.0,0.0,1.0,0.3624161073825503,1.0,1.0,0.0,1.0,1.0,1.0,0.0,0.0,0.0,0.0,0.0,0.0,V,3,2026-08-22_23-06-48,2026-08-23
1.0,1.0,0.0,1.0,0.42953020134228187,1.0,1.0,0.0,1.0,1.0,1.0,0.0,0.0,0.0,0.0,0.0,0.0,V,3,2026-08-22_23-06-48,2026-08-23
1.0,1.0,0.0,1.0,0.8187919463087249,1.0,1.0,0.0,1.0,1.0,1.0,0.0,0.0,0.0,0.0,0.0,0.0,V,3,2026-08-22_23-06-48,2026-08-23
1.0,1.0,0.0,1.0,0.8053691275167785,1.0,1.0,0.0,1.0,1.0,1.0,0.0,0.0,0.0,0.0,0.0,0.0,V,3,2026-08-22_23-06-48,2026-08-23
1.0,1.0,0.0,1.0,0.18791946308724833,1.0,1.0,0.0,1.0,1.0,1.0,0.0,0.0,0.0,0.0,0.0,0.0,V,3,2026-08-22_23-06-48,2026-08-23
0.9781818181818182,1.0,0.0,1.0,0.1476510067114094,1.0,1.0,0.0,1.0,1.0,1.0,0.0,0.0,0.0,0.0,0.0,0.0,V,3,2026-08-22_23-06-48,2026-08-23
1.0,1.0,0.0,1.0,0.4966442953020134,1.0,1.0,0.0,1.0,1.0,1.0,0.0,0.0,0.0,0.0,0.0,0.0,V,3,2026-08-22_23-06-48,2026-08-23
1.0,1.0,0.0,1.0,0.37583892617449666,1.0,1.0,0.0,1.0,1.0,1.0,0.0,0.0,0.0,0.0,0.0,0.0,V,3,2026-08-22_23-06-48,2026-08-23
1.0,1.0,0.0,1.0,0.9664429530201343,1.0,1.0,0.0,1.0,1.0,1.0,0.0,0.0,0.0,0.0,0.0,0.0,V,3,2026-08-22_23-06-48,2026-08-23
1.0,1.0,0.0,1.0,0.3624161073825503,1.0,1.0,0.0,1.0,1.0,1.0,0.0,0.0,0.0,0.0,0.0,0.0,V,3,2026-08-22_23-06-48,2026-08-23
0.8981818181818182,1.0,0.0,1.0,0.2953020134228188,1.0,1.0,0.0,1.0,1.0,1.0,0.0,0.0,0.0,0.0,0.0,0.0,V,3,2026-08-22_23-06-48,2026-08-23
0.9381818181818182,1.0,0.0,1.0,0.21476510067114093,1.0,1.0,0.0,1.0,1.0,1.0,0.0,0.0,0.0,0.0,0.0,0.0,V,3,2026-08-22_23-06-48,2026-08-23
1.0,1.0,0.0,1.0,0.42953020134228187,1.0,1.0,0.0,1.0,1.0,1.0,0.0,0.0,0.0,0.0,0.0,0.0,V,3,2026-08-22_23-06-48,2026-08-23
0.8872727272727273,1.0,0.0,1.0,0.08053691275167785,1.0,1.0,0.0,1.0,1.0,1.0,0.0,0.0,0.0,0.0,0.0,0.0,V,3,2026-08-22_23-06-48,2026-08-23
1.0,0.9506802721088435,0.0,1.0,0.8053691275167785,1.0,1.0,0.0,1.0,1.0,1.0,0.0,0.0,0.0,0.0,0.0,0.0,V,3,2026-08-22_23-06-48,2026-08-23
1.0,1.0,0.0,1.0,0.42953020134228187,1.0,1.0,0.0,1.0,1.0,1.0,0.0,0.0,0.0,0.0,0.0,0.0,V,3,2026-08-22_23-06-48,2026-08-23
0.889090909090909,1.0,0.0,1.0,0.348993288590604,1.0,1.0,0.0,1.0,1.0,1.0,0.0,0.0,0.0,0.0,0.0,0.0,V,3,2026-08-22_23-06-48,2026-08-23
1.0,0.9642857142857143,0.0,1.0,0.8053691275167785,1.0,1.0,0.0,1.0,1.0,1.0,0.0,0.0,0.0,0.0,0.0,0.0,V,3,2026-08-22_23-06-48,2026-08-23
1.0,1.0,0.0,1.0,0.40268456375838924,1.0,1.0,0.0,1.0,1.0,1.0,0.0,0.0,0.0,0.0,0.0,0.0,V,3,2026-08-22_23-06-48,2026-08-23
0.9818181818181818,1.0,0.0,1.0,0.026845637583892617,1.0,1.0,0.0,1.0,1.0,1.0,0.0,0.0,0.0,0.0,0.0,0.0,V,3,2026-08-22_23-06-48,2026-08-23
0.9145454545454546,1.0,0.0,1.0,0.33557046979865773,1.0,1.0,0.0,1.0,1.0,1.0,0.0,0.0,0.0,0.0,0.0,0.0,V,3,2026-08-22_23-06-48,2026-08-23
0.9509090909090909,1.0,0.0,1.0,0.0,1.0,1.0,0.0,1.0,1.0,1.0,0.0,0.0,0.0,0.0,0.0,0.0,V,3,2026-08-22_23-06-48,2026-08-23
1.0,1.0,0.0,1.0,1.0,1.0,1.0,0.0,1.0,1.0,1.0,0.0,0.0,0.0,0.0,0.0,0.0,V,3,2026-08-22_23-06-48,2026-08-23
1.0,0.9982993197278912,0.0,1.0,1.0,1.0,1.0,0.0,1.0,1.0,1.0,0.0,0.0,0.0,0.0,0.0,0.0,V,3,2026-08-22_23-06-48,2026-08-23
1.0,1.0,0.0,1.0,0.8053691275167785,1.0,1.0,0.0,1.0,1.0,1.0,0.0,0.0,0.0,0.0,0.0,0.0,V,3,2026-08-22_23-06-48,2026-08-23
0.9072727272727272,1.0,0.0,1.0,0.8053691275167785,1.0,1.0,0.0,1.0,1.0,1.0,0.0,0.0,0.0,0.0,0.0,0.0,V,3,2026-08-22_23-06-48,2026-08-23
0.9,1.0,0.0,1.0,0.8187919463087249,1.0,1.0,0.0,1.0,1.0,1.0,0.0,0.0,0.0,0.0,0.0,0.0,V,3,2026-08-22_23-06-48,2026-08-23
0.8836363636363637,1.0,0.0,1.0,0.8053691275167785,1.0,1.0,0.0,1.0,1.0,1.0,0.0,0.0,0.0,0.0,0.0,0.0,V,3,2026-08-22_23-06-48,2026-08-23
1.0,1.0,0.0,1.0,1.0,1.0,1.0,0.0,1.0,1.0,1.0,0.0,0.0,0.0,0.0,0.0,0.0,V,3,2026-08-22_23-06-48,2026-08-23
0.9636363636363636,1.0,0.0,1.0,0.40268456375838924,1.0,1.0,0.0,1.0,1.0,1.0,0.0,0.0,0.0,0.0,0.0,0.0,V,3,2026-08-22_23-06-48,2026-08-23
0.9309090909090909,1.0,0.0,1.0,0.174496644295302,1.0,1.0,0.0,1.0,1.0,1.0,0.0,0.0,0.0,0.0,0.0,0.0,V,3,2026-08-22_23-06-48,2026-08-23
1.0,1.0,0.0,1.0,0.9261744966442953,1.0,1.0,0.0,1.0,1.0,1.0,0.0,0.0,0.0,0.0,0.0,0.0,V,3,2026-08-22_23-06-48,2026-08-23
1.0,1.0,0.0,1.0,0.8053691275167785,1.0,1.0,0.0,1.0,1.0,1.0,0.0,0.0,0.0,0.0,0.0,0.0,V,3,2026-08-22_23-06-48,2026-08-23
0.8945454545454545,1.0,0.0,1.0,1.0,1.0,1.0,0.0,1.0,1.0,1.0,0.0,0.0,0.0,0.0,0.0,0.0,V,3,2026-08-22_23-06-48,2026-08-23
1.0,1.0,0.0,1.0,0.8053691275167785,1.0,1.0,0.0,1.0,1.0,1.0,0.0,0.0,0.0,0.0,0.0,0.0,V,3,2026-08-22_23-06-48,2026-08-23
1.0,1.0,0.0,1.0,0.0,1.0,1.0,0.0,1.0,1.0,1.0,0.0,0.0,0.0,0.0,0.0,0.0,V,3,2026-08-22_23-06-48,2026-08-23
1.0,1.0,0.0,1.0,0.33557046979865773,1.0,1.0,0.0,1.0,1.0,1.0,0.0,0.0,0.0,0.0,0.0,0.0,V,3,2026-08-22_23-06-48,2026-08-23
0.88,1.0,0.0,1.0,0.22818791946308725,1.0,1.0,0.0,1.0,1.0,1.0,0.0,0.0,0.0,0.0,0.0,0.0,V,4,2026-08-22_23-06-48,2026-08-23
0.9363636363636364,1.0,0.0,1.0,0.3624161073825503,1.0,1.0,0.0,1.0,1.0,1.0,0.0,0.0,0.0,0.0,0.0,0.0,V,4,2026-08-22_23-06-48,2026-08-23
1.0,1.0,0.0,1.0,0.8053691275167785,1.0,1.0,0.0,1.0,1.0,1.0,0.0,0.0,0.0,0.0,0.0,0.0,V,4,2026-08-22_23-06-48,2026-08-23
1.0,1.0,0.0,1.0,0.0,1.0,1.0,0.0,1.0,1.0,1.0,0.0,0.0,0.0,0.0,0.0,0.0,V,4,2026-08-22_23-06-48,2026-08-23
1.0,1.0,0.0,1.0,0.8053691275167785,1.0,1.0,0.0,1.0,1.0,1.0,0.0,0.0,0.0,0.0,0.0,0.0,V,4,2026-08-22_23-06-48,2026-08-23
1.0,1.0,0.0,1.0,1.0,1.0,1.0,0.0,1.0,1.0,1.0,0.0,0.0,0.0,0.0,0.0,0.0,V,4,2026-08-22_23-06-48,2026-08-23
0.9981818181818182,1.0,0.0,1.0,0.0,1.0,1.0,0.0,1.0,1.0,1.0,0.0,0.0,0.0,0.0,0.0,0.0,V,4,2026-08-22_23-06-48,2026-08-23
1.0,1.0,0.0,1.0,0.8053691275167785,1.0,1.0,0.0,1.0,1.0,1.0,0.0,0.0,0.0,0.0,0.0,0.0,V,4,2026-08-22_23-06-48,2026-08-23
1.0,1.0,0.0,1.0,0.0,1.0,1.0,0.0,1.0,1.0,1.0,0.0,0.0,0.0,0.0,0.0,0.0,V,4,2026-08-22_23-06-48,2026-08-23
1.0,1.0,0.0,1.0,0.8053691275167785,1.0,1.0,0.0,1.0,1.0,1.0,0.0,0.0,0.0,0.0,0.0,0.0,V,4,2026-08-22_23-06-48,2026-08-23
1.0,1.0,0.0,1.0,0.3221476510067114,1.0,1.0,0.0,1.0,1.0,1.0,0.0,0.0,0.0,0.0,0.0,0.0,V,4,2026-08-22_23-06-48,2026-08-23
1.0,1.0,0.0,1.0,0.8456375838926175,1.0,1.0,0.0,1.0,1.0,1.0,0.0,0.0,0.0,0.0,0.0,0.0,V,4,2026-08-22_23-06-48,2026-08-23
1.0,1.0,0.0,1.0,0.8053691275167785,1.0,1.0,0.0,1.0,1.0,1.0,0.0,0.0,0.0,0.0,0.0,0.0,V,4,2026-08-22_23-06-48,2026-08-23
1.0,0.9982993197278912,0.0,1.0,0.8053691275167785,1.0,1.0,0.0,1.0,1.0,1.0,0.0,0.0,0.0,0.0,0.0,0.0,V,4,2026-08-22_23-06-48,2026-08-23
1.0,0.9795918367346939,0.0,1.0,0.0,1.0,1.0,0.0,1.0,1.0,1.0,0.0,0.0,0.0,0.0,0.0,0.0,V,4,2026-08-22_23-06-48,2026-08-23
1.0,1.0,0.0,1.0,0.1342281879194631,1.0,1.0,0.0,1.0,1.0,1.0,0.0,0.0,0.0,0.0,0.0,0.0,V,4,2026-08-22_23-06-48,2026-08-23
1.0,1.0,0.0,1.0,0.22818791946308725,1.0,1.0,0.0,1.0,1.0,1.0,0.0,0.0,0.0,0.0,0.0,0.0,V,4,2026-08-22_23-06-48,2026-08-23
1.0,1.0,0.0,1.0,0.8859060402684564,1.0,1.0,0.0,1.0,1.0,1.0,0.0,0.0,0.0,0.0,0.0,0.0,V,4,2026-08-22_23-06-48,2026-08-23
0.9363636363636364,1.0,0.0,1.0,0.8053691275167785,1.0,1.0,0.0,1.0,1.0,1.0,0.0,0.0,0.0,0.0,0.0,0.0,V,4,2026-08-22_23-06-48,2026-08-23
1.0,1.0,0.0,1.0,1.0,1.0,1.0,0.0,1.0,1.0,1.0,0.0,0.0,0.0,0.0,0.0,0.0,V,4,2026-08-22_23-06-48,2026-08-23
1.0,1.0,0.0,1.0,0.8053691275167785,1.0,1.0,0.0,1.0,1.0,1.0,0.0,0.0,0.0,0.0,0.0,0.0,V,4,2026-08-22_23-06-48,2026-08-23
1.0,1.0,0.0,1.0,0.1476510067114094,1.0,1.0,0.0,1.0,1.0,1.0,0.0,0.0,0.0,0.0,0.0,0.0,V,4,2026-08-22_23-06-48,2026-08-23
0.9636363636363636,1.0,0.0,1.0,0.912751677852349,1.0,1.0,0.0,1.0,1.0,1.0,0.0,0.0,0.0,0.0,0.0,0.0,V,4,2026-08-22_23-06-48,2026-08-23
1.0,0.9081632653061225,0.0,1.0,0.42953020134228187,1.0,1.0,0.0,1.0,1.0,1.0,0.0,0.0,0.0,0.0,0.0,0.0,V,4,2026-08-22_23-06-48,2026-08-23
1.0,1.0,0.0,1.0,0.0,1.0,1.0,0.0,1.0,1.0,1.0,0.0,0.0,0.0,0.0,0.0,0.0,V,4,2026-08-22_23-06-48,2026-08-23
1.0,0.9472789115646258,0.0,1.0,0.08053691275167785,1.0,1.0,0.0,1.0,1.0,1.0,0.0,0.0,0.0,0.0,0.0,0.0,V,4,2026-08-22_23-06-48,2026-08-23
1.0,1.0,0.0,1.0,0.0,1.0,1.0,0.0,1.0,1.0,1.0,0.0,0.0,0.0,0.0,0.0,0.0,V,4,2026-08-22_23-06-48,2026-08-23
1.0,1.0,0.0,1.0,0.0,1.0,1.0,0.0,1.0,1.0,1.0,0.0,0.0,0.0,0.0,0.0,0.0,V,4,2026-08-22_23-06-48,2026-08-23
0.730909090909091,1.0,0.0,1.0,0.87248322147651,1.0,1.0,0.0,1.0,1.0,1.0,0.0,0.0,0.0,0.0,0.0,0.0,V,4,2026-08-22_23-06-48,2026-08-23
0.8818181818181818,1.0,0.0,1.0,0.0,1.0,1.0,0.0,1.0,1.0,1.0,0.0,0.0,0.0,0.0,0.0,0.0,V,4,2026-08-22_23-06-48,2026-08-23
0.9981818181818182,1.0,0.0,1.0,1.0,1.0,1.0,0.0,1.0,1.0,1.0,0.0,0.0,0.0,0.0,0.0,0.0,V,4,2026-08-22_23-06-48,2026-08-23
0.7545454545454545,1.0,0.0,1.0,1.0,1.0,1.0,0.0,1.0,1.0,1.0,0.0,0.0,0.0,0.0,0.0,0.0,V,4,2026-08-22_23-06-48,2026-08-23
1.0,1.0,0.0,1.0,0.38926174496644295,1.0,1.0,0.0,1.0,1.0,1.0,0.0,0.0,0.0,0.0,0.0,0.0,V,4,2026-08-22_23-06-48,2026-08-23
1.0,1.0,0.0,1.0,0.4429530201342282,1.0,1.0,0.0,1.0,1.0,1.0,0.0,0.0,0.0,0.0,0.0,0.0,V,4,2026-08-22_23-06-48,2026-08-23
1.0,1.0,0.0,1.0,0.33557046979865773,1.0,1.0,0.0,1.0,1.0,1.0,0.0,0.0,0.0,0.0,0.0,0.0,V,4,2026-08-22_23-06-48,2026-08-23
1.0,1.0,0.0,1.0,0.8590604026845637,1.0,1.0,0.0,1.0,1.0,1.0,0.0,0.0,0.0,0.0,0.0,0.0,V,4,2026-08-22_23-06-48,2026-08-23
0.9890909090909091,1.0,0.0,1.0,0.8590604026845637,1.0,1.0,0.0,1.0,1.0,1.0,0.0,0.0,0.0,0.0,0.0,0.0,V,4,2026-08-22_23-06-48,2026-08-23
1.0,1.0,0.0,1.0,0.10738255033557047,1.0,1.0,0.0,1.0,1.0,1.0,0.0,0.0,0.0,0.0,0.0,0.0,V,4,2026-08-22_23-06-48,2026-08-23
1.0,1.0,0.0,1.0,0.38926174496644295,1.0,1.0,0.0,1.0,1.0,1.0,0.0,0.0,0.0,0.0,0.0,0.0,V,4,2026-08-22_23-06-48,2026-08-23
1.0,1.0,0.0,1.0,0.4563758389261745,1.0,1.0,0.0,1.0,1.0,1.0,0.0,0.0,0.0,0.0,0.0,0.0,V,4,2026-08-22_23-06-48,2026-08-23
1.0,0.0,0.0,1.0,0.4563758389261745,1.0,1.0,1.0,1.0,1.0,1.0,0.0,0.0,0.0,0.0,0.0,0.0,W,0,2026-08-22_23-06-48,2026-08-23
1.0,0.0,0.0,1.0,0.9798657718120806,1.0,1.0,1.0,1.0,1.0,1.0,0.0,0.0,0.0,0.0,0.0,0.0,W,0,2026-08-22_23-06-48,2026-08-23
0.8145454545454546,0.0,0.0,1.0,0.8053691275167785,1.0,1.0,1.0,1.0,1.0,1.0,0.0,0.0,0.0,0.0,0.0,0.0,W,0,2026-08-22_23-06-48,2026-08-23
0.8018181818181818,0.0,0.0,1.0,0.9932885906040269,1.0,1.0,1.0,1.0,1.0,1.0,0.0,0.0,0.0,0.0,0.0,0.0,W,0,2026-08-22_23-06-48,2026-08-23
1.0,0.0,0.0,1.0,0.9932885906040269,1.0,1.0,1.0,1.0,1.0,1.0,0.0,0.0,0.0,0.0,0.0,0.0,W,0,2026-08-22_23-06-48,2026-08-23
1.0,0.0,0.0,1.0,0.8322147651006712,1.0,1.0,1.0,1.0,1.0,1.0,0.0,0.0,0.0,0.0,0.0,0.0,W,0,2026-08-22_23-06-48,2026-08-23
0.9145454545454546,0.0,0.0,1.0,1.0,1.0,1.0,1.0,1.0,1.0,1.0,0.0,0.0,0.0,0.0,0.0,0.0,W,0,2026-08-22_23-06-48,2026-08-23
1.0,0.0,0.0,1.0,0.12080536912751678,1.0,1.0,1.0,1.0,1.0,1.0,0.0,0.0,0.0,0.0,0.0,0.0,W,0,2026-08-22_23-06-48,2026-08-23
1.0,0.0,0.0,1.0,0.21476510067114093,1.0,1.0,1.0,1.0,1.0,1.0,0.0,0.0,0.0,0.0,0.0,0.0,W,0,2026-08-22_23-06-48,2026-08-23
1.0,0.0,0.0,1.0,0.8187919463087249,1.0,1.0,1.0,1.0,1.0,1.0,0.0,0.0,0.0,0.0,0.0,0.0,W,0,2026-08-22_23-06-48,2026-08-23
1.0,0.0,0.0,1.0,0.8053691275167785,1.0,1.0,1.0,1.0,1.0,1.0,0.0,0.0,0.0,0.0,0.0,0.0,W,0,2026-08-22_23-06-48,2026-08-23
1.0,0.0,0.0,1.0,0.8187919463087249,1.0,1.0,1.0,1.0,1.0,1.0,0.0,0.0,0.0,0.0,0.0,0.0,W,0,2026-08-22_23-06-48,2026-08-23
1.0,0.0,0.0,1.0,0.8053691275167785,1.0,1.0,1.0,1.0,1.0,1.0,0.0,0.0,0.0,0.0,0.0,0.0,W,0,2026-08-22_23-06-48,2026-08-23
1.0,0.0,0.0,1.0,0.10738255033557047,1.0,1.0,1.0,1.0,1.0,1.0,0.0,0.0,0.0,0.0,0.0,0.0,W,0,2026-08-22_23-06-48,2026-08-23
1.0,0.0,0.0,1.0,0.2684563758389262,1.0,1.0,1.0,1.0,1.0,1.0,0.0,0.0,0.0,0.0,0.0,0.0,W,0,2026-08-22_23-06-48,2026-08-23
0.9654545454545455,0.0,0.0,1.0,0.0,1.0,1.0,1.0,1.0,1.0,1.0,0.0,0.0,0.0,0.0,0.0,0.0,W,0,2026-08-22_23-06-48,2026-08-23
1.0,0.0,0.0,1.0,0.8053691275167785,1.0,1.0,1.0,1.0,1.0,1.0,0.0,0.0,0.0,0.0,0.0,0.0,W,0,2026-08-22_23-06-48,2026-08-23
1.0,0.0,0.0,1.0,0.912751677852349,1.0,1.0,1.0,1.0,1.0,1.0,0.0,0.0,0.0,0.0,0.0,0.0,W,0,2026-08-22_23-06-48,2026-08-23
0.8854545454545455,0.0,0.0,1.0,0.9932885906040269,1.0,1.0,1.0,1.0,1.0,1.0,0.0,0.0,0.0,0.0,0.0,0.0,W,0,2026-08-22_23-06-48,2026-08-23
1.0,0.0,0.0,1.0,0.8053691275167785,1.0,1.0,1.0,1.0,1.0,1.0,0.0,0.0,0.0,0.0,0.0,0.0,W,0,2026-08-22_23-06-48,2026-08-23
0.9418181818181818,0.0,0.0,1.0,0.4563758389261745,1.0,1.0,1.0,1.0,1.0,1.0,0.0,0.0,0.0,0.0,0.0,0.0,W,0,2026-08-22_23-06-48,2026-08-23
1.0,0.0,0.0,1.0,0.10738255033557047,1.0,1.0,1.0,1.0,1.0,1.0,0.0,0.0,0.0,0.0,0.0,0.0,W,0,2026-08-22_23-06-48,2026-08-23
1.0,0.0,0.0,1.0,0.912751677852349,1.0,1.0,1.0,1.0,1.0,1.0,0.0,0.0,0.0,0.0,0.0,0.0,W,0,2026-08-22_23-06-48,2026-08-23
1.0,0.0,0.0,1.0,0.3221476510067114,1.0,1.0,1.0,1.0,1.0,1.0,0.0,0.0,0.0,0.0,0.0,0.0,W,0,2026-08-22_23-06-48,2026-08-23
0.8836363636363637,0.0,0.0,1.0,0.348993288590604,1.0,1.0,1.0,1.0,1.0,1.0,0.0,0.0,0.0,0.0,0.0,0.0,W,0,2026-08-22_23-06-48,2026-08-23
1.0,0.0,0.0,1.0,0.8053691275167785,1.0,1.0,1.0,1.0,1.0,1.0,0.0,0.0,0.0,0.0,0.0,0.0,W,0,2026-08-22_23-06-48,2026-08-23
0.9145454545454546,0.0,0.0,1.0,0.21476510067114093,1.0,1.0,1.0,1.0,1.0,1.0,0.0,0.0,0.0,0.0,0.0,0.0,W,0,2026-08-22_23-06-48,2026-08-23
0.94,0.0,0.0,1.0,0.4161073825503356,1.0,1.0,1.0,1.0,1.0,1.0,0.0,0.0,0.0,0.0,0.0,0.0,W,0,2026-08-22_23-06-48,2026-08-23
0.8945454545454545,0.0,0.0,1.0,0.1476510067114094,1.0,1.0,1.0,1.0,1.0,1.0,0.0,0.0,0.0,0.0,0.0,0.0,W,0,2026-08-22_23-06-48,2026-08-23
1.0,0.0,0.0,1.0,0.026845637583892617,1.0,1.0,1.0,1.0,1.0,1.0,0.0,0.0,0.0,0.0,0.0,0.0,W,0,2026-08-22_23-06-48,2026-08-23
0.5436363636363636,0.0,0.0,1.0,0.8053691275167785,1.0,1.0,1.0,1.0,1.0,1.0,0.0,0.0,0.0,0.0,0.0,0.0,W,0,2026-08-22_23-06-48,2026-08-23
0.7745454545454545,0.0,0.0,1.0,0.8053691275167785,1.0,1.0,1.0,1.0,1.0,1.0,0.0,0.0,0.0,0.0,0.0,0.0,W,0,2026-08-22_23-06-48,2026-08-23
0.56,0.0,0.0,1.0,0.0,1.0,1.0,1.0,1.0,1.0,1.0,0.0,0.0,0.0,0.0,0.0,0.0,W,0,2026-08-22_23-06-48,2026-08-23
0.8927272727272727,0.0,0.0,1.0,1.0,1.0,1.0,1.0,1.0,1.0,1.0,0.0,0.0,0.0,0.0,0.0,0.0,W,0,2026-08-22_23-06-48,2026-08-23
1.0,0.0,0.0,1.0,1.0,1.0,1.0,1.0,1.0,1.0,1.0,0.0,0.0,0.0,0.0,0.0,0.0,W,0,2026-08-22_23-06-48,2026-08-23
1.0,0.0,0.0,1.0,1.0,1.0,1.0,1.0,1.0,1.0,1.0,0.0,0.0,0.0,0.0,0.0,0.0,W,0,2026-08-22_23-06-48,2026-08-23
1.0,0.0,0.0,1.0,1.0,1.0,1.0,1.0,1.0,1.0,1.0,0.0,0.0,0.0,0.0,0.0,0.0,W,0,2026-08-22_23-06-48,2026-08-23
1.0,0.0,0.0,1.0,1.0,1.0,1.0,1.0,1.0,1.0,1.0,0.0,0.0,0.0,0.0,0.0,0.0,W,0,2026-08-22_23-06-48,2026-08-23
1.0,0.0,0.0,1.0,1.0,1.0,1.0,1.0,1.0,1.0,1.0,0.0,0.0,0.0,0.0,0.0,0.0,W,0,2026-08-22_23-06-48,2026-08-23
1.0,0.0,0.0,1.0,1.0,1.0,1.0,1.0,1.0,1.0,1.0,0.0,0.0,0.0,0.0,0.0,0.0,W,0,2026-08-22_23-06-48,2026-08-23
0.9927272727272727,0.0,0.0,1.0,0.3624161073825503,1.0,1.0,1.0,1.0,1.0,1.0,0.0,0.0,0.0,0.0,0.0,0.0,W,1,2026-08-22_23-06-48,2026-08-23
0.9509090909090909,0.0,0.0,1.0,0.8053691275167785,1.0,1.0,1.0,1.0,1.0,1.0,0.0,0.0,0.0,0.0,0.0,0.0,W,1,2026-08-22_23-06-48,2026-08-23
0.9981818181818182,0.0,0.0,1.0,0.9932885906040269,1.0,1.0,1.0,1.0,1.0,1.0,0.0,0.0,0.0,0.0,0.0,0.0,W,1,2026-08-22_23-06-48,2026-08-23
1.0,0.0,0.0,1.0,0.2684563758389262,1.0,1.0,1.0,1.0,1.0,1.0,0.0,0.0,0.0,0.0,0.0,0.0,W,1,2026-08-22_23-06-48,2026-08-23
0.9145454545454546,0.0,0.0,1.0,0.8053691275167785,1.0,1.0,1.0,1.0,1.0,1.0,0.0,0.0,0.0,0.0,0.0,0.0,W,1,2026-08-22_23-06-48,2026-08-23
1.0,0.0,0.0,1.0,0.10738255033557047,1.0,1.0,1.0,1.0,1.0,1.0,0.0,0.0,0.0,0.0,0.0,0.0,W,1,2026-08-22_23-06-48,2026-08-23
0.8272727272727273,0.0,0.0,1.0,0.8053691275167785,1.0,1.0,1.0,1.0,1.0,1.0,0.0,0.0,0.0,0.0,0.0,0.0,W,1,2026-08-22_23-06-48,2026-08-23
0.8927272727272727,0.0,0.0,1.0,0.9395973154362416,1.0,1.0,1.0,1.0,1.0,1.0,0.0,0.0,0.0,0.0,0.0,0.0,W,1,2026-08-22_23-06-48,2026-08-23
1.0,0.0,0.0,1.0,0.8053691275167785,1.0,1.0,1.0,1.0,1.0,1.0,0.0,0.0,0.0,0.0,0.0,0.0,W,1,2026-08-22_23-06-48,2026-08-23
1.0,0.0,0.0,1.0,0.0,1.0,1.0,1.0,1.0,1.0,1.0,0.0,0.0,0.0,0.0,0.0,0.0,W,1,2026-08-22_23-06-48,2026-08-23
0.8418181818181818,0.0,0.0,1.0,0.08053691275167785,1.0,1.0,1.0,1.0,1.0,1.0,0.0,0.0,0.0,0.0,0.0,0.0,W,1,2026-08-22_23-06-48,2026-08-23
1.0,0.0,0.0,1.0,1.0,1.0,1.0,1.0,1.0,1.0,1.0,0.0,0.0,0.0,0.0,0.0,0.0,W,1,2026-08-22_23-06-48,2026-08-23
0.82,0.0,0.0,1.0,0.8187919463087249,1.0,1.0,1.0,1.0,1.0,1.0,0.0,0.0,0.0,0.0,0.0,0.0,W,1,2026-08-22_23-06-48,2026-08-23
0.84,0.0,0.0,1.0,0.8053691275167785,1.0,1.0,1.0,1.0,1.0,1.0,0.0,0.0,0.0,0.0,0.0,0.0,W,1,2026-08-22_23-06-48,2026-08-23
0.9418181818181818,0.0,0.0,1.0,1.0,1.0,1.0,1.0,1.0,1.0,1.0,0.0,0.0,0.0,0.0,0.0,0.0,W,1,2026-08-22_23-06-48,2026-08-23
1.0,0.0,0.0,1.0,1.0,1.0,1.0,1.0,1.0,1.0,1.0,0.0,0.0,0.0,0.0,0.0,0.0,W,1,2026-08-22_23-06-48,2026-08-23
1.0,0.0,0.0,1.0,0.8053691275167785,1.0,1.0,1.0,1.0,1.0,1.0,0.0,0.0,0.0,0.0,0.0,0.0,W,1,2026-08-22_23-06-48,2026-08-23
1.0,0.0,0.0,1.0,1.0,1.0,1.0,1.0,1.0,1.0,1.0,0.0,0.0,0.0,0.0,0.0,0.0,W,1,2026-08-22_23-06-48,2026-08-23
1.0,0.0,0.0,1.0,0.8053691275167785,1.0,1.0,1.0,1.0,1.0,1.0,0.0,0.0,0.0,0.0,0.0,0.0,W,1,2026-08-22_23-06-48,2026-08-23
0.8727272727272727,0.0,0.0,1.0,0.8053691275167785,1.0,1.0,1.0,1.0,1.0,1.0,0.0,0.0,0.0,0.0,0.0,0.0,W,1,2026-08-22_23-06-48,2026-08-23
0.8818181818181818,0.0,0.0,1.0,0.0,1.0,1.0,1.0,1.0,1.0,1.0,0.0,0.0,0.0,0.0,0.0,0.0,W,1,2026-08-22_23-06-48,2026-08-23
0.8763636363636363,0.0,0.0,1.0,0.0,1.0,1.0,1.0,1.0,1.0,1.0,0.0,0.0,0.0,0.0,0.0,0.0,W,1,2026-08-22_23-06-48,2026-08-23
1.0,0.0,0.0,1.0,0.8590604026845637,1.0,1.0,1.0,1.0,1.0,1.0,0.0,0.0,0.0,0.0,0.0,0.0,W,1,2026-08-22_23-06-48,2026-08-23
1.0,0.0,0.0,1.0,0.2684563758389262,1.0,1.0,1.0,1.0,1.0,1.0,0.0,0.0,0.0,0.0,0.0,0.0,W,1,2026-08-22_23-06-48,2026-08-23
0.9963636363636363,0.0,0.0,1.0,0.1610738255033557,1.0,1.0,1.0,1.0,1.0,1.0,0.0,0.0,0.0,0.0,0.0,0.0,W,1,2026-08-22_23-06-48,2026-08-23
0.9854545454545455,0.0,0.0,1.0,0.1342281879194631,1.0,1.0,1.0,1.0,1.0,1.0,0.0,0.0,0.0,0.0,0.0,0.0,W,1,2026-08-22_23-06-48,2026-08-23
0.9890909090909091,0.0,0.0,1.0,1.0,1.0,1.0,1.0,1.0,1.0,1.0,0.0,0.0,0.0,0.0,0.0,0.0,W,1,2026-08-22_23-06-48,2026-08-23
1.0,0.0,0.0,1.0,0.8053691275167785,1.0,1.0,1.0,1.0,1.0,1.0,0.0,0.0,0.0,0.0,0.0,0.0,W,1,2026-08-22_23-06-48,2026-08-23
0.8327272727272728,0.0,0.0,1.0,0.3624161073825503,1.0,1.0,1.0,1.0,1.0,1.0,0.0,0.0,0.0,0.0,0.0,0.0,W,1,2026-08-22_23-06-48,2026-08-23
1.0,0.0,0.0,1.0,0.8053691275167785,1.0,1.0,1.0,1.0,1.0,1.0,0.0,0.0,0.0,0.0,0.0,0.0,W,1,2026-08-22_23-06-48,2026-08-23
0.9981818181818182,0.0,0.0,1.0,0.4966442953020134,1.0,1.0,1.0,1.0,1.0,1.0,0.0,0.0,0.0,0.0,0.0,0.0,W,1,2026-08-22_23-06-48,2026-08-23
0.7709090909090909,0.0,0.0,1.0,0.8053691275167785,1.0,1.0,1.0,1.0,1.0,1.0,0.0,0.0,0.0,0.0,0.0,0.0,W,1,2026-08-22_23-06-48,2026-08-23
0.9436363636363636,0.0,0.0,1.0,0.9261744966442953,1.0,1.0,1.0,1.0,1.0,1.0,0.0,0.0,0.0,0.0,0.0,0.0,W,1,2026-08-22_23-06-48,2026-08-23
1.0,0.0,0.0,1.0,0.1610738255033557,1.0,1.0,1.0,1.0,1.0,1.0,0.0,0.0,0.0,0.0,0.0,0.0,W,1,2026-08-22_23-06-48,2026-08-23
0.9363636363636364,0.0,0.0,1.0,0.0,1.0,1.0,1.0,1.0,1.0,1.0,0.0,0.0,0.0,0.0,0.0,0.0,W,1,2026-08-22_23-06-48,2026-08-23
0.9072727272727272,0.0,0.0,1.0,0.38926174496644295,1.0,1.0,1.0,1.0,1.0,1.0,0.0,0.0,0.0,0.0,0.0,0.0,W,1,2026-08-22_23-06-48,2026-08-23
1.0,0.0,0.0,1.0,0.42953020134228187,1.0,1.0,1.0,1.0,1.0,1.0,0.0,0.0,0.0,0.0,0.0,0.0,W,1,2026-08-22_23-06-48,2026-08-23
0.9509090909090909,0.0,0.0,1.0,0.8053691275167785,1.0,1.0,1.0,1.0,1.0,1.0,0.0,0.0,0.0,0.0,0.0,0.0,W,1,2026-08-22_23-06-48,2026-08-23
0.7872727272727272,0.0,0.0,1.0,0.8053691275167785,1.0,1.0,1.0,1.0,1.0,1.0,0.0,0.0,0.0,0.0,0.0,0.0,W,1,2026-08-22_23-06-48,2026-08-23
0.7527272727272727,0.0,0.0,1.0,0.0,1.0,1.0,1.0,1.0,1.0,1.0,0.0,0.0,0.0,0.0,0.0,0.0,W,1,2026-08-22_23-06-48,2026-08-23
0.9454545454545454,0.0,0.0,1.0,0.33557046979865773,1.0,1.0,1.0,1.0,1.0,1.0,0.0,0.0,0.0,0.0,0.0,0.0,W,2,2026-08-22_23-06-48,2026-08-23
0.9781818181818182,0.0,0.0,1.0,0.33557046979865773,1.0,1.0,1.0,1.0,1.0,1.0,0.0,0.0,0.0,0.0,0.0,0.0,W,2,2026-08-22_23-06-48,2026-08-23
0.9945454545454545,0.0,0.0,1.0,0.2953020134228188,1.0,1.0,1.0,1.0,1.0,1.0,0.0,0.0,0.0,0.0,0.0,0.0,W,2,2026-08-22_23-06-48,2026-08-23
1.0,0.0,0.0,1.0,1.0,1.0,1.0,1.0,1.0,1.0,1.0,0.0,0.0,0.0,0.0,0.0,0.0,W,2,2026-08-22_23-06-48,2026-08-23
0.9454545454545454,0.0,0.0,1.0,0.8053691275167785,1.0,1.0,1.0,1.0,1.0,1.0,0.0,0.0,0.0,0.0,0.0,0.0,W,2,2026-08-22_23-06-48,2026-08-23
0.9218181818181819,0.0,0.0,1.0,0.8053691275167785,1.0,1.0,1.0,1.0,1.0,1.0,0.0,0.0,0.0,0.0,0.0,0.0,W,2,2026-08-22_23-06-48,2026-08-23
0.9181818181818182,0.0,0.0,1.0,0.8053691275167785,1.0,1.0,1.0,1.0,1.0,1.0,0.0,0.0,0.0,0.0,0.0,0.0,W,2,2026-08-22_23-06-48,2026-08-23
0.94,0.0,0.0,1.0,0.38926174496644295,1.0,1.0,1.0,1.0,1.0,1.0,0.0,0.0,0.0,0.0,0.0,0.0,W,2,2026-08-22_23-06-48,2026-08-23
0.9127272727272727,0.0,0.0,1.0,0.8053691275167785,1.0,1.0,1.0,1.0,1.0,1.0,0.0,0.0,0.0,0.0,0.0,0.0,W,2,2026-08-22_23-06-48,2026-08-23
0.94,0.0,0.0,1.0,0.4966442953020134,1.0,1.0,1.0,1.0,1.0,1.0,0.0,0.0,0.0,0.0,0.0,0.0,W,2,2026-08-22_23-06-48,2026-08-23
0.8818181818181818,0.0,0.0,1.0,0.8053691275167785,1.0,1.0,1.0,1.0,1.0,1.0,0.0,0.0,0.0,0.0,0.0,0.0,W,2,2026-08-22_23-06-48,2026-08-23
1.0,0.0,0.0,1.0,0.9664429530201343,1.0,1.0,1.0,1.0,1.0,1.0,0.0,0.0,0.0,0.0,0.0,0.0,W,2,2026-08-22_23-06-48,2026-08-23
1.0,0.0,0.0,1.0,0.8053691275167785,1.0,1.0,1.0,1.0,1.0,1.0,0.0,0.0,0.0,0.0,0.0,0.0,W,2,2026-08-22_23-06-48,2026-08-23
0.96,0.0,0.0,1.0,0.8322147651006712,1.0,1.0,1.0,1.0,1.0,1.0,0.0,0.0,0.0,0.0,0.0,0.0,W,2,2026-08-22_23-06-48,2026-08-23
0.9290909090909091,0.0,0.0,1.0,0.38926174496644295,1.0,1.0,1.0,1.0,1.0,1.0,0.0,0.0,0.0,0.0,0.0,0.0,W,2,2026-08-22_23-06-48,2026-08-23
1.0,0.0,0.0,1.0,0.8053691275167785,1.0,1.0,1.0,1.0,1.0,1.0,0.0,0.0,0.0,0.0,0.0,0.0,W,2,2026-08-22_23-06-48,2026-08-23
0.9527272727272728,0.0,0.0,1.0,0.8053691275167785,1.0,1.0,1.0,1.0,1.0,1.0,0.0,0.0,0.0,0.0,0.0,0.0,W,2,2026-08-22_23-06-48,2026-08-23
0.9654545454545455,0.0,0.0,1.0,0.9395973154362416,1.0,1.0,1.0,1.0,1.0,1.0,0.0,0.0,0.0,0.0,0.0,0.0,W,2,2026-08-22_23-06-48,2026-08-23
0.9963636363636363,0.0,0.0,1.0,0.38926174496644295,1.0,1.0,1.0,1.0,1.0,1.0,0.0,0.0,0.0,0.0,0.0,0.0,W,2,2026-08-22_23-06-48,2026-08-23
0.98,0.0,0.0,1.0,0.8053691275167785,1.0,1.0,1.0,1.0,1.0,1.0,0.0,0.0,0.0,0.0,0.0,0.0,W,2,2026-08-22_23-06-48,2026-08-23
0.889090909090909,0.0,0.0,1.0,0.8322147651006712,1.0,1.0,1.0,1.0,1.0,1.0,0.0,0.0,0.0,0.0,0.0,0.0,W,2,2026-08-22_23-06-48,2026-08-23
1.0,0.0,0.0,1.0,0.2953020134228188,1.0,1.0,1.0,1.0,1.0,1.0,0.0,0.0,0.0,0.0,0.0,0.0,W,2,2026-08-22_23-06-48,2026-08-23
0.9981818181818182,0.0,0.0,1.0,0.06711409395973154,1.0,1.0,1.0,1.0,1.0,1.0,0.0,0.0,0.0,0.0,0.0,0.0,W,2,2026-08-22_23-06-48,2026-08-23
1.0,0.0,0.0,1.0,0.22818791946308725,1.0,1.0,1.0,1.0,1.0,1.0,0.0,0.0,0.0,0.0,0.0,0.0,W,2,2026-08-22_23-06-48,2026-08-23
0.8818181818181818,0.0,0.0,1.0,1.0,1.0,1.0,1.0,1.0,1.0,1.0,0.0,0.0,0.0,0.0,0.0,0.0,W,2,2026-08-22_23-06-48,2026-08-23
0.9472727272727273,0.0,0.0,1.0,1.0,1.0,1.0,1.0,1.0,1.0,1.0,0.0,0.0,0.0,0.0,0.0,0.0,W,2,2026-08-22_23-06-48,2026-08-23
0.9109090909090909,0.0,0.0,1.0,0.8053691275167785,1.0,1.0,1.0,1.0,1.0,1.0,0.0,0.0,0.0,0.0,0.0,0.0,W,2,2026-08-22_23-06-48,2026-08-23
1.0,0.0,0.0,1.0,0.18791946308724833,1.0,1.0,1.0,1.0,1.0,1.0,0.0,0.0,0.0,0.0,0.0,0.0,W,2,2026-08-22_23-06-48,2026-08-23
0.8618181818181818,0.0,0.0,1.0,0.9932885906040269,1.0,1.0,1.0,1.0,1.0,1.0,0.0,0.0,0.0,0.0,0.0,0.0,W,2,2026-08-22_23-06-48,2026-08-23
0.9345454545454546,0.0,0.0,1.0,0.8053691275167785,1.0,1.0,1.0,1.0,1.0,1.0,0.0,0.0,0.0,0.0,0.0,0.0,W,2,2026-08-22_23-06-48,2026-08-23
0.9254545454545454,0.0,0.0,1.0,0.8053691275167785,1.0,1.0,1.0,1.0,1.0,1.0,0.0,0.0,0.0,0.0,0.0,0.0,W,2,2026-08-22_23-06-48,2026-08-23
0.9563636363636364,0.0,0.0,1.0,0.8859060402684564,1.0,1.0,1.0,1.0,1.0,1.0,0.0,0.0,0.0,0.0,0.0,0.0,W,2,2026-08-22_23-06-48,2026-08-23
1.0,0.0,0.0,1.0,0.28187919463087246,1.0,1.0,1.0,1.0,1.0,1.0,0.0,0.0,0.0,0.0,0.0,0.0,W,2,2026-08-22_23-06-48,2026-08-23
0.8109090909090909,0.0,0.0,1.0,0.3624161073825503,1.0,1.0,1.0,1.0,1.0,1.0,0.0,0.0,0.0,0.0,0.0,0.0,W,2,2026-08-22_23-06-48,2026-08-23
0.88,0.0,0.0,1.0,0.4697986577181208,1.0,1.0,1.0,1.0,1.0,1.0,0.0,0.0,0.0,0.0,0.0,0.0,W,2,2026-08-22_23-06-48,2026-08-23
1.0,0.0,0.0,1.0,0.8053691275167785,1.0,1.0,1.0,1.0,1.0,1.0,0.0,0.0,0.0,0.0,0.0,0.0,W,2,2026-08-22_23-06-48,2026-08-23
0.8836363636363637,0.0,0.0,1.0,0.9798657718120806,1.0,1.0,1.0,1.0,1.0,1.0,0.0,0.0,0.0,0.0,0.0,0.0,W,2,2026-08-22_23-06-48,2026-08-23
1.0,0.0,0.0,1.0,0.1476510067114094,1.0,1.0,1.0,1.0,1.0,1.0,0.0,0.0,0.0,0.0,0.0,0.0,W,2,2026-08-22_23-06-48,2026-08-23
0.9890909090909091,0.0,0.0,1.0,0.9932885906040269,1.0,1.0,1.0,1.0,1.0,1.0,0.0,0.0,0.0,0.0,0.0,0.0,W,2,2026-08-22_23-06-48,2026-08-23
0.8054545454545454,0.0,0.0,1.0,1.0,1.0,1.0,1.0,1.0,1.0,1.0,0.0,0.0,0.0,0.0,0.0,0.0,W,2,2026-08-22_23-06-48,2026-08-23
0.8381818181818181,0.3010204081632653,0.0,1.0,0.0,1.0,1.0,1.0,1.0,1.0,1.0,0.0,0.0,0.0,0.0,0.0,0.0,W,3,2026-08-22_23-06-48,2026-08-23
1.0,0.1445578231292517,0.0,1.0,0.0,1.0,1.0,1.0,1.0,1.0,1.0,0.0,0.0,0.0,0.0,0.0,0.0,W,3,2026-08-22_23-06-48,2026-08-23
1.0,0.10884353741496598,0.0,1.0,0.013422818791946308,1.0,1.0,1.0,1.0,1.0,1.0,0.0,0.0,0.0,0.0,0.0,0.0,W,3,2026-08-22_23-06-48,2026-08-23
0.8563636363636363,0.15816326530612246,0.0,1.0,0.24161073825503357,1.0,1.0,1.0,1.0,1.0,1.0,0.0,0.0,0.0,0.0,0.0,0.0,W,3,2026-08-22_23-06-48,2026-08-23
1.0,0.04931972789115646,0.0,1.0,1.0,1.0,1.0,1.0,1.0,1.0,1.0,0.0,0.0,0.0,0.0,0.0,0.0,W,3,2026-08-22_23-06-48,2026-08-23
1.0,0.08333333333333333,0.0,1.0,0.06711409395973154,1.0,1.0,1.0,1.0,1.0,1.0,0.0,0.0,0.0,0.0,0.0,0.0,W,3,2026-08-22_23-06-48,2026-08-23
0.9527272727272728,0.11904761904761904,0.0,1.0,1.0,1.0,1.0,1.0,1.0,1.0,1.0,0.0,0.0,0.0,0.0,0.0,0.0,W,3,2026-08-22_23-06-48,2026-08-23
0.7163636363636363,0.01870748299319728,0.0,1.0,0.40268456375838924,1.0,1.0,1.0,1.0,1.0,1.0,0.0,0.0,0.0,0.0,0.0,0.0,W,3,2026-08-22_23-06-48,2026-08-23
1.0,0.21258503401360543,0.0,1.0,1.0,1.0,1.0,1.0,1.0,1.0,1.0,0.0,0.0,0.0,0.0,0.0,0.0,W,3,2026-08-22_23-06-48,2026-08-23
1.0,0.3622448979591837,0.18248175182481752,1.0,1.0,1.0,1.0,1.0,1.0,1.0,1.0,0.0,0.0,0.0,0.0,0.0,0.0,W,3,2026-08-22_23-06-48,2026-08-23
0.9036363636363637,0.10204081632653061,0.0,1.0,0.10738255033557047,1.0,1.0,1.0,1.0,1.0,1.0,0.0,0.0,0.0,0.0,0.0,0.0,W,3,2026-08-22_23-06-48,2026-08-23
1.0,0.10884353741496598,0.0,1.0,1.0,1.0,1.0,1.0,1.0,1.0,1.0,0.0,0.0,0.0,0.0,0.0,0.0,W,3,2026-08-22_23-06-48,2026-08-23
1.0,0.28401360544217685,0.0,1.0,0.8053691275167785,1.0,1.0,1.0,1.0,1.0,1.0,0.0,0.0,0.0,0.0,0.0,0.0,W,3,2026-08-22_23-06-48,2026-08-23
1.0,0.28401360544217685,0.0,1.0,0.8053691275167785,1.0,1.0,1.0,1.0,1.0,1.0,0.0,0.0,0.0,0.0,0.0,0.0,W,3,2026-08-22_23-06-48,2026-08-23
1.0,0.18537414965986396,0.0,1.0,0.2953020134228188,1.0,1.0,1.0,1.0,1.0,1.0,0.0,0.0,0.0,0.0,0.0,0.0,W,3,2026-08-22_23-06-48,2026-08-23
1.0,0.29081632653061223,0.0,1.0,0.348993288590604,1.0,1.0,1.0,1.0,1.0,1.0,0.0,0.0,0.0,0.0,0.0,0.0,W,3,2026-08-22_23-06-48,2026-08-23
0.9309090909090909,0.10884353741496598,0.0,1.0,0.2550335570469799,1.0,1.0,1.0,1.0,1.0,1.0,0.0,0.0,0.0,0.0,0.0,0.0,W,3,2026-08-22_23-06-48,2026-08-23
1.0,0.1836734693877551,0.0,1.0,0.0,1.0,1.0,1.0,1.0,1.0,1.0,0.0,0.0,0.0,0.0,0.0,0.0,W,3,2026-08-22_23-06-48,2026-08-23
1.0,0.20408163265306123,0.0,1.0,0.8053691275167785,1.0,1.0,1.0,1.0,1.0,1.0,0.0,0.0,0.0,0.0,0.0,0.0,W,3,2026-08-22_23-06-48,2026-08-23
0.8363636363636363,0.2108843537414966,0.0,1.0,1.0,1.0,1.0,1.0,1.0,1.0,1.0,0.0,0.0,0.0,0.0,0.0,0.0,W,3,2026-08-22_23-06-48,2026-08-23
1.0,0.08333333333333333,0.0,1.0,0.0,1.0,1.0,1.0,1.0,1.0,1.0,0.0,0.0,0.0,0.0,0.0,0.0,W,3,2026-08-22_23-06-48,2026-08-23
0.9872727272727273,0.195578231292517,0.0,1.0,0.4429530201342282,1.0,1.0,1.0,1.0,1.0,1.0,0.0,0.0,0.0,0.0,0.0,0.0,W,3,2026-08-22_23-06-48,2026-08-23
1.0,0.16666666666666666,0.0,1.0,0.42953020134228187,1.0,1.0,1.0,1.0,1.0,1.0,0.0,0.0,0.0,0.0,0.0,0.0,W,3,2026-08-22_23-06-48,2026-08-23
1.0,0.1360544217687075,0.0,1.0,0.24161073825503357,1.0,1.0,1.0,1.0,1.0,1.0,0.0,0.0,0.0,0.0,0.0,0.0,W,3,2026-08-22_23-06-48,2026-08-23
1.0,0.25170068027210885,0.0,1.0,0.8053691275167785,1.0,1.0,1.0,1.0,1.0,1.0,0.0,0.0,0.0,0.0,0.0,0.0,W,3,2026-08-22_23-06-48,2026-08-23
0.6945454545454546,0.0,0.0,1.0,0.0,1.0,1.0,1.0,1.0,1.0,1.0,0.0,0.0,0.0,0.0,0.0,0.0,W,3,2026-08-22_23-06-48,2026-08-23
1.0,0.6309523809523809,0.0,1.0,0.0,1.0,1.0,1.0,1.0,1.0,1.0,0.0,0.0,0.0,0.0,0.0,0.0,W,3,2026-08-22_23-06-48,2026-08-23
1.0,0.6054421768707483,0.0,1.0,0.0,1.0,1.0,1.0,1.0,1.0,1.0,0.0,0.0,0.0,0.0,0.0,0.0,W,3,2026-08-22_23-06-48,2026-08-23
1.0,0.30952380952380953,0.0,1.0,0.0,1.0,1.0,1.0,1.0,1.0,1.0,0.0,0.0,0.0,0.0,0.0,0.0,W,3,2026-08-22_23-06-48,2026-08-23
0.9054545454545454,0.4064625850340136,0.27007299270072993,1.0,0.0,1.0,1.0,1.0,1.0,1.0,1.0,0.0,0.0,0.0,0.0,0.0,0.0,W,3,2026-08-22_23-06-48,2026-08-23
0.8418181818181818,0.18877551020408162,0.08394160583941605,1.0,0.06711409395973154,1.0,1.0,1.0,1.0,1.0,1.0,0.0,0.0,0.0,0.0,0.0,0.0,W,3,2026-08-22_23-06-48,2026-08-23
0.9781818181818182,0.20578231292517007,0.06569343065693431,1.0,0.0,1.0,1.0,1.0,1.0,1.0,1.0,0.0,0.0,0.0,0.0,0.0,0.0,W,3,2026-08-22_23-06-48,2026-08-23
0.8018181818181818,0.12414965986394558,0.0,1.0,0.0,1.0,1.0,1.0,1.0,1.0,1.0,0.0,0.0,0.0,0.0,0.0,0.0,W,3,2026-08-22_23-06-48,2026-08-23
1.0,0.0391156462585034,0.0,1.0,0.0,1.0,1.0,1.0,1.0,1.0,1.0,0.0,0.0,0.0,0.0,0.0,0.0,W,3,2026-08-22_23-06-48,2026-08-23
0.9363636363636364,0.26700680272108845,0.0,1.0,0.9932885906040269,1.0,1.0,1.0,1.0,1.0,1.0,0.0,0.0,0.0,0.0,0.0,0.0,W,3,2026-08-22_23-06-48,2026-08-23
0.9145454545454546,0.09013605442176871,0.0,1.0,0.1476510067114094,1.0,1.0,1.0,1.0,1.0,1.0,0.0,0.0,0.0,0.0,0.0,0.0,W,3,2026-08-22_23-06-48,2026-08-23
1.0,0.12414965986394558,0.0,1.0,0.2953020134228188,1.0,1.0,1.0,1.0,1.0,1.0,0.0,0.0,0.0,0.0,0.0,0.0,W,3,2026-08-22_23-06-48,2026-08-23
0.9890909090909091,0.12414965986394558,0.0,1.0,0.1476510067114094,1.0,1.0,1.0,1.0,1.0,1.0,0.0,0.0,0.0,0.0,0.0,0.0,W,3,2026-08-22_23-06-48,2026-08-23
1.0,0.1717687074829932,0.0,1.0,0.8053691275167785,1.0,1.0,1.0,1.0,1.0,1.0,0.0,0.0,0.0,0.0,0.0,0.0,W,3,2026-08-22_23-06-48,2026-08-23
1.0,0.12414965986394558,0.0,1.0,0.20134228187919462,1.0,1.0,1.0,1.0,1.0,1.0,0.0,0.0,0.0,0.0,0.0,0.0,W,3,2026-08-22_23-06-48,2026-08-23
1.0,0.0,0.0,1.0,0.2684563758389262,1.0,1.0,1.0,1.0,1.0,1.0,0.0,0.0,0.0,0.0,0.0,0.0,W,4,2026-08-22_23-06-48,2026-08-23
0.9963636363636363,0.0,0.0,1.0,1.0,1.0,1.0,1.0,1.0,1.0,1.0,0.0,0.0,0.0,0.0,0.0,0.0,W,4,2026-08-22_23-06-48,2026-08-23
0.8945454545454545,0.0,0.0,1.0,0.40268456375838924,1.0,1.0,1.0,1.0,1.0,1.0,0.0,0.0,0.0,0.0,0.0,0.0,W,4,2026-08-22_23-06-48,2026-08-23
1.0,0.0,0.0,1.0,0.8053691275167785,1.0,1.0,1.0,1.0,1.0,1.0,0.0,0.0,0.0,0.0,0.0,0.0,W,4,2026-08-22_23-06-48,2026-08-23
0.8818181818181818,0.0,0.0,1.0,1.0,1.0,1.0,1.0,1.0,1.0,1.0,0.0,0.0,0.0,0.0,0.0,0.0,W,4,2026-08-22_23-06-48,2026-08-23
1.0,0.0,0.0,1.0,0.8053691275167785,1.0,1.0,1.0,1.0,1.0,1.0,0.0,0.0,0.0,0.0,0.0,0.0,W,4,2026-08-22_23-06-48,2026-08-23
1.0,0.0,0.0,1.0,0.1476510067114094,1.0,1.0,1.0,1.0,1.0,1.0,0.0,0.0,0.0,0.0,0.0,0.0,W,4,2026-08-22_23-06-48,2026-08-23
1.0,0.0,0.0,1.0,0.4429530201342282,1.0,1.0,1.0,1.0,1.0,1.0,0.0,0.0,0.0,0.0,0.0,0.0,W,4,2026-08-22_23-06-48,2026-08-23
1.0,0.0,0.0,1.0,1.0,1.0,1.0,1.0,1.0,1.0,1.0,0.0,0.0,0.0,0.0,0.0,0.0,W,4,2026-08-22_23-06-48,2026-08-23
1.0,0.0,0.0,1.0,0.8053691275167785,1.0,1.0,1.0,1.0,1.0,1.0,0.0,0.0,0.0,0.0,0.0,0.0,W,4,2026-08-22_23-06-48,2026-08-23
1.0,0.0,0.0,1.0,0.4429530201342282,1.0,1.0,1.0,1.0,1.0,1.0,0.0,0.0,0.0,0.0,0.0,0.0,W,4,2026-08-22_23-06-48,2026-08-23
0.9672727272727273,0.0,0.0,1.0,1.0,1.0,1.0,1.0,1.0,1.0,1.0,0.0,0.0,0.0,0.0,0.0,0.0,W,4,2026-08-22_23-06-48,2026-08-23
1.0,0.0,0.0,1.0,0.8053691275167785,1.0,1.0,1.0,1.0,1.0,1.0,0.0,0.0,0.0,0.0,0.0,0.0,W,4,2026-08-22_23-06-48,2026-08-23
0.8981818181818182,0.0,0.0,1.0,0.3624161073825503,1.0,1.0,1.0,1.0,1.0,1.0,0.0,0.0,0.0,0.0,0.0,0.0,W,4,2026-08-22_23-06-48,2026-08-23
0.9363636363636364,0.0,0.0,1.0,1.0,1.0,1.0,1.0,1.0,1.0,1.0,0.0,0.0,0.0,0.0,0.0,0.0,W,4,2026-08-22_23-06-48,2026-08-23
0.8545454545454545,0.0,0.0,1.0,0.40268456375838924,1.0,1.0,1.0,1.0,1.0,1.0,0.0,0.0,0.0,0.0,0.0,0.0,W,4,2026-08-22_23-06-48,2026-08-23
0.8836363636363637,0.0,0.0,1.0,0.9261744966442953,1.0,1.0,1.0,1.0,1.0,1.0,0.0,0.0,0.0,0.0,0.0,0.0,W,4,2026-08-22_23-06-48,2026-08-23
0.9636363636363636,0.0,0.0,1.0,0.053691275167785234,1.0,1.0,1.0,1.0,1.0,1.0,0.0,0.0,0.0,0.0,0.0,0.0,W,4,2026-08-22_23-06-48,2026-08-23
0.9163636363636364,0.0,0.0,1.0,0.174496644295302,1.0,1.0,1.0,1.0,1.0,1.0,0.0,0.0,0.0,0.0,0.0,0.0,W,4,2026-08-22_23-06-48,2026-08-23
0.9963636363636363,0.0,0.0,1.0,0.1610738255033557,1.0,1.0,1.0,1.0,1.0,1.0,0.0,0.0,0.0,0.0,0.0,0.0,W,4,2026-08-22_23-06-48,2026-08-23
1.0,0.0,0.0,1.0,0.4966442953020134,1.0,1.0,1.0,1.0,1.0,1.0,0.0,0.0,0.0,0.0,0.0,0.0,W,4,2026-08-22_23-06-48,2026-08-23
0.8854545454545455,0.0,0.0,1.0,0.8590604026845637,1.0,1.0,1.0,1.0,1.0,1.0,0.0,0.0,0.0,0.0,0.0,0.0,W,4,2026-08-22_23-06-48,2026-08-23
0.9054545454545454,0.0,0.0,1.0,0.08053691275167785,1.0,1.0,1.0,1.0,1.0,1.0,0.0,0.0,0.0,0.0,0.0,0.0,W,4,2026-08-22_23-06-48,2026-08-23
0.8854545454545455,0.0,0.0,1.0,0.33557046979865773,1.0,1.0,1.0,1.0,1.0,1.0,0.0,0.0,0.0,0.0,0.0,0.0,W,4,2026-08-22_23-06-48,2026-08-23
1.0,0.0,0.0,1.0,0.8053691275167785,1.0,1.0,1.0,1.0,1.0,1.0,0.0,0.0,0.0,0.0,0.0,0.0,W,4,2026-08-22_23-06-48,2026-08-23
0.8181818181818182,0.0,0.0,1.0,1.0,1.0,1.0,1.0,1.0,1.0,1.0,0.0,0.0,0.0,0.0,0.0,0.0,W,4,2026-08-22_23-06-48,2026-08-23
1.0,0.0,0.0,1.0,1.0,1.0,1.0,1.0,1.0,1.0,1.0,0.0,0.0,0.0,0.0,0.0,0.0,W,4,2026-08-22_23-06-48,2026-08-23
1.0,0.0,0.0,1.0,0.28187919463087246,1.0,1.0,1.0,1.0,1.0,1.0,0.0,0.0,0.0,0.0,0.0,0.0,W,4,2026-08-22_23-06-48,2026-08-23
0.9563636363636364,0.0,0.0,1.0,0.3624161073825503,1.0,1.0,1.0,1.0,1.0,1.0,0.0,0.0,0.0,0.0,0.0,0.0,W,4,2026-08-22_23-06-48,2026-08-23
1.0,0.0,0.0,1.0,0.9798657718120806,1.0,1.0,1.0,1.0,1.0,1.0,0.0,0.0,0.0,0.0,0.0,0.0,W,4,2026-08-22_23-06-48,2026-08-23
0.8036363636363636,0.0,0.0,1.0,0.12080536912751678,1.0,1.0,1.0,1.0,1.0,1.0,0.0,0.0,0.0,0.0,0.0,0.0,W,4,2026-08-22_23-06-48,2026-08-23
1.0,0.0,0.0,1.0,0.8053691275167785,1.0,1.0,1.0,1.0,1.0,1.0,0.0,0.0,0.0,0.0,0.0,0.0,W,4,2026-08-22_23-06-48,2026-08-23
0.5327272727272727,0.0,0.0,1.0,0.0,1.0,1.0,1.0,1.0,1.0,1.0,0.0,0.0,0.0,0.0,0.0,0.0,W,4,2026-08-22_23-06-48,2026-08-23
1.0,0.0,0.0,1.0,0.0,1.0,1.0,1.0,1.0,1.0,1.0,0.0,0.0,0.0,0.0,0.0,0.0,W,4,2026-08-22_23-06-48,2026-08-23
1.0,0.0,0.0,1.0,1.0,1.0,1.0,1.0,1.0,1.0,1.0,0.0,0.0,0.0,0.0,0.0,0.0,W,4,2026-08-22_23-06-48,2026-08-23
0.8818181818181818,0.0,0.15328467153284672,1.0,0.8053691275167785,1.0,1.0,1.0,1.0,1.0,1.0,0.0,0.0,0.0,0.0,0.0,0.0,W,4,2026-08-22_23-06-48,2026-08-23
1.0,0.0,0.0,1.0,1.0,1.0,1.0,1.0,1.0,1.0,1.0,0.0,0.0,0.0,0.0,0.0,0.0,W,4,2026-08-22_23-06-48,2026-08-23
0.9581818181818181,0.0,0.0,1.0,0.0,1.0,1.0,1.0,1.0,1.0,1.0,0.0,0.0,0.0,0.0,0.0,0.0,W,4,2026-08-22_23-06-48,2026-08-23
0.9,0.0,0.0,1.0,0.0,1.0,1.0,1.0,1.0,1.0,1.0,0.0,0.0,0.0,0.0,0.0,0.0,W,4,2026-08-22_23-06-48,2026-08-23
1.0,0.0,0.0,1.0,0.18791946308724833,1.0,1.0,1.0,1.0,1.0,1.0,0.0,0.0,0.0,0.0,0.0,0.0,W,4,2026-08-22_23-06-48,2026-08-23
1.0,1.0,0.9890510948905109,1.0,1.0,1.0,0.0,1.0,1.0,1.0,1.0,-3.0517578125e-05,-3.0517578125e-05,-3.0517578125e-05,-3.0517578125e-05,-3.0517578125e-05,-3.0517578125e-05,X,0,2026-08-22_23-06-48,2026-08-23
0.9981818181818182,1.0,0.7591240875912408,1.0,0.9932885906040269,1.0,0.0,1.0,1.0,1.0,1.0,-3.0517578125e-05,-3.0517578125e-05,-3.0517578125e-05,-3.0517578125e-05,-3.0517578125e-05,-3.0517578125e-05,X,0,2026-08-22_23-06-48,2026-08-23
1.0,1.0,0.8941605839416058,1.0,1.0,1.0,0.0,1.0,1.0,1.0,1.0,-3.0517578125e-05,-3.0517578125e-05,-3.0517578125e-05,-3.0517578125e-05,-3.0517578125e-05,-3.0517578125e-05,X,0,2026-08-22_23-06-48,2026-08-23
1.0,0.9081632653061225,0.9854014598540146,1.0,0.48322147651006714,1.0,0.0,1.0,1.0,1.0,1.0,-3.0517578125e-05,-3.0517578125e-05,-3.0517578125e-05,-3.0517578125e-05,-3.0517578125e-05,-3.0517578125e-05,X,0,2026-08-22_23-06-48,2026-08-23
0.9981818181818182,1.0,0.7043795620437956,1.0,1.0,1.0,0.0,1.0,1.0,1.0,1.0,-3.0517578125e-05,-3.0517578125e-05,-3.0517578125e-05,-3.0517578125e-05,-3.0517578125e-05,-3.0517578125e-05,X,0,2026-08-22_23-06-48,2026-08-23
1.0,0.9506802721088435,0.8832116788321168,1.0,0.8053691275167785,1.0,0.0,1.0,1.0,1.0,1.0,-3.0517578125e-05,-3.0517578125e-05,-3.0517578125e-05,-3.0517578125e-05,-3.0517578125e-05,-3.0517578125e-05,X,0,2026-08-22_23-06-48,2026-08-23
0.8636363636363636,1.0,0.8394160583941606,1.0,1.0,1.0,0.0,1.0,1.0,1.0,1.0,-3.0517578125e-05,-3.0517578125e-05,-3.0517578125e-05,-3.0517578125e-05,-3.0517578125e-05,-3.0517578125e-05,X,0,2026-08-22_23-06-48,2026-08-23
0.92,1.0,0.8175182481751825,1.0,0.8053691275167785,1.0,0.0,1.0,1.0,1.0,1.0,-3.0517578125e-05,-3.0517578125e-05,-3.0517578125e-05,-3.0517578125e-05,-3.0517578125e-05,-3.0517578125e-05,X,0,2026-08-22_23-06-48,2026-08-23
1.0,1.0,0.7591240875912408,1.0,1.0,1.0,0.0,1.0,1.0,1.0,1.0,-3.0517578125e-05,-3.0517578125e-05,-3.0517578125e-05,-3.0517578125e-05,-3.0517578125e-05,-3.0517578125e-05,X,0,2026-08-22_23-06-48,2026-08-23
0.9981818181818182,1.0,1.0,1.0,1.0,1.0,0.0,1.0,1.0,1.0,1.0,-3.0517578125e-05,-3.0517578125e-05,-3.0517578125e-05,-3.0517578125e-05,-3.0517578125e-05,-3.0517578125e-05,X,0,2026-08-22_23-06-48,2026-08-23
1.0,1.0,0.948905109489051,1.0,1.0,1.0,0.0,1.0,1.0,1.0,1.0,-3.0517578125e-05,-3.0517578125e-05,-3.0517578125e-05,-3.0517578125e-05,-3.0517578125e-05,-3.0517578125e-05,X,0,2026-08-22_23-06-48,2026-08-23
1.0,1.0,0.8065693430656934,1.0,1.0,1.0,0.0,1.0,1.0,1.0,1.0,-3.0517578125e-05,-3.0517578125e-05,-3.0517578125e-05,-3.0517578125e-05,-3.0517578125e-05,-3.0517578125e-05,X,0,2026-08-22_23-06-48,2026-08-23
1.0,1.0,0.9087591240875912,1.0,1.0,1.0,0.0,1.0,1.0,1.0,1.0,-3.0517578125e-05,-3.0517578125e-05,-3.0517578125e-05,-3.0517578125e-05,-3.0517578125e-05,-3.0517578125e-05,X,0,2026-08-22_23-06-48,2026-08-23
1.0,0.9982993197278912,0.8795620437956204,1.0,0.8590604026845637,1.0,0.0,1.0,1.0,1.0,1.0,-3.0517578125e-05,-3.0517578125e-05,-3.0517578125e-05,-3.0517578125e-05,-3.0517578125e-05,-3.0517578125e-05,X,0,2026-08-22_23-06-48,2026-08-23
0.3654545454545455,0.47278911564625853,0.12408759124087591,1.0,1.0,1.0,0.0,1.0,1.0,1.0,1.0,-3.0517578125e-05,-3.0517578125e-05,-3.0517578125e-05,-3.0517578125e-05,-3.0517578125e-05,-3.0517578125e-05,X,0,2026-08-22_23-06-48,2026-08-23
0.8163636363636364,0.7636054421768708,0.43795620437956206,1.0,1.0,1.0,0.0,1.0,1.0,1.0,1.0,-3.0517578125e-05,-3.0517578125e-05,-3.0517578125e-05,-3.0517578125e-05,-3.0517578125e-05,-3.0517578125e-05,X,0,2026-08-22_23-06-48,2026-08-23
1.0,0.9268707482993197,0.7956204379562044,1.0,1.0,1.0,0.0,1.0,1.0,1.0,1.0,-3.0517578125e-05,-3.0517578125e-05,-3.0517578125e-05,-3.0517578125e-05,-3.0517578125e-05,-3.0517578125e-05,X,0,2026-08-22_23-06-48,2026-08-23
1.0,1.0,1.0,1.0,0.8322147651006712,1.0,0.0,1.0,1.0,1.0,1.0,-3.0517578125e-05,-3.0517578125e-05,-3.0517578125e-05,-3.0517578125e-05,-3.0517578125e-05,-3.0517578125e-05,X,0,2026-08-22_23-06-48,2026-08-23
1.0,1.0,0.8868613138686131,1.0,0.8053691275167785,1.0,0.0,1.0,1.0,1.0,1.0,-3.0517578125e-05,-3.0517578125e-05,-3.0517578125e-05,-3.0517578125e-05,-3.0517578125e-05,-3.0517578125e-05,X,0,2026-08-22_23-06-48,2026-08-23
1.0,1.0,0.9343065693430657,1.0,1.0,1.0,0.0,1.0,1.0,1.0,1.0,-3.0517578125e-05,-3.0517578125e-05,-3.0517578125e-05,-3.0517578125e-05,-3.0517578125e-05,-3.0517578125e-05,X,0,2026-08-22_23-06-48,2026-08-23
1.0,1.0,0.9452554744525548,1.0,1.0,1.0,0.0,1.0,1.0,1.0,1.0,-3.0517578125e-05,-3.0517578125e-05,-3.0517578125e-05,-3.0517578125e-05,-3.0517578125e-05,-3.0517578125e-05,X,0,2026-08-22_23-06-48,2026-08-23
1.0,1.0,0.9963503649635036,1.0,0.9664429530201343,1.0,0.0,1.0,1.0,1.0,1.0,-3.0517578125e-05,-3.0517578125e-05,-3.0517578125e-05,-3.0517578125e-05,-3.0517578125e-05,-3.0517578125e-05,X,0,2026-08-22_23-06-48,2026-08-23
1.0,1.0,1.0,1.0,0.87248322147651,1.0,0.0,1.0,1.0,1.0,1.0,-3.0517578125e-05,-3.0517578125e-05,-3.0517578125e-05,-3.0517578125e-05,-3.0517578125e-05,-3.0517578125e-05,X,0,2026-08-22_23-06-48,2026-08-23
1.0,1.0,0.9671532846715328,1.0,1.0,1.0,0.0,1.0,1.0,1.0,1.0,-3.0517578125e-05,-3.0517578125e-05,-3.0517578125e-05,-3.0517578125e-05,-3.0517578125e-05,-3.0517578125e-05,X,0,2026-08-22_23-06-48,2026-08-23
1.0,1.0,0.9671532846715328,1.0,0.9664429530201343,1.0,0.0,1.0,1.0,1.0,1.0,-3.0517578125e-05,-3.0517578125e-05,-3.0517578125e-05,-3.0517578125e-05,-3.0517578125e-05,-3.0517578125e-05,X,0,2026-08-22_23-06-48,2026-08-23
1.0,1.0,0.8138686131386861,1.0,1.0,1.0,0.0,1.0,1.0,1.0,1.0,-3.0517578125e-05,-3.0517578125e-05,-3.0517578125e-05,-3.0517578125e-05,-3.0517578125e-05,-3.0517578125e-05,X,0,2026-08-22_23-06-48,2026-08-23
1.0,1.0,0.7846715328467153,1.0,1.0,1.0,0.0,1.0,1.0,1.0,1.0,-3.0517578125e-05,-3.0517578125e-05,-3.0517578125e-05,-3.0517578125e-05,-3.0517578125e-05,-3.0517578125e-05,X,0,2026-08-22_23-06-48,2026-08-23
1.0,1.0,0.9306569343065694,1.0,1.0,1.0,0.0,1.0,1.0,1.0,1.0,-3.0517578125e-05,-3.0517578125e-05,-3.0517578125e-05,-3.0517578125e-05,-3.0517578125e-05,-3.0517578125e-05,X,0,2026-08-22_23-06-48,2026-08-23
1.0,1.0,1.0,1.0,0.8053691275167785,1.0,0.0,1.0,1.0,1.0,1.0,-3.0517578125e-05,-3.0517578125e-05,-3.0517578125e-05,-3.0517578125e-05,-3.0517578125e-05,-3.0517578125e-05,X,0,2026-08-22_23-06-48,2026-08-23
1.0,1.0,0.7591240875912408,1.0,1.0,1.0,0.0,1.0,1.0,1.0,1.0,-3.0517578125e-05,-3.0517578125e-05,-3.0517578125e-05,-3.0517578125e-05,-3.0517578125e-05,-3.0517578125e-05,X,0,2026-08-22_23-06-48,2026-08-23
1.0,0.9693877551020408,0.9124087591240876,1.0,1.0,1.0,0.0,1.0,1.0,1.0,1.0,-3.0517578125e-05,-3.0517578125e-05,-3.0517578125e-05,-3.0517578125e-05,-3.0517578125e-05,-3.0517578125e-05,X,0,2026-08-22_23-06-48,2026-08-23
1.0,1.0,1.0,1.0,0.9530201342281879,1.0,0.0,1.0,1.0,1.0,1.0,-3.0517578125e-05,-3.0517578125e-05,-3.0517578125e-05,-3.0517578125e-05,-3.0517578125e-05,-3.0517578125e-05,X,0,2026-08-22_23-06-48,2026-08-23
0.9272727272727272,0.9863945578231292,0.9452554744525548,1.0,1.0,1.0,0.0,1.0,1.0,1.0,1.0,-3.0517578125e-05,-3.0517578125e-05,-3.0517578125e-05,-3.0517578125e-05,-3.0517578125e-05,-3.0517578125e-05,X,0,2026-08-22_23-06-48,2026-08-23
1.0,1.0,0.864963503649635,1.0,0.9395973154362416,1.0,0.0,1.0,1.0,1.0,1.0,-3.0517578125e-05,-3.0517578125e-05,-3.0517578125e-05,-3.0517578125e-05,-3.0517578125e-05,-3.0517578125e-05,X,0,2026-08-22_23-06-48,2026-08-23
1.0,1.0,0.7591240875912408,1.0,0.2684563758389262,1.0,0.0,1.0,1.0,1.0,1.0,-3.0517578125e-05,-3.0517578125e-05,-3.0517578125e-05,-3.0517578125e-05,-3.0517578125e-05,-3.0517578125e-05,X,0,2026-08-22_23-06-48,2026-08-23
0.9309090909090909,1.0,1.0,1.0,1.0,1.0,0.0,1.0,1.0,1.0,1.0,-3.0517578125e-05,-3.0517578125e-05,-3.0517578125e-05,-3.0517578125e-05,-3.0517578125e-05,-3.0517578125e-05,X,0,2026-08-22_23-06-48,2026-08-23
0.8818181818181818,1.0,0.718978102189781,1.0,0.8590604026845637,1.0,0.0,1.0,1.0,1.0,1.0,-3.0517578125e-05,-3.0517578125e-05,-3.0517578125e-05,-3.0517578125e-05,-3.0517578125e-05,-3.0517578125e-05,X,0,2026-08-22_23-06-48,2026-08-23
0.94,1.0,0.8248175182481752,1.0,1.0,1.0,0.0,1.0,1.0,1.0,1.0,-3.0517578125e-05,-3.0517578125e-05,-3.0517578125e-05,-3.0517578125e-05,-3.0517578125e-05,-3.0517578125e-05,X,0,2026-08-22_23-06-48,2026-08-23
1.0,0.8112244897959183,0.656934306569343,1.0,0.40268456375838924,1.0,0.0,1.0,1.0,1.0,1.0,-3.0517578125e-05,-3.0517578125e-05,-3.0517578125e-05,-3.0517578125e-05,-3.0517578125e-05,-3.0517578125e-05,X,0,2026-08-22_23-06-48,2026-08-23
1.0,1.0,1.0,1.0,1.0,1.0,0.0,1.0,1.0,1.0,1.0,-3.0517578125e-05,-3.0517578125e-05,-3.0517578125e-05,-3.0517578125e-05,-3.0517578125e-05,-3.0517578125e-05,X,0,2026-08-22_23-06-48,2026-08-23
1.0,1.0,0.9014598540145985,1.0,1.0,1.0,0.0,1.0,1.0,1.0,1.0,-3.0517578125e-05,-3.0517578125e-05,-3.0517578125e-05,-3.0517578125e-05,-3.0517578125e-05,-3.0517578125e-05,X,1,2026-08-22_23-06-48,2026-08-23
1.0,1.0,0.9562043795620438,1.0,1.0,1.0,0.0,1.0,1.0,1.0,1.0,-3.0517578125e-05,-3.0517578125e-05,-3.0517578125e-05,-3.0517578125e-05,-3.0517578125e-05,-3.0517578125e-05,X,1,2026-08-22_23-06-48,2026-08-23
1.0,1.0,0.8832116788321168,1.0,1.0,1.0,0.0,1.0,1.0,1.0,1.0,-3.0517578125e-05,-3.0517578125e-05,-3.0517578125e-05,-3.0517578125e-05,-3.0517578125e-05,-3.0517578125e-05,X,1,2026-08-22_23-06-48,2026-08-23
1.0,1.0,0.9817518248175182,1.0,1.0,1.0,0.0,1.0,1.0,1.0,1.0,-3.0517578125e-05,-3.0517578125e-05,-3.0517578125e-05,-3.0517578125e-05,-3.0517578125e-05,-3.0517578125e-05,X,1,2026-08-22_23-06-48,2026-08-23
1.0,1.0,1.0,1.0,1.0,1.0,0.0,1.0,1.0,1.0,1.0,-3.0517578125e-05,-3.0517578125e-05,-3.0517578125e-05,-3.0517578125e-05,-3.0517578125e-05,-3.0517578125e-05,X,1,2026-08-22_23-06-48,2026-08-23
1.0,1.0,0.9817518248175182,1.0,1.0,1.0,0.0,1.0,1.0,1.0,1.0,-3.0517578125e-05,-3.0517578125e-05,-3.0517578125e-05,-3.0517578125e-05,-3.0517578125e-05,-3.0517578125e-05,X,1,2026-08-22_23-06-48,2026-08-23
1.0,1.0,0.9233576642335767,1.0,1.0,1.0,0.0,1.0,1.0,1.0,1.0,-3.0517578125e-05,-3.0517578125e-05,-3.0517578125e-05,-3.0517578125e-05,-3.0517578125e-05,-3.0517578125e-05,X,1,2026-08-22_23-06-48,2026-08-23
1.0,1.0,1.0,1.0,1.0,1.0,0.0,1.0,1.0,1.0,1.0,-3.0517578125e-05,-3.0517578125e-05,-3.0517578125e-05,-3.0517578125e-05,-3.0517578125e-05,-3.0517578125e-05,X,1,2026-08-22_23-06-48,2026-08-23
0.8963636363636364,1.0,0.9343065693430657,1.0,1.0,1.0,0.0,1.0,1.0,1.0,1.0,-3.0517578125e-05,-3.0517578125e-05,-3.0517578125e-05,-3.0517578125e-05,-3.0517578125e-05,-3.0517578125e-05,X,1,2026-08-22_23-06-48,2026-08-23
1.0,1.0,1.0,1.0,1.0,1.0,0.0,1.0,1.0,1.0,1.0,-3.0517578125e-05,-3.0517578125e-05,-3.0517578125e-05,-3.0517578125e-05,-3.0517578125e-05,-3.0517578125e-05,X,1,2026-08-22_23-06-48,2026-08-23
1.0,1.0,0.9927007299270073,1.0,1.0,1.0,0.0,1.0,1.0,1.0,1.0,-3.0517578125e-05,-3.0517578125e-05,-3.0517578125e-05,-3.0517578125e-05,-3.0517578125e-05,-3.0517578125e-05,X,1,2026-08-22_23-06-48,2026-08-23
1.0,1.0,0.9598540145985401,1.0,0.8053691275167785,1.0,0.0,1.0,1.0,1.0,1.0,-3.0517578125e-05,-3.0517578125e-05,-3.0517578125e-05,-3.0517578125e-05,-3.0517578125e-05,-3.0517578125e-05,X,1,2026-08-22_23-06-48,2026-08-23
1.0,1.0,1.0,1.0,1.0,1.0,0.0,1.0,1.0,1.0,1.0,-3.0517578125e-05,-3.0517578125e-05,-3.0517578125e-05,-3.0517578125e-05,-3.0517578125e-05,-3.0517578125e-05,X,1,2026-08-22_23-06-48,2026-08-23
1.0,0.967687074829932,1.0,1.0,1.0,1.0,0.0,1.0,1.0,1.0,1.0,-3.0517578125e-05,-3.0517578125e-05,-3.0517578125e-05,-3.0517578125e-05,-3.0517578125e-05,-3.0517578125e-05,X,1,2026-08-22_23-06-48,2026-08-23
0.94,1.0,0.6824817518248175,1.0,1.0,1.0,0.0,1.0,1.0,1.0,1.0,-3.0517578125e-05,-3.0517578125e-05,-3.0517578125e-05,-3.0517578125e-05,-3.0517578125e-05,-3.0517578125e-05,X,1,2026-08-22_23-06-48,2026-08-23
0.9418181818181818,1.0,0.7591240875912408,1.0,1.0,1.0,0.0,1.0,1.0,1.0,1.0,-3.0517578125e-05,-3.0517578125e-05,-3.0517578125e-05,-3.0517578125e-05,-3.0517578125e-05,-3.0517578125e-05,X,1,2026-08-22_23-06-48,2026-08-23
1.0,1.0,1.0,1.0,1.0,1.0,0.0,1.0,1.0,1.0,1.0,-3.0517578125e-05,-3.0517578125e-05,-3.0517578125e-05,-3.0517578125e-05,-3.0517578125e-05,-3.0517578125e-05,X,1,2026-08-22_23-06-48,2026-08-23
1.0,1.0,0.9854014598540146,1.0,1.0,1.0,0.0,1.0,1.0,1.0,1.0,-3.0517578125e-05,-3.0517578125e-05,-3.0517578125e-05,-3.0517578125e-05,-3.0517578125e-05,-3.0517578125e-05,X,1,2026-08-22_23-06-48,2026-08-23
1.0,1.0,0.7591240875912408,1.0,0.8053691275167785,1.0,0.0,1.0,1.0,1.0,1.0,-3.0517578125e-05,-3.0517578125e-05,-3.0517578125e-05,-3.0517578125e-05,-3.0517578125e-05,-3.0517578125e-05,X,1,2026-08-22_23-06-48,2026-08-23
0.9363636363636364,1.0,0.8175182481751825,1.0,0.8859060402684564,1.0,0.0,1.0,1.0,1.0,1.0,-3.0517578125e-05,-3.0517578125e-05,-3.0517578125e-05,-3.0517578125e-05,-3.0517578125e-05,-3.0517578125e-05,X,1,2026-08-22_23-06-48,2026-08-23
0.8145454545454546,0.9081632653061225,0.7664233576642335,1.0,0.9664429530201343,1.0,0.0,1.0,1.0,1.0,1.0,-3.0517578125e-05,-3.0517578125e-05,-3.0517578125e-05,-3.0517578125e-05,-3.0517578125e-05,-3.0517578125e-05,X,1,2026-08-22_23-06-48,2026-08-23
1.0,1.0,0.8029197080291971,1.0,0.21476510067114093,1.0,0.0,1.0,1.0,1.0,1.0,-3.0517578125e-05,-3.0517578125e-05,-3.0517578125e-05,-3.0517578125e-05,-3.0517578125e-05,-3.0517578125e-05,X,1,2026-08-22_23-06-48,2026-08-23
0.9981818181818182,1.0,0.7518248175182481,1.0,1.0,1.0,0.0,1.0,1.0,1.0,1.0,-3.0517578125e-05,-3.0517578125e-05,-3.0517578125e-05,-3.0517578125e-05,-3.0517578125e-05,-3.0517578125e-05,X,1,2026-08-22_23-06-48,2026-08-23
1.0,1.0,0.8357664233576643,1.0,1.0,1.0,0.0,1.0,1.0,1.0,1.0,-3.0517578125e-05,-3.0517578125e-05,-3.0517578125e-05,-3.0517578125e-05,-3.0517578125e-05,-3.0517578125e-05,X,1,2026-08-22_23-06-48,2026-08-23
1.0,1.0,0.7627737226277372,1.0,0.8053691275167785,1.0,0.0,1.0,1.0,1.0,1.0,-3.0517578125e-05,-3.0517578125e-05,-3.0517578125e-05,-3.0517578125e-05,-3.0517578125e-05,-3.0517578125e-05,X,1,2026-08-22_23-06-48,2026-08-23
1.0,1.0,0.948905109489051,1.0,1.0,1.0,0.0,1.0,1.0,1.0,1.0,-3.0517578125e-05,-3.0517578125e-05,-3.0517578125e-05,-3.0517578125e-05,-3.0517578125e-05,-3.0517578125e-05,X,1,2026-08-22_23-06-48,2026-08-23
1.0,1.0,0.6970802919708029,1.0,1.0,1.0,0.0,1.0,1.0,1.0,1.0,-3.0517578125e-05,-3.0517578125e-05,-3.0517578125e-05,-3.0517578125e-05,-3.0517578125e-05,-3.0517578125e-05,X,1,2026-08-22_23-06-48,2026-08-23
1.0,1.0,0.8978102189781022,1.0,1.0,1.0,0.0,1.0,1.0,1.0,1.0,-3.0517578125e-05,-3.0517578125e-05,-3.0517578125e-05,-3.0517578125e-05,-3.0517578125e-05,-3.0517578125e-05,X,1,2026-08-22_23-06-48,2026-08-23
0.8818181818181818,0.7312925170068028,0.17153284671532848,1.0,1.0,1.0,0.0,1.0,1.0,1.0,1.0,-3.0517578125e-05,-3.0517578125e-05,-3.0517578125e-05,-3.0517578125e-05,-3.0517578125e-05,-3.0517578125e-05,X,1,2026-08-22_23-06-48,2026-08-23
1.0,1.0,0.5875912408759124,1.0,0.9798657718120806,1.0,0.0,1.0,1.0,1.0,1.0,-3.0517578125e-05,-3.0517578125e-05,-3.0517578125e-05,-3.0517578125e-05,-3.0517578125e-05,-3.0517578125e-05,X,1,2026-08-22_23-06-48,2026-08-23
1.0,1.0,1.0,1.0,0.8053691275167785,1.0,0.0,1.0,1.0,1.0,1.0,-3.0517578125e-05,-3.0517578125e-05,-3.0517578125e-05,-3.0517578125e-05,-3.0517578125e-05,-3.0517578125e-05,X,1,2026-08-22_23-06-48,2026-08-23
1.0,1.0,1.0,1.0,0.8187919463087249,1.0,0.0,1.0,1.0,1.0,1.0,-3.0517578125e-05,-3.0517578125e-05,-3.0517578125e-05,-3.0517578125e-05,-3.0517578125e-05,-3.0517578125e-05,X,1,2026-08-22_23-06-48,2026-08-23
1.0,1.0,1.0,1.0,1.0,1.0,0.0,1.0,1.0,1.0,1.0,-3.0517578125e-05,-3.0517578125e-05,-3.0517578125e-05,-3.0517578125e-05,-3.0517578125e-05,-3.0517578125e-05,X,1,2026-08-22_23-06-48,2026-08-23
1.0,1.0,0.8941605839416058,1.0,1.0,1.0,0.0,1.0,1.0,1.0,1.0,-3.0517578125e-05,-3.0517578125e-05,-3.0517578125e-05,-3.0517578125e-05,-3.0517578125e-05,-3.0517578125e-05,X,1,2026-08-22_23-06-48,2026-08-23
1.0,1.0,1.0,1.0,1.0,1.0,0.0,1.0,1.0,1.0,1.0,-3.0517578125e-05,-3.0517578125e-05,-3.0517578125e-05,-3.0517578125e-05,-3.0517578125e-05,-3.0517578125e-05,X,1,2026-08-22_23-06-48,2026-08-23
1.0,1.0,1.0,1.0,1.0,1.0,0.0,1.0,1.0,1.0,1.0,-3.0517578125e-05,-3.0517578125e-05,-3.0517578125e-05,-3.0517578125e-05,-3.0517578125e-05,-3.0517578125e-05,X,1,2026-08-22_23-06-48,2026-08-23
1.0,1.0,0.8941605839416058,1.0,1.0,1.0,0.0,1.0,1.0,1.0,1.0,-3.0517578125e-05,-3.0517578125e-05,-3.0517578125e-05,-3.0517578125e-05,-3.0517578125e-05,-3.0517578125e-05,X,1,2026-08-22_23-06-48,2026-08-23
1.0,1.0,0.8759124087591241,1.0,1.0,1.0,0.0,1.0,1.0,1.0,1.0,-3.0517578125e-05,-3.0517578125e-05,-3.0517578125e-05,-3.0517578125e-05,-3.0517578125e-05,-3.0517578125e-05,X,1,2026-08-22_23-06-48,2026-08-23
1.0,1.0,0.718978102189781,1.0,1.0,1.0,0.0,1.0,1.0,1.0,1.0,-3.0517578125e-05,-3.0517578125e-05,-3.0517578125e-05,-3.0517578125e-05,-3.0517578125e-05,-3.0517578125e-05,X,1,2026-08-22_23-06-48,2026-08-23
1.0,1.0,0.8941605839416058,1.0,1.0,1.0,0.0,1.0,1.0,1.0,1.0,-3.0517578125e-05,-3.0517578125e-05,-3.0517578125e-05,-3.0517578125e-05,-3.0517578125e-05,-3.0517578125e-05,X,1,2026-08-22_23-06-48,2026-08-23
0.8690909090909091,1.0,0.8175182481751825,1.0,1.0,1.0,0.0,1.0,1.0,1.0,1.0,-3.0517578125e-05,-3.0517578125e-05,-3.0517578125e-05,-3.0517578125e-05,-3.0517578125e-05,-3.0517578125e-05,X,2,2026-08-22_23-06-48,2026-08-23
1.0,0.9863945578231292,1.0,1.0,1.0,1.0,0.0,1.0,1.0,1.0,1.0,-3.0517578125e-05,-3.0517578125e-05,-3.0517578125e-05,-3.0517578125e-05,-3.0517578125e-05,-3.0517578125e-05,X,2,2026-08-22_23-06-48,2026-08-23
0.9,0.9285714285714286,0.6824817518248175,1.0,1.0,1.0,0.0,1.0,1.0,1.0,1.0,-3.0517578125e-05,-3.0517578125e-05,-3.0517578125e-05,-3.0517578125e-05,-3.0517578125e-05,-3.0517578125e-05,X,2,2026-08-22_23-06-48,2026-08-23
1.0,1.0,0.8795620437956204,1.0,1.0,1.0,0.0,1.0,1.0,1.0,1.0,-3.0517578125e-05,-3.0517578125e-05,-3.0517578125e-05,-3.0517578125e-05,-3.0517578125e-05,-3.0517578125e-05,X,2,2026-08-22_23-06-48,2026-08-23
1.0,0.9914965986394558,0.8759124087591241,1.0,1.0,1.0,0.0,1.0,1.0,1.0,1.0,-3.0517578125e-05,-3.0517578125e-05,-3.0517578125e-05,-3.0517578125e-05,-3.0517578125e-05,-3.0517578125e-05,X,2,2026-08-22_23-06-48,2026-08-23
1.0,1.0,0.8759124087591241,1.0,1.0,1.0,0.0,1.0,1.0,1.0,1.0,-3.0517578125e-05,-3.0517578125e-05,-3.0517578125e-05,-3.0517578125e-05,-3.0517578125e-05,-3.0517578125e-05,X,2,2026-08-22_23-06-48,2026-08-23
1.0,0.9183673469387755,0.8394160583941606,1.0,1.0,1.0,0.0,1.0,1.0,1.0,1.0,-3.0517578125e-05,-3.0517578125e-05,-3.0517578125e-05,-3.0517578125e-05,-3.0517578125e-05,-3.0517578125e-05,X,2,2026-08-22_23-06-48,2026-08-23
1.0,1.0,0.7591240875912408,1.0,1.0,1.0,0.0,1.0,1.0,1.0,1.0,-3.0517578125e-05,-3.0517578125e-05,-3.0517578125e-05,-3.0517578125e-05,-3.0517578125e-05,-3.0517578125e-05,X,2,2026-08-22_23-06-48,2026-08-23
0.9927272727272727,1.0,0.8065693430656934,1.0,1.0,1.0,0.0,1.0,1.0,1.0,1.0,-3.0517578125e-05,-3.0517578125e-05,-3.0517578125e-05,-3.0517578125e-05,-3.0517578125e-05,-3.0517578125e-05,X,2,2026-08-22_23-06-48,2026-08-23
1.0,1.0,1.0,1.0,1.0,1.0,0.0,1.0,1.0,1.0,1.0,-3.0517578125e-05,-3.0517578125e-05,-3.0517578125e-05,-3.0517578125e-05,-3.0517578125e-05,-3.0517578125e-05,X,2,2026-08-22_23-06-48,2026-08-23
0.9145454545454546,0.9931972789115646,1.0,1.0,1.0,1.0,0.0,1.0,1.0,1.0,1.0,-3.0517578125e-05,-3.0517578125e-05,-3.0517578125e-05,-3.0517578125e-05,-3.0517578125e-05,-3.0517578125e-05,X,2,2026-08-22_23-06-48,2026-08-23
0.8018181818181818,0.9625850340136054,1.0,1.0,1.0,1.0,0.0,1.0,1.0,1.0,1.0,-3.0517578125e-05,-3.0517578125e-05,-3.0517578125e-05,-3.0517578125e-05,-3.0517578125e-05,-3.0517578125e-05,X,2,2026-08-22_23-06-48,2026-08-23
0.990909090909091,1.0,0.8540145985401459,1.0,1.0,1.0,0.0,1.0,1.0,1.0,1.0,-3.0517578125e-05,-3.0517578125e-05,-3.0517578125e-05,-3.0517578125e-05,-3.0517578125e-05,-3.0517578125e-05,X,2,2026-08-22_23-06-48,2026-08-23
1.0,1.0,1.0,1.0,0.8859060402684564,1.0,0.0,1.0,1.0,1.0,1.0,-3.0517578125e-05,-3.0517578125e-05,-3.0517578125e-05,-3.0517578125e-05,-3.0517578125e-05,-3.0517578125e-05,X,2,2026-08-22_23-06-48,2026-08-23
1.0,1.0,0.8284671532846716,1.0,1.0,1.0,0.0,1.0,1.0,1.0,1.0,-3.0517578125e-05,-3.0517578125e-05,-3.0517578125e-05,-3.0517578125e-05,-3.0517578125e-05,-3.0517578125e-05,X,2,2026-08-22_23-06-48,2026-08-23
1.0,1.0,0.9854014598540146,1.0,1.0,1.0,0.0,1.0,1.0,1.0,1.0,-3.0517578125e-05,-3.0517578125e-05,-3.0517578125e-05,-3.0517578125e-05,-3.0517578125e-05,-3.0517578125e-05,X,2,2026-08-22_23-06-48,2026-08-23
0.9890909090909091,1.0,0.8868613138686131,1.0,1.0,1.0,0.0,1.0,1.0,1.0,1.0,-3.0517578125e-05,-3.0517578125e-05,-3.0517578125e-05,-3.0517578125e-05,-3.0517578125e-05,-3.0517578125e-05,X,2,2026-08-22_23-06-48,2026-08-23
1.0,0.9625850340136054,0.791970802919708,1.0,1.0,1.0,0.0,1.0,1.0,1.0,1.0,-3.0517578125e-05,-3.0517578125e-05,-3.0517578125e-05,-3.0517578125e-05,-3.0517578125e-05,-3.0517578125e-05,X,2,2026-08-22_23-06-48,2026-08-23
1.0,1.0,1.0,1.0,0.87248322147651,1.0,0.0,1.0,1.0,1.0,1.0,-3.0517578125e-05,-3.0517578125e-05,-3.0517578125e-05,-3.0517578125e-05,-3.0517578125e-05,-3.0517578125e-05,X,2,2026-08-22_23-06-48,2026-08-23
1.0,1.0,1.0,1.0,1.0,1.0,0.0,1.0,1.0,1.0,1.0,-3.0517578125e-05,-3.0517578125e-05,-3.0517578125e-05,-3.0517578125e-05,-3.0517578125e-05,-3.0517578125e-05,X,2,2026-08-22_23-06-48,2026-08-23
1.0,1.0,0.9927007299270073,1.0,1.0,1.0,0.0,1.0,1.0,1.0,1.0,-3.0517578125e-05,-3.0517578125e-05,-3.0517578125e-05,-3.0517578125e-05,-3.0517578125e-05,-3.0517578125e-05,X,2,2026-08-22_23-06-48,2026-08-23
0.9854545454545455,1.0,1.0,1.0,1.0,1.0,0.0,1.0,1.0,1.0,1.0,-3.0517578125e-05,-3.0517578125e-05,-3.0517578125e-05,-3.0517578125e-05,-3.0517578125e-05,-3.0517578125e-05,X,2,2026-08-22_23-06-48,2026-08-23
1.0,1.0,1.0,1.0,1.0,1.0,0.0,1.0,1.0,1.0,1.0,-3.0517578125e-05,-3.0517578125e-05,-3.0517578125e-05,-3.0517578125e-05,-3.0517578125e-05,-3.0517578125e-05,X,2,2026-08-22_23-06-48,2026-08-23
0.9709090909090909,0.9948979591836735,1.0,1.0,1.0,1.0,0.0,1.0,1.0,1.0,1.0,-3.0517578125e-05,-3.0517578125e-05,-3.0517578125e-05,-3.0517578125e-05,-3.0517578125e-05,-3.0517578125e-05,X,2,2026-08-22_23-06-48,2026-08-23
1.0,1.0,0.8941605839416058,1.0,1.0,1.0,0.0,1.0,1.0,1.0,1.0,-3.0517578125e-05,-3.0517578125e-05,-3.0517578125e-05,-3.0517578125e-05,-3.0517578125e-05,-3.0517578125e-05,X,2,2026-08-22_23-06-48,2026-08-23
1.0,1.0,1.0,1.0,1.0,1.0,0.0,1.0,1.0,1.0,1.0,-3.0517578125e-05,-3.0517578125e-05,-3.0517578125e-05,-3.0517578125e-05,-3.0517578125e-05,-3.0517578125e-05,X,2,2026-08-22_23-06-48,2026-08-23
1.0,0.9880952380952381,0.9671532846715328,1.0,1.0,1.0,0.0,1.0,1.0,1.0,1.0,-3.0517578125e-05,-3.0517578125e-05,-3.0517578125e-05,-3.0517578125e-05,-3.0517578125e-05,-3.0517578125e-05,X,2,2026-08-22_23-06-48,2026-08-23
1.0,0.9302721088435374,1.0,1.0,1.0,1.0,0.0,1.0,1.0,1.0,1.0,-3.0517578125e-05,-3.0517578125e-05,-3.0517578125e-05,-3.0517578125e-05,-3.0517578125e-05,-3.0517578125e-05,X,2,2026-08-22_23-06-48,2026-08-23
1.0,1.0,0.7627737226277372,1.0,0.8187919463087249,1.0,0.0,1.0,1.0,1.0,1.0,-3.0517578125e-05,-3.0517578125e-05,-3.0517578125e-05,-3.0517578125e-05,-3.0517578125e-05,-3.0517578125e-05,X,2,2026-08-22_23-06-48,2026-08-23
0.9963636363636363,0.8860544217687075,1.0,1.0,1.0,1.0,0.0,1.0,1.0,1.0,1.0,-3.0517578125e-05,-3.0517578125e-05,-3.0517578125e-05,-3.0517578125e-05,-3.0517578125e-05,-3.0517578125e-05,X,2,2026-08-22_23-06-48,2026-08-23
1.0,1.0,0.8722627737226277,1.0,1.0,1.0,0.0,1.0,1.0,1.0,1.0,-3.0517578125e-05,-3.0517578125e-05,-3.0517578125e-05,-3.0517578125e-05,-3.0517578125e-05,-3.0517578125e-05,X,2,2026-08-22_23-06-48,2026-08-23
1.0,1.0,1.0,1.0,1.0,1.0,0.0,1.0,1.0,1.0,1.0,-3.0517578125e-05,-3.0517578125e-05,-3.0517578125e-05,-3.0517578125e-05,-3.0517578125e-05,-3.0517578125e-05,X,2,2026-08-22_23-06-48,2026-08-23
1.0,1.0,0.6605839416058394,1.0,1.0,1.0,0.0,1.0,1.0,1.0,1.0,-3.0517578125e-05,-3.0517578125e-05,-3.0517578125e-05,-3.0517578125e-05,-3.0517578125e-05,-3.0517578125e-05,X,2,2026-08-22_23-06-48,2026-08-23
1.0,1.0,0.7846715328467153,1.0,0.912751677852349,1.0,0.0,1.0,1.0,1.0,1.0,-3.0517578125e-05,-3.0517578125e-05,-3.0517578125e-05,-3.0517578125e-05,-3.0517578125e-05,-3.0517578125e-05,X,2,2026-08-22_23-06-48,2026-08-23
1.0,1.0,1.0,0.8847926267281107,0.8053691275167785,1.0,0.0,1.0,1.0,1.0,1.0,-3.0517578125e-05,-3.0517578125e-05,-3.0517578125e-05,-3.0517578125e-05,-3.0517578125e-05,-3.0517578125e-05,X,2,2026-08-22_23-06-48,2026-08-23
1.0,1.0,0.7627737226277372,0.9447004608294931,1.0,1.0,0.0,1.0,1.0,1.0,1.0,-3.0517578125e-05,-3.0517578125e-05,-3.0517578125e-05,-3.0517578125e-05,-3.0517578125e-05,-3.0517578125e-05,X,2,2026-08-22_23-06-48,2026-08-23
1.0,1.0,0.5912408759124088,1.0,1.0,1.0,0.0,1.0,1.0,1.0,1.0,-3.0517578125e-05,-3.0517578125e-05,-3.0517578125e-05,-3.0517578125e-05,-3.0517578125e-05,-3.0517578125e-05,X,2,2026-08-22_23-06-48,2026-08-23
1.0,0.9846938775510204,0.6423357664233577,0.543778801843318,1.0,1.0,0.0,1.0,1.0,1.0,1.0,-3.0517578125e-05,-3.0517578125e-05,-3.0517578125e-05,-3.0517578125e-05,-3.0517578125e-05,-3.0517578125e-05,X,2,2026-08-22_23-06-48,2026-08-23
1.0,0.9336734693877551,0.9927007299270073,1.0,1.0,1.0,0.0,1.0,1.0,1.0,1.0,-3.0517578125e-05,-3.0517578125e-05,-3.0517578125e-05,-3.0517578125e-05,-3.0517578125e-05,-3.0517578125e-05,X,2,2026-08-22_23-06-48,2026-08-23
0.9472727272727273,0.9795918367346939,0.9671532846715328,0.8387096774193549,1.0,1.0,0.0,1.0,1.0,1.0,1.0,-3.0517578125e-05,-3.0517578125e-05,-3.0517578125e-05,-3.0517578125e-05,-3.0517578125e-05,-3.0517578125e-05,X,2,2026-08-22_23-06-48,2026-08-23
0.8563636363636363,1.0,1.0,0.728110599078341,1.0,1.0,0.0,1.0,1.0,1.0,1.0,-3.0517578125e-05,-3.0517578125e-05,-3.0517578125e-05,-3.0517578125e-05,-3.0517578125e-05,-3.0517578125e-05,X,3,2026-08-22_23-06-48,2026-08-23
1.0,1.0,0.8795620437956204,0.6589861751152074,1.0,1.0,0.0,1.0,1.0,1.0,1.0,-3.0517578125e-05,-3.0517578125e-05,-3.0517578125e-05,-3.0517578125e-05,-3.0517578125e-05,-3.0517578125e-05,X,3,2026-08-22_23-06-48,2026-08-23
1.0,1.0,0.7700729927007299,1.0,1.0,1.0,0.0,1.0,1.0,1.0,1.0,-3.0517578125e-05,-3.0517578125e-05,-3.0517578125e-05,-3.0517578125e-05,-3.0517578125e-05,-3.0517578125e-05,X,3,2026-08-22_23-06-48,2026-08-23
1.0,1.0,0.6642335766423357,0.9124423963133641,1.0,1.0,0.0,1.0,1.0,1.0,1.0,-3.0517578125e-05,-3.0517578125e-05,-3.0517578125e-05,-3.0517578125e-05,-3.0517578125e-05,-3.0517578125e-05,X,3,2026-08-22_23-06-48,2026-08-23
1.0,1.0,0.9598540145985401,0.9907834101382489,1.0,1.0,0.0,1.0,1.0,1.0,1.0,-3.0517578125e-05,-3.0517578125e-05,-3.0517578125e-05,-3.0517578125e-05,-3.0517578125e-05,-3.0517578125e-05,X,3,2026-08-22_23-06-48,2026-08-23
1.0,1.0,0.9744525547445255,0.8018433179723502,1.0,1.0,0.0,1.0,1.0,1.0,1.0,-3.0517578125e-05,-3.0517578125e-05,-3.0517578125e-05,-3.0517578125e-05,-3.0517578125e-05,-3.0517578125e-05,X,3,2026-08-22_23-06-48,2026-08-23
1.0,1.0,1.0,0.8064516129032258,1.0,1.0,0.0,1.0,1.0,1.0,1.0,-3.0517578125e-05,-3.0517578125e-05,-3.0517578125e-05,-3.0517578125e-05,-3.0517578125e-05,-3.0517578125e-05,X,3,2026-08-22_23-06-48,2026-08-23
0.6545454545454545,0.8282312925170068,1.0,1.0,0.9932885906040269,1.0,0.0,1.0,1.0,1.0,1.0,-3.0517578125e-05,-3.0517578125e-05,-3.0517578125e-05,-3.0517578125e-05,-3.0517578125e-05,-3.0517578125e-05,X,3,2026-08-22_23-06-48,2026-08-23
1.0,1.0,1.0,1.0,1.0,1.0,0.0,1.0,1.0,1.0,1.0,-3.0517578125e-05,-3.0517578125e-05,-3.0517578125e-05,-3.0517578125e-05,-3.0517578125e-05,-3.0517578125e-05,X,3,2026-08-22_23-06-48,2026-08-23
0.850909090909091,0.8894557823129252,0.5875912408759124,1.0,0.4161073825503356,1.0,0.0,1.0,1.0,1.0,1.0,-3.0517578125e-05,-3.0517578125e-05,-3.0517578125e-05,-3.0517578125e-05,-3.0517578125e-05,-3.0517578125e-05,X,3,2026-08-22_23-06-48,2026-08-23
1.0,1.0,1.0,1.0,1.0,1.0,0.0,1.0,1.0,1.0,1.0,-3.0517578125e-05,-3.0517578125e-05,-3.0517578125e-05,-3.0517578125e-05,-3.0517578125e-05,-3.0517578125e-05,X,3,2026-08-22_23-06-48,2026-08-23
1.0,0.9897959183673469,0.8686131386861314,1.0,1.0,1.0,0.0,1.0,1.0,1.0,1.0,-3.0517578125e-05,-3.0517578125e-05,-3.0517578125e-05,-3.0517578125e-05,-3.0517578125e-05,-3.0517578125e-05,X,3,2026-08-22_23-06-48,2026-08-23
1.0,1.0,1.0,1.0,1.0,1.0,0.0,1.0,1.0,1.0,1.0,-3.0517578125e-05,-3.0517578125e-05,-3.0517578125e-05,-3.0517578125e-05,-3.0517578125e-05,-3.0517578125e-05,X,3,2026-08-22_23-06-48,2026-08-23
1.0,1.0,0.9817518248175182,0.783410138248848,1.0,1.0,0.0,1.0,1.0,1.0,1.0,-3.0517578125e-05,-3.0517578125e-05,-3.0517578125e-05,-3.0517578125e-05,-3.0517578125e-05,-3.0517578125e-05,X,3,2026-08-22_23-06-48,2026-08-23
1.0,1.0,1.0,0.8387096774193549,1.0,1.0,0.0,1.0,1.0,1.0,1.0,-3.0517578125e-05,-3.0517578125e-05,-3.0517578125e-05,-3.0517578125e-05,-3.0517578125e-05,-3.0517578125e-05,X,3,2026-08-22_23-06-48,2026-08-23
1.0,1.0,0.7153284671532847,0.8709677419354839,1.0,1.0,0.0,1.0,1.0,1.0,1.0,-3.0517578125e-05,-3.0517578125e-05,-3.0517578125e-05,-3.0517578125e-05,-3.0517578125e-05,-3.0517578125e-05,X,3,2026-08-22_23-06-48,2026-08-23
1.0,1.0,0.7591240875912408,0.815668202764977,1.0,1.0,0.0,1.0,1.0,1.0,1.0,-3.0517578125e-05,-3.0517578125e-05,-3.0517578125e-05,-3.0517578125e-05,-3.0517578125e-05,-3.0517578125e-05,X,3,2026-08-22_23-06-48,2026-08-23
1.0,1.0,0.8394160583941606,0.9723502304147466,1.0,1.0,0.0,1.0,1.0,1.0,1.0,-3.0517578125e-05,-3.0517578125e-05,-3.0517578125e-05,-3.0517578125e-05,-3.0517578125e-05,-3.0517578125e-05,X,3,2026-08-22_23-06-48,2026-08-23
1.0,1.0,1.0,0.6682027649769585,1.0,1.0,0.0,1.0,1.0,1.0,1.0,-3.0517578125e-05,-3.0517578125e-05,-3.0517578125e-05,-3.0517578125e-05,-3.0517578125e-05,-3.0517578125e-05,X,3,2026-08-22_23-06-48,2026-08-23
1.0,1.0,1.0,0.7235023041474654,1.0,1.0,0.0,1.0,1.0,1.0,1.0,-3.0517578125e-05,-3.0517578125e-05,-3.0517578125e-05,-3.0517578125e-05,-3.0517578125e-05,-3.0517578125e-05,X,3,2026-08-22_23-06-48,2026-08-23
1.0,1.0,0.9525547445255474,0.880184331797235,1.0,1.0,0.0,1.0,1.0,1.0,1.0,-3.0517578125e-05,-3.0517578125e-05,-3.0517578125e-05,-3.0517578125e-05,-3.0517578125e-05,-3.0517578125e-05,X,3,2026-08-22_23-06-48,2026-08-23
1.0,1.0,0.7408759124087592,0.8294930875576036,1.0,1.0,0.0,1.0,1.0,1.0,1.0,-3.0517578125e-05,-3.0517578125e-05,-3.0517578125e-05,-3.0517578125e-05,-3.0517578125e-05,-3.0517578125e-05,X,3,2026-08-22_23-06-48,2026-08-23
1.0,0.9540816326530612,1.0,1.0,1.0,1.0,0.0,1.0,1.0,1.0,1.0,-3.0517578125e-05,-3.0517578125e-05,-3.0517578125e-05,-3.0517578125e-05,-3.0517578125e-05,-3.0517578125e-05,X,3,2026-08-22_23-06-48,2026-08-23
1.0,1.0,0.9124087591240876,0.8294930875576036,1.0,1.0,0.0,1.0,1.0,1.0,1.0,-3.0517578125e-05,-3.0517578125e-05,-3.0517578125e-05,-3.0517578125e-05,-3.0517578125e-05,-3.0517578125e-05,X,3,2026-08-22_23-06-48,2026-08-23
1.0,1.0,1.0,0.8847926267281107,1.0,1.0,0.0,1.0,1.0,1.0,1.0,-3.0517578125e-05,-3.0517578125e-05,-3.0517578125e-05,-3.0517578125e-05,-3.0517578125e-05,-3.0517578125e-05,X,3,2026-08-22_23-06-48,2026-08-23
1.0,1.0,1.0,0.5898617511520737,1.0,1.0,0.0,1.0,1.0,1.0,1.0,-3.0517578125e-05,-3.0517578125e-05,-3.0517578125e-05,-3.0517578125e-05,-3.0517578125e-05,-3.0517578125e-05,X,3,2026-08-22_23-06-48,2026-08-23
1.0,1.0,1.0,1.0,0.4966442953020134,1.0,0.0,1.0,1.0,1.0,1.0,-3.0517578125e-05,-3.0517578125e-05,-3.0517578125e-05,-3.0517578125e-05,-3.0517578125e-05,-3.0517578125e-05,X,3,2026-08-22_23-06-48,2026-08-23
1.0,1.0,1.0,0.8709677419354839,0.8053691275167785,1.0,1.0,1.0,1.0,1.0,1.0,0.0,0.0,0.0,0.0,0.0,0.0,X,3,2026-08-22_23-06-48,2026-08-23
1.0,1.0,1.0,0.7649769585253456,0.8053691275167785,1.0,1.0,1.0,1.0,1.0,1.0,0.0,0.0,0.0,0.0,0.0,0.0,X,3,2026-08-22_23-06-48,2026-08-23
1.0,1.0,1.0,0.6728110599078341,1.0,1.0,1.0,1.0,1.0,1.0,1.0,0.0,0.0,0.0,0.0,0.0,0.0,X,3,2026-08-22_23-06-48,2026-08-23
1.0,1.0,1.0,0.9354838709677419,0.18791946308724833,1.0,1.0,1.0,1.0,1.0,1.0,0.0,0.0,0.0,0.0,0.0,0.0,X,3,2026-08-22_23-06-48,2026-08-23
1.0,1.0,1.0,0.9400921658986175,0.8590604026845637,1.0,0.0,1.0,1.0,1.0,1.0,-3.0517578125e-05,-3.0517578125e-05,-3.0517578125e-05,-3.0517578125e-05,-3.0517578125e-05,-3.0517578125e-05,X,3,2026-08-22_23-06-48,2026-08-23
1.0,1.0,1.0,1.0,1.0,1.0,0.0,1.0,1.0,1.0,1.0,-3.0517578125e-05,-3.0517578125e-05,-3.0517578125e-05,-3.0517578125e-05,-3.0517578125e-05,-3.0517578125e-05,X,3,2026-08-22_23-06-48,2026-08-23
1.0,1.0,1.0,0.8894009216589862,1.0,1.0,0.0,1.0,1.0,1.0,1.0,-3.0517578125e-05,-3.0517578125e-05,-3.0517578125e-05,-3.0517578125e-05,-3.0517578125e-05,-3.0517578125e-05,X,3,2026-08-22_23-06-48,2026-08-23
1.0,1.0,1.0,0.8064516129032258,0.8053691275167785,1.0,0.0,1.0,1.0,1.0,1.0,-3.0517578125e-05,-3.0517578125e-05,-3.0517578125e-05,-3.0517578125e-05,-3.0517578125e-05,-3.0517578125e-05,X,3,2026-08-22_23-06-48,2026-08-23
0.9109090909090909,1.0,1.0,1.0,1.0,1.0,0.0,1.0,1.0,1.0,1.0,-3.0517578125e-05,-3.0517578125e-05,-3.0517578125e-05,-3.0517578125e-05,-3.0517578125e-05,-3.0517578125e-05,X,3,2026-08-22_23-06-48,2026-08-23
0.8781818181818182,1.0,0.791970802919708,1.0,1.0,1.0,0.0,1.0,1.0,1.0,1.0,-3.0517578125e-05,-3.0517578125e-05,-3.0517578125e-05,-3.0517578125e-05,-3.0517578125e-05,-3.0517578125e-05,X,3,2026-08-22_23-06-48,2026-08-23
0.9490909090909091,1.0,0.791970802919708,1.0,1.0,1.0,0.0,1.0,1.0,1.0,1.0,-3.0517578125e-05,-3.0517578125e-05,-3.0517578125e-05,-3.0517578125e-05,-3.0517578125e-05,-3.0517578125e-05,X,3,2026-08-22_23-06-48,2026-08-23
0.9745454545454545,1.0,0.635036496350365,1.0,1.0,1.0,0.0,1.0,1.0,1.0,1.0,-3.0517578125e-05,-3.0517578125e-05,-3.0517578125e-05,-3.0517578125e-05,-3.0517578125e-05,-3.0517578125e-05,X,3,2026-08-22_23-06-48,2026-08-23
0.94,1.0,0.7627737226277372,1.0,1.0,1.0,0.0,1.0,1.0,1.0,1.0,-3.0517578125e-05,-3.0517578125e-05,-3.0517578125e-05,-3.0517578125e-05,-3.0517578125e-05,-3.0517578125e-05,X,3,2026-08-22_23-06-48,2026-08-23
1.0,1.0,1.0,0.511520737327189,1.0,1.0,0.0,1.0,1.0,1.0,1.0,-3.0517578125e-05,-3.0517578125e-05,-3.0517578125e-05,-3.0517578125e-05,-3.0517578125e-05,-3.0517578125e-05,X,4,2026-08-22_23-06-48,2026-08-23
1.0,1.0,0.791970802919708,0.8202764976958525,1.0,1.0,0.0,1.0,1.0,1.0,1.0,-3.0517578125e-05,-3.0517578125e-05,-3.0517578125e-05,-3.0517578125e-05,-3.0517578125e-05,-3.0517578125e-05,X,4,2026-08-22_23-06-48,2026-08-23
0.8418181818181818,0.8282312925170068,1.0,0.967741935483871,1.0,1.0,0.0,1.0,1.0,1.0,1.0,-3.0517578125e-05,-3.0517578125e-05,-3.0517578125e-05,-3.0517578125e-05,-3.0517578125e-05,-3.0517578125e-05,X,4,2026-08-22_23-06-48,2026-08-23
1.0,1.0,1.0,0.8387096774193549,1.0,1.0,0.0,1.0,1.0,1.0,1.0,-3.0517578125e-05,-3.0517578125e-05,-3.0517578125e-05,-3.0517578125e-05,-3.0517578125e-05,-3.0517578125e-05,X,4,2026-08-22_23-06-48,2026-08-23
1.0,1.0,1.0,0.4608294930875576,1.0,1.0,0.0,1.0,1.0,1.0,1.0,-3.0517578125e-05,-3.0517578125e-05,-3.0517578125e-05,-3.0517578125e-05,-3.0517578125e-05,-3.0517578125e-05,X,4,2026-08-22_23-06-48,2026-08-23
1.0,1.0,1.0,0.7373271889400922,1.0,1.0,0.0,1.0,1.0,1.0,1.0,-3.0517578125e-05,-3.0517578125e-05,-3.0517578125e-05,-3.0517578125e-05,-3.0517578125e-05,-3.0517578125e-05,X,4,2026-08-22_23-06-48,2026-08-23
1.0,1.0,0.9233576642335767,0.8571428571428571,0.9395973154362416,1.0,0.0,1.0,1.0,1.0,1.0,-3.0517578125e-05,-3.0517578125e-05,-3.0517578125e-05,-3.0517578125e-05,-3.0517578125e-05,-3.0517578125e-05,X,4,2026-08-22_23-06-48,2026-08-23
1.0,1.0,1.0,0.7419354838709677,1.0,1.0,0.0,1.0,1.0,1.0,1.0,-3.0517578125e-05,-3.0517578125e-05,-3.0517578125e-05,-3.0517578125e-05,-3.0517578125e-05,-3.0517578125e-05,X,4,2026-08-22_23-06-48,2026-08-23
1.0,1.0,0.9416058394160584,0.9631336405529954,1.0,1.0,0.0,1.0,1.0,1.0,1.0,-3.0517578125e-05,-3.0517578125e-05,-3.0517578125e-05,-3.0517578125e-05,-3.0517578125e-05,-3.0517578125e-05,X,4,2026-08-22_23-06-48,2026-08-23
0.9581818181818181,1.0,0.9927007299270073,0.5391705069124424,1.0,1.0,0.0,1.0,1.0,1.0,1.0,-3.0517578125e-05,-3.0517578125e-05,-3.0517578125e-05,-3.0517578125e-05,-3.0517578125e-05,-3.0517578125e-05,X,4,2026-08-22_23-06-48,2026-08-23
0.7236363636363636,0.7908163265306123,0.0948905109489051,0.8709677419354839,1.0,1.0,0.0,1.0,1.0,1.0,1.0,-3.0517578125e-05,-3.0517578125e-05,-3.0517578125e-05,-3.0517578125e-05,-3.0517578125e-05,-3.0517578125e-05,X,4,2026-08-22_23-06-48,2026-08-23
1.0,1.0,0.9343065693430657,0.0,0.0,1.0,0.0,1.0,1.0,1.0,1.0,-3.0517578125e-05,-3.0517578125e-05,-3.0517578125e-05,-3.0517578125e-05,-3.0517578125e-05,-3.0517578125e-05,X,4,2026-08-22_23-06-48,2026-08-23
1.0,1.0,1.0,1.0,1.0,1.0,0.0,1.0,1.0,1.0,1.0,-3.0517578125e-05,-3.0517578125e-05,-3.0517578125e-05,-3.0517578125e-05,-3.0517578125e-05,-3.0517578125e-05,X,4,2026-08-22_23-06-48,2026-08-23
1.0,1.0,0.9854014598540146,0.815668202764977,1.0,1.0,0.0,1.0,1.0,1.0,1.0,-3.0517578125e-05,-3.0517578125e-05,-3.0517578125e-05,-3.0517578125e-05,-3.0517578125e-05,-3.0517578125e-05,X,4,2026-08-22_23-06-48,2026-08-23
1.0,1.0,1.0,0.8847926267281107,1.0,1.0,0.0,1.0,1.0,1.0,1.0,-3.0517578125e-05,-3.0517578125e-05,-3.0517578125e-05,-3.0517578125e-05,-3.0517578125e-05,-3.0517578125e-05,X,4,2026-08-22_23-06-48,2026-08-23
1.0,1.0,0.9817518248175182,0.9262672811059908,0.9932885906040269,1.0,0.0,1.0,1.0,1.0,1.0,-3.0517578125e-05,-3.0517578125e-05,-3.0517578125e-05,-3.0517578125e-05,-3.0517578125e-05,-3.0517578125e-05,X,4,2026-08-22_23-06-48,2026-08-23
1.0,1.0,1.0,0.8341013824884793,1.0,1.0,0.0,1.0,1.0,1.0,1.0,-3.0517578125e-05,-3.0517578125e-05,-3.0517578125e-05,-3.0517578125e-05,-3.0517578125e-05,-3.0517578125e-05,X,4,2026-08-22_23-06-48,2026-08-23
1.0,1.0,1.0,0.7373271889400922,1.0,1.0,0.0,1.0,1.0,1.0,1.0,-3.0517578125e-05,-3.0517578125e-05,-3.0517578125e-05,-3.0517578125e-05,-3.0517578125e-05,-3.0517578125e-05,X,4,2026-08-22_23-06-48,2026-08-23
1.0,1.0,0.8941605839416058,0.8018433179723502,1.0,1.0,0.0,1.0,1.0,1.0,1.0,-3.0517578125e-05,-3.0517578125e-05,-3.0517578125e-05,-3.0517578125e-05,-3.0517578125e-05,-3.0517578125e-05,X,4,2026-08-22_23-06-48,2026-08-23
1.0,1.0,1.0,0.880184331797235,1.0,1.0,0.0,1.0,1.0,1.0,1.0,-3.0517578125e-05,-3.0517578125e-05,-3.0517578125e-05,-3.0517578125e-05,-3.0517578125e-05,-3.0517578125e-05,X,4,2026-08-22_23-06-48,2026-08-23
1.0,1.0,1.0,0.663594470046083,1.0,1.0,0.0,1.0,1.0,1.0,1.0,-3.0517578125e-05,-3.0517578125e-05,-3.0517578125e-05,-3.0517578125e-05,-3.0517578125e-05,-3.0517578125e-05,X,4,2026-08-22_23-06-48,2026-08-23
1.0,1.0,1.0,0.9124423963133641,1.0,1.0,0.0,1.0,1.0,1.0,1.0,-3.0517578125e-05,-3.0517578125e-05,-3.0517578125e-05,-3.0517578125e-05,-3.0517578125e-05,-3.0517578125e-05,X,4,2026-08-22_23-06-48,2026-08-23
1.0,1.0,1.0,0.6589861751152074,1.0,1.0,0.0,1.0,1.0,1.0,1.0,-3.0517578125e-05,-3.0517578125e-05,-3.0517578125e-05,-3.0517578125e-05,-3.0517578125e-05,-3.0517578125e-05,X,4,2026-08-22_23-06-48,2026-08-23
1.0,1.0,0.6970802919708029,0.7419354838709677,1.0,1.0,0.0,1.0,1.0,1.0,1.0,-3.0517578125e-05,-3.0517578125e-05,-3.0517578125e-05,-3.0517578125e-05,-3.0517578125e-05,-3.0517578125e-05,X,4,2026-08-22_23-06-48,2026-08-23
1.0,1.0,0.9124087591240876,1.0,1.0,1.0,0.0,1.0,1.0,1.0,1.0,-3.0517578125e-05,-3.0517578125e-05,-3.0517578125e-05,-3.0517578125e-05,-3.0517578125e-05,-3.0517578125e-05,X,4,2026-08-22_23-06-48,2026-08-23
1.0,1.0,1.0,1.0,1.0,1.0,0.0,1.0,1.0,1.0,1.0,-3.0517578125e-05,-3.0517578125e-05,-3.0517578125e-05,-3.0517578125e-05,-3.0517578125e-05,-3.0517578125e-05,X,4,2026-08-22_23-06-48,2026-08-23
1.0,1.0,0.9306569343065694,1.0,1.0,1.0,0.0,1.0,1.0,1.0,1.0,-3.0517578125e-05,-3.0517578125e-05,-3.0517578125e-05,-3.0517578125e-05,-3.0517578125e-05,-3.0517578125e-05,X,4,2026-08-22_23-06-48,2026-08-23
1.0,1.0,0.781021897810219,1.0,1.0,1.0,0.0,1.0,1.0,1.0,1.0,-3.0517578125e-05,-3.0517578125e-05,-3.0517578125e-05,-3.0517578125e-05,-3.0517578125e-05,-3.0517578125e-05,X,4,2026-08-22_23-06-48,2026-08-23
1.0,1.0,0.6970802919708029,1.0,1.0,1.0,0.0,1.0,1.0,1.0,1.0,-3.0517578125e-05,-3.0517578125e-05,-3.0517578125e-05,-3.0517578125e-05,-3.0517578125e-05,-3.0517578125e-05,X,4,2026-08-22_23-06-48,2026-08-23
0.9309090909090909,1.0,0.9598540145985401,0.728110599078341,0.9932885906040269,1.0,0.0,1.0,1.0,1.0,1.0,-3.0517578125e-05,-3.0517578125e-05,-3.0517578125e-05,-3.0517578125e-05,-3.0517578125e-05,-3.0517578125e-05,X,4,2026-08-22_23-06-48,2026-08-23
1.0,1.0,0.927007299270073,0.8617511520737328,0.912751677852349,1.0,0.0,1.0,1.0,1.0,1.0,-3.0517578125e-05,-3.0517578125e-05,-3.0517578125e-05,-3.0517578125e-05,-3.0517578125e-05,-3.0517578125e-05,X,4,2026-08-22_23-06-48,2026-08-23
1.0,0.9931972789115646,1.0,0.3778801843317972,1.0,1.0,0.0,1.0,1.0,1.0,1.0,-3.0517578125e-05,-3.0517578125e-05,-3.0517578125e-05,-3.0517578125e-05,-3.0517578125e-05,-3.0517578125e-05,X,4,2026-08-22_23-06-48,2026-08-23
0.9690909090909091,1.0,0.8248175182481752,0.8755760368663594,0.8053691275167785,1.0,0.0,1.0,1.0,1.0,1.0,-3.0517578125e-05,-3.0517578125e-05,-3.0517578125e-05,-3.0517578125e-05,-3.0517578125e-05,-3.0517578125e-05,X,4,2026-08-22_23-06-48,2026-08-23
1.0,0.9625850340136054,1.0,0.3778801843317972,1.0,1.0,0.0,1.0,1.0,1.0,1.0,-3.0517578125e-05,-3.0517578125e-05,-3.0517578125e-05,-3.0517578125e-05,-3.0517578125e-05,-3.0517578125e-05,X,4,2026-08-22_23-06-48,2026-08-23
0.9727272727272728,1.0,0.9927007299270073,0.8525345622119815,0.9932885906040269,1.0,0.0,1.0,1.0,1.0,1.0,-3.0517578125e-05,-3.0517578125e-05,-3.0517578125e-05,-3.0517578125e-05,-3.0517578125e-05,-3.0517578125e-05,X,4,2026-08-22_23-06-48,2026-08-23
1.0,1.0,0.8394160583941606,0.9493087557603687,1.0,1.0,0.0,1.0,1.0,1.0,1.0,-3.0517578125e-05,-3.0517578125e-05,-3.0517578125e-05,-3.0517578125e-05,-3.0517578125e-05,-3.0517578125e-05,X,4,2026-08-22_23-06-48,2026-08-23
1.0,1.0,0.7700729927007299,0.391705069124424,0.9798657718120806,1.0,0.0,1.0,1.0,1.0,1.0,-3.0517578125e-05,-3.0517578125e-05,-3.0517578125e-05,-3.0517578125e-05,-3.0517578125e-05,-3.0517578125e-05,X,4,2026-08-22_23-06-48,2026-08-23
1.0,1.0,1.0,1.0,1.0,1.0,0.0,1.0,1.0,1.0,1.0,-3.0517578125e-05,-3.0517578125e-05,-3.0517578125e-05,-3.0517578125e-05,-3.0517578125e-05,-3.0517578125e-05,X,4,2026-08-22_23-06-48,2026-08-23
1.0,1.0,0.8905109489051095,0.8755760368663594,1.0,1.0,0.0,1.0,1.0,1.0,1.0,-3.0517578125e-05,-3.0517578125e-05,-3.0517578125e-05,-3.0517578125e-05,-3.0517578125e-05,-3.0517578125e-05,X,4,2026-08-22_23-06-48,2026-08-23
1.0,1.0,1.0,0.9447004608294931,1.0,1.0,0.0,1.0,1.0,1.0,1.0,-3.0517578125e-05,-3.0517578125e-05,-3.0517578125e-05,-3.0517578125e-05,-3.0517578125e-05,-3.0517578125e-05,X,4,2026-08-22_23-06-48,2026-08-23
0.8381818181818181,0.9710884353741497,1.0,0.29493087557603687,1.0,1.0,0.0,0.0,0.0,1.0,0.0,-3.0517578125e-05,-3.0517578125e-05,-3.0517578125e-05,-3.0517578125e-05,-3.0517578125e-05,-3.0517578125e-05,Z,0,2026-08-22_23-06-48,2026-08-23
0.8818181818181818,1.0,0.843065693430657,0.0,0.33557046979865773,1.0,0.0,0.0,0.0,1.0,0.0,-3.0517578125e-05,-3.0517578125e-05,-3.0517578125e-05,-3.0517578125e-05,-3.0517578125e-05,-3.0517578125e-05,Z,0,2026-08-22_23-06-48,2026-08-23
0.9418181818181818,1.0,0.9927007299270073,0.0,0.06711409395973154,1.0,0.0,0.0,0.0,1.0,0.0,-3.0517578125e-05,-3.0517578125e-05,-3.0517578125e-05,-3.0517578125e-05,-3.0517578125e-05,-3.0517578125e-05,Z,0,2026-08-22_23-06-48,2026-08-23
0.9109090909090909,1.0,0.8321167883211679,0.0,0.8053691275167785,1.0,0.0,0.0,0.0,1.0,0.0,-3.0517578125e-05,-3.0517578125e-05,-3.0517578125e-05,-3.0517578125e-05,-3.0517578125e-05,-3.0517578125e-05,Z,0,2026-08-22_23-06-48,2026-08-23
0.9272727272727272,1.0,0.7262773722627737,0.0,0.8456375838926175,1.0,0.0,0.0,0.0,1.0,0.0,-3.0517578125e-05,-3.0517578125e-05,-3.0517578125e-05,-3.0517578125e-05,-3.0517578125e-05,-3.0517578125e-05,Z,0,2026-08-22_23-06-48,2026-08-23
0.9690909090909091,1.0,0.7554744525547445,0.0,0.42953020134228187,1.0,0.0,0.0,0.0,1.0,0.0,-3.0517578125e-05,-3.0517578125e-05,-3.0517578125e-05,-3.0517578125e-05,-3.0517578125e-05,-3.0517578125e-05,Z,0,2026-08-22_23-06-48,2026-08-23
0.9490909090909091,1.0,0.9525547445255474,0.0,0.48322147651006714,1.0,0.0,0.0,0.0,1.0,0.0,-3.0517578125e-05,-3.0517578125e-05,-3.0517578125e-05,-3.0517578125e-05,-3.0517578125e-05,-3.0517578125e-05,Z,0,2026-08-22_23-06-48,2026-08-23
0.9636363636363636,0.9608843537414966,0.8175182481751825,0.0,0.174496644295302,1.0,0.0,0.0,0.0,1.0,0.0,-3.0517578125e-05,-3.0517578125e-05,-3.0517578125e-05,-3.0517578125e-05,-3.0517578125e-05,-3.0517578125e-05,Z,0,2026-08-22_23-06-48,2026-08-23
0.9181818181818182,1.0,0.8211678832116789,0.05069124423963134,0.87248322147651,1.0,0.0,0.0,0.0,1.0,0.0,-3.0517578125e-05,-3.0517578125e-05,-3.0517578125e-05,-3.0517578125e-05,-3.0517578125e-05,-3.0517578125e-05,Z,0,2026-08-22_23-06-48,2026-08-23
0.8872727272727273,1.0,0.7335766423357665,0.0,1.0,1.0,0.0,0.0,0.0,1.0,0.0,-3.0517578125e-05,-3.0517578125e-05,-3.0517578125e-05,-3.0517578125e-05,-3.0517578125e-05,-3.0517578125e-05,Z,0,2026-08-22_23-06-48,2026-08-23
0.9418181818181818,1.0,0.8211678832116789,0.0,1.0,1.0,0.0,0.0,0.0,1.0,0.0,-3.0517578125e-05,-3.0517578125e-05,-3.0517578125e-05,-3.0517578125e-05,-3.0517578125e-05,-3.0517578125e-05,Z,0,2026-08-22_23-06-48,2026-08-23
0.8581818181818182,1.0,0.8722627737226277,0.16129032258064516,1.0,1.0,0.0,0.0,0.0,1.0,0.0,-3.0517578125e-05,-3.0517578125e-05,-3.0517578125e-05,-3.0517578125e-05,-3.0517578125e-05,-3.0517578125e-05,Z,0,2026-08-22_23-06-48,2026-08-23
0.9345454545454546,0.8690476190476191,0.8394160583941606,0.0,0.9261744966442953,1.0,0.0,0.0,0.0,1.0,0.0,-3.0517578125e-05,-3.0517578125e-05,-3.0517578125e-05,-3.0517578125e-05,-3.0517578125e-05,-3.0517578125e-05,Z,0,2026-08-22_23-06-48,2026-08-23
0.8745454545454545,1.0,0.7591240875912408,0.12903225806451613,1.0,1.0,0.0,0.0,0.0,1.0,0.0,-3.0517578125e-05,-3.0517578125e-05,-3.0517578125e-05,-3.0517578125e-05,-3.0517578125e-05,-3.0517578125e-05,Z,0,2026-08-22_23-06-48,2026-08-23
0.8945454545454545,1.0,0.8576642335766423,0.0,1.0,1.0,0.0,0.0,0.0,1.0,0.0,-3.0517578125e-05,-3.0517578125e-05,-3.0517578125e-05,-3.0517578125e-05,-3.0517578125e-05,-3.0517578125e-05,Z,0,2026-08-22_23-06-48,2026-08-23
0.9309090909090909,1.0,0.6167883211678832,0.0,0.8053691275167785,1.0,0.0,0.0,0.0,1.0,0.0,-3.0517578125e-05,-3.0517578125e-05,-3.0517578125e-05,-3.0517578125e-05,-3.0517578125e-05,-3.0517578125e-05,Z,0,2026-08-22_23-06-48,2026-08-23
0.9163636363636364,1.0,0.8795620437956204,0.0,1.0,1.0,0.0,0.0,0.0,1.0,0.0,-3.0517578125e-05,-3.0517578125e-05,-3.0517578125e-05,-3.0517578125e-05,-3.0517578125e-05,-3.0517578125e-05,Z,0,2026-08-22_23-06-48,2026-08-23
0.8690909090909091,1.0,0.8576642335766423,0.05069124423963134,1.0,1.0,0.0,0.0,0.0,1.0,0.0,-3.0517578125e-05,-3.0517578125e-05,-3.0517578125e-05,-3.0517578125e-05,-3.0517578125e-05,-3.0517578125e-05,Z,0,2026-08-22_23-06-48,2026-08-23
0.84,1.0,0.6313868613138686,0.22119815668202766,1.0,1.0,0.0,0.0,0.0,1.0,0.0,-3.0517578125e-05,-3.0517578125e-05,-3.0517578125e-05,-3.0517578125e-05,-3.0517578125e-05,-3.0517578125e-05,Z,0,2026-08-22_23-06-48,2026-08-23
0.94,1.0,0.9562043795620438,0.0,0.9530201342281879,1.0,0.0,0.0,0.0,1.0,0.0,-3.0517578125e-05,-3.0517578125e-05,-3.0517578125e-05,-3.0517578125e-05,-3.0517578125e-05,-3.0517578125e-05,Z,0,2026-08-22_23-06-48,2026-08-23
1.0,0.9370748299319728,1.0,0.0,0.8053691275167785,1.0,0.0,0.0,0.0,1.0,0.0,-3.0517578125e-05,-3.0517578125e-05,-3.0517578125e-05,-3.0517578125e-05,-3.0517578125e-05,-3.0517578125e-05,Z,0,2026-08-22_23-06-48,2026-08-23
0.8690909090909091,1.0,0.7408759124087592,0.0,1.0,1.0,0.0,0.0,0.0,1.0,0.0,-3.0517578125e-05,-3.0517578125e-05,-3.0517578125e-05,-3.0517578125e-05,-3.0517578125e-05,-3.0517578125e-05,Z,0,2026-08-22_23-06-48,2026-08-23
0.9872727272727273,0.9625850340136054,0.9233576642335767,0.0,0.2684563758389262,1.0,0.0,0.0,0.0,1.0,0.0,-3.0517578125e-05,-3.0517578125e-05,-3.0517578125e-05,-3.0517578125e-05,-3.0517578125e-05,-3.0517578125e-05,Z,0,2026-08-22_23-06-48,2026-08-23
0.8272727272727273,1.0,0.5437956204379562,0.07373271889400922,1.0,1.0,0.0,0.0,0.0,1.0,0.0,-3.0517578125e-05,-3.0517578125e-05,-3.0517578125e-05,-3.0517578125e-05,-3.0517578125e-05,-3.0517578125e-05,Z,0,2026-08-22_23-06-48,2026-08-23
1.0,0.9506802721088435,1.0,0.0,0.10738255033557047,1.0,0.0,0.0,0.0,1.0,0.0,-3.0517578125e-05,-3.0517578125e-05,-3.0517578125e-05,-3.0517578125e-05,-3.0517578125e-05,-3.0517578125e-05,Z,0,2026-08-22_23-06-48,2026-08-23
1.0,0.9625850340136054,1.0,0.0,0.1610738255033557,1.0,0.0,0.0,0.0,1.0,0.0,-3.0517578125e-05,-3.0517578125e-05,-3.0517578125e-05,-3.0517578125e-05,-3.0517578125e-05,-3.0517578125e-05,Z,0,2026-08-22_23-06-48,2026-08-23
1.0,1.0,0.6021897810218978,0.06451612903225806,0.912751677852349,1.0,0.0,0.0,0.0,1.0,0.0,-3.0517578125e-05,-3.0517578125e-05,-3.0517578125e-05,-3.0517578125e-05,-3.0517578125e-05,-3.0517578125e-05,Z,0,2026-08-22_23-06-48,2026-08-23
0.94,1.0,0.7992700729927007,0.0,0.37583892617449666,1.0,0.0,0.0,0.0,1.0,0.0,-3.0517578125e-05,-3.0517578125e-05,-3.0517578125e-05,-3.0517578125e-05,-3.0517578125e-05,-3.0517578125e-05,Z,0,2026-08-22_23-06-48,2026-08-23
0.8,1.0,0.9343065693430657,0.15668202764976957,0.9932885906040269,1.0,0.0,0.0,0.0,1.0,0.0,-3.0517578125e-05,-3.0517578125e-05,-3.0517578125e-05,-3.0517578125e-05,-3.0517578125e-05,-3.0517578125e-05,Z,0,2026-08-22_23-06-48,2026-08-23
0.8981818181818182,1.0,0.8576642335766423,0.0,1.0,1.0,0.0,0.0,0.0,1.0,0.0,-3.0517578125e-05,-3.0517578125e-05,-3.0517578125e-05,-3.0517578125e-05,-3.0517578125e-05,-3.0517578125e-05,Z,0,2026-08-22_23-06-48,2026-08-23
0.8254545454545454,1.0,0.5328467153284672,0.0,0.026845637583892617,1.0,0.0,0.0,0.0,1.0,0.0,-3.0517578125e-05,-3.0517578125e-05,-3.0517578125e-05,-3.0517578125e-05,-3.0517578125e-05,-3.0517578125e-05,Z,0,2026-08-22_23-06-48,2026-08-23
0.8472727272727273,1.0,0.8138686131386861,0.0,1.0,1.0,0.0,0.0,0.0,1.0,0.0,-3.0517578125e-05,-3.0517578125e-05,-3.0517578125e-05,-3.0517578125e-05,-3.0517578125e-05,-3.0517578125e-05,Z,0,2026-08-22_23-06-48,2026-08-23
0.9,1.0,1.0,0.0,0.8053691275167785,1.0,0.0,0.0,0.0,1.0,0.0,-3.0517578125e-05,-3.0517578125e-05,-3.0517578125e-05,-3.0517578125e-05,-3.0517578125e-05,-3.0517578125e-05,Z,0,2026-08-22_23-06-48,2026-08-23
0.8763636363636363,1.0,0.8759124087591241,0.0,0.8053691275167785,1.0,0.0,0.0,0.0,1.0,0.0,-3.0517578125e-05,-3.0517578125e-05,-3.0517578125e-05,-3.0517578125e-05,-3.0517578125e-05,-3.0517578125e-05,Z,0,2026-08-22_23-06-48,2026-08-23
0.9072727272727272,1.0,0.9708029197080292,0.0,0.87248322147651,1.0,0.0,0.0,0.0,1.0,0.0,-3.0517578125e-05,-3.0517578125e-05,-3.0517578125e-05,-3.0517578125e-05,-3.0517578125e-05,-3.0517578125e-05,Z,0,2026-08-22_23-06-48,2026-08-23
1.0,1.0,0.5948905109489051,0.0,0.174496644295302,1.0,0.0,0.0,0.0,1.0,0.0,-3.0517578125e-05,-3.0517578125e-05,-3.0517578125e-05,-3.0517578125e-05,-3.0517578125e-05,-3.0517578125e-05,Z,0,2026-08-22_23-06-48,2026-08-23
0.7418181818181818,0.8996598639455783,0.0,0.0,0.9530201342281879,1.0,0.0,0.0,0.0,1.0,0.0,-3.0517578125e-05,-3.0517578125e-05,-3.0517578125e-05,-3.0517578125e-05,-3.0517578125e-05,-3.0517578125e-05,Z,0,2026-08-22_23-06-48,2026-08-23
0.649090909090909,0.7602040816326531,0.7591240875912408,0.21658986175115208,1.0,1.0,0.0,0.0,0.0,1.0,0.0,-3.0517578125e-05,-3.0517578125e-05,-3.0517578125e-05,-3.0517578125e-05,-3.0517578125e-05,-3.0517578125e-05,Z,0,2026-08-22_23-06-48,2026-08-23
0.9054545454545454,1.0,1.0,0.0,0.8053691275167785,1.0,0.0,0.0,0.0,1.0,0.0,-3.0517578125e-05,-3.0517578125e-05,-3.0517578125e-05,-3.0517578125e-05,-3.0517578125e-05,-3.0517578125e-05,Z,0,2026-08-22_23-06-48,2026-08-23
1.0,1.0,0.8248175182481752,0.0,0.0,1.0,0.0,0.0,0.0,1.0,0.0,-3.0517578125e-05,-3.0517578125e-05,-3.0517578125e-05,-3.0517578125e-05,-3.0517578125e-05,-3.0517578125e-05,Z,0,2026-08-22_23-06-48,2026-08-23
0.94,1.0,0.8832116788321168,0.0,1.0,1.0,0.0,0.0,0.0,1.0,1.0,-3.0517578125e-05,-3.0517578125e-05,-3.0517578125e-05,-3.0517578125e-05,-3.0517578125e-05,-3.0517578125e-05,Z,1,2026-08-22_23-06-48,2026-08-23
1.0,1.0,0.9927007299270073,0.0,0.8053691275167785,1.0,0.0,0.0,0.0,1.0,1.0,-3.0517578125e-05,-3.0517578125e-05,-3.0517578125e-05,-3.0517578125e-05,-3.0517578125e-05,-3.0517578125e-05,Z,1,2026-08-22_23-06-48,2026-08-23
1.0,1.0,0.8357664233576643,0.0,1.0,1.0,0.0,0.0,0.0,1.0,1.0,-3.0517578125e-05,-3.0517578125e-05,-3.0517578125e-05,-3.0517578125e-05,-3.0517578125e-05,-3.0517578125e-05,Z,1,2026-08-22_23-06-48,2026-08-23
1.0,1.0,0.9708029197080292,0.0,1.0,1.0,0.0,0.0,0.0,1.0,1.0,-3.0517578125e-05,-3.0517578125e-05,-3.0517578125e-05,-3.0517578125e-05,-3.0517578125e-05,-3.0517578125e-05,Z,1,2026-08-22_23-06-48,2026-08-23
0.9509090909090909,1.0,1.0,0.0,1.0,1.0,0.0,0.0,0.0,1.0,1.0,-3.0517578125e-05,-3.0517578125e-05,-3.0517578125e-05,-3.0517578125e-05,-3.0517578125e-05,-3.0517578125e-05,Z,1,2026-08-22_23-06-48,2026-08-23
0.8945454545454545,1.0,0.8175182481751825,0.0,1.0,1.0,0.0,0.0,0.0,1.0,1.0,-3.0517578125e-05,-3.0517578125e-05,-3.0517578125e-05,-3.0517578125e-05,-3.0517578125e-05,-3.0517578125e-05,Z,1,2026-08-22_23-06-48,2026-08-23
0.9527272727272728,1.0,1.0,0.0,1.0,1.0,0.0,0.0,0.0,1.0,1.0,-3.0517578125e-05,-3.0517578125e-05,-3.0517578125e-05,-3.0517578125e-05,-3.0517578125e-05,-3.0517578125e-05,Z,1,2026-08-22_23-06-48,2026-08-23
0.9509090909090909,1.0,0.9927007299270073,0.0,1.0,1.0,0.0,0.0,0.0,1.0,1.0,-3.0517578125e-05,-3.0517578125e-05,-3.0517578125e-05,-3.0517578125e-05,-3.0517578125e-05,-3.0517578125e-05,Z,1,2026-08-22_23-06-48,2026-08-23
1.0,1.0,0.9306569343065694,0.0,1.0,1.0,0.0,0.0,0.0,1.0,1.0,-3.0517578125e-05,-3.0517578125e-05,-3.0517578125e-05,-3.0517578125e-05,-3.0517578125e-05,-3.0517578125e-05,Z,1,2026-08-22_23-06-48,2026-08-23
0.8727272727272727,1.0,0.8029197080291971,0.0,1.0,1.0,0.0,0.0,0.0,1.0,1.0,-3.0517578125e-05,-3.0517578125e-05,-3.0517578125e-05,-3.0517578125e-05,-3.0517578125e-05,-3.0517578125e-05,Z,1,2026-08-22_23-06-48,2026-08-23
0.8581818181818182,1.0,0.8211678832116789,0.0,1.0,1.0,0.0,0.0,0.0,1.0,1.0,-3.0517578125e-05,-3.0517578125e-05,-3.0517578125e-05,-3.0517578125e-05,-3.0517578125e-05,-3.0517578125e-05,Z,1,2026-08-22_23-06-48,2026-08-23
0.9109090909090909,1.0,0.8759124087591241,0.0,0.912751677852349,1.0,0.0,0.0,0.0,1.0,1.0,-3.0517578125e-05,-3.0517578125e-05,-3.0517578125e-05,-3.0517578125e-05,-3.0517578125e-05,-3.0517578125e-05,Z,1,2026-08-22_23-06-48,2026-08-23
1.0,1.0,0.9890510948905109,0.0,0.9932885906040269,1.0,0.0,0.0,0.0,1.0,1.0,-3.0517578125e-05,-3.0517578125e-05,-3.0517578125e-05,-3.0517578125e-05,-3.0517578125e-05,-3.0517578125e-05,Z,1,2026-08-22_23-06-48,2026-08-23
0.8745454545454545,1.0,0.8576642335766423,0.0,1.0,1.0,0.0,0.0,0.0,1.0,1.0,-3.0517578125e-05,-3.0517578125e-05,-3.0517578125e-05,-3.0517578125e-05,-3.0517578125e-05,-3.0517578125e-05,Z,1,2026-08-22_23-06-48,2026-08-23
0.8581818181818182,1.0,0.7554744525547445,0.0,1.0,1.0,0.0,0.0,0.0,1.0,1.0,-3.0517578125e-05,-3.0517578125e-05,-3.0517578125e-05,-3.0517578125e-05,-3.0517578125e-05,-3.0517578125e-05,Z,1,2026-08-22_23-06-48,2026-08-23
1.0,1.0,1.0,0.0,1.0,1.0,0.0,0.0,0.0,1.0,1.0,-3.0517578125e-05,-3.0517578125e-05,-3.0517578125e-05,-3.0517578125e-05,-3.0517578125e-05,-3.0517578125e-05,Z,1,2026-08-22_23-06-48,2026-08-23
1.0,1.0,0.9671532846715328,0.0,1.0,1.0,0.0,0.0,0.0,1.0,1.0,-3.0517578125e-05,-3.0517578125e-05,-3.0517578125e-05,-3.0517578125e-05,-3.0517578125e-05,-3.0517578125e-05,Z,1,2026-08-22_23-06-48,2026-08-23
0.9854545454545455,1.0,1.0,0.0,1.0,1.0,0.0,0.0,0.0,1.0,1.0,-3.0517578125e-05,-3.0517578125e-05,-3.0517578125e-05,-3.0517578125e-05,-3.0517578125e-05,-3.0517578125e-05,Z,1,2026-08-22_23-06-48,2026-08-23
0.9163636363636364,1.0,0.9963503649635036,0.0,1.0,1.0,0.0,0.0,0.0,1.0,1.0,-3.0517578125e-05,-3.0517578125e-05,-3.0517578125e-05,-3.0517578125e-05,-3.0517578125e-05,-3.0517578125e-05,Z,1,2026-08-22_23-06-48,2026-08-23
0.9890909090909091,1.0,0.843065693430657,0.0,1.0,1.0,0.0,0.0,0.0,1.0,1.0,-3.0517578125e-05,-3.0517578125e-05,-3.0517578125e-05,-3.0517578125e-05,-3.0517578125e-05,-3.0517578125e-05,Z,1,2026-08-22_23-06-48,2026-08-23
0.8909090909090909,1.0,0.781021897810219,0.0,1.0,1.0,0.0,0.0,0.0,1.0,1.0,-3.0517578125e-05,-3.0517578125e-05,-3.0517578125e-05,-3.0517578125e-05,-3.0517578125e-05,-3.0517578125e-05,Z,1,2026-08-22_23-06-48,2026-08-23
1.0,1.0,1.0,0.0,1.0,1.0,0.0,0.0,0.0,1.0,1.0,-3.0517578125e-05,-3.0517578125e-05,-3.0517578125e-05,-3.0517578125e-05,-3.0517578125e-05,-3.0517578125e-05,Z,1,2026-08-22_23-06-48,2026-08-23
1.0,1.0,1.0,0.0,1.0,1.0,0.0,0.0,0.0,1.0,1.0,-3.0517578125e-05,-3.0517578125e-05,-3.0517578125e-05,-3.0517578125e-05,-3.0517578125e-05,-3.0517578125e-05,Z,1,2026-08-22_23-06-48,2026-08-23
0.9363636363636364,1.0,0.8759124087591241,0.0,1.0,1.0,0.0,0.0,0.0,1.0,1.0,-3.0517578125e-05,-3.0517578125e-05,-3.0517578125e-05,-3.0517578125e-05,-3.0517578125e-05,-3.0517578125e-05,Z,1,2026-08-22_23-06-48,2026-08-23
0.68,0.8163265306122449,0.7591240875912408,0.0,1.0,1.0,0.0,0.0,0.0,1.0,1.0,-3.0517578125e-05,-3.0517578125e-05,-3.0517578125e-05,-3.0517578125e-05,-3.0517578125e-05,-3.0517578125e-05,Z,1,2026-08-22_23-06-48,2026-08-23
0.7381818181818182,1.0,1.0,0.29493087557603687,1.0,1.0,0.0,0.0,0.0,1.0,1.0,-3.0517578125e-05,-3.0517578125e-05,-3.0517578125e-05,-3.0517578125e-05,-3.0517578125e-05,-3.0517578125e-05,Z,1,2026-08-22_23-06-48,2026-08-23
1.0,1.0,0.27007299270072993,0.0,0.9664429530201343,1.0,0.0,0.0,0.0,1.0,1.0,-3.0517578125e-05,-3.0517578125e-05,-3.0517578125e-05,-3.0517578125e-05,-3.0517578125e-05,-3.0517578125e-05,Z,1,2026-08-22_23-06-48,2026-08-23
1.0,1.0,1.0,0.0,1.0,1.0,0.0,0.0,0.0,1.0,1.0,-3.0517578125e-05,-3.0517578125e-05,-3.0517578125e-05,-3.0517578125e-05,-3.0517578125e-05,-3.0517578125e-05,Z,1,2026-08-22_23-06-48,2026-08-23
0.92,1.0,0.5875912408759124,0.0,1.0,1.0,0.0,0.0,0.0,1.0,1.0,-3.0517578125e-05,-3.0517578125e-05,-3.0517578125e-05,-3.0517578125e-05,-3.0517578125e-05,-3.0517578125e-05,Z,1,2026-08-22_23-06-48,2026-08-23
0.8690909090909091,1.0,0.9525547445255474,0.0,1.0,1.0,0.0,0.0,0.0,1.0,1.0,-3.0517578125e-05,-3.0517578125e-05,-3.0517578125e-05,-3.0517578125e-05,-3.0517578125e-05,-3.0517578125e-05,Z,1,2026-08-22_23-06-48,2026-08-23
0.9636363636363636,1.0,0.9890510948905109,0.0,1.0,1.0,0.0,0.0,0.0,1.0,1.0,-3.0517578125e-05,-3.0517578125e-05,-3.0517578125e-05,-3.0517578125e-05,-3.0517578125e-05,-3.0517578125e-05,Z,1,2026-08-22_23-06-48,2026-08-23
0.9872727272727273,1.0,0.8722627737226277,0.0,1.0,1.0,0.0,0.0,0.0,1.0,1.0,-3.0517578125e-05,-3.0517578125e-05,-3.0517578125e-05,-3.0517578125e-05,-3.0517578125e-05,-3.0517578125e-05,Z,1,2026-08-22_23-06-48,2026-08-23
0.9418181818181818,1.0,0.8613138686131386,0.0,1.0,1.0,0.0,0.0,0.0,1.0,1.0,-3.0517578125e-05,-3.0517578125e-05,-3.0517578125e-05,-3.0517578125e-05,-3.0517578125e-05,-3.0517578125e-05,Z,1,2026-08-22_23-06-48,2026-08-23
0.8818181818181818,1.0,0.7992700729927007,0.0,1.0,1.0,0.0,0.0,0.0,1.0,1.0,-3.0517578125e-05,-3.0517578125e-05,-3.0517578125e-05,-3.0517578125e-05,-3.0517578125e-05,-3.0517578125e-05,Z,1,2026-08-22_23-06-48,2026-08-23
1.0,1.0,1.0,0.0,1.0,1.0,0.0,0.0,0.0,1.0,1.0,-3.0517578125e-05,-3.0517578125e-05,-3.0517578125e-05,-3.0517578125e-05,-3.0517578125e-05,-3.0517578125e-05,Z,1,2026-08-22_23-06-48,2026-08-23
0.9981818181818182,1.0,0.9708029197080292,0.0,1.0,1.0,0.0,0.0,0.0,1.0,1.0,-3.0517578125e-05,-3.0517578125e-05,-3.0517578125e-05,-3.0517578125e-05,-3.0517578125e-05,-3.0517578125e-05,Z,1,2026-08-22_23-06-48,2026-08-23
0.9981818181818182,1.0,0.8978102189781022,0.0,1.0,1.0,0.0,0.0,0.0,1.0,1.0,-3.0517578125e-05,-3.0517578125e-05,-3.0517578125e-05,-3.0517578125e-05,-3.0517578125e-05,-3.0517578125e-05,Z,1,2026-08-22_23-06-48,2026-08-23
0.9945454545454545,1.0,0.9197080291970803,0.0,1.0,1.0,0.0,0.0,0.0,1.0,1.0,-3.0517578125e-05,-3.0517578125e-05,-3.0517578125e-05,-3.0517578125e-05,-3.0517578125e-05,-3.0517578125e-05,Z,1,2026-08-22_23-06-48,2026-08-23
0.98,1.0,0.8540145985401459,0.0,1.0,1.0,0.0,0.0,0.0,1.0,1.0,-3.0517578125e-05,-3.0517578125e-05,-3.0517578125e-05,-3.0517578125e-05,-3.0517578125e-05,-3.0517578125e-05,Z,1,2026-08-22_23-06-48,2026-08-23
0.9290909090909091,1.0,0.9124087591240876,0.0,1.0,1.0,0.0,0.0,0.0,1.0,1.0,-3.0517578125e-05,-3.0517578125e-05,-3.0517578125e-05,-3.0517578125e-05,-3.0517578125e-05,-3.0517578125e-05,Z,1,2026-08-22_23-06-48,2026-08-23
0.9981818181818182,1.0,0.9744525547445255,0.0,1.0,1.0,0.0,0.0,0.0,1.0,0.0,-3.0517578125e-05,-3.0517578125e-05,-3.0517578125e-05,-3.0517578125e-05,-3.0517578125e-05,-3.0517578125e-05,Z,2,2026-08-22_23-06-48,2026-08-23
0.9854545454545455,1.0,0.9890510948905109,0.0,1.0,1.0,0.0,0.0,0.0,1.0,0.0,-3.0517578125e-05,-3.0517578125e-05,-3.0517578125e-05,-3.0517578125e-05,-3.0517578125e-05,-3.0517578125e-05,Z,2,2026-08-22_23-06-48,2026-08-23
1.0,1.0,0.9671532846715328,0.0,1.0,1.0,0.0,0.0,0.0,1.0,0.0,-3.0517578125e-05,-3.0517578125e-05,-3.0517578125e-05,-3.0517578125e-05,-3.0517578125e-05,-3.0517578125e-05,Z,2,2026-08-22_23-06-48,2026-08-23
1.0,1.0,1.0,0.0,0.42953020134228187,1.0,0.0,0.0,0.0,1.0,0.0,-3.0517578125e-05,-3.0517578125e-05,-3.0517578125e-05,-3.0517578125e-05,-3.0517578125e-05,-3.0517578125e-05,Z,2,2026-08-22_23-06-48,2026-08-23
0.9981818181818182,1.0,1.0,0.0,0.8053691275167785,1.0,0.0,0.0,0.0,1.0,0.0,-3.0517578125e-05,-3.0517578125e-05,-3.0517578125e-05,-3.0517578125e-05,-3.0517578125e-05,-3.0517578125e-05,Z,2,2026-08-22_23-06-48,2026-08-23
0.8781818181818182,1.0,0.8211678832116789,0.08755760368663594,1.0,1.0,0.0,0.0,0.0,1.0,0.0,-3.0517578125e-05,-3.0517578125e-05,-3.0517578125e-05,-3.0517578125e-05,-3.0517578125e-05,-3.0517578125e-05,Z,2,2026-08-22_23-06-48,2026-08-23
0.9945454545454545,1.0,0.9635036496350365,0.0,1.0,1.0,0.0,0.0,0.0,1.0,0.0,-3.0517578125e-05,-3.0517578125e-05,-3.0517578125e-05,-3.0517578125e-05,-3.0517578125e-05,-3.0517578125e-05,Z,2,2026-08-22_23-06-48,2026-08-23
0.9090909090909091,1.0,0.7737226277372263,0.07834101382488479,1.0,1.0,0.0,0.0,0.0,1.0,0.0,-3.0517578125e-05,-3.0517578125e-05,-3.0517578125e-05,-3.0517578125e-05,-3.0517578125e-05,-3.0517578125e-05,Z,2,2026-08-22_23-06-48,2026-08-23
0.9618181818181818,1.0,0.927007299270073,0.0,1.0,1.0,0.0,0.0,0.0,1.0,0.0,-3.0517578125e-05,-3.0517578125e-05,-3.0517578125e-05,-3.0517578125e-05,-3.0517578125e-05,-3.0517578125e-05,Z,2,2026-08-22_23-06-48,2026-08-23
1.0,1.0,1.0,0.0,1.0,1.0,0.0,0.0,0.0,1.0,0.0,-3.0517578125e-05,-3.0517578125e-05,-3.0517578125e-05,-3.0517578125e-05,-3.0517578125e-05,-3.0517578125e-05,Z,2,2026-08-22_23-06-48,2026-08-23
0.94,1.0,0.8722627737226277,0.20276497695852536,0.9261744966442953,1.0,0.0,0.0,0.0,1.0,0.0,-3.0517578125e-05,-3.0517578125e-05,-3.0517578125e-05,-3.0517578125e-05,-3.0517578125e-05,-3.0517578125e-05,Z,2,2026-08-22_23-06-48,2026-08-23
0.9090909090909091,1.0,0.9781021897810219,0.0,1.0,1.0,0.0,0.0,0.0,1.0,0.0,-3.0517578125e-05,-3.0517578125e-05,-3.0517578125e-05,-3.0517578125e-05,-3.0517578125e-05,-3.0517578125e-05,Z,2,2026-08-22_23-06-48,2026-08-23
0.8690909090909091,1.0,0.8248175182481752,0.0,1.0,1.0,0.0,0.0,0.0,1.0,0.0,-3.0517578125e-05,-3.0517578125e-05,-3.0517578125e-05,-3.0517578125e-05,-3.0517578125e-05,-3.0517578125e-05,Z,2,2026-08-22_23-06-48,2026-08-23
1.0,1.0,0.9927007299270073,0.0,1.0,1.0,0.0,0.0,0.0,1.0,0.0,-3.0517578125e-05,-3.0517578125e-05,-3.0517578125e-05,-3.0517578125e-05,-3.0517578125e-05,-3.0517578125e-05,Z,2,2026-08-22_23-06-48,2026-08-23
0.9454545454545454,1.0,0.9562043795620438,0.004608294930875576,1.0,1.0,0.0,0.0,0.0,1.0,0.0,-3.0517578125e-05,-3.0517578125e-05,-3.0517578125e-05,-3.0517578125e-05,-3.0517578125e-05,-3.0517578125e-05,Z,2,2026-08-22_23-06-48,2026-08-23
0.9581818181818181,1.0,1.0,0.0,0.8053691275167785,1.0,0.0,0.0,0.0,1.0,0.0,-3.0517578125e-05,-3.0517578125e-05,-3.0517578125e-05,-3.0517578125e-05,-3.0517578125e-05,-3.0517578125e-05,Z,2,2026-08-22_23-06-48,2026-08-23
0.9818181818181818,1.0,1.0,0.0,1.0,1.0,0.0,0.0,0.0,1.0,0.0,-3.0517578125e-05,-3.0517578125e-05,-3.0517578125e-05,-3.0517578125e-05,-3.0517578125e-05,-3.0517578125e-05,Z,2,2026-08-22_23-06-48,2026-08-23
1.0,1.0,1.0,0.0,1.0,1.0,0.0,0.0,0.0,1.0,0.0,-3.0517578125e-05,-3.0517578125e-05,-3.0517578125e-05,-3.0517578125e-05,-3.0517578125e-05,-3.0517578125e-05,Z,2,2026-08-22_23-06-48,2026-08-23
1.0,1.0,0.9306569343065694,0.0,1.0,1.0,0.0,0.0,0.0,1.0,0.0,-3.0517578125e-05,-3.0517578125e-05,-3.0517578125e-05,-3.0517578125e-05,-3.0517578125e-05,-3.0517578125e-05,Z,2,2026-08-22_23-06-48,2026-08-23
0.96,1.0,0.9671532846715328,0.0,0.9261744966442953,1.0,0.0,0.0,0.0,1.0,0.0,-3.0517578125e-05,-3.0517578125e-05,-3.0517578125e-05,-3.0517578125e-05,-3.0517578125e-05,-3.0517578125e-05,Z,2,2026-08-22_23-06-48,2026-08-23
1.0,1.0,1.0,0.027649769585253458,1.0,1.0,0.0,0.0,0.0,1.0,0.0,-3.0517578125e-05,-3.0517578125e-05,-3.0517578125e-05,-3.0517578125e-05,-3.0517578125e-05,-3.0517578125e-05,Z,2,2026-08-22_23-06-48,2026-08-23
0.7418181818181818,0.9659863945578231,0.916058394160584,0.1152073732718894,1.0,1.0,0.0,0.0,0.0,1.0,0.0,-3.0517578125e-05,-3.0517578125e-05,-3.0517578125e-05,-3.0517578125e-05,-3.0517578125e-05,-3.0517578125e-05,Z,2,2026-08-22_23-06-48,2026-08-23
1.0,1.0,1.0,0.0,0.8187919463087249,1.0,0.0,0.0,0.0,1.0,0.0,-3.0517578125e-05,-3.0517578125e-05,-3.0517578125e-05,-3.0517578125e-05,-3.0517578125e-05,-3.0517578125e-05,Z,2,2026-08-22_23-06-48,2026-08-23
0.8490909090909091,0.9166666666666666,0.5255474452554745,0.013824884792626729,1.0,1.0,0.0,0.0,0.0,1.0,0.0,-3.0517578125e-05,-3.0517578125e-05,-3.0517578125e-05,-3.0517578125e-05,-3.0517578125e-05,-3.0517578125e-05,Z,2,2026-08-22_23-06-48,2026-08-23
1.0,1.0,1.0,0.0,0.9395973154362416,1.0,0.0,0.0,0.0,1.0,0.0,-3.0517578125e-05,-3.0517578125e-05,-3.0517578125e-05,-3.0517578125e-05,-3.0517578125e-05,-3.0517578125e-05,Z,2,2026-08-22_23-06-48,2026-08-23
0.9872727272727273,1.0,1.0,0.0,1.0,1.0,0.0,0.0,0.0,1.0,0.0,-3.0517578125e-05,-3.0517578125e-05,-3.0517578125e-05,-3.0517578125e-05,-3.0517578125e-05,-3.0517578125e-05,Z,2,2026-08-22_23-06-48,2026-08-23
0.9127272727272727,1.0,0.5875912408759124,0.0,1.0,1.0,0.0,0.0,0.0,1.0,1.0,-3.0517578125e-05,-3.0517578125e-05,-3.0517578125e-05,-3.0517578125e-05,-3.0517578125e-05,-3.0517578125e-05,Z,2,2026-08-22_23-06-48,2026-08-23
0.9672727272727273,1.0,0.9598540145985401,0.0,0.8053691275167785,1.0,0.0,0.0,0.0,1.0,0.0,-3.0517578125e-05,-3.0517578125e-05,-3.0517578125e-05,-3.0517578125e-05,-3.0517578125e-05,-3.0517578125e-05,Z,2,2026-08-22_23-06-48,2026-08-23
0.9418181818181818,1.0,0.927007299270073,0.0,1.0,1.0,0.0,0.0,0.0,1.0,0.0,-3.0517578125e-05,-3.0517578125e-05,-3.0517578125e-05,-3.0517578125e-05,-3.0517578125e-05,-3.0517578125e-05,Z,2,2026-08-22_23-06-48,2026-08-23
1.0,1.0,0.9598540145985401,0.0,1.0,1.0,0.0,0.0,0.0,1.0,0.0,-3.0517578125e-05,-3.0517578125e-05,-3.0517578125e-05,-3.0517578125e-05,-3.0517578125e-05,-3.0517578125e-05,Z,2,2026-08-22_23-06-48,2026-08-23
1.0,1.0,0.9233576642335767,0.0,1.0,1.0,0.0,0.0,0.0,1.0,0.0,-3.0517578125e-05,-3.0517578125e-05,-3.0517578125e-05,-3.0517578125e-05,-3.0517578125e-05,-3.0517578125e-05,Z,2,2026-08-22_23-06-48,2026-08-23
1.0,1.0,0.9525547445255474,0.018433179723502304,1.0,1.0,0.0,0.0,0.0,1.0,0.0,-3.0517578125e-05,-3.0517578125e-05,-3.0517578125e-05,-3.0517578125e-05,-3.0517578125e-05,-3.0517578125e-05,Z,2,2026-08-22_23-06-48,2026-08-23
0.9563636363636364,1.0,0.8503649635036497,0.013824884792626729,1.0,1.0,0.0,0.0,0.0,1.0,0.0,-3.0517578125e-05,-3.0517578125e-05,-3.0517578125e-05,-3.0517578125e-05,-3.0517578125e-05,-3.0517578125e-05,Z,2,2026-08-22_23-06-48,2026-08-23
0.9727272727272728,1.0,0.9817518248175182,0.0,1.0,1.0,0.0,0.0,0.0,1.0,0.0,-3.0517578125e-05,-3.0517578125e-05,-3.0517578125e-05,-3.0517578125e-05,-3.0517578125e-05,-3.0517578125e-05,Z,2,2026-08-22_23-06-48,2026-08-23
0.9690909090909091,1.0,1.0,0.09216589861751152,1.0,1.0,0.0,0.0,0.0,1.0,0.0,-3.0517578125e-05,-3.0517578125e-05,-3.0517578125e-05,-3.0517578125e-05,-3.0517578125e-05,-3.0517578125e-05,Z,2,2026-08-22_23-06-48,2026-08-23
0.990909090909091,1.0,0.9927007299270073,0.0,1.0,1.0,0.0,0.0,0.0,1.0,0.0,-3.0517578125e-05,-3.0517578125e-05,-3.0517578125e-05,-3.0517578125e-05,-3.0517578125e-05,-3.0517578125e-05,Z,2,2026-08-22_23-06-48,2026-08-23
0.9654545454545455,1.0,0.843065693430657,0.0,1.0,1.0,0.0,0.0,0.0,1.0,0.0,-3.0517578125e-05,-3.0517578125e-05,-3.0517578125e-05,-3.0517578125e-05,-3.0517578125e-05,-3.0517578125e-05,Z,2,2026-08-22_23-06-48,2026-08-23
0.9836363636363636,1.0,0.9890510948905109,0.0,0.8053691275167785,1.0,0.0,0.0,0.0,1.0,0.0,-3.0517578125e-05,-3.0517578125e-05,-3.0517578125e-05,-3.0517578125e-05,-3.0517578125e-05,-3.0517578125e-05,Z,2,2026-08-22_23-06-48,2026-08-23
0.96,1.0,0.9671532846715328,0.11981566820276497,0.912751677852349,1.0,0.0,0.0,0.0,1.0,0.0,-3.0517578125e-05,-3.0517578125e-05,-3.0517578125e-05,-3.0517578125e-05,-3.0517578125e-05,-3.0517578125e-05,Z,2,2026-08-22_23-06-48,2026-08-23
0.9890909090909091,1.0,0.9343065693430657,0.0,0.8053691275167785,1.0,0.0,0.0,0.0,1.0,0.0,-3.0517578125e-05,-3.0517578125e-05,-3.0517578125e-05,-3.0517578125e-05,-3.0517578125e-05,-3.0517578125e-05,Z,2,2026-08-22_23-06-48,2026-08-23
1.0,1.0,1.0,0.0,0.8053691275167785,1.0,0.0,0.0,0.0,1.0,1.0,-3.0517578125e-05,-3.0517578125e-05,-3.0517578125e-05,-3.0517578125e-05,-3.0517578125e-05,-3.0517578125e-05,Z,3,2026-08-22_23-06-48,2026-08-23
1.0,1.0,0.5255474452554745,0.0,1.0,1.0,0.0,0.0,0.0,1.0,1.0,-3.0517578125e-05,-3.0517578125e-05,-3.0517578125e-05,-3.0517578125e-05,-3.0517578125e-05,-3.0517578125e-05,Z,3,2026-08-22_23-06-48,2026-08-23
0.8818181818181818,1.0,0.6277372262773723,0.0,0.8053691275167785,1.0,0.0,0.0,0.0,1.0,1.0,-3.0517578125e-05,-3.0517578125e-05,-3.0517578125e-05,-3.0517578125e-05,-3.0517578125e-05,-3.0517578125e-05,Z,3,2026-08-22_23-06-48,2026-08-23
1.0,1.0,0.6496350364963503,0.0,1.0,1.0,0.0,0.0,0.0,1.0,1.0,-3.0517578125e-05,-3.0517578125e-05,-3.0517578125e-05,-3.0517578125e-05,-3.0517578125e-05,-3.0517578125e-05,Z,3,2026-08-22_23-06-48,2026-08-23
0.9872727272727273,1.0,0.9452554744525548,0.0,1.0,1.0,0.0,0.0,0.0,1.0,1.0,-3.0517578125e-05,-3.0517578125e-05,-3.0517578125e-05,-3.0517578125e-05,-3.0517578125e-05,-3.0517578125e-05,Z,3,2026-08-22_23-06-48,2026-08-23
1.0,1.0,0.9854014598540146,0.0,1.0,1.0,0.0,0.0,0.0,1.0,1.0,-3.0517578125e-05,-3.0517578125e-05,-3.0517578125e-05,-3.0517578125e-05,-3.0517578125e-05,-3.0517578125e-05,Z,3,2026-08-22_23-06-48,2026-08-23
1.0,1.0,0.8905109489051095,0.0,1.0,1.0,0.0,0.0,0.0,1.0,1.0,-3.0517578125e-05,-3.0517578125e-05,-3.0517578125e-05,-3.0517578125e-05,-3.0517578125e-05,-3.0517578125e-05,Z,3,2026-08-22_23-06-48,2026-08-23
1.0,1.0,0.8759124087591241,0.0,1.0,1.0,0.0,0.0,0.0,1.0,1.0,-3.0517578125e-05,-3.0517578125e-05,-3.0517578125e-05,-3.0517578125e-05,-3.0517578125e-05,-3.0517578125e-05,Z,3,2026-08-22_23-06-48,2026-08-23
1.0,1.0,0.9890510948905109,0.027649769585253458,1.0,1.0,0.0,0.0,0.0,1.0,1.0,-3.0517578125e-05,-3.0517578125e-05,-3.0517578125e-05,-3.0517578125e-05,-3.0517578125e-05,-3.0517578125e-05,Z,3,2026-08-22_23-06-48,2026-08-23
1.0,1.0,0.9233576642335767,0.009216589861751152,1.0,1.0,0.0,0.0,0.0,1.0,1.0,-3.0517578125e-05,-3.0517578125e-05,-3.0517578125e-05,-3.0517578125e-05,-3.0517578125e-05,-3.0517578125e-05,Z,3,2026-08-22_23-06-48,2026-08-23
0.9981818181818182,1.0,0.9744525547445255,0.0,1.0,1.0,0.0,0.0,0.0,1.0,1.0,-3.0517578125e-05,-3.0517578125e-05,-3.0517578125e-05,-3.0517578125e-05,-3.0517578125e-05,-3.0517578125e-05,Z,3,2026-08-22_23-06-48,2026-08-23
1.0,1.0,1.0,0.0,1.0,1.0,0.0,0.0,0.0,1.0,1.0,-3.0517578125e-05,-3.0517578125e-05,-3.0517578125e-05,-3.0517578125e-05,-3.0517578125e-05,-3.0517578125e-05,Z,3,2026-08-22_23-06-48,2026-08-23
1.0,1.0,0.9124087591240876,0.0,1.0,1.0,0.0,0.0,0.0,1.0,1.0,-3.0517578125e-05,-3.0517578125e-05,-3.0517578125e-05,-3.0517578125e-05,-3.0517578125e-05,-3.0517578125e-05,Z,3,2026-08-22_23-06-48,2026-08-23
0.9581818181818181,1.0,0.9671532846715328,0.0,0.9664429530201343,1.0,0.0,0.0,0.0,1.0,1.0,-3.0517578125e-05,-3.0517578125e-05,-3.0517578125e-05,-3.0517578125e-05,-3.0517578125e-05,-3.0517578125e-05,Z,3,2026-08-22_23-06-48,2026-08-23
0.9836363636363636,1.0,0.9927007299270073,0.0,1.0,1.0,0.0,0.0,0.0,1.0,1.0,-3.0517578125e-05,-3.0517578125e-05,-3.0517578125e-05,-3.0517578125e-05,-3.0517578125e-05,-3.0517578125e-05,Z,3,2026-08-22_23-06-48,2026-08-23
0.9527272727272728,1.0,0.9306569343065694,0.0,1.0,1.0,0.0,0.0,0.0,1.0,1.0,-3.0517578125e-05,-3.0517578125e-05,-3.0517578125e-05,-3.0517578125e-05,-3.0517578125e-05,-3.0517578125e-05,Z,3,2026-08-22_23-06-48,2026-08-23
1.0,1.0,0.8832116788321168,0.0,1.0,1.0,0.0,0.0,0.0,1.0,1.0,-3.0517578125e-05,-3.0517578125e-05,-3.0517578125e-05,-3.0517578125e-05,-3.0517578125e-05,-3.0517578125e-05,Z,3,2026-08-22_23-06-48,2026-08-23
0.9436363636363636,1.0,0.8868613138686131,0.0,1.0,1.0,0.0,0.0,0.0,1.0,1.0,-3.0517578125e-05,-3.0517578125e-05,-3.0517578125e-05,-3.0517578125e-05,-3.0517578125e-05,-3.0517578125e-05,Z,3,2026-08-22_23-06-48,2026-08-23
0.9981818181818182,1.0,1.0,0.0,1.0,1.0,0.0,0.0,0.0,1.0,1.0,-3.0517578125e-05,-3.0517578125e-05,-3.0517578125e-05,-3.0517578125e-05,-3.0517578125e-05,-3.0517578125e-05,Z,3,2026-08-22_23-06-48,2026-08-23
1.0,1.0,0.7992700729927007,0.0,1.0,1.0,0.0,0.0,0.0,1.0,1.0,-3.0517578125e-05,-3.0517578125e-05,-3.0517578125e-05,-3.0517578125e-05,-3.0517578125e-05,-3.0517578125e-05,Z,3,2026-08-22_23-06-48,2026-08-23
1.0,1.0,0.7700729927007299,0.03225806451612903,1.0,1.0,0.0,0.0,0.0,1.0,1.0,-3.0517578125e-05,-3.0517578125e-05,-3.0517578125e-05,-3.0517578125e-05,-3.0517578125e-05,-3.0517578125e-05,Z,3,2026-08-22_23-06-48,2026-08-23
0.8945454545454545,1.0,1.0,0.0,0.9395973154362416,1.0,0.0,0.0,0.0,1.0,1.0,-3.0517578125e-05,-3.0517578125e-05,-3.0517578125e-05,-3.0517578125e-05,-3.0517578125e-05,-3.0517578125e-05,Z,3,2026-08-22_23-06-48,2026-08-23
0.8581818181818182,1.0,0.781021897810219,0.02304147465437788,0.8053691275167785,1.0,0.0,0.0,0.0,1.0,1.0,-3.0517578125e-05,-3.0517578125e-05,-3.0517578125e-05,-3.0517578125e-05,-3.0517578125e-05,-3.0517578125e-05,Z,3,2026-08-22_23-06-48,2026-08-23
0.8927272727272727,1.0,0.8759124087591241,0.0,0.9395973154362416,1.0,0.0,0.0,0.0,1.0,1.0,-3.0517578125e-05,-3.0517578125e-05,-3.0517578125e-05,-3.0517578125e-05,-3.0517578125e-05,-3.0517578125e-05,Z,3,2026-08-22_23-06-48,2026-08-23
0.8963636363636364,1.0,0.9379562043795621,0.0,1.0,1.0,0.0,0.0,0.0,1.0,1.0,-3.0517578125e-05,-3.0517578125e-05,-3.0517578125e-05,-3.0517578125e-05,-3.0517578125e-05,-3.0517578125e-05,Z,3,2026-08-22_23-06-48,2026-08-23
1.0,1.0,0.8868613138686131,0.0,1.0,1.0,0.0,0.0,0.0,1.0,1.0,-3.0517578125e-05,-3.0517578125e-05,-3.0517578125e-05,-3.0517578125e-05,-3.0517578125e-05,-3.0517578125e-05,Z,3,2026-08-22_23-06-48,2026-08-23
0.9090909090909091,1.0,0.948905109489051,0.02304147465437788,0.8053691275167785,1.0,0.0,0.0,0.0,1.0,1.0,-3.0517578125e-05,-3.0517578125e-05,-3.0517578125e-05,-3.0517578125e-05,-3.0517578125e-05,-3.0517578125e-05,Z,3,2026-08-22_23-06-48,2026-08-23
0.9145454545454546,1.0,0.7116788321167883,0.07373271889400922,1.0,1.0,0.0,0.0,0.0,1.0,1.0,-3.0517578125e-05,-3.0517578125e-05,-3.0517578125e-05,-3.0517578125e-05,-3.0517578125e-05,-3.0517578125e-05,Z,3,2026-08-22_23-06-48,2026-08-23
1.0,1.0,1.0,0.0,1.0,1.0,0.0,0.0,0.0,1.0,1.0,-3.0517578125e-05,-3.0517578125e-05,-3.0517578125e-05,-3.0517578125e-05,-3.0517578125e-05,-3.0517578125e-05,Z,3,2026-08-22_23-06-48,2026-08-23
0.8036363636363636,0.9285714285714286,0.9598540145985401,0.0,1.0,1.0,0.0,0.0,0.0,1.0,1.0,-3.0517578125e-05,-3.0517578125e-05,-3.0517578125e-05,-3.0517578125e-05,-3.0517578125e-05,-3.0517578125e-05,Z,3,2026-08-22_23-06-48,2026-08-23
1.0,1.0,0.8686131386861314,0.03225806451612903,1.0,1.0,0.0,0.0,0.0,1.0,1.0,-3.0517578125e-05,-3.0517578125e-05,-3.0517578125e-05,-3.0517578125e-05,-3.0517578125e-05,-3.0517578125e-05,Z,3,2026-08-22_23-06-48,2026-08-23
0.8818181818181818,1.0,0.8978102189781022,0.0,1.0,1.0,0.0,0.0,0.0,1.0,1.0,-3.0517578125e-05,-3.0517578125e-05,-3.0517578125e-05,-3.0517578125e-05,-3.0517578125e-05,-3.0517578125e-05,Z,3,2026-08-22_23-06-48,2026-08-23
1.0,1.0,0.8868613138686131,0.07373271889400922,1.0,1.0,0.0,0.0,0.0,1.0,1.0,-3.0517578125e-05,-3.0517578125e-05,-3.0517578125e-05,-3.0517578125e-05,-3.0517578125e-05,-3.0517578125e-05,Z,3,2026-08-22_23-06-48,2026-08-23
1.0,1.0,1.0,0.0,1.0,1.0,0.0,0.0,0.0,1.0,1.0,-3.0517578125e-05,-3.0517578125e-05,-3.0517578125e-05,-3.0517578125e-05,-3.0517578125e-05,-3.0517578125e-05,Z,3,2026-08-22_23-06-48,2026-08-23
0.9927272727272727,1.0,0.7627737226277372,0.0,0.8053691275167785,1.0,0.0,0.0,0.0,1.0,1.0,-3.0517578125e-05,-3.0517578125e-05,-3.0517578125e-05,-3.0517578125e-05,-3.0517578125e-05,-3.0517578125e-05,Z,3,2026-08-22_23-06-48,2026-08-23
1.0,1.0,1.0,0.0,1.0,1.0,0.0,0.0,0.0,1.0,1.0,-3.0517578125e-05,-3.0517578125e-05,-3.0517578125e-05,-3.0517578125e-05,-3.0517578125e-05,-3.0517578125e-05,Z,3,2026-08-22_23-06-48,2026-08-23
0.9781818181818182,1.0,0.8941605839416058,0.0,1.0,1.0,0.0,0.0,0.0,1.0,1.0,-3.0517578125e-05,-3.0517578125e-05,-3.0517578125e-05,-3.0517578125e-05,-3.0517578125e-05,-3.0517578125e-05,Z,3,2026-08-22_23-06-48,2026-08-23
0.9236363636363636,1.0,0.8503649635036497,0.0,1.0,1.0,0.0,0.0,0.0,1.0,1.0,-3.0517578125e-05,-3.0517578125e-05,-3.0517578125e-05,-3.0517578125e-05,-3.0517578125e-05,-3.0517578125e-05,Z,3,2026-08-22_23-06-48,2026-08-23
0.9672727272727273,1.0,1.0,0.5299539170506913,1.0,1.0,0.0,0.0,0.0,1.0,1.0,-3.0517578125e-05,-3.0517578125e-05,-3.0517578125e-05,-3.0517578125e-05,-3.0517578125e-05,-3.0517578125e-05,Z,3,2026-08-22_23-06-48,2026-08-23
1.0,1.0,0.9306569343065694,0.0,0.053691275167785234,1.0,0.0,0.0,0.0,1.0,1.0,-3.0517578125e-05,-3.0517578125e-05,-3.0517578125e-05,-3.0517578125e-05,-3.0517578125e-05,-3.0517578125e-05,Z,3,2026-08-22_23-06-48,2026-08-23
0.9418181818181818,1.0,1.0,0.29493087557603687,1.0,1.0,0.0,0.0,0.0,1.0,1.0,-3.0517578125e-05,-3.0517578125e-05,-3.0517578125e-05,-3.0517578125e-05,-3.0517578125e-05,-3.0517578125e-05,Z,4,2026-08-22_23-06-48,2026-08-23
1.0,1.0,1.0,0.2304147465437788,1.0,1.0,0.0,0.0,0.0,1.0,1.0,-3.0517578125e-05,-3.0517578125e-05,-3.0517578125e-05,-3.0517578125e-05,-3.0517578125e-05,-3.0517578125e-05,Z,4,2026-08-22_23-06-48,2026-08-23
1.0,1.0,1.0,0.0,1.0,1.0,0.0,0.0,0.0,1.0,1.0,-3.0517578125e-05,-3.0517578125e-05,-3.0517578125e-05,-3.0517578125e-05,-3.0517578125e-05,-3.0517578125e-05,Z,4,2026-08-22_23-06-48,2026-08-23
0.96,1.0,1.0,0.0,1.0,1.0,0.0,0.0,0.0,1.0,1.0,-3.0517578125e-05,-3.0517578125e-05,-3.0517578125e-05,-3.0517578125e-05,-3.0517578125e-05,-3.0517578125e-05,Z,4,2026-08-22_23-06-48,2026-08-23
0.9418181818181818,1.0,1.0,0.0967741935483871,1.0,1.0,0.0,0.0,0.0,1.0,1.0,-3.0517578125e-05,-3.0517578125e-05,-3.0517578125e-05,-3.0517578125e-05,-3.0517578125e-05,-3.0517578125e-05,Z,4,2026-08-22_23-06-48,2026-08-23
0.9,1.0,0.8905109489051095,0.009216589861751152,1.0,1.0,0.0,0.0,0.0,1.0,1.0,-3.0517578125e-05,-3.0517578125e-05,-3.0517578125e-05,-3.0517578125e-05,-3.0517578125e-05,-3.0517578125e-05,Z,4,2026-08-22_23-06-48,2026-08-23
1.0,1.0,1.0,0.08294930875576037,1.0,1.0,0.0,0.0,0.0,1.0,1.0,-3.0517578125e-05,-3.0517578125e-05,-3.0517578125e-05,-3.0517578125e-05,-3.0517578125e-05,-3.0517578125e-05,Z,4,2026-08-22_23-06-48,2026-08-23
1.0,1.0,0.9525547445255474,0.0,1.0,1.0,0.0,0.0,0.0,1.0,1.0,-3.0517578125e-05,-3.0517578125e-05,-3.0517578125e-05,-3.0517578125e-05,-3.0517578125e-05,-3.0517578125e-05,Z,4,2026-08-22_23-06-48,2026-08-23
1.0,1.0,0.9927007299270073,0.018433179723502304,1.0,1.0,0.0,0.0,0.0,1.0,1.0,-3.0517578125e-05,-3.0517578125e-05,-3.0517578125e-05,-3.0517578125e-05,-3.0517578125e-05,-3.0517578125e-05,Z,4,2026-08-22_23-06-48,2026-08-23
0.94,1.0,1.0,0.02304147465437788,1.0,1.0,0.0,0.0,0.0,1.0,1.0,-3.0517578125e-05,-3.0517578125e-05,-3.0517578125e-05,-3.0517578125e-05,-3.0517578125e-05,-3.0517578125e-05,Z,4,2026-08-22_23-06-48,2026-08-23
1.0,1.0,1.0,0.0,1.0,1.0,0.0,0.0,0.0,1.0,1.0,-3.0517578125e-05,-3.0517578125e-05,-3.0517578125e-05,-3.0517578125e-05,-3.0517578125e-05,-3.0517578125e-05,Z,4,2026-08-22_23-06-48,2026-08-23
1.0,1.0,1.0,0.0,1.0,1.0,0.0,0.0,0.0,1.0,1.0,-3.0517578125e-05,-3.0517578125e-05,-3.0517578125e-05,-3.0517578125e-05,-3.0517578125e-05,-3.0517578125e-05,Z,4,2026-08-22_23-06-48,2026-08-23
0.9127272727272727,1.0,0.9306569343065694,0.0,0.87248322147651,1.0,0.0,0.0,0.0,1.0,1.0,-3.0517578125e-05,-3.0517578125e-05,-3.0517578125e-05,-3.0517578125e-05,-3.0517578125e-05,-3.0517578125e-05,Z,4,2026-08-22_23-06-48,2026-08-23
1.0,1.0,1.0,0.041474654377880185,1.0,1.0,0.0,0.0,0.0,1.0,1.0,-3.0517578125e-05,-3.0517578125e-05,-3.0517578125e-05,-3.0517578125e-05,-3.0517578125e-05,-3.0517578125e-05,Z,4,2026-08-22_23-06-48,2026-08-23
0.9381818181818182,1.0,0.9379562043795621,0.0,1.0,1.0,0.0,0.0,0.0,1.0,1.0,-3.0517578125e-05,-3.0517578125e-05,-3.0517578125e-05,-3.0517578125e-05,-3.0517578125e-05,-3.0517578125e-05,Z,4,2026-08-22_23-06-48,2026-08-23
0.9836363636363636,1.0,1.0,0.29493087557603687,1.0,1.0,0.0,0.0,0.0,1.0,1.0,-3.0517578125e-05,-3.0517578125e-05,-3.0517578125e-05,-3.0517578125e-05,-3.0517578125e-05,-3.0517578125e-05,Z,4,2026-08-22_23-06-48,2026-08-23
0.9109090909090909,1.0,1.0,0.1935483870967742,1.0,1.0,0.0,0.0,0.0,1.0,1.0,-3.0517578125e-05,-3.0517578125e-05,-3.0517578125e-05,-3.0517578125e-05,-3.0517578125e-05,-3.0517578125e-05,Z,4,2026-08-22_23-06-48,2026-08-23
0.9981818181818182,1.0,1.0,0.0,1.0,1.0,0.0,0.0,0.0,1.0,1.0,-3.0517578125e-05,-3.0517578125e-05,-3.0517578125e-05,-3.0517578125e-05,-3.0517578125e-05,-3.0517578125e-05,Z,4,2026-08-22_23-06-48,2026-08-23
0.9109090909090909,1.0,0.8467153284671532,0.08294930875576037,1.0,1.0,0.0,0.0,0.0,1.0,1.0,-3.0517578125e-05,-3.0517578125e-05,-3.0517578125e-05,-3.0517578125e-05,-3.0517578125e-05,-3.0517578125e-05,Z,4,2026-08-22_23-06-48,2026-08-23
1.0,1.0,1.0,0.0,1.0,1.0,0.0,0.0,0.0,1.0,1.0,-3.0517578125e-05,-3.0517578125e-05,-3.0517578125e-05,-3.0517578125e-05,-3.0517578125e-05,-3.0517578125e-05,Z,4,2026-08-22_23-06-48,2026-08-23
1.0,1.0,0.9854014598540146,0.0,1.0,1.0,0.0,0.0,0.0,1.0,1.0,-3.0517578125e-05,-3.0517578125e-05,-3.0517578125e-05,-3.0517578125e-05,-3.0517578125e-05,-3.0517578125e-05,Z,4,2026-08-22_23-06-48,2026-08-23
1.0,0.9863945578231292,1.0,0.0,1.0,1.0,0.0,0.0,0.0,1.0,1.0,-3.0517578125e-05,-3.0517578125e-05,-3.0517578125e-05,-3.0517578125e-05,-3.0517578125e-05,-3.0517578125e-05,Z,4,2026-08-22_23-06-48,2026-08-23
0.98,1.0,0.9927007299270073,0.0,1.0,1.0,0.0,0.0,0.0,1.0,1.0,-3.0517578125e-05,-3.0517578125e-05,-3.0517578125e-05,-3.0517578125e-05,-3.0517578125e-05,-3.0517578125e-05,Z,4,2026-08-22_23-06-48,2026-08-23
0.9381818181818182,1.0,0.8686131386861314,0.0,1.0,1.0,0.0,0.0,0.0,1.0,1.0,-3.0517578125e-05,-3.0517578125e-05,-3.0517578125e-05,-3.0517578125e-05,-3.0517578125e-05,-3.0517578125e-05,Z,4,2026-08-22_23-06-48,2026-08-23
1.0,1.0,0.9817518248175182,0.0,0.8053691275167785,1.0,0.0,0.0,0.0,1.0,1.0,-3.0517578125e-05,-3.0517578125e-05,-3.0517578125e-05,-3.0517578125e-05,-3.0517578125e-05,-3.0517578125e-05,Z,4,2026-08-22_23-06-48,2026-08-23
0.8545454545454545,1.0,0.9087591240875912,0.0967741935483871,1.0,1.0,0.0,0.0,0.0,1.0,1.0,-3.0517578125e-05,-3.0517578125e-05,-3.0517578125e-05,-3.0517578125e-05,-3.0517578125e-05,-3.0517578125e-05,Z,4,2026-08-22_23-06-48,2026-08-23
0.8254545454545454,1.0,1.0,0.1889400921658986,0.8053691275167785,1.0,0.0,0.0,0.0,1.0,1.0,-3.0517578125e-05,-3.0517578125e-05,-3.0517578125e-05,-3.0517578125e-05,-3.0517578125e-05,-3.0517578125e-05,Z,4,2026-08-22_23-06-48,2026-08-23
1.0,1.0,0.9343065693430657,0.19815668202764977,1.0,1.0,0.0,0.0,0.0,1.0,1.0,-3.0517578125e-05,-3.0517578125e-05,-3.0517578125e-05,-3.0517578125e-05,-3.0517578125e-05,-3.0517578125e-05,Z,4,2026-08-22_23-06-48,2026-08-23
0.990909090909091,1.0,0.9635036496350365,0.004608294930875576,1.0,1.0,0.0,0.0,0.0,1.0,1.0,-3.0517578125e-05,-3.0517578125e-05,-3.0517578125e-05,-3.0517578125e-05,-3.0517578125e-05,-3.0517578125e-05,Z,4,2026-08-22_23-06-48,2026-08-23
0.9981818181818182,1.0,0.9525547445255474,0.0,1.0,1.0,0.0,0.0,0.0,1.0,1.0,-3.0517578125e-05,-3.0517578125e-05,-3.0517578125e-05,-3.0517578125e-05,-3.0517578125e-05,-3.0517578125e-05,Z,4,2026-08-22_23-06-48,2026-08-23
0.9345454545454546,1.0,0.7591240875912408,0.0,1.0,1.0,0.0,0.0,0.0,1.0,1.0,-3.0517578125e-05,-3.0517578125e-05,-3.0517578125e-05,-3.0517578125e-05,-3.0517578125e-05,-3.0517578125e-05,Z,4,2026-08-22_23-06-48,2026-08-23
0.9454545454545454,1.0,0.8138686131386861,0.018433179723502304,1.0,1.0,0.0,0.0,0.0,1.0,1.0,-3.0517578125e-05,-3.0517578125e-05,-3.0517578125e-05,-3.0517578125e-05,-3.0517578125e-05,-3.0517578125e-05,Z,4,2026-08-22_23-06-48,2026-08-23
0.9290909090909091,1.0,1.0,0.0,1.0,1.0,0.0,0.0,0.0,1.0,1.0,-3.0517578125e-05,-3.0517578125e-05,-3.0517578125e-05,-3.0517578125e-05,-3.0517578125e-05,-3.0517578125e-05,Z,4,2026-08-22_23-06-48,2026-08-23
1.0,1.0,0.8576642335766423,0.0,1.0,1.0,0.0,0.0,0.0,1.0,1.0,-3.0517578125e-05,-3.0517578125e-05,-3.0517578125e-05,-3.0517578125e-05,-3.0517578125e-05,-3.0517578125e-05,Z,4,2026-08-22_23-06-48,2026-08-23
0.9381818181818182,1.0,1.0,0.0,1.0,1.0,0.0,0.0,0.0,1.0,1.0,-3.0517578125e-05,-3.0517578125e-05,-3.0517578125e-05,-3.0517578125e-05,-3.0517578125e-05,-3.0517578125e-05,Z,4,2026-08-22_23-06-48,2026-08-23
1.0,1.0,1.0,0.11059907834101383,0.8053691275167785,1.0,0.0,0.0,0.0,1.0,1.0,-3.0517578125e-05,-3.0517578125e-05,-3.0517578125e-05,-3.0517578125e-05,-3.0517578125e-05,-3.0517578125e-05,Z,4,2026-08-22_23-06-48,2026-08-23
0.9945454545454545,1.0,0.6642335766423357,0.0,0.42953020134228187,1.0,0.0,0.0,0.0,1.0,1.0,-3.0517578125e-05,-3.0517578125e-05,-3.0517578125e-05,-3.0517578125e-05,-3.0517578125e-05,-3.0517578125e-05,Z,4,2026-08-22_23-06-48,2026-08-23
0.8654545454545455,0.9438775510204082,0.8138686131386861,0.12903225806451613,1.0,1.0,0.0,0.0,0.0,1.0,1.0,-3.0517578125e-05,-3.0517578125e-05,-3.0517578125e-05,-3.0517578125e-05,-3.0517578125e-05,-3.0517578125e-05,Z,4,2026-08-22_23-06-48,2026-08-23
0.82,1.0,0.864963503649635,0.2119815668202765,1.0,1.0,0.0,0.0,0.0,1.0,1.0,-3.0517578125e-05,-3.0517578125e-05,-3.0517578125e-05,-3.0517578125e-05,-3.0517578125e-05,-3.0517578125e-05,Z,4,2026-08-22_23-06-48,2026-08-23
0.8363636363636363,1.0,1.0,0.16589861751152074,1.0,1.0,0.0,0.0,0.0,1.0,1.0,-3.0517578125e-05,-3.0517578125e-05,-3.0517578125e-05,-3.0517578125e-05,-3.0517578125e-05,-3.0517578125e-05,Z,4,2026-08-22_23-06-48,2026-08-23
