flex_pinky,flex_ring,flex_middle,flex_index,flex_thumb,touch_index,touch_middle,touch_ring,touch_pinky,touch_r,touch_u,ax,ay,az,gx,gy,gz,label,rep,session,day
1.0,0.8660229330114665,1.0,1.0,0.0,1.0,1.0,1.0,0.0,1.0,0.0,0.541259765625,0.0872802734375,0.0849609375,-0.02197265625,-0.020355224609375,0.016754150390625,M,0,2026-08-24_23-25-27,2026-08-25
1.0,0.8672299336149668,1.0,1.0,0.0,1.0,1.0,1.0,0.0,1.0,0.0,0.554931640625,0.09716796875,0.081298828125,-0.028411865234375,-0.02117919921875,0.013946533203125,M,0,2026-08-24_23-25-27,2026-08-25
1.0,0.8648159324079662,0.9774774774774775,1.0,0.0,1.0,1.0,1.0,0.0,1.0,0.0,0.5506591796875,0.107177734375,0.0836181640625,-0.023468017578125,-0.025146484375,0.01507568359375,M,0,2026-08-24_23-25-27,2026-08-25
1.0,0.8684369342184671,0.9797297297297297,1.0,0.0,1.0,1.0,1.0,0.0,1.0,0.0,0.5472412109375,0.0980224609375,0.0775146484375,-0.012725830078125,-0.0250244140625,0.01409912109375,M,0,2026-08-24_23-25-27,2026-08-25
1.0,0.8877489438744719,0.9774774774774775,1.0,0.0,1.0,1.0,1.0,0.0,1.0,0.0,0.5521240234375,0.094970703125,0.0762939453125,-0.003143310546875,-0.018707275390625,0.012939453125,M,0,2026-08-24_23-25-27,2026-08-25
1.0,0.8901629450814725,1.0,1.0,0.0,1.0,1.0,1.0,0.0,1.0,0.0,0.5557861328125,0.0928955078125,0.0814208984375,-0.006378173828125,-0.02008056640625,0.010498046875,M,0,2026-08-24_23-25-27,2026-08-25
1.0,0.8648159324079662,1.0,1.0,0.0,1.0,1.0,1.0,0.0,1.0,0.0,0.556396484375,0.092529296875,0.06884765625,-0.012451171875,-0.0216064453125,0.00897216796875,M,0,2026-08-24_23-25-27,2026-08-25
1.0,0.8648159324079662,1.0,1.0,0.0,1.0,1.0,1.0,0.0,1.0,0.0,0.5550537109375,0.09423828125,0.0682373046875,-0.016021728515625,-0.02215576171875,0.00579833984375,M,0,2026-08-24_23-25-27,2026-08-25
1.0,0.8648159324079662,1.0,1.0,0.0,1.0,1.0,1.0,0.0,1.0,0.0,0.556640625,0.10107421875,0.0692138671875,-0.015594482421875,-0.022735595703125,0.00225830078125,M,0,2026-08-24_23-25-27,2026-08-25
1.0,0.8696439348219674,1.0,1.0,0.0,1.0,1.0,1.0,0.0,1.0,0.0,0.5567626953125,0.1075439453125,0.0662841796875,-0.015289306640625,-0.015350341796875,-0.000701904296875,M,0,2026-08-24_23-25-27,2026-08-25
1.0,0.8708509354254678,1.0,1.0,0.0,1.0,1.0,1.0,0.0,1.0,0.0,0.5599365234375,0.107421875,0.070556640625,-0.008636474609375,-0.0201416015625,0.000885009765625,M,0,2026-08-24_23-25-27,2026-08-25
1.0,0.8636089318044659,1.0,1.0,0.0,1.0,1.0,1.0,0.0,1.0,0.0,0.55126953125,0.105712890625,0.063232421875,-0.009613037109375,-0.016021728515625,-0.0047607421875,M,0,2026-08-24_23-25-27,2026-08-25
1.0,0.8660229330114665,1.0,1.0,0.0,1.0,1.0,1.0,0.0,1.0,0.0,0.5504150390625,0.112548828125,0.06005859375,-0.009490966796875,-0.00762939453125,-0.009552001953125,M,0,2026-08-24_23-25-27,2026-08-25
1.0,0.8672299336149668,1.0,1.0,0.0,1.0,1.0,1.0,0.0,1.0,0.0,0.54833984375,0.117919921875,0.0655517578125,-0.017852783203125,-0.0054931640625,-0.00872802734375,M,0,2026-08-24_23-25-27,2026-08-25
1.0,0.8756789378394689,1.0,1.0,0.0,1.0,1.0,1.0,0.0,1.0,0.0,0.550537109375,0.1224365234375,0.0589599609375,-0.018798828125,-0.008636474609375,-0.00408935546875,M,0,2026-08-24_23-25-27,2026-08-25
1.0,0.8829209414604707,1.0,1.0,0.0,1.0,1.0,1.0,0.0,1.0,0.0,0.54833984375,0.12255859375,0.0604248046875,-0.01300048828125,-0.01422119140625,0.000762939453125,M,0,2026-08-24_23-25-27,2026-08-25
1.0,0.8913699456849729,1.0,1.0,0.0,1.0,1.0,1.0,0.0,1.0,0.0,0.539306640625,0.109130859375,0.0506591796875,-0.011749267578125,-0.001068115234375,0.000762939453125,M,0,2026-08-24_23-25-27,2026-08-25
1.0,0.896197948098974,1.0,1.0,0.0,1.0,1.0,1.0,0.0,1.0,0.0,0.538818359375,0.113525390625,0.05712890625,-0.016082763671875,0.00347900390625,0.001007080078125,M,0,2026-08-24_23-25-27,2026-08-25
1.0,0.8865419432709717,1.0,1.0,0.0,1.0,1.0,1.0,0.0,1.0,0.0,0.5423583984375,0.1072998046875,0.0638427734375,-0.015960693359375,-0.0009765625,0.00567626953125,M,0,2026-08-24_23-25-27,2026-08-25
1.0,0.8853349426674714,1.0,1.0,0.0,1.0,1.0,1.0,0.0,1.0,0.0,0.5384521484375,0.109619140625,0.0648193359375,-0.017822265625,-0.005035400390625,0.007354736328125,M,0,2026-08-24_23-25-27,2026-08-25
1.0,0.8865419432709717,1.0,1.0,0.0,1.0,1.0,1.0,0.0,1.0,0.0,0.531982421875,0.100341796875,0.0662841796875,-0.016632080078125,-0.00469970703125,0.006072998046875,M,0,2026-08-24_23-25-27,2026-08-25
1.0,0.884127942063971,1.0,1.0,0.0,1.0,1.0,1.0,0.0,1.0,0.0,0.535888671875,0.1058349609375,0.0712890625,-0.0198974609375,0.00128173828125,0.00457763671875,M,0,2026-08-24_23-25-27,2026-08-25
1.0,0.8865419432709717,1.0,1.0,0.0,1.0,1.0,1.0,0.0,1.0,0.0,0.5423583984375,0.1072998046875,0.0703125,-0.020355224609375,-0.000274658203125,0.0067138671875,M,0,2026-08-24_23-25-27,2026-08-25
1.0,0.8901629450814725,1.0,1.0,0.0,1.0,1.0,1.0,0.0,1.0,0.0,0.54345703125,0.1048583984375,0.07177734375,-0.012939453125,0.001251220703125,0.005157470703125,M,0,2026-08-24_23-25-27,2026-08-25
1.0,0.8768859384429692,0.963963963963964,1.0,0.0,1.0,1.0,1.0,0.0,1.0,0.0,0.54443359375,0.11181640625,0.0772705078125,-0.013031005859375,-0.004058837890625,0.005462646484375,M,0,2026-08-24_23-25-27,2026-08-25
1.0,0.8732649366324683,0.9752252252252253,1.0,0.0,1.0,1.0,1.0,0.0,1.0,0.0,0.5411376953125,0.11474609375,0.07958984375,-0.012298583984375,-0.001861572265625,0.012359619140625,M,0,2026-08-24_23-25-27,2026-08-25
1.0,0.872057936028968,0.9459459459459459,1.0,0.0,1.0,1.0,1.0,0.0,1.0,0.0,0.548095703125,0.1015625,0.0787353515625,-0.01678466796875,0.001495361328125,0.013275146484375,M,0,2026-08-24_23-25-27,2026-08-25
1.0,0.8901629450814725,1.0,1.0,0.0,1.0,1.0,1.0,0.0,1.0,0.0,0.553955078125,0.1038818359375,0.078369140625,-0.015716552734375,-0.003082275390625,0.0113525390625,M,0,2026-08-24_23-25-27,2026-08-25
1.0,0.8648159324079662,1.0,1.0,0.0,1.0,1.0,1.0,0.0,1.0,0.0,0.5489501953125,0.096435546875,0.0657958984375,-0.00482177734375,-0.008544921875,0.01239013671875,M,0,2026-08-24_23-25-27,2026-08-25
1.0,0.8636089318044659,1.0,1.0,0.0,1.0,1.0,1.0,0.0,1.0,0.0,0.5467529296875,0.1026611328125,0.078369140625,-0.011810302734375,-0.00787353515625,0.008209228515625,M,0,2026-08-24_23-25-27,2026-08-25
1.0,0.8624019312009656,0.954954954954955,1.0,0.0,1.0,1.0,1.0,0.0,1.0,0.0,0.54345703125,0.1011962890625,0.079345703125,-0.0135498046875,-0.006805419921875,0.0107421875,M,0,2026-08-24_23-25-27,2026-08-25
1.0,0.8624019312009656,0.9617117117117117,1.0,0.0,1.0,1.0,1.0,0.0,1.0,0.0,0.5491943359375,0.104248046875,0.0767822265625,-0.01678466796875,-0.00830078125,0.0103759765625,M,0,2026-08-24_23-25-27,2026-08-25
1.0,0.8611949305974653,0.972972972972973,1.0,0.0,1.0,1.0,1.0,0.0,1.0,0.0,0.5491943359375,0.099365234375,0.0830078125,-0.003570556640625,-0.012786865234375,0.010040283203125,M,0,2026-08-24_23-25-27,2026-08-25
1.0,0.859987929993965,1.0,1.0,0.0,1.0,1.0,1.0,0.0,1.0,0.0,0.5450439453125,0.0914306640625,0.0714111328125,0.0103759765625,-0.010650634765625,0.008880615234375,M,0,2026-08-24_23-25-27,2026-08-25
1.0,0.8684369342184671,1.0,1.0,0.0,1.0,1.0,1.0,0.0,1.0,0.0,0.5474853515625,0.095458984375,0.066162109375,-0.00286865234375,-0.009857177734375,0.001068115234375,M,0,2026-08-24_23-25-27,2026-08-25
1.0,0.8648159324079662,1.0,1.0,0.0,1.0,1.0,1.0,0.0,1.0,0.0,0.541015625,0.1104736328125,0.0679931640625,-0.014495849609375,-0.014556884765625,0.00457763671875,M,0,2026-08-24_23-25-27,2026-08-25
1.0,0.8660229330114665,1.0,1.0,0.0,1.0,1.0,1.0,0.0,1.0,0.0,0.5465087890625,0.0965576171875,0.074951171875,-0.018951416015625,-0.01123046875,0.000823974609375,M,0,2026-08-24_23-25-27,2026-08-25
1.0,0.8889559444779722,1.0,1.0,0.0,1.0,1.0,1.0,0.0,1.0,0.0,0.54931640625,0.115478515625,0.07177734375,-0.009490966796875,-0.010040283203125,0.00372314453125,M,0,2026-08-24_23-25-27,2026-08-25
1.0,0.8768859384429692,0.9662162162162162,1.0,0.0,1.0,1.0,1.0,0.0,1.0,0.0,0.5428466796875,0.1016845703125,0.0643310546875,0.00433349609375,-0.0155029296875,0.009918212890625,M,0,2026-08-24_23-25-27,2026-08-25
1.0,0.8829209414604707,0.9662162162162162,1.0,0.0,1.0,1.0,1.0,0.0,1.0,0.0,0.54296875,0.111572265625,0.0701904296875,0.003204345703125,-0.01068115234375,0.009185791015625,M,0,2026-08-24_23-25-27,2026-08-25
1.0,1.0,1.0,1.0,0.050955414012738856,1.0,1.0,1.0,0.0,1.0,0.0,0.5478515625,0.1348876953125,0.0631103515625,0.01300048828125,0.011566162109375,0.0194091796875,M,1,2026-08-24_23-25-27,2026-08-25
1.0,1.0,1.0,1.0,0.0,1.0,1.0,1.0,0.0,1.0,0.0,0.5469970703125,0.10888671875,0.0296630859375,0.0277099609375,0.007537841796875,0.019927978515625,M,1,2026-08-24_23-25-27,2026-08-25
1.0,1.0,1.0,1.0,0.0,1.0,1.0,1.0,0.0,1.0,0.0,0.5428466796875,0.101806640625,0.037841796875,0.001434326171875,0.014678955078125,0.008758544921875,M,1,2026-08-24_23-25-27,2026-08-25
1.0,0.9625829812914907,1.0,1.0,0.050955414012738856,1.0,1.0,1.0,0.0,1.0,0.0,0.534423828125,0.1226806640625,0.031005859375,-0.01336669921875,0.0245361328125,0.008056640625,M,1,2026-08-24_23-25-27,2026-08-25
1.0,0.9915509957754979,1.0,1.0,0.14012738853503184,1.0,1.0,1.0,0.0,1.0,0.0,0.5450439453125,0.117431640625,0.0687255859375,-0.021087646484375,0.02386474609375,0.016448974609375,M,1,2026-08-24_23-25-27,2026-08-25
1.0,1.0,1.0,1.0,0.0,1.0,1.0,1.0,0.0,1.0,0.0,0.5546875,0.11865234375,0.053955078125,-0.02728271484375,0.001678466796875,0.0157470703125,M,1,2026-08-24_23-25-27,2026-08-25
1.0,1.0,1.0,1.0,0.0,1.0,1.0,1.0,0.0,1.0,0.0,0.5516357421875,0.1248779296875,0.0482177734375,-0.0257568359375,-0.006103515625,0.010955810546875,M,1,2026-08-24_23-25-27,2026-08-25
1.0,1.0,1.0,1.0,0.0,1.0,1.0,1.0,0.0,1.0,0.0,0.54736328125,0.118896484375,0.0460205078125,-0.0185546875,0.000274658203125,0.00921630859375,M,1,2026-08-24_23-25-27,2026-08-25
1.0,0.9480989740494871,1.0,1.0,0.0,1.0,1.0,1.0,0.0,1.0,0.0,0.542724609375,0.126708984375,0.055908203125,-0.011474609375,0.00225830078125,0.010772705078125,M,1,2026-08-24_23-25-27,2026-08-25
1.0,0.996378998189499,1.0,1.0,0.025477707006369428,1.0,1.0,1.0,0.0,1.0,0.0,0.546630859375,0.111083984375,0.0528564453125,-0.014984130859375,0.011077880859375,0.010162353515625,M,1,2026-08-24_23-25-27,2026-08-25
1.0,0.9480989740494871,1.0,1.0,0.07643312101910828,1.0,1.0,1.0,0.0,1.0,0.0,0.5489501953125,0.1182861328125,0.0574951171875,-0.018524169921875,-0.003631591796875,0.009613037109375,M,1,2026-08-24_23-25-27,2026-08-25
1.0,0.9420639710319855,1.0,1.0,0.06369426751592357,1.0,1.0,1.0,0.0,1.0,0.0,0.54736328125,0.1138916015625,0.0528564453125,-0.013214111328125,-0.0140380859375,0.012603759765625,M,1,2026-08-24_23-25-27,2026-08-25
1.0,1.0,1.0,1.0,0.0,1.0,1.0,1.0,0.0,1.0,0.0,0.541259765625,0.115478515625,0.04833984375,-0.01080322265625,-0.0098876953125,0.011138916015625,M,1,2026-08-24_23-25-27,2026-08-25
1.0,1.0,1.0,1.0,0.0,1.0,1.0,1.0,0.0,1.0,0.0,0.54443359375,0.107666015625,0.046142578125,-0.008758544921875,0.0013427734375,0.008880615234375,M,1,2026-08-24_23-25-27,2026-08-25
1.0,1.0,1.0,1.0,0.0,1.0,1.0,1.0,0.0,1.0,0.0,0.5557861328125,0.120849609375,0.0440673828125,-0.01666259765625,-0.005615234375,0.0091552734375,M,1,2026-08-24_23-25-27,2026-08-25
1.0,1.0,1.0,1.0,0.025477707006369428,1.0,1.0,1.0,0.0,1.0,0.0,0.54736328125,0.10205078125,0.0435791015625,-0.01116943359375,-0.009002685546875,0.00494384765625,M,1,2026-08-24_23-25-27,2026-08-25
1.0,1.0,1.0,1.0,0.0,1.0,1.0,1.0,0.0,1.0,0.0,0.5498046875,0.113525390625,0.047119140625,-0.029083251953125,-0.015960693359375,-0.002166748046875,M,1,2026-08-24_23-25-27,2026-08-25
1.0,1.0,1.0,1.0,0.0,1.0,1.0,1.0,0.0,1.0,0.0,0.5428466796875,0.1219482421875,0.040771484375,-0.01318359375,-0.00677490234375,0.001068115234375,M,1,2026-08-24_23-25-27,2026-08-25
1.0,0.963789981894991,0.990990990990991,1.0,0.08917197452229299,1.0,1.0,1.0,0.0,1.0,0.0,0.5423583984375,0.11474609375,0.04248046875,-0.0120849609375,-0.008270263671875,0.001983642578125,M,1,2026-08-24_23-25-27,2026-08-25
1.0,0.9927579963789982,1.0,1.0,0.11464968152866242,1.0,1.0,1.0,0.0,1.0,0.0,0.5511474609375,0.1248779296875,0.0439453125,-0.01263427734375,-0.00579833984375,0.00341796875,M,1,2026-08-24_23-25-27,2026-08-25
1.0,0.9408569704284853,1.0,1.0,0.0,1.0,1.0,1.0,0.0,1.0,0.0,0.5496826171875,0.10595703125,0.0523681640625,-0.012786865234375,-0.015472412109375,0.00323486328125,M,1,2026-08-24_23-25-27,2026-08-25
1.0,0.9420639710319855,0.990990990990991,1.0,0.0,1.0,1.0,1.0,0.0,1.0,0.0,0.5406494140625,0.123291015625,0.0452880859375,-0.018096923828125,-0.015625,0.000396728515625,M,1,2026-08-24_23-25-27,2026-08-25
1.0,0.936028968014484,1.0,1.0,0.0,1.0,1.0,1.0,0.0,1.0,0.0,0.5400390625,0.11474609375,0.0303955078125,-0.0174560546875,0.000335693359375,6.103515625e-05,M,1,2026-08-24_23-25-27,2026-08-25
1.0,0.9336149668074833,0.9842342342342343,1.0,0.0,1.0,1.0,1.0,0.0,1.0,0.0,0.549072265625,0.1219482421875,0.0491943359375,-0.025909423828125,-0.003173828125,0.000152587890625,M,1,2026-08-24_23-25-27,2026-08-25
1.0,0.9384429692214846,0.9819819819819819,1.0,0.0,1.0,1.0,1.0,0.0,1.0,0.0,0.551025390625,0.121337890625,0.0501708984375,-0.0206298828125,-0.0052490234375,0.004974365234375,M,1,2026-08-24_23-25-27,2026-08-25
1.0,0.9384429692214846,0.9774774774774775,1.0,0.012738853503184714,1.0,1.0,1.0,0.0,1.0,0.0,0.5426025390625,0.11279296875,0.0526123046875,-0.028533935546875,-0.022918701171875,0.00360107421875,M,1,2026-08-24_23-25-27,2026-08-25
1.0,0.9275799637899819,0.9819819819819819,1.0,0.0,1.0,1.0,1.0,0.0,1.0,0.0,0.532470703125,0.116455078125,0.0380859375,-0.03192138671875,-0.00555419921875,-0.0003662109375,M,1,2026-08-24_23-25-27,2026-08-25
1.0,0.996378998189499,0.9842342342342343,1.0,0.0,1.0,1.0,1.0,0.0,1.0,0.0,0.544677734375,0.110107421875,0.04541015625,-0.03143310546875,-0.000762939453125,-0.001495361328125,M,1,2026-08-24_23-25-27,2026-08-25
1.0,0.9867229933614967,0.9752252252252253,1.0,0.0,1.0,1.0,1.0,0.0,1.0,0.0,0.552490234375,0.1112060546875,0.05517578125,-0.0543212890625,-0.002044677734375,-0.008026123046875,M,1,2026-08-24_23-25-27,2026-08-25
1.0,1.0,0.9932432432432432,1.0,0.03821656050955414,1.0,1.0,1.0,0.0,1.0,0.0,0.5418701171875,0.0955810546875,0.0516357421875,-0.09735107421875,-0.00604248046875,-0.0244140625,M,1,2026-08-24_23-25-27,2026-08-25
1.0,1.0,0.9752252252252253,1.0,0.0,1.0,1.0,1.0,0.0,1.0,0.0,0.538330078125,0.12451171875,0.052978515625,-0.124603271484375,-0.0135498046875,-0.028717041015625,M,1,2026-08-24_23-25-27,2026-08-25
1.0,1.0,0.9774774774774775,1.0,0.03821656050955414,1.0,1.0,1.0,0.0,1.0,0.0,0.5438232421875,0.1278076171875,0.0489501953125,-0.10638427734375,-0.009368896484375,-0.021514892578125,M,1,2026-08-24_23-25-27,2026-08-25
1.0,1.0,0.9819819819819819,1.0,0.0,1.0,1.0,1.0,0.0,1.0,0.0,0.5528564453125,0.126953125,0.072021484375,-0.09442138671875,-0.009613037109375,-0.019927978515625,M,1,2026-08-24_23-25-27,2026-08-25
1.0,0.9589619794809897,0.9819819819819819,1.0,0.0,1.0,1.0,1.0,0.0,1.0,0.0,0.542724609375,0.1431884765625,0.054931640625,-0.05877685546875,-0.019866943359375,-0.011688232421875,M,1,2026-08-24_23-25-27,2026-08-25
1.0,0.9975859987929994,0.9752252252252253,1.0,0.08917197452229299,1.0,1.0,1.0,0.0,1.0,0.0,0.535400390625,0.140625,0.0357666015625,-0.023162841796875,-0.011810302734375,-0.00384521484375,M,1,2026-08-24_23-25-27,2026-08-25
1.0,0.9263729631864815,0.9774774774774775,1.0,0.0,1.0,1.0,1.0,0.0,1.0,0.0,0.54296875,0.1138916015625,0.0445556640625,-0.01904296875,0.004302978515625,-0.001739501953125,M,1,2026-08-24_23-25-27,2026-08-25
1.0,1.0,0.9774774774774775,1.0,0.012738853503184714,1.0,1.0,1.0,0.0,1.0,0.0,0.546630859375,0.1246337890625,0.041259765625,-0.049896240234375,0.0023193359375,-0.003265380859375,M,1,2026-08-24_23-25-27,2026-08-25
1.0,1.0,0.954954954954955,1.0,0.0,1.0,1.0,1.0,0.0,1.0,0.0,0.5450439453125,0.1419677734375,0.051025390625,-0.0438232421875,-0.016448974609375,0.008087158203125,M,1,2026-08-24_23-25-27,2026-08-25
1.0,0.9263729631864815,0.9662162162162162,1.0,0.0,1.0,1.0,1.0,0.0,1.0,0.0,0.5438232421875,0.117919921875,0.042724609375,-0.029876708984375,-0.0201416015625,0.010894775390625,M,1,2026-08-24_23-25-27,2026-08-25
1.0,0.9420639710319855,0.9752252252252253,1.0,0.012738853503184714,1.0,1.0,1.0,0.0,1.0,0.0,0.54345703125,0.10986328125,0.046142578125,-0.039154052734375,-0.010009765625,-0.00244140625,M,1,2026-08-24_23-25-27,2026-08-25
1.0,1.0,0.9774774774774775,1.0,0.0,1.0,1.0,1.0,0.0,1.0,0.0,0.55029296875,0.13427734375,0.0555419921875,-0.0035400390625,0.007843017578125,0.00146484375,M,2,2026-08-24_23-25-27,2026-08-25
1.0,0.8974049487024743,0.9211711711711712,1.0,0.06369426751592357,1.0,1.0,1.0,0.0,1.0,0.0,0.5526123046875,0.13232421875,0.0543212890625,-0.006744384765625,0.002838134765625,0.00738525390625,M,2,2026-08-24_23-25-27,2026-08-25
1.0,0.872057936028968,0.9617117117117117,1.0,0.06369426751592357,1.0,1.0,1.0,0.0,1.0,0.0,0.5458984375,0.128173828125,0.056884765625,-0.008819580078125,-0.00531005859375,0.01312255859375,M,2,2026-08-24_23-25-27,2026-08-25
1.0,0.9480989740494871,0.972972972972973,1.0,0.06369426751592357,1.0,1.0,1.0,0.0,1.0,0.0,0.5386962890625,0.122802734375,0.05712890625,-0.00482177734375,-0.00653076171875,0.015411376953125,M,2,2026-08-24_23-25-27,2026-08-25
1.0,0.8817139408569704,0.9527027027027027,1.0,0.07643312101910828,1.0,1.0,1.0,0.0,1.0,0.0,0.5386962890625,0.0966796875,0.047119140625,0.00616455078125,-0.0018310546875,0.004425048828125,M,2,2026-08-24_23-25-27,2026-08-25
1.0,0.9456849728424864,0.9572072072072072,0.9408602150537635,0.0,1.0,1.0,1.0,0.0,1.0,0.0,0.5458984375,0.1109619140625,0.047607421875,-0.003692626953125,-0.001495361328125,0.002777099609375,M,2,2026-08-24_23-25-27,2026-08-25
1.0,0.8974049487024743,0.9481981981981982,1.0,0.17834394904458598,1.0,1.0,1.0,0.0,1.0,0.0,0.5419921875,0.108642578125,0.0474853515625,0.000152587890625,-0.007354736328125,0.00372314453125,M,2,2026-08-24_23-25-27,2026-08-25
1.0,0.9034399517199758,0.9324324324324325,1.0,0.012738853503184714,1.0,1.0,1.0,0.0,1.0,0.0,0.5391845703125,0.1082763671875,0.061767578125,0.011016845703125,-0.017913818359375,0.000396728515625,M,2,2026-08-24_23-25-27,2026-08-25
1.0,0.9299939649969825,0.9459459459459459,1.0,0.11464968152866242,1.0,1.0,1.0,0.0,1.0,0.0,0.534423828125,0.09423828125,0.0557861328125,0.00347900390625,-0.006256103515625,-0.012969970703125,M,2,2026-08-24_23-25-27,2026-08-25
1.0,0.9372359686179843,0.9707207207207207,1.0,0.03821656050955414,1.0,1.0,1.0,0.0,1.0,0.0,0.537109375,0.1275634765625,0.0504150390625,-0.014678955078125,-0.00579833984375,-0.01654052734375,M,2,2026-08-24_23-25-27,2026-08-25
1.0,0.9143029571514786,0.9684684684684685,1.0,0.11464968152866242,1.0,1.0,1.0,0.0,1.0,0.0,0.532470703125,0.1419677734375,0.0545654296875,-0.015045166015625,-0.021575927734375,-0.003173828125,M,2,2026-08-24_23-25-27,2026-08-25
1.0,0.9480989740494871,0.9481981981981982,0.9946236559139785,0.0,1.0,1.0,1.0,0.0,1.0,0.0,0.5413818359375,0.1304931640625,0.0435791015625,-0.00421142578125,-0.02069091796875,-6.103515625e-05,M,2,2026-08-24_23-25-27,2026-08-25
1.0,0.9263729631864815,0.9662162162162162,0.9354838709677419,0.03821656050955414,1.0,1.0,1.0,0.0,1.0,0.0,0.5352783203125,0.1295166015625,0.0499267578125,0.004302978515625,-0.0140380859375,0.000152587890625,M,2,2026-08-24_23-25-27,2026-08-25
1.0,0.8817139408569704,0.9527027027027027,1.0,0.17834394904458598,1.0,1.0,1.0,0.0,1.0,0.0,0.5330810546875,0.1212158203125,0.06689453125,-0.004669189453125,-0.0213623046875,-0.00390625,M,2,2026-08-24_23-25-27,2026-08-25
1.0,0.9420639710319855,0.9572072072072072,1.0,0.0,1.0,1.0,1.0,0.0,1.0,0.0,0.5401611328125,0.1414794921875,0.0936279296875,-0.022003173828125,-0.031890869140625,0.003662109375,M,2,2026-08-24_23-25-27,2026-08-25
1.0,0.9348219674109837,0.9527027027027027,1.0,0.1910828025477707,1.0,1.0,1.0,0.0,1.0,0.0,0.5379638671875,0.1171875,0.07080078125,-0.022369384765625,-0.043060302734375,0.007293701171875,M,2,2026-08-24_23-25-27,2026-08-25
1.0,0.936028968014484,0.9414414414414415,1.0,0.11464968152866242,1.0,1.0,1.0,0.0,1.0,0.0,0.5377197265625,0.124267578125,0.0396728515625,-0.015228271484375,-0.040374755859375,-0.002044677734375,M,2,2026-08-24_23-25-27,2026-08-25
1.0,0.9143029571514786,0.9481981981981982,1.0,0.12738853503184713,1.0,1.0,1.0,0.0,1.0,0.0,0.5380859375,0.133056640625,0.024658203125,-0.001922607421875,-0.036865234375,-0.0009765625,M,2,2026-08-24_23-25-27,2026-08-25
1.0,0.9094749547374774,0.9414414414414415,1.0,0.11464968152866242,1.0,1.0,1.0,0.0,1.0,0.0,0.5430908203125,0.1329345703125,0.0198974609375,0.000579833984375,-0.033477783203125,0.005889892578125,M,2,2026-08-24_23-25-27,2026-08-25
1.0,0.899818949909475,0.9324324324324325,1.0,0.012738853503184714,1.0,1.0,1.0,0.0,1.0,0.0,0.5477294921875,0.125732421875,0.0107421875,3.0517578125e-05,-0.03179931640625,0.013427734375,M,2,2026-08-24_23-25-27,2026-08-25
1.0,0.8853349426674714,0.954954954954955,1.0,0.12738853503184713,1.0,1.0,1.0,0.0,1.0,0.0,0.5472412109375,0.1090087890625,0.0009765625,-0.0029296875,-0.0224609375,0.00604248046875,M,2,2026-08-24_23-25-27,2026-08-25
1.0,0.8660229330114665,0.9459459459459459,1.0,0.012738853503184714,1.0,1.0,1.0,0.0,1.0,0.0,0.5501708984375,0.1307373046875,0.0042724609375,-0.0042724609375,-0.022369384765625,0.006683349609375,M,2,2026-08-24_23-25-27,2026-08-25
1.0,0.8708509354254678,0.963963963963964,1.0,0.06369426751592357,1.0,1.0,1.0,0.0,1.0,0.0,0.5496826171875,0.114990234375,0.010498046875,-0.013458251953125,-0.0107421875,0.004302978515625,M,2,2026-08-24_23-25-27,2026-08-25
1.0,0.8660229330114665,0.9436936936936937,1.0,0.012738853503184714,1.0,1.0,1.0,0.0,1.0,0.0,0.55712890625,0.1182861328125,0.014892578125,0.002655029296875,-0.004852294921875,0.0025634765625,M,2,2026-08-24_23-25-27,2026-08-25
1.0,0.8708509354254678,0.9572072072072072,1.0,0.11464968152866242,1.0,1.0,1.0,0.0,1.0,0.0,0.5545654296875,0.1278076171875,0.02001953125,-0.011932373046875,-0.002593994140625,-0.003143310546875,M,2,2026-08-24_23-25-27,2026-08-25
1.0,0.872057936028968,0.9707207207207207,1.0,0.11464968152866242,1.0,1.0,1.0,0.0,1.0,0.0,0.555908203125,0.1331787109375,0.0364990234375,-0.00311279296875,-0.0040283203125,0.00445556640625,M,2,2026-08-24_23-25-27,2026-08-25
1.0,0.872057936028968,0.9684684684684685,0.9946236559139785,0.1910828025477707,1.0,1.0,1.0,0.0,1.0,0.0,0.5576171875,0.12841796875,0.038818359375,-0.0086669921875,-0.0050048828125,-0.003387451171875,M,2,2026-08-24_23-25-27,2026-08-25
1.0,0.8684369342184671,0.9481981981981982,1.0,0.06369426751592357,1.0,1.0,1.0,0.0,1.0,0.0,0.5482177734375,0.134521484375,0.046142578125,-0.017822265625,-0.00091552734375,-0.0032958984375,M,2,2026-08-24_23-25-27,2026-08-25
1.0,0.8648159324079662,0.9436936936936937,0.989247311827957,0.0,1.0,1.0,1.0,0.0,1.0,0.0,0.5537109375,0.13916015625,0.04736328125,-0.008758544921875,-0.005584716796875,0.00140380859375,M,2,2026-08-24_23-25-27,2026-08-25
1.0,0.8817139408569704,0.9752252252252253,1.0,0.16560509554140126,1.0,1.0,1.0,0.0,1.0,0.0,0.554931640625,0.132080078125,0.0423583984375,-0.002471923828125,-0.0130615234375,0.00299072265625,M,2,2026-08-24_23-25-27,2026-08-25
1.0,0.8672299336149668,0.9572072072072072,1.0,0.11464968152866242,1.0,1.0,1.0,0.0,1.0,0.0,0.541259765625,0.1268310546875,0.03466796875,-0.000213623046875,-0.00933837890625,0.00445556640625,M,2,2026-08-24_23-25-27,2026-08-25
1.0,0.9806879903439951,0.9707207207207207,1.0,0.07643312101910828,1.0,1.0,1.0,0.0,1.0,0.0,0.5406494140625,0.121337890625,0.03515625,-0.01239013671875,-0.007843017578125,-0.002532958984375,M,2,2026-08-24_23-25-27,2026-08-25
1.0,0.8624019312009656,0.9459459459459459,0.9838709677419355,0.025477707006369428,1.0,1.0,1.0,0.0,1.0,0.0,0.5433349609375,0.1363525390625,0.023193359375,-0.014190673828125,-0.010833740234375,0.00860595703125,M,2,2026-08-24_23-25-27,2026-08-25
1.0,0.8587809293904647,0.9617117117117117,1.0,0.0,1.0,1.0,1.0,0.0,1.0,0.0,0.538818359375,0.10546875,0.024169921875,-0.007232666015625,-0.00555419921875,-0.0018310546875,M,2,2026-08-24_23-25-27,2026-08-25
1.0,0.8672299336149668,0.9662162162162162,1.0,0.11464968152866242,1.0,1.0,1.0,0.0,1.0,0.0,0.5384521484375,0.13720703125,0.025146484375,-0.012359619140625,0.005859375,-0.00299072265625,M,2,2026-08-24_23-25-27,2026-08-25
1.0,0.9613759806879904,0.9459459459459459,1.0,0.1910828025477707,1.0,1.0,1.0,0.0,1.0,0.0,0.54052734375,0.135986328125,0.03466796875,-0.005950927734375,-0.003082275390625,0.010711669921875,M,2,2026-08-24_23-25-27,2026-08-25
1.0,0.9227519613759807,0.9324324324324325,1.0,0.0,1.0,1.0,1.0,0.0,1.0,0.0,0.5396728515625,0.11767578125,0.0296630859375,0.005828857421875,-0.0069580078125,0.004119873046875,M,2,2026-08-24_23-25-27,2026-08-25
1.0,0.8672299336149668,0.9527027027027027,1.0,0.07643312101910828,1.0,1.0,1.0,0.0,1.0,0.0,0.5469970703125,0.1297607421875,0.0374755859375,-0.01959228515625,0.00482177734375,0.00018310546875,M,2,2026-08-24_23-25-27,2026-08-25
1.0,0.8660229330114665,0.9436936936936937,1.0,0.08917197452229299,1.0,1.0,1.0,0.0,1.0,0.0,0.5379638671875,0.1373291015625,0.037109375,-0.011505126953125,-0.0123291015625,0.015289306640625,M,2,2026-08-24_23-25-27,2026-08-25
1.0,0.8648159324079662,0.9211711711711712,0.978494623655914,0.08917197452229299,1.0,1.0,1.0,0.0,1.0,0.0,0.54150390625,0.15234375,0.0469970703125,0.004913330078125,-0.01104736328125,0.01739501953125,M,2,2026-08-24_23-25-27,2026-08-25
1.0,0.9203379601689801,1.0,1.0,0.14012738853503184,1.0,1.0,1.0,0.0,1.0,0.0,0.5089111328125,0.1566162109375,0.2021484375,-0.0133056640625,-0.01806640625,-0.0037841796875,M,3,2026-08-24_23-25-27,2026-08-25
1.0,0.9143029571514786,1.0,1.0,0.03821656050955414,1.0,1.0,1.0,0.0,1.0,0.0,0.5048828125,0.1669921875,0.187255859375,-0.006683349609375,-0.01953125,0.002899169921875,M,3,2026-08-24_23-25-27,2026-08-25
1.0,0.9215449607724804,1.0,1.0,0.16560509554140126,1.0,1.0,1.0,0.0,1.0,0.0,0.505126953125,0.1529541015625,0.1925048828125,-0.00579833984375,-0.013458251953125,-0.001007080078125,M,3,2026-08-24_23-25-27,2026-08-25
1.0,0.9227519613759807,1.0,1.0,0.12738853503184713,1.0,1.0,1.0,0.0,1.0,0.0,0.50634765625,0.180908203125,0.1878662109375,0.0015869140625,-0.010528564453125,0.007843017578125,M,3,2026-08-24_23-25-27,2026-08-25
1.0,0.9155099577549789,1.0,1.0,0.11464968152866242,1.0,1.0,1.0,0.0,1.0,0.0,0.5064697265625,0.1285400390625,0.1783447265625,0.00701904296875,-0.011993408203125,0.004241943359375,M,3,2026-08-24_23-25-27,2026-08-25
1.0,0.9191309595654797,1.0,1.0,0.14012738853503184,1.0,1.0,1.0,0.0,1.0,0.0,0.4996337890625,0.1612548828125,0.180419921875,-0.024566650390625,-0.017578125,0.006195068359375,M,3,2026-08-24_23-25-27,2026-08-25
1.0,0.9167169583584792,0.9977477477477478,1.0,0.1910828025477707,1.0,1.0,1.0,0.0,1.0,0.0,0.516357421875,0.1483154296875,0.1783447265625,0.002044677734375,-0.0098876953125,0.023468017578125,M,3,2026-08-24_23-25-27,2026-08-25
1.0,0.9191309595654797,1.0,1.0,0.0,1.0,1.0,1.0,0.0,1.0,0.0,0.5081787109375,0.1343994140625,0.191650390625,-0.026641845703125,-0.019317626953125,-0.004119873046875,M,3,2026-08-24_23-25-27,2026-08-25
1.0,0.9046469523234761,0.9774774774774775,1.0,0.08917197452229299,1.0,1.0,1.0,0.0,1.0,0.0,0.50341796875,0.1832275390625,0.188720703125,-0.000213623046875,-0.014404296875,0.012176513671875,M,3,2026-08-24_23-25-27,2026-08-25
1.0,0.9094749547374774,1.0,1.0,0.06369426751592357,1.0,1.0,1.0,0.0,1.0,0.0,0.5174560546875,0.13623046875,0.1796875,0.02288818359375,-0.014923095703125,0.012054443359375,M,3,2026-08-24_23-25-27,2026-08-25
1.0,0.9130959565479783,0.9842342342342343,1.0,0.03821656050955414,1.0,1.0,1.0,0.0,1.0,0.0,0.50244140625,0.14697265625,0.18896484375,-0.007049560546875,-0.02490234375,-0.003448486328125,M,3,2026-08-24_23-25-27,2026-08-25
1.0,0.9070609535304768,0.9752252252252253,1.0,0.0,1.0,1.0,1.0,0.0,1.0,0.0,0.4991455078125,0.1568603515625,0.1708984375,0.008941650390625,-0.00982666015625,0.01092529296875,M,3,2026-08-24_23-25-27,2026-08-25
1.0,0.9384429692214846,0.9887387387387387,1.0,0.12738853503184713,1.0,1.0,1.0,0.0,1.0,0.0,0.5096435546875,0.1385498046875,0.169677734375,-0.00048828125,-0.01617431640625,0.00164794921875,M,3,2026-08-24_23-25-27,2026-08-25
1.0,1.0,0.990990990990991,1.0,0.15286624203821655,1.0,1.0,1.0,0.0,1.0,0.0,0.504150390625,0.1661376953125,0.1810302734375,0.006103515625,-0.01507568359375,0.008392333984375,M,3,2026-08-24_23-25-27,2026-08-25
1.0,1.0,1.0,1.0,0.11464968152866242,1.0,1.0,1.0,0.0,1.0,0.0,0.5062255859375,0.1395263671875,0.1614990234375,0.02471923828125,0.000579833984375,0.007659912109375,M,3,2026-08-24_23-25-27,2026-08-25
1.0,1.0,0.9707207207207207,1.0,0.14012738853503184,1.0,1.0,1.0,0.0,1.0,0.0,0.521728515625,0.1363525390625,0.1998291015625,-0.015777587890625,-0.012939453125,-0.00787353515625,M,3,2026-08-24_23-25-27,2026-08-25
1.0,1.0,0.9977477477477478,1.0,0.06369426751592357,1.0,1.0,1.0,0.0,1.0,0.0,0.509033203125,0.167724609375,0.1845703125,-0.006378173828125,-0.020538330078125,0.014007568359375,M,3,2026-08-24_23-25-27,2026-08-25
1.0,1.0,0.9842342342342343,1.0,0.06369426751592357,1.0,1.0,1.0,0.0,1.0,0.0,0.505615234375,0.15625,0.185791015625,0.004119873046875,-0.01422119140625,0.01605224609375,M,3,2026-08-24_23-25-27,2026-08-25
1.0,1.0,0.9954954954954955,1.0,0.11464968152866242,1.0,1.0,1.0,0.0,1.0,0.0,0.519287109375,0.15771484375,0.20263671875,0.012451171875,-0.02081298828125,0.01513671875,M,3,2026-08-24_23-25-27,2026-08-25
1.0,1.0,1.0,1.0,0.24203821656050956,1.0,1.0,1.0,0.0,1.0,0.0,0.4971923828125,0.1578369140625,0.186767578125,0.018768310546875,-0.03350830078125,0.0189208984375,M,3,2026-08-24_23-25-27,2026-08-25
1.0,1.0,0.9887387387387387,1.0,0.06369426751592357,1.0,1.0,1.0,0.0,1.0,0.0,0.501220703125,0.1568603515625,0.1788330078125,0.02850341796875,-0.0150146484375,0.0186767578125,M,3,2026-08-24_23-25-27,2026-08-25
1.0,1.0,0.9977477477477478,1.0,0.12738853503184713,1.0,1.0,1.0,0.0,1.0,0.0,0.5068359375,0.1358642578125,0.177734375,0.007904052734375,-0.018829345703125,0.010223388671875,M,3,2026-08-24_23-25-27,2026-08-25
1.0,1.0,1.0,1.0,0.22929936305732485,1.0,1.0,1.0,0.0,1.0,0.0,0.50927734375,0.14501953125,0.1702880859375,-0.013336181640625,-0.011474609375,0.005126953125,M,3,2026-08-24_23-25-27,2026-08-25
1.0,1.0,0.9887387387387387,1.0,0.14012738853503184,1.0,1.0,1.0,0.0,1.0,0.0,0.5145263671875,0.147705078125,0.1724853515625,-0.024017333984375,-0.0167236328125,0.002777099609375,M,3,2026-08-24_23-25-27,2026-08-25
1.0,1.0,0.9774774774774775,1.0,0.03821656050955414,1.0,1.0,1.0,0.0,1.0,0.0,0.506103515625,0.1517333984375,0.1766357421875,-0.025299072265625,-0.020751953125,-0.000335693359375,M,3,2026-08-24_23-25-27,2026-08-25
1.0,1.0,0.990990990990991,1.0,0.03821656050955414,1.0,1.0,1.0,0.0,1.0,0.0,0.5087890625,0.1558837890625,0.165771484375,-0.011962890625,-0.009185791015625,-6.103515625e-05,M,3,2026-08-24_23-25-27,2026-08-25
1.0,1.0,0.9842342342342343,1.0,0.14012738853503184,1.0,1.0,1.0,0.0,1.0,0.0,0.5186767578125,0.1517333984375,0.1793212890625,-0.006256103515625,-0.015106201171875,0.002227783203125,M,3,2026-08-24_23-25-27,2026-08-25
1.0,1.0,0.9774774774774775,1.0,0.03821656050955414,1.0,1.0,1.0,0.0,1.0,0.0,0.5081787109375,0.1514892578125,0.17041015625,-0.01171875,-0.01947021484375,0.004180908203125,M,3,2026-08-24_23-25-27,2026-08-25
1.0,0.9034399517199758,0.9752252252252253,1.0,0.03821656050955414,1.0,1.0,1.0,0.0,1.0,0.0,0.509765625,0.157958984375,0.1651611328125,-0.0198974609375,-0.012847900390625,0.006805419921875,M,3,2026-08-24_23-25-27,2026-08-25
1.0,0.9155099577549789,0.990990990990991,1.0,0.03821656050955414,1.0,1.0,1.0,0.0,1.0,0.0,0.5067138671875,0.155517578125,0.158935546875,-0.015838623046875,-0.010772705078125,0.006622314453125,M,3,2026-08-24_23-25-27,2026-08-25
1.0,0.9167169583584792,0.9774774774774775,1.0,0.08917197452229299,1.0,1.0,1.0,0.0,1.0,0.0,0.5162353515625,0.154296875,0.16943359375,-0.009429931640625,-0.007568359375,0.00616455078125,M,3,2026-08-24_23-25-27,2026-08-25
1.0,0.9927579963789982,0.9977477477477478,1.0,0.21656050955414013,1.0,1.0,1.0,0.0,1.0,0.0,0.5113525390625,0.14453125,0.1668701171875,-0.005218505859375,-0.006011962890625,0.00341796875,M,3,2026-08-24_23-25-27,2026-08-25
1.0,1.0,0.9774774774774775,1.0,0.03821656050955414,1.0,1.0,1.0,0.0,1.0,0.0,0.509521484375,0.1622314453125,0.1607666015625,-0.014434814453125,-0.01025390625,0.008026123046875,M,3,2026-08-24_23-25-27,2026-08-25
1.0,1.0,1.0,1.0,0.10191082802547771,1.0,1.0,1.0,0.0,1.0,0.0,0.508056640625,0.1453857421875,0.1630859375,-0.0089111328125,-0.00555419921875,0.006927490234375,M,3,2026-08-24_23-25-27,2026-08-25
1.0,0.9167169583584792,0.9572072072072072,1.0,0.11464968152866242,1.0,1.0,1.0,0.0,1.0,0.0,0.513671875,0.164306640625,0.1739501953125,-0.017608642578125,-0.002777099609375,0.004852294921875,M,3,2026-08-24_23-25-27,2026-08-25
1.0,0.996378998189499,0.9842342342342343,1.0,0.07643312101910828,1.0,1.0,1.0,0.0,1.0,0.0,0.51611328125,0.16259765625,0.166259765625,0.00311279296875,0.002838134765625,0.01544189453125,M,3,2026-08-24_23-25-27,2026-08-25
1.0,0.9553409776704889,0.9774774774774775,1.0,0.17834394904458598,1.0,1.0,1.0,0.0,1.0,0.0,0.5159912109375,0.1319580078125,0.1793212890625,-0.012603759765625,-0.01080322265625,0.000244140625,M,3,2026-08-24_23-25-27,2026-08-25
1.0,1.0,0.9797297297297297,1.0,0.20382165605095542,1.0,1.0,1.0,0.0,1.0,0.0,0.5032958984375,0.166015625,0.1695556640625,-0.018768310546875,-0.0037841796875,0.008331298828125,M,3,2026-08-24_23-25-27,2026-08-25
1.0,1.0,1.0,1.0,0.33121019108280253,1.0,1.0,1.0,0.0,1.0,0.0,0.507080078125,0.140625,0.166259765625,-0.015869140625,-0.00250244140625,0.009552001953125,M,3,2026-08-24_23-25-27,2026-08-25
1.0,1.0,0.9797297297297297,1.0,0.07643312101910828,1.0,1.0,1.0,0.0,1.0,0.0,0.51171875,0.1510009765625,0.19580078125,-0.018890380859375,-0.014556884765625,0.002716064453125,M,3,2026-08-24_23-25-27,2026-08-25
1.0,1.0,1.0,1.0,0.0,1.0,0.0,1.0,0.0,1.0,0.0,0.5391845703125,0.1640625,0.0108642578125,-0.004791259765625,-0.0108642578125,0.00592041015625,M,4,2026-08-24_23-25-27,2026-08-25
1.0,1.0,1.0,1.0,0.0,1.0,0.0,1.0,0.0,1.0,0.0,0.526611328125,0.16015625,0.002685546875,0.003997802734375,-0.0074462890625,0.004669189453125,M,4,2026-08-24_23-25-27,2026-08-25
1.0,0.9191309595654797,1.0,1.0,0.0,1.0,0.0,1.0,0.0,1.0,0.0,0.520751953125,0.1510009765625,-0.013916015625,0.002593994140625,0.0240478515625,-0.005645751953125,M,4,2026-08-24_23-25-27,2026-08-25
1.0,1.0,1.0,1.0,0.0,1.0,1.0,1.0,0.0,1.0,0.0,0.537841796875,0.157470703125,0.0078125,-0.016265869140625,0.039031982421875,-0.008941650390625,M,4,2026-08-24_23-25-27,2026-08-25
1.0,1.0,1.0,1.0,0.0,1.0,1.0,1.0,0.0,1.0,0.0,0.55419921875,0.16162109375,0.0498046875,-0.003814697265625,0.019195556640625,0.000701904296875,M,4,2026-08-24_23-25-27,2026-08-25
1.0,0.9118889559444779,1.0,1.0,0.0,1.0,1.0,1.0,0.0,1.0,0.0,0.5355224609375,0.1683349609375,0.0213623046875,-0.003875732421875,-0.012115478515625,0.00701904296875,M,4,2026-08-24_23-25-27,2026-08-25
1.0,1.0,1.0,1.0,0.0,1.0,1.0,1.0,0.0,1.0,0.0,0.5255126953125,0.162109375,0.0089111328125,0.001983642578125,0.007904052734375,-0.000701904296875,M,4,2026-08-24_23-25-27,2026-08-25
1.0,0.9203379601689801,1.0,1.0,0.0,1.0,1.0,1.0,0.0,1.0,0.0,0.521484375,0.1578369140625,-0.0013427734375,-0.00225830078125,0.031524658203125,-0.010711669921875,M,4,2026-08-24_23-25-27,2026-08-25
1.0,1.0,1.0,1.0,0.0,1.0,1.0,1.0,0.0,1.0,0.0,0.534423828125,0.1746826171875,0.0062255859375,-0.00103759765625,0.03131103515625,-0.013336181640625,M,4,2026-08-24_23-25-27,2026-08-25
1.0,0.923958961979481,1.0,1.0,0.0,1.0,1.0,1.0,0.0,1.0,0.0,0.5501708984375,0.165283203125,0.029052734375,-0.01629638671875,0.00860595703125,-0.00469970703125,M,4,2026-08-24_23-25-27,2026-08-25
1.0,0.9227519613759807,1.0,1.0,0.0,1.0,1.0,1.0,0.0,1.0,0.0,0.541748046875,0.1737060546875,0.0234375,-0.020904541015625,-0.01300048828125,0.00341796875,M,4,2026-08-24_23-25-27,2026-08-25
1.0,0.9746529873264936,1.0,1.0,0.0,1.0,1.0,1.0,0.0,1.0,0.0,0.5167236328125,0.1646728515625,0.01123046875,-0.01287841796875,-0.008270263671875,0.003997802734375,M,4,2026-08-24_23-25-27,2026-08-25
1.0,0.9372359686179843,1.0,1.0,0.0,1.0,1.0,1.0,0.0,1.0,0.0,0.5169677734375,0.1552734375,-0.0052490234375,-0.023406982421875,0.025360107421875,-0.008209228515625,M,4,2026-08-24_23-25-27,2026-08-25
1.0,0.9348219674109837,1.0,1.0,0.0,1.0,1.0,1.0,0.0,1.0,0.0,0.54541015625,0.17822265625,0.0284423828125,-0.02581787109375,0.025634765625,-0.00604248046875,M,4,2026-08-24_23-25-27,2026-08-25
1.0,0.9384429692214846,1.0,1.0,0.0,1.0,1.0,1.0,0.0,1.0,0.0,0.5419921875,0.1729736328125,0.02392578125,-0.011260986328125,-0.005096435546875,0.00433349609375,M,4,2026-08-24_23-25-27,2026-08-25
1.0,1.0,1.0,1.0,0.0,1.0,1.0,1.0,0.0,1.0,0.0,0.5330810546875,0.15625,0.0184326171875,-0.018585205078125,-0.012115478515625,0.002593994140625,M,4,2026-08-24_23-25-27,2026-08-25
1.0,1.0,1.0,1.0,0.0,1.0,1.0,1.0,0.0,1.0,0.0,0.5240478515625,0.168701171875,0.0064697265625,-0.023101806640625,0.0,-0.000244140625,M,4,2026-08-24_23-25-27,2026-08-25
1.0,1.0,1.0,1.0,0.0,1.0,1.0,1.0,0.0,1.0,0.0,0.539306640625,0.173828125,0.0147705078125,-0.02203369140625,0.00665283203125,0.004119873046875,M,4,2026-08-24_23-25-27,2026-08-25
1.0,1.0,1.0,1.0,0.0,1.0,1.0,1.0,0.0,1.0,0.0,0.544189453125,0.1668701171875,0.0345458984375,-0.023590087890625,-0.015594482421875,0.005950927734375,M,4,2026-08-24_23-25-27,2026-08-25
1.0,1.0,1.0,1.0,0.0,1.0,1.0,1.0,0.0,1.0,0.0,0.5311279296875,0.1689453125,0.0150146484375,-0.001678466796875,-0.01123046875,0.00848388671875,M,4,2026-08-24_23-25-27,2026-08-25
1.0,1.0,1.0,1.0,0.0,1.0,1.0,1.0,0.0,1.0,0.0,0.5325927734375,0.155029296875,0.010498046875,-0.005157470703125,0.00189208984375,0.000274658203125,M,4,2026-08-24_23-25-27,2026-08-25
1.0,1.0,1.0,1.0,0.0,1.0,1.0,1.0,0.0,1.0,0.0,0.530029296875,0.1600341796875,0.007080078125,-0.010101318359375,0.008697509765625,-0.003631591796875,M,4,2026-08-24_23-25-27,2026-08-25
1.0,0.9420639710319855,1.0,1.0,0.0,1.0,1.0,1.0,0.0,1.0,0.0,0.536376953125,0.1629638671875,0.0289306640625,-0.0150146484375,-0.00067138671875,0.001678466796875,M,4,2026-08-24_23-25-27,2026-08-25
1.0,1.0,1.0,1.0,0.0,1.0,1.0,1.0,0.0,1.0,0.0,0.5330810546875,0.1661376953125,0.0150146484375,-0.01458740234375,-0.006378173828125,0.005859375,M,4,2026-08-24_23-25-27,2026-08-25
1.0,1.0,1.0,1.0,0.0,1.0,1.0,1.0,0.0,1.0,0.0,0.528076171875,0.16357421875,0.020751953125,-0.019287109375,-0.00482177734375,0.0042724609375,M,4,2026-08-24_23-25-27,2026-08-25
1.0,1.0,1.0,1.0,0.0,1.0,1.0,1.0,0.0,1.0,0.0,0.5302734375,0.170166015625,0.0220947265625,-0.014404296875,0.005279541015625,0.0,M,4,2026-08-24_23-25-27,2026-08-25
1.0,1.0,1.0,1.0,0.0,1.0,1.0,1.0,0.0,1.0,0.0,0.539794921875,0.17138671875,0.0301513671875,-0.014404296875,-0.00579833984375,0.00128173828125,M,4,2026-08-24_23-25-27,2026-08-25
1.0,1.0,1.0,1.0,0.0,1.0,1.0,1.0,0.0,1.0,0.0,0.526123046875,0.17333984375,0.0128173828125,-0.0052490234375,-0.01483154296875,0.0072021484375,M,4,2026-08-24_23-25-27,2026-08-25
1.0,0.9770669885334943,1.0,1.0,0.0,1.0,1.0,1.0,0.0,1.0,0.0,0.5380859375,0.1531982421875,0.021240234375,-0.016357421875,-0.00640869140625,0.001861572265625,M,4,2026-08-24_23-25-27,2026-08-25
1.0,1.0,1.0,1.0,0.0,1.0,1.0,1.0,0.0,1.0,0.0,0.5260009765625,0.175537109375,0.0062255859375,-0.023162841796875,-0.008514404296875,0.00457763671875,M,4,2026-08-24_23-25-27,2026-08-25
1.0,1.0,0.9797297297297297,1.0,0.0,1.0,1.0,1.0,0.0,1.0,0.0,0.5345458984375,0.16552734375,0.0125732421875,-0.008819580078125,0.009033203125,0.0062255859375,M,4,2026-08-24_23-25-27,2026-08-25
1.0,1.0,1.0,1.0,0.0,1.0,1.0,1.0,0.0,1.0,0.0,0.540283203125,0.165283203125,0.02783203125,-0.028961181640625,-0.0140380859375,0.002838134765625,M,4,2026-08-24_23-25-27,2026-08-25
1.0,1.0,0.9887387387387387,1.0,0.0,1.0,1.0,1.0,0.0,1.0,0.0,0.5291748046875,0.1744384765625,0.01318359375,-0.006805419921875,0.006195068359375,0.00787353515625,M,4,2026-08-24_23-25-27,2026-08-25
1.0,1.0,1.0,1.0,0.0,1.0,1.0,1.0,0.0,1.0,0.0,0.54052734375,0.1513671875,0.0184326171875,-0.01385498046875,0.005035400390625,-0.000640869140625,M,4,2026-08-24_23-25-27,2026-08-25
1.0,0.9831019915509958,1.0,1.0,0.06369426751592357,1.0,1.0,1.0,0.0,1.0,0.0,0.530029296875,0.1785888671875,0.005615234375,-0.01129150390625,-0.013916015625,0.00347900390625,M,4,2026-08-24_23-25-27,2026-08-25
1.0,0.9939649969824985,1.0,1.0,0.0,1.0,1.0,1.0,0.0,1.0,0.0,0.5345458984375,0.15625,0.0233154296875,-0.005706787109375,-0.000518798828125,0.001953125,M,4,2026-08-24_23-25-27,2026-08-25
1.0,0.9722389861194931,1.0,1.0,0.012738853503184714,1.0,1.0,1.0,0.0,1.0,0.0,0.537841796875,0.1646728515625,0.0267333984375,-0.018310546875,-0.007568359375,-0.001617431640625,M,4,2026-08-24_23-25-27,2026-08-25
1.0,1.0,0.9977477477477478,1.0,0.0,1.0,1.0,1.0,0.0,1.0,0.0,0.5234375,0.166015625,0.020751953125,-0.010528564453125,-0.00128173828125,0.000579833984375,M,4,2026-08-24_23-25-27,2026-08-25
1.0,0.9806879903439951,1.0,1.0,0.0,1.0,1.0,1.0,0.0,1.0,0.0,0.536865234375,0.1697998046875,0.0313720703125,-0.0189208984375,-0.005889892578125,0.002288818359375,M,4,2026-08-24_23-25-27,2026-08-25
1.0,0.9806879903439951,0.9864864864864865,1.0,0.0,1.0,1.0,1.0,0.0,1.0,0.0,0.53466796875,0.170654296875,0.03662109375,-0.0103759765625,-0.010589599609375,0.00518798828125,M,4,2026-08-24_23-25-27,2026-08-25
1.0,1.0,0.9054054054054054,1.0,0.0,0.0,0.0,0.0,0.0,1.0,1.0,0.5450439453125,0.072265625,0.04248046875,-0.00592041015625,-0.008392333984375,0.002899169921875,N,0,2026-08-24_23-25-27,2026-08-25
1.0,1.0,0.8918918918918919,1.0,0.0,0.0,0.0,0.0,0.0,1.0,1.0,0.55712890625,0.09326171875,0.04638671875,-0.015472412109375,-0.005096435546875,0.0008544921875,N,0,2026-08-24_23-25-27,2026-08-25
1.0,1.0,0.9031531531531531,1.0,0.0,0.0,0.0,0.0,0.0,1.0,1.0,0.5557861328125,0.094970703125,0.040283203125,-0.012664794921875,-0.009552001953125,0.009246826171875,N,0,2026-08-24_23-25-27,2026-08-25
1.0,1.0,0.9054054054054054,1.0,0.0,0.0,0.0,0.0,0.0,1.0,1.0,0.5523681640625,0.08642578125,0.048828125,-0.009918212890625,-0.01397705078125,0.006683349609375,N,0,2026-08-24_23-25-27,2026-08-25
1.0,1.0,0.8738738738738738,1.0,0.0,0.0,0.0,0.0,0.0,1.0,1.0,0.543701171875,0.0909423828125,0.0445556640625,-0.0086669921875,-0.000640869140625,0.0003662109375,N,0,2026-08-24_23-25-27,2026-08-25
1.0,1.0,0.8918918918918919,1.0,0.0,0.0,0.0,0.0,0.0,1.0,1.0,0.5477294921875,0.0958251953125,0.0389404296875,-0.016265869140625,0.0098876953125,0.002197265625,N,0,2026-08-24_23-25-27,2026-08-25
1.0,1.0,0.8918918918918919,1.0,0.0,0.0,0.0,0.0,0.0,1.0,1.0,0.5579833984375,0.093505859375,0.04345703125,-0.02496337890625,0.00537109375,0.0054931640625,N,0,2026-08-24_23-25-27,2026-08-25
1.0,1.0,0.8783783783783784,1.0,0.0,0.0,0.0,0.0,0.0,1.0,1.0,0.56103515625,0.0899658203125,0.050048828125,-0.021484375,-0.007965087890625,0.009002685546875,N,0,2026-08-24_23-25-27,2026-08-25
1.0,1.0,0.9009009009009009,1.0,0.0,0.0,0.0,0.0,0.0,1.0,1.0,0.5469970703125,0.0909423828125,0.05126953125,-0.014190673828125,-0.00775146484375,0.009368896484375,N,0,2026-08-24_23-25-27,2026-08-25
1.0,1.0,0.8918918918918919,1.0,0.0,0.0,0.0,0.0,0.0,1.0,1.0,0.546630859375,0.083984375,0.0389404296875,-0.008575439453125,0.00506591796875,0.005859375,N,0,2026-08-24_23-25-27,2026-08-25
1.0,1.0,0.9076576576576577,1.0,0.0,0.0,0.0,0.0,0.0,1.0,1.0,0.546875,0.086181640625,0.0428466796875,-0.01812744140625,0.00689697265625,0.002685546875,N,0,2026-08-24_23-25-27,2026-08-25
1.0,1.0,0.9054054054054054,1.0,0.0,0.0,0.0,0.0,0.0,1.0,1.0,0.5565185546875,0.0888671875,0.049560546875,-0.0142822265625,0.007781982421875,0.007354736328125,N,0,2026-08-24_23-25-27,2026-08-25
1.0,1.0,0.8941441441441441,1.0,0.0,0.0,0.0,0.0,0.0,1.0,1.0,0.5565185546875,0.082275390625,0.0556640625,-0.006195068359375,-0.007965087890625,0.008026123046875,N,0,2026-08-24_23-25-27,2026-08-25
1.0,1.0,0.9009009009009009,1.0,0.0,0.0,0.0,0.0,0.0,1.0,1.0,0.5452880859375,0.083984375,0.05126953125,-0.006439208984375,-0.00921630859375,0.00360107421875,N,0,2026-08-24_23-25-27,2026-08-25
1.0,1.0,0.8918918918918919,1.0,0.0,0.0,0.0,0.0,0.0,1.0,1.0,0.551025390625,0.0880126953125,0.05712890625,-0.01361083984375,0.004638671875,0.00164794921875,N,0,2026-08-24_23-25-27,2026-08-25
1.0,1.0,0.8986486486486487,1.0,0.0,0.0,0.0,0.0,0.0,1.0,1.0,0.5604248046875,0.0987548828125,0.0655517578125,-0.022552490234375,-0.00299072265625,0.0078125,N,0,2026-08-24_23-25-27,2026-08-25
1.0,1.0,0.8963963963963963,1.0,0.0,0.0,0.0,0.0,0.0,1.0,1.0,0.5516357421875,0.0860595703125,0.0584716796875,-0.0150146484375,-0.005950927734375,0.005767822265625,N,0,2026-08-24_23-25-27,2026-08-25
1.0,1.0,0.8918918918918919,1.0,0.0,0.0,0.0,0.0,0.0,1.0,1.0,0.558349609375,0.095703125,0.0594482421875,-0.011932373046875,-0.013275146484375,0.00555419921875,N,0,2026-08-24_23-25-27,2026-08-25
1.0,1.0,0.8716216216216216,1.0,0.0,0.0,0.0,0.0,0.0,1.0,1.0,0.548095703125,0.0888671875,0.0594482421875,-0.009796142578125,-0.013153076171875,0.009246826171875,N,0,2026-08-24_23-25-27,2026-08-25
1.0,1.0,0.8851351351351351,1.0,0.0,0.0,0.0,0.0,0.0,1.0,1.0,0.5509033203125,0.0867919921875,0.0589599609375,-0.014617919921875,-0.007049560546875,0.008056640625,N,0,2026-08-24_23-25-27,2026-08-25
1.0,1.0,0.9054054054054054,1.0,0.0,0.0,0.0,0.0,0.0,1.0,1.0,0.5594482421875,0.08544921875,0.0489501953125,-0.01507568359375,-0.0057373046875,0.007720947265625,N,0,2026-08-24_23-25-27,2026-08-25
1.0,1.0,0.8828828828828829,1.0,0.0,0.0,0.0,0.0,0.0,1.0,1.0,0.5537109375,0.0850830078125,0.0443115234375,-0.023895263671875,-0.01434326171875,0.00567626953125,N,0,2026-08-24_23-25-27,2026-08-25
1.0,1.0,0.9031531531531531,1.0,0.0,0.0,0.0,0.0,0.0,1.0,1.0,0.5467529296875,0.0889892578125,0.0516357421875,-0.02099609375,-0.01202392578125,0.00653076171875,N,0,2026-08-24_23-25-27,2026-08-25
1.0,1.0,0.8671171171171171,1.0,0.0,0.0,0.0,0.0,0.0,1.0,1.0,0.5435791015625,0.07470703125,0.0364990234375,-0.018768310546875,-0.0006103515625,-0.000946044921875,N,0,2026-08-24_23-25-27,2026-08-25
1.0,1.0,0.8761261261261262,1.0,0.0,0.0,0.0,0.0,0.0,1.0,1.0,0.5509033203125,0.066650390625,0.0472412109375,-0.02203369140625,0.002685546875,-0.010040283203125,N,0,2026-08-24_23-25-27,2026-08-25
1.0,1.0,0.8986486486486487,1.0,0.0,0.0,0.0,0.0,0.0,1.0,1.0,0.5546875,0.0751953125,0.045166015625,-0.032562255859375,-0.011688232421875,-0.007110595703125,N,0,2026-08-24_23-25-27,2026-08-25
1.0,1.0,0.9031531531531531,1.0,0.0,0.0,0.0,0.0,0.0,1.0,1.0,0.552734375,0.0849609375,0.0516357421875,-0.03692626953125,-0.01397705078125,-0.005340576171875,N,0,2026-08-24_23-25-27,2026-08-25
1.0,1.0,0.8716216216216216,1.0,0.0,0.0,0.0,0.0,0.0,1.0,1.0,0.543212890625,0.09521484375,0.0443115234375,-0.0289306640625,-0.00689697265625,-0.007110595703125,N,0,2026-08-24_23-25-27,2026-08-25
1.0,1.0,0.9054054054054054,1.0,0.0,0.0,0.0,0.0,0.0,1.0,1.0,0.553466796875,0.10205078125,0.0501708984375,-0.0267333984375,0.0010986328125,-0.010284423828125,N,0,2026-08-24_23-25-27,2026-08-25
1.0,1.0,0.8941441441441441,1.0,0.0,0.0,0.0,0.0,0.0,1.0,1.0,0.5567626953125,0.11474609375,0.0572509765625,-0.03515625,-0.003814697265625,-0.000701904296875,N,0,2026-08-24_23-25-27,2026-08-25
1.0,1.0,0.8986486486486487,1.0,0.0,0.0,0.0,0.0,0.0,1.0,1.0,0.5556640625,0.107177734375,0.0609130859375,-0.0400390625,-0.010498046875,0.008941650390625,N,0,2026-08-24_23-25-27,2026-08-25
1.0,1.0,0.8896396396396397,1.0,0.0,0.0,0.0,0.0,0.0,1.0,1.0,0.54736328125,0.107421875,0.0638427734375,-0.03509521484375,-0.01263427734375,0.01239013671875,N,0,2026-08-24_23-25-27,2026-08-25
1.0,1.0,0.8738738738738738,1.0,0.0,0.0,0.0,0.0,0.0,1.0,1.0,0.55126953125,0.0947265625,0.0538330078125,-0.01708984375,-0.006317138671875,0.011138916015625,N,0,2026-08-24_23-25-27,2026-08-25
1.0,1.0,0.9009009009009009,1.0,0.0,0.0,0.0,0.0,0.0,1.0,1.0,0.550048828125,0.0718994140625,0.044677734375,-0.021087646484375,-0.008636474609375,0.001678466796875,N,0,2026-08-24_23-25-27,2026-08-25
1.0,1.0,0.8941441441441441,1.0,0.0,0.0,0.0,0.0,0.0,1.0,1.0,0.5499267578125,0.082763671875,0.0479736328125,-0.03729248046875,-0.007537841796875,0.00177001953125,N,0,2026-08-24_23-25-27,2026-08-25
1.0,1.0,0.8896396396396397,1.0,0.0,0.0,0.0,0.0,0.0,1.0,1.0,0.54931640625,0.0780029296875,0.0457763671875,-0.052490234375,-0.01153564453125,0.0029296875,N,0,2026-08-24_23-25-27,2026-08-25
1.0,0.9951719975859988,0.9054054054054054,1.0,0.0,0.0,0.0,0.0,0.0,1.0,1.0,0.552490234375,0.086181640625,0.0560302734375,-0.0477294921875,-0.0086669921875,0.001556396484375,N,0,2026-08-24_23-25-27,2026-08-25
1.0,0.9806879903439951,0.8783783783783784,1.0,0.0,0.0,0.0,0.0,0.0,1.0,1.0,0.556640625,0.09423828125,0.0550537109375,-0.028350830078125,-0.00811767578125,-0.000640869140625,N,0,2026-08-24_23-25-27,2026-08-25
1.0,1.0,0.9054054054054054,1.0,0.0,0.0,0.0,0.0,0.0,1.0,1.0,0.5531005859375,0.09033203125,0.042236328125,-0.00921630859375,-0.0106201171875,0.000274658203125,N,0,2026-08-24_23-25-27,2026-08-25
1.0,1.0,0.8806306306306306,1.0,0.0,0.0,0.0,0.0,0.0,1.0,1.0,0.5498046875,0.0833740234375,0.04638671875,-0.016448974609375,-0.010040283203125,-0.002105712890625,N,0,2026-08-24_23-25-27,2026-08-25
1.0,0.9867229933614967,0.9054054054054054,1.0,0.0,0.0,0.0,0.0,0.0,1.0,0.0,0.553466796875,0.087646484375,0.0357666015625,-0.021881103515625,-0.008087158203125,0.001007080078125,N,1,2026-08-24_23-25-27,2026-08-25
1.0,0.9493059746529873,0.9076576576576577,1.0,0.0,0.0,0.0,0.0,0.0,1.0,0.0,0.55517578125,0.087646484375,0.0247802734375,-0.022918701171875,-0.009307861328125,0.000274658203125,N,1,2026-08-24_23-25-27,2026-08-25
1.0,0.9915509957754979,0.9211711711711712,1.0,0.0,0.0,0.0,0.0,0.0,1.0,1.0,0.5537109375,0.0882568359375,0.0240478515625,-0.014007568359375,-0.01470947265625,0.000579833984375,N,1,2026-08-24_23-25-27,2026-08-25
1.0,0.9891369945684972,0.9054054054054054,1.0,0.0,0.0,0.0,0.0,0.0,1.0,1.0,0.552978515625,0.1041259765625,0.0228271484375,-0.00537109375,-0.008148193359375,0.001312255859375,N,1,2026-08-24_23-25-27,2026-08-25
1.0,1.0,0.9256756756756757,1.0,0.0,0.0,0.0,0.0,0.0,1.0,0.0,0.5557861328125,0.0885009765625,0.0206298828125,-0.009735107421875,-0.00469970703125,0.00238037109375,N,1,2026-08-24_23-25-27,2026-08-25
1.0,1.0,0.9076576576576577,1.0,0.0,0.0,0.0,0.0,0.0,1.0,0.0,0.55517578125,0.087890625,0.0140380859375,-0.01715087890625,-0.004364013671875,-0.0054931640625,N,1,2026-08-24_23-25-27,2026-08-25
1.0,1.0,0.9054054054054054,1.0,0.0,0.0,0.0,0.0,0.0,1.0,0.0,0.5572509765625,0.0987548828125,0.0224609375,-0.02227783203125,-0.000274658203125,0.00299072265625,N,1,2026-08-24_23-25-27,2026-08-25
1.0,0.987929993964997,0.8986486486486487,1.0,0.0,0.0,0.0,0.0,0.0,1.0,1.0,0.55859375,0.0936279296875,0.0267333984375,-0.0224609375,-0.004669189453125,0.011322021484375,N,1,2026-08-24_23-25-27,2026-08-25
1.0,1.0,0.9301801801801802,1.0,0.0,0.0,0.0,0.0,0.0,1.0,1.0,0.5552978515625,0.083251953125,0.02490234375,-0.0238037109375,-0.001922607421875,0.007659912109375,N,1,2026-08-24_23-25-27,2026-08-25
1.0,1.0,0.9166666666666666,1.0,0.0,0.0,0.0,0.0,0.0,1.0,1.0,0.54833984375,0.0750732421875,0.029541015625,-0.0181884765625,0.004730224609375,-0.001678466796875,N,1,2026-08-24_23-25-27,2026-08-25
1.0,0.9867229933614967,0.9144144144144144,1.0,0.0,0.0,0.0,0.0,0.0,1.0,1.0,0.5555419921875,0.0848388671875,0.031005859375,-0.012176513671875,0.0023193359375,-0.00079345703125,N,1,2026-08-24_23-25-27,2026-08-25
1.0,0.9939649969824985,0.9166666666666666,1.0,0.0,0.0,0.0,0.0,0.0,1.0,1.0,0.5537109375,0.0814208984375,0.03076171875,-0.015228271484375,-0.002410888671875,0.00494384765625,N,1,2026-08-24_23-25-27,2026-08-25
1.0,0.987929993964997,0.9031531531531531,1.0,0.0,0.0,0.0,0.0,0.0,1.0,0.0,0.54931640625,0.081787109375,0.0374755859375,-0.02374267578125,-0.007568359375,0.00762939453125,N,1,2026-08-24_23-25-27,2026-08-25
1.0,0.996378998189499,0.9121621621621622,1.0,0.0,0.0,0.0,0.0,0.0,1.0,0.0,0.546142578125,0.0875244140625,0.04931640625,-0.031463623046875,-0.00958251953125,0.007843017578125,N,1,2026-08-24_23-25-27,2026-08-25
1.0,0.996378998189499,0.9054054054054054,1.0,0.0,0.0,0.0,0.0,0.0,1.0,1.0,0.541259765625,0.099853515625,0.044677734375,-0.01885986328125,-0.0078125,0.0047607421875,N,1,2026-08-24_23-25-27,2026-08-25
1.0,0.9939649969824985,0.9031531531531531,1.0,0.0,0.0,0.0,0.0,0.0,1.0,1.0,0.544189453125,0.0924072265625,0.032470703125,-0.0059814453125,0.00054931640625,0.004364013671875,N,1,2026-08-24_23-25-27,2026-08-25
1.0,1.0,0.9121621621621622,1.0,0.0,0.0,0.0,0.0,0.0,1.0,1.0,0.5479736328125,0.0850830078125,0.0364990234375,-0.001495361328125,-0.00360107421875,0.00396728515625,N,1,2026-08-24_23-25-27,2026-08-25
1.0,0.9987929993964997,0.9054054054054054,1.0,0.0,0.0,0.0,0.0,0.0,1.0,1.0,0.5496826171875,0.0911865234375,0.035888671875,-0.011260986328125,-0.0074462890625,0.011932373046875,N,1,2026-08-24_23-25-27,2026-08-25
1.0,1.0,0.8986486486486487,1.0,0.0,0.0,0.0,0.0,0.0,1.0,1.0,0.5498046875,0.0916748046875,0.0390625,-0.01751708984375,-0.01324462890625,0.01397705078125,N,1,2026-08-24_23-25-27,2026-08-25
1.0,0.9927579963789982,0.9099099099099099,1.0,0.0,0.0,0.0,0.0,0.0,1.0,1.0,0.5516357421875,0.076904296875,0.0234375,-0.01361083984375,-0.008270263671875,0.00628662109375,N,1,2026-08-24_23-25-27,2026-08-25
1.0,0.9915509957754979,0.9076576576576577,1.0,0.0,0.0,0.0,0.0,0.0,1.0,1.0,0.55224609375,0.0833740234375,0.033935546875,-0.011199951171875,-0.004730224609375,-0.00189208984375,N,1,2026-08-24_23-25-27,2026-08-25
1.0,0.9843089921544961,0.9076576576576577,1.0,0.0,0.0,0.0,0.0,0.0,1.0,1.0,0.557861328125,0.092529296875,0.0294189453125,-0.007110595703125,-0.003265380859375,0.003662109375,N,1,2026-08-24_23-25-27,2026-08-25
1.0,0.996378998189499,0.9301801801801802,1.0,0.0,0.0,0.0,0.0,0.0,1.0,1.0,0.557861328125,0.0887451171875,0.02294921875,-0.011871337890625,-0.0120849609375,0.00634765625,N,1,2026-08-24_23-25-27,2026-08-25
1.0,0.9975859987929994,0.9099099099099099,1.0,0.0,0.0,0.0,0.0,0.0,1.0,1.0,0.55712890625,0.08984375,0.0274658203125,-0.018707275390625,-0.009185791015625,0.00250244140625,N,1,2026-08-24_23-25-27,2026-08-25
1.0,0.9939649969824985,0.8986486486486487,1.0,0.0,0.0,0.0,0.0,0.0,1.0,1.0,0.5509033203125,0.092041015625,0.0262451171875,-0.003204345703125,-0.00299072265625,-0.000946044921875,N,1,2026-08-24_23-25-27,2026-08-25
1.0,0.996378998189499,0.8963963963963963,1.0,0.0,0.0,0.0,0.0,0.0,1.0,1.0,0.5565185546875,0.083251953125,0.02685546875,0.004241943359375,-0.0009765625,0.003173828125,N,1,2026-08-24_23-25-27,2026-08-25
1.0,0.9927579963789982,0.9121621621621622,1.0,0.0,0.0,0.0,0.0,0.0,1.0,1.0,0.557373046875,0.0784912109375,0.0244140625,-0.010955810546875,-0.007659912109375,0.005218505859375,N,1,2026-08-24_23-25-27,2026-08-25
1.0,0.9951719975859988,0.9054054054054054,1.0,0.0,0.0,0.0,0.0,0.0,1.0,1.0,0.5504150390625,0.095947265625,0.030029296875,-0.027984619140625,-0.00213623046875,0.00567626953125,N,1,2026-08-24_23-25-27,2026-08-25
1.0,0.9975859987929994,0.9054054054054054,1.0,0.0,0.0,0.0,0.0,0.0,1.0,1.0,0.5523681640625,0.0855712890625,0.0291748046875,-0.019439697265625,0.001708984375,0.005218505859375,N,1,2026-08-24_23-25-27,2026-08-25
1.0,0.9891369945684972,0.9076576576576577,1.0,0.0,0.0,0.0,0.0,0.0,1.0,1.0,0.549560546875,0.07763671875,0.029052734375,-0.01556396484375,-0.000244140625,-6.103515625e-05,N,1,2026-08-24_23-25-27,2026-08-25
1.0,1.0,0.9076576576576577,1.0,0.0,0.0,0.0,0.0,0.0,1.0,1.0,0.5501708984375,0.0921630859375,0.0369873046875,-0.015380859375,0.00079345703125,0.004180908203125,N,1,2026-08-24_23-25-27,2026-08-25
1.0,0.987929993964997,0.8873873873873874,1.0,0.0,0.0,0.0,0.0,0.0,1.0,1.0,0.5567626953125,0.0906982421875,0.0452880859375,-0.024993896484375,-0.011474609375,0.011444091796875,N,1,2026-08-24_23-25-27,2026-08-25
1.0,0.9891369945684972,0.9256756756756757,1.0,0.0,0.0,0.0,0.0,0.0,1.0,1.0,0.54296875,0.0841064453125,0.0335693359375,-0.025909423828125,-0.01153564453125,0.01043701171875,N,1,2026-08-24_23-25-27,2026-08-25
1.0,0.9951719975859988,0.9076576576576577,1.0,0.0,0.0,0.0,0.0,0.0,1.0,1.0,0.5469970703125,0.0841064453125,0.0345458984375,-0.021026611328125,-0.001739501953125,0.00543212890625,N,1,2026-08-24_23-25-27,2026-08-25
1.0,0.9939649969824985,0.9211711711711712,1.0,0.0,0.0,0.0,0.0,0.0,1.0,1.0,0.5537109375,0.0921630859375,0.04052734375,-0.027618408203125,0.00726318359375,0.010772705078125,N,1,2026-08-24_23-25-27,2026-08-25
1.0,0.996378998189499,0.9054054054054054,1.0,0.0,0.0,0.0,0.0,0.0,1.0,1.0,0.55615234375,0.0958251953125,0.02392578125,-0.036468505859375,-0.015594482421875,0.025177001953125,N,1,2026-08-24_23-25-27,2026-08-25
1.0,0.9951719975859988,0.9099099099099099,1.0,0.0,0.0,0.0,0.0,0.0,1.0,1.0,0.5560302734375,0.08837890625,0.0338134765625,-0.0306396484375,-0.023773193359375,0.024169921875,N,1,2026-08-24_23-25-27,2026-08-25
1.0,0.9927579963789982,0.9054054054054054,1.0,0.0,0.0,0.0,0.0,0.0,1.0,1.0,0.547607421875,0.0772705078125,0.02880859375,-0.011749267578125,-0.016448974609375,0.015716552734375,N,1,2026-08-24_23-25-27,2026-08-25
1.0,0.9867229933614967,0.9009009009009009,1.0,0.0,0.0,0.0,0.0,0.0,1.0,0.0,0.5533447265625,0.0772705078125,0.027099609375,-0.001373291015625,-0.007843017578125,0.007110595703125,N,1,2026-08-24_23-25-27,2026-08-25
1.0,0.996378998189499,0.9076576576576577,1.0,0.0,0.0,0.0,0.0,0.0,1.0,0.0,0.5496826171875,0.0677490234375,0.016357421875,-0.02239990234375,-0.019439697265625,0.0107421875,N,1,2026-08-24_23-25-27,2026-08-25
1.0,1.0,1.0,1.0,0.0,0.0,0.0,0.0,0.0,1.0,1.0,0.547607421875,0.10498046875,0.0709228515625,-0.004547119140625,-0.008514404296875,0.00830078125,N,2,2026-08-24_23-25-27,2026-08-25
1.0,0.9891369945684972,0.9819819819819819,1.0,0.012738853503184714,0.0,0.0,0.0,0.0,1.0,1.0,0.5504150390625,0.09765625,0.0711669921875,-0.003204345703125,-0.006988525390625,0.0108642578125,N,2,2026-08-24_23-25-27,2026-08-25
1.0,1.0,1.0,1.0,0.025477707006369428,0.0,0.0,0.0,0.0,1.0,1.0,0.5460205078125,0.0943603515625,0.078369140625,-0.008331298828125,-0.01129150390625,0.006134033203125,N,2,2026-08-24_23-25-27,2026-08-25
1.0,1.0,1.0,1.0,0.08917197452229299,0.0,0.0,0.0,0.0,1.0,1.0,0.5479736328125,0.0992431640625,0.073974609375,-0.011932373046875,-0.0155029296875,0.005126953125,N,2,2026-08-24_23-25-27,2026-08-25
1.0,1.0,1.0,1.0,0.0,0.0,0.0,0.0,0.0,1.0,1.0,0.5450439453125,0.1048583984375,0.0731201171875,-0.014739990234375,-0.012054443359375,0.007720947265625,N,2,2026-08-24_23-25-27,2026-08-25
1.0,1.0,1.0,1.0,0.06369426751592357,0.0,0.0,0.0,0.0,1.0,1.0,0.5450439453125,0.1024169921875,0.0841064453125,-0.012054443359375,-0.01544189453125,0.00994873046875,N,2,2026-08-24_23-25-27,2026-08-25
1.0,0.996378998189499,1.0,1.0,0.012738853503184714,0.0,0.0,0.0,0.0,1.0,1.0,0.5439453125,0.101318359375,0.072998046875,-0.000885009765625,-0.00970458984375,0.007904052734375,N,2,2026-08-24_23-25-27,2026-08-25
1.0,0.9855159927579964,0.990990990990991,1.0,0.12738853503184713,0.0,0.0,0.0,0.0,1.0,1.0,0.5467529296875,0.0982666015625,0.075927734375,6.103515625e-05,-0.015380859375,0.006103515625,N,2,2026-08-24_23-25-27,2026-08-25
1.0,0.9710319855159928,0.9864864864864865,1.0,0.0,0.0,0.0,0.0,0.0,1.0,1.0,0.545654296875,0.0953369140625,0.0748291015625,-0.006744384765625,-0.015228271484375,0.006561279296875,N,2,2026-08-24_23-25-27,2026-08-25
1.0,0.9818949909474954,0.9819819819819819,1.0,0.050955414012738856,0.0,0.0,0.0,0.0,1.0,1.0,0.54931640625,0.100341796875,0.0745849609375,-0.01556396484375,-0.010894775390625,0.009368896484375,N,2,2026-08-24_23-25-27,2026-08-25
1.0,0.9843089921544961,1.0,1.0,0.0,0.0,0.0,0.0,0.0,1.0,1.0,0.5487060546875,0.1060791015625,0.072021484375,-0.01519775390625,-0.011260986328125,0.01171875,N,2,2026-08-24_23-25-27,2026-08-25
1.0,1.0,1.0,1.0,0.03821656050955414,0.0,0.0,0.0,0.0,1.0,1.0,0.546630859375,0.09326171875,0.06982421875,-0.002960205078125,-0.010009765625,0.007598876953125,N,2,2026-08-24_23-25-27,2026-08-25
1.0,0.987929993964997,0.9774774774774775,1.0,0.0,0.0,0.0,0.0,0.0,1.0,1.0,0.5404052734375,0.09814453125,0.0740966796875,0.001739501953125,-0.004119873046875,0.004547119140625,N,2,2026-08-24_23-25-27,2026-08-25
1.0,1.0,1.0,1.0,0.012738853503184714,0.0,0.0,0.0,0.0,1.0,1.0,0.553466796875,0.0936279296875,0.06884765625,-0.006317138671875,-0.009033203125,0.0035400390625,N,2,2026-08-24_23-25-27,2026-08-25
1.0,0.9806879903439951,0.9774774774774775,1.0,0.0,0.0,0.0,0.0,0.0,1.0,1.0,0.5504150390625,0.1029052734375,0.0738525390625,-0.012603759765625,-0.01324462890625,0.007354736328125,N,2,2026-08-24_23-25-27,2026-08-25
1.0,0.9975859987929994,1.0,1.0,0.03821656050955414,0.0,0.0,0.0,0.0,1.0,1.0,0.5540771484375,0.09521484375,0.0645751953125,-0.01312255859375,-0.010498046875,0.007354736328125,N,2,2026-08-24_23-25-27,2026-08-25
1.0,0.9987929993964997,0.9887387387387387,1.0,0.0,0.0,0.0,0.0,0.0,1.0,1.0,0.5511474609375,0.108154296875,0.0782470703125,-0.016204833984375,-0.0169677734375,0.00341796875,N,2,2026-08-24_23-25-27,2026-08-25
1.0,0.9891369945684972,1.0,1.0,0.0,0.0,0.0,0.0,0.0,1.0,1.0,0.549560546875,0.099609375,0.0677490234375,-0.003387451171875,-0.01318359375,0.008148193359375,N,2,2026-08-24_23-25-27,2026-08-25
1.0,1.0,1.0,1.0,0.03821656050955414,0.0,0.0,0.0,0.0,1.0,1.0,0.541748046875,0.0867919921875,0.0601806640625,-0.01910400390625,-0.00146484375,-0.005218505859375,N,2,2026-08-24_23-25-27,2026-08-25
1.0,1.0,1.0,1.0,0.0,0.0,0.0,0.0,0.0,1.0,1.0,0.545166015625,0.0975341796875,0.076171875,-0.0166015625,0.00115966796875,-0.0042724609375,N,2,2026-08-24_23-25-27,2026-08-25
1.0,1.0,1.0,1.0,0.0,0.0,0.0,0.0,0.0,1.0,1.0,0.550537109375,0.0863037109375,0.0654296875,-0.015411376953125,-0.003326416015625,-0.00018310546875,N,2,2026-08-24_23-25-27,2026-08-25
1.0,1.0,0.9887387387387387,1.0,0.0,0.0,0.0,0.0,0.0,1.0,1.0,0.5450439453125,0.098876953125,0.0732421875,-0.02874755859375,-0.00653076171875,-0.00469970703125,N,2,2026-08-24_23-25-27,2026-08-25
1.0,1.0,0.9932432432432432,1.0,0.0,0.0,0.0,0.0,0.0,1.0,1.0,0.5469970703125,0.101806640625,0.0751953125,-0.02337646484375,-0.00323486328125,0.001983642578125,N,2,2026-08-24_23-25-27,2026-08-25
1.0,1.0,1.0,1.0,0.012738853503184714,0.0,0.0,0.0,0.0,1.0,1.0,0.5450439453125,0.089599609375,0.0655517578125,-0.036956787109375,-0.0045166015625,-0.0076904296875,N,2,2026-08-24_23-25-27,2026-08-25
1.0,0.9806879903439951,0.9842342342342343,1.0,0.025477707006369428,0.0,0.0,0.0,0.0,1.0,1.0,0.534423828125,0.0855712890625,0.0709228515625,-0.04827880859375,-0.00103759765625,-0.01318359375,N,2,2026-08-24_23-25-27,2026-08-25
1.0,0.9939649969824985,0.9797297297297297,1.0,0.012738853503184714,0.0,0.0,0.0,0.0,1.0,1.0,0.5469970703125,0.079345703125,0.07958984375,-0.062652587890625,0.001739501953125,-0.017730712890625,N,2,2026-08-24_23-25-27,2026-08-25
1.0,0.9806879903439951,1.0,1.0,0.0,0.0,0.0,0.0,0.0,1.0,1.0,0.5457763671875,0.0908203125,0.0770263671875,-0.087188720703125,-0.00213623046875,-0.02105712890625,N,2,2026-08-24_23-25-27,2026-08-25
1.0,0.9939649969824985,0.9977477477477478,1.0,0.012738853503184714,0.0,0.0,0.0,0.0,1.0,1.0,0.547119140625,0.0982666015625,0.0931396484375,-0.106048583984375,-0.001708984375,-0.020660400390625,N,2,2026-08-24_23-25-27,2026-08-25
1.0,0.9831019915509958,0.9977477477477478,1.0,0.0,0.0,0.0,0.0,0.0,1.0,1.0,0.5455322265625,0.1226806640625,0.08642578125,-0.10162353515625,-0.00640869140625,-0.013275146484375,N,2,2026-08-24_23-25-27,2026-08-25
1.0,0.9987929993964997,1.0,1.0,0.03821656050955414,0.0,0.0,0.0,0.0,1.0,1.0,0.5439453125,0.1220703125,0.074951171875,-0.067474365234375,-0.006256103515625,-0.006744384765625,N,2,2026-08-24_23-25-27,2026-08-25
1.0,0.9843089921544961,0.9932432432432432,1.0,0.012738853503184714,0.0,0.0,0.0,0.0,1.0,1.0,0.550537109375,0.1297607421875,0.081298828125,-0.04376220703125,-0.007049560546875,-0.002777099609375,N,2,2026-08-24_23-25-27,2026-08-25
1.0,0.9915509957754979,1.0,1.0,0.0,0.0,0.0,0.0,0.0,1.0,1.0,0.55029296875,0.133544921875,0.0848388671875,-0.021392822265625,-0.010467529296875,0.009979248046875,N,2,2026-08-24_23-25-27,2026-08-25
1.0,0.9891369945684972,0.9887387387387387,1.0,0.025477707006369428,0.0,0.0,0.0,0.0,1.0,1.0,0.5478515625,0.0926513671875,0.070556640625,-0.0106201171875,-0.00994873046875,0.0096435546875,N,2,2026-08-24_23-25-27,2026-08-25
1.0,0.9975859987929994,1.0,1.0,0.0,0.0,0.0,0.0,0.0,1.0,1.0,0.54248046875,0.0943603515625,0.0792236328125,-0.02740478515625,-0.010894775390625,0.00128173828125,N,2,2026-08-24_23-25-27,2026-08-25
1.0,0.9891369945684972,1.0,1.0,0.025477707006369428,0.0,0.0,0.0,0.0,1.0,1.0,0.54541015625,0.118408203125,0.0836181640625,-0.02587890625,-0.005889892578125,0.017486572265625,N,2,2026-08-24_23-25-27,2026-08-25
1.0,0.9806879903439951,0.9774774774774775,1.0,0.0,0.0,0.0,0.0,0.0,1.0,1.0,0.555908203125,0.0970458984375,0.0712890625,-0.014129638671875,-0.014556884765625,0.021392822265625,N,2,2026-08-24_23-25-27,2026-08-25
1.0,1.0,0.9932432432432432,1.0,0.012738853503184714,0.0,0.0,0.0,0.0,1.0,1.0,0.541748046875,0.077880859375,0.0665283203125,-0.011138916015625,-0.01654052734375,0.001953125,N,2,2026-08-24_23-25-27,2026-08-25
1.0,1.0,1.0,1.0,0.0,0.0,0.0,0.0,0.0,1.0,1.0,0.5433349609375,0.1011962890625,0.0743408203125,-0.002410888671875,-0.003753662109375,-0.00189208984375,N,2,2026-08-24_23-25-27,2026-08-25
1.0,1.0,0.9572072072072072,1.0,0.0,0.0,0.0,0.0,0.0,1.0,1.0,0.5501708984375,0.088134765625,0.0654296875,-0.009521484375,-0.009033203125,0.0003662109375,N,2,2026-08-24_23-25-27,2026-08-25
1.0,0.9867229933614967,0.9774774774774775,1.0,0.0,0.0,0.0,0.0,0.0,1.0,1.0,0.5458984375,0.1124267578125,0.0726318359375,-0.022003173828125,-0.00616455078125,0.00079345703125,N,2,2026-08-24_23-25-27,2026-08-25
1.0,0.996378998189499,1.0,1.0,0.0,0.0,0.0,0.0,0.0,1.0,1.0,0.5455322265625,0.1026611328125,0.0159912109375,-0.012298583984375,-0.013336181640625,0.005523681640625,N,3,2026-08-24_23-25-27,2026-08-25
1.0,0.9927579963789982,1.0,1.0,0.0,0.0,0.0,0.0,0.0,1.0,1.0,0.555908203125,0.088623046875,0.0177001953125,-0.009185791015625,-0.003265380859375,0.002716064453125,N,3,2026-08-24_23-25-27,2026-08-25
1.0,0.9867229933614967,0.9774774774774775,1.0,0.0,0.0,0.0,0.0,0.0,1.0,1.0,0.5557861328125,0.089599609375,0.020751953125,-0.01202392578125,-0.001190185546875,0.001953125,N,3,2026-08-24_23-25-27,2026-08-25
1.0,0.9927579963789982,0.9797297297297297,1.0,0.0,0.0,0.0,0.0,0.0,1.0,1.0,0.5567626953125,0.0858154296875,0.0152587890625,-0.010589599609375,-0.004791259765625,0.006072998046875,N,3,2026-08-24_23-25-27,2026-08-25
1.0,0.9843089921544961,0.9864864864864865,1.0,0.0,0.0,0.0,0.0,0.0,1.0,1.0,0.5543212890625,0.0841064453125,0.022216796875,-0.018280029296875,-0.00860595703125,0.00665283203125,N,3,2026-08-24_23-25-27,2026-08-25
1.0,0.9831019915509958,0.9774774774774775,1.0,0.0,0.0,0.0,0.0,0.0,1.0,1.0,0.555908203125,0.0859375,0.0234375,-0.015167236328125,-0.005706787109375,0.008575439453125,N,3,2026-08-24_23-25-27,2026-08-25
1.0,0.9831019915509958,1.0,1.0,0.06369426751592357,0.0,0.0,0.0,0.0,1.0,1.0,0.5546875,0.083740234375,0.0247802734375,-0.021240234375,-0.007049560546875,0.00311279296875,N,3,2026-08-24_23-25-27,2026-08-25
1.0,0.9867229933614967,0.9864864864864865,1.0,0.0,0.0,0.0,0.0,0.0,1.0,1.0,0.551513671875,0.0938720703125,0.03369140625,-0.0140380859375,-0.0107421875,0.002532958984375,N,3,2026-08-24_23-25-27,2026-08-25
1.0,0.9806879903439951,0.9887387387387387,1.0,0.025477707006369428,0.0,0.0,0.0,0.0,1.0,1.0,0.5516357421875,0.083740234375,0.0225830078125,-0.003387451171875,-0.01251220703125,0.00396728515625,N,3,2026-08-24_23-25-27,2026-08-25
1.0,0.9843089921544961,0.9752252252252253,1.0,0.06369426751592357,0.0,0.0,0.0,0.0,1.0,1.0,0.5506591796875,0.0865478515625,0.025634765625,-0.01806640625,-0.015350341796875,0.00164794921875,N,3,2026-08-24_23-25-27,2026-08-25
1.0,0.9951719975859988,1.0,1.0,0.0,0.0,0.0,0.0,0.0,1.0,1.0,0.5482177734375,0.095947265625,0.025390625,-0.016510009765625,-0.011749267578125,0.008758544921875,N,3,2026-08-24_23-25-27,2026-08-25
1.0,0.9794809897404949,0.9977477477477478,1.0,0.012738853503184714,0.0,0.0,0.0,0.0,1.0,1.0,0.55517578125,0.092041015625,0.0272216796875,-0.0101318359375,-0.010040283203125,0.0111083984375,N,3,2026-08-24_23-25-27,2026-08-25
1.0,0.996378998189499,1.0,1.0,0.0,0.0,0.0,0.0,0.0,1.0,1.0,0.55322265625,0.09375,0.0230712890625,0.00079345703125,-0.021759033203125,0.010894775390625,N,3,2026-08-24_23-25-27,2026-08-25
1.0,0.9915509957754979,1.0,1.0,0.0,0.0,0.0,0.0,0.0,1.0,1.0,0.548828125,0.0792236328125,0.0146484375,-0.000518798828125,-0.014892578125,0.00115966796875,N,3,2026-08-24_23-25-27,2026-08-25
1.0,0.9927579963789982,0.9932432432432432,1.0,0.0,0.0,0.0,0.0,0.0,1.0,1.0,0.5555419921875,0.0833740234375,0.01806640625,-0.006134033203125,-0.00640869140625,0.0010986328125,N,3,2026-08-24_23-25-27,2026-08-25
1.0,0.9975859987929994,1.0,1.0,0.06369426751592357,0.0,0.0,0.0,0.0,1.0,1.0,0.5560302734375,0.0865478515625,0.0179443359375,-0.0145263671875,-0.008148193359375,0.004302978515625,N,3,2026-08-24_23-25-27,2026-08-25
1.0,1.0,1.0,1.0,0.03821656050955414,0.0,0.0,0.0,0.0,1.0,1.0,0.555908203125,0.0863037109375,0.0167236328125,-0.0068359375,-0.004913330078125,0.0045166015625,N,3,2026-08-24_23-25-27,2026-08-25
1.0,1.0,1.0,1.0,0.025477707006369428,0.0,0.0,0.0,0.0,1.0,1.0,0.5665283203125,0.0894775390625,0.02294921875,-0.0042724609375,-0.010650634765625,0.000701904296875,N,3,2026-08-24_23-25-27,2026-08-25
1.0,0.9927579963789982,1.0,1.0,0.03821656050955414,0.0,0.0,0.0,0.0,1.0,1.0,0.553955078125,0.091064453125,0.0159912109375,-0.012939453125,-0.01727294921875,0.00299072265625,N,3,2026-08-24_23-25-27,2026-08-25
1.0,0.9770669885334943,0.9774774774774775,1.0,0.03821656050955414,0.0,0.0,0.0,0.0,1.0,1.0,0.55322265625,0.0904541015625,0.0167236328125,-0.014892578125,-0.00811767578125,0.007720947265625,N,3,2026-08-24_23-25-27,2026-08-25
1.0,0.9975859987929994,1.0,1.0,0.0,0.0,0.0,0.0,0.0,1.0,1.0,0.5635986328125,0.0860595703125,0.0223388671875,-0.01812744140625,-0.007781982421875,0.004730224609375,N,3,2026-08-24_23-25-27,2026-08-25
1.0,0.9903439951719976,0.9954954954954955,1.0,0.0,0.0,0.0,0.0,0.0,1.0,1.0,0.5511474609375,0.0869140625,0.01513671875,-0.00927734375,-0.0096435546875,-0.000274658203125,N,3,2026-08-24_23-25-27,2026-08-25
1.0,1.0,0.9932432432432432,1.0,0.0,0.0,0.0,0.0,0.0,1.0,1.0,0.557861328125,0.092041015625,0.0220947265625,0.00384521484375,-0.004669189453125,0.00115966796875,N,3,2026-08-24_23-25-27,2026-08-25
1.0,0.9915509957754979,1.0,1.0,0.025477707006369428,0.0,0.0,0.0,0.0,1.0,1.0,0.55859375,0.0859375,0.021728515625,0.0029296875,-0.014984130859375,0.004608154296875,N,3,2026-08-24_23-25-27,2026-08-25
1.0,0.9903439951719976,0.990990990990991,1.0,0.0,0.0,0.0,0.0,0.0,1.0,1.0,0.5491943359375,0.0848388671875,0.018310546875,-0.0106201171875,-0.01190185546875,0.00360107421875,N,3,2026-08-24_23-25-27,2026-08-25
1.0,0.9806879903439951,0.990990990990991,1.0,0.03821656050955414,0.0,0.0,0.0,0.0,1.0,1.0,0.5498046875,0.080322265625,0.018798828125,-0.014617919921875,-0.004638671875,0.000518798828125,N,3,2026-08-24_23-25-27,2026-08-25
1.0,0.9794809897404949,0.9774774774774775,1.0,0.012738853503184714,0.0,0.0,0.0,0.0,1.0,1.0,0.54638671875,0.08154296875,0.0167236328125,-0.018402099609375,0.0045166015625,-0.006439208984375,N,3,2026-08-24_23-25-27,2026-08-25
1.0,1.0,0.9887387387387387,1.0,0.012738853503184714,0.0,0.0,0.0,0.0,1.0,1.0,0.5521240234375,0.0921630859375,0.0233154296875,-0.010650634765625,-0.002410888671875,-0.00372314453125,N,3,2026-08-24_23-25-27,2026-08-25
1.0,0.9794809897404949,1.0,1.0,0.0,0.0,0.0,0.0,0.0,1.0,1.0,0.55322265625,0.0919189453125,0.01806640625,-0.008575439453125,-0.007598876953125,0.00372314453125,N,3,2026-08-24_23-25-27,2026-08-25
1.0,0.9867229933614967,0.9977477477477478,1.0,0.025477707006369428,0.0,0.0,0.0,0.0,1.0,1.0,0.55126953125,0.0948486328125,0.0157470703125,-0.013641357421875,-0.0107421875,0.00811767578125,N,3,2026-08-24_23-25-27,2026-08-25
1.0,0.9915509957754979,0.9954954954954955,1.0,0.0,0.0,0.0,0.0,0.0,1.0,1.0,0.5450439453125,0.0875244140625,0.0189208984375,-0.01849365234375,-0.004302978515625,0.0050048828125,N,3,2026-08-24_23-25-27,2026-08-25
1.0,1.0,0.9842342342342343,1.0,0.0,0.0,0.0,0.0,0.0,1.0,1.0,0.55517578125,0.0894775390625,0.0242919921875,-0.01763916015625,0.001007080078125,0.00225830078125,N,3,2026-08-24_23-25-27,2026-08-25
1.0,0.987929993964997,1.0,1.0,0.0,0.0,0.0,0.0,0.0,1.0,1.0,0.5556640625,0.0902099609375,0.0206298828125,-0.011871337890625,-0.004638671875,0.00341796875,N,3,2026-08-24_23-25-27,2026-08-25
1.0,1.0,0.9977477477477478,1.0,0.0,0.0,0.0,0.0,0.0,1.0,1.0,0.5526123046875,0.090576171875,0.020263671875,-0.012969970703125,-0.010284423828125,0.004150390625,N,3,2026-08-24_23-25-27,2026-08-25
1.0,0.9915509957754979,1.0,1.0,0.0,0.0,0.0,0.0,0.0,1.0,1.0,0.553466796875,0.090087890625,0.01904296875,-0.012481689453125,-0.01190185546875,0.0054931640625,N,3,2026-08-24_23-25-27,2026-08-25
1.0,1.0,1.0,1.0,0.06369426751592357,0.0,0.0,0.0,0.0,1.0,1.0,0.5484619140625,0.0919189453125,0.018310546875,-0.01531982421875,-0.01177978515625,0.006134033203125,N,3,2026-08-24_23-25-27,2026-08-25
1.0,0.987929993964997,0.9842342342342343,1.0,0.0,0.0,0.0,0.0,0.0,1.0,1.0,0.550048828125,0.0831298828125,0.010986328125,-0.011871337890625,-0.001861572265625,0.00299072265625,N,3,2026-08-24_23-25-27,2026-08-25
1.0,0.9975859987929994,0.9887387387387387,1.0,0.025477707006369428,0.0,0.0,0.0,0.0,1.0,1.0,0.551025390625,0.08740234375,0.0126953125,-0.02142333984375,-0.00152587890625,3.0517578125e-05,N,3,2026-08-24_23-25-27,2026-08-25
1.0,0.9951719975859988,0.990990990990991,1.0,0.0,0.0,0.0,0.0,0.0,1.0,1.0,0.5589599609375,0.0908203125,0.0255126953125,-0.010345458984375,-0.002471923828125,0.005584716796875,N,3,2026-08-24_23-25-27,2026-08-25
1.0,0.9855159927579964,0.972972972972973,1.0,0.0,0.0,0.0,0.0,0.0,1.0,1.0,0.5513916015625,0.0771484375,0.019287109375,-0.012603759765625,-0.0137939453125,0.002044677734375,N,3,2026-08-24_23-25-27,2026-08-25
1.0,0.9806879903439951,0.9684684684684685,1.0,0.0,0.0,0.0,1.0,0.0,1.0,1.0,0.5533447265625,0.0799560546875,-0.012939453125,-0.012481689453125,-0.02081298828125,-0.000213623046875,N,4,2026-08-24_23-25-27,2026-08-25
1.0,0.9939649969824985,0.9774774774774775,1.0,0.12738853503184713,0.0,0.0,1.0,0.0,1.0,1.0,0.557861328125,0.0830078125,-0.0098876953125,-0.014404296875,-0.009552001953125,-0.003570556640625,N,4,2026-08-24_23-25-27,2026-08-25
1.0,1.0,0.9977477477477478,1.0,0.11464968152866242,0.0,0.0,1.0,0.0,1.0,1.0,0.5635986328125,0.085693359375,-0.0081787109375,-0.015472412109375,-0.01519775390625,-0.000823974609375,N,4,2026-08-24_23-25-27,2026-08-25
1.0,0.9806879903439951,0.9707207207207207,1.0,0.0,0.0,0.0,1.0,1.0,1.0,1.0,0.5545654296875,0.0770263671875,-0.0189208984375,-0.01531982421875,-0.022003173828125,-0.004638671875,N,4,2026-08-24_23-25-27,2026-08-25
1.0,0.9806879903439951,1.0,1.0,0.0,0.0,0.0,1.0,0.0,1.0,1.0,0.5540771484375,0.085693359375,-0.02099609375,-0.0130615234375,-0.021270751953125,-0.007781982421875,N,4,2026-08-24_23-25-27,2026-08-25
1.0,0.9806879903439951,0.9752252252252253,1.0,0.0,0.0,0.0,1.0,0.0,1.0,1.0,0.556884765625,0.0850830078125,-0.0208740234375,-0.013153076171875,-0.013275146484375,-0.00775146484375,N,4,2026-08-24_23-25-27,2026-08-25
1.0,0.9927579963789982,0.9887387387387387,1.0,0.03821656050955414,0.0,0.0,1.0,0.0,1.0,1.0,0.5513916015625,0.0887451171875,-0.0164794921875,-0.013397216796875,-0.001556396484375,-0.005767822265625,N,4,2026-08-24_23-25-27,2026-08-25
1.0,0.9915509957754979,0.9842342342342343,1.0,0.0,0.0,0.0,1.0,0.0,1.0,1.0,0.559326171875,0.086181640625,-0.009765625,-0.013153076171875,0.001708984375,-0.00457763671875,N,4,2026-08-24_23-25-27,2026-08-25
1.0,0.9915509957754979,0.9864864864864865,1.0,0.03821656050955414,0.0,0.0,1.0,0.0,1.0,1.0,0.5545654296875,0.0865478515625,-0.007080078125,-0.012237548828125,-0.009124755859375,-0.004638671875,N,4,2026-08-24_23-25-27,2026-08-25
1.0,0.9927579963789982,0.9842342342342343,1.0,0.0,0.0,0.0,1.0,0.0,1.0,1.0,0.5489501953125,0.0869140625,-0.005859375,-0.0107421875,-0.01226806640625,-0.0030517578125,N,4,2026-08-24_23-25-27,2026-08-25
1.0,0.9843089921544961,0.9864864864864865,1.0,0.0,0.0,0.0,1.0,0.0,1.0,1.0,0.5499267578125,0.0855712890625,-0.002685546875,-0.011749267578125,-0.0067138671875,-0.0040283203125,N,4,2026-08-24_23-25-27,2026-08-25
1.0,0.9867229933614967,1.0,1.0,0.0,0.0,0.0,1.0,0.0,1.0,1.0,0.54638671875,0.090087890625,-0.0059814453125,-0.00860595703125,-0.0006103515625,-0.003814697265625,N,4,2026-08-24_23-25-27,2026-08-25
1.0,0.9927579963789982,0.990990990990991,1.0,0.0,0.0,0.0,1.0,0.0,1.0,1.0,0.5513916015625,0.08642578125,0.00341796875,-0.00396728515625,-0.006072998046875,-0.0013427734375,N,4,2026-08-24_23-25-27,2026-08-25
1.0,0.987929993964997,0.9932432432432432,1.0,0.0,0.0,0.0,1.0,0.0,1.0,1.0,0.5487060546875,0.0843505859375,-0.00244140625,-0.008880615234375,-0.008392333984375,-0.001953125,N,4,2026-08-24_23-25-27,2026-08-25
1.0,0.9855159927579964,0.9774774774774775,1.0,0.0,0.0,0.0,1.0,0.0,1.0,1.0,0.551025390625,0.0919189453125,0.000732421875,-0.01373291015625,-0.015625,0.001373291015625,N,4,2026-08-24_23-25-27,2026-08-25
1.0,0.9818949909474954,0.972972972972973,1.0,0.0,0.0,0.0,1.0,0.0,1.0,1.0,0.5455322265625,0.096435546875,0.0029296875,-0.01800537109375,-0.021484375,0.0062255859375,N,4,2026-08-24_23-25-27,2026-08-25
1.0,0.9867229933614967,0.9797297297297297,1.0,0.012738853503184714,0.0,0.0,1.0,1.0,1.0,1.0,0.5474853515625,0.09912109375,-0.003173828125,-0.005035400390625,-0.017791748046875,0.009918212890625,N,4,2026-08-24_23-25-27,2026-08-25
1.0,0.9939649969824985,1.0,1.0,0.0,0.0,0.0,1.0,0.0,1.0,1.0,0.555419921875,0.078125,-0.014892578125,-0.002288818359375,-0.016845703125,0.0042724609375,N,4,2026-08-24_23-25-27,2026-08-25
1.0,0.9831019915509958,0.9774774774774775,1.0,0.012738853503184714,0.0,0.0,1.0,1.0,1.0,1.0,0.5462646484375,0.094970703125,-0.0107421875,-0.011993408203125,-0.012725830078125,0.0062255859375,N,4,2026-08-24_23-25-27,2026-08-25
1.0,0.987929993964997,0.990990990990991,1.0,0.0,0.0,0.0,0.0,0.0,1.0,1.0,0.55517578125,0.0894775390625,-0.01806640625,-0.01287841796875,-0.011444091796875,0.01092529296875,N,4,2026-08-24_23-25-27,2026-08-25
1.0,1.0,1.0,1.0,0.025477707006369428,0.0,0.0,1.0,0.0,1.0,1.0,0.5577392578125,0.0880126953125,-0.01416015625,-0.027008056640625,-0.01422119140625,0.007232666015625,N,4,2026-08-24_23-25-27,2026-08-25
1.0,0.9951719975859988,0.9774774774774775,1.0,0.0,0.0,0.0,1.0,0.0,1.0,1.0,0.555908203125,0.093505859375,-0.0115966796875,-0.01470947265625,-0.01348876953125,0.010009765625,N,4,2026-08-24_23-25-27,2026-08-25
1.0,0.996378998189499,1.0,1.0,0.0,0.0,0.0,1.0,0.0,1.0,1.0,0.5557861328125,0.0755615234375,-0.0155029296875,-0.00750732421875,-0.016632080078125,0.00811767578125,N,4,2026-08-24_23-25-27,2026-08-25
1.0,0.9806879903439951,0.990990990990991,1.0,0.0,0.0,0.0,1.0,0.0,1.0,1.0,0.5516357421875,0.0831298828125,-0.0198974609375,-0.00982666015625,-0.00860595703125,0.00299072265625,N,4,2026-08-24_23-25-27,2026-08-25
1.0,0.9915509957754979,0.9684684684684685,1.0,0.0,0.0,0.0,1.0,1.0,1.0,1.0,0.5565185546875,0.083251953125,-0.012939453125,-0.0078125,-0.012420654296875,0.005950927734375,N,4,2026-08-24_23-25-27,2026-08-25
1.0,0.9806879903439951,0.9977477477477478,1.0,0.0,0.0,0.0,1.0,0.0,1.0,1.0,0.5615234375,0.0830078125,-0.009033203125,-0.01983642578125,-0.01605224609375,0.004852294921875,N,4,2026-08-24_23-25-27,2026-08-25
1.0,0.9746529873264936,0.9977477477477478,1.0,0.012738853503184714,0.0,0.0,1.0,1.0,1.0,1.0,0.553955078125,0.0853271484375,-0.011962890625,-0.013580322265625,-0.01519775390625,0.00421142578125,N,4,2026-08-24_23-25-27,2026-08-25
1.0,0.987929993964997,0.9774774774774775,1.0,0.0,0.0,0.0,1.0,0.0,1.0,1.0,0.55224609375,0.08447265625,-0.010986328125,-0.00469970703125,-0.00701904296875,0.001373291015625,N,4,2026-08-24_23-25-27,2026-08-25
1.0,0.9770669885334943,0.9752252252252253,1.0,0.0,0.0,0.0,1.0,0.0,1.0,1.0,0.5537109375,0.0870361328125,-0.0150146484375,-0.0008544921875,-0.00384521484375,-0.000396728515625,N,4,2026-08-24_23-25-27,2026-08-25
1.0,0.9746529873264936,0.9977477477477478,1.0,0.03821656050955414,0.0,0.0,1.0,0.0,1.0,1.0,0.55078125,0.0804443359375,-0.01611328125,-0.005767822265625,-0.005218505859375,-0.000274658203125,N,4,2026-08-24_23-25-27,2026-08-25
1.0,0.9867229933614967,0.9864864864864865,1.0,0.012738853503184714,0.0,0.0,1.0,0.0,1.0,1.0,0.555908203125,0.0877685546875,-0.0059814453125,-0.00946044921875,-0.0078125,0.00201416015625,N,4,2026-08-24_23-25-27,2026-08-25
1.0,0.9891369945684972,0.9707207207207207,1.0,0.0,0.0,0.0,1.0,0.0,1.0,1.0,0.553955078125,0.08349609375,-0.0059814453125,-0.004486083984375,-0.010101318359375,0.002960205078125,N,4,2026-08-24_23-25-27,2026-08-25
1.0,0.9818949909474954,0.9662162162162162,1.0,0.0,0.0,0.0,1.0,0.0,1.0,1.0,0.5504150390625,0.0860595703125,-0.0069580078125,-0.0008544921875,-0.007659912109375,-0.0003662109375,N,4,2026-08-24_23-25-27,2026-08-25
1.0,0.9867229933614967,0.9774774774774775,1.0,0.0,0.0,0.0,1.0,0.0,1.0,1.0,0.5460205078125,0.082763671875,-0.01123046875,0.003326416015625,0.005126953125,-0.005859375,N,4,2026-08-24_23-25-27,2026-08-25
1.0,0.9915509957754979,0.9752252252252253,1.0,0.06369426751592357,0.0,0.0,1.0,0.0,1.0,1.0,0.5531005859375,0.0869140625,-0.0137939453125,0.000396728515625,0.00494384765625,-0.00616455078125,N,4,2026-08-24_23-25-27,2026-08-25
1.0,0.9806879903439951,0.9842342342342343,1.0,0.0,0.0,0.0,1.0,0.0,1.0,1.0,0.5592041015625,0.0919189453125,-0.0078125,-0.0001220703125,-0.00970458984375,0.0008544921875,N,4,2026-08-24_23-25-27,2026-08-25
1.0,0.9975859987929994,0.9752252252252253,1.0,0.0,0.0,0.0,1.0,0.0,1.0,1.0,0.554931640625,0.0794677734375,-0.0152587890625,-0.00469970703125,-0.024017333984375,0.003021240234375,N,4,2026-08-24_23-25-27,2026-08-25
1.0,0.9806879903439951,0.9932432432432432,1.0,0.0,0.0,0.0,1.0,0.0,1.0,1.0,0.5482177734375,0.083984375,-0.014892578125,-0.00933837890625,-0.0234375,-0.000885009765625,N,4,2026-08-24_23-25-27,2026-08-25
1.0,0.9927579963789982,0.990990990990991,1.0,0.0,0.0,0.0,1.0,0.0,1.0,1.0,0.547607421875,0.0904541015625,-0.0184326171875,-0.0137939453125,-0.015228271484375,0.001129150390625,N,4,2026-08-24_23-25-27,2026-08-25
1.0,0.9915509957754979,0.9797297297297297,1.0,0.012738853503184714,0.0,0.0,1.0,0.0,1.0,1.0,0.5545654296875,0.0943603515625,-0.0125732421875,-0.0184326171875,-0.012420654296875,0.00579833984375,N,4,2026-08-24_23-25-27,2026-08-25
1.0,0.9034399517199758,0.8581081081081081,1.0,0.8535031847133758,0.0,1.0,1.0,1.0,1.0,1.0,0.5487060546875,0.09814453125,-0.091796875,-0.020538330078125,-3.0517578125e-05,0.00469970703125,O,0,2026-08-24_23-25-27,2026-08-25
1.0,0.899818949909475,0.8558558558558559,1.0,0.8789808917197452,0.0,1.0,1.0,1.0,1.0,1.0,0.539306640625,0.0928955078125,-0.09423828125,-0.025634765625,-0.00250244140625,0.00518798828125,O,0,2026-08-24_23-25-27,2026-08-25
1.0,0.8986119493059747,0.8536036036036037,1.0,0.8407643312101911,0.0,1.0,1.0,1.0,1.0,1.0,0.543701171875,0.0953369140625,-0.0909423828125,-0.019775390625,-0.004638671875,0.0072021484375,O,0,2026-08-24_23-25-27,2026-08-25
1.0,0.9070609535304768,0.8918918918918919,0.9247311827956989,0.8280254777070064,0.0,1.0,1.0,1.0,1.0,1.0,0.540283203125,0.0950927734375,-0.091796875,-0.01739501953125,-0.003570556640625,0.00567626953125,O,0,2026-08-24_23-25-27,2026-08-25
1.0,0.9022329511164756,0.8265765765765766,0.956989247311828,0.9299363057324841,0.0,1.0,1.0,1.0,1.0,1.0,0.5440673828125,0.096435546875,-0.089111328125,-0.011383056640625,-0.003631591796875,0.006256103515625,O,0,2026-08-24_23-25-27,2026-08-25
1.0,0.9022329511164756,0.8693693693693694,0.9086021505376344,0.8662420382165605,0.0,1.0,1.0,1.0,1.0,1.0,0.5447998046875,0.0914306640625,-0.0919189453125,-0.013885498046875,-0.007537841796875,0.00482177734375,O,0,2026-08-24_23-25-27,2026-08-25
1.0,0.8805069402534701,0.8738738738738738,1.0,0.802547770700637,0.0,1.0,1.0,1.0,1.0,1.0,0.5421142578125,0.0870361328125,-0.0865478515625,-0.017913818359375,-0.0084228515625,0.0042724609375,O,0,2026-08-24_23-25-27,2026-08-25
1.0,0.9106819553409776,0.8738738738738738,1.0,0.89171974522293,0.0,1.0,1.0,1.0,1.0,1.0,0.540283203125,0.089111328125,-0.0938720703125,-0.02203369140625,-0.01141357421875,0.00494384765625,O,0,2026-08-24_23-25-27,2026-08-25
1.0,0.899818949909475,0.8918918918918919,1.0,0.89171974522293,0.0,1.0,1.0,1.0,1.0,1.0,0.537841796875,0.093017578125,-0.0926513671875,-0.022064208984375,-0.0103759765625,0.00543212890625,O,0,2026-08-24_23-25-27,2026-08-25
1.0,0.8853349426674714,0.8355855855855856,0.9946236559139785,0.9299363057324841,0.0,1.0,1.0,1.0,1.0,1.0,0.5362548828125,0.09326171875,-0.0958251953125,-0.018402099609375,-0.00775146484375,0.006622314453125,O,0,2026-08-24_23-25-27,2026-08-25
1.0,0.8974049487024743,0.8648648648648649,1.0,0.9044585987261147,0.0,1.0,1.0,1.0,1.0,1.0,0.5428466796875,0.0889892578125,-0.0908203125,-0.014068603515625,-0.008026123046875,0.0068359375,O,0,2026-08-24_23-25-27,2026-08-25
1.0,0.9106819553409776,0.8986486486486487,1.0,1.0,0.0,1.0,1.0,1.0,1.0,1.0,0.539794921875,0.0908203125,-0.0946044921875,-0.0137939453125,-0.009979248046875,0.00537109375,O,0,2026-08-24_23-25-27,2026-08-25
1.0,0.9022329511164756,0.8693693693693694,0.9838709677419355,0.8152866242038217,0.0,1.0,1.0,1.0,1.0,1.0,0.5390625,0.0938720703125,-0.0919189453125,-0.013427734375,-0.011322021484375,0.0068359375,O,0,2026-08-24_23-25-27,2026-08-25
1.0,0.9022329511164756,0.8693693693693694,0.989247311827957,0.89171974522293,0.0,1.0,1.0,1.0,1.0,1.0,0.54150390625,0.091552734375,-0.0947265625,-0.0133056640625,-0.005767822265625,0.0081787109375,O,0,2026-08-24_23-25-27,2026-08-25
1.0,0.9010259505129753,0.8648648648648649,1.0,0.8789808917197452,0.0,1.0,1.0,1.0,1.0,1.0,0.54248046875,0.0953369140625,-0.0926513671875,-0.0203857421875,-0.00634765625,0.006927490234375,O,0,2026-08-24_23-25-27,2026-08-25
1.0,0.9034399517199758,0.8536036036036037,1.0,0.9044585987261147,0.0,1.0,1.0,1.0,1.0,1.0,0.543212890625,0.0916748046875,-0.091064453125,-0.019683837890625,-0.0054931640625,0.007080078125,O,0,2026-08-24_23-25-27,2026-08-25
1.0,0.8986119493059747,0.8378378378378378,1.0,0.8535031847133758,0.0,1.0,1.0,1.0,1.0,1.0,0.541748046875,0.093994140625,-0.095703125,-0.019744873046875,-0.00579833984375,0.005096435546875,O,0,2026-08-24_23-25-27,2026-08-25
1.0,0.8986119493059747,0.8693693693693694,1.0,0.8152866242038217,0.0,1.0,1.0,1.0,1.0,1.0,0.5458984375,0.0911865234375,-0.093505859375,-0.016143798828125,-0.00323486328125,0.0042724609375,O,0,2026-08-24_23-25-27,2026-08-25
1.0,0.8913699456849729,0.8648648648648649,1.0,0.8152866242038217,0.0,1.0,1.0,1.0,1.0,1.0,0.5478515625,0.0892333984375,-0.0926513671875,-0.012939453125,-0.003204345703125,0.003875732421875,O,0,2026-08-24_23-25-27,2026-08-25
1.0,0.9034399517199758,0.8671171171171171,0.956989247311828,0.8407643312101911,0.0,1.0,1.0,1.0,1.0,1.0,0.544677734375,0.0849609375,-0.0947265625,-0.016754150390625,-0.00439453125,0.002471923828125,O,0,2026-08-24_23-25-27,2026-08-25
1.0,0.899818949909475,0.8400900900900901,0.967741935483871,0.8152866242038217,0.0,1.0,1.0,1.0,1.0,1.0,0.5418701171875,0.087890625,-0.0919189453125,-0.02130126953125,-0.004547119140625,0.00079345703125,O,0,2026-08-24_23-25-27,2026-08-25
1.0,0.899818949909475,0.8671171171171171,0.9731182795698925,0.8152866242038217,0.0,1.0,1.0,1.0,1.0,1.0,0.543701171875,0.089111328125,-0.0877685546875,-0.02008056640625,-0.00885009765625,0.001983642578125,O,0,2026-08-24_23-25-27,2026-08-25
1.0,0.884127942063971,0.8378378378378378,1.0,0.8789808917197452,0.0,1.0,1.0,1.0,1.0,1.0,0.5394287109375,0.0889892578125,-0.0924072265625,-0.017730712890625,-0.00927734375,0.0013427734375,O,0,2026-08-24_23-25-27,2026-08-25
1.0,0.9155099577549789,0.8648648648648649,1.0,0.9681528662420382,0.0,1.0,1.0,1.0,1.0,1.0,0.5399169921875,0.0865478515625,-0.09326171875,-0.01861572265625,-0.0064697265625,-0.0001220703125,O,0,2026-08-24_23-25-27,2026-08-25
1.0,0.9203379601689801,0.8963963963963963,1.0,0.8280254777070064,0.0,1.0,1.0,1.0,1.0,1.0,0.538818359375,0.0892333984375,-0.0960693359375,-0.020263671875,-0.0067138671875,-0.000518798828125,O,0,2026-08-24_23-25-27,2026-08-25
1.0,0.899818949909475,0.8513513513513513,1.0,0.8152866242038217,0.0,1.0,1.0,1.0,1.0,1.0,0.54052734375,0.096435546875,-0.0897216796875,-0.02117919921875,-0.00677490234375,0.000579833984375,O,0,2026-08-24_23-25-27,2026-08-25
1.0,0.9010259505129753,0.8626126126126126,1.0,0.8535031847133758,0.0,1.0,1.0,1.0,1.0,1.0,0.5413818359375,0.0953369140625,-0.0887451171875,-0.018280029296875,-0.006927490234375,0.001678466796875,O,0,2026-08-24_23-25-27,2026-08-25
1.0,0.8974049487024743,0.8761261261261262,1.0,0.9426751592356688,0.0,1.0,1.0,1.0,1.0,1.0,0.5386962890625,0.095458984375,-0.095458984375,-0.017791748046875,-0.007080078125,0.001495361328125,O,0,2026-08-24_23-25-27,2026-08-25
1.0,0.8792999396499698,0.8243243243243243,0.946236559139785,0.8152866242038217,0.0,1.0,1.0,1.0,1.0,1.0,0.5396728515625,0.0931396484375,-0.0931396484375,-0.01678466796875,-0.00335693359375,0.001495361328125,O,0,2026-08-24_23-25-27,2026-08-25
1.0,0.8925769462884732,0.8333333333333334,0.967741935483871,0.8152866242038217,0.0,1.0,1.0,1.0,1.0,1.0,0.5416259765625,0.093994140625,-0.091064453125,-0.018707275390625,-0.00408935546875,0.00323486328125,O,0,2026-08-24_23-25-27,2026-08-25
1.0,0.8865419432709717,0.8445945945945946,0.9408602150537635,0.8152866242038217,0.0,1.0,1.0,1.0,1.0,1.0,0.5447998046875,0.0966796875,-0.091064453125,-0.0167236328125,-0.00616455078125,0.004058837890625,O,0,2026-08-24_23-25-27,2026-08-25
1.0,0.8877489438744719,0.8355855855855856,1.0,0.89171974522293,0.0,1.0,1.0,1.0,1.0,1.0,0.5400390625,0.0946044921875,-0.08740234375,-0.01641845703125,-0.00738525390625,0.004150390625,O,0,2026-08-24_23-25-27,2026-08-25
1.0,0.899818949909475,0.8648648648648649,0.989247311827957,0.8789808917197452,0.0,1.0,1.0,1.0,1.0,1.0,0.541259765625,0.093017578125,-0.0845947265625,-0.01312255859375,-0.006988525390625,0.00341796875,O,0,2026-08-24_23-25-27,2026-08-25
1.0,0.896197948098974,0.8603603603603603,0.956989247311828,0.9299363057324841,0.0,1.0,1.0,1.0,1.0,1.0,0.54443359375,0.0947265625,-0.0860595703125,-0.014984130859375,-0.00732421875,0.003631591796875,O,0,2026-08-24_23-25-27,2026-08-25
1.0,0.9022329511164756,1.0,1.0,0.8407643312101911,0.0,1.0,1.0,1.0,1.0,1.0,0.544189453125,0.093994140625,-0.0865478515625,-0.016082763671875,-0.01019287109375,0.006988525390625,O,0,2026-08-24_23-25-27,2026-08-25
1.0,0.8865419432709717,1.0,0.989247311827957,0.8152866242038217,0.0,1.0,1.0,1.0,1.0,1.0,0.5413818359375,0.088134765625,-0.097900390625,-0.017669677734375,-0.01251220703125,0.00628662109375,O,0,2026-08-24_23-25-27,2026-08-25
1.0,0.9022329511164756,1.0,1.0,0.8789808917197452,0.0,1.0,1.0,1.0,1.0,1.0,0.542724609375,0.093505859375,-0.092529296875,-0.019256591796875,-0.0137939453125,0.005950927734375,O,0,2026-08-24_23-25-27,2026-08-25
1.0,0.8974049487024743,1.0,1.0,0.8535031847133758,0.0,1.0,1.0,1.0,1.0,1.0,0.5435791015625,0.0972900390625,-0.1005859375,-0.0196533203125,-0.010711669921875,0.005126953125,O,0,2026-08-24_23-25-27,2026-08-25
1.0,0.8949909474954737,1.0,1.0,0.8407643312101911,0.0,1.0,1.0,1.0,1.0,1.0,0.5364990234375,0.0885009765625,-0.100830078125,-0.017547607421875,-0.0059814453125,0.005645751953125,O,0,2026-08-24_23-25-27,2026-08-25
1.0,0.9034399517199758,1.0,1.0,0.89171974522293,0.0,1.0,1.0,1.0,1.0,1.0,0.543212890625,0.0894775390625,-0.0926513671875,-0.016448974609375,-0.00543212890625,0.005523681640625,O,0,2026-08-24_23-25-27,2026-08-25
1.0,0.9010259505129753,0.9662162162162162,1.0,1.0,0.0,1.0,1.0,1.0,1.0,0.0,0.5447998046875,0.0782470703125,-0.089599609375,-0.018310546875,-0.0081787109375,0.00079345703125,O,1,2026-08-24_23-25-27,2026-08-25
1.0,0.8986119493059747,0.9662162162162162,1.0,1.0,0.0,1.0,1.0,1.0,1.0,0.0,0.5445556640625,0.0777587890625,-0.09375,-0.017120361328125,-0.008697509765625,0.001190185546875,O,1,2026-08-24_23-25-27,2026-08-25
1.0,0.9106819553409776,0.9617117117117117,1.0,1.0,0.0,1.0,1.0,1.0,1.0,0.0,0.54541015625,0.0811767578125,-0.08984375,-0.011962890625,-0.007171630859375,0.0015869140625,O,1,2026-08-24_23-25-27,2026-08-25
1.0,0.9094749547374774,0.9774774774774775,1.0,1.0,0.0,1.0,1.0,1.0,1.0,0.0,0.551513671875,0.076904296875,-0.088623046875,-0.013458251953125,-0.012237548828125,0.003753662109375,O,1,2026-08-24_23-25-27,2026-08-25
1.0,0.9046469523234761,0.9481981981981982,1.0,1.0,0.0,1.0,1.0,1.0,1.0,0.0,0.5445556640625,0.0787353515625,-0.0916748046875,-0.017242431640625,-0.00958251953125,0.0010986328125,O,1,2026-08-24_23-25-27,2026-08-25
1.0,0.9022329511164756,0.9527027027027027,1.0,1.0,0.0,1.0,1.0,1.0,1.0,0.0,0.5460205078125,0.07666015625,-0.0830078125,-0.02081298828125,-0.011260986328125,0.001556396484375,O,1,2026-08-24_23-25-27,2026-08-25
1.0,0.9022329511164756,0.9369369369369369,1.0,1.0,0.0,1.0,1.0,1.0,1.0,0.0,0.54296875,0.0789794921875,-0.0892333984375,-0.02044677734375,-0.011505126953125,0.00299072265625,O,1,2026-08-24_23-25-27,2026-08-25
1.0,0.9022329511164756,0.9436936936936937,1.0,1.0,0.0,1.0,1.0,1.0,1.0,0.0,0.5382080078125,0.083740234375,-0.0889892578125,-0.01702880859375,-0.008056640625,0.003875732421875,O,1,2026-08-24_23-25-27,2026-08-25
1.0,0.9070609535304768,0.972972972972973,1.0,1.0,0.0,1.0,1.0,1.0,1.0,0.0,0.5450439453125,0.0833740234375,-0.0877685546875,-0.013580322265625,-0.010284423828125,0.0054931640625,O,1,2026-08-24_23-25-27,2026-08-25
1.0,0.9034399517199758,0.9436936936936937,1.0,1.0,0.0,1.0,1.0,1.0,1.0,0.0,0.5458984375,0.0789794921875,-0.090087890625,-0.011505126953125,-0.0103759765625,0.006683349609375,O,1,2026-08-24_23-25-27,2026-08-25
1.0,0.9022329511164756,0.9504504504504504,1.0,1.0,0.0,1.0,1.0,1.0,1.0,0.0,0.5460205078125,0.080322265625,-0.08447265625,-0.01336669921875,-0.01116943359375,0.00628662109375,O,1,2026-08-24_23-25-27,2026-08-25
1.0,0.8974049487024743,0.9391891891891891,1.0,1.0,0.0,1.0,1.0,1.0,1.0,0.0,0.5462646484375,0.078857421875,-0.0926513671875,-0.016357421875,-0.013641357421875,0.007598876953125,O,1,2026-08-24_23-25-27,2026-08-25
1.0,0.8949909474954737,0.9572072072072072,1.0,1.0,0.0,1.0,1.0,1.0,1.0,0.0,0.54736328125,0.07666015625,-0.083251953125,-0.0157470703125,-0.01275634765625,0.007080078125,O,1,2026-08-24_23-25-27,2026-08-25
1.0,0.9034399517199758,0.9279279279279279,1.0,1.0,0.0,1.0,1.0,1.0,1.0,0.0,0.544189453125,0.0740966796875,-0.0941162109375,-0.0174560546875,-0.01727294921875,0.003997802734375,O,1,2026-08-24_23-25-27,2026-08-25
1.0,0.9034399517199758,0.9459459459459459,1.0,1.0,0.0,1.0,1.0,1.0,1.0,0.0,0.540283203125,0.0726318359375,-0.095458984375,-0.016357421875,-0.01202392578125,0.00372314453125,O,1,2026-08-24_23-25-27,2026-08-25
1.0,0.8901629450814725,0.9684684684684685,1.0,1.0,0.0,1.0,1.0,1.0,1.0,0.0,0.54736328125,0.0848388671875,-0.09521484375,-0.0166015625,-0.010772705078125,0.005157470703125,O,1,2026-08-24_23-25-27,2026-08-25
1.0,0.9010259505129753,0.9527027027027027,1.0,1.0,0.0,1.0,1.0,1.0,1.0,0.0,0.542724609375,0.0809326171875,-0.0906982421875,-0.0147705078125,-0.003387451171875,0.00579833984375,O,1,2026-08-24_23-25-27,2026-08-25
1.0,0.9034399517199758,0.9369369369369369,1.0,1.0,0.0,1.0,1.0,1.0,1.0,0.0,0.544677734375,0.07666015625,-0.0882568359375,-0.01190185546875,-0.003814697265625,0.00628662109375,O,1,2026-08-24_23-25-27,2026-08-25
1.0,0.899818949909475,0.9436936936936937,1.0,1.0,0.0,1.0,1.0,1.0,1.0,0.0,0.54638671875,0.07666015625,-0.0831298828125,-0.0067138671875,-0.006561279296875,0.005523681640625,O,1,2026-08-24_23-25-27,2026-08-25
1.0,0.9070609535304768,0.963963963963964,1.0,1.0,0.0,1.0,1.0,1.0,1.0,0.0,0.5440673828125,0.0733642578125,-0.0865478515625,-0.008880615234375,-0.008697509765625,0.00482177734375,O,1,2026-08-24_23-25-27,2026-08-25
1.0,0.896197948098974,0.9481981981981982,1.0,1.0,0.0,1.0,1.0,1.0,1.0,0.0,0.54296875,0.0780029296875,-0.0892333984375,-0.01385498046875,-0.006134033203125,0.00457763671875,O,1,2026-08-24_23-25-27,2026-08-25
1.0,0.8986119493059747,0.918918918918919,1.0,1.0,0.0,1.0,1.0,1.0,1.0,0.0,0.5418701171875,0.07763671875,-0.087890625,-0.014404296875,-0.010772705078125,0.007781982421875,O,1,2026-08-24_23-25-27,2026-08-25
1.0,0.9022329511164756,0.9391891891891891,1.0,1.0,0.0,1.0,1.0,1.0,1.0,0.0,0.5438232421875,0.079833984375,-0.092041015625,-0.0146484375,-0.01092529296875,0.00933837890625,O,1,2026-08-24_23-25-27,2026-08-25
1.0,0.9094749547374774,0.9774774774774775,1.0,1.0,0.0,1.0,1.0,1.0,1.0,0.0,0.5455322265625,0.077392578125,-0.1007080078125,-0.0135498046875,-0.011871337890625,0.008056640625,O,1,2026-08-24_23-25-27,2026-08-25
1.0,0.899818949909475,0.954954954954955,1.0,1.0,0.0,1.0,1.0,1.0,1.0,0.0,0.5413818359375,0.0732421875,-0.1004638671875,-0.010467529296875,-0.011627197265625,0.008270263671875,O,1,2026-08-24_23-25-27,2026-08-25
1.0,0.9058539529269765,0.9527027027027027,1.0,1.0,0.0,1.0,1.0,1.0,1.0,0.0,0.5452880859375,0.0755615234375,-0.0897216796875,-0.012725830078125,-0.01123046875,0.008209228515625,O,1,2026-08-24_23-25-27,2026-08-25
1.0,0.899818949909475,0.9481981981981982,1.0,1.0,0.0,1.0,1.0,1.0,1.0,0.0,0.55126953125,0.0782470703125,-0.09326171875,-0.018310546875,-0.01531982421875,0.00933837890625,O,1,2026-08-24_23-25-27,2026-08-25
1.0,0.9034399517199758,0.954954954954955,1.0,1.0,0.0,1.0,1.0,1.0,1.0,0.0,0.54638671875,0.072265625,-0.0947265625,-0.021087646484375,-0.0147705078125,0.009521484375,O,1,2026-08-24_23-25-27,2026-08-25
1.0,0.9010259505129753,0.9391891891891891,1.0,1.0,0.0,1.0,1.0,1.0,1.0,0.0,0.5479736328125,0.0732421875,-0.0931396484375,-0.0166015625,-0.011566162109375,0.006927490234375,O,1,2026-08-24_23-25-27,2026-08-25
1.0,0.899818949909475,0.9414414414414415,1.0,1.0,0.0,1.0,1.0,1.0,1.0,0.0,0.5440673828125,0.0732421875,-0.0904541015625,-0.0135498046875,-0.01434326171875,0.00433349609375,O,1,2026-08-24_23-25-27,2026-08-25
1.0,0.899818949909475,0.9527027027027027,1.0,1.0,0.0,1.0,1.0,1.0,1.0,0.0,0.5440673828125,0.07470703125,-0.0994873046875,-0.010650634765625,-0.00750732421875,0.004547119140625,O,1,2026-08-24_23-25-27,2026-08-25
1.0,0.9118889559444779,0.9391891891891891,1.0,0.9936305732484076,0.0,1.0,1.0,1.0,1.0,0.0,0.5460205078125,0.07470703125,-0.0938720703125,-0.01971435546875,-0.010772705078125,0.00653076171875,O,1,2026-08-24_23-25-27,2026-08-25
1.0,0.8986119493059747,0.918918918918919,1.0,1.0,0.0,1.0,1.0,1.0,1.0,0.0,0.54541015625,0.0767822265625,-0.100830078125,-0.021514892578125,-0.007659912109375,0.007354736328125,O,1,2026-08-24_23-25-27,2026-08-25
1.0,0.9046469523234761,0.9572072072072072,1.0,1.0,0.0,1.0,1.0,1.0,1.0,0.0,0.5423583984375,0.074951171875,-0.0989990234375,-0.02142333984375,-0.002044677734375,0.0040283203125,O,1,2026-08-24_23-25-27,2026-08-25
1.0,0.9034399517199758,0.9481981981981982,1.0,1.0,0.0,1.0,1.0,1.0,1.0,0.0,0.5457763671875,0.076416015625,-0.0941162109375,-0.017486572265625,-0.003662109375,0.002349853515625,O,1,2026-08-24_23-25-27,2026-08-25
1.0,0.9034399517199758,0.9527027027027027,1.0,1.0,0.0,1.0,1.0,1.0,1.0,0.0,0.5455322265625,0.0755615234375,-0.0963134765625,-0.0133056640625,0.000885009765625,0.002105712890625,O,1,2026-08-24_23-25-27,2026-08-25
1.0,0.9034399517199758,0.9527027027027027,1.0,1.0,0.0,1.0,1.0,1.0,1.0,0.0,0.54296875,0.071044921875,-0.089111328125,-0.0135498046875,-0.001220703125,0.00244140625,O,1,2026-08-24_23-25-27,2026-08-25
1.0,0.8925769462884732,0.9346846846846847,1.0,1.0,0.0,1.0,1.0,1.0,1.0,0.0,0.5457763671875,0.0721435546875,-0.0859375,-0.014373779296875,-0.005035400390625,0.001556396484375,O,1,2026-08-24_23-25-27,2026-08-25
1.0,0.9022329511164756,0.9527027027027027,1.0,1.0,0.0,1.0,1.0,1.0,1.0,0.0,0.545654296875,0.07275390625,-0.085693359375,-0.017425537109375,-0.007232666015625,0.0030517578125,O,1,2026-08-24_23-25-27,2026-08-25
1.0,0.9034399517199758,0.9504504504504504,1.0,1.0,0.0,1.0,1.0,1.0,1.0,0.0,0.5438232421875,0.07861328125,-0.08251953125,-0.018463134765625,-0.00958251953125,0.003265380859375,O,1,2026-08-24_23-25-27,2026-08-25
1.0,0.9106819553409776,0.9054054054054054,1.0,1.0,0.0,1.0,1.0,1.0,1.0,0.0,0.5479736328125,0.060302734375,-0.1072998046875,-0.0146484375,-0.01971435546875,0.007354736328125,O,2,2026-08-24_23-25-27,2026-08-25
1.0,0.9167169583584792,0.8963963963963963,1.0,1.0,0.0,1.0,1.0,1.0,1.0,0.0,0.54931640625,0.0631103515625,-0.10986328125,-0.02197265625,-0.0135498046875,0.006927490234375,O,2,2026-08-24_23-25-27,2026-08-25
1.0,0.9106819553409776,0.8896396396396397,1.0,1.0,0.0,1.0,1.0,1.0,1.0,0.0,0.54443359375,0.065673828125,-0.11865234375,-0.03179931640625,-0.009490966796875,0.00482177734375,O,2,2026-08-24_23-25-27,2026-08-25
1.0,0.9034399517199758,0.9054054054054054,1.0,1.0,0.0,1.0,1.0,1.0,1.0,0.0,0.548095703125,0.066162109375,-0.1124267578125,-0.027374267578125,-0.009002685546875,0.006927490234375,O,2,2026-08-24_23-25-27,2026-08-25
1.0,0.9106819553409776,0.8963963963963963,1.0,1.0,0.0,1.0,1.0,1.0,1.0,0.0,0.5491943359375,0.064453125,-0.115478515625,-0.018646240234375,-0.009796142578125,0.00665283203125,O,2,2026-08-24_23-25-27,2026-08-25
1.0,0.899818949909475,0.8986486486486487,1.0,1.0,0.0,1.0,1.0,1.0,1.0,0.0,0.5406494140625,0.0572509765625,-0.1171875,-0.016632080078125,-0.00909423828125,0.00482177734375,O,2,2026-08-24_23-25-27,2026-08-25
1.0,0.899818949909475,0.9009009009009009,1.0,1.0,0.0,1.0,1.0,1.0,1.0,0.0,0.5462646484375,0.0631103515625,-0.107666015625,-0.017364501953125,-0.003692626953125,0.00299072265625,O,2,2026-08-24_23-25-27,2026-08-25
1.0,0.9070609535304768,0.9054054054054054,1.0,1.0,0.0,1.0,1.0,1.0,1.0,0.0,0.5501708984375,0.0609130859375,-0.1114501953125,-0.017120361328125,-0.000579833984375,0.00213623046875,O,2,2026-08-24_23-25-27,2026-08-25
1.0,0.9070609535304768,0.9031531531531531,1.0,0.9808917197452229,0.0,1.0,1.0,1.0,1.0,0.0,0.54296875,0.061279296875,-0.1129150390625,-0.019775390625,-0.012298583984375,0.002410888671875,O,2,2026-08-24_23-25-27,2026-08-25
1.0,0.9034399517199758,0.8941441441441441,1.0,1.0,0.0,1.0,1.0,1.0,1.0,0.0,0.5360107421875,0.063720703125,-0.1092529296875,-0.01983642578125,-0.00811767578125,0.000335693359375,O,2,2026-08-24_23-25-27,2026-08-25
1.0,0.9034399517199758,0.9009009009009009,1.0,1.0,0.0,1.0,1.0,1.0,1.0,0.0,0.53662109375,0.065185546875,-0.1123046875,-0.01959228515625,0.001495361328125,-0.0018310546875,O,2,2026-08-24_23-25-27,2026-08-25
1.0,0.899818949909475,0.8896396396396397,1.0,1.0,0.0,1.0,1.0,1.0,1.0,0.0,0.541748046875,0.064453125,-0.10546875,-0.016998291015625,-0.000640869140625,0.000335693359375,O,2,2026-08-24_23-25-27,2026-08-25
1.0,0.9058539529269765,0.8896396396396397,1.0,1.0,0.0,1.0,1.0,1.0,1.0,0.0,0.5416259765625,0.0693359375,-0.1033935546875,-0.01629638671875,-0.004486083984375,0.002197265625,O,2,2026-08-24_23-25-27,2026-08-25
1.0,0.9046469523234761,0.9054054054054054,1.0,1.0,0.0,1.0,1.0,1.0,1.0,0.0,0.5421142578125,0.06787109375,-0.0986328125,-0.017547607421875,-0.0048828125,0.00250244140625,O,2,2026-08-24_23-25-27,2026-08-25
1.0,0.9118889559444779,0.9009009009009009,1.0,1.0,0.0,1.0,1.0,1.0,1.0,0.0,0.5411376953125,0.069091796875,-0.1043701171875,-0.01873779296875,-0.008575439453125,0.000579833984375,O,2,2026-08-24_23-25-27,2026-08-25
1.0,0.9106819553409776,0.8918918918918919,1.0,1.0,0.0,1.0,1.0,1.0,1.0,0.0,0.546630859375,0.0716552734375,-0.102783203125,-0.015533447265625,-0.006317138671875,0.000579833984375,O,2,2026-08-24_23-25-27,2026-08-25
1.0,0.9034399517199758,0.9436936936936937,1.0,0.9936305732484076,0.0,1.0,1.0,1.0,1.0,0.0,0.547119140625,0.070556640625,-0.103271484375,-0.01507568359375,-0.0069580078125,0.005279541015625,O,2,2026-08-24_23-25-27,2026-08-25
1.0,0.9094749547374774,0.9054054054054054,1.0,1.0,0.0,1.0,1.0,1.0,1.0,0.0,0.548095703125,0.06982421875,-0.0968017578125,-0.015899658203125,-0.00982666015625,0.006011962890625,O,2,2026-08-24_23-25-27,2026-08-25
1.0,0.899818949909475,0.9054054054054054,1.0,1.0,0.0,1.0,1.0,1.0,1.0,0.0,0.5406494140625,0.06591796875,-0.1060791015625,-0.01654052734375,-0.0067138671875,0.00579833984375,O,2,2026-08-24_23-25-27,2026-08-25
1.0,0.8986119493059747,0.8806306306306306,1.0,1.0,0.0,1.0,1.0,1.0,1.0,0.0,0.5430908203125,0.0684814453125,-0.10302734375,-0.015228271484375,-0.00634765625,0.0037841796875,O,2,2026-08-24_23-25-27,2026-08-25
1.0,0.9046469523234761,0.9076576576576577,1.0,0.9936305732484076,0.0,1.0,1.0,1.0,1.0,0.0,0.54150390625,0.0643310546875,-0.102783203125,-0.00750732421875,-0.007476806640625,0.00225830078125,O,2,2026-08-24_23-25-27,2026-08-25
1.0,0.9046469523234761,0.8918918918918919,1.0,1.0,0.0,1.0,1.0,1.0,1.0,0.0,0.541015625,0.060546875,-0.1011962890625,-0.0057373046875,-0.00537109375,0.0025634765625,O,2,2026-08-24_23-25-27,2026-08-25
1.0,0.9034399517199758,0.9009009009009009,1.0,1.0,0.0,1.0,1.0,1.0,1.0,0.0,0.541259765625,0.0611572265625,-0.1068115234375,-0.011077880859375,-0.0118408203125,0.00164794921875,O,2,2026-08-24_23-25-27,2026-08-25
1.0,0.899818949909475,0.8806306306306306,1.0,1.0,0.0,1.0,1.0,1.0,1.0,0.0,0.5389404296875,0.0631103515625,-0.104248046875,-0.017822265625,-0.006500244140625,0.0029296875,O,2,2026-08-24_23-25-27,2026-08-25
1.0,0.9034399517199758,0.8986486486486487,1.0,0.9936305732484076,0.0,1.0,1.0,1.0,1.0,0.0,0.5419921875,0.064453125,-0.10791015625,-0.021514892578125,-0.00299072265625,0.002532958984375,O,2,2026-08-24_23-25-27,2026-08-25
1.0,0.899818949909475,0.8806306306306306,1.0,1.0,0.0,1.0,1.0,1.0,1.0,0.0,0.541748046875,0.070556640625,-0.102783203125,-0.018341064453125,-0.00787353515625,0.005218505859375,O,2,2026-08-24_23-25-27,2026-08-25
1.0,0.9034399517199758,0.9009009009009009,1.0,1.0,0.0,1.0,1.0,1.0,1.0,0.0,0.5404052734375,0.068115234375,-0.10546875,-0.015899658203125,-0.008026123046875,0.00567626953125,O,2,2026-08-24_23-25-27,2026-08-25
1.0,0.9034399517199758,0.9031531531531531,1.0,1.0,0.0,1.0,1.0,1.0,1.0,0.0,0.5450439453125,0.0654296875,-0.10498046875,-0.013275146484375,-0.0050048828125,0.00341796875,O,2,2026-08-24_23-25-27,2026-08-25
1.0,0.899818949909475,0.8941441441441441,1.0,1.0,0.0,1.0,1.0,1.0,1.0,0.0,0.5467529296875,0.0704345703125,-0.1116943359375,-0.00994873046875,-0.007354736328125,0.004791259765625,O,2,2026-08-24_23-25-27,2026-08-25
1.0,0.9034399517199758,0.8851351351351351,1.0,1.0,0.0,1.0,1.0,1.0,1.0,0.0,0.547119140625,0.0628662109375,-0.1070556640625,-0.011871337890625,-0.006195068359375,0.006683349609375,O,2,2026-08-24_23-25-27,2026-08-25
1.0,0.9046469523234761,0.8648648648648649,1.0,1.0,0.0,1.0,1.0,1.0,1.0,0.0,0.54248046875,0.0628662109375,-0.101318359375,-0.019287109375,-0.007232666015625,0.005584716796875,O,2,2026-08-24_23-25-27,2026-08-25
1.0,0.9034399517199758,0.8941441441441441,1.0,1.0,0.0,1.0,1.0,1.0,1.0,0.0,0.544677734375,0.0643310546875,-0.107421875,-0.019287109375,-0.004119873046875,0.004547119140625,O,2,2026-08-24_23-25-27,2026-08-25
1.0,0.9022329511164756,0.9009009009009009,1.0,1.0,0.0,1.0,1.0,1.0,1.0,0.0,0.5421142578125,0.063232421875,-0.1063232421875,-0.016448974609375,-0.00653076171875,0.003143310546875,O,2,2026-08-24_23-25-27,2026-08-25
1.0,0.9034399517199758,0.8851351351351351,1.0,1.0,0.0,1.0,1.0,1.0,1.0,0.0,0.5435791015625,0.0657958984375,-0.100830078125,-0.01287841796875,-0.009674072265625,0.004302978515625,O,2,2026-08-24_23-25-27,2026-08-25
1.0,0.899818949909475,0.9009009009009009,1.0,1.0,0.0,1.0,1.0,1.0,1.0,0.0,0.5419921875,0.062255859375,-0.103271484375,-0.012939453125,-0.0098876953125,0.004974365234375,O,2,2026-08-24_23-25-27,2026-08-25
1.0,0.896197948098974,0.8941441441441441,1.0,1.0,0.0,1.0,1.0,1.0,1.0,0.0,0.5416259765625,0.0625,-0.1058349609375,-0.0174560546875,-0.00872802734375,0.004364013671875,O,2,2026-08-24_23-25-27,2026-08-25
1.0,0.9022329511164756,0.8806306306306306,1.0,1.0,0.0,1.0,1.0,1.0,1.0,0.0,0.541015625,0.0654296875,-0.1085205078125,-0.022216796875,-0.010223388671875,0.004913330078125,O,2,2026-08-24_23-25-27,2026-08-25
1.0,0.8913699456849729,0.8828828828828829,1.0,1.0,0.0,1.0,1.0,1.0,1.0,0.0,0.5419921875,0.064208984375,-0.10888671875,-0.023773193359375,-0.007598876953125,0.004364013671875,O,2,2026-08-24_23-25-27,2026-08-25
1.0,0.8974049487024743,0.8806306306306306,1.0,1.0,0.0,1.0,1.0,1.0,1.0,0.0,0.5435791015625,0.0684814453125,-0.112548828125,-0.020416259765625,-0.006256103515625,0.003997802734375,O,2,2026-08-24_23-25-27,2026-08-25
1.0,0.899818949909475,0.8941441441441441,1.0,1.0,0.0,1.0,1.0,1.0,1.0,0.0,0.5440673828125,0.0665283203125,-0.1124267578125,-0.01513671875,-0.006561279296875,0.004180908203125,O,2,2026-08-24_23-25-27,2026-08-25
1.0,0.8261919130959565,0.8716216216216216,1.0,1.0,0.0,1.0,1.0,1.0,1.0,0.0,0.5391845703125,0.057861328125,-0.130859375,-0.009857177734375,-0.0093994140625,0.002227783203125,O,3,2026-08-24_23-25-27,2026-08-25
1.0,0.8467109233554617,0.8626126126126126,1.0,1.0,0.0,1.0,1.0,1.0,1.0,0.0,0.5384521484375,0.0555419921875,-0.138916015625,-0.011627197265625,-0.012847900390625,0.005218505859375,O,3,2026-08-24_23-25-27,2026-08-25
1.0,0.8141219070609536,0.8333333333333334,1.0,1.0,0.0,1.0,1.0,1.0,1.0,0.0,0.539794921875,0.055419921875,-0.1357421875,-0.01385498046875,-0.013214111328125,0.005096435546875,O,3,2026-08-24_23-25-27,2026-08-25
1.0,0.8261919130959565,0.8828828828828829,1.0,0.6242038216560509,0.0,1.0,1.0,1.0,1.0,0.0,0.53759765625,0.0562744140625,-0.14013671875,-0.0087890625,-0.01104736328125,0.00408935546875,O,3,2026-08-24_23-25-27,2026-08-25
1.0,0.8261919130959565,0.8806306306306306,1.0,0.5859872611464968,0.0,1.0,1.0,1.0,1.0,0.0,0.5360107421875,0.0523681640625,-0.1378173828125,-0.003936767578125,-0.006988525390625,0.001220703125,O,3,2026-08-24_23-25-27,2026-08-25
1.0,0.8225709112854557,0.8558558558558559,1.0,0.6114649681528662,0.0,1.0,1.0,1.0,1.0,0.0,0.5384521484375,0.0604248046875,-0.1341552734375,-0.00189208984375,-0.010955810546875,0.00421142578125,O,3,2026-08-24_23-25-27,2026-08-25
1.0,0.8189499094749547,0.8716216216216216,1.0,1.0,0.0,1.0,1.0,1.0,1.0,0.0,0.532470703125,0.0584716796875,-0.1387939453125,-0.00341796875,-0.0101318359375,0.00469970703125,O,3,2026-08-24_23-25-27,2026-08-25
1.0,0.8141219070609536,0.8581081081081081,1.0,1.0,0.0,1.0,1.0,1.0,1.0,0.0,0.5350341796875,0.05908203125,-0.1357421875,-0.006622314453125,-0.00732421875,0.005859375,O,3,2026-08-24_23-25-27,2026-08-25
1.0,0.8261919130959565,0.8693693693693694,0.9301075268817204,1.0,0.0,1.0,1.0,1.0,1.0,0.0,0.5362548828125,0.058349609375,-0.1417236328125,-0.00909423828125,-0.00830078125,0.006500244140625,O,3,2026-08-24_23-25-27,2026-08-25
1.0,0.8189499094749547,0.8581081081081081,1.0,1.0,0.0,1.0,1.0,1.0,1.0,0.0,0.5386962890625,0.0545654296875,-0.1368408203125,-0.006683349609375,-0.001220703125,0.003662109375,O,3,2026-08-24_23-25-27,2026-08-25
1.0,0.8225709112854557,0.8896396396396397,1.0,1.0,0.0,1.0,1.0,1.0,1.0,0.0,0.53955078125,0.0543212890625,-0.1297607421875,-0.005096435546875,-0.00579833984375,0.0059814453125,O,3,2026-08-24_23-25-27,2026-08-25
1.0,0.8044659022329511,0.8671171171171171,1.0,1.0,0.0,1.0,1.0,1.0,1.0,0.0,0.542236328125,0.0523681640625,-0.1329345703125,-0.002532958984375,-0.007965087890625,0.005096435546875,O,3,2026-08-24_23-25-27,2026-08-25
1.0,0.7791188895594447,0.8265765765765766,1.0,1.0,0.0,1.0,1.0,1.0,1.0,0.0,0.5404052734375,0.0478515625,-0.1346435546875,-0.004852294921875,-0.010650634765625,0.003143310546875,O,3,2026-08-24_23-25-27,2026-08-25
1.0,0.823777911888956,0.8445945945945946,0.989247311827957,1.0,0.0,1.0,1.0,1.0,1.0,0.0,0.5379638671875,0.0469970703125,-0.1331787109375,-0.008697509765625,-0.006256103515625,0.002410888671875,O,3,2026-08-24_23-25-27,2026-08-25
1.0,0.8129149064574532,0.8761261261261262,1.0,1.0,0.0,1.0,1.0,1.0,1.0,0.0,0.5435791015625,0.0537109375,-0.1357421875,-0.015899658203125,-0.007171630859375,0.00286865234375,O,3,2026-08-24_23-25-27,2026-08-25
1.0,0.796016898008449,0.8558558558558559,1.0,1.0,0.0,1.0,1.0,1.0,1.0,0.0,0.533935546875,0.050048828125,-0.134765625,-0.01593017578125,-0.00811767578125,0.002838134765625,O,3,2026-08-24_23-25-27,2026-08-25
1.0,0.7911888955944478,0.8175675675675675,0.9946236559139785,1.0,0.0,1.0,1.0,1.0,1.0,0.0,0.5328369140625,0.05517578125,-0.1334228515625,-0.01654052734375,-0.00933837890625,0.001434326171875,O,3,2026-08-24_23-25-27,2026-08-25
1.0,0.7936028968014484,0.8265765765765766,1.0,1.0,0.0,1.0,1.0,1.0,1.0,0.0,0.5325927734375,0.0560302734375,-0.13818359375,-0.011962890625,-0.00335693359375,0.001312255859375,O,3,2026-08-24_23-25-27,2026-08-25
1.0,0.7851538925769463,0.8265765765765766,1.0,1.0,0.0,1.0,1.0,1.0,1.0,0.0,0.5379638671875,0.0562744140625,-0.1346435546875,-0.010009765625,-0.0023193359375,0.002410888671875,O,3,2026-08-24_23-25-27,2026-08-25
1.0,0.7923958961979481,0.8423423423423423,1.0,1.0,0.0,1.0,1.0,1.0,1.0,0.0,0.538330078125,0.0576171875,-0.1375732421875,-0.012359619140625,-0.006622314453125,0.00384521484375,O,3,2026-08-24_23-25-27,2026-08-25
1.0,0.7911888955944478,0.8400900900900901,1.0,1.0,0.0,1.0,1.0,1.0,1.0,0.0,0.5450439453125,0.0537109375,-0.135009765625,-0.01416015625,-0.007965087890625,0.005340576171875,O,3,2026-08-24_23-25-27,2026-08-25
1.0,0.7887748943874472,0.8445945945945946,1.0,1.0,0.0,1.0,1.0,1.0,1.0,0.0,0.5386962890625,0.0579833984375,-0.139892578125,-0.0186767578125,-0.011077880859375,0.00604248046875,O,3,2026-08-24_23-25-27,2026-08-25
1.0,0.7767048883524442,0.8581081081081081,1.0,1.0,0.0,1.0,1.0,1.0,1.0,0.0,0.536865234375,0.0576171875,-0.1405029296875,-0.0208740234375,-0.00677490234375,0.005767822265625,O,3,2026-08-24_23-25-27,2026-08-25
1.0,0.7827398913699457,0.8378378378378378,1.0,1.0,0.0,1.0,1.0,1.0,1.0,0.0,0.53857421875,0.0546875,-0.1400146484375,-0.02008056640625,-0.010986328125,0.006744384765625,O,3,2026-08-24_23-25-27,2026-08-25
1.0,0.7936028968014484,0.8378378378378378,1.0,1.0,0.0,1.0,1.0,1.0,1.0,0.0,0.529541015625,0.0545654296875,-0.144775390625,-0.0198974609375,-0.01025390625,0.00714111328125,O,3,2026-08-24_23-25-27,2026-08-25
1.0,0.7887748943874472,0.8333333333333334,1.0,1.0,0.0,1.0,1.0,1.0,1.0,0.0,0.5364990234375,0.0546875,-0.1317138671875,-0.016937255859375,-0.010833740234375,0.008941650390625,O,3,2026-08-24_23-25-27,2026-08-25
1.0,0.7875678937839469,0.8536036036036037,1.0,1.0,0.0,1.0,1.0,1.0,1.0,0.0,0.533447265625,0.05126953125,-0.1409912109375,-0.016448974609375,-0.011688232421875,0.009124755859375,O,3,2026-08-24_23-25-27,2026-08-25
1.0,0.7948098974049487,0.8445945945945946,1.0,1.0,0.0,1.0,1.0,1.0,1.0,0.0,0.5372314453125,0.0494384765625,-0.1383056640625,-0.01727294921875,-0.0001220703125,0.0045166015625,O,3,2026-08-24_23-25-27,2026-08-25
1.0,0.7887748943874472,0.8333333333333334,1.0,1.0,0.0,1.0,1.0,1.0,1.0,0.0,0.5438232421875,0.0504150390625,-0.1343994140625,-0.01641845703125,-0.0054931640625,0.00299072265625,O,3,2026-08-24_23-25-27,2026-08-25
1.0,0.7899818949909475,0.8558558558558559,1.0,1.0,0.0,1.0,1.0,1.0,1.0,0.0,0.536865234375,0.0498046875,-0.135009765625,-0.01324462890625,-0.006591796875,0.004425048828125,O,3,2026-08-24_23-25-27,2026-08-25
1.0,0.783946891973446,0.8333333333333334,1.0,1.0,0.0,1.0,1.0,1.0,1.0,0.0,0.53564453125,0.0478515625,-0.133544921875,-0.01434326171875,-0.007080078125,0.0029296875,O,3,2026-08-24_23-25-27,2026-08-25
1.0,0.7899818949909475,0.8378378378378378,1.0,1.0,0.0,1.0,1.0,1.0,1.0,0.0,0.5338134765625,0.0496826171875,-0.1397705078125,-0.01568603515625,-0.001373291015625,0.000762939453125,O,3,2026-08-24_23-25-27,2026-08-25
1.0,0.8008449004224502,0.8468468468468469,1.0,1.0,0.0,1.0,1.0,1.0,1.0,0.0,0.540283203125,0.05224609375,-0.1298828125,-0.015472412109375,-0.001434326171875,0.00213623046875,O,3,2026-08-24_23-25-27,2026-08-25
1.0,0.7887748943874472,0.8468468468468469,1.0,1.0,0.0,1.0,1.0,1.0,1.0,0.0,0.54052734375,0.0545654296875,-0.1336669921875,-0.01483154296875,-0.00726318359375,0.004913330078125,O,3,2026-08-24_23-25-27,2026-08-25
1.0,0.7827398913699457,0.8648648648648649,1.0,1.0,0.0,1.0,1.0,1.0,1.0,0.0,0.536865234375,0.051025390625,-0.12939453125,-0.0113525390625,-0.005584716796875,0.00311279296875,O,3,2026-08-24_23-25-27,2026-08-25
1.0,0.7815328907664454,0.8288288288288288,1.0,1.0,0.0,1.0,1.0,1.0,1.0,0.0,0.5341796875,0.0535888671875,-0.1329345703125,-0.011749267578125,-0.004852294921875,-0.001190185546875,O,3,2026-08-24_23-25-27,2026-08-25
1.0,0.8105009052504526,0.8716216216216216,1.0,1.0,0.0,1.0,1.0,1.0,1.0,0.0,0.5350341796875,0.05224609375,-0.1353759765625,-0.010345458984375,-0.00384521484375,0.001251220703125,O,3,2026-08-24_23-25-27,2026-08-25
1.0,0.79963789981895,0.8333333333333334,1.0,1.0,0.0,1.0,1.0,1.0,1.0,0.0,0.5345458984375,0.0577392578125,-0.1348876953125,-0.015869140625,-0.01287841796875,0.005279541015625,O,3,2026-08-24_23-25-27,2026-08-25
1.0,0.796016898008449,0.8333333333333334,1.0,1.0,0.0,1.0,1.0,1.0,1.0,0.0,0.533935546875,0.05419921875,-0.1363525390625,-0.018218994140625,-0.00933837890625,0.00579833984375,O,3,2026-08-24_23-25-27,2026-08-25
1.0,0.7875678937839469,0.8423423423423423,1.0,1.0,0.0,1.0,1.0,1.0,1.0,0.0,0.5318603515625,0.0557861328125,-0.13916015625,-0.0166015625,-0.0089111328125,0.00555419921875,O,3,2026-08-24_23-25-27,2026-08-25
1.0,0.899818949909475,0.9301801801801802,1.0,1.0,0.0,1.0,1.0,1.0,1.0,1.0,0.5321044921875,0.04638671875,-0.150390625,-0.02117919921875,-0.010894775390625,0.007781982421875,O,4,2026-08-24_23-25-27,2026-08-25
1.0,0.9348219674109837,0.9752252252252253,1.0,1.0,0.0,1.0,1.0,1.0,1.0,1.0,0.5302734375,0.0439453125,-0.155517578125,-0.020263671875,-0.01336669921875,0.010040283203125,O,4,2026-08-24_23-25-27,2026-08-25
1.0,0.9251659625829813,0.9572072072072072,1.0,1.0,0.0,1.0,1.0,1.0,1.0,1.0,0.5323486328125,0.0411376953125,-0.1529541015625,-0.018463134765625,-0.00653076171875,0.007904052734375,O,4,2026-08-24_23-25-27,2026-08-25
1.0,0.9348219674109837,0.9797297297297297,1.0,1.0,0.0,1.0,1.0,1.0,1.0,1.0,0.5362548828125,0.048828125,-0.14990234375,-0.014862060546875,-0.008880615234375,0.002838134765625,O,4,2026-08-24_23-25-27,2026-08-25
1.0,0.9287869643934822,0.9752252252252253,1.0,1.0,0.0,1.0,1.0,1.0,1.0,1.0,0.5340576171875,0.045166015625,-0.154296875,-0.005462646484375,-0.008544921875,0.003509521484375,O,4,2026-08-24_23-25-27,2026-08-25
1.0,0.923958961979481,0.9572072072072072,1.0,1.0,0.0,1.0,1.0,1.0,1.0,1.0,0.532470703125,0.0433349609375,-0.152099609375,-0.008575439453125,-0.008087158203125,0.007171630859375,O,4,2026-08-24_23-25-27,2026-08-25
1.0,0.9263729631864815,0.9774774774774775,1.0,1.0,0.0,1.0,1.0,1.0,1.0,1.0,0.5281982421875,0.0447998046875,-0.1539306640625,-0.016510009765625,-0.011688232421875,0.009063720703125,O,4,2026-08-24_23-25-27,2026-08-25
1.0,0.9215449607724804,0.963963963963964,1.0,1.0,0.0,1.0,1.0,1.0,1.0,1.0,0.5284423828125,0.04150390625,-0.150390625,-0.019561767578125,-0.008392333984375,0.007232666015625,O,4,2026-08-24_23-25-27,2026-08-25
1.0,0.9227519613759807,0.9662162162162162,1.0,1.0,0.0,1.0,1.0,1.0,1.0,1.0,0.531494140625,0.043212890625,-0.1552734375,-0.02117919921875,-0.01031494140625,0.00653076171875,O,4,2026-08-24_23-25-27,2026-08-25
1.0,0.9215449607724804,0.9684684684684685,1.0,1.0,0.0,1.0,1.0,1.0,1.0,1.0,0.5322265625,0.044189453125,-0.154541015625,-0.01617431640625,-0.010894775390625,0.00860595703125,O,4,2026-08-24_23-25-27,2026-08-25
1.0,0.9215449607724804,0.9617117117117117,1.0,1.0,0.0,1.0,1.0,1.0,1.0,1.0,0.5333251953125,0.044677734375,-0.1580810546875,-0.016387939453125,-0.010101318359375,0.006744384765625,O,4,2026-08-24_23-25-27,2026-08-25
1.0,0.9227519613759807,0.9797297297297297,1.0,1.0,0.0,1.0,1.0,1.0,1.0,1.0,0.530517578125,0.04150390625,-0.1512451171875,-0.01324462890625,-0.005615234375,0.005218505859375,O,4,2026-08-24_23-25-27,2026-08-25
1.0,0.9034399517199758,0.9369369369369369,1.0,1.0,0.0,1.0,1.0,1.0,1.0,1.0,0.53515625,0.04443359375,-0.1527099609375,-0.0111083984375,-0.0115966796875,0.0068359375,O,4,2026-08-24_23-25-27,2026-08-25
1.0,0.9251659625829813,0.9594594594594594,1.0,1.0,0.0,1.0,1.0,1.0,1.0,1.0,0.5321044921875,0.0400390625,-0.1602783203125,-0.0130615234375,-0.0057373046875,0.005950927734375,O,4,2026-08-24_23-25-27,2026-08-25
1.0,0.9191309595654797,0.9414414414414415,1.0,1.0,0.0,1.0,1.0,1.0,1.0,1.0,0.5352783203125,0.0401611328125,-0.15576171875,-0.0189208984375,-0.00634765625,0.00445556640625,O,4,2026-08-24_23-25-27,2026-08-25
1.0,0.9167169583584792,0.9527027027027027,1.0,1.0,0.0,1.0,1.0,1.0,1.0,1.0,0.53125,0.0450439453125,-0.1573486328125,-0.018646240234375,-0.008575439453125,0.00634765625,O,4,2026-08-24_23-25-27,2026-08-25
1.0,0.9058539529269765,0.9391891891891891,1.0,1.0,0.0,1.0,1.0,1.0,1.0,1.0,0.5289306640625,0.040283203125,-0.1585693359375,-0.01715087890625,-0.003021240234375,0.005523681640625,O,4,2026-08-24_23-25-27,2026-08-25
1.0,0.9215449607724804,0.963963963963964,1.0,1.0,0.0,1.0,1.0,1.0,1.0,1.0,0.535400390625,0.0421142578125,-0.152587890625,-0.01800537109375,-0.00494384765625,0.003997802734375,O,4,2026-08-24_23-25-27,2026-08-25
1.0,0.9227519613759807,0.9662162162162162,1.0,1.0,0.0,1.0,1.0,1.0,1.0,1.0,0.5355224609375,0.0430908203125,-0.1502685546875,-0.014251708984375,-0.007965087890625,0.002960205078125,O,4,2026-08-24_23-25-27,2026-08-25
1.0,0.9046469523234761,0.9414414414414415,1.0,1.0,0.0,1.0,1.0,1.0,1.0,1.0,0.5289306640625,0.04150390625,-0.1563720703125,-0.01251220703125,-0.003448486328125,0.002044677734375,O,4,2026-08-24_23-25-27,2026-08-25
1.0,0.9010259505129753,0.9099099099099099,1.0,1.0,0.0,1.0,1.0,1.0,1.0,1.0,0.5323486328125,0.040771484375,-0.151123046875,-0.01593017578125,-0.0067138671875,0.002655029296875,O,4,2026-08-24_23-25-27,2026-08-25
1.0,0.9106819553409776,0.9684684684684685,1.0,1.0,0.0,1.0,1.0,1.0,1.0,1.0,0.528564453125,0.04345703125,-0.1524658203125,-0.014617919921875,-0.00531005859375,0.004913330078125,O,4,2026-08-24_23-25-27,2026-08-25
1.0,0.9251659625829813,0.9527027027027027,1.0,1.0,0.0,1.0,1.0,1.0,1.0,1.0,0.5302734375,0.045166015625,-0.15380859375,-0.01458740234375,-0.004913330078125,0.0032958984375,O,4,2026-08-24_23-25-27,2026-08-25
1.0,0.923958961979481,0.972972972972973,1.0,0.9936305732484076,0.0,1.0,1.0,1.0,1.0,1.0,0.5345458984375,0.04443359375,-0.150390625,-0.011260986328125,-0.00421142578125,0.00482177734375,O,4,2026-08-24_23-25-27,2026-08-25
1.0,0.9215449607724804,0.954954954954955,1.0,1.0,0.0,1.0,1.0,1.0,1.0,1.0,0.536376953125,0.0439453125,-0.1512451171875,-0.014068603515625,-0.011993408203125,0.0062255859375,O,4,2026-08-24_23-25-27,2026-08-25
1.0,0.9191309595654797,0.9527027027027027,1.0,1.0,0.0,1.0,1.0,1.0,1.0,1.0,0.528564453125,0.0435791015625,-0.1558837890625,-0.019439697265625,-0.01385498046875,0.006988525390625,O,4,2026-08-24_23-25-27,2026-08-25
1.0,0.9058539529269765,0.9459459459459459,1.0,0.9936305732484076,0.0,1.0,1.0,1.0,1.0,1.0,0.5350341796875,0.0452880859375,-0.16015625,-0.02178955078125,-0.007476806640625,0.007659912109375,O,4,2026-08-24_23-25-27,2026-08-25
1.0,0.923958961979481,0.9572072072072072,1.0,1.0,0.0,1.0,1.0,1.0,1.0,1.0,0.533447265625,0.0439453125,-0.160400390625,-0.018524169921875,-0.0032958984375,0.008270263671875,O,4,2026-08-24_23-25-27,2026-08-25
1.0,0.9118889559444779,0.9572072072072072,1.0,1.0,0.0,1.0,1.0,1.0,1.0,1.0,0.532958984375,0.0384521484375,-0.15380859375,-0.011444091796875,-0.000396728515625,0.00634765625,O,4,2026-08-24_23-25-27,2026-08-25
1.0,0.9167169583584792,0.9481981981981982,1.0,1.0,0.0,1.0,1.0,1.0,1.0,1.0,0.530517578125,0.03515625,-0.153076171875,-0.0072021484375,-0.006256103515625,0.003326416015625,O,4,2026-08-24_23-25-27,2026-08-25
1.0,0.9106819553409776,0.9617117117117117,1.0,1.0,0.0,1.0,1.0,1.0,1.0,1.0,0.53125,0.031982421875,-0.1517333984375,-0.0059814453125,-0.00946044921875,0.002044677734375,O,4,2026-08-24_23-25-27,2026-08-25
1.0,0.9058539529269765,0.9459459459459459,1.0,1.0,0.0,1.0,1.0,1.0,1.0,1.0,0.53173828125,0.032958984375,-0.1488037109375,-0.015899658203125,-0.0057373046875,0.00048828125,O,4,2026-08-24_23-25-27,2026-08-25
1.0,0.9118889559444779,0.9504504504504504,1.0,0.9936305732484076,0.0,1.0,1.0,1.0,1.0,1.0,0.5283203125,0.040283203125,-0.15380859375,-0.021331787109375,-0.00421142578125,0.000732421875,O,4,2026-08-24_23-25-27,2026-08-25
1.0,0.9155099577549789,0.954954954954955,1.0,1.0,0.0,1.0,1.0,1.0,1.0,1.0,0.529052734375,0.0411376953125,-0.156982421875,-0.020660400390625,-0.00616455078125,0.001983642578125,O,4,2026-08-24_23-25-27,2026-08-25
1.0,0.9203379601689801,0.9279279279279279,1.0,0.9808917197452229,0.0,1.0,1.0,1.0,1.0,1.0,0.53076171875,0.0435791015625,-0.152587890625,-0.013671875,-0.00579833984375,0.0025634765625,O,4,2026-08-24_23-25-27,2026-08-25
1.0,0.9155099577549789,0.9369369369369369,1.0,1.0,0.0,1.0,1.0,1.0,1.0,1.0,0.52978515625,0.045654296875,-0.1514892578125,-0.007415771484375,-0.001251220703125,0.002716064453125,O,4,2026-08-24_23-25-27,2026-08-25
1.0,0.9191309595654797,0.9572072072072072,1.0,1.0,0.0,1.0,1.0,1.0,1.0,1.0,0.534423828125,0.04345703125,-0.1505126953125,-0.008087158203125,-0.00311279296875,0.00341796875,O,4,2026-08-24_23-25-27,2026-08-25
1.0,0.9106819553409776,0.963963963963964,1.0,1.0,0.0,1.0,1.0,1.0,1.0,1.0,0.5355224609375,0.0447998046875,-0.1463623046875,-0.00836181640625,-0.004791259765625,0.00347900390625,O,4,2026-08-24_23-25-27,2026-08-25
1.0,0.9130959565479783,0.9414414414414415,1.0,1.0,0.0,1.0,1.0,1.0,1.0,1.0,0.5380859375,0.0443115234375,-0.1397705078125,-0.01104736328125,-0.0098876953125,0.0057373046875,O,4,2026-08-24_23-25-27,2026-08-25
1.0,0.9372359686179843,0.9752252252252253,1.0,1.0,0.0,1.0,1.0,1.0,1.0,1.0,0.5343017578125,0.040771484375,-0.1512451171875,-0.01153564453125,-0.0087890625,0.00567626953125,O,4,2026-08-24_23-25-27,2026-08-25
1.0,1.0,0.7567567567567568,0.0,0.267515923566879,1.0,0.0,1.0,1.0,1.0,1.0,0.0911865234375,0.086181640625,-0.492431640625,-0.020721435546875,-0.012237548828125,0.00360107421875,P,0,2026-08-24_23-25-27,2026-08-25
1.0,1.0,0.7725225225225225,0.0,0.34394904458598724,1.0,0.0,1.0,1.0,1.0,1.0,0.08984375,0.08544921875,-0.489501953125,-0.016021728515625,-0.013427734375,0.0037841796875,P,0,2026-08-24_23-25-27,2026-08-25
1.0,1.0,0.7747747747747747,0.0,0.267515923566879,1.0,0.0,1.0,1.0,1.0,1.0,0.086669921875,0.082763671875,-0.49072265625,-0.018524169921875,-0.012542724609375,0.002777099609375,P,0,2026-08-24_23-25-27,2026-08-25
1.0,1.0,0.7747747747747747,0.0,0.40764331210191085,1.0,0.0,1.0,1.0,1.0,1.0,0.086669921875,0.08056640625,-0.4896240234375,-0.017242431640625,-0.01422119140625,0.0010986328125,P,0,2026-08-24_23-25-27,2026-08-25
1.0,1.0,0.7612612612612613,0.0,0.3821656050955414,1.0,0.0,1.0,1.0,1.0,1.0,0.0875244140625,0.080322265625,-0.49365234375,-0.024658203125,-0.019012451171875,0.000762939453125,P,0,2026-08-24_23-25-27,2026-08-25
1.0,1.0,0.7477477477477478,0.0,0.34394904458598724,1.0,0.0,1.0,1.0,1.0,1.0,0.08349609375,0.090087890625,-0.4935302734375,-0.02288818359375,-0.017852783203125,0.000732421875,P,0,2026-08-24_23-25-27,2026-08-25
1.0,1.0,0.7815315315315315,0.0,0.3184713375796178,1.0,0.0,1.0,1.0,1.0,1.0,0.080078125,0.08251953125,-0.4898681640625,-0.01629638671875,-0.00592041015625,-0.003662109375,P,0,2026-08-24_23-25-27,2026-08-25
1.0,1.0,0.7567567567567568,0.0,0.40764331210191085,1.0,0.0,1.0,1.0,1.0,1.0,0.0863037109375,0.0819091796875,-0.4881591796875,-0.011932373046875,-0.005889892578125,-0.009429931640625,P,0,2026-08-24_23-25-27,2026-08-25
1.0,1.0,0.7612612612612613,0.0,0.267515923566879,1.0,0.0,1.0,1.0,1.0,1.0,0.0826416015625,0.0892333984375,-0.488037109375,-0.0146484375,-0.013580322265625,-0.00732421875,P,0,2026-08-24_23-25-27,2026-08-25
1.0,1.0,0.7657657657657657,0.0,0.3184713375796178,1.0,0.0,1.0,1.0,1.0,1.0,0.079833984375,0.0926513671875,-0.4864501953125,-0.019775390625,-0.017730712890625,-0.001495361328125,P,0,2026-08-24_23-25-27,2026-08-25
1.0,1.0,0.8018018018018018,0.0,0.40764331210191085,1.0,0.0,1.0,1.0,1.0,1.0,0.083251953125,0.08935546875,-0.484619140625,-0.02587890625,-0.013092041015625,0.000823974609375,P,0,2026-08-24_23-25-27,2026-08-25
1.0,1.0,0.7545045045045045,0.0,0.3821656050955414,1.0,0.0,1.0,1.0,1.0,1.0,0.07763671875,0.0914306640625,-0.4866943359375,-0.020660400390625,-0.014923095703125,-0.0006103515625,P,0,2026-08-24_23-25-27,2026-08-25
1.0,1.0,0.786036036036036,0.0,0.34394904458598724,1.0,0.0,1.0,1.0,1.0,1.0,0.078125,0.09521484375,-0.4915771484375,-0.013153076171875,-0.016204833984375,-0.0040283203125,P,0,2026-08-24_23-25-27,2026-08-25
1.0,1.0,0.7657657657657657,0.0,0.3184713375796178,1.0,0.0,1.0,1.0,1.0,1.0,0.0789794921875,0.091552734375,-0.4962158203125,-0.0120849609375,-0.012420654296875,-0.0040283203125,P,0,2026-08-24_23-25-27,2026-08-25
1.0,1.0,0.7612612612612613,0.0,0.3821656050955414,1.0,0.0,1.0,1.0,1.0,1.0,0.077392578125,0.087890625,-0.5001220703125,-0.014404296875,-0.008636474609375,-0.0013427734375,P,0,2026-08-24_23-25-27,2026-08-25
1.0,1.0,0.7747747747747747,0.0,0.2802547770700637,1.0,0.0,1.0,1.0,1.0,1.0,0.07470703125,0.085205078125,-0.49169921875,-0.018646240234375,-0.005828857421875,0.0,P,0,2026-08-24_23-25-27,2026-08-25
1.0,1.0,0.777027027027027,0.0,0.34394904458598724,1.0,0.0,1.0,1.0,1.0,1.0,0.07373046875,0.093017578125,-0.49072265625,-0.0185546875,-0.013824462890625,-0.000335693359375,P,0,2026-08-24_23-25-27,2026-08-25
1.0,1.0,0.7680180180180181,0.0,0.36942675159235666,1.0,0.0,1.0,1.0,1.0,1.0,0.072998046875,0.086669921875,-0.49462890625,-0.014556884765625,-0.0108642578125,-0.001434326171875,P,0,2026-08-24_23-25-27,2026-08-25
1.0,1.0,0.7612612612612613,0.0,0.2929936305732484,1.0,0.0,1.0,1.0,1.0,1.0,0.0791015625,0.0869140625,-0.49462890625,-0.016845703125,-0.002166748046875,-0.00189208984375,P,0,2026-08-24_23-25-27,2026-08-25
1.0,1.0,0.7635135135135135,0.0,0.39490445859872614,1.0,0.0,1.0,1.0,1.0,1.0,0.08056640625,0.0869140625,-0.493896484375,-0.010406494140625,-0.006744384765625,-0.0015869140625,P,0,2026-08-24_23-25-27,2026-08-25
1.0,1.0,0.7680180180180181,0.0,0.40764331210191085,1.0,0.0,1.0,1.0,1.0,1.0,0.08056640625,0.0845947265625,-0.493408203125,-0.017120361328125,-0.014068603515625,-0.00213623046875,P,0,2026-08-24_23-25-27,2026-08-25
1.0,1.0,0.759009009009009,0.0,0.34394904458598724,1.0,0.0,1.0,1.0,1.0,1.0,0.0745849609375,0.0869140625,-0.4951171875,-0.018280029296875,-0.015106201171875,-0.00201416015625,P,0,2026-08-24_23-25-27,2026-08-25
1.0,1.0,0.777027027027027,0.0,0.3184713375796178,1.0,0.0,1.0,1.0,1.0,1.0,0.075927734375,0.0897216796875,-0.5001220703125,-0.01971435546875,-0.00787353515625,-3.0517578125e-05,P,0,2026-08-24_23-25-27,2026-08-25
1.0,1.0,0.7725225225225225,0.0,0.40764331210191085,1.0,0.0,1.0,1.0,1.0,1.0,0.078125,0.0899658203125,-0.4945068359375,-0.024932861328125,-0.002777099609375,0.001312255859375,P,0,2026-08-24_23-25-27,2026-08-25
1.0,1.0,0.7635135135135135,0.0,0.267515923566879,1.0,0.0,1.0,1.0,1.0,1.0,0.077392578125,0.0919189453125,-0.4969482421875,-0.020721435546875,-0.00457763671875,0.002685546875,P,0,2026-08-24_23-25-27,2026-08-25
1.0,1.0,0.7657657657657657,0.0,0.3821656050955414,1.0,0.0,1.0,1.0,1.0,1.0,0.07373046875,0.0887451171875,-0.4908447265625,-0.02020263671875,-0.00970458984375,0.000518798828125,P,0,2026-08-24_23-25-27,2026-08-25
1.0,1.0,0.7477477477477478,0.0,0.267515923566879,1.0,0.0,1.0,1.0,1.0,1.0,0.080810546875,0.0941162109375,-0.4866943359375,-0.014862060546875,-0.01141357421875,-0.000213623046875,P,0,2026-08-24_23-25-27,2026-08-25
1.0,1.0,0.7635135135135135,0.0,0.3821656050955414,1.0,0.0,1.0,1.0,1.0,1.0,0.0765380859375,0.085693359375,-0.4908447265625,-0.00811767578125,-0.004302978515625,-0.001617431640625,P,0,2026-08-24_23-25-27,2026-08-25
1.0,1.0,0.7725225225225225,0.0,0.2929936305732484,1.0,0.0,1.0,1.0,1.0,1.0,0.0799560546875,0.0924072265625,-0.48583984375,-0.016510009765625,-0.00262451171875,0.001190185546875,P,0,2026-08-24_23-25-27,2026-08-25
1.0,1.0,0.7725225225225225,0.0,0.3821656050955414,1.0,0.0,1.0,1.0,1.0,1.0,0.08154296875,0.0909423828125,-0.483154296875,-0.018707275390625,-0.010589599609375,0.003143310546875,P,0,2026-08-24_23-25-27,2026-08-25
1.0,1.0,0.7454954954954955,0.0,0.33121019108280253,1.0,0.0,1.0,1.0,1.0,1.0,0.077392578125,0.0936279296875,-0.4866943359375,-0.01904296875,-0.011993408203125,0.004486083984375,P,0,2026-08-24_23-25-27,2026-08-25
1.0,1.0,0.7545045045045045,0.0,0.3184713375796178,1.0,0.0,1.0,1.0,1.0,1.0,0.07958984375,0.0938720703125,-0.4862060546875,-0.014190673828125,-0.006622314453125,0.00299072265625,P,0,2026-08-24_23-25-27,2026-08-25
1.0,1.0,0.7635135135135135,0.0,0.42038216560509556,1.0,0.0,1.0,1.0,1.0,1.0,0.079345703125,0.0899658203125,-0.4935302734375,-0.012298583984375,-0.0050048828125,0.001068115234375,P,0,2026-08-24_23-25-27,2026-08-25
1.0,1.0,0.7612612612612613,0.0,0.33121019108280253,1.0,0.0,1.0,1.0,1.0,1.0,0.082275390625,0.0892333984375,-0.4862060546875,-0.017425537109375,-0.011810302734375,0.003173828125,P,0,2026-08-24_23-25-27,2026-08-25
1.0,1.0,0.7454954954954955,0.0,0.40764331210191085,1.0,0.0,1.0,1.0,1.0,1.0,0.0780029296875,0.0875244140625,-0.493896484375,-0.01983642578125,-0.01678466796875,0.00482177734375,P,0,2026-08-24_23-25-27,2026-08-25
1.0,1.0,0.7635135135135135,0.0,0.267515923566879,1.0,0.0,1.0,1.0,1.0,1.0,0.0760498046875,0.0848388671875,-0.4981689453125,-0.0179443359375,-0.01226806640625,0.00445556640625,P,0,2026-08-24_23-25-27,2026-08-25
1.0,1.0,0.759009009009009,0.0,0.2802547770700637,1.0,0.0,1.0,1.0,1.0,1.0,0.0750732421875,0.0863037109375,-0.4984130859375,-0.0198974609375,-0.006256103515625,0.002471923828125,P,0,2026-08-24_23-25-27,2026-08-25
1.0,1.0,0.7387387387387387,0.0,0.33121019108280253,1.0,0.0,1.0,1.0,1.0,1.0,0.07763671875,0.0897216796875,-0.495361328125,-0.01568603515625,-0.00360107421875,0.000885009765625,P,0,2026-08-24_23-25-27,2026-08-25
1.0,1.0,0.75,0.0,0.2929936305732484,1.0,0.0,1.0,1.0,1.0,1.0,0.075927734375,0.088134765625,-0.49609375,-0.0184326171875,-0.0084228515625,0.001495361328125,P,0,2026-08-24_23-25-27,2026-08-25
1.0,1.0,0.7567567567567568,0.0,0.33121019108280253,1.0,0.0,1.0,1.0,1.0,1.0,0.0775146484375,0.0888671875,-0.494384765625,-0.021636962890625,-0.009368896484375,0.003143310546875,P,0,2026-08-24_23-25-27,2026-08-25
1.0,1.0,0.8220720720720721,0.0,0.5477707006369427,1.0,0.0,1.0,1.0,1.0,1.0,0.0029296875,0.080078125,-0.489990234375,-0.0150146484375,-0.010162353515625,0.004486083984375,P,1,2026-08-24_23-25-27,2026-08-25
1.0,1.0,0.8355855855855856,0.0,0.5605095541401274,1.0,0.0,1.0,1.0,1.0,1.0,0.0074462890625,0.08056640625,-0.4892578125,-0.01263427734375,-0.015167236328125,0.0037841796875,P,1,2026-08-24_23-25-27,2026-08-25
1.0,0.9818949909474954,0.8265765765765766,0.0,0.40764331210191085,1.0,0.0,1.0,1.0,1.0,1.0,-0.0001220703125,0.078857421875,-0.4920654296875,-0.0159912109375,-0.014678955078125,0.00494384765625,P,1,2026-08-24_23-25-27,2026-08-25
1.0,0.9806879903439951,0.8333333333333334,0.0,0.5605095541401274,1.0,0.0,1.0,1.0,1.0,1.0,0.0020751953125,0.0802001953125,-0.4918212890625,-0.01519775390625,-0.00836181640625,0.007110595703125,P,1,2026-08-24_23-25-27,2026-08-25
1.0,0.9625829812914907,0.8355855855855856,0.0,0.4840764331210191,1.0,0.0,1.0,1.0,1.0,1.0,0.0029296875,0.0711669921875,-0.4921875,-0.017578125,-0.00189208984375,0.00604248046875,P,1,2026-08-24_23-25-27,2026-08-25
1.0,0.9432709716354858,0.8468468468468469,0.0,0.43312101910828027,1.0,0.0,1.0,1.0,1.0,1.0,0.0048828125,0.0738525390625,-0.4898681640625,-0.017059326171875,-0.00640869140625,0.002410888671875,P,1,2026-08-24_23-25-27,2026-08-25
1.0,0.9263729631864815,0.8355855855855856,0.0,0.5732484076433121,1.0,0.0,1.0,1.0,1.0,1.0,0.0069580078125,0.0814208984375,-0.485595703125,-0.014404296875,-0.0125732421875,-0.000244140625,P,1,2026-08-24_23-25-27,2026-08-25
1.0,0.9167169583584792,0.8175675675675675,0.0,0.4840764331210191,1.0,0.0,1.0,1.0,1.0,1.0,0.0045166015625,0.0831298828125,-0.492431640625,-0.015045166015625,-0.0126953125,-0.000732421875,P,1,2026-08-24_23-25-27,2026-08-25
1.0,0.923958961979481,0.8558558558558559,0.0,0.4713375796178344,1.0,0.0,1.0,1.0,1.0,1.0,0.0025634765625,0.083740234375,-0.4915771484375,-0.016082763671875,-0.00811767578125,0.002960205078125,P,1,2026-08-24_23-25-27,2026-08-25
1.0,0.9106819553409776,0.8581081081081081,0.0,0.5222929936305732,1.0,0.0,1.0,1.0,1.0,1.0,-0.0018310546875,0.0814208984375,-0.4949951171875,-0.013824462890625,-0.00244140625,0.001983642578125,P,1,2026-08-24_23-25-27,2026-08-25
1.0,0.9167169583584792,0.8175675675675675,0.0,0.5605095541401274,1.0,0.0,1.0,1.0,1.0,1.0,0.00439453125,0.080322265625,-0.4873046875,-0.01763916015625,-0.00396728515625,0.00360107421875,P,1,2026-08-24_23-25-27,2026-08-25
1.0,0.9227519613759807,0.8445945945945946,0.0,0.5732484076433121,1.0,0.0,1.0,1.0,1.0,1.0,0.0001220703125,0.0802001953125,-0.4879150390625,-0.01458740234375,-0.007080078125,0.00341796875,P,1,2026-08-24_23-25-27,2026-08-25
1.0,0.9034399517199758,0.8265765765765766,0.0,0.4840764331210191,1.0,0.0,1.0,1.0,1.0,1.0,-0.00146484375,0.0784912109375,-0.4881591796875,-0.01641845703125,-0.01177978515625,0.002471923828125,P,1,2026-08-24_23-25-27,2026-08-25
1.0,0.9179239589619795,0.8378378378378378,0.0,0.5222929936305732,1.0,0.0,1.0,1.0,1.0,1.0,0.0,0.0819091796875,-0.490966796875,-0.013671875,-0.005706787109375,0.002197265625,P,1,2026-08-24_23-25-27,2026-08-25
1.0,0.9070609535304768,0.8333333333333334,0.0,0.4968152866242038,1.0,0.0,1.0,1.0,1.0,1.0,0.0006103515625,0.084716796875,-0.4903564453125,-0.0135498046875,-0.00152587890625,0.002716064453125,P,1,2026-08-24_23-25-27,2026-08-25
1.0,0.9034399517199758,0.8333333333333334,0.0,0.535031847133758,1.0,0.0,1.0,1.0,1.0,1.0,0.0015869140625,0.0787353515625,-0.4891357421875,-0.01806640625,-0.00640869140625,0.005706787109375,P,1,2026-08-24_23-25-27,2026-08-25
1.0,0.923958961979481,0.8243243243243243,0.0,0.5605095541401274,1.0,0.0,1.0,1.0,1.0,1.0,0.0035400390625,0.084716796875,-0.490234375,-0.01971435546875,-0.0125732421875,0.006805419921875,P,1,2026-08-24_23-25-27,2026-08-25
1.0,0.9106819553409776,0.8445945945945946,0.0,0.5222929936305732,1.0,0.0,1.0,1.0,1.0,1.0,-0.0020751953125,0.0860595703125,-0.49462890625,-0.01519775390625,-0.011016845703125,0.006011962890625,P,1,2026-08-24_23-25-27,2026-08-25
1.0,0.9118889559444779,0.8400900900900901,0.0,0.535031847133758,1.0,0.0,1.0,1.0,1.0,1.0,0.001953125,0.079345703125,-0.492919921875,-0.012969970703125,-0.00372314453125,0.00457763671875,P,1,2026-08-24_23-25-27,2026-08-25
1.0,0.9167169583584792,0.8400900900900901,0.0,0.535031847133758,1.0,0.0,1.0,1.0,1.0,1.0,0.001953125,0.0810546875,-0.4840087890625,-0.013916015625,-0.004638671875,0.005706787109375,P,1,2026-08-24_23-25-27,2026-08-25
1.0,0.9191309595654797,0.8333333333333334,0.0,0.40764331210191085,1.0,0.0,1.0,1.0,1.0,1.0,0.00146484375,0.0760498046875,-0.4898681640625,-0.011932373046875,-0.002655029296875,0.005645751953125,P,1,2026-08-24_23-25-27,2026-08-25
1.0,0.9082679541339771,0.8333333333333334,0.0,0.5859872611464968,1.0,0.0,1.0,1.0,1.0,1.0,0.006591796875,0.07568359375,-0.4896240234375,-0.018218994140625,-0.00738525390625,0.007110595703125,P,1,2026-08-24_23-25-27,2026-08-25
1.0,0.9203379601689801,0.8288288288288288,0.0,0.535031847133758,1.0,0.0,1.0,1.0,1.0,1.0,0.0025634765625,0.0784912109375,-0.48974609375,-0.021026611328125,-0.011566162109375,0.008941650390625,P,1,2026-08-24_23-25-27,2026-08-25
1.0,0.9167169583584792,0.8355855855855856,0.0,0.5732484076433121,1.0,0.0,1.0,1.0,1.0,1.0,0.0050048828125,0.0802001953125,-0.487548828125,-0.016998291015625,-0.009918212890625,0.00592041015625,P,1,2026-08-24_23-25-27,2026-08-25
1.0,0.9167169583584792,0.8378378378378378,0.0,0.5732484076433121,1.0,0.0,1.0,1.0,1.0,1.0,0.003173828125,0.077392578125,-0.493896484375,-0.012939453125,-0.0093994140625,0.00146484375,P,1,2026-08-24_23-25-27,2026-08-25
1.0,0.9191309595654797,0.8355855855855856,0.0,0.535031847133758,1.0,0.0,1.0,1.0,1.0,1.0,0.00048828125,0.0777587890625,-0.4935302734375,-0.016387939453125,-0.011688232421875,0.001495361328125,P,1,2026-08-24_23-25-27,2026-08-25
1.0,0.9263729631864815,0.8603603603603603,0.0,0.4713375796178344,1.0,0.0,1.0,1.0,1.0,1.0,-0.0030517578125,0.0799560546875,-0.494140625,-0.015380859375,-0.013946533203125,0.003265380859375,P,1,2026-08-24_23-25-27,2026-08-25
1.0,0.9215449607724804,0.8265765765765766,0.0,0.535031847133758,1.0,0.0,1.0,1.0,1.0,1.0,-0.0028076171875,0.0787353515625,-0.4984130859375,-0.0220947265625,-0.005584716796875,0.0057373046875,P,1,2026-08-24_23-25-27,2026-08-25
1.0,0.9106819553409776,0.8198198198198198,0.0,0.445859872611465,1.0,0.0,1.0,1.0,1.0,1.0,0.000244140625,0.081787109375,-0.496337890625,-0.019775390625,0.001007080078125,0.005950927734375,P,1,2026-08-24_23-25-27,2026-08-25
1.0,0.9155099577549789,0.8400900900900901,0.0,0.535031847133758,1.0,0.0,1.0,1.0,1.0,1.0,-0.0003662109375,0.0794677734375,-0.4906005859375,-0.0196533203125,-0.00396728515625,0.004913330078125,P,1,2026-08-24_23-25-27,2026-08-25
1.0,0.9577549788774894,0.8333333333333334,0.0,0.40764331210191085,1.0,0.0,1.0,1.0,1.0,1.0,0.0015869140625,0.0797119140625,-0.4886474609375,-0.01568603515625,-0.006378173828125,0.00323486328125,P,1,2026-08-24_23-25-27,2026-08-25
1.0,0.9203379601689801,0.831081081081081,0.0,0.42038216560509556,1.0,0.0,1.0,1.0,1.0,1.0,-0.001220703125,0.080322265625,-0.49072265625,-0.01446533203125,-0.006805419921875,0.0025634765625,P,1,2026-08-24_23-25-27,2026-08-25
1.0,1.0,0.8423423423423423,0.0,0.5477707006369427,1.0,0.0,1.0,1.0,1.0,1.0,0.0042724609375,0.081298828125,-0.4832763671875,-0.016632080078125,-0.006683349609375,0.005401611328125,P,1,2026-08-24_23-25-27,2026-08-25
1.0,1.0,0.8333333333333334,0.0,0.5732484076433121,1.0,0.0,1.0,1.0,1.0,1.0,0.0062255859375,0.0814208984375,-0.48779296875,-0.0205078125,-0.008941650390625,0.007904052734375,P,1,2026-08-24_23-25-27,2026-08-25
1.0,1.0,0.8400900900900901,0.0,0.5987261146496815,1.0,0.0,1.0,1.0,1.0,1.0,0.001708984375,0.0853271484375,-0.4891357421875,-0.021453857421875,-0.01055908203125,0.008453369140625,P,1,2026-08-24_23-25-27,2026-08-25
1.0,1.0,0.8355855855855856,0.0,0.5859872611464968,1.0,0.0,1.0,1.0,1.0,1.0,-0.000244140625,0.08251953125,-0.4896240234375,-0.019287109375,-0.011993408203125,0.007965087890625,P,1,2026-08-24_23-25-27,2026-08-25
1.0,0.9529269764634882,0.8445945945945946,0.0,0.5095541401273885,1.0,0.0,1.0,1.0,1.0,1.0,0.0013427734375,0.083984375,-0.489013671875,-0.014404296875,-0.01214599609375,0.006317138671875,P,1,2026-08-24_23-25-27,2026-08-25
1.0,1.0,0.8220720720720721,0.0,0.445859872611465,1.0,0.0,1.0,1.0,1.0,1.0,-0.0018310546875,0.079833984375,-0.4915771484375,-0.012451171875,-0.011383056640625,0.005340576171875,P,1,2026-08-24_23-25-27,2026-08-25
1.0,0.9106819553409776,0.8333333333333334,0.0,0.4713375796178344,1.0,0.0,1.0,1.0,1.0,1.0,0.002685546875,0.0787353515625,-0.4888916015625,-0.01922607421875,-0.012298583984375,0.008514404296875,P,1,2026-08-24_23-25-27,2026-08-25
1.0,0.9130959565479783,0.8333333333333334,0.0,0.535031847133758,1.0,0.0,1.0,1.0,1.0,1.0,0.00390625,0.07958984375,-0.4910888671875,-0.020416259765625,-0.011077880859375,0.010040283203125,P,1,2026-08-24_23-25-27,2026-08-25
1.0,1.0,0.8355855855855856,0.0,0.33121019108280253,1.0,0.0,1.0,1.0,1.0,1.0,-0.0418701171875,0.0523681640625,-0.479248046875,-0.029998779296875,-0.012359619140625,0.010589599609375,P,2,2026-08-24_23-25-27,2026-08-25
1.0,1.0,0.8333333333333334,0.0,0.267515923566879,1.0,0.0,1.0,1.0,1.0,1.0,-0.041015625,0.0577392578125,-0.4793701171875,-0.021514892578125,-0.018035888671875,0.008819580078125,P,2,2026-08-24_23-25-27,2026-08-25
1.0,0.9903439951719976,0.8265765765765766,0.0,0.1910828025477707,1.0,0.0,1.0,1.0,1.0,1.0,-0.044921875,0.05615234375,-0.4853515625,-0.017913818359375,-0.016143798828125,0.00927734375,P,2,2026-08-24_23-25-27,2026-08-25
1.0,0.996378998189499,0.8490990990990991,0.0,0.267515923566879,1.0,0.0,1.0,1.0,1.0,1.0,-0.0430908203125,0.0509033203125,-0.486083984375,-0.017364501953125,-0.0052490234375,0.008575439453125,P,2,2026-08-24_23-25-27,2026-08-25
1.0,0.9806879903439951,0.8423423423423423,0.0,0.3184713375796178,1.0,0.0,1.0,1.0,1.0,1.0,-0.040771484375,0.0518798828125,-0.4803466796875,-0.020965576171875,0.0003662109375,0.01007080078125,P,2,2026-08-24_23-25-27,2026-08-25
1.0,0.9806879903439951,0.8333333333333334,0.0,0.24203821656050956,1.0,0.0,1.0,1.0,1.0,1.0,-0.0367431640625,0.05517578125,-0.4873046875,-0.021881103515625,-0.002044677734375,0.011566162109375,P,2,2026-08-24_23-25-27,2026-08-25
1.0,0.975859987929994,0.8220720720720721,0.0,0.267515923566879,1.0,0.0,1.0,1.0,1.0,1.0,-0.03759765625,0.056640625,-0.4840087890625,-0.0257568359375,-0.0113525390625,0.010894775390625,P,2,2026-08-24_23-25-27,2026-08-25
1.0,0.9951719975859988,0.8333333333333334,0.0,0.34394904458598724,1.0,0.0,1.0,1.0,1.0,1.0,-0.03662109375,0.061279296875,-0.4852294921875,-0.018157958984375,-0.014495849609375,0.0074462890625,P,2,2026-08-24_23-25-27,2026-08-25
1.0,0.9818949909474954,0.8355855855855856,0.0,0.3184713375796178,1.0,0.0,1.0,1.0,1.0,1.0,-0.0419921875,0.0560302734375,-0.492919921875,-0.01007080078125,-0.002838134765625,0.00604248046875,P,2,2026-08-24_23-25-27,2026-08-25
1.0,0.9770669885334943,0.8400900900900901,0.0,0.3821656050955414,1.0,0.0,1.0,1.0,1.0,1.0,-0.040283203125,0.052734375,-0.486572265625,-0.011627197265625,0.000640869140625,0.004364013671875,P,2,2026-08-24_23-25-27,2026-08-25
1.0,0.9951719975859988,0.8333333333333334,0.0,0.3184713375796178,1.0,0.0,1.0,1.0,1.0,1.0,-0.0361328125,0.053955078125,-0.4830322265625,-0.01727294921875,-0.009002685546875,0.00823974609375,P,2,2026-08-24_23-25-27,2026-08-25
1.0,0.9831019915509958,0.8265765765765766,0.0,0.34394904458598724,1.0,0.0,1.0,1.0,1.0,1.0,-0.0340576171875,0.0540771484375,-0.4869384765625,-0.02362060546875,-0.012115478515625,0.009765625,P,2,2026-08-24_23-25-27,2026-08-25
1.0,0.9686179843089922,0.8108108108108109,0.0,0.267515923566879,1.0,0.0,1.0,1.0,1.0,1.0,-0.0357666015625,0.0557861328125,-0.4844970703125,-0.016845703125,-0.007537841796875,0.0067138671875,P,2,2026-08-24_23-25-27,2026-08-25
1.0,0.9613759806879904,0.8378378378378378,0.0,0.34394904458598724,1.0,0.0,1.0,1.0,1.0,1.0,-0.0364990234375,0.056396484375,-0.487548828125,-0.013702392578125,-0.008544921875,0.0059814453125,P,2,2026-08-24_23-25-27,2026-08-25
1.0,0.9649969824984912,0.8243243243243243,0.0,0.24203821656050956,1.0,0.0,1.0,1.0,1.0,1.0,-0.042236328125,0.0513916015625,-0.4893798828125,-0.016571044921875,0.000762939453125,0.0057373046875,P,2,2026-08-24_23-25-27,2026-08-25
1.0,0.9818949909474954,0.8333333333333334,0.0,0.22929936305732485,1.0,0.0,1.0,1.0,1.0,1.0,-0.034423828125,0.0560302734375,-0.48876953125,-0.017669677734375,-0.00042724609375,0.009185791015625,P,2,2026-08-24_23-25-27,2026-08-25
1.0,0.9662039831019915,0.8333333333333334,0.0,0.20382165605095542,1.0,0.0,1.0,1.0,1.0,1.0,-0.0333251953125,0.0494384765625,-0.4830322265625,-0.020172119140625,-0.007049560546875,0.011505126953125,P,2,2026-08-24_23-25-27,2026-08-25
1.0,1.0,0.8243243243243243,0.0,0.22929936305732485,1.0,0.0,1.0,1.0,1.0,1.0,-0.0347900390625,0.049560546875,-0.4873046875,-0.01910400390625,-0.007232666015625,0.006103515625,P,2,2026-08-24_23-25-27,2026-08-25
1.0,1.0,0.8333333333333334,0.0,0.2929936305732484,1.0,0.0,1.0,1.0,1.0,1.0,-0.0347900390625,0.050048828125,-0.484375,-0.014373779296875,-0.011199951171875,0.002716064453125,P,2,2026-08-24_23-25-27,2026-08-25
1.0,1.0,0.8333333333333334,0.0,0.40764331210191085,1.0,0.0,1.0,1.0,1.0,1.0,-0.0391845703125,0.0499267578125,-0.485595703125,-0.016143798828125,-0.012420654296875,0.002227783203125,P,2,2026-08-24_23-25-27,2026-08-25
1.0,1.0,0.8558558558558559,0.0,0.3184713375796178,1.0,0.0,1.0,1.0,1.0,1.0,-0.0401611328125,0.0513916015625,-0.490478515625,-0.01904296875,-0.007720947265625,0.001861572265625,P,2,2026-08-24_23-25-27,2026-08-25
1.0,0.9975859987929994,0.8400900900900901,0.0,0.3184713375796178,1.0,0.0,1.0,1.0,1.0,1.0,-0.040283203125,0.0513916015625,-0.4920654296875,-0.024169921875,-0.0064697265625,0.00390625,P,2,2026-08-24_23-25-27,2026-08-25
1.0,0.9975859987929994,0.8536036036036037,0.0,0.33121019108280253,1.0,0.0,1.0,1.0,1.0,1.0,-0.040283203125,0.0577392578125,-0.4935302734375,-0.02374267578125,-0.0052490234375,0.00384521484375,P,2,2026-08-24_23-25-27,2026-08-25
1.0,1.0,0.8468468468468469,0.0,0.24203821656050956,1.0,0.0,1.0,1.0,1.0,1.0,-0.036865234375,0.049072265625,-0.488037109375,-0.025634765625,-0.003387451171875,0.001556396484375,P,2,2026-08-24_23-25-27,2026-08-25
1.0,1.0,0.8288288288288288,0.0,0.2802547770700637,1.0,0.0,1.0,1.0,1.0,1.0,-0.033203125,0.053466796875,-0.48291015625,-0.02923583984375,-0.012725830078125,-0.00115966796875,P,2,2026-08-24_23-25-27,2026-08-25
1.0,0.9939649969824985,0.8333333333333334,0.0,0.22929936305732485,1.0,0.0,1.0,1.0,1.0,1.0,-0.04296875,0.0611572265625,-0.48388671875,-0.0174560546875,-0.02471923828125,-0.0032958984375,P,2,2026-08-24_23-25-27,2026-08-25
1.0,1.0,0.8265765765765766,0.0,0.3184713375796178,1.0,0.0,1.0,1.0,1.0,1.0,-0.0457763671875,0.0614013671875,-0.4910888671875,-0.015960693359375,-0.02557373046875,-0.00250244140625,P,2,2026-08-24_23-25-27,2026-08-25
1.0,1.0,0.8355855855855856,0.0,0.24203821656050956,1.0,0.0,1.0,1.0,1.0,1.0,-0.042724609375,0.062255859375,-0.4918212890625,-0.021026611328125,-0.012603759765625,-0.000335693359375,P,2,2026-08-24_23-25-27,2026-08-25
1.0,1.0,0.8355855855855856,0.0,0.22929936305732485,1.0,0.0,1.0,1.0,1.0,1.0,-0.0413818359375,0.0667724609375,-0.4937744140625,-0.023590087890625,-0.002227783203125,0.00579833984375,P,2,2026-08-24_23-25-27,2026-08-25
1.0,1.0,0.8333333333333334,0.0,0.34394904458598724,1.0,0.0,1.0,1.0,1.0,1.0,-0.0419921875,0.061767578125,-0.487060546875,-0.024932861328125,0.00213623046875,0.005767822265625,P,2,2026-08-24_23-25-27,2026-08-25
1.0,1.0,0.8333333333333334,0.0,0.22929936305732485,1.0,0.0,1.0,1.0,1.0,1.0,-0.038818359375,0.0684814453125,-0.479736328125,-0.018798828125,-0.008148193359375,0.005340576171875,P,2,2026-08-24_23-25-27,2026-08-25
1.0,1.0,0.8333333333333334,0.0,0.3057324840764331,1.0,0.0,1.0,1.0,1.0,1.0,-0.04150390625,0.0623779296875,-0.4854736328125,-0.00567626953125,-0.009521484375,9.1552734375e-05,P,2,2026-08-24_23-25-27,2026-08-25
1.0,1.0,0.8175675675675675,0.0,0.2929936305732484,1.0,0.0,1.0,1.0,1.0,1.0,-0.045166015625,0.0567626953125,-0.4869384765625,-0.008544921875,-0.005615234375,0.0003662109375,P,2,2026-08-24_23-25-27,2026-08-25
1.0,1.0,0.8333333333333334,0.0,0.3184713375796178,1.0,0.0,1.0,1.0,1.0,1.0,-0.0439453125,0.05810546875,-0.4871826171875,-0.015960693359375,-0.002899169921875,0.006591796875,P,2,2026-08-24_23-25-27,2026-08-25
1.0,1.0,0.8445945945945946,0.0,0.33121019108280253,1.0,0.0,1.0,1.0,1.0,1.0,-0.04296875,0.05224609375,-0.482177734375,-0.022918701171875,-0.00665283203125,0.01153564453125,P,2,2026-08-24_23-25-27,2026-08-25
1.0,1.0,0.8243243243243243,0.0,0.34394904458598724,1.0,0.0,1.0,1.0,1.0,1.0,-0.040283203125,0.0546875,-0.4864501953125,-0.02734375,-0.011383056640625,0.011871337890625,P,2,2026-08-24_23-25-27,2026-08-25
1.0,1.0,0.8288288288288288,0.0,0.24203821656050956,1.0,0.0,1.0,1.0,1.0,1.0,-0.03955078125,0.06005859375,-0.485595703125,-0.024658203125,-0.005706787109375,0.00848388671875,P,2,2026-08-24_23-25-27,2026-08-25
1.0,1.0,0.7995495495495496,0.0,0.2802547770700637,1.0,0.0,1.0,1.0,1.0,1.0,-0.041015625,0.0625,-0.480224609375,-0.014251708984375,-0.007354736328125,0.00531005859375,P,2,2026-08-24_23-25-27,2026-08-25
1.0,1.0,0.8198198198198198,0.0,0.3184713375796178,1.0,0.0,1.0,1.0,1.0,1.0,-0.0416259765625,0.0517578125,-0.4871826171875,-0.00909423828125,0.00189208984375,0.001708984375,P,2,2026-08-24_23-25-27,2026-08-25
1.0,1.0,0.8333333333333334,0.0,0.1910828025477707,1.0,0.0,1.0,1.0,1.0,1.0,-0.038330078125,0.0557861328125,-0.48583984375,-0.015655517578125,-0.007293701171875,0.002716064453125,P,2,2026-08-24_23-25-27,2026-08-25
1.0,0.96016898008449,0.8333333333333334,0.0,0.34394904458598724,1.0,0.0,1.0,1.0,1.0,1.0,-0.0545654296875,0.0162353515625,-0.4827880859375,-0.01849365234375,-0.007171630859375,0.00390625,P,3,2026-08-24_23-25-27,2026-08-25
1.0,0.987929993964997,0.8783783783783784,0.0,0.267515923566879,1.0,0.0,1.0,1.0,1.0,1.0,-0.0572509765625,0.02734375,-0.4906005859375,-0.018280029296875,-0.004547119140625,0.00592041015625,P,3,2026-08-24_23-25-27,2026-08-25
1.0,1.0,0.8288288288288288,0.0,0.2802547770700637,1.0,0.0,1.0,1.0,1.0,1.0,-0.0556640625,0.0262451171875,-0.484130859375,-0.02069091796875,-0.00042724609375,0.005615234375,P,3,2026-08-24_23-25-27,2026-08-25
1.0,0.9951719975859988,0.8581081081081081,0.0,0.3821656050955414,1.0,0.0,1.0,1.0,1.0,1.0,-0.0509033203125,0.02734375,-0.4873046875,-0.01922607421875,-0.008087158203125,0.001312255859375,P,3,2026-08-24_23-25-27,2026-08-25
1.0,0.9939649969824985,0.8490990990990991,0.0,0.34394904458598724,1.0,0.0,1.0,1.0,1.0,1.0,-0.0572509765625,0.0272216796875,-0.4830322265625,-0.010589599609375,-0.009979248046875,-0.00238037109375,P,3,2026-08-24_23-25-27,2026-08-25
1.0,0.9794809897404949,0.8175675675675675,0.0,0.34394904458598724,1.0,0.0,1.0,1.0,1.0,1.0,-0.053466796875,0.0279541015625,-0.4925537109375,-0.009002685546875,-0.00567626953125,-0.003173828125,P,3,2026-08-24_23-25-27,2026-08-25
1.0,0.9975859987929994,0.8355855855855856,0.0,0.36942675159235666,1.0,0.0,1.0,1.0,1.0,1.0,-0.05810546875,0.0228271484375,-0.4920654296875,-0.011260986328125,-0.001251220703125,-0.000885009765625,P,3,2026-08-24_23-25-27,2026-08-25
1.0,0.9806879903439951,0.8423423423423423,0.0,0.2802547770700637,1.0,0.0,1.0,1.0,1.0,1.0,-0.056396484375,0.02099609375,-0.4893798828125,-0.018829345703125,-0.001373291015625,0.003936767578125,P,3,2026-08-24_23-25-27,2026-08-25
1.0,0.9843089921544961,0.8536036036036037,0.0,0.33121019108280253,1.0,0.0,1.0,1.0,1.0,1.0,-0.055908203125,0.029296875,-0.490966796875,-0.0225830078125,-0.005035400390625,0.007720947265625,P,3,2026-08-24_23-25-27,2026-08-25
1.0,0.9867229933614967,0.8333333333333334,0.0,0.36942675159235666,1.0,0.0,1.0,1.0,1.0,1.0,-0.0577392578125,0.028076171875,-0.486572265625,-0.0185546875,-0.001800537109375,0.004974365234375,P,3,2026-08-24_23-25-27,2026-08-25
1.0,0.9867229933614967,0.8333333333333334,0.0,0.2802547770700637,1.0,0.0,1.0,1.0,1.0,1.0,-0.058837890625,0.027099609375,-0.484375,-0.007720947265625,-0.000701904296875,0.00091552734375,P,3,2026-08-24_23-25-27,2026-08-25
1.0,0.9806879903439951,0.8400900900900901,0.0,0.2929936305732484,1.0,0.0,1.0,1.0,1.0,1.0,-0.05615234375,0.0223388671875,-0.4891357421875,-0.006011962890625,-0.00384521484375,-0.001007080078125,P,3,2026-08-24_23-25-27,2026-08-25
1.0,0.9939649969824985,0.8378378378378378,0.0,0.267515923566879,1.0,0.0,1.0,1.0,1.0,1.0,-0.0533447265625,0.027587890625,-0.48291015625,-0.011871337890625,-0.00640869140625,0.00323486328125,P,3,2026-08-24_23-25-27,2026-08-25
1.0,1.0,0.831081081081081,0.0,0.3184713375796178,1.0,0.0,1.0,1.0,1.0,1.0,-0.0567626953125,0.0223388671875,-0.4852294921875,-0.0164794921875,-0.001556396484375,0.00634765625,P,3,2026-08-24_23-25-27,2026-08-25
1.0,1.0,0.8693693693693694,0.0,0.3821656050955414,1.0,0.0,1.0,1.0,1.0,1.0,-0.0537109375,0.0230712890625,-0.486328125,-0.01995849609375,0.005462646484375,0.007965087890625,P,3,2026-08-24_23-25-27,2026-08-25
1.0,1.0,0.8513513513513513,0.0,0.2929936305732484,1.0,0.0,1.0,1.0,1.0,1.0,-0.0516357421875,0.025146484375,-0.48779296875,-0.01019287109375,0.0057373046875,0.004608154296875,P,3,2026-08-24_23-25-27,2026-08-25
1.0,1.0,0.8333333333333334,0.0,0.21656050955414013,1.0,0.0,1.0,1.0,1.0,1.0,-0.049560546875,0.0220947265625,-0.48828125,-0.00372314453125,0.000762939453125,0.002044677734375,P,3,2026-08-24_23-25-27,2026-08-25
1.0,1.0,0.8333333333333334,0.0,0.40764331210191085,1.0,0.0,1.0,1.0,1.0,1.0,-0.0489501953125,0.024658203125,-0.483154296875,-0.007080078125,-0.00335693359375,-0.00079345703125,P,3,2026-08-24_23-25-27,2026-08-25
1.0,1.0,0.8355855855855856,0.0,0.3184713375796178,1.0,0.0,1.0,1.0,1.0,1.0,-0.0592041015625,0.0198974609375,-0.495361328125,-0.011474609375,-0.0009765625,0.002532958984375,P,3,2026-08-24_23-25-27,2026-08-25
1.0,0.9939649969824985,0.8558558558558559,0.0,0.20382165605095542,1.0,0.0,1.0,1.0,1.0,1.0,-0.0537109375,0.014892578125,-0.4993896484375,-0.01629638671875,0.003509521484375,0.006500244140625,P,3,2026-08-24_23-25-27,2026-08-25
1.0,0.9939649969824985,0.8400900900900901,0.0,0.3821656050955414,1.0,0.0,1.0,1.0,1.0,1.0,-0.0467529296875,0.0234375,-0.4935302734375,-0.023895263671875,0.00042724609375,0.0091552734375,P,3,2026-08-24_23-25-27,2026-08-25
1.0,1.0,0.8490990990990991,0.0,0.33121019108280253,1.0,0.0,1.0,1.0,1.0,1.0,-0.046142578125,0.020751953125,-0.487060546875,-0.0211181640625,-0.006195068359375,0.00634765625,P,3,2026-08-24_23-25-27,2026-08-25
1.0,1.0,0.8400900900900901,0.0,0.33121019108280253,1.0,0.0,1.0,1.0,1.0,1.0,-0.0439453125,0.02294921875,-0.484619140625,-0.016510009765625,-0.00640869140625,0.002471923828125,P,3,2026-08-24_23-25-27,2026-08-25
1.0,1.0,0.8378378378378378,0.0,0.3184713375796178,1.0,0.0,1.0,1.0,1.0,1.0,-0.05029296875,0.0191650390625,-0.490234375,-0.015106201171875,-0.00494384765625,-0.0009765625,P,3,2026-08-24_23-25-27,2026-08-25
1.0,1.0,0.8333333333333334,0.0,0.267515923566879,1.0,0.0,1.0,1.0,1.0,1.0,-0.0509033203125,0.0228271484375,-0.489013671875,-0.02239990234375,-0.01373291015625,0.0020751953125,P,3,2026-08-24_23-25-27,2026-08-25
1.0,1.0,0.8671171171171171,0.0,0.39490445859872614,1.0,0.0,1.0,1.0,1.0,1.0,-0.055908203125,0.02490234375,-0.491943359375,-0.02410888671875,-0.009918212890625,0.00543212890625,P,3,2026-08-24_23-25-27,2026-08-25
1.0,1.0,0.8738738738738738,0.0,0.33121019108280253,1.0,0.0,1.0,1.0,1.0,1.0,-0.052734375,0.021728515625,-0.4931640625,-0.020751953125,-0.000640869140625,0.00482177734375,P,3,2026-08-24_23-25-27,2026-08-25
1.0,0.9987929993964997,0.8243243243243243,0.0,0.2929936305732484,1.0,0.0,1.0,1.0,1.0,1.0,-0.0487060546875,0.0234375,-0.486328125,-0.014801025390625,-0.00457763671875,0.002410888671875,P,3,2026-08-24_23-25-27,2026-08-25
1.0,1.0,0.8445945945945946,0.0,0.3184713375796178,1.0,0.0,1.0,1.0,1.0,1.0,-0.0491943359375,0.0262451171875,-0.4791259765625,-0.01568603515625,-0.00750732421875,0.001495361328125,P,3,2026-08-24_23-25-27,2026-08-25
1.0,1.0,0.8581081081081081,0.0,0.3821656050955414,1.0,0.0,1.0,1.0,1.0,1.0,-0.055419921875,0.025146484375,-0.4793701171875,-0.014404296875,-0.007965087890625,0.002716064453125,P,3,2026-08-24_23-25-27,2026-08-25
1.0,1.0,0.8693693693693694,0.0,0.3184713375796178,1.0,0.0,1.0,1.0,1.0,1.0,-0.05419921875,0.016845703125,-0.493896484375,-0.01641845703125,-0.001190185546875,0.003814697265625,P,3,2026-08-24_23-25-27,2026-08-25
1.0,1.0,0.8558558558558559,0.0,0.3184713375796178,1.0,0.0,1.0,1.0,1.0,1.0,-0.0526123046875,0.0240478515625,-0.4873046875,-0.020355224609375,0.00299072265625,0.00616455078125,P,3,2026-08-24_23-25-27,2026-08-25
1.0,1.0,0.8648648648648649,0.0,0.34394904458598724,1.0,0.0,1.0,1.0,1.0,1.0,-0.047119140625,0.02197265625,-0.4854736328125,-0.018280029296875,-0.009857177734375,0.0028076171875,P,3,2026-08-24_23-25-27,2026-08-25
1.0,0.963789981894991,0.8693693693693694,0.0,0.25477707006369427,1.0,0.0,1.0,1.0,1.0,1.0,-0.0491943359375,0.0230712890625,-0.482421875,-0.019378662109375,-0.021453857421875,0.00103759765625,P,3,2026-08-24_23-25-27,2026-08-25
1.0,0.9589619794809897,0.8648648648648649,0.0,0.3184713375796178,1.0,0.0,1.0,0.0,1.0,1.0,-0.0543212890625,0.0179443359375,-0.4788818359375,-0.012542724609375,-0.014129638671875,-0.003082275390625,P,3,2026-08-24_23-25-27,2026-08-25
1.0,0.963789981894991,0.8355855855855856,0.0,0.35668789808917195,1.0,0.0,1.0,0.0,1.0,1.0,-0.0537109375,0.02294921875,-0.492431640625,-0.014739990234375,-0.004791259765625,0.0050048828125,P,3,2026-08-24_23-25-27,2026-08-25
1.0,0.9541339770669885,0.8648648648648649,0.0,0.36942675159235666,1.0,0.0,1.0,0.0,1.0,1.0,-0.04443359375,0.024169921875,-0.4945068359375,-0.024261474609375,-0.0010986328125,0.01373291015625,P,3,2026-08-24_23-25-27,2026-08-25
1.0,0.9674109837054918,0.8761261261261262,0.0,0.40764331210191085,1.0,0.0,1.0,0.0,1.0,1.0,-0.0477294921875,0.015869140625,-0.48828125,-0.0391845703125,-0.01080322265625,0.0135498046875,P,3,2026-08-24_23-25-27,2026-08-25
1.0,0.9794809897404949,0.8986486486486487,0.0,0.36942675159235666,1.0,0.0,1.0,0.0,1.0,1.0,-0.050048828125,0.029296875,-0.4844970703125,-0.0396728515625,-0.01519775390625,0.009307861328125,P,3,2026-08-24_23-25-27,2026-08-25
1.0,0.9577549788774894,0.8738738738738738,0.0,0.22929936305732485,1.0,0.0,1.0,0.0,1.0,1.0,-0.049560546875,0.0328369140625,-0.4820556640625,-0.020965576171875,-0.01580810546875,0.001739501953125,P,3,2026-08-24_23-25-27,2026-08-25
1.0,0.9746529873264936,0.7837837837837838,0.0,0.25477707006369427,1.0,0.0,1.0,1.0,1.0,1.0,-0.0604248046875,0.0479736328125,-0.4815673828125,-0.012542724609375,-0.011749267578125,0.00152587890625,P,4,2026-08-24_23-25-27,2026-08-25
1.0,0.9698249849124925,0.7635135135135135,0.0,0.3184713375796178,1.0,0.0,1.0,1.0,1.0,1.0,-0.0625,0.0498046875,-0.48681640625,-0.003570556640625,0.00286865234375,-0.0009765625,P,4,2026-08-24_23-25-27,2026-08-25
1.0,0.9782739891369946,0.7815315315315315,0.0,0.34394904458598724,1.0,0.0,1.0,1.0,1.0,1.0,-0.0518798828125,0.0482177734375,-0.4840087890625,-0.013916015625,-0.01123046875,0.0052490234375,P,4,2026-08-24_23-25-27,2026-08-25
1.0,0.9734459867229933,0.7635135135135135,0.0,0.24203821656050956,1.0,0.0,1.0,1.0,1.0,1.0,-0.059814453125,0.0513916015625,-0.4788818359375,-0.023223876953125,-0.02496337890625,0.009307861328125,P,4,2026-08-24_23-25-27,2026-08-25
1.0,0.9746529873264936,0.7792792792792793,0.0,0.24203821656050956,1.0,0.0,1.0,1.0,1.0,1.0,-0.0626220703125,0.045166015625,-0.483154296875,-0.01654052734375,-0.02496337890625,0.005035400390625,P,4,2026-08-24_23-25-27,2026-08-25
1.0,0.9843089921544961,0.7657657657657657,0.0,0.2929936305732484,1.0,0.0,1.0,1.0,1.0,1.0,-0.067626953125,0.0439453125,-0.490966796875,-0.011627197265625,-0.00885009765625,0.003692626953125,P,4,2026-08-24_23-25-27,2026-08-25
1.0,0.9806879903439951,0.7680180180180181,0.0,0.21656050955414013,1.0,0.0,1.0,1.0,1.0,1.0,-0.0616455078125,0.0506591796875,-0.4903564453125,-0.0089111328125,0.001861572265625,0.003326416015625,P,4,2026-08-24_23-25-27,2026-08-25
1.0,0.9734459867229933,0.777027027027027,0.0,0.2929936305732484,1.0,0.0,1.0,1.0,1.0,1.0,-0.065673828125,0.0489501953125,-0.479248046875,-0.01593017578125,-0.008453369140625,0.00787353515625,P,4,2026-08-24_23-25-27,2026-08-25
1.0,0.9686179843089922,0.7725225225225225,0.0,0.2802547770700637,1.0,0.0,1.0,1.0,1.0,1.0,-0.064208984375,0.0484619140625,-0.4822998046875,-0.01556396484375,-0.00726318359375,0.0069580078125,P,4,2026-08-24_23-25-27,2026-08-25
1.0,0.9710319855159928,0.7905405405405406,0.0,0.36942675159235666,1.0,0.0,1.0,1.0,1.0,1.0,-0.0692138671875,0.04150390625,-0.4801025390625,-0.009735107421875,0.0023193359375,0.0025634765625,P,4,2026-08-24_23-25-27,2026-08-25
1.0,0.9746529873264936,0.7612612612612613,0.0,0.3184713375796178,1.0,0.0,1.0,1.0,1.0,1.0,-0.06591796875,0.044921875,-0.482177734375,-0.00836181640625,0.01019287109375,0.00335693359375,P,4,2026-08-24_23-25-27,2026-08-25
1.0,0.9806879903439951,0.7657657657657657,0.0,0.3184713375796178,1.0,0.0,1.0,1.0,1.0,1.0,-0.062744140625,0.0440673828125,-0.4798583984375,-0.005462646484375,0.010467529296875,0.0042724609375,P,4,2026-08-24_23-25-27,2026-08-25
1.0,0.9794809897404949,0.7680180180180181,0.0,0.33121019108280253,1.0,0.0,1.0,1.0,1.0,1.0,-0.058349609375,0.047119140625,-0.4830322265625,-0.019378662109375,-0.003082275390625,0.0081787109375,P,4,2026-08-24_23-25-27,2026-08-25
1.0,0.975859987929994,0.777027027027027,0.0,0.2802547770700637,1.0,0.0,1.0,1.0,1.0,1.0,-0.063232421875,0.0489501953125,-0.471923828125,-0.02069091796875,-0.0137939453125,0.008514404296875,P,4,2026-08-24_23-25-27,2026-08-25
1.0,0.9746529873264936,0.7747747747747747,0.0,0.2802547770700637,1.0,0.0,1.0,1.0,1.0,1.0,-0.066162109375,0.0478515625,-0.481689453125,-0.012359619140625,-0.005584716796875,0.010101318359375,P,4,2026-08-24_23-25-27,2026-08-25
1.0,0.9734459867229933,0.7837837837837838,0.0,0.17834394904458598,1.0,0.0,1.0,1.0,1.0,1.0,-0.0633544921875,0.0467529296875,-0.4844970703125,-0.00775146484375,0.006103515625,0.008087158203125,P,4,2026-08-24_23-25-27,2026-08-25
1.0,0.9746529873264936,0.786036036036036,0.0,0.267515923566879,1.0,0.0,1.0,1.0,1.0,1.0,-0.0596923828125,0.0433349609375,-0.4852294921875,-0.009765625,-3.0517578125e-05,0.010833740234375,P,4,2026-08-24_23-25-27,2026-08-25
1.0,0.975859987929994,0.7635135135135135,0.0,0.3057324840764331,1.0,0.0,1.0,1.0,1.0,1.0,-0.0506591796875,0.038330078125,-0.4830322265625,-0.02392578125,-0.021087646484375,0.009124755859375,P,4,2026-08-24_23-25-27,2026-08-25
1.0,0.9806879903439951,0.7567567567567568,0.0,0.24203821656050956,1.0,0.0,1.0,1.0,1.0,1.0,-0.064208984375,0.0452880859375,-0.48876953125,-0.0216064453125,-0.033599853515625,0.009246826171875,P,4,2026-08-24_23-25-27,2026-08-25
1.0,0.9734459867229933,0.7725225225225225,0.0,0.17834394904458598,1.0,0.0,1.0,1.0,1.0,1.0,-0.0657958984375,0.0386962890625,-0.4852294921875,-0.010528564453125,-0.015655517578125,0.0035400390625,P,4,2026-08-24_23-25-27,2026-08-25
1.0,0.9734459867229933,0.7815315315315315,0.0,0.39490445859872614,1.0,0.0,1.0,1.0,1.0,1.0,-0.0682373046875,0.038818359375,-0.4951171875,-0.008056640625,0.006591796875,0.0032958984375,P,4,2026-08-24_23-25-27,2026-08-25
1.0,0.9698249849124925,0.7837837837837838,0.0,0.24203821656050956,1.0,0.0,1.0,1.0,1.0,1.0,-0.05859375,0.0416259765625,-0.4891357421875,-0.015869140625,0.00457763671875,0.003997802734375,P,4,2026-08-24_23-25-27,2026-08-25
1.0,0.9782739891369946,0.7612612612612613,0.0,0.20382165605095542,1.0,0.0,1.0,1.0,1.0,1.0,-0.0577392578125,0.040283203125,-0.48583984375,-0.021148681640625,-0.0130615234375,0.005767822265625,P,4,2026-08-24_23-25-27,2026-08-25
1.0,0.975859987929994,0.7837837837837838,0.0,0.267515923566879,1.0,0.0,1.0,1.0,1.0,1.0,-0.05517578125,0.039794921875,-0.485595703125,-0.02056884765625,-0.015625,0.000762939453125,P,4,2026-08-24_23-25-27,2026-08-25
1.0,0.9806879903439951,0.7927927927927928,0.0,0.21656050955414013,1.0,0.0,1.0,1.0,1.0,1.0,-0.064697265625,0.0460205078125,-0.4876708984375,-0.01129150390625,-0.007080078125,-0.00396728515625,P,4,2026-08-24_23-25-27,2026-08-25
1.0,0.9746529873264936,0.7680180180180181,0.0,0.267515923566879,1.0,0.0,1.0,1.0,1.0,1.0,-0.0623779296875,0.041259765625,-0.484130859375,-0.0069580078125,0.00439453125,-0.00445556640625,P,4,2026-08-24_23-25-27,2026-08-25
1.0,0.9770669885334943,0.7612612612612613,0.0,0.2802547770700637,1.0,0.0,1.0,1.0,1.0,1.0,-0.057861328125,0.0467529296875,-0.484130859375,-0.01806640625,0.001312255859375,3.0517578125e-05,P,4,2026-08-24_23-25-27,2026-08-25
1.0,0.9746529873264936,0.7657657657657657,0.0,0.2802547770700637,1.0,0.0,1.0,1.0,1.0,1.0,-0.05615234375,0.04736328125,-0.48095703125,-0.022735595703125,-0.004547119140625,0.00244140625,P,4,2026-08-24_23-25-27,2026-08-25
1.0,0.9698249849124925,0.7702702702702703,0.0,0.3821656050955414,1.0,0.0,1.0,1.0,1.0,1.0,-0.05810546875,0.049560546875,-0.4810791015625,-0.01690673828125,-0.0084228515625,0.001220703125,P,4,2026-08-24_23-25-27,2026-08-25
1.0,0.9698249849124925,0.7635135135135135,0.0,0.33121019108280253,1.0,0.0,1.0,1.0,1.0,1.0,-0.0643310546875,0.0435791015625,-0.4876708984375,-0.0093994140625,0.00811767578125,0.000244140625,P,4,2026-08-24_23-25-27,2026-08-25
1.0,0.9662039831019915,0.786036036036036,0.0,0.33121019108280253,1.0,0.0,1.0,1.0,1.0,1.0,-0.05712890625,0.044189453125,-0.483154296875,-0.004638671875,0.020904541015625,0.0001220703125,P,4,2026-08-24_23-25-27,2026-08-25
1.0,0.9662039831019915,0.7635135135135135,0.0,0.2802547770700637,1.0,0.0,1.0,1.0,1.0,1.0,-0.05419921875,0.0455322265625,-0.4862060546875,-0.019989013671875,0.0135498046875,0.007354736328125,P,4,2026-08-24_23-25-27,2026-08-25
1.0,0.975859987929994,0.7725225225225225,0.0,0.21656050955414013,1.0,0.0,1.0,1.0,1.0,1.0,-0.0555419921875,0.0472412109375,-0.472412109375,-0.034576416015625,-0.01373291015625,0.0059814453125,P,4,2026-08-24_23-25-27,2026-08-25
1.0,0.9722389861194931,0.7725225225225225,0.0,0.22929936305732485,1.0,0.0,1.0,1.0,1.0,1.0,-0.061279296875,0.0506591796875,-0.4810791015625,-0.023040771484375,-0.0211181640625,0.004638671875,P,4,2026-08-24_23-25-27,2026-08-25
1.0,0.9662039831019915,0.75,0.0,0.3184713375796178,1.0,0.0,1.0,1.0,1.0,1.0,-0.067626953125,0.049072265625,-0.487060546875,-0.00347900390625,0.001068115234375,-0.00152587890625,P,4,2026-08-24_23-25-27,2026-08-25
1.0,0.9565479782739892,0.7612612612612613,0.0,0.22929936305732485,1.0,0.0,1.0,1.0,1.0,1.0,-0.0576171875,0.0404052734375,-0.4866943359375,-0.001708984375,0.008209228515625,-0.002349853515625,P,4,2026-08-24_23-25-27,2026-08-25
1.0,0.9770669885334943,0.7635135135135135,0.0,0.267515923566879,1.0,0.0,1.0,1.0,1.0,1.0,-0.055419921875,0.04296875,-0.48388671875,-0.018310546875,-0.00592041015625,0.005035400390625,P,4,2026-08-24_23-25-27,2026-08-25
1.0,0.9734459867229933,0.7680180180180181,0.0,0.21656050955414013,1.0,0.0,1.0,1.0,1.0,1.0,-0.0545654296875,0.0438232421875,-0.48583984375,-0.02569580078125,-0.021453857421875,0.006805419921875,P,4,2026-08-24_23-25-27,2026-08-25
1.0,0.975859987929994,0.7612612612612613,0.0,0.2929936305732484,1.0,0.0,1.0,1.0,1.0,1.0,-0.060791015625,0.0506591796875,-0.4840087890625,-0.0177001953125,-0.02313232421875,0.002410888671875,P,4,2026-08-24_23-25-27,2026-08-25
1.0,0.9770669885334943,0.7612612612612613,0.0,0.3184713375796178,1.0,0.0,1.0,1.0,1.0,1.0,-0.0635986328125,0.0438232421875,-0.48974609375,-0.000335693359375,-0.011505126953125,-0.00244140625,P,4,2026-08-24_23-25-27,2026-08-25
0.9732175171914585,0.9589619794809897,0.8648648648648649,0.44086021505376344,0.0,1.0,1.0,1.0,1.0,1.0,1.0,-0.236572265625,0.000244140625,-0.4150390625,-0.01556396484375,-0.0087890625,-0.0001220703125,Q,0,2026-08-24_23-25-27,2026-08-25
0.9753890698516106,1.0,0.8671171171171171,0.46236559139784944,0.11464968152866242,1.0,1.0,1.0,1.0,1.0,1.0,-0.23486328125,0.005859375,-0.4139404296875,-0.017303466796875,-0.0096435546875,0.00244140625,Q,0,2026-08-24_23-25-27,2026-08-25
0.9717698154180239,0.9541339770669885,0.8648648648648649,0.42473118279569894,0.050955414012738856,1.0,1.0,1.0,1.0,1.0,1.0,-0.2354736328125,0.0013427734375,-0.414794921875,-0.01727294921875,0.00079345703125,0.004425048828125,Q,0,2026-08-24_23-25-27,2026-08-25
0.9703221136445892,0.9480989740494871,0.8626126126126126,0.44086021505376344,0.06369426751592357,1.0,1.0,1.0,1.0,1.0,1.0,-0.2293701171875,-0.0001220703125,-0.405517578125,-0.0230712890625,-0.001953125,0.005767822265625,Q,0,2026-08-24_23-25-27,2026-08-25
0.9761129207383279,0.9541339770669885,0.8648648648648649,0.3870967741935484,0.025477707006369428,1.0,1.0,1.0,1.0,1.0,1.0,-0.231689453125,0.0048828125,-0.4085693359375,-0.018341064453125,-0.005157470703125,0.00634765625,Q,0,2026-08-24_23-25-27,2026-08-25
0.9819037278320666,0.9432709716354858,0.8536036036036037,0.4032258064516129,0.11464968152866242,1.0,1.0,1.0,1.0,1.0,1.0,-0.231201171875,0.002197265625,-0.4078369140625,-0.01416015625,-0.005706787109375,0.002044677734375,Q,0,2026-08-24_23-25-27,2026-08-25
0.9746652189648932,0.9529269764634882,0.8648648648648649,0.41935483870967744,0.0,1.0,1.0,1.0,1.0,1.0,1.0,-0.230224609375,0.00244140625,-0.415771484375,-0.013397216796875,-0.005462646484375,0.000885009765625,Q,0,2026-08-24_23-25-27,2026-08-25
0.9753890698516106,0.9613759806879904,0.8490990990990991,0.4032258064516129,0.11464968152866242,1.0,1.0,1.0,1.0,1.0,1.0,-0.228759765625,0.0048828125,-0.4129638671875,-0.012298583984375,0.00042724609375,0.00225830078125,Q,0,2026-08-24_23-25-27,2026-08-25
0.9724936663047412,1.0,0.8716216216216216,0.40860215053763443,0.11464968152866242,1.0,1.0,1.0,1.0,1.0,1.0,-0.225830078125,0.0045166015625,-0.4072265625,-0.015228271484375,-0.000244140625,0.004302978515625,Q,0,2026-08-24_23-25-27,2026-08-25
0.9739413680781759,0.9722389861194931,0.8445945945945946,0.4032258064516129,0.07643312101910828,1.0,1.0,1.0,1.0,1.0,1.0,-0.2247314453125,0.002197265625,-0.407958984375,-0.0162353515625,-0.006744384765625,0.00689697265625,Q,0,2026-08-24_23-25-27,2026-08-25
0.9746652189648932,0.9746529873264936,0.8490990990990991,0.478494623655914,0.025477707006369428,1.0,1.0,1.0,1.0,1.0,1.0,-0.2296142578125,0.0025634765625,-0.41064453125,-0.017608642578125,-0.002349853515625,0.006011962890625,Q,0,2026-08-24_23-25-27,2026-08-25
0.9674267100977199,0.9806879903439951,0.8626126126126126,0.46236559139784944,0.10191082802547771,1.0,1.0,1.0,1.0,1.0,1.0,-0.2237548828125,0.0037841796875,-0.4066162109375,-0.01446533203125,-0.002349853515625,0.003173828125,Q,0,2026-08-24_23-25-27,2026-08-25
0.9833514296055013,0.9493059746529873,0.8693693693693694,0.3978494623655914,0.0,1.0,1.0,1.0,1.0,1.0,1.0,-0.2274169921875,0.0030517578125,-0.4122314453125,-0.01019287109375,-0.003021240234375,0.00054931640625,Q,0,2026-08-24_23-25-27,2026-08-25
0.9826275787187839,0.9493059746529873,0.8626126126126126,0.45698924731182794,0.06369426751592357,1.0,1.0,1.0,1.0,1.0,1.0,-0.2286376953125,0.000732421875,-0.4117431640625,-0.0078125,-0.000701904296875,-0.001556396484375,Q,0,2026-08-24_23-25-27,2026-08-25
0.9739413680781759,0.9480989740494871,0.8558558558558559,0.4032258064516129,0.08917197452229299,1.0,1.0,1.0,1.0,1.0,1.0,-0.22265625,0.005859375,-0.4110107421875,-0.012420654296875,-0.004425048828125,-0.00048828125,Q,0,2026-08-24_23-25-27,2026-08-25
0.9717698154180239,0.9529269764634882,0.8490990990990991,0.43010752688172044,0.0,1.0,1.0,1.0,1.0,1.0,1.0,-0.221923828125,0.0030517578125,-0.4151611328125,-0.01068115234375,-0.010284423828125,0.001251220703125,Q,0,2026-08-24_23-25-27,2026-08-25
0.9724936663047412,0.9456849728424864,0.8693693693693694,0.45698924731182794,0.11464968152866242,1.0,1.0,1.0,1.0,1.0,1.0,-0.2222900390625,-0.000732421875,-0.416259765625,-0.00860595703125,-0.004974365234375,0.0009765625,Q,0,2026-08-24_23-25-27,2026-08-25
0.9681505609844372,0.9480989740494871,0.8648648648648649,0.43010752688172044,0.07643312101910828,1.0,1.0,1.0,1.0,1.0,1.0,-0.224853515625,-0.0010986328125,-0.4139404296875,-0.012786865234375,-0.001129150390625,0.002166748046875,Q,0,2026-08-24_23-25-27,2026-08-25
0.9739413680781759,0.9517199758599879,0.8716216216216216,0.44623655913978494,0.17834394904458598,1.0,1.0,1.0,1.0,1.0,1.0,-0.2276611328125,-0.007080078125,-0.41064453125,-0.01971435546875,-0.0084228515625,0.003631591796875,Q,0,2026-08-24_23-25-27,2026-08-25
0.9681505609844372,0.9468919734459867,0.8378378378378378,0.3924731182795699,0.08917197452229299,1.0,1.0,1.0,1.0,1.0,1.0,-0.22509765625,-0.0069580078125,-0.41064453125,-0.0201416015625,-0.012420654296875,0.001922607421875,Q,0,2026-08-24_23-25-27,2026-08-25
0.9819037278320666,0.9625829812914907,0.8536036036036037,0.40860215053763443,0.11464968152866242,1.0,1.0,1.0,1.0,1.0,1.0,-0.2257080078125,-0.0035400390625,-0.4075927734375,-0.018280029296875,-0.01251220703125,-0.000335693359375,Q,0,2026-08-24_23-25-27,2026-08-25
0.9761129207383279,0.9420639710319855,0.8648648648648649,0.478494623655914,0.06369426751592357,1.0,1.0,1.0,1.0,1.0,1.0,-0.2269287109375,0.0023193359375,-0.4149169921875,-0.022613525390625,-0.012420654296875,0.000274658203125,Q,0,2026-08-24_23-25-27,2026-08-25
0.9732175171914585,0.9613759806879904,0.8806306306306306,0.43010752688172044,0.0,1.0,1.0,1.0,1.0,1.0,1.0,-0.2261962890625,0.007080078125,-0.4149169921875,-0.02166748046875,-0.008697509765625,0.00128173828125,Q,0,2026-08-24_23-25-27,2026-08-25
0.9753890698516106,0.9493059746529873,0.8693693693693694,0.42473118279569894,0.06369426751592357,1.0,1.0,1.0,1.0,1.0,1.0,-0.2254638671875,0.0069580078125,-0.412353515625,-0.017547607421875,-0.007843017578125,0.001068115234375,Q,0,2026-08-24_23-25-27,2026-08-25
0.9710459645313065,0.9505129752564876,0.8648648648648649,0.4032258064516129,0.06369426751592357,1.0,1.0,1.0,1.0,1.0,1.0,-0.2222900390625,0.0045166015625,-0.406005859375,-0.01898193359375,-0.011474609375,0.00250244140625,Q,0,2026-08-24_23-25-27,2026-08-25
0.9790083242851972,0.9818949909474954,0.8693693693693694,0.3978494623655914,0.14012738853503184,1.0,1.0,1.0,1.0,1.0,1.0,-0.2236328125,0.00244140625,-0.410888671875,-0.012847900390625,-0.01422119140625,0.0010986328125,Q,0,2026-08-24_23-25-27,2026-08-25
0.9746652189648932,0.9565479782739892,0.8648648648648649,0.478494623655914,0.11464968152866242,1.0,1.0,1.0,1.0,1.0,1.0,-0.22314453125,0.001220703125,-0.4052734375,-0.012969970703125,-0.0135498046875,-0.001068115234375,Q,0,2026-08-24_23-25-27,2026-08-25
0.9710459645313065,0.9480989740494871,0.8603603603603603,0.4731182795698925,0.025477707006369428,1.0,1.0,1.0,1.0,1.0,1.0,-0.2259521484375,0.002685546875,-0.4063720703125,-0.012725830078125,-0.01849365234375,0.000885009765625,Q,0,2026-08-24_23-25-27,2026-08-25
0.9833514296055013,0.9553409776704889,0.8671171171171171,0.42473118279569894,0.050955414012738856,1.0,1.0,1.0,1.0,1.0,1.0,-0.2266845703125,0.0032958984375,-0.4114990234375,-0.01605224609375,-0.018585205078125,0.001953125,Q,0,2026-08-24_23-25-27,2026-08-25
0.9724936663047412,0.9493059746529873,0.8558558558558559,0.42473118279569894,0.11464968152866242,1.0,1.0,1.0,1.0,1.0,1.0,-0.2271728515625,0.00244140625,-0.4044189453125,-0.015838623046875,-0.018585205078125,0.001800537109375,Q,0,2026-08-24_23-25-27,2026-08-25
0.9724936663047412,0.9505129752564876,0.8558558558558559,0.41935483870967744,0.050955414012738856,1.0,1.0,1.0,1.0,1.0,1.0,-0.2314453125,0.0003662109375,-0.406005859375,-0.018890380859375,-0.017333984375,0.00213623046875,Q,0,2026-08-24_23-25-27,2026-08-25
0.9688744118711545,0.9480989740494871,0.8693693693693694,0.45698924731182794,0.06369426751592357,1.0,1.0,1.0,1.0,1.0,1.0,-0.2266845703125,0.0013427734375,-0.4068603515625,-0.02008056640625,-0.021240234375,0.002532958984375,Q,0,2026-08-24_23-25-27,2026-08-25
0.9601882012305465,0.9493059746529873,0.8603603603603603,0.43010752688172044,0.08917197452229299,1.0,1.0,1.0,1.0,1.0,1.0,-0.2279052734375,0.0029296875,-0.41650390625,-0.016998291015625,-0.02264404296875,0.001678466796875,Q,0,2026-08-24_23-25-27,2026-08-25
0.9746652189648932,0.9480989740494871,0.8626126126126126,0.45161290322580644,0.12738853503184713,1.0,1.0,1.0,1.0,1.0,1.0,-0.2303466796875,-0.0008544921875,-0.4183349609375,-0.0174560546875,-0.016510009765625,0.00286865234375,Q,0,2026-08-24_23-25-27,2026-08-25
0.9775606225117626,0.9420639710319855,0.8558558558558559,0.41935483870967744,0.012738853503184714,1.0,1.0,1.0,1.0,1.0,1.0,-0.2313232421875,-0.00048828125,-0.41015625,-0.021240234375,-0.013702392578125,0.0040283203125,Q,0,2026-08-24_23-25-27,2026-08-25
0.9724936663047412,0.9541339770669885,0.8445945945945946,0.45698924731182794,0.07643312101910828,1.0,1.0,1.0,1.0,1.0,1.0,-0.233154296875,-0.002685546875,-0.4097900390625,-0.02069091796875,-0.017333984375,0.00323486328125,Q,0,2026-08-24_23-25-27,2026-08-25
0.9674267100977199,0.9420639710319855,0.8558558558558559,0.4731182795698925,0.06369426751592357,1.0,1.0,1.0,1.0,1.0,1.0,-0.233642578125,-0.000732421875,-0.410400390625,-0.0257568359375,-0.013427734375,0.002227783203125,Q,0,2026-08-24_23-25-27,2026-08-25
0.9753890698516106,0.9529269764634882,0.8761261261261262,0.43548387096774194,0.12738853503184713,1.0,1.0,1.0,1.0,1.0,1.0,-0.234375,-0.0009765625,-0.405517578125,-0.0213623046875,-0.016937255859375,0.0009765625,Q,0,2026-08-24_23-25-27,2026-08-25
0.9732175171914585,0.9493059746529873,0.8468468468468469,0.44086021505376344,0.0,1.0,1.0,1.0,1.0,1.0,1.0,-0.2376708984375,0.003662109375,-0.4124755859375,-0.021820068359375,-0.01275634765625,0.00067138671875,Q,0,2026-08-24_23-25-27,2026-08-25
0.9732175171914585,0.9480989740494871,0.8693693693693694,0.41397849462365593,0.08917197452229299,1.0,1.0,1.0,1.0,1.0,1.0,-0.2384033203125,0.0015869140625,-0.4158935546875,-0.021942138671875,-0.000946044921875,0.001434326171875,Q,0,2026-08-24_23-25-27,2026-08-25
0.995656894679696,1.0,0.963963963963964,0.4838709677419355,0.03821656050955414,1.0,1.0,1.0,1.0,1.0,1.0,-0.2216796875,0.0216064453125,-0.412353515625,-0.006439208984375,-0.013397216796875,0.004608154296875,Q,1,2026-08-24_23-25-27,2026-08-25
0.9905899384726746,1.0,0.954954954954955,0.5,0.03821656050955414,1.0,1.0,1.0,1.0,1.0,1.0,-0.2230224609375,0.015869140625,-0.4130859375,-0.00927734375,-0.01214599609375,0.00445556640625,Q,1,2026-08-24_23-25-27,2026-08-25
0.9949330437929786,1.0,0.9752252252252253,0.5376344086021505,0.07643312101910828,1.0,1.0,1.0,1.0,1.0,1.0,-0.220458984375,0.0137939453125,-0.41796875,-0.0089111328125,-0.01043701171875,0.0052490234375,Q,1,2026-08-24_23-25-27,2026-08-25
0.9971045964531307,1.0,0.9369369369369369,0.510752688172043,0.10191082802547771,1.0,1.0,1.0,1.0,1.0,1.0,-0.2230224609375,0.01123046875,-0.42236328125,-0.01348876953125,-0.009552001953125,0.005950927734375,Q,1,2026-08-24_23-25-27,2026-08-25
0.9942091929062613,1.0,0.9481981981981982,0.5053763440860215,0.025477707006369428,1.0,1.0,1.0,1.0,1.0,1.0,-0.22314453125,0.011962890625,-0.41748046875,-0.01995849609375,-0.0069580078125,0.0054931640625,Q,1,2026-08-24_23-25-27,2026-08-25
0.9942091929062613,1.0,0.9369369369369369,0.5161290322580645,0.03821656050955414,1.0,1.0,1.0,1.0,1.0,1.0,-0.2222900390625,0.01220703125,-0.4197998046875,-0.01690673828125,-0.008209228515625,0.004180908203125,Q,1,2026-08-24_23-25-27,2026-08-25
0.9920376402461093,1.0,0.954954954954955,0.5,0.12738853503184713,1.0,1.0,1.0,1.0,1.0,1.0,-0.2230224609375,0.0146484375,-0.413818359375,-0.020294189453125,-0.0054931640625,0.0023193359375,Q,1,2026-08-24_23-25-27,2026-08-25
0.995656894679696,1.0,0.9572072072072072,0.4946236559139785,0.0,1.0,1.0,1.0,1.0,1.0,1.0,-0.2237548828125,0.022216796875,-0.4124755859375,-0.017547607421875,-0.00567626953125,0.000457763671875,Q,1,2026-08-24_23-25-27,2026-08-25
0.9949330437929786,1.0,0.9594594594594594,0.5591397849462365,0.07643312101910828,1.0,1.0,1.0,1.0,1.0,1.0,-0.225830078125,0.0242919921875,-0.4149169921875,-0.013641357421875,-0.00469970703125,0.000213623046875,Q,1,2026-08-24_23-25-27,2026-08-25
0.9992761491132827,1.0,0.9707207207207207,0.5483870967741935,0.025477707006369428,1.0,1.0,1.0,1.0,1.0,1.0,-0.219970703125,0.0235595703125,-0.414306640625,-0.020904541015625,-0.00653076171875,0.00506591796875,Q,1,2026-08-24_23-25-27,2026-08-25
1.0,1.0,0.954954954954955,0.5483870967741935,0.11464968152866242,1.0,1.0,1.0,1.0,1.0,1.0,-0.2220458984375,0.0244140625,-0.4154052734375,-0.013824462890625,-0.005584716796875,0.00762939453125,Q,1,2026-08-24_23-25-27,2026-08-25
0.9855229822656533,1.0,0.9391891891891891,0.5860215053763441,0.012738853503184714,1.0,1.0,1.0,1.0,1.0,1.0,-0.2210693359375,0.0205078125,-0.4139404296875,-0.012451171875,0.003997802734375,0.0086669921875,Q,1,2026-08-24_23-25-27,2026-08-25
0.9884183858125226,1.0,0.9617117117117117,0.489247311827957,0.12738853503184713,1.0,1.0,1.0,1.0,1.0,1.0,-0.220458984375,0.0211181640625,-0.408447265625,-0.0155029296875,-0.00213623046875,0.00958251953125,Q,1,2026-08-24_23-25-27,2026-08-25
0.9942091929062613,1.0,0.9459459459459459,0.5161290322580645,0.11464968152866242,1.0,1.0,1.0,1.0,1.0,1.0,-0.2197265625,0.018798828125,-0.4053955078125,-0.011383056640625,-0.008453369140625,0.0057373046875,Q,1,2026-08-24_23-25-27,2026-08-25
0.9942091929062613,1.0,0.9527027027027027,0.5053763440860215,0.06369426751592357,1.0,1.0,1.0,1.0,1.0,1.0,-0.2198486328125,0.018310546875,-0.4166259765625,-0.00714111328125,-0.0103759765625,0.005767822265625,Q,1,2026-08-24_23-25-27,2026-08-25
0.9963807455664133,1.0,0.9707207207207207,0.521505376344086,0.025477707006369428,1.0,1.0,1.0,1.0,1.0,1.0,-0.2186279296875,0.015869140625,-0.4161376953125,-0.012054443359375,-0.00299072265625,0.008331298828125,Q,1,2026-08-24_23-25-27,2026-08-25
0.9942091929062613,1.0,0.9414414414414415,0.5161290322580645,0.03821656050955414,1.0,1.0,1.0,1.0,1.0,1.0,-0.2210693359375,0.0203857421875,-0.4156494140625,-0.00946044921875,-0.001251220703125,0.008697509765625,Q,1,2026-08-24_23-25-27,2026-08-25
0.9949330437929786,1.0,0.963963963963964,0.5,0.012738853503184714,1.0,1.0,1.0,1.0,1.0,1.0,-0.220703125,0.0137939453125,-0.42138671875,-0.01116943359375,0.00091552734375,0.007965087890625,Q,1,2026-08-24_23-25-27,2026-08-25
0.9898660875859573,1.0,0.9414414414414415,0.4838709677419355,0.06369426751592357,1.0,1.0,1.0,1.0,1.0,1.0,-0.2174072265625,0.01806640625,-0.42041015625,-0.013580322265625,0.00115966796875,0.003204345703125,Q,1,2026-08-24_23-25-27,2026-08-25
0.9963807455664133,1.0,0.9391891891891891,0.543010752688172,0.06369426751592357,1.0,1.0,1.0,1.0,1.0,1.0,-0.21826171875,0.0123291015625,-0.421875,-0.012939453125,-0.004669189453125,0.0035400390625,Q,1,2026-08-24_23-25-27,2026-08-25
0.9942091929062613,1.0,0.9481981981981982,0.489247311827957,0.11464968152866242,1.0,1.0,1.0,0.0,1.0,1.0,-0.22021484375,0.0130615234375,-0.4273681640625,-0.01959228515625,0.002899169921875,0.0052490234375,Q,1,2026-08-24_23-25-27,2026-08-25
0.9971045964531307,1.0,0.954954954954955,0.489247311827957,0.012738853503184714,1.0,1.0,1.0,1.0,1.0,1.0,-0.21875,0.01513671875,-0.4237060546875,-0.019622802734375,0.0086669921875,0.005126953125,Q,1,2026-08-24_23-25-27,2026-08-25
1.0,1.0,0.9527027027027027,0.521505376344086,0.06369426751592357,1.0,1.0,1.0,1.0,1.0,1.0,-0.2154541015625,0.0128173828125,-0.4189453125,-0.026519775390625,0.00396728515625,0.004058837890625,Q,1,2026-08-24_23-25-27,2026-08-25
0.9949330437929786,1.0,0.9617117117117117,0.510752688172043,0.07643312101910828,1.0,1.0,1.0,1.0,1.0,1.0,-0.218505859375,0.0181884765625,-0.4200439453125,-0.022857666015625,0.006622314453125,0.00115966796875,Q,1,2026-08-24_23-25-27,2026-08-25
0.991313789359392,1.0,0.963963963963964,0.5268817204301075,0.16560509554140126,1.0,1.0,1.0,1.0,1.0,1.0,-0.214111328125,0.017578125,-0.41455078125,-0.01416015625,0.00653076171875,-0.004119873046875,Q,1,2026-08-24_23-25-27,2026-08-25
0.9963807455664133,1.0,0.9774774774774775,0.5698924731182796,0.050955414012738856,1.0,1.0,1.0,0.0,1.0,1.0,-0.2198486328125,0.0159912109375,-0.4212646484375,-0.01885986328125,0.00323486328125,-0.00177001953125,Q,1,2026-08-24_23-25-27,2026-08-25
0.9905899384726746,1.0,0.9752252252252253,0.521505376344086,0.08917197452229299,1.0,1.0,1.0,1.0,1.0,1.0,-0.21923828125,0.01953125,-0.422119140625,-0.01495361328125,0.007659912109375,-0.001129150390625,Q,1,2026-08-24_23-25-27,2026-08-25
0.9905899384726746,1.0,0.9572072072072072,0.5591397849462365,0.06369426751592357,1.0,1.0,1.0,1.0,1.0,1.0,-0.219482421875,0.0203857421875,-0.41357421875,-0.0179443359375,0.0078125,0.005035400390625,Q,1,2026-08-24_23-25-27,2026-08-25
0.993485342019544,1.0,0.9752252252252253,0.521505376344086,0.050955414012738856,1.0,1.0,1.0,1.0,1.0,1.0,-0.2139892578125,0.024169921875,-0.4124755859375,-0.029449462890625,-0.001617431640625,0.010101318359375,Q,1,2026-08-24_23-25-27,2026-08-25
0.9876945349258053,1.0,0.954954954954955,0.489247311827957,0.08917197452229299,1.0,1.0,1.0,0.0,1.0,1.0,-0.218017578125,0.0218505859375,-0.414306640625,-0.019073486328125,-0.001251220703125,0.008544921875,Q,1,2026-08-24_23-25-27,2026-08-25
0.9927614911328266,1.0,0.9436936936936937,0.489247311827957,0.0,1.0,1.0,1.0,1.0,1.0,1.0,-0.2171630859375,0.018798828125,-0.41552734375,-0.00811767578125,0.007415771484375,0.006500244140625,Q,1,2026-08-24_23-25-27,2026-08-25
0.98914223669924,1.0,0.9707207207207207,0.4946236559139785,0.0,1.0,1.0,1.0,1.0,1.0,1.0,-0.2137451171875,0.0203857421875,-0.4146728515625,-0.00628662109375,0.008209228515625,0.007476806640625,Q,1,2026-08-24_23-25-27,2026-08-25
0.9905899384726746,1.0,0.9099099099099099,0.489247311827957,0.03821656050955414,1.0,1.0,1.0,1.0,1.0,1.0,-0.2154541015625,0.0252685546875,-0.4072265625,-0.00714111328125,0.001373291015625,0.008331298828125,Q,1,2026-08-24_23-25-27,2026-08-25
0.9847991313789359,1.0,0.9436936936936937,0.489247311827957,0.03821656050955414,1.0,1.0,1.0,1.0,1.0,1.0,-0.2139892578125,0.0213623046875,-0.4122314453125,-0.01373291015625,-0.00677490234375,0.009490966796875,Q,1,2026-08-24_23-25-27,2026-08-25
0.9920376402461093,1.0,0.9572072072072072,0.5591397849462365,0.07643312101910828,1.0,1.0,1.0,1.0,1.0,1.0,-0.215087890625,0.0166015625,-0.4239501953125,-0.01239013671875,-0.001617431640625,0.009552001953125,Q,1,2026-08-24_23-25-27,2026-08-25
0.9876945349258053,1.0,0.9414414414414415,0.5,0.03821656050955414,1.0,1.0,1.0,1.0,1.0,1.0,-0.2161865234375,0.0194091796875,-0.4227294921875,-0.010833740234375,0.001220703125,0.0076904296875,Q,1,2026-08-24_23-25-27,2026-08-25
0.9884183858125226,1.0,0.9617117117117117,0.5053763440860215,0.03821656050955414,1.0,1.0,1.0,1.0,1.0,1.0,-0.2139892578125,0.0174560546875,-0.4161376953125,-0.010833740234375,-0.006866455078125,0.0054931640625,Q,1,2026-08-24_23-25-27,2026-08-25
0.9876945349258053,1.0,0.9594594594594594,0.489247311827957,0.16560509554140126,1.0,1.0,1.0,1.0,1.0,1.0,-0.212890625,0.02197265625,-0.428466796875,-0.01312255859375,-0.01080322265625,0.00775146484375,Q,1,2026-08-24_23-25-27,2026-08-25
0.98914223669924,1.0,0.9369369369369369,0.5053763440860215,0.14012738853503184,1.0,1.0,1.0,1.0,1.0,1.0,-0.2108154296875,0.0203857421875,-0.427490234375,-0.01678466796875,-0.00439453125,0.011260986328125,Q,1,2026-08-24_23-25-27,2026-08-25
0.995656894679696,1.0,0.9527027027027027,0.5268817204301075,0.0,1.0,1.0,1.0,1.0,1.0,1.0,-0.2076416015625,0.0087890625,-0.42431640625,-0.0205078125,-0.00909423828125,0.012054443359375,Q,1,2026-08-24_23-25-27,2026-08-25
0.9949330437929786,0.996378998189499,0.9932432432432432,0.6612903225806451,0.24203821656050956,1.0,1.0,1.0,1.0,1.0,1.0,-0.1910400390625,0.0106201171875,-0.4312744140625,-0.01458740234375,-0.01129150390625,-0.002044677734375,Q,2,2026-08-24_23-25-27,2026-08-25
0.9971045964531307,0.996378998189499,0.9774774774774775,0.6612903225806451,0.12738853503184713,1.0,1.0,1.0,1.0,1.0,1.0,-0.195556640625,0.0030517578125,-0.43701171875,-0.01483154296875,-0.0072021484375,-0.000396728515625,Q,2,2026-08-24_23-25-27,2026-08-25
0.9833514296055013,0.9746529873264936,0.9774774774774775,0.6344086021505376,0.20382165605095542,1.0,1.0,1.0,1.0,1.0,1.0,-0.191650390625,0.005126953125,-0.42578125,-0.01629638671875,-0.01092529296875,-0.001861572265625,Q,2,2026-08-24_23-25-27,2026-08-25
0.993485342019544,1.0,0.9932432432432432,0.6881720430107527,0.16560509554140126,1.0,1.0,1.0,1.0,1.0,1.0,-0.1929931640625,0.006103515625,-0.4287109375,-0.0107421875,-0.01123046875,-0.001220703125,Q,2,2026-08-24_23-25-27,2026-08-25
0.9869706840390879,1.0,0.9819819819819819,0.6666666666666666,0.12738853503184713,1.0,1.0,1.0,1.0,1.0,1.0,-0.1929931640625,0.0040283203125,-0.435546875,-0.0159912109375,-0.008758544921875,0.001556396484375,Q,2,2026-08-24_23-25-27,2026-08-25
0.9876945349258053,1.0,0.972972972972973,0.6451612903225806,0.20382165605095542,1.0,1.0,1.0,1.0,1.0,1.0,-0.1961669921875,0.0028076171875,-0.4273681640625,-0.017791748046875,-0.01373291015625,0.001953125,Q,2,2026-08-24_23-25-27,2026-08-25
1.0,1.0,0.9662162162162162,0.6612903225806451,0.20382165605095542,1.0,1.0,1.0,1.0,1.0,1.0,-0.20068359375,0.0086669921875,-0.438232421875,-0.01605224609375,-0.0101318359375,0.001007080078125,Q,2,2026-08-24_23-25-27,2026-08-25
0.9790083242851972,1.0,0.9459459459459459,0.6559139784946236,0.22929936305732485,1.0,1.0,1.0,1.0,1.0,1.0,-0.1951904296875,0.008056640625,-0.437744140625,-0.015167236328125,-0.008575439453125,0.00238037109375,Q,2,2026-08-24_23-25-27,2026-08-25
0.9971045964531307,0.9831019915509958,0.9752252252252253,0.6612903225806451,0.11464968152866242,1.0,1.0,1.0,1.0,1.0,1.0,-0.193603515625,0.010009765625,-0.4259033203125,-0.016571044921875,-0.021575927734375,0.003631591796875,Q,2,2026-08-24_23-25-27,2026-08-25
0.9905899384726746,1.0,0.990990990990991,0.5698924731182796,0.17834394904458598,1.0,1.0,1.0,1.0,1.0,1.0,-0.19677734375,0.004638671875,-0.4365234375,-0.0177001953125,-0.016082763671875,0.0054931640625,Q,2,2026-08-24_23-25-27,2026-08-25
0.9905899384726746,0.9843089921544961,0.990990990990991,0.6666666666666666,0.11464968152866242,1.0,1.0,1.0,1.0,1.0,1.0,-0.1982421875,0.0087890625,-0.4285888671875,-0.01934814453125,-0.00848388671875,0.0067138671875,Q,2,2026-08-24_23-25-27,2026-08-25
0.9963807455664133,0.9806879903439951,0.9774774774774775,0.7204301075268817,0.1910828025477707,1.0,1.0,1.0,1.0,1.0,1.0,-0.1922607421875,0.0048828125,-0.429931640625,-0.021270751953125,-0.01116943359375,0.00897216796875,Q,2,2026-08-24_23-25-27,2026-08-25
0.9898660875859573,0.9686179843089922,0.9752252252252253,0.6129032258064516,0.11464968152866242,1.0,1.0,1.0,1.0,1.0,1.0,-0.193603515625,0.00244140625,-0.427734375,-0.02301025390625,-0.014373779296875,0.008758544921875,Q,2,2026-08-24_23-25-27,2026-08-25
0.9840752804922186,0.9734459867229933,0.9391891891891891,0.6290322580645161,0.21656050955414013,1.0,1.0,1.0,1.0,1.0,1.0,-0.19091796875,0.0089111328125,-0.4307861328125,-0.01806640625,-0.01739501953125,0.00433349609375,Q,2,2026-08-24_23-25-27,2026-08-25
0.9884183858125226,1.0,0.972972972972973,0.6290322580645161,0.17834394904458598,1.0,1.0,1.0,1.0,1.0,1.0,-0.1942138671875,0.0057373046875,-0.431396484375,-0.015228271484375,-0.0111083984375,0.001861572265625,Q,2,2026-08-24_23-25-27,2026-08-25
0.9942091929062613,1.0,0.9842342342342343,0.6666666666666666,0.03821656050955414,1.0,1.0,1.0,1.0,1.0,1.0,-0.1956787109375,0.0150146484375,-0.4271240234375,-0.017730712890625,-0.021636962890625,0.0035400390625,Q,2,2026-08-24_23-25-27,2026-08-25
0.9876945349258053,1.0,0.990990990990991,0.6075268817204301,0.21656050955414013,1.0,1.0,1.0,1.0,1.0,1.0,-0.193115234375,0.005859375,-0.443603515625,-0.012603759765625,-0.012115478515625,0.002685546875,Q,2,2026-08-24_23-25-27,2026-08-25
0.997828447339848,1.0,0.9752252252252253,0.6505376344086021,0.012738853503184714,1.0,1.0,1.0,1.0,1.0,1.0,-0.1964111328125,0.0067138671875,-0.4326171875,-0.01580810546875,-0.001129150390625,0.001312255859375,Q,2,2026-08-24_23-25-27,2026-08-25
0.9905899384726746,0.9843089921544961,0.9977477477477478,0.7204301075268817,0.15286624203821655,1.0,1.0,1.0,1.0,1.0,1.0,-0.1923828125,0.00732421875,-0.4326171875,-0.01666259765625,-0.004364013671875,0.00262451171875,Q,2,2026-08-24_23-25-27,2026-08-25
0.98914223669924,0.987929993964997,0.9774774774774775,0.6612903225806451,0.1910828025477707,1.0,1.0,1.0,1.0,1.0,1.0,-0.1961669921875,0.0015869140625,-0.4332275390625,-0.01434326171875,-0.004547119140625,-3.0517578125e-05,Q,2,2026-08-24_23-25-27,2026-08-25
0.9905899384726746,0.9806879903439951,0.963963963963964,0.5591397849462365,0.12738853503184713,1.0,1.0,1.0,1.0,1.0,1.0,-0.191650390625,0.0107421875,-0.4329833984375,-0.01348876953125,-0.00421142578125,-0.0003662109375,Q,2,2026-08-24_23-25-27,2026-08-25
1.0,0.9686179843089922,0.9684684684684685,0.6612903225806451,0.20382165605095542,1.0,1.0,1.0,1.0,1.0,1.0,-0.1947021484375,0.0086669921875,-0.4310302734375,-0.01287841796875,-0.0006103515625,-0.00048828125,Q,2,2026-08-24_23-25-27,2026-08-25
0.9833514296055013,0.9722389861194931,0.9391891891891891,0.6451612903225806,0.22929936305732485,1.0,1.0,1.0,1.0,1.0,1.0,-0.1925048828125,0.0086669921875,-0.431396484375,-0.012603759765625,0.00030517578125,0.001617431640625,Q,2,2026-08-24_23-25-27,2026-08-25
0.997828447339848,0.9806879903439951,0.9707207207207207,0.6021505376344086,0.11464968152866242,1.0,1.0,1.0,1.0,1.0,1.0,-0.1922607421875,0.00830078125,-0.4249267578125,-0.012603759765625,-0.007080078125,6.103515625e-05,Q,2,2026-08-24_23-25-27,2026-08-25
0.9876945349258053,0.9770669885334943,0.9887387387387387,0.6612903225806451,0.06369426751592357,1.0,1.0,1.0,1.0,1.0,1.0,-0.1973876953125,-0.0018310546875,-0.429931640625,-0.014190673828125,-0.01025390625,0.0006103515625,Q,2,2026-08-24_23-25-27,2026-08-25
0.991313789359392,0.9806879903439951,0.9707207207207207,0.6075268817204301,0.06369426751592357,1.0,1.0,1.0,1.0,1.0,1.0,-0.1956787109375,0.007568359375,-0.426513671875,-0.01544189453125,-0.00994873046875,0.0025634765625,Q,2,2026-08-24_23-25-27,2026-08-25
0.9942091929062613,0.9794809897404949,0.9774774774774775,0.6344086021505376,0.14012738853503184,1.0,1.0,1.0,1.0,1.0,1.0,-0.1990966796875,0.0045166015625,-0.4327392578125,-0.017242431640625,-0.006622314453125,0.00189208984375,Q,2,2026-08-24_23-25-27,2026-08-25
0.9884183858125226,1.0,0.954954954954955,0.6559139784946236,0.12738853503184713,1.0,1.0,1.0,1.0,1.0,1.0,-0.1917724609375,0.009033203125,-0.42822265625,-0.01812744140625,-0.011322021484375,0.00225830078125,Q,2,2026-08-24_23-25-27,2026-08-25
0.9819037278320666,1.0,0.9774774774774775,0.6505376344086021,0.267515923566879,1.0,1.0,1.0,1.0,1.0,1.0,-0.1943359375,0.013427734375,-0.42138671875,-0.016632080078125,-0.021087646484375,0.001617431640625,Q,2,2026-08-24_23-25-27,2026-08-25
0.9869706840390879,1.0,0.963963963963964,0.6612903225806451,0.22929936305732485,1.0,1.0,1.0,1.0,1.0,1.0,-0.1962890625,0.0107421875,-0.4334716796875,-0.015411376953125,-0.015899658203125,0.00518798828125,Q,2,2026-08-24_23-25-27,2026-08-25
0.9840752804922186,1.0,0.9932432432432432,0.5806451612903226,0.16560509554140126,1.0,1.0,1.0,1.0,1.0,1.0,-0.19287109375,0.0108642578125,-0.431884765625,-0.012969970703125,-0.006103515625,0.005950927734375,Q,2,2026-08-24_23-25-27,2026-08-25
0.9949330437929786,1.0,0.963963963963964,0.6774193548387096,0.11464968152866242,1.0,1.0,1.0,1.0,1.0,1.0,-0.1937255859375,0.0020751953125,-0.4268798828125,-0.01483154296875,-0.010467529296875,0.007232666015625,Q,2,2026-08-24_23-25-27,2026-08-25
0.9862468331523706,1.0,0.9662162162162162,0.6075268817204301,0.16560509554140126,1.0,1.0,1.0,1.0,1.0,1.0,-0.193115234375,-0.0020751953125,-0.425048828125,-0.019744873046875,-0.02191162109375,0.004302978515625,Q,2,2026-08-24_23-25-27,2026-08-25
0.9927614911328266,1.0,0.9819819819819819,0.6236559139784946,0.21656050955414013,1.0,1.0,1.0,1.0,1.0,1.0,-0.199462890625,-0.00048828125,-0.4339599609375,-0.0169677734375,-0.020477294921875,0.00079345703125,Q,2,2026-08-24_23-25-27,2026-08-25
0.9905899384726746,1.0,0.9617117117117117,0.6021505376344086,0.12738853503184713,1.0,1.0,1.0,1.0,1.0,1.0,-0.19970703125,-0.0023193359375,-0.438232421875,-0.0108642578125,-0.00140380859375,0.000152587890625,Q,2,2026-08-24_23-25-27,2026-08-25
0.9920376402461093,0.9915509957754979,0.9527027027027027,0.6505376344086021,0.14012738853503184,1.0,1.0,1.0,1.0,1.0,1.0,-0.19482421875,0.00390625,-0.4278564453125,-0.017486572265625,-0.006439208984375,0.002105712890625,Q,2,2026-08-24_23-25-27,2026-08-25
0.9732175171914585,1.0,0.9774774774774775,0.6881720430107527,0.14012738853503184,1.0,1.0,1.0,1.0,1.0,1.0,-0.1954345703125,0.0047607421875,-0.4312744140625,-0.02325439453125,-0.0174560546875,0.005035400390625,Q,2,2026-08-24_23-25-27,2026-08-25
0.9869706840390879,1.0,0.990990990990991,0.6290322580645161,0.16560509554140126,1.0,1.0,1.0,1.0,1.0,1.0,-0.1982421875,0.0057373046875,-0.43310546875,-0.025299072265625,-0.01678466796875,0.00244140625,Q,2,2026-08-24_23-25-27,2026-08-25
0.9847991313789359,1.0,0.9774774774774775,0.6612903225806451,0.24203821656050956,1.0,1.0,1.0,1.0,1.0,1.0,-0.199462890625,0.00732421875,-0.433837890625,-0.015899658203125,-0.011871337890625,-0.00042724609375,Q,2,2026-08-24_23-25-27,2026-08-25
0.9833514296055013,1.0,0.9842342342342343,0.6075268817204301,0.1910828025477707,1.0,1.0,1.0,1.0,1.0,1.0,-0.1968994140625,0.011962890625,-0.4293212890625,-0.013763427734375,-0.005462646484375,-0.00048828125,Q,2,2026-08-24_23-25-27,2026-08-25
0.9884183858125226,1.0,0.9324324324324325,0.478494623655914,0.08917197452229299,1.0,1.0,1.0,1.0,1.0,1.0,-0.2427978515625,-0.008056640625,-0.392822265625,-0.015228271484375,-0.00860595703125,0.00567626953125,Q,3,2026-08-24_23-25-27,2026-08-25
0.9920376402461093,1.0,0.9054054054054054,0.6021505376344086,0.08917197452229299,1.0,1.0,1.0,1.0,1.0,1.0,-0.2418212890625,-0.010986328125,-0.3902587890625,-0.021209716796875,-0.016082763671875,0.00726318359375,Q,3,2026-08-24_23-25-27,2026-08-25
0.9855229822656533,1.0,0.9617117117117117,0.43548387096774194,0.16560509554140126,1.0,1.0,1.0,1.0,1.0,1.0,-0.2459716796875,-0.0054931640625,-0.4012451171875,-0.01953125,-0.014801025390625,0.009246826171875,Q,3,2026-08-24_23-25-27,2026-08-25
0.9927614911328266,0.9770669885334943,0.9662162162162162,0.489247311827957,0.15286624203821655,1.0,1.0,1.0,1.0,1.0,1.0,-0.244140625,-0.0048828125,-0.401611328125,-0.0150146484375,-0.000213623046875,0.00567626953125,Q,3,2026-08-24_23-25-27,2026-08-25
0.9905899384726746,1.0,0.9076576576576577,0.4946236559139785,0.06369426751592357,1.0,1.0,1.0,1.0,1.0,1.0,-0.2457275390625,-0.004638671875,-0.394287109375,-0.01495361328125,-0.0048828125,0.002105712890625,Q,3,2026-08-24_23-25-27,2026-08-25
0.9876945349258053,1.0,0.9324324324324325,0.489247311827957,0.11464968152866242,1.0,1.0,1.0,1.0,1.0,1.0,-0.24755859375,-0.0057373046875,-0.3905029296875,-0.01861572265625,-0.015228271484375,0.00286865234375,Q,3,2026-08-24_23-25-27,2026-08-25
0.9898660875859573,1.0,0.9301801801801802,0.5591397849462365,0.11464968152866242,1.0,1.0,1.0,1.0,1.0,1.0,-0.2471923828125,-0.0035400390625,-0.3946533203125,-0.016021728515625,-0.021636962890625,0.001190185546875,Q,3,2026-08-24_23-25-27,2026-08-25
0.9927614911328266,1.0,0.9414414414414415,0.5483870967741935,0.0,1.0,1.0,1.0,1.0,1.0,1.0,-0.2442626953125,-0.005615234375,-0.3992919921875,-0.015899658203125,-0.010955810546875,0.001922607421875,Q,3,2026-08-24_23-25-27,2026-08-25
0.993485342019544,1.0,0.9279279279279279,0.4946236559139785,0.12738853503184713,1.0,1.0,1.0,1.0,1.0,1.0,-0.24609375,-0.0015869140625,-0.3980712890625,-0.0152587890625,-0.005157470703125,0.003631591796875,Q,3,2026-08-24_23-25-27,2026-08-25
0.9833514296055013,1.0,0.9166666666666666,0.5161290322580645,0.11464968152866242,1.0,1.0,1.0,1.0,1.0,1.0,-0.247314453125,0.00439453125,-0.3992919921875,-0.012115478515625,-0.000152587890625,0.00518798828125,Q,3,2026-08-24_23-25-27,2026-08-25
0.9942091929062613,1.0,0.918918918918919,0.5376344086021505,0.16560509554140126,1.0,1.0,1.0,1.0,1.0,1.0,-0.2410888671875,-0.003173828125,-0.381103515625,-0.01239013671875,-0.009979248046875,0.002044677734375,Q,3,2026-08-24_23-25-27,2026-08-25
0.9942091929062613,1.0,0.9527027027027027,0.5,0.025477707006369428,1.0,1.0,1.0,1.0,1.0,1.0,-0.24267578125,-0.0084228515625,-0.3924560546875,-0.01776123046875,-0.031097412109375,0.001708984375,Q,3,2026-08-24_23-25-27,2026-08-25
0.993485342019544,1.0,0.9301801801801802,0.489247311827957,0.07643312101910828,1.0,1.0,1.0,1.0,1.0,1.0,-0.250244140625,-0.0064697265625,-0.403076171875,-0.015777587890625,-0.02142333984375,0.00335693359375,Q,3,2026-08-24_23-25-27,2026-08-25
0.9949330437929786,1.0,0.9369369369369369,0.489247311827957,0.10191082802547771,1.0,1.0,1.0,1.0,1.0,1.0,-0.2470703125,-0.009765625,-0.4068603515625,-0.0174560546875,-0.00421142578125,0.00555419921875,Q,3,2026-08-24_23-25-27,2026-08-25
0.9963807455664133,0.9662039831019915,0.9617117117117117,0.5053763440860215,0.17834394904458598,1.0,1.0,1.0,1.0,1.0,1.0,-0.248291015625,-0.005859375,-0.3958740234375,-0.018768310546875,-0.002288818359375,0.0062255859375,Q,3,2026-08-24_23-25-27,2026-08-25
0.9869706840390879,1.0,0.9459459459459459,0.4731182795698925,0.16560509554140126,1.0,1.0,1.0,1.0,1.0,1.0,-0.2425537109375,-0.001953125,-0.3973388671875,-0.016845703125,-0.004608154296875,0.0047607421875,Q,3,2026-08-24_23-25-27,2026-08-25
0.9884183858125226,1.0,0.9301801801801802,0.521505376344086,0.12738853503184713,1.0,1.0,1.0,1.0,1.0,1.0,-0.24365234375,-0.0013427734375,-0.3902587890625,-0.01629638671875,-0.01141357421875,6.103515625e-05,Q,3,2026-08-24_23-25-27,2026-08-25
0.9833514296055013,1.0,0.9211711711711712,0.45698924731182794,0.11464968152866242,1.0,1.0,1.0,1.0,1.0,1.0,-0.244384765625,-0.000732421875,-0.396728515625,-0.008544921875,-0.005279541015625,-0.00030517578125,Q,3,2026-08-24_23-25-27,2026-08-25
0.993485342019544,1.0,0.9391891891891891,0.553763440860215,0.14012738853503184,1.0,1.0,1.0,1.0,1.0,1.0,-0.24658203125,-0.0050048828125,-0.4019775390625,-0.012176513671875,0.002899169921875,0.003204345703125,Q,3,2026-08-24_23-25-27,2026-08-25
0.9826275787187839,1.0,0.963963963963964,0.45698924731182794,0.12738853503184713,1.0,1.0,1.0,1.0,1.0,1.0,-0.244384765625,-0.0042724609375,-0.3924560546875,-0.017730712890625,0.000885009765625,0.005645751953125,Q,3,2026-08-24_23-25-27,2026-08-25
0.9905899384726746,1.0,0.9414414414414415,0.46236559139784944,0.11464968152866242,1.0,1.0,1.0,1.0,1.0,1.0,-0.2427978515625,-0.0078125,-0.389404296875,-0.016876220703125,-0.0086669921875,0.004638671875,Q,3,2026-08-24_23-25-27,2026-08-25
0.9920376402461093,0.96016898008449,0.954954954954955,0.489247311827957,0.07643312101910828,1.0,1.0,1.0,1.0,1.0,1.0,-0.24951171875,-0.0048828125,-0.39453125,-0.015625,-0.01226806640625,-0.000213623046875,Q,3,2026-08-24_23-25-27,2026-08-25
0.9876945349258053,0.9589619794809897,0.9369369369369369,0.5161290322580645,0.11464968152866242,1.0,1.0,1.0,1.0,1.0,1.0,-0.24951171875,-0.0020751953125,-0.39990234375,-0.01251220703125,-0.009185791015625,0.00091552734375,Q,3,2026-08-24_23-25-27,2026-08-25
0.9869706840390879,0.9806879903439951,0.9391891891891891,0.5053763440860215,0.14012738853503184,1.0,1.0,1.0,1.0,1.0,1.0,-0.2467041015625,-0.0052490234375,-0.4036865234375,-0.014495849609375,0.0008544921875,0.00543212890625,Q,3,2026-08-24_23-25-27,2026-08-25
0.9992761491132827,0.9806879903439951,0.9752252252252253,0.478494623655914,0.12738853503184713,1.0,1.0,1.0,1.0,1.0,1.0,-0.2462158203125,-0.0035400390625,-0.39697265625,-0.019866943359375,-0.006103515625,0.01080322265625,Q,3,2026-08-24_23-25-27,2026-08-25
0.991313789359392,0.9746529873264936,0.9662162162162162,0.489247311827957,0.08917197452229299,1.0,1.0,1.0,1.0,1.0,1.0,-0.2476806640625,0.001220703125,-0.4031982421875,-0.02301025390625,-0.011810302734375,0.0164794921875,Q,3,2026-08-24_23-25-27,2026-08-25
0.9869706840390879,0.9420639710319855,0.9391891891891891,0.489247311827957,0.06369426751592357,1.0,1.0,1.0,1.0,1.0,1.0,-0.24755859375,-0.00439453125,-0.405029296875,-0.027252197265625,-0.007049560546875,0.016571044921875,Q,3,2026-08-24_23-25-27,2026-08-25
0.9826275787187839,1.0,0.9617117117117117,0.46236559139784944,0.12738853503184713,1.0,1.0,1.0,1.0,1.0,1.0,-0.2471923828125,-0.00244140625,-0.393798828125,-0.02325439453125,-0.001495361328125,0.00982666015625,Q,3,2026-08-24_23-25-27,2026-08-25
0.9869706840390879,0.9975859987929994,0.9414414414414415,0.553763440860215,0.15286624203821655,1.0,1.0,1.0,1.0,1.0,1.0,-0.24755859375,-0.0081787109375,-0.3929443359375,-0.015838623046875,-0.0091552734375,0.00445556640625,Q,3,2026-08-24_23-25-27,2026-08-25
0.9862468331523706,1.0,0.9414414414414415,0.489247311827957,0.06369426751592357,1.0,1.0,1.0,1.0,1.0,1.0,-0.2542724609375,-0.0037841796875,-0.3924560546875,-0.017364501953125,-0.01275634765625,0.004486083984375,Q,3,2026-08-24_23-25-27,2026-08-25
0.9826275787187839,0.9770669885334943,0.9054054054054054,0.489247311827957,0.12738853503184713,1.0,1.0,1.0,1.0,1.0,1.0,-0.2489013671875,-0.006103515625,-0.392822265625,-0.017669677734375,-0.010650634765625,0.0084228515625,Q,3,2026-08-24_23-25-27,2026-08-25
0.9905899384726746,0.9927579963789982,0.9121621621621622,0.5,0.08917197452229299,1.0,1.0,1.0,1.0,1.0,1.0,-0.2449951171875,-0.0074462890625,-0.392822265625,-0.019622802734375,-0.008148193359375,0.00909423828125,Q,3,2026-08-24_23-25-27,2026-08-25
0.9826275787187839,1.0,0.9459459459459459,0.4838709677419355,0.17834394904458598,1.0,1.0,1.0,1.0,1.0,1.0,-0.24560546875,-0.003173828125,-0.3914794921875,-0.020416259765625,-0.012115478515625,0.008758544921875,Q,3,2026-08-24_23-25-27,2026-08-25
0.9833514296055013,0.9903439951719976,0.9144144144144144,0.4838709677419355,0.050955414012738856,1.0,1.0,1.0,1.0,1.0,1.0,-0.246826171875,-0.0018310546875,-0.3919677734375,-0.01531982421875,-0.01336669921875,0.00372314453125,Q,3,2026-08-24_23-25-27,2026-08-25
0.9971045964531307,0.9927579963789982,0.9346846846846847,0.4731182795698925,0.1910828025477707,1.0,1.0,1.0,1.0,1.0,1.0,-0.2425537109375,0.002685546875,-0.394775390625,-0.01025390625,-0.01409912109375,0.00067138671875,Q,3,2026-08-24_23-25-27,2026-08-25
0.9971045964531307,1.0,0.9414414414414415,0.510752688172043,0.12738853503184713,1.0,1.0,1.0,1.0,1.0,1.0,-0.247314453125,-0.000244140625,-0.3958740234375,-0.013427734375,-0.01287841796875,0.00323486328125,Q,3,2026-08-24_23-25-27,2026-08-25
0.9804560260586319,0.9951719975859988,0.9391891891891891,0.543010752688172,0.16560509554140126,1.0,1.0,1.0,1.0,1.0,1.0,-0.245361328125,0.0032958984375,-0.4034423828125,-0.01605224609375,-0.009033203125,0.0042724609375,Q,3,2026-08-24_23-25-27,2026-08-25
0.9905899384726746,1.0,0.9481981981981982,0.478494623655914,0.15286624203821655,1.0,1.0,1.0,1.0,1.0,1.0,-0.248046875,0.0008544921875,-0.3995361328125,-0.01373291015625,-0.006988525390625,0.004547119140625,Q,3,2026-08-24_23-25-27,2026-08-25
0.9790083242851972,0.9927579963789982,0.9436936936936937,0.489247311827957,0.22929936305732485,1.0,1.0,1.0,1.0,1.0,1.0,-0.2462158203125,-0.0037841796875,-0.399169921875,-0.016571044921875,-0.0091552734375,0.004486083984375,Q,3,2026-08-24_23-25-27,2026-08-25
0.9761129207383279,1.0,0.9121621621621622,0.41935483870967744,0.03821656050955414,1.0,1.0,1.0,1.0,1.0,1.0,-0.2491455078125,-0.0086669921875,-0.3968505859375,-0.016021728515625,-0.0098876953125,0.003509521484375,Q,3,2026-08-24_23-25-27,2026-08-25
1.0,0.9806879903439951,0.9099099099099099,0.489247311827957,0.14012738853503184,1.0,1.0,1.0,1.0,1.0,1.0,-0.273681640625,0.0107421875,-0.3741455078125,-0.0125732421875,-0.008697509765625,0.0042724609375,Q,4,2026-08-24_23-25-27,2026-08-25
0.991313789359392,0.9722389861194931,0.9076576576576577,0.5053763440860215,0.17834394904458598,1.0,1.0,1.0,1.0,1.0,1.0,-0.2728271484375,0.0076904296875,-0.3790283203125,-0.014984130859375,-0.00946044921875,0.005706787109375,Q,4,2026-08-24_23-25-27,2026-08-25
0.9790083242851972,0.9565479782739892,0.8761261261261262,0.45161290322580644,0.08917197452229299,1.0,1.0,1.0,1.0,1.0,1.0,-0.267578125,0.0047607421875,-0.385498046875,-0.0174560546875,-0.00726318359375,0.010772705078125,Q,4,2026-08-24_23-25-27,2026-08-25
0.9949330437929786,0.9794809897404949,0.9054054054054054,0.5376344086021505,0.06369426751592357,1.0,1.0,1.0,1.0,1.0,1.0,-0.267822265625,0.0037841796875,-0.37841796875,-0.0191650390625,-0.00933837890625,0.01251220703125,Q,4,2026-08-24_23-25-27,2026-08-25
0.9862468331523706,0.9770669885334943,0.9031531531531531,0.478494623655914,0.14012738853503184,1.0,1.0,1.0,1.0,1.0,1.0,-0.2686767578125,0.00146484375,-0.3758544921875,-0.019195556640625,-0.013671875,0.007171630859375,Q,4,2026-08-24_23-25-27,2026-08-25
0.9942091929062613,0.9674109837054918,0.9099099099099099,0.5161290322580645,0.03821656050955414,1.0,1.0,1.0,1.0,1.0,1.0,-0.2706298828125,-0.00048828125,-0.375244140625,-0.01702880859375,-0.012237548828125,0.00445556640625,Q,4,2026-08-24_23-25-27,2026-08-25
0.9797321751719146,0.96016898008449,0.8806306306306306,0.489247311827957,0.12738853503184713,1.0,1.0,1.0,1.0,1.0,1.0,-0.2744140625,0.003173828125,-0.3785400390625,-0.01568603515625,-0.012115478515625,0.003570556640625,Q,4,2026-08-24_23-25-27,2026-08-25
0.9876945349258053,0.9613759806879904,0.9054054054054054,0.4946236559139785,0.08917197452229299,1.0,1.0,1.0,1.0,1.0,1.0,-0.275390625,0.00439453125,-0.3753662109375,-0.016937255859375,-0.008544921875,0.004608154296875,Q,4,2026-08-24_23-25-27,2026-08-25
0.9905899384726746,0.9746529873264936,0.9054054054054054,0.5376344086021505,0.14012738853503184,1.0,1.0,1.0,1.0,1.0,1.0,-0.274169921875,0.0059814453125,-0.37890625,-0.018341064453125,-0.004669189453125,0.0057373046875,Q,4,2026-08-24_23-25-27,2026-08-25
0.9869706840390879,0.9613759806879904,0.9054054054054054,0.489247311827957,0.10191082802547771,1.0,1.0,1.0,1.0,1.0,1.0,-0.270751953125,0.0050048828125,-0.36767578125,-0.01812744140625,-0.00067138671875,0.00506591796875,Q,4,2026-08-24_23-25-27,2026-08-25
0.9797321751719146,0.9613759806879904,0.9009009009009009,0.45698924731182794,0.12738853503184713,1.0,1.0,1.0,1.0,1.0,1.0,-0.2664794921875,0.00927734375,-0.3701171875,-0.015106201171875,-0.0086669921875,0.003021240234375,Q,4,2026-08-24_23-25-27,2026-08-25
0.9920376402461093,0.9662039831019915,0.8963963963963963,0.478494623655914,0.11464968152866242,1.0,1.0,1.0,1.0,1.0,1.0,-0.268798828125,0.003173828125,-0.375,-0.01361083984375,-0.01031494140625,0.00311279296875,Q,4,2026-08-24_23-25-27,2026-08-25
0.9840752804922186,0.9613759806879904,0.8806306306306306,0.553763440860215,0.06369426751592357,1.0,1.0,1.0,1.0,1.0,1.0,-0.2708740234375,0.0048828125,-0.3792724609375,-0.017486572265625,-0.009796142578125,0.002777099609375,Q,4,2026-08-24_23-25-27,2026-08-25
0.9992761491132827,0.9649969824984912,0.9099099099099099,0.4838709677419355,0.0,1.0,1.0,1.0,1.0,1.0,1.0,-0.2745361328125,0.0028076171875,-0.3740234375,-0.01312255859375,-0.005401611328125,0.0010986328125,Q,4,2026-08-24_23-25-27,2026-08-25
1.0,0.9818949909474954,0.9436936936936937,0.4838709677419355,0.14012738853503184,1.0,1.0,1.0,1.0,1.0,1.0,-0.272216796875,-0.0009765625,-0.3773193359375,-0.01495361328125,-0.00494384765625,0.001495361328125,Q,4,2026-08-24_23-25-27,2026-08-25
0.9826275787187839,0.9698249849124925,0.9256756756756757,0.543010752688172,0.16560509554140126,1.0,1.0,1.0,1.0,1.0,1.0,-0.2706298828125,0.0037841796875,-0.3740234375,-0.01580810546875,-0.00579833984375,0.000640869140625,Q,4,2026-08-24_23-25-27,2026-08-25
0.9790083242851972,0.96016898008449,0.9481981981981982,0.5,0.11464968152866242,1.0,1.0,1.0,1.0,1.0,1.0,-0.2711181640625,0.0045166015625,-0.370361328125,-0.012176513671875,-0.00848388671875,-0.001800537109375,Q,4,2026-08-24_23-25-27,2026-08-25
0.9971045964531307,0.9782739891369946,0.918918918918919,0.5161290322580645,0.1910828025477707,1.0,1.0,1.0,1.0,1.0,1.0,-0.2713623046875,0.0040283203125,-0.372802734375,-0.015533447265625,-0.01190185546875,-0.002899169921875,Q,4,2026-08-24_23-25-27,2026-08-25
0.991313789359392,0.9649969824984912,0.8963963963963963,0.521505376344086,0.025477707006369428,1.0,1.0,1.0,1.0,1.0,1.0,-0.2728271484375,0.003173828125,-0.3759765625,-0.01654052734375,-0.011444091796875,-0.0010986328125,Q,4,2026-08-24_23-25-27,2026-08-25
0.991313789359392,0.975859987929994,0.8806306306306306,0.5053763440860215,0.07643312101910828,1.0,1.0,1.0,1.0,1.0,1.0,-0.2796630859375,0.006591796875,-0.3773193359375,-0.016693115234375,-0.00506591796875,-0.00067138671875,Q,4,2026-08-24_23-25-27,2026-08-25
0.9905899384726746,0.9722389861194931,0.9054054054054054,0.5161290322580645,0.050955414012738856,1.0,1.0,1.0,1.0,1.0,1.0,-0.276611328125,0.0084228515625,-0.3765869140625,-0.01324462890625,0.0028076171875,-0.003204345703125,Q,4,2026-08-24_23-25-27,2026-08-25
0.995656894679696,0.9746529873264936,0.9099099099099099,0.5053763440860215,0.16560509554140126,1.0,1.0,1.0,1.0,1.0,1.0,-0.2681884765625,0.0062255859375,-0.372802734375,-0.016265869140625,-0.001800537109375,-0.004180908203125,Q,4,2026-08-24_23-25-27,2026-08-25
0.9833514296055013,0.9806879903439951,0.9054054054054054,0.478494623655914,0.0,1.0,1.0,1.0,1.0,1.0,1.0,-0.2698974609375,0.00927734375,-0.370849609375,-0.0198974609375,-0.010467529296875,-0.002197265625,Q,4,2026-08-24_23-25-27,2026-08-25
0.9833514296055013,0.9613759806879904,0.9144144144144144,0.489247311827957,0.06369426751592357,1.0,1.0,1.0,1.0,1.0,1.0,-0.271484375,0.006591796875,-0.3778076171875,-0.019622802734375,-0.013153076171875,0.0003662109375,Q,4,2026-08-24_23-25-27,2026-08-25
0.9876945349258053,0.9698249849124925,0.9076576576576577,0.5,0.025477707006369428,1.0,1.0,1.0,1.0,1.0,1.0,-0.2730712890625,0.0123291015625,-0.3812255859375,-0.016082763671875,0.00042724609375,0.00408935546875,Q,4,2026-08-24_23-25-27,2026-08-25
0.9905899384726746,0.9698249849124925,0.8986486486486487,0.478494623655914,0.12738853503184713,1.0,1.0,1.0,1.0,1.0,1.0,-0.270751953125,0.010498046875,-0.3779296875,-0.0096435546875,0.008148193359375,0.00848388671875,Q,4,2026-08-24_23-25-27,2026-08-25
0.9963807455664133,0.9831019915509958,0.9324324324324325,0.5645161290322581,0.15286624203821655,1.0,1.0,1.0,1.0,1.0,1.0,-0.2752685546875,0.0020751953125,-0.3787841796875,-0.01171875,0.014801025390625,0.014739990234375,Q,4,2026-08-24_23-25-27,2026-08-25
0.9862468331523706,0.9674109837054918,0.9301801801801802,0.5376344086021505,0.03821656050955414,1.0,1.0,1.0,1.0,1.0,1.0,-0.268310546875,0.000732421875,-0.366455078125,-0.0208740234375,0.01019287109375,0.017242431640625,Q,4,2026-08-24_23-25-27,2026-08-25
0.9840752804922186,0.9746529873264936,0.9054054054054054,0.43548387096774194,0.08917197452229299,1.0,1.0,1.0,1.0,1.0,1.0,-0.2840576171875,0.01123046875,-0.3663330078125,-0.017425537109375,0.000518798828125,0.01055908203125,Q,4,2026-08-24_23-25-27,2026-08-25
0.9898660875859573,0.9613759806879904,0.9099099099099099,0.5053763440860215,0.16560509554140126,1.0,1.0,1.0,1.0,1.0,1.0,-0.2742919921875,-0.0101318359375,-0.373046875,-0.01165771484375,0.00225830078125,0.00811767578125,Q,4,2026-08-24_23-25-27,2026-08-25
0.9905899384726746,0.96016898008449,0.8896396396396397,0.489247311827957,0.06369426751592357,1.0,1.0,1.0,1.0,1.0,1.0,-0.2703857421875,-0.0029296875,-0.3770751953125,-0.009521484375,0.0047607421875,0.003570556640625,Q,4,2026-08-24_23-25-27,2026-08-25
0.993485342019544,0.9746529873264936,0.8986486486486487,0.489247311827957,0.06369426751592357,1.0,1.0,1.0,1.0,1.0,1.0,-0.272705078125,-0.0067138671875,-0.3692626953125,-0.010589599609375,-0.0064697265625,0.00128173828125,Q,4,2026-08-24_23-25-27,2026-08-25
0.9855229822656533,0.9565479782739892,0.8941441441441441,0.521505376344086,0.16560509554140126,1.0,1.0,1.0,1.0,1.0,1.0,-0.274169921875,0.000244140625,-0.3743896484375,-0.013397216796875,-0.010894775390625,0.001800537109375,Q,4,2026-08-24_23-25-27,2026-08-25
0.9876945349258053,0.96016898008449,0.8941441441441441,0.489247311827957,0.10191082802547771,1.0,1.0,1.0,1.0,1.0,1.0,-0.270751953125,0.0050048828125,-0.3822021484375,-0.01336669921875,-0.005157470703125,0.000244140625,Q,4,2026-08-24_23-25-27,2026-08-25
0.993485342019544,0.9649969824984912,0.9054054054054054,0.5053763440860215,0.12738853503184713,1.0,1.0,1.0,1.0,1.0,1.0,-0.266845703125,0.00634765625,-0.38037109375,-0.010162353515625,6.103515625e-05,0.00048828125,Q,4,2026-08-24_23-25-27,2026-08-25
0.9833514296055013,0.9565479782739892,0.9234234234234234,0.5053763440860215,0.20382165605095542,1.0,1.0,1.0,1.0,1.0,1.0,-0.2630615234375,0.0032958984375,-0.3863525390625,-0.00921630859375,-0.00372314453125,0.00067138671875,Q,4,2026-08-24_23-25-27,2026-08-25
0.9833514296055013,0.9662039831019915,0.9054054054054054,0.521505376344086,0.12738853503184713,1.0,1.0,1.0,1.0,1.0,1.0,-0.2655029296875,0.0025634765625,-0.3873291015625,-0.01177978515625,-0.0078125,0.00225830078125,Q,4,2026-08-24_23-25-27,2026-08-25
0.9833514296055013,0.963789981894991,0.9054054054054054,0.489247311827957,0.0,1.0,1.0,1.0,1.0,1.0,1.0,-0.271240234375,0.005126953125,-0.3843994140625,-0.012664794921875,-0.005401611328125,0.0045166015625,Q,4,2026-08-24_23-25-27,2026-08-25
0.9847991313789359,0.9674109837054918,0.9054054054054054,0.521505376344086,0.11464968152866242,1.0,1.0,1.0,1.0,1.0,1.0,-0.2657470703125,0.0087890625,-0.3876953125,-0.013824462890625,-0.001983642578125,0.00567626953125,Q,4,2026-08-24_23-25-27,2026-08-25
0.9905899384726746,0.9613759806879904,0.9054054054054054,0.44623655913978494,0.050955414012738856,1.0,1.0,1.0,1.0,1.0,1.0,-0.2620849609375,0.0057373046875,-0.38232421875,-0.0140380859375,-0.0078125,0.005462646484375,Q,4,2026-08-24_23-25-27,2026-08-25
0.9703221136445892,0.9167169583584792,0.0,0.0,0.4713375796178344,1.0,1.0,0.0,1.0,0.0,1.0,0.5567626953125,0.093017578125,0.0181884765625,-0.014129638671875,-0.001983642578125,0.007049560546875,R,0,2026-08-24_23-25-27,2026-08-25
0.9623597538906985,0.9070609535304768,0.0,0.0,0.40764331210191085,1.0,1.0,0.0,1.0,0.0,1.0,0.55224609375,0.0950927734375,0.0186767578125,-0.02484130859375,-0.01312255859375,0.0103759765625,R,0,2026-08-24_23-25-27,2026-08-25
0.9724936663047412,0.9215449607724804,0.0,0.0,0.3821656050955414,1.0,1.0,0.0,1.0,0.0,1.0,0.5528564453125,0.093505859375,0.0220947265625,-0.01806640625,-0.002960205078125,0.013519287109375,R,0,2026-08-24_23-25-27,2026-08-25
0.9688744118711545,0.9143029571514786,0.0,0.0,0.2929936305732484,1.0,1.0,0.0,1.0,0.0,1.0,0.5601806640625,0.0833740234375,0.0201416015625,-0.00811767578125,0.013702392578125,0.0101318359375,R,0,2026-08-24_23-25-27,2026-08-25
0.9811798769453492,0.923958961979481,0.0,0.0,0.39490445859872614,1.0,1.0,0.0,1.0,0.0,1.0,0.564208984375,0.0860595703125,0.032470703125,-0.015289306640625,0.00543212890625,0.007659912109375,R,0,2026-08-24_23-25-27,2026-08-25
0.9862468331523706,0.9275799637899819,0.0,0.0,0.39490445859872614,1.0,1.0,0.0,1.0,0.0,1.0,0.56494140625,0.0855712890625,0.0419921875,-0.010009765625,-0.01275634765625,0.010986328125,R,0,2026-08-24_23-25-27,2026-08-25
0.9601882012305465,0.9094749547374774,0.0,0.0,0.3821656050955414,1.0,1.0,0.0,1.0,0.0,1.0,0.544189453125,0.08349609375,0.0155029296875,-0.00213623046875,-0.008514404296875,0.01873779296875,R,0,2026-08-24_23-25-27,2026-08-25
0.9587404994571118,0.9155099577549789,0.0,0.0,0.33121019108280253,1.0,1.0,0.0,1.0,0.0,1.0,0.55224609375,0.06884765625,0.0152587890625,-0.008819580078125,0.008544921875,0.01171875,R,0,2026-08-24_23-25-27,2026-08-25
0.9840752804922186,0.9287869643934822,0.0,0.0,0.36942675159235666,1.0,1.0,0.0,1.0,0.0,1.0,0.563232421875,0.0693359375,0.0234375,-0.015228271484375,0.00604248046875,0.011383056640625,R,0,2026-08-24_23-25-27,2026-08-25
0.9645313065508505,0.9227519613759807,0.0,0.0,0.34394904458598724,1.0,1.0,0.0,1.0,0.0,1.0,0.5587158203125,0.0712890625,0.0311279296875,-0.01214599609375,-0.01885986328125,0.01409912109375,R,0,2026-08-24_23-25-27,2026-08-25
0.9797321751719146,0.9287869643934822,0.0,0.0,0.2802547770700637,1.0,1.0,0.0,1.0,0.0,1.0,0.546142578125,0.0740966796875,0.0306396484375,-0.00494384765625,-0.0211181640625,0.01239013671875,R,0,2026-08-24_23-25-27,2026-08-25
0.9753890698516106,0.9299939649969825,0.0,0.0,0.267515923566879,1.0,1.0,0.0,1.0,0.0,1.0,0.54931640625,0.067138671875,0.0262451171875,0.00311279296875,0.0103759765625,0.002532958984375,R,0,2026-08-24_23-25-27,2026-08-25
0.9717698154180239,0.9287869643934822,0.0,0.0,0.40764331210191085,1.0,1.0,0.0,1.0,0.0,1.0,0.560302734375,0.0697021484375,0.029052734375,-0.00830078125,0.0164794921875,-0.00616455078125,R,0,2026-08-24_23-25-27,2026-08-25
0.9732175171914585,0.9348219674109837,0.0,0.0,0.267515923566879,1.0,1.0,0.0,1.0,0.0,1.0,0.5638427734375,0.07470703125,0.033447265625,-0.0186767578125,-0.007171630859375,-0.006195068359375,R,0,2026-08-24_23-25-27,2026-08-25
0.9630836047774158,0.9155099577549789,0.0,0.0,0.25477707006369427,1.0,1.0,0.0,1.0,0.0,1.0,0.5506591796875,0.0804443359375,0.0423583984375,-0.021820068359375,-0.022491455078125,-0.003326416015625,R,0,2026-08-24_23-25-27,2026-08-25
0.9833514296055013,0.9396499698249849,0.0,0.0,0.25477707006369427,1.0,1.0,0.0,1.0,0.0,1.0,0.5428466796875,0.0843505859375,0.0362548828125,-0.016204833984375,-0.01220703125,-0.00360107421875,R,0,2026-08-24_23-25-27,2026-08-25
0.9695982627578719,0.9287869643934822,0.0,0.0,0.3184713375796178,1.0,1.0,0.0,1.0,0.0,1.0,0.5567626953125,0.0775146484375,0.016357421875,-0.01611328125,0.012664794921875,-0.009002685546875,R,0,2026-08-24_23-25-27,2026-08-25
0.9739413680781759,0.9034399517199758,0.0,0.0,0.34394904458598724,1.0,1.0,0.0,1.0,0.0,1.0,0.5625,0.08544921875,0.03271484375,-0.026763916015625,-0.020599365234375,-0.0113525390625,R,0,2026-08-24_23-25-27,2026-08-25
0.9717698154180239,0.9227519613759807,0.0,0.0,0.3821656050955414,1.0,1.0,0.0,1.0,0.0,1.0,0.550048828125,0.0968017578125,0.0435791015625,-0.02423095703125,-0.04278564453125,-0.00543212890625,R,0,2026-08-24_23-25-27,2026-08-25
0.9847991313789359,0.9251659625829813,0.0,0.0,0.3821656050955414,1.0,1.0,0.0,1.0,0.0,1.0,0.53271484375,0.0947265625,0.022705078125,-0.0140380859375,-0.0115966796875,-0.0003662109375,R,0,2026-08-24_23-25-27,2026-08-25
0.9724936663047412,0.9143029571514786,0.0,0.0,0.40764331210191085,1.0,1.0,0.0,1.0,0.0,1.0,0.5550537109375,0.090087890625,-0.0416259765625,-0.003631591796875,0.014251708984375,0.002197265625,R,0,2026-08-24_23-25-27,2026-08-25
0.9703221136445892,0.9167169583584792,0.0,0.0,0.40764331210191085,1.0,1.0,0.0,1.0,0.0,1.0,0.584228515625,0.0816650390625,0.009521484375,-0.051513671875,0.012237548828125,-0.007415771484375,R,0,2026-08-24_23-25-27,2026-08-25
0.9703221136445892,0.9167169583584792,0.0,0.0,0.40764331210191085,1.0,1.0,0.0,1.0,0.0,1.0,0.5697021484375,0.106201171875,0.0521240234375,-0.0447998046875,-0.05194091796875,-0.001861572265625,R,0,2026-08-24_23-25-27,2026-08-25
0.9819037278320666,0.9203379601689801,0.0,0.0,0.40764331210191085,1.0,1.0,0.0,1.0,0.0,1.0,0.5323486328125,0.1004638671875,0.0572509765625,0.00579833984375,-0.042144775390625,0.00115966796875,R,0,2026-08-24_23-25-27,2026-08-25
0.9695982627578719,0.9143029571514786,0.0,0.0,0.40764331210191085,1.0,1.0,0.0,1.0,0.0,1.0,0.5294189453125,0.0882568359375,-0.0025634765625,0.012420654296875,0.035736083984375,-0.001251220703125,R,0,2026-08-24_23-25-27,2026-08-25
0.9717698154180239,0.9191309595654797,0.0,0.0,0.40764331210191085,1.0,1.0,0.0,1.0,0.0,1.0,0.56884765625,0.084716796875,0.0223388671875,-0.021270751953125,0.038238525390625,-0.002532958984375,R,0,2026-08-24_23-25-27,2026-08-25
0.9703221136445892,0.9203379601689801,0.0,0.0,0.25477707006369427,1.0,1.0,0.0,1.0,0.0,1.0,0.5810546875,0.0908203125,0.02197265625,-0.04046630859375,-0.00469970703125,0.004425048828125,R,0,2026-08-24_23-25-27,2026-08-25
0.9739413680781759,0.9348219674109837,0.0,0.0,0.34394904458598724,1.0,1.0,0.0,1.0,0.0,1.0,0.5465087890625,0.08984375,0.0552978515625,-0.045745849609375,-0.06317138671875,0.01324462890625,R,0,2026-08-24_23-25-27,2026-08-25
0.9695982627578719,0.9227519613759807,0.0,0.0,0.39490445859872614,1.0,1.0,0.0,1.0,0.0,1.0,0.53076171875,0.0953369140625,0.0360107421875,-0.019561767578125,-0.02294921875,0.011260986328125,R,0,2026-08-24_23-25-27,2026-08-25
0.9761129207383279,0.9263729631864815,0.0,0.0,0.43312101910828027,1.0,1.0,0.0,1.0,0.0,1.0,0.549560546875,0.0899658203125,0.0062255859375,-0.011199951171875,0.024078369140625,0.010528564453125,R,0,2026-08-24_23-25-27,2026-08-25
0.9753890698516106,0.9336149668074833,0.0,0.0,0.40764331210191085,1.0,1.0,0.0,1.0,0.0,1.0,0.5782470703125,0.0726318359375,0.0142822265625,-0.02435302734375,0.012451171875,0.00079345703125,R,0,2026-08-24_23-25-27,2026-08-25
0.9797321751719146,0.9336149668074833,0.0,0.0,0.267515923566879,1.0,1.0,0.0,1.0,0.0,1.0,0.5684814453125,0.0838623046875,0.03125,-0.024627685546875,-0.036224365234375,-0.0001220703125,R,0,2026-08-24_23-25-27,2026-08-25
0.9703221136445892,0.9263729631864815,0.0,0.0,0.33121019108280253,1.0,1.0,0.0,1.0,0.0,1.0,0.544677734375,0.08203125,0.0360107421875,-0.011627197265625,-0.03692626953125,0.00286865234375,R,0,2026-08-24_23-25-27,2026-08-25
0.9630836047774158,0.923958961979481,0.0,0.0,0.40764331210191085,1.0,1.0,0.0,1.0,0.0,1.0,0.527099609375,0.080078125,0.0006103515625,-0.006500244140625,0.010040283203125,0.003814697265625,R,0,2026-08-24_23-25-27,2026-08-25
0.9739413680781759,0.9336149668074833,0.0,0.0,0.3821656050955414,1.0,1.0,0.0,1.0,0.0,1.0,0.5626220703125,0.0682373046875,-0.0042724609375,-0.018707275390625,0.0487060546875,-0.005859375,R,0,2026-08-24_23-25-27,2026-08-25
0.9746652189648932,0.923958961979481,0.0,0.0,0.42038216560509556,1.0,1.0,0.0,1.0,0.0,1.0,0.579833984375,0.081787109375,0.03125,-0.0362548828125,-0.007476806640625,-0.008392333984375,R,0,2026-08-24_23-25-27,2026-08-25
0.9840752804922186,0.9191309595654797,0.0,0.0,0.40764331210191085,1.0,1.0,0.0,1.0,0.0,1.0,0.5579833984375,0.0887451171875,0.0418701171875,-0.013885498046875,-0.043182373046875,-0.00189208984375,R,0,2026-08-24_23-25-27,2026-08-25
0.9797321751719146,0.9299939649969825,0.0,0.0,0.4713375796178344,1.0,1.0,0.0,1.0,0.0,1.0,0.5413818359375,0.0892333984375,0.0411376953125,0.00030517578125,-0.02044677734375,-0.0015869140625,R,0,2026-08-24_23-25-27,2026-08-25
0.9782844733984799,0.9191309595654797,0.0,0.0,0.42038216560509556,1.0,1.0,0.0,1.0,0.0,1.0,0.5491943359375,0.0826416015625,0.0150146484375,-0.003814697265625,0.026123046875,-0.00732421875,R,0,2026-08-24_23-25-27,2026-08-25
0.9652551574375678,0.9034399517199758,0.0,0.0,0.3184713375796178,1.0,1.0,0.0,1.0,0.0,1.0,0.5665283203125,0.08984375,0.019775390625,-0.028472900390625,0.01947021484375,-0.00689697265625,R,0,2026-08-24_23-25-27,2026-08-25
1.0,0.9831019915509958,0.0,0.0,0.12738853503184713,1.0,1.0,1.0,1.0,0.0,1.0,0.56787109375,0.099853515625,-0.02880859375,-0.0218505859375,-0.04327392578125,0.014373779296875,R,1,2026-08-24_23-25-27,2026-08-25
1.0,0.9831019915509958,0.0,0.0,0.22929936305732485,1.0,1.0,1.0,1.0,1.0,1.0,0.562744140625,0.07568359375,-0.018310546875,-0.05615234375,0.043701171875,-0.00653076171875,R,1,2026-08-24_23-25-27,2026-08-25
1.0,0.9915509957754979,0.0,0.0,0.08917197452229299,1.0,1.0,1.0,1.0,0.0,1.0,0.5677490234375,0.0977783203125,0.0369873046875,-0.046295166015625,-0.000640869140625,-0.00347900390625,R,1,2026-08-24_23-25-27,2026-08-25
1.0,0.9843089921544961,0.0,0.0,0.16560509554140126,1.0,1.0,1.0,1.0,1.0,1.0,0.5362548828125,0.10888671875,0.049072265625,-0.02386474609375,-0.022064208984375,0.001739501953125,R,1,2026-08-24_23-25-27,2026-08-25
1.0,0.9939649969824985,0.0,0.0,0.1910828025477707,1.0,1.0,1.0,1.0,1.0,1.0,0.5225830078125,0.09033203125,-0.01123046875,0.000946044921875,0.000640869140625,0.004791259765625,R,1,2026-08-24_23-25-27,2026-08-25
1.0,0.9939649969824985,0.0,0.0,0.07643312101910828,1.0,1.0,1.0,1.0,1.0,1.0,0.567138671875,0.075927734375,-0.003173828125,-0.0433349609375,0.020233154296875,0.00262451171875,R,1,2026-08-24_23-25-27,2026-08-25
1.0,0.9939649969824985,0.0,0.0,0.24203821656050956,1.0,1.0,1.0,1.0,1.0,1.0,0.5750732421875,0.1029052734375,0.0557861328125,-0.044281005859375,-0.016571044921875,0.008819580078125,R,1,2026-08-24_23-25-27,2026-08-25
1.0,0.996378998189499,0.0,0.0,0.16560509554140126,1.0,1.0,1.0,1.0,1.0,1.0,0.54736328125,0.086669921875,0.0269775390625,-0.02581787109375,-0.012542724609375,0.0118408203125,R,1,2026-08-24_23-25-27,2026-08-25
1.0,0.9975859987929994,0.0,0.0,0.21656050955414013,1.0,1.0,0.0,0.0,1.0,1.0,0.52880859375,0.107666015625,-0.02783203125,0.00482177734375,0.013702392578125,-0.00665283203125,R,1,2026-08-24_23-25-27,2026-08-25
1.0,0.9975859987929994,0.0,0.0,0.267515923566879,1.0,1.0,0.0,0.0,1.0,1.0,0.5670166015625,0.0828857421875,0.00634765625,-0.03692626953125,0.048004150390625,-0.01031494140625,R,1,2026-08-24_23-25-27,2026-08-25
1.0,0.9975859987929994,0.0,0.0,0.24203821656050956,1.0,1.0,0.0,0.0,1.0,1.0,0.56787109375,0.1029052734375,0.0452880859375,-0.050506591796875,-0.039093017578125,-0.001068115234375,R,1,2026-08-24_23-25-27,2026-08-25
1.0,0.996378998189499,0.0,0.0,0.17834394904458598,1.0,1.0,0.0,0.0,1.0,1.0,0.5277099609375,0.1082763671875,0.0440673828125,-0.005889892578125,-0.03253173828125,0.0255126953125,R,1,2026-08-24_23-25-27,2026-08-25
1.0,0.9987929993964997,0.0,0.0,0.17834394904458598,1.0,1.0,0.0,1.0,1.0,1.0,0.5455322265625,0.0675048828125,0.0128173828125,0.0045166015625,0.032470703125,0.001861572265625,R,1,2026-08-24_23-25-27,2026-08-25
1.0,1.0,0.0,0.0,0.25477707006369427,1.0,1.0,0.0,0.0,1.0,1.0,0.56884765625,0.0802001953125,0.0386962890625,-0.044219970703125,0.007080078125,-0.014251708984375,R,1,2026-08-24_23-25-27,2026-08-25
1.0,0.9927579963789982,0.0,0.0,0.17834394904458598,1.0,1.0,0.0,0.0,1.0,1.0,0.554931640625,0.100341796875,0.053466796875,-0.0302734375,-0.033538818359375,-0.005157470703125,R,1,2026-08-24_23-25-27,2026-08-25
1.0,1.0,0.0,0.0,0.25477707006369427,1.0,1.0,0.0,0.0,1.0,1.0,0.5347900390625,0.098876953125,0.0400390625,-0.01251220703125,-0.016265869140625,0.005401611328125,R,1,2026-08-24_23-25-27,2026-08-25
1.0,0.9987929993964997,0.0,0.0,0.2802547770700637,1.0,1.0,0.0,0.0,1.0,1.0,0.5477294921875,0.0775146484375,-0.0101318359375,-0.011871337890625,0.020660400390625,-0.0010986328125,R,1,2026-08-24_23-25-27,2026-08-25
1.0,0.9915509957754979,0.0,0.0,0.33121019108280253,1.0,1.0,0.0,0.0,1.0,1.0,0.57275390625,0.0963134765625,0.0350341796875,-0.045257568359375,-0.000335693359375,-0.004486083984375,R,1,2026-08-24_23-25-27,2026-08-25
1.0,0.9939649969824985,0.0,0.0,0.33121019108280253,1.0,1.0,0.0,0.0,1.0,1.0,0.5548095703125,0.1007080078125,0.041259765625,-0.025665283203125,-0.0513916015625,-0.00396728515625,R,1,2026-08-24_23-25-27,2026-08-25
1.0,0.9975859987929994,0.0,0.0,0.267515923566879,1.0,1.0,0.0,0.0,1.0,1.0,0.53173828125,0.1016845703125,0.023193359375,-0.0135498046875,-0.024444580078125,0.000335693359375,R,1,2026-08-24_23-25-27,2026-08-25
1.0,1.0,0.0,0.0,0.3184713375796178,1.0,1.0,0.0,1.0,1.0,1.0,0.53759765625,0.0552978515625,0.12255859375,-0.058135986328125,-0.041107177734375,-0.0234375,R,1,2026-08-24_23-25-27,2026-08-25
1.0,0.9831019915509958,0.0,0.0,0.267515923566879,1.0,1.0,0.0,0.0,1.0,1.0,0.5518798828125,0.1033935546875,0.0252685546875,-0.049468994140625,0.0006103515625,-0.00836181640625,R,1,2026-08-24_23-25-27,2026-08-25
0.9869706840390879,0.9843089921544961,0.0,0.0,0.39490445859872614,1.0,1.0,0.0,1.0,1.0,1.0,0.5538330078125,0.0999755859375,-0.0440673828125,-0.03704833984375,0.021514892578125,0.00762939453125,R,1,2026-08-24_23-25-27,2026-08-25
1.0,0.9118889559444779,0.0,0.0,0.2929936305732484,1.0,1.0,0.0,1.0,1.0,1.0,0.54052734375,0.116943359375,0.049072265625,-0.05548095703125,-0.0462646484375,0.0,R,1,2026-08-24_23-25-27,2026-08-25
0.9942091929062613,0.9843089921544961,0.0,0.0,0.33121019108280253,1.0,1.0,0.0,1.0,1.0,1.0,0.5404052734375,0.1129150390625,0.0279541015625,0.013336181640625,-0.00750732421875,0.009735107421875,R,1,2026-08-24_23-25-27,2026-08-25
1.0,0.9867229933614967,0.0,0.0,0.3821656050955414,1.0,1.0,0.0,0.0,1.0,1.0,0.5469970703125,0.0863037109375,0.0233154296875,0.0059814453125,0.0247802734375,0.0013427734375,R,1,2026-08-24_23-25-27,2026-08-25
0.9739413680781759,0.975859987929994,0.0,0.0,0.33121019108280253,1.0,1.0,0.0,1.0,1.0,1.0,0.5675048828125,0.0865478515625,0.0091552734375,-0.015411376953125,0.030792236328125,-0.002777099609375,R,1,2026-08-24_23-25-27,2026-08-25
1.0,0.9843089921544961,0.0,0.0,0.36942675159235666,1.0,1.0,0.0,1.0,1.0,1.0,0.560791015625,0.101806640625,0.0419921875,-0.029510498046875,0.004180908203125,0.0054931640625,R,1,2026-08-24_23-25-27,2026-08-25
0.9992761491132827,0.9855159927579964,0.0,0.0,0.33121019108280253,1.0,1.0,0.0,0.0,1.0,1.0,0.560791015625,0.098388671875,0.05029296875,-0.006011962890625,-0.01171875,0.014129638671875,R,1,2026-08-24_23-25-27,2026-08-25
0.9942091929062613,0.9987929993964997,0.0,0.0,0.21656050955414013,1.0,1.0,0.0,1.0,1.0,1.0,0.5419921875,0.087158203125,0.039794921875,-0.010101318359375,-0.000823974609375,0.00616455078125,R,1,2026-08-24_23-25-27,2026-08-25
0.9963807455664133,0.9843089921544961,0.0,0.0,0.25477707006369427,1.0,1.0,0.0,0.0,1.0,1.0,0.55126953125,0.0916748046875,0.038330078125,-0.014373779296875,0.017974853515625,0.00146484375,R,1,2026-08-24_23-25-27,2026-08-25
1.0,0.9867229933614967,0.0,0.0,0.33121019108280253,1.0,1.0,0.0,0.0,1.0,1.0,0.5615234375,0.0823974609375,0.0430908203125,-0.021697998046875,0.006072998046875,0.006591796875,R,1,2026-08-24_23-25-27,2026-08-25
1.0,0.9927579963789982,0.0,0.0,0.2929936305732484,1.0,1.0,0.0,0.0,1.0,1.0,0.558349609375,0.0814208984375,0.0498046875,-0.01971435546875,-0.017425537109375,0.009490966796875,R,1,2026-08-24_23-25-27,2026-08-25
1.0,0.9831019915509958,0.0,0.0,0.08917197452229299,1.0,1.0,0.0,0.0,1.0,1.0,0.54248046875,0.0875244140625,0.0438232421875,-0.0201416015625,0.010009765625,0.00909423828125,R,1,2026-08-24_23-25-27,2026-08-25
1.0,0.9843089921544961,0.0,0.0,0.267515923566879,1.0,1.0,0.0,0.0,1.0,1.0,0.552978515625,0.070556640625,0.024658203125,-0.01519775390625,0.01348876953125,-0.00042724609375,R,1,2026-08-24_23-25-27,2026-08-25
1.0,0.9891369945684972,0.0,0.0,0.43312101910828027,1.0,1.0,0.0,0.0,1.0,1.0,0.5631103515625,0.076416015625,0.0418701171875,-0.025482177734375,-0.000701904296875,-0.007415771484375,R,1,2026-08-24_23-25-27,2026-08-25
1.0,0.9831019915509958,0.0,0.0,0.36942675159235666,1.0,1.0,0.0,0.0,1.0,1.0,0.5526123046875,0.0849609375,0.05078125,-0.016387939453125,-0.025543212890625,-0.00921630859375,R,1,2026-08-24_23-25-27,2026-08-25
0.9971045964531307,0.987929993964997,0.0,0.0,0.3184713375796178,1.0,1.0,0.0,0.0,1.0,1.0,0.546142578125,0.0809326171875,0.0382080078125,-0.003173828125,-0.008514404296875,-0.012847900390625,R,1,2026-08-24_23-25-27,2026-08-25
1.0,0.996378998189499,0.0,0.0,0.24203821656050956,1.0,1.0,0.0,0.0,1.0,1.0,0.5545654296875,0.091064453125,0.03125,-0.0145263671875,-0.002166748046875,-0.014434814453125,R,1,2026-08-24_23-25-27,2026-08-25
1.0,0.9843089921544961,0.0,0.0,0.2929936305732484,1.0,1.0,0.0,0.0,1.0,1.0,0.562744140625,0.0938720703125,0.0303955078125,-0.024383544921875,0.001556396484375,-0.02069091796875,R,1,2026-08-24_23-25-27,2026-08-25
0.995656894679696,1.0,0.05405405405405406,0.0,0.802547770700637,1.0,1.0,0.0,0.0,1.0,1.0,0.53955078125,0.1268310546875,-0.022216796875,-0.01116943359375,0.002960205078125,0.004547119140625,R,2,2026-08-24_23-25-27,2026-08-25
0.9876945349258053,0.9939649969824985,0.038288288288288286,0.0,0.6624203821656051,1.0,1.0,0.0,0.0,1.0,1.0,0.5484619140625,0.1143798828125,-0.009033203125,-0.035736083984375,-0.012359619140625,0.0107421875,R,2,2026-08-24_23-25-27,2026-08-25
1.0,1.0,0.04054054054054054,0.0,0.7261146496815286,1.0,1.0,0.0,0.0,1.0,1.0,0.5535888671875,0.12353515625,-0.002685546875,-0.03485107421875,-0.0194091796875,0.01025390625,R,2,2026-08-24_23-25-27,2026-08-25
0.9971045964531307,1.0,0.060810810810810814,0.0,0.6242038216560509,1.0,1.0,0.0,0.0,1.0,1.0,0.5478515625,0.12548828125,-0.0074462890625,-0.01934814453125,-0.02862548828125,0.01202392578125,R,2,2026-08-24_23-25-27,2026-08-25
1.0,1.0,0.05630630630630631,0.0,0.6878980891719745,1.0,1.0,0.0,0.0,1.0,1.0,0.541748046875,0.124755859375,-0.0079345703125,-0.00677490234375,-0.013763427734375,0.0059814453125,R,2,2026-08-24_23-25-27,2026-08-25
0.9963807455664133,1.0,0.06981981981981981,0.0,0.7006369426751592,1.0,1.0,0.0,0.0,1.0,1.0,0.549072265625,0.1072998046875,-0.028076171875,-0.020538330078125,0.006072998046875,0.001739501953125,R,2,2026-08-24_23-25-27,2026-08-25
1.0,1.0,0.04954954954954955,0.0,0.7006369426751592,1.0,1.0,0.0,0.0,1.0,1.0,0.5504150390625,0.122314453125,-0.0048828125,-0.0347900390625,-0.016693115234375,0.003143310546875,R,2,2026-08-24_23-25-27,2026-08-25
0.9949330437929786,1.0,0.04279279279279279,0.0,0.6114649681528662,1.0,1.0,0.0,0.0,1.0,1.0,0.5421142578125,0.125732421875,-0.0048828125,-0.012420654296875,-0.012786865234375,0.007354736328125,R,2,2026-08-24_23-25-27,2026-08-25
1.0,1.0,0.06531531531531531,0.0,0.6114649681528662,1.0,1.0,0.0,0.0,1.0,1.0,0.541015625,0.1214599609375,-0.005615234375,-0.00799560546875,-0.00390625,0.003448486328125,R,2,2026-08-24_23-25-27,2026-08-25
0.9985522982265653,1.0,0.033783783783783786,0.0,0.7515923566878981,1.0,1.0,0.0,0.0,1.0,1.0,0.5467529296875,0.1209716796875,-0.011474609375,-0.02130126953125,0.0,0.001373291015625,R,2,2026-08-24_23-25-27,2026-08-25
0.9963807455664133,1.0,0.04279279279279279,0.0,0.7261146496815286,1.0,1.0,0.0,0.0,1.0,1.0,0.550537109375,0.1197509765625,-0.012451171875,-0.02825927734375,-0.00933837890625,0.006988525390625,R,2,2026-08-24_23-25-27,2026-08-25
1.0,1.0,0.04054054054054054,0.0,0.6496815286624203,1.0,1.0,0.0,0.0,1.0,1.0,0.54443359375,0.1279296875,-0.0040283203125,-0.02276611328125,-0.015655517578125,0.00714111328125,R,2,2026-08-24_23-25-27,2026-08-25
0.9847991313789359,1.0,0.05405405405405406,0.0,0.6751592356687898,1.0,1.0,0.0,0.0,1.0,1.0,0.5489501953125,0.1304931640625,0.005126953125,-0.011444091796875,-0.01287841796875,0.006500244140625,R,2,2026-08-24_23-25-27,2026-08-25
0.995656894679696,1.0,0.05405405405405406,0.0,0.7261146496815286,1.0,1.0,0.0,0.0,1.0,1.0,0.5396728515625,0.1241455078125,-0.012451171875,-0.00885009765625,-0.009124755859375,0.003448486328125,R,2,2026-08-24_23-25-27,2026-08-25
0.995656894679696,1.0,0.05405405405405406,0.0,0.6369426751592356,1.0,1.0,0.0,0.0,1.0,1.0,0.546875,0.114990234375,-0.0211181640625,-0.013092041015625,-0.005157470703125,0.00341796875,R,2,2026-08-24_23-25-27,2026-08-25
1.0,1.0,0.060810810810810814,0.0,0.7515923566878981,1.0,1.0,0.0,0.0,1.0,1.0,0.5531005859375,0.1195068359375,-0.0111083984375,-0.019744873046875,-0.0194091796875,0.0015869140625,R,2,2026-08-24_23-25-27,2026-08-25
1.0,1.0,0.07432432432432433,0.0,0.6369426751592356,1.0,1.0,0.0,0.0,1.0,1.0,0.5430908203125,0.1270751953125,0.01806640625,-0.01171875,-0.036834716796875,0.005340576171875,R,2,2026-08-24_23-25-27,2026-08-25
0.9905899384726746,1.0,0.04504504504504504,0.0,0.7006369426751592,1.0,1.0,0.0,0.0,1.0,1.0,0.5384521484375,0.120361328125,-0.013671875,0.01129150390625,-0.002777099609375,-0.001373291015625,R,2,2026-08-24_23-25-27,2026-08-25
1.0,1.0,0.0472972972972973,0.0,0.6496815286624203,1.0,1.0,0.0,0.0,1.0,1.0,0.5499267578125,0.111328125,-0.0140380859375,-0.01165771484375,0.0018310546875,-0.00408935546875,R,2,2026-08-24_23-25-27,2026-08-25
0.997828447339848,1.0,0.04279279279279279,0.0,0.7261146496815286,1.0,1.0,0.0,0.0,1.0,1.0,0.551025390625,0.112060546875,-0.0113525390625,-0.027862548828125,-0.004852294921875,-0.0040283203125,R,2,2026-08-24_23-25-27,2026-08-25
0.9971045964531307,1.0,0.060810810810810814,0.0,0.7770700636942676,1.0,1.0,0.0,0.0,1.0,1.0,0.5308837890625,0.12841796875,-0.01806640625,-0.025970458984375,-0.01611328125,0.004547119140625,R,2,2026-08-24_23-25-27,2026-08-25
0.997828447339848,1.0,0.06756756756756757,0.0,0.6114649681528662,1.0,1.0,0.0,0.0,1.0,1.0,0.52880859375,0.125244140625,-0.033447265625,-0.025360107421875,0.002777099609375,0.012481689453125,R,2,2026-08-24_23-25-27,2026-08-25
1.0,1.0,0.07882882882882883,0.0,0.7388535031847133,1.0,1.0,0.0,0.0,1.0,1.0,0.5675048828125,0.091796875,-0.0516357421875,-0.029266357421875,0.057403564453125,0.013702392578125,R,2,2026-08-24_23-25-27,2026-08-25
0.9971045964531307,1.0,0.060810810810810814,0.0,0.7133757961783439,1.0,1.0,0.0,0.0,1.0,1.0,0.56689453125,0.1243896484375,0.0,-0.044708251953125,-0.00701904296875,0.009307861328125,R,2,2026-08-24_23-25-27,2026-08-25
0.9949330437929786,1.0,0.04279279279279279,0.0,0.6751592356687898,1.0,1.0,0.0,0.0,1.0,1.0,0.5469970703125,0.135498046875,0.0306396484375,-0.023162841796875,-0.029296875,0.005401611328125,R,2,2026-08-24_23-25-27,2026-08-25
0.9963807455664133,1.0,0.06981981981981981,0.0,0.6878980891719745,1.0,1.0,0.0,0.0,1.0,1.0,0.5380859375,0.1368408203125,-0.00244140625,0.0091552734375,-0.000732421875,0.005645751953125,R,2,2026-08-24_23-25-27,2026-08-25
0.993485342019544,1.0,0.033783783783783786,0.0,0.7515923566878981,1.0,1.0,0.0,0.0,1.0,1.0,0.5440673828125,0.1202392578125,-0.0047607421875,-0.00958251953125,0.012054443359375,0.0035400390625,R,2,2026-08-24_23-25-27,2026-08-25
1.0,1.0,0.038288288288288286,0.0,0.6751592356687898,1.0,1.0,0.0,0.0,1.0,1.0,0.55908203125,0.1251220703125,0.015869140625,-0.02435302734375,0.002227783203125,0.005950927734375,R,2,2026-08-24_23-25-27,2026-08-25
1.0,1.0,0.0518018018018018,0.0,0.7261146496815286,1.0,1.0,0.0,0.0,1.0,1.0,0.5504150390625,0.1304931640625,0.0118408203125,-0.024932861328125,-0.01727294921875,0.00946044921875,R,2,2026-08-24_23-25-27,2026-08-25
0.9905899384726746,1.0,0.04504504504504504,0.0,0.7388535031847133,1.0,1.0,0.0,0.0,1.0,1.0,0.5401611328125,0.132568359375,0.01611328125,-0.012298583984375,-0.03240966796875,0.01055908203125,R,2,2026-08-24_23-25-27,2026-08-25
1.0,1.0,0.0518018018018018,0.0,0.7515923566878981,1.0,1.0,0.0,0.0,1.0,1.0,0.5489501953125,0.1162109375,0.0001220703125,-0.004486083984375,-0.0074462890625,0.004119873046875,R,2,2026-08-24_23-25-27,2026-08-25
0.9963807455664133,1.0,0.05630630630630631,0.0,0.6878980891719745,1.0,1.0,0.0,0.0,1.0,1.0,0.548828125,0.1163330078125,-0.01025390625,-0.013397216796875,-0.01361083984375,0.00433349609375,R,2,2026-08-24_23-25-27,2026-08-25
1.0,1.0,0.07882882882882883,0.0,0.6369426751592356,1.0,1.0,0.0,0.0,1.0,1.0,0.5531005859375,0.1136474609375,-0.008056640625,-0.0203857421875,-0.0264892578125,0.002716064453125,R,2,2026-08-24_23-25-27,2026-08-25
0.9971045964531307,1.0,0.04504504504504504,0.0,0.8152866242038217,1.0,1.0,0.0,0.0,1.0,1.0,0.5419921875,0.124267578125,-0.010009765625,-0.010528564453125,-0.035980224609375,0.005462646484375,R,2,2026-08-24_23-25-27,2026-08-25
0.9876945349258053,1.0,0.04054054054054054,0.0,0.7006369426751592,1.0,1.0,0.0,0.0,1.0,1.0,0.5333251953125,0.1204833984375,-0.007080078125,-0.008056640625,-0.022491455078125,0.001861572265625,R,2,2026-08-24_23-25-27,2026-08-25
0.9949330437929786,1.0,0.05405405405405406,0.0,0.6114649681528662,1.0,1.0,0.0,0.0,1.0,1.0,0.543212890625,0.1104736328125,-0.04052734375,-0.011199951171875,0.01324462890625,0.0,R,2,2026-08-24_23-25-27,2026-08-25
0.995656894679696,1.0,0.04279279279279279,0.0,0.5477707006369427,1.0,1.0,0.0,0.0,1.0,1.0,0.5552978515625,0.1141357421875,-0.02197265625,-0.023040771484375,-0.000701904296875,0.000640869140625,R,2,2026-08-24_23-25-27,2026-08-25
0.9942091929062613,1.0,0.0518018018018018,0.0,0.6496815286624203,1.0,1.0,0.0,0.0,1.0,1.0,0.5467529296875,0.127685546875,-0.006591796875,-0.007568359375,-0.00701904296875,0.0001220703125,R,2,2026-08-24_23-25-27,2026-08-25
0.991313789359392,1.0,0.04954954954954955,0.0,0.7261146496815286,1.0,1.0,0.0,0.0,1.0,1.0,0.5396728515625,0.1231689453125,0.001220703125,0.005126953125,0.002288818359375,-0.0035400390625,R,2,2026-08-24_23-25-27,2026-08-25
1.0,1.0,0.08558558558558559,0.0,0.6496815286624203,1.0,1.0,0.0,0.0,1.0,1.0,0.5447998046875,0.1236572265625,-0.0194091796875,0.005279541015625,0.006988525390625,-0.0015869140625,R,2,2026-08-24_23-25-27,2026-08-25
1.0,1.0,0.0,0.0,0.7515923566878981,1.0,1.0,0.0,0.0,1.0,1.0,0.5423583984375,0.1123046875,-0.028564453125,-0.0133056640625,-0.003570556640625,-0.00128173828125,R,3,2026-08-24_23-25-27,2026-08-25
0.991313789359392,1.0,0.0,0.0,0.7515923566878981,1.0,1.0,0.0,0.0,1.0,1.0,0.5472412109375,0.114990234375,-0.007568359375,-0.00933837890625,-0.011383056640625,6.103515625e-05,R,3,2026-08-24_23-25-27,2026-08-25
0.9869706840390879,1.0,0.0,0.0,0.6242038216560509,1.0,1.0,0.0,0.0,1.0,1.0,0.543701171875,0.11865234375,-0.002197265625,0.00726318359375,-0.000274658203125,-0.002227783203125,R,3,2026-08-24_23-25-27,2026-08-25
0.9942091929062613,1.0,0.0,0.0,0.7388535031847133,1.0,1.0,0.0,0.0,1.0,1.0,0.5428466796875,0.103515625,-0.028076171875,-0.009552001953125,-0.00274658203125,-0.0068359375,R,3,2026-08-24_23-25-27,2026-08-25
0.9927614911328266,1.0,0.0,0.0,0.5859872611464968,1.0,1.0,0.0,0.0,1.0,1.0,0.551513671875,0.109130859375,-0.0264892578125,-0.02691650390625,0.005889892578125,-0.00567626953125,R,3,2026-08-24_23-25-27,2026-08-25
0.993485342019544,1.0,0.0,0.0,0.6496815286624203,1.0,1.0,0.0,0.0,1.0,1.0,0.5467529296875,0.1177978515625,-0.012939453125,-0.017974853515625,0.005889892578125,-0.00042724609375,R,3,2026-08-24_23-25-27,2026-08-25
0.9963807455664133,1.0,0.0,0.0,0.7643312101910829,1.0,1.0,0.0,0.0,1.0,1.0,0.5477294921875,0.120849609375,-0.0101318359375,-0.0062255859375,-0.0079345703125,0.00286865234375,R,3,2026-08-24_23-25-27,2026-08-25
0.9898660875859573,0.9806879903439951,0.0,0.0,0.6751592356687898,1.0,1.0,0.0,0.0,1.0,1.0,0.5458984375,0.1097412109375,-0.0130615234375,-0.00634765625,-0.00347900390625,-0.004547119140625,R,3,2026-08-24_23-25-27,2026-08-25
1.0,0.996378998189499,0.0,0.0,0.7388535031847133,1.0,1.0,0.0,0.0,1.0,1.0,0.5447998046875,0.119873046875,-0.016357421875,0.00201416015625,-9.1552734375e-05,-0.005645751953125,R,3,2026-08-24_23-25-27,2026-08-25
0.9942091929062613,1.0,0.0,0.0,0.7261146496815286,1.0,1.0,0.0,0.0,1.0,1.0,0.547119140625,0.119873046875,-0.011962890625,0.01129150390625,0.0096435546875,-0.0084228515625,R,3,2026-08-24_23-25-27,2026-08-25
0.9942091929062613,1.0,0.0,0.0,0.7770700636942676,1.0,1.0,0.0,0.0,1.0,1.0,0.54736328125,0.1219482421875,-0.0115966796875,0.0179443359375,0.0040283203125,-0.007965087890625,R,3,2026-08-24_23-25-27,2026-08-25
0.9985522982265653,1.0,0.0,0.0,0.6624203821656051,1.0,1.0,0.0,0.0,1.0,1.0,0.5438232421875,0.1070556640625,-0.040283203125,0.024078369140625,0.011322021484375,-0.009185791015625,R,3,2026-08-24_23-25-27,2026-08-25
1.0,1.0,0.0,0.0,0.8535031847133758,1.0,1.0,0.0,0.0,1.0,1.0,0.5462646484375,0.1119384765625,-0.0279541015625,0.002197265625,0.000396728515625,-0.00848388671875,R,3,2026-08-24_23-25-27,2026-08-25
0.993485342019544,1.0,0.0,0.0,0.7643312101910829,1.0,1.0,0.0,0.0,1.0,1.0,0.5460205078125,0.11083984375,-0.0177001953125,0.011871337890625,0.021942138671875,-0.00677490234375,R,3,2026-08-24_23-25-27,2026-08-25
0.9927614911328266,1.0,0.0,0.0,0.7261146496815286,1.0,1.0,0.0,0.0,1.0,1.0,0.547607421875,0.1134033203125,0.00341796875,0.000762939453125,0.010894775390625,-0.009033203125,R,3,2026-08-24_23-25-27,2026-08-25
0.9862468331523706,1.0,0.0,0.0,0.7388535031847133,1.0,1.0,0.0,0.0,1.0,1.0,0.5467529296875,0.1243896484375,-0.000244140625,0.0009765625,0.01104736328125,-0.007171630859375,R,3,2026-08-24_23-25-27,2026-08-25
0.9920376402461093,1.0,0.0,0.0,0.7006369426751592,1.0,1.0,0.0,0.0,1.0,1.0,0.555419921875,0.117431640625,0.007568359375,-0.0111083984375,0.006134033203125,-0.005218505859375,R,3,2026-08-24_23-25-27,2026-08-25
0.993485342019544,1.0,0.0,0.0,0.6624203821656051,1.0,1.0,0.0,0.0,1.0,1.0,0.5496826171875,0.1240234375,0.0069580078125,-0.01483154296875,-0.0079345703125,-0.00030517578125,R,3,2026-08-24_23-25-27,2026-08-25
0.9905899384726746,1.0,0.0,0.0,0.6114649681528662,1.0,1.0,0.0,0.0,1.0,1.0,0.5440673828125,0.1214599609375,-0.005615234375,-0.009979248046875,-0.0059814453125,0.000152587890625,R,3,2026-08-24_23-25-27,2026-08-25
0.9949330437929786,1.0,0.0,0.0,0.5987261146496815,1.0,1.0,0.0,0.0,1.0,1.0,0.5419921875,0.1309814453125,-0.016845703125,-0.017181396484375,-0.008880615234375,-6.103515625e-05,R,3,2026-08-24_23-25-27,2026-08-25
1.0,1.0,0.0,0.0,0.6624203821656051,1.0,1.0,0.0,0.0,1.0,1.0,0.5433349609375,0.1300048828125,-0.0206298828125,0.0009765625,-0.00347900390625,-3.0517578125e-05,R,3,2026-08-24_23-25-27,2026-08-25
0.9905899384726746,1.0,0.0,0.0,0.6878980891719745,1.0,1.0,0.0,0.0,1.0,1.0,0.5457763671875,0.1214599609375,-0.0220947265625,-0.000885009765625,-0.003814697265625,-0.002655029296875,R,3,2026-08-24_23-25-27,2026-08-25
0.9884183858125226,1.0,0.0,0.0,0.43312101910828027,1.0,1.0,0.0,0.0,1.0,1.0,0.546630859375,0.1263427734375,-0.0108642578125,0.0015869140625,-0.006683349609375,-0.00433349609375,R,3,2026-08-24_23-25-27,2026-08-25
0.9949330437929786,1.0,0.0,0.0,0.7515923566878981,1.0,1.0,0.0,0.0,1.0,1.0,0.5377197265625,0.125244140625,-0.009765625,0.006317138671875,-0.000640869140625,-0.004852294921875,R,3,2026-08-24_23-25-27,2026-08-25
0.9840752804922186,1.0,0.0,0.0,0.6878980891719745,1.0,1.0,0.0,0.0,1.0,1.0,0.5433349609375,0.113037109375,-0.0252685546875,-0.0042724609375,0.00616455078125,-0.00372314453125,R,3,2026-08-24_23-25-27,2026-08-25
0.9971045964531307,0.9975859987929994,0.0,0.0,0.6369426751592356,1.0,1.0,0.0,0.0,1.0,1.0,0.5511474609375,0.109619140625,-0.0218505859375,-0.013031005859375,0.017608642578125,-0.0064697265625,R,3,2026-08-24_23-25-27,2026-08-25
0.9884183858125226,1.0,0.0,0.0,0.6242038216560509,1.0,1.0,0.0,0.0,1.0,1.0,0.5489501953125,0.1162109375,-0.00732421875,-0.00518798828125,0.00518798828125,-0.003509521484375,R,3,2026-08-24_23-25-27,2026-08-25
0.9992761491132827,1.0,0.0,0.0,0.6369426751592356,1.0,1.0,0.0,0.0,1.0,1.0,0.5440673828125,0.10888671875,-0.01904296875,0.0084228515625,0.014801025390625,-0.008941650390625,R,3,2026-08-24_23-25-27,2026-08-25
0.9869706840390879,1.0,0.0,0.0,0.6751592356687898,1.0,1.0,0.0,0.0,1.0,1.0,0.5462646484375,0.10595703125,-0.0208740234375,0.01702880859375,0.020599365234375,-0.01361083984375,R,3,2026-08-24_23-25-27,2026-08-25
0.9876945349258053,1.0,0.0,0.0,0.6878980891719745,1.0,1.0,0.0,0.0,1.0,1.0,0.552001953125,0.097900390625,-0.02783203125,0.012054443359375,0.019744873046875,-0.0159912109375,R,3,2026-08-24_23-25-27,2026-08-25
1.0,1.0,0.0,0.0,0.40764331210191085,1.0,1.0,0.0,0.0,1.0,1.0,0.56201171875,0.0943603515625,-0.0281982421875,0.003875732421875,0.04315185546875,-0.0208740234375,R,3,2026-08-24_23-25-27,2026-08-25
0.997828447339848,1.0,0.0,0.0,0.7261146496815286,1.0,1.0,0.0,0.0,1.0,1.0,0.5565185546875,0.113525390625,-0.0115966796875,-0.0059814453125,0.040252685546875,-0.016510009765625,R,3,2026-08-24_23-25-27,2026-08-25
0.9898660875859573,1.0,0.0,0.0,0.5987261146496815,1.0,1.0,0.0,0.0,1.0,1.0,0.5416259765625,0.117431640625,0.0054931640625,-0.009613037109375,0.039886474609375,-0.013946533203125,R,3,2026-08-24_23-25-27,2026-08-25
0.9833514296055013,1.0,0.0,0.0,0.6369426751592356,1.0,1.0,0.0,0.0,1.0,1.0,0.5205078125,0.1220703125,0.0081787109375,-0.016845703125,0.04052734375,-0.015228271484375,R,3,2026-08-24_23-25-27,2026-08-25
0.9927614911328266,1.0,0.0,0.0,0.6496815286624203,1.0,1.0,0.0,0.0,1.0,1.0,0.5277099609375,0.1185302734375,0.03515625,-0.02392578125,0.035980224609375,-0.011260986328125,R,3,2026-08-24_23-25-27,2026-08-25
0.9840752804922186,1.0,0.0,0.0,0.6751592356687898,1.0,1.0,0.0,0.0,1.0,1.0,0.5211181640625,0.132080078125,0.0301513671875,-0.01324462890625,0.01470947265625,-0.005889892578125,R,3,2026-08-24_23-25-27,2026-08-25
0.9898660875859573,1.0,0.0,0.0,0.6624203821656051,1.0,1.0,0.0,0.0,1.0,1.0,0.529541015625,0.121337890625,0.0244140625,-0.012542724609375,0.025115966796875,-0.010009765625,R,3,2026-08-24_23-25-27,2026-08-25
0.9826275787187839,1.0,0.0,0.0,0.7515923566878981,1.0,1.0,0.0,0.0,1.0,1.0,0.5496826171875,0.1241455078125,0.0296630859375,-0.019195556640625,0.020172119140625,-0.014617919921875,R,3,2026-08-24_23-25-27,2026-08-25
0.9840752804922186,1.0,0.0,0.0,0.6242038216560509,1.0,1.0,0.0,0.0,1.0,1.0,0.5572509765625,0.128662109375,0.0286865234375,-0.011810302734375,0.005279541015625,-0.011749267578125,R,3,2026-08-24_23-25-27,2026-08-25
0.9949330437929786,1.0,0.0,0.0,0.6496815286624203,1.0,1.0,0.0,0.0,1.0,1.0,0.5623779296875,0.1256103515625,0.012451171875,-0.00823974609375,0.003997802734375,-0.014739990234375,R,3,2026-08-24_23-25-27,2026-08-25
0.993485342019544,1.0,0.43243243243243246,0.0,0.22929936305732485,1.0,1.0,0.0,1.0,0.0,1.0,0.52783203125,0.1527099609375,0.0057373046875,-0.0045166015625,3.0517578125e-05,0.002349853515625,R,4,2026-08-24_23-25-27,2026-08-25
0.995656894679696,1.0,0.4346846846846847,0.0,0.22929936305732485,1.0,1.0,0.0,1.0,0.0,1.0,0.53759765625,0.142333984375,-0.0001220703125,-0.01416015625,0.016265869140625,0.005859375,R,4,2026-08-24_23-25-27,2026-08-25
0.9905899384726746,1.0,0.4189189189189189,0.0,0.21656050955414013,1.0,1.0,0.0,1.0,0.0,1.0,0.5528564453125,0.140625,0.0087890625,-0.04083251953125,-0.013824462890625,0.00445556640625,R,4,2026-08-24_23-25-27,2026-08-25
0.9985522982265653,1.0,0.42567567567567566,0.0,0.16560509554140126,1.0,1.0,0.0,1.0,0.0,1.0,0.5389404296875,0.1468505859375,0.0057373046875,-0.028961181640625,-0.024993896484375,0.00689697265625,R,4,2026-08-24_23-25-27,2026-08-25
0.9949330437929786,1.0,0.40765765765765766,0.0,0.24203821656050956,1.0,1.0,0.0,1.0,0.0,1.0,0.53369140625,0.14990234375,0.021240234375,-0.001312255859375,-0.021881103515625,0.011322021484375,R,4,2026-08-24_23-25-27,2026-08-25
0.9942091929062613,1.0,0.4346846846846847,0.0,0.21656050955414013,1.0,1.0,0.0,1.0,0.0,1.0,0.5450439453125,0.121826171875,0.0010986328125,-0.023345947265625,0.0059814453125,0.004486083984375,R,4,2026-08-24_23-25-27,2026-08-25
0.9898660875859573,1.0,0.4009009009009009,0.0,0.2802547770700637,1.0,1.0,0.0,1.0,0.0,1.0,0.5501708984375,0.142333984375,0.013671875,-0.054840087890625,-0.0166015625,0.004486083984375,R,4,2026-08-24_23-25-27,2026-08-25
0.9942091929062613,1.0,0.4009009009009009,0.0,0.22929936305732485,1.0,1.0,0.0,1.0,0.0,1.0,0.54248046875,0.148681640625,0.0279541015625,-0.04693603515625,-0.03643798828125,0.002716064453125,R,4,2026-08-24_23-25-27,2026-08-25
0.993485342019544,1.0,0.41216216216216217,0.0,0.20382165605095542,1.0,1.0,0.0,1.0,0.0,1.0,0.53515625,0.144775390625,0.0152587890625,-0.014556884765625,-0.020965576171875,0.00018310546875,R,4,2026-08-24_23-25-27,2026-08-25
0.9898660875859573,1.0,0.4099099099099099,0.0,0.267515923566879,1.0,1.0,0.0,1.0,0.0,1.0,0.5281982421875,0.1441650390625,-0.0096435546875,-0.002899169921875,-0.00494384765625,0.003631591796875,R,4,2026-08-24_23-25-27,2026-08-25
0.9963807455664133,1.0,0.39864864864864863,0.0,0.20382165605095542,1.0,1.0,0.0,1.0,0.0,1.0,0.549560546875,0.1259765625,-0.013916015625,-0.026397705078125,-0.00439453125,0.002960205078125,R,4,2026-08-24_23-25-27,2026-08-25
0.9927614911328266,1.0,0.4144144144144144,0.0,0.24203821656050956,1.0,1.0,0.0,1.0,0.0,1.0,0.5408935546875,0.1397705078125,-0.0045166015625,-0.044281005859375,-0.025360107421875,-0.00103759765625,R,4,2026-08-24_23-25-27,2026-08-25
0.995656894679696,1.0,0.40315315315315314,0.0,0.267515923566879,1.0,1.0,0.0,1.0,0.0,1.0,0.5377197265625,0.154296875,-0.0030517578125,-0.024200439453125,-0.01953125,-0.002471923828125,R,4,2026-08-24_23-25-27,2026-08-25
0.9920376402461093,1.0,0.4009009009009009,0.0,0.21656050955414013,1.0,1.0,0.0,1.0,0.0,1.0,0.5338134765625,0.154541015625,-0.0093994140625,0.001617431640625,0.003997802734375,-0.002410888671875,R,4,2026-08-24_23-25-27,2026-08-25
0.9971045964531307,1.0,0.4009009009009009,0.0,0.16560509554140126,1.0,1.0,0.0,1.0,0.0,1.0,0.5400390625,0.1444091796875,-0.0089111328125,9.1552734375e-05,0.00830078125,-0.001800537109375,R,4,2026-08-24_23-25-27,2026-08-25
0.997828447339848,1.0,0.40315315315315314,0.0,0.2929936305732484,1.0,1.0,0.0,1.0,0.0,1.0,0.5462646484375,0.147705078125,-0.0032958984375,-0.02728271484375,-0.017120361328125,-0.003631591796875,R,4,2026-08-24_23-25-27,2026-08-25
0.9992761491132827,1.0,0.4189189189189189,0.0,0.16560509554140126,1.0,1.0,0.0,1.0,0.0,1.0,0.5357666015625,0.161376953125,0.0023193359375,-0.010894775390625,-0.01287841796875,0.001708984375,R,4,2026-08-24_23-25-27,2026-08-25
0.9992761491132827,1.0,0.39864864864864863,0.0,0.17834394904458598,1.0,1.0,0.0,1.0,0.0,1.0,0.5369873046875,0.1474609375,0.0067138671875,0.001495361328125,0.0013427734375,0.003753662109375,R,4,2026-08-24_23-25-27,2026-08-25
0.9963807455664133,1.0,0.40315315315315314,0.0,0.16560509554140126,1.0,1.0,0.0,1.0,0.0,1.0,0.539794921875,0.14208984375,0.0079345703125,0.00048828125,0.003662109375,0.00531005859375,R,4,2026-08-24_23-25-27,2026-08-25
0.9963807455664133,1.0,0.4009009009009009,0.0,0.20382165605095542,1.0,1.0,0.0,1.0,0.0,1.0,0.5528564453125,0.130615234375,0.0107421875,-0.001953125,-0.00299072265625,-0.00299072265625,R,4,2026-08-24_23-25-27,2026-08-25
0.9963807455664133,1.0,0.40315315315315314,0.0,0.07643312101910828,1.0,1.0,0.0,1.0,0.0,1.0,0.5404052734375,0.1412353515625,0.0189208984375,-0.01202392578125,-0.03009033203125,-0.003082275390625,R,4,2026-08-24_23-25-27,2026-08-25
0.993485342019544,1.0,0.38738738738738737,0.0,0.1910828025477707,1.0,1.0,0.0,1.0,0.0,1.0,0.53759765625,0.1485595703125,0.0194091796875,0.000152587890625,-0.02099609375,-0.0076904296875,R,4,2026-08-24_23-25-27,2026-08-25
0.997828447339848,1.0,0.4009009009009009,0.0,0.20382165605095542,1.0,1.0,0.0,1.0,0.0,1.0,0.541259765625,0.13818359375,0.0098876953125,-0.00927734375,-0.0025634765625,-0.004913330078125,R,4,2026-08-24_23-25-27,2026-08-25
0.9971045964531307,1.0,0.4009009009009009,0.0,0.24203821656050956,1.0,1.0,0.0,1.0,0.0,1.0,0.5428466796875,0.1435546875,0.00390625,-0.029205322265625,-0.007476806640625,-0.00115966796875,R,4,2026-08-24_23-25-27,2026-08-25
0.9963807455664133,1.0,0.3918918918918919,0.0,0.22929936305732485,1.0,1.0,0.0,1.0,0.0,1.0,0.5445556640625,0.14404296875,0.001708984375,-0.0286865234375,-0.025054931640625,0.001953125,R,4,2026-08-24_23-25-27,2026-08-25
0.991313789359392,1.0,0.38963963963963966,0.0,0.17834394904458598,1.0,1.0,0.0,1.0,0.0,1.0,0.5394287109375,0.1475830078125,0.00830078125,-0.007781982421875,-0.025482177734375,-0.00238037109375,R,4,2026-08-24_23-25-27,2026-08-25
0.9971045964531307,1.0,0.40540540540540543,0.0,0.21656050955414013,1.0,1.0,0.0,1.0,0.0,1.0,0.531494140625,0.1463623046875,0.0023193359375,0.002899169921875,-0.0208740234375,-0.009002685546875,R,4,2026-08-24_23-25-27,2026-08-25
0.9927614911328266,1.0,0.38063063063063063,0.0,0.21656050955414013,1.0,1.0,0.0,1.0,0.0,1.0,0.537841796875,0.14306640625,-0.010986328125,0.003814697265625,0.01068115234375,3.0517578125e-05,R,4,2026-08-24_23-25-27,2026-08-25
1.0,1.0,0.38513513513513514,0.0,0.2802547770700637,1.0,1.0,0.0,1.0,0.0,1.0,0.542236328125,0.140869140625,-0.009765625,-0.026153564453125,-0.00201416015625,0.003082275390625,R,4,2026-08-24_23-25-27,2026-08-25
0.9855229822656533,1.0,0.3716216216216216,0.0,0.267515923566879,1.0,1.0,0.0,1.0,0.0,1.0,0.546630859375,0.145751953125,-0.00537109375,-0.03619384765625,-0.019500732421875,0.00244140625,R,4,2026-08-24_23-25-27,2026-08-25
0.9905899384726746,1.0,0.40765765765765766,0.0,0.21656050955414013,1.0,1.0,0.0,1.0,0.0,1.0,0.533935546875,0.15234375,0.0067138671875,-0.000946044921875,-0.01129150390625,-0.0048828125,R,4,2026-08-24_23-25-27,2026-08-25
0.995656894679696,1.0,0.4009009009009009,0.0,0.1910828025477707,1.0,1.0,1.0,1.0,1.0,1.0,0.53369140625,0.1549072265625,0.00537109375,0.021881103515625,0.00665283203125,-0.007598876953125,R,4,2026-08-24_23-25-27,2026-08-25
0.9905899384726746,1.0,0.4009009009009009,0.0,0.2929936305732484,1.0,1.0,0.0,1.0,0.0,1.0,0.542236328125,0.145263671875,0.0062255859375,0.010284423828125,0.0025634765625,-0.007415771484375,R,4,2026-08-24_23-25-27,2026-08-25
0.995656894679696,1.0,0.38963963963963966,0.0,0.21656050955414013,1.0,1.0,0.0,1.0,0.0,1.0,0.5443115234375,0.1453857421875,0.0069580078125,-0.00360107421875,-0.015533447265625,-0.00323486328125,R,4,2026-08-24_23-25-27,2026-08-25
0.9942091929062613,1.0,0.36936936936936937,0.0,0.17834394904458598,1.0,1.0,0.0,1.0,0.0,1.0,0.53173828125,0.1636962890625,0.0281982421875,-0.005950927734375,-0.01904296875,0.009613037109375,R,4,2026-08-24_23-25-27,2026-08-25
0.9927614911328266,1.0,0.3963963963963964,0.0,0.24203821656050956,1.0,1.0,0.0,1.0,0.0,1.0,0.526123046875,0.1546630859375,-0.0106201171875,0.0037841796875,-0.00018310546875,0.0108642578125,R,4,2026-08-24_23-25-27,2026-08-25
0.9942091929062613,1.0,0.3918918918918919,0.0,0.14012738853503184,1.0,1.0,0.0,1.0,0.0,1.0,0.5484619140625,0.134521484375,-0.0491943359375,-0.01776123046875,0.007537841796875,0.00927734375,R,4,2026-08-24_23-25-27,2026-08-25
0.9963807455664133,1.0,0.38963963963963966,0.0,0.2802547770700637,1.0,1.0,0.0,1.0,0.0,1.0,0.5557861328125,0.1507568359375,0.0062255859375,-0.02825927734375,-0.011199951171875,0.001220703125,R,4,2026-08-24_23-25-27,2026-08-25
0.9949330437929786,1.0,0.38738738738738737,0.0,0.267515923566879,1.0,1.0,0.0,1.0,0.0,1.0,0.5455322265625,0.152587890625,0.0504150390625,-0.005889892578125,-0.030364990234375,-0.00372314453125,R,4,2026-08-24_23-25-27,2026-08-25
0.9949330437929786,1.0,0.4009009009009009,0.0,0.22929936305732485,1.0,1.0,0.0,1.0,0.0,1.0,0.5323486328125,0.1572265625,0.008544921875,0.005584716796875,-0.01641845703125,-0.002227783203125,R,4,2026-08-24_23-25-27,2026-08-25
0.9717698154180239,0.9806879903439951,1.0,1.0,1.0,1.0,1.0,1.0,1.0,1.0,0.0,0.54931640625,0.1385498046875,0.0460205078125,-0.022430419921875,-0.02227783203125,0.01251220703125,S,0,2026-08-24_23-25-27,2026-08-25
0.9797321751719146,0.975859987929994,1.0,1.0,1.0,1.0,1.0,1.0,1.0,1.0,0.0,0.5445556640625,0.12353515625,0.03515625,-0.022125244140625,-0.0286865234375,0.00994873046875,S,0,2026-08-24_23-25-27,2026-08-25
0.9703221136445892,0.9698249849124925,1.0,1.0,1.0,1.0,1.0,1.0,1.0,1.0,0.0,0.541748046875,0.130126953125,0.0186767578125,-0.025970458984375,-0.02508544921875,0.00506591796875,S,0,2026-08-24_23-25-27,2026-08-25
0.9963807455664133,0.9794809897404949,1.0,1.0,1.0,1.0,1.0,1.0,1.0,1.0,0.0,0.543701171875,0.139892578125,0.0177001953125,-0.021881103515625,-0.0162353515625,0.006439208984375,S,0,2026-08-24_23-25-27,2026-08-25
0.9703221136445892,0.9734459867229933,1.0,1.0,1.0,1.0,1.0,1.0,1.0,1.0,0.0,0.5450439453125,0.1265869140625,0.0068359375,-0.017822265625,-0.00787353515625,0.011138916015625,S,0,2026-08-24_23-25-27,2026-08-25
0.9797321751719146,0.9674109837054918,1.0,1.0,1.0,1.0,1.0,1.0,1.0,1.0,0.0,0.5482177734375,0.1270751953125,0.013671875,-0.01953125,-0.01141357421875,0.008331298828125,S,0,2026-08-24_23-25-27,2026-08-25
0.9732175171914585,0.9770669885334943,1.0,1.0,1.0,1.0,1.0,1.0,1.0,1.0,0.0,0.5416259765625,0.129150390625,0.0155029296875,-0.01556396484375,-0.007568359375,0.010772705078125,S,0,2026-08-24_23-25-27,2026-08-25
0.9703221136445892,0.9770669885334943,1.0,1.0,1.0,1.0,1.0,1.0,1.0,1.0,0.0,0.5477294921875,0.12451171875,0.014404296875,-0.00994873046875,-0.00213623046875,0.009857177734375,S,0,2026-08-24_23-25-27,2026-08-25
0.9753890698516106,0.9806879903439951,1.0,1.0,1.0,1.0,1.0,1.0,1.0,1.0,0.0,0.5433349609375,0.1170654296875,0.01708984375,-0.014617919921875,0.005462646484375,0.006744384765625,S,0,2026-08-24_23-25-27,2026-08-25
0.9833514296055013,0.9806879903439951,1.0,1.0,1.0,1.0,1.0,1.0,1.0,1.0,0.0,0.5426025390625,0.12841796875,0.0234375,-0.0155029296875,0.001678466796875,0.003875732421875,S,0,2026-08-24_23-25-27,2026-08-25
0.9739413680781759,0.9806879903439951,1.0,1.0,1.0,1.0,1.0,1.0,1.0,1.0,0.0,0.550048828125,0.130615234375,0.0367431640625,-0.00909423828125,0.005401611328125,0.00860595703125,S,0,2026-08-24_23-25-27,2026-08-25
0.9710459645313065,0.9806879903439951,1.0,1.0,1.0,1.0,1.0,1.0,1.0,1.0,0.0,0.54833984375,0.117919921875,0.02734375,-0.010833740234375,0.0003662109375,0.007080078125,S,0,2026-08-24_23-25-27,2026-08-25
0.9739413680781759,0.9818949909474954,1.0,1.0,1.0,1.0,1.0,1.0,1.0,1.0,0.0,0.5380859375,0.1240234375,0.03759765625,-0.019775390625,-0.001129150390625,0.00042724609375,S,0,2026-08-24_23-25-27,2026-08-25
0.9681505609844372,0.9770669885334943,1.0,1.0,1.0,1.0,1.0,1.0,1.0,1.0,0.0,0.5435791015625,0.1339111328125,0.0419921875,-0.013397216796875,0.00048828125,0.003204345703125,S,0,2026-08-24_23-25-27,2026-08-25
0.9645313065508505,0.9734459867229933,1.0,1.0,1.0,1.0,1.0,1.0,1.0,1.0,0.0,0.5452880859375,0.135498046875,0.0494384765625,-0.011932373046875,-0.00421142578125,0.009796142578125,S,0,2026-08-24_23-25-27,2026-08-25
0.9739413680781759,0.9734459867229933,1.0,1.0,1.0,1.0,1.0,1.0,1.0,1.0,0.0,0.5423583984375,0.126953125,0.0462646484375,-0.01397705078125,-0.016204833984375,0.00909423828125,S,0,2026-08-24_23-25-27,2026-08-25
0.9761129207383279,0.9806879903439951,1.0,1.0,1.0,1.0,1.0,1.0,1.0,1.0,0.0,0.544921875,0.1298828125,0.035400390625,-0.022430419921875,-0.01495361328125,0.004638671875,S,0,2026-08-24_23-25-27,2026-08-25
0.9833514296055013,0.9794809897404949,1.0,1.0,1.0,1.0,1.0,1.0,1.0,1.0,0.0,0.5506591796875,0.1331787109375,0.0372314453125,-0.02166748046875,-0.009765625,0.007354736328125,S,0,2026-08-24_23-25-27,2026-08-25
0.9761129207383279,0.9782739891369946,1.0,1.0,1.0,1.0,1.0,1.0,1.0,1.0,0.0,0.5469970703125,0.1298828125,0.034912109375,-0.016510009765625,-0.0118408203125,0.010101318359375,S,0,2026-08-24_23-25-27,2026-08-25
0.9819037278320666,0.9770669885334943,1.0,1.0,1.0,1.0,1.0,1.0,1.0,1.0,0.0,0.549072265625,0.12060546875,0.0262451171875,-0.006072998046875,-0.016021728515625,0.008270263671875,S,0,2026-08-24_23-25-27,2026-08-25
0.9695982627578719,0.9674109837054918,1.0,1.0,1.0,1.0,1.0,1.0,1.0,1.0,0.0,0.545166015625,0.11767578125,0.0252685546875,-0.01275634765625,-0.02301025390625,0.001678466796875,S,0,2026-08-24_23-25-27,2026-08-25
0.9652551574375678,0.9722389861194931,1.0,1.0,1.0,1.0,1.0,1.0,1.0,1.0,0.0,0.542236328125,0.1295166015625,0.0203857421875,-0.008331298828125,-0.0167236328125,0.00677490234375,S,0,2026-08-24_23-25-27,2026-08-25
0.9717698154180239,0.9806879903439951,1.0,1.0,1.0,1.0,1.0,1.0,1.0,1.0,0.0,0.550048828125,0.1121826171875,0.0159912109375,-0.0128173828125,-0.0126953125,0.00555419921875,S,0,2026-08-24_23-25-27,2026-08-25
0.9811798769453492,0.9746529873264936,1.0,1.0,1.0,1.0,1.0,1.0,1.0,1.0,0.0,0.5438232421875,0.1239013671875,0.021240234375,-0.0240478515625,-0.008636474609375,0.002838134765625,S,0,2026-08-24_23-25-27,2026-08-25
0.9688744118711545,0.9770669885334943,1.0,1.0,1.0,1.0,1.0,1.0,1.0,1.0,0.0,0.5479736328125,0.123291015625,0.0167236328125,-0.01068115234375,-0.0029296875,0.00335693359375,S,0,2026-08-24_23-25-27,2026-08-25
0.9833514296055013,0.9734459867229933,1.0,1.0,1.0,1.0,1.0,1.0,1.0,1.0,0.0,0.548828125,0.12255859375,0.0213623046875,-0.01812744140625,-0.00341796875,0.00164794921875,S,0,2026-08-24_23-25-27,2026-08-25
0.9667028592110025,0.9770669885334943,1.0,1.0,1.0,1.0,1.0,1.0,1.0,1.0,0.0,0.544921875,0.13623046875,0.028076171875,-0.008575439453125,-0.00555419921875,0.003814697265625,S,0,2026-08-24_23-25-27,2026-08-25
0.9681505609844372,0.9806879903439951,1.0,1.0,1.0,1.0,1.0,1.0,1.0,1.0,0.0,0.5523681640625,0.1285400390625,0.0313720703125,-0.002777099609375,-0.00244140625,0.003875732421875,S,0,2026-08-24_23-25-27,2026-08-25
0.9703221136445892,0.9698249849124925,1.0,1.0,1.0,1.0,1.0,1.0,1.0,1.0,0.0,0.545166015625,0.125732421875,0.0323486328125,-0.018218994140625,-0.003448486328125,-0.000579833984375,S,0,2026-08-24_23-25-27,2026-08-25
0.9695982627578719,0.9806879903439951,1.0,1.0,1.0,1.0,1.0,1.0,1.0,1.0,0.0,0.5435791015625,0.1387939453125,0.0322265625,-0.0101318359375,-0.006561279296875,0.004669189453125,S,0,2026-08-24_23-25-27,2026-08-25
0.9703221136445892,0.9770669885334943,1.0,1.0,1.0,1.0,1.0,1.0,1.0,1.0,0.0,0.545166015625,0.1256103515625,0.032470703125,-0.0130615234375,-0.00421142578125,0.008880615234375,S,0,2026-08-24_23-25-27,2026-08-25
0.9724936663047412,0.9806879903439951,1.0,1.0,1.0,1.0,1.0,1.0,1.0,1.0,0.0,0.5413818359375,0.1300048828125,0.02685546875,-0.01580810546875,-0.0084228515625,0.004852294921875,S,0,2026-08-24_23-25-27,2026-08-25
0.9667028592110025,0.9806879903439951,1.0,1.0,1.0,1.0,1.0,1.0,1.0,1.0,0.0,0.544921875,0.127685546875,0.033447265625,-0.0081787109375,-0.007904052734375,0.00592041015625,S,0,2026-08-24_23-25-27,2026-08-25
0.9753890698516106,0.9770669885334943,1.0,1.0,1.0,1.0,1.0,1.0,1.0,1.0,0.0,0.54541015625,0.12255859375,0.0301513671875,-0.015533447265625,-0.009613037109375,0.0010986328125,S,0,2026-08-24_23-25-27,2026-08-25
0.9695982627578719,0.9613759806879904,1.0,1.0,1.0,1.0,1.0,1.0,1.0,1.0,0.0,0.54150390625,0.1292724609375,0.0286865234375,-0.019378662109375,-0.008544921875,0.002197265625,S,0,2026-08-24_23-25-27,2026-08-25
0.9638074556641332,0.9734459867229933,1.0,1.0,1.0,1.0,1.0,1.0,1.0,1.0,0.0,0.543212890625,0.122802734375,0.0264892578125,-0.01531982421875,-0.011932373046875,0.003265380859375,S,0,2026-08-24_23-25-27,2026-08-25
0.9739413680781759,0.9722389861194931,1.0,1.0,1.0,1.0,1.0,1.0,1.0,1.0,0.0,0.5438232421875,0.1171875,0.0191650390625,-0.021270751953125,-0.0103759765625,6.103515625e-05,S,0,2026-08-24_23-25-27,2026-08-25
0.9724936663047412,0.9806879903439951,1.0,1.0,1.0,1.0,1.0,1.0,1.0,1.0,0.0,0.53955078125,0.1280517578125,0.0274658203125,-0.020355224609375,-0.008697509765625,-0.002197265625,S,0,2026-08-24_23-25-27,2026-08-25
0.9717698154180239,0.9770669885334943,1.0,1.0,1.0,1.0,1.0,1.0,1.0,1.0,0.0,0.544921875,0.1314697265625,0.029296875,-0.014068603515625,-0.00335693359375,0.00189208984375,S,0,2026-08-24_23-25-27,2026-08-25
0.9732175171914585,0.9794809897404949,1.0,1.0,1.0,1.0,1.0,1.0,1.0,1.0,0.0,0.5458984375,0.1287841796875,0.030029296875,-0.017425537109375,-0.008026123046875,0.001220703125,S,0,2026-08-24_23-25-27,2026-08-25
0.9985522982265653,0.9855159927579964,1.0,1.0,1.0,1.0,1.0,1.0,0.0,1.0,0.0,0.534912109375,0.1500244140625,0.0164794921875,0.022857666015625,0.005035400390625,0.004913330078125,S,1,2026-08-24_23-25-27,2026-08-25
1.0,0.9975859987929994,1.0,1.0,1.0,1.0,1.0,1.0,0.0,1.0,0.0,0.5439453125,0.138671875,0.009033203125,0.00286865234375,0.0047607421875,0.0020751953125,S,1,2026-08-24_23-25-27,2026-08-25
1.0,0.9831019915509958,1.0,1.0,1.0,1.0,1.0,1.0,0.0,1.0,0.0,0.5404052734375,0.1473388671875,0.022705078125,-0.0146484375,0.007843017578125,-0.000274658203125,S,1,2026-08-24_23-25-27,2026-08-25
1.0,0.9806879903439951,1.0,1.0,1.0,1.0,1.0,1.0,1.0,1.0,0.0,0.5374755859375,0.1466064453125,0.0128173828125,-0.01702880859375,0.013275146484375,0.005279541015625,S,1,2026-08-24_23-25-27,2026-08-25
0.997828447339848,0.9770669885334943,1.0,1.0,1.0,1.0,1.0,1.0,1.0,1.0,0.0,0.5421142578125,0.1439208984375,0.0118408203125,-0.024322509765625,0.02020263671875,0.004150390625,S,1,2026-08-24_23-25-27,2026-08-25
0.997828447339848,0.9806879903439951,1.0,1.0,1.0,1.0,1.0,1.0,1.0,1.0,0.0,0.5450439453125,0.14697265625,0.019287109375,-0.029937744140625,0.010711669921875,0.0025634765625,S,1,2026-08-24_23-25-27,2026-08-25
1.0,0.9806879903439951,1.0,1.0,1.0,1.0,1.0,1.0,1.0,1.0,0.0,0.545654296875,0.1488037109375,0.0281982421875,-0.018524169921875,-0.00897216796875,0.006927490234375,S,1,2026-08-24_23-25-27,2026-08-25
1.0,0.963789981894991,1.0,1.0,1.0,0.0,0.0,0.0,0.0,1.0,0.0,0.5389404296875,0.1376953125,0.0147705078125,-0.011627197265625,-0.013336181640625,0.011199951171875,S,1,2026-08-24_23-25-27,2026-08-25
0.9971045964531307,0.975859987929994,1.0,1.0,1.0,0.0,0.0,0.0,0.0,1.0,0.0,0.5333251953125,0.134033203125,0.005859375,-0.008270263671875,-0.00238037109375,0.00775146484375,S,1,2026-08-24_23-25-27,2026-08-25
1.0,0.9806879903439951,1.0,1.0,1.0,0.0,0.0,0.0,0.0,1.0,0.0,0.5294189453125,0.13232421875,0.0023193359375,-0.01251220703125,0.027740478515625,-0.00079345703125,S,1,2026-08-24_23-25-27,2026-08-25
0.9992761491132827,0.9770669885334943,1.0,1.0,1.0,0.0,0.0,0.0,0.0,1.0,0.0,0.5577392578125,0.142578125,0.0238037109375,-0.0255126953125,0.02178955078125,-0.0009765625,S,1,2026-08-24_23-25-27,2026-08-25
0.9992761491132827,0.9698249849124925,1.0,1.0,1.0,1.0,1.0,1.0,1.0,1.0,0.0,0.5526123046875,0.1392822265625,0.025390625,-0.01983642578125,-0.00946044921875,0.007293701171875,S,1,2026-08-24_23-25-27,2026-08-25
0.997828447339848,0.9746529873264936,1.0,1.0,1.0,1.0,1.0,1.0,1.0,1.0,0.0,0.53369140625,0.13818359375,0.015380859375,-0.014923095703125,-0.017852783203125,0.009735107421875,S,1,2026-08-24_23-25-27,2026-08-25
0.9963807455664133,0.9698249849124925,1.0,1.0,1.0,1.0,1.0,1.0,1.0,1.0,0.0,0.531005859375,0.13720703125,0.0106201171875,-0.0128173828125,0.00360107421875,0.00177001953125,S,1,2026-08-24_23-25-27,2026-08-25
1.0,0.9734459867229933,1.0,1.0,1.0,1.0,1.0,1.0,1.0,1.0,0.0,0.5400390625,0.146240234375,0.025390625,-0.024505615234375,0.01336669921875,-0.002532958984375,S,1,2026-08-24_23-25-27,2026-08-25
0.9963807455664133,0.9746529873264936,1.0,1.0,1.0,1.0,1.0,1.0,1.0,1.0,0.0,0.55126953125,0.1497802734375,0.0355224609375,-0.019439697265625,-0.013336181640625,0.008087158203125,S,1,2026-08-24_23-25-27,2026-08-25
0.9949330437929786,0.9698249849124925,1.0,1.0,1.0,1.0,1.0,1.0,1.0,1.0,0.0,0.5435791015625,0.1339111328125,0.0252685546875,-0.0230712890625,-0.0269775390625,0.012939453125,S,1,2026-08-24_23-25-27,2026-08-25
0.9971045964531307,0.9710319855159928,1.0,1.0,1.0,1.0,1.0,1.0,1.0,1.0,0.0,0.53515625,0.138916015625,0.0147705078125,-0.03094482421875,-0.023162841796875,0.00628662109375,S,1,2026-08-24_23-25-27,2026-08-25
0.9963807455664133,0.9698249849124925,1.0,1.0,1.0,1.0,1.0,1.0,1.0,1.0,0.0,0.5377197265625,0.1422119140625,0.017822265625,-0.035614013671875,-0.006988525390625,0.004364013671875,S,1,2026-08-24_23-25-27,2026-08-25
0.9942091929062613,0.9722389861194931,1.0,1.0,1.0,1.0,1.0,1.0,1.0,1.0,0.0,0.5390625,0.152099609375,0.0147705078125,-0.0311279296875,-0.007720947265625,0.00469970703125,S,1,2026-08-24_23-25-27,2026-08-25
0.9927614911328266,0.9746529873264936,1.0,1.0,1.0,1.0,1.0,1.0,1.0,1.0,0.0,0.5435791015625,0.13818359375,0.0062255859375,-0.026458740234375,-0.0108642578125,0.0096435546875,S,1,2026-08-24_23-25-27,2026-08-25
0.9949330437929786,0.9722389861194931,1.0,1.0,1.0,1.0,1.0,1.0,1.0,1.0,0.0,0.544921875,0.138671875,0.0120849609375,-0.023712158203125,-0.01708984375,0.0064697265625,S,1,2026-08-24_23-25-27,2026-08-25
0.9949330437929786,0.963789981894991,1.0,1.0,1.0,1.0,1.0,1.0,1.0,1.0,0.0,0.536376953125,0.1396484375,0.0086669921875,-0.01763916015625,-0.011138916015625,0.008453369140625,S,1,2026-08-24_23-25-27,2026-08-25
0.9971045964531307,0.9686179843089922,1.0,1.0,1.0,1.0,1.0,1.0,1.0,1.0,0.0,0.5433349609375,0.138916015625,0.0140380859375,-0.021514892578125,-0.004913330078125,0.008544921875,S,1,2026-08-24_23-25-27,2026-08-25
0.9949330437929786,0.9674109837054918,1.0,1.0,1.0,1.0,1.0,1.0,1.0,1.0,0.0,0.5426025390625,0.1302490234375,0.0048828125,-0.039642333984375,-0.007232666015625,0.0013427734375,S,1,2026-08-24_23-25-27,2026-08-25
0.9971045964531307,0.9674109837054918,1.0,1.0,1.0,1.0,1.0,1.0,1.0,1.0,0.0,0.545166015625,0.1475830078125,0.01611328125,-0.064971923828125,-0.005584716796875,-0.001251220703125,S,1,2026-08-24_23-25-27,2026-08-25
0.9942091929062613,0.9674109837054918,1.0,1.0,1.0,1.0,1.0,1.0,1.0,1.0,0.0,0.5433349609375,0.1627197265625,0.0267333984375,-0.0516357421875,-0.01312255859375,0.010101318359375,S,1,2026-08-24_23-25-27,2026-08-25
0.9949330437929786,0.9649969824984912,1.0,1.0,1.0,1.0,1.0,1.0,1.0,1.0,0.0,0.5380859375,0.1444091796875,0.0177001953125,-0.02935791015625,-0.00579833984375,0.020294189453125,S,1,2026-08-24_23-25-27,2026-08-25
0.993485342019544,0.9722389861194931,1.0,1.0,1.0,1.0,1.0,1.0,1.0,1.0,0.0,0.5418701171875,0.130126953125,0.0201416015625,-0.04034423828125,-0.006622314453125,0.009063720703125,S,1,2026-08-24_23-25-27,2026-08-25
0.9949330437929786,0.9589619794809897,1.0,1.0,1.0,1.0,1.0,1.0,1.0,1.0,0.0,0.5396728515625,0.154296875,0.031005859375,-0.027099609375,-0.010284423828125,0.005523681640625,S,1,2026-08-24_23-25-27,2026-08-25
0.9949330437929786,0.963789981894991,1.0,1.0,1.0,1.0,1.0,1.0,1.0,1.0,0.0,0.5390625,0.1309814453125,0.0191650390625,-0.014984130859375,-0.007843017578125,0.01348876953125,S,1,2026-08-24_23-25-27,2026-08-25
0.993485342019544,0.9613759806879904,1.0,1.0,1.0,1.0,1.0,1.0,1.0,1.0,0.0,0.5367431640625,0.12451171875,0.010498046875,-0.025238037109375,-0.00848388671875,0.00665283203125,S,1,2026-08-24_23-25-27,2026-08-25
0.9927614911328266,0.9674109837054918,1.0,1.0,1.0,1.0,1.0,1.0,1.0,1.0,0.0,0.5419921875,0.130615234375,0.0172119140625,-0.039764404296875,-0.01220703125,0.005645751953125,S,1,2026-08-24_23-25-27,2026-08-25
0.9927614911328266,0.9698249849124925,1.0,1.0,1.0,1.0,1.0,1.0,1.0,1.0,0.0,0.541259765625,0.131591796875,0.011474609375,-0.046295166015625,-0.008697509765625,0.008880615234375,S,1,2026-08-24_23-25-27,2026-08-25
0.9920376402461093,0.9674109837054918,1.0,1.0,1.0,1.0,1.0,1.0,1.0,1.0,0.0,0.536865234375,0.09716796875,-0.002197265625,-0.068267822265625,-0.006683349609375,-0.00164794921875,S,1,2026-08-24_23-25-27,2026-08-25
0.9884183858125226,0.9577549788774894,1.0,1.0,1.0,0.0,1.0,0.0,0.0,1.0,0.0,0.53466796875,0.108154296875,0.0006103515625,-0.10736083984375,0.006072998046875,-0.015777587890625,S,1,2026-08-24_23-25-27,2026-08-25
0.991313789359392,0.963789981894991,1.0,1.0,1.0,1.0,1.0,1.0,1.0,1.0,0.0,0.5372314453125,0.1192626953125,0.002197265625,-0.134979248046875,0.01580810546875,-0.0213623046875,S,1,2026-08-24_23-25-27,2026-08-25
1.0,0.9625829812914907,1.0,1.0,1.0,1.0,1.0,1.0,1.0,1.0,0.0,0.5543212890625,0.141357421875,0.0240478515625,-0.166168212890625,0.034423828125,-0.0235595703125,S,1,2026-08-24_23-25-27,2026-08-25
0.9905899384726746,0.9674109837054918,1.0,1.0,1.0,1.0,1.0,1.0,1.0,1.0,0.0,0.5443115234375,0.1629638671875,0.0440673828125,-0.132080078125,0.023590087890625,-0.021881103515625,S,1,2026-08-24_23-25-27,2026-08-25
0.9855229822656533,0.9625829812914907,1.0,1.0,1.0,1.0,1.0,1.0,1.0,1.0,0.0,0.5450439453125,0.147705078125,0.0322265625,-0.079925537109375,0.011260986328125,-0.0130615234375,S,1,2026-08-24_23-25-27,2026-08-25
1.0,0.9722389861194931,1.0,1.0,1.0,0.0,1.0,1.0,0.0,1.0,0.0,0.5435791015625,0.133056640625,0.024658203125,-0.0067138671875,-0.010406494140625,0.008270263671875,S,2,2026-08-24_23-25-27,2026-08-25
0.9963807455664133,0.9577549788774894,1.0,1.0,1.0,0.0,1.0,1.0,0.0,1.0,0.0,0.5411376953125,0.119873046875,0.0137939453125,-0.008941650390625,-0.016326904296875,0.00543212890625,S,2,2026-08-24_23-25-27,2026-08-25
0.9898660875859573,0.9674109837054918,1.0,1.0,1.0,0.0,1.0,1.0,0.0,1.0,0.0,0.543701171875,0.1357421875,0.0108642578125,-0.012115478515625,-0.015167236328125,0.004730224609375,S,2,2026-08-24_23-25-27,2026-08-25
0.9927614911328266,0.9674109837054918,1.0,1.0,1.0,0.0,1.0,1.0,0.0,1.0,0.0,0.549072265625,0.1380615234375,0.0126953125,-0.011810302734375,-0.0194091796875,0.0087890625,S,2,2026-08-24_23-25-27,2026-08-25
0.9884183858125226,0.9613759806879904,1.0,1.0,1.0,0.0,1.0,1.0,0.0,1.0,0.0,0.5416259765625,0.12841796875,0.0045166015625,-0.01263427734375,-0.018341064453125,0.011016845703125,S,2,2026-08-24_23-25-27,2026-08-25
0.9963807455664133,0.9613759806879904,1.0,1.0,1.0,0.0,1.0,1.0,0.0,1.0,0.0,0.536376953125,0.127197265625,0.006591796875,-0.00994873046875,-0.015045166015625,0.004425048828125,S,2,2026-08-24_23-25-27,2026-08-25
1.0,0.9577549788774894,1.0,1.0,1.0,0.0,1.0,1.0,0.0,1.0,0.0,0.5413818359375,0.135009765625,0.0089111328125,-0.006378173828125,-0.011199951171875,0.003265380859375,S,2,2026-08-24_23-25-27,2026-08-25
0.9920376402461093,0.9577549788774894,1.0,1.0,1.0,0.0,1.0,1.0,0.0,1.0,0.0,0.5450439453125,0.1356201171875,0.006103515625,-0.006591796875,-0.012420654296875,0.00396728515625,S,2,2026-08-24_23-25-27,2026-08-25
0.9949330437929786,0.9674109837054918,1.0,1.0,1.0,0.0,1.0,1.0,0.0,1.0,0.0,0.5426025390625,0.13134765625,0.0003662109375,-0.01806640625,-0.021087646484375,0.005462646484375,S,2,2026-08-24_23-25-27,2026-08-25
0.9992761491132827,0.9698249849124925,1.0,1.0,1.0,0.0,1.0,1.0,0.0,1.0,0.0,0.5360107421875,0.1390380859375,-0.00146484375,-0.014556884765625,-0.011627197265625,0.006744384765625,S,2,2026-08-24_23-25-27,2026-08-25
0.9898660875859573,0.9722389861194931,1.0,1.0,1.0,0.0,1.0,1.0,0.0,1.0,0.0,0.5413818359375,0.13720703125,0.003173828125,-0.007598876953125,-0.00152587890625,0.004791259765625,S,2,2026-08-24_23-25-27,2026-08-25
1.0,0.9674109837054918,1.0,1.0,1.0,0.0,1.0,1.0,0.0,1.0,0.0,0.5478515625,0.134765625,0.004150390625,-0.01513671875,-0.0072021484375,0.005950927734375,S,2,2026-08-24_23-25-27,2026-08-25
0.9898660875859573,0.9649969824984912,1.0,1.0,1.0,0.0,1.0,1.0,0.0,1.0,0.0,0.5455322265625,0.140380859375,0.0084228515625,-0.0174560546875,-0.01348876953125,0.007293701171875,S,2,2026-08-24_23-25-27,2026-08-25
0.9905899384726746,0.9613759806879904,1.0,1.0,1.0,0.0,1.0,1.0,0.0,1.0,0.0,0.546630859375,0.143310546875,0.0084228515625,-0.01483154296875,-0.01397705078125,0.010162353515625,S,2,2026-08-24_23-25-27,2026-08-25
0.9884183858125226,0.9662039831019915,1.0,1.0,1.0,0.0,1.0,1.0,0.0,1.0,0.0,0.542724609375,0.136474609375,-0.001953125,-0.016937255859375,-0.006561279296875,0.010467529296875,S,2,2026-08-24_23-25-27,2026-08-25
0.9949330437929786,0.9686179843089922,1.0,1.0,1.0,0.0,1.0,1.0,0.0,1.0,0.0,0.5404052734375,0.138916015625,0.0047607421875,-0.01507568359375,0.003021240234375,0.0067138671875,S,2,2026-08-24_23-25-27,2026-08-25
0.993485342019544,0.963789981894991,1.0,1.0,1.0,0.0,1.0,1.0,0.0,1.0,0.0,0.5443115234375,0.1412353515625,0.01220703125,-0.004852294921875,-0.003082275390625,0.01141357421875,S,2,2026-08-24_23-25-27,2026-08-25
0.9847991313789359,0.9589619794809897,1.0,1.0,1.0,0.0,1.0,1.0,0.0,1.0,0.0,0.5408935546875,0.1219482421875,0.0079345703125,-0.005523681640625,-0.0113525390625,0.012542724609375,S,2,2026-08-24_23-25-27,2026-08-25
0.9855229822656533,0.9625829812914907,1.0,1.0,1.0,0.0,1.0,1.0,0.0,1.0,0.0,0.5380859375,0.1248779296875,0.0084228515625,-0.01123046875,-0.012908935546875,0.009124755859375,S,2,2026-08-24_23-25-27,2026-08-25
0.9869706840390879,0.963789981894991,1.0,1.0,1.0,0.0,1.0,1.0,0.0,1.0,0.0,0.537353515625,0.1219482421875,0.0050048828125,-0.008758544921875,-0.002838134765625,0.008880615234375,S,2,2026-08-24_23-25-27,2026-08-25
0.995656894679696,0.9613759806879904,1.0,1.0,1.0,0.0,1.0,1.0,0.0,1.0,0.0,0.5408935546875,0.1168212890625,0.0048828125,-0.015838623046875,-0.0028076171875,0.003204345703125,S,2,2026-08-24_23-25-27,2026-08-25
0.9905899384726746,0.9541339770669885,1.0,1.0,1.0,0.0,1.0,1.0,0.0,1.0,0.0,0.543212890625,0.1307373046875,0.0081787109375,-0.01300048828125,-0.008514404296875,0.002227783203125,S,2,2026-08-24_23-25-27,2026-08-25
1.0,0.9553409776704889,1.0,1.0,1.0,0.0,1.0,1.0,0.0,1.0,0.0,0.542724609375,0.12841796875,0.0089111328125,-0.00640869140625,-0.011383056640625,0.0029296875,S,2,2026-08-24_23-25-27,2026-08-25
0.9985522982265653,0.9722389861194931,1.0,1.0,1.0,0.0,1.0,1.0,0.0,1.0,0.0,0.5391845703125,0.1248779296875,0.001953125,-0.011260986328125,-0.00823974609375,0.00079345703125,S,2,2026-08-24_23-25-27,2026-08-25
0.9992761491132827,0.9613759806879904,1.0,1.0,1.0,0.0,1.0,1.0,0.0,1.0,0.0,0.546142578125,0.1348876953125,0.00830078125,-0.0133056640625,-0.00311279296875,0.001922607421875,S,2,2026-08-24_23-25-27,2026-08-25
0.9927614911328266,0.963789981894991,1.0,1.0,1.0,0.0,1.0,1.0,0.0,1.0,0.0,0.547119140625,0.139892578125,0.01025390625,-0.013031005859375,-0.00146484375,0.005096435546875,S,2,2026-08-24_23-25-27,2026-08-25
0.9898660875859573,0.96016898008449,1.0,1.0,1.0,0.0,1.0,1.0,0.0,1.0,0.0,0.5467529296875,0.1326904296875,0.0030517578125,-0.01885986328125,-0.00726318359375,0.0057373046875,S,2,2026-08-24_23-25-27,2026-08-25
0.9833514296055013,0.9565479782739892,1.0,1.0,1.0,0.0,1.0,1.0,0.0,1.0,0.0,0.5440673828125,0.142333984375,0.0045166015625,-0.01885986328125,-0.008575439453125,0.006866455078125,S,2,2026-08-24_23-25-27,2026-08-25
0.995656894679696,0.9613759806879904,1.0,1.0,1.0,0.0,1.0,1.0,0.0,1.0,0.0,0.5450439453125,0.1429443359375,0.00146484375,-0.010406494140625,-0.00567626953125,0.01007080078125,S,2,2026-08-24_23-25-27,2026-08-25
0.9942091929062613,0.9625829812914907,1.0,1.0,1.0,0.0,1.0,1.0,0.0,1.0,0.0,0.5430908203125,0.141357421875,0.0003662109375,-0.00494384765625,-0.00042724609375,0.013641357421875,S,2,2026-08-24_23-25-27,2026-08-25
0.9992761491132827,0.9698249849124925,1.0,1.0,1.0,0.0,1.0,1.0,0.0,1.0,0.0,0.5433349609375,0.1298828125,-0.0018310546875,-0.012603759765625,-0.0006103515625,0.012847900390625,S,2,2026-08-24_23-25-27,2026-08-25
0.9992761491132827,0.9698249849124925,1.0,1.0,1.0,0.0,1.0,1.0,0.0,1.0,0.0,0.546630859375,0.14208984375,0.0069580078125,-0.0164794921875,-0.000396728515625,0.01470947265625,S,2,2026-08-24_23-25-27,2026-08-25
0.9949330437929786,0.9613759806879904,1.0,1.0,1.0,0.0,1.0,1.0,0.0,1.0,0.0,0.539306640625,0.1346435546875,0.0093994140625,-0.01116943359375,0.00372314453125,0.020538330078125,S,2,2026-08-24_23-25-27,2026-08-25
0.9949330437929786,0.9589619794809897,1.0,1.0,1.0,0.0,1.0,1.0,0.0,1.0,0.0,0.5423583984375,0.123779296875,0.012451171875,-0.01104736328125,0.00396728515625,0.018707275390625,S,2,2026-08-24_23-25-27,2026-08-25
0.993485342019544,0.9794809897404949,1.0,1.0,1.0,0.0,1.0,1.0,0.0,1.0,0.0,0.539794921875,0.1153564453125,0.009033203125,-0.01336669921875,-0.000762939453125,0.011566162109375,S,2,2026-08-24_23-25-27,2026-08-25
0.991313789359392,0.9493059746529873,1.0,1.0,1.0,0.0,1.0,1.0,0.0,1.0,0.0,0.5489501953125,0.12060546875,0.0181884765625,-0.01263427734375,-0.002838134765625,0.010650634765625,S,2,2026-08-24_23-25-27,2026-08-25
0.991313789359392,0.9722389861194931,1.0,1.0,1.0,0.0,1.0,1.0,0.0,1.0,0.0,0.54541015625,0.1236572265625,0.01806640625,-0.008209228515625,-0.007293701171875,0.013641357421875,S,2,2026-08-24_23-25-27,2026-08-25
0.995656894679696,0.963789981894991,1.0,1.0,1.0,0.0,1.0,1.0,0.0,1.0,0.0,0.5400390625,0.10498046875,0.0172119140625,-0.0079345703125,-0.01275634765625,0.0087890625,S,2,2026-08-24_23-25-27,2026-08-25
0.9869706840390879,0.9625829812914907,1.0,1.0,1.0,0.0,1.0,1.0,0.0,1.0,0.0,0.5465087890625,0.11572265625,0.01611328125,-0.015838623046875,-0.010345458984375,-0.0018310546875,S,2,2026-08-24_23-25-27,2026-08-25
0.9927614911328266,0.9674109837054918,1.0,1.0,1.0,0.0,1.0,1.0,0.0,1.0,0.0,0.542236328125,0.1239013671875,0.0146484375,-0.014373779296875,-0.0091552734375,-0.00030517578125,S,2,2026-08-24_23-25-27,2026-08-25
0.9884183858125226,0.9613759806879904,1.0,1.0,1.0,0.0,1.0,1.0,0.0,1.0,0.0,0.54248046875,0.1229248046875,-0.019775390625,-0.017852783203125,-0.017120361328125,-0.000335693359375,S,3,2026-08-24_23-25-27,2026-08-25
0.9920376402461093,0.9649969824984912,1.0,1.0,1.0,0.0,1.0,1.0,0.0,1.0,0.0,0.5458984375,0.1239013671875,-0.02294921875,-0.017791748046875,-0.010772705078125,-0.000701904296875,S,3,2026-08-24_23-25-27,2026-08-25
0.9920376402461093,0.9577549788774894,1.0,1.0,1.0,0.0,1.0,1.0,0.0,1.0,0.0,0.5438232421875,0.1298828125,-0.018798828125,-0.015045166015625,-0.005828857421875,0.001129150390625,S,3,2026-08-24_23-25-27,2026-08-25
0.991313789359392,0.9613759806879904,1.0,1.0,1.0,0.0,1.0,1.0,0.0,1.0,0.0,0.5501708984375,0.1265869140625,-0.011962890625,-0.011505126953125,-0.002197265625,0.0028076171875,S,3,2026-08-24_23-25-27,2026-08-25
0.9905899384726746,0.9553409776704889,1.0,1.0,1.0,0.0,1.0,1.0,0.0,1.0,0.0,0.54931640625,0.12158203125,-0.0076904296875,-0.01416015625,-0.006317138671875,0.001678466796875,S,3,2026-08-24_23-25-27,2026-08-25
0.9862468331523706,0.9625829812914907,1.0,1.0,1.0,0.0,1.0,1.0,0.0,1.0,0.0,0.54345703125,0.1317138671875,-0.0064697265625,-0.013641357421875,-0.010009765625,0.00323486328125,S,3,2026-08-24_23-25-27,2026-08-25
0.9963807455664133,0.9565479782739892,1.0,1.0,1.0,0.0,1.0,1.0,0.0,1.0,0.0,0.541259765625,0.12744140625,-0.0107421875,-0.013885498046875,-0.006317138671875,0.00341796875,S,3,2026-08-24_23-25-27,2026-08-25
0.9840752804922186,0.9577549788774894,1.0,1.0,1.0,0.0,1.0,1.0,0.0,1.0,0.0,0.543212890625,0.1307373046875,-0.0074462890625,-0.016204833984375,-0.0037841796875,0.003997802734375,S,3,2026-08-24_23-25-27,2026-08-25
0.991313789359392,0.9613759806879904,1.0,1.0,1.0,0.0,1.0,1.0,0.0,1.0,0.0,0.54736328125,0.1300048828125,0.0010986328125,-0.01751708984375,-0.011260986328125,0.006439208984375,S,3,2026-08-24_23-25-27,2026-08-25
0.9949330437929786,0.9649969824984912,1.0,1.0,1.0,0.0,1.0,1.0,0.0,1.0,0.0,0.5433349609375,0.1246337890625,-0.012451171875,-0.019378662109375,-0.014007568359375,0.0096435546875,S,3,2026-08-24_23-25-27,2026-08-25
0.9905899384726746,0.9686179843089922,1.0,1.0,1.0,0.0,1.0,1.0,0.0,1.0,0.0,0.5491943359375,0.1212158203125,-0.0059814453125,-0.021331787109375,-0.022491455078125,0.005950927734375,S,3,2026-08-24_23-25-27,2026-08-25
0.9876945349258053,0.9649969824984912,1.0,1.0,1.0,0.0,1.0,1.0,0.0,1.0,0.0,0.5439453125,0.124755859375,-0.0107421875,-0.01727294921875,-0.022979736328125,0.0032958984375,S,3,2026-08-24_23-25-27,2026-08-25
0.991313789359392,0.963789981894991,1.0,1.0,1.0,0.0,1.0,1.0,0.0,1.0,0.0,0.5450439453125,0.123291015625,-0.01708984375,-0.0133056640625,-0.022735595703125,0.0023193359375,S,3,2026-08-24_23-25-27,2026-08-25
0.9898660875859573,0.9649969824984912,1.0,1.0,1.0,0.0,1.0,1.0,0.0,1.0,0.0,0.5440673828125,0.118896484375,-0.0186767578125,-0.01202392578125,-0.020843505859375,0.000885009765625,S,3,2026-08-24_23-25-27,2026-08-25
0.993485342019544,0.9613759806879904,1.0,1.0,1.0,0.0,1.0,1.0,0.0,1.0,0.0,0.544921875,0.114501953125,-0.0189208984375,-0.010223388671875,-0.011199951171875,0.0008544921875,S,3,2026-08-24_23-25-27,2026-08-25
0.9855229822656533,0.9529269764634882,1.0,1.0,1.0,0.0,1.0,1.0,0.0,1.0,0.0,0.54150390625,0.115234375,-0.0186767578125,-0.016571044921875,-0.007354736328125,-0.001739501953125,S,3,2026-08-24_23-25-27,2026-08-25
0.9920376402461093,0.9613759806879904,1.0,1.0,1.0,0.0,1.0,1.0,0.0,1.0,0.0,0.546875,0.1187744140625,-0.013427734375,-0.015289306640625,-0.0045166015625,-0.002288818359375,S,3,2026-08-24_23-25-27,2026-08-25
0.9927614911328266,0.9806879903439951,1.0,1.0,1.0,0.0,1.0,1.0,0.0,1.0,0.0,0.5465087890625,0.11767578125,-0.0107421875,-0.01513671875,-0.00872802734375,-0.005950927734375,S,3,2026-08-24_23-25-27,2026-08-25
0.9927614911328266,0.9806879903439951,1.0,1.0,1.0,0.0,1.0,1.0,0.0,1.0,0.0,0.544189453125,0.1287841796875,-0.01123046875,-0.01824951171875,-0.007293701171875,-0.00543212890625,S,3,2026-08-24_23-25-27,2026-08-25
0.9884183858125226,0.9770669885334943,1.0,1.0,1.0,0.0,1.0,1.0,0.0,1.0,0.0,0.546630859375,0.13232421875,-0.010498046875,-0.0093994140625,-0.00640869140625,-0.00103759765625,S,3,2026-08-24_23-25-27,2026-08-25
0.9876945349258053,0.9770669885334943,1.0,1.0,1.0,0.0,1.0,1.0,0.0,1.0,0.0,0.545166015625,0.12939453125,-0.015625,-0.017913818359375,-0.005584716796875,0.001129150390625,S,3,2026-08-24_23-25-27,2026-08-25
0.9905899384726746,0.9674109837054918,1.0,1.0,1.0,0.0,1.0,1.0,0.0,1.0,0.0,0.5430908203125,0.1295166015625,-0.017333984375,-0.024810791015625,-0.007232666015625,0.0013427734375,S,3,2026-08-24_23-25-27,2026-08-25
0.991313789359392,0.96016898008449,1.0,1.0,1.0,0.0,1.0,1.0,0.0,1.0,0.0,0.5447998046875,0.1322021484375,-0.0146484375,-0.02239990234375,-0.007171630859375,0.005126953125,S,3,2026-08-24_23-25-27,2026-08-25
0.9855229822656533,0.9674109837054918,1.0,1.0,1.0,0.0,1.0,1.0,0.0,1.0,0.0,0.542236328125,0.1268310546875,-0.01416015625,-0.027801513671875,-0.0068359375,0.008758544921875,S,3,2026-08-24_23-25-27,2026-08-25
0.9797321751719146,0.9674109837054918,1.0,1.0,1.0,0.0,1.0,1.0,0.0,1.0,0.0,0.5445556640625,0.131103515625,-0.014892578125,-0.03839111328125,-0.00518798828125,0.007568359375,S,3,2026-08-24_23-25-27,2026-08-25
0.991313789359392,0.9722389861194931,1.0,1.0,1.0,0.0,1.0,1.0,0.0,1.0,0.0,0.548095703125,0.136474609375,-0.014892578125,-0.0338134765625,-0.004669189453125,0.00726318359375,S,3,2026-08-24_23-25-27,2026-08-25
0.9905899384726746,0.9686179843089922,1.0,1.0,1.0,0.0,1.0,1.0,0.0,1.0,0.0,0.55029296875,0.134521484375,-0.0089111328125,-0.029998779296875,-0.004730224609375,0.009918212890625,S,3,2026-08-24_23-25-27,2026-08-25
0.9920376402461093,0.9806879903439951,1.0,1.0,1.0,0.0,1.0,1.0,0.0,1.0,0.0,0.54443359375,0.1329345703125,-0.017333984375,-0.02020263671875,-0.0086669921875,0.01220703125,S,3,2026-08-24_23-25-27,2026-08-25
0.9876945349258053,0.9722389861194931,1.0,1.0,1.0,0.0,1.0,1.0,0.0,1.0,0.0,0.542236328125,0.1260986328125,-0.011474609375,-0.008544921875,-0.008575439453125,0.01190185546875,S,3,2026-08-24_23-25-27,2026-08-25
0.993485342019544,0.9794809897404949,1.0,1.0,1.0,0.0,1.0,1.0,0.0,1.0,0.0,0.542236328125,0.1231689453125,-0.015625,-0.00396728515625,-0.008544921875,0.007476806640625,S,3,2026-08-24_23-25-27,2026-08-25
1.0,0.9794809897404949,1.0,1.0,1.0,0.0,1.0,1.0,0.0,1.0,0.0,0.5404052734375,0.122802734375,-0.0185546875,-0.004791259765625,-0.005401611328125,0.00946044921875,S,3,2026-08-24_23-25-27,2026-08-25
0.98914223669924,0.9806879903439951,1.0,1.0,1.0,0.0,1.0,1.0,0.0,1.0,0.0,0.5377197265625,0.11865234375,-0.0198974609375,-0.00933837890625,-0.005584716796875,0.010009765625,S,3,2026-08-24_23-25-27,2026-08-25
0.9927614911328266,0.9806879903439951,1.0,1.0,1.0,0.0,1.0,1.0,0.0,1.0,0.0,0.543701171875,0.110595703125,-0.0211181640625,-0.021820068359375,-0.00592041015625,0.00653076171875,S,3,2026-08-24_23-25-27,2026-08-25
0.993485342019544,0.9782739891369946,1.0,1.0,1.0,0.0,1.0,1.0,0.0,1.0,0.0,0.5443115234375,0.12109375,-0.0152587890625,-0.022735595703125,-0.004486083984375,0.0040283203125,S,3,2026-08-24_23-25-27,2026-08-25
0.993485342019544,0.9806879903439951,1.0,1.0,1.0,0.0,1.0,1.0,0.0,1.0,0.0,0.5440673828125,0.122802734375,-0.0194091796875,-0.0162353515625,-0.003662109375,0.003753662109375,S,3,2026-08-24_23-25-27,2026-08-25
0.9905899384726746,0.9722389861194931,1.0,1.0,1.0,0.0,1.0,1.0,0.0,1.0,0.0,0.541015625,0.127685546875,-0.0118408203125,-0.014373779296875,-0.001434326171875,0.001556396484375,S,3,2026-08-24_23-25-27,2026-08-25
0.9833514296055013,0.9698249849124925,1.0,1.0,1.0,0.0,1.0,1.0,0.0,1.0,0.0,0.545166015625,0.1328125,-0.0045166015625,-0.001617431640625,-0.001190185546875,0.00299072265625,S,3,2026-08-24_23-25-27,2026-08-25
0.9869706840390879,0.9794809897404949,1.0,1.0,1.0,0.0,1.0,1.0,0.0,1.0,0.0,0.5430908203125,0.1219482421875,-0.00146484375,-0.0023193359375,-0.001434326171875,0.00408935546875,S,3,2026-08-24_23-25-27,2026-08-25
0.9905899384726746,0.9806879903439951,1.0,1.0,1.0,0.0,1.0,1.0,0.0,1.0,0.0,0.5479736328125,0.1219482421875,-0.002685546875,-0.01171875,-0.004486083984375,0.00299072265625,S,3,2026-08-24_23-25-27,2026-08-25
0.9833514296055013,0.9698249849124925,1.0,1.0,1.0,0.0,1.0,1.0,0.0,1.0,0.0,0.552734375,0.133056640625,0.00634765625,-0.021820068359375,-0.011260986328125,0.00714111328125,S,3,2026-08-24_23-25-27,2026-08-25
0.9920376402461093,0.9541339770669885,1.0,1.0,1.0,0.0,1.0,1.0,0.0,1.0,0.0,0.5411376953125,0.140380859375,-0.0440673828125,-0.01824951171875,-0.0111083984375,0.005279541015625,S,4,2026-08-24_23-25-27,2026-08-25
0.9963807455664133,0.9565479782739892,1.0,1.0,1.0,0.0,1.0,1.0,0.0,1.0,0.0,0.5426025390625,0.134521484375,-0.0460205078125,-0.014251708984375,-0.007965087890625,0.00567626953125,S,4,2026-08-24_23-25-27,2026-08-25
0.9927614911328266,0.9529269764634882,1.0,1.0,1.0,0.0,1.0,1.0,0.0,1.0,0.0,0.5379638671875,0.1328125,-0.0458984375,-0.012298583984375,-0.001251220703125,0.005279541015625,S,4,2026-08-24_23-25-27,2026-08-25
0.9927614911328266,0.96016898008449,1.0,1.0,1.0,0.0,1.0,1.0,0.0,1.0,0.0,0.5430908203125,0.1400146484375,-0.0411376953125,-0.014495849609375,-0.00262451171875,0.004364013671875,S,4,2026-08-24_23-25-27,2026-08-25
0.9905899384726746,0.9577549788774894,1.0,1.0,1.0,0.0,1.0,1.0,0.0,1.0,0.0,0.5400390625,0.1329345703125,-0.0496826171875,-0.006439208984375,-0.0062255859375,0.00634765625,S,4,2026-08-24_23-25-27,2026-08-25
0.993485342019544,0.9794809897404949,1.0,1.0,1.0,0.0,1.0,1.0,0.0,1.0,0.0,0.537841796875,0.1297607421875,-0.045166015625,-0.014068603515625,-0.003936767578125,0.005340576171875,S,4,2026-08-24_23-25-27,2026-08-25
0.9869706840390879,0.9794809897404949,1.0,1.0,1.0,0.0,1.0,1.0,0.0,1.0,0.0,0.5379638671875,0.134521484375,-0.0460205078125,-0.010345458984375,9.1552734375e-05,0.005218505859375,S,4,2026-08-24_23-25-27,2026-08-25
0.9920376402461093,0.9806879903439951,1.0,1.0,1.0,0.0,1.0,1.0,0.0,1.0,0.0,0.537841796875,0.1337890625,-0.0452880859375,-0.00958251953125,0.00433349609375,0.006378173828125,S,4,2026-08-24_23-25-27,2026-08-25
0.993485342019544,0.9867229933614967,1.0,1.0,1.0,0.0,1.0,1.0,0.0,1.0,0.0,0.53759765625,0.1307373046875,-0.0394287109375,-0.01422119140625,0.004150390625,0.004913330078125,S,4,2026-08-24_23-25-27,2026-08-25
0.9898660875859573,0.9915509957754979,1.0,1.0,1.0,0.0,1.0,1.0,0.0,1.0,0.0,0.541259765625,0.13525390625,-0.037353515625,-0.014434814453125,9.1552734375e-05,0.007232666015625,S,4,2026-08-24_23-25-27,2026-08-25
0.9898660875859573,1.0,1.0,1.0,1.0,0.0,1.0,1.0,0.0,1.0,0.0,0.5374755859375,0.1376953125,-0.04345703125,-0.006378173828125,-0.00146484375,0.0067138671875,S,4,2026-08-24_23-25-27,2026-08-25
0.9898660875859573,1.0,1.0,1.0,1.0,0.0,1.0,1.0,0.0,1.0,0.0,0.5399169921875,0.1343994140625,-0.042724609375,-0.006195068359375,0.007415771484375,0.007354736328125,S,4,2026-08-24_23-25-27,2026-08-25
0.9833514296055013,0.9613759806879904,1.0,1.0,1.0,0.0,1.0,1.0,1.0,1.0,0.0,0.5452880859375,0.1373291015625,-0.0390625,-0.015716552734375,0.006561279296875,0.006011962890625,S,4,2026-08-24_23-25-27,2026-08-25
0.9992761491132827,0.96016898008449,1.0,1.0,1.0,0.0,1.0,1.0,0.0,1.0,0.0,0.544677734375,0.1339111328125,-0.0321044921875,-0.016265869140625,-0.004241943359375,0.0057373046875,S,4,2026-08-24_23-25-27,2026-08-25
0.9898660875859573,0.9553409776704889,1.0,1.0,1.0,1.0,1.0,1.0,1.0,1.0,0.0,0.54296875,0.135009765625,-0.0419921875,-0.021270751953125,-0.013031005859375,0.003692626953125,S,4,2026-08-24_23-25-27,2026-08-25
0.995656894679696,0.9649969824984912,1.0,1.0,1.0,1.0,1.0,1.0,1.0,1.0,0.0,0.5377197265625,0.1383056640625,-0.03515625,-0.020355224609375,-0.010284423828125,0.001708984375,S,4,2026-08-24_23-25-27,2026-08-25
0.9920376402461093,0.9855159927579964,1.0,1.0,1.0,0.0,1.0,1.0,0.0,1.0,0.0,0.5406494140625,0.1348876953125,-0.037841796875,-0.009796142578125,-0.0076904296875,0.005340576171875,S,4,2026-08-24_23-25-27,2026-08-25
0.993485342019544,1.0,1.0,1.0,1.0,1.0,1.0,1.0,1.0,1.0,0.0,0.542236328125,0.12939453125,-0.0384521484375,-0.01318359375,-0.009979248046875,0.006805419921875,S,4,2026-08-24_23-25-27,2026-08-25
0.9949330437929786,0.9975859987929994,1.0,1.0,1.0,0.0,1.0,1.0,0.0,1.0,0.0,0.541259765625,0.131591796875,-0.0372314453125,-0.022918701171875,-0.0147705078125,0.005462646484375,S,4,2026-08-24_23-25-27,2026-08-25
0.9898660875859573,0.9806879903439951,1.0,1.0,1.0,0.0,1.0,1.0,0.0,1.0,0.0,0.5421142578125,0.130126953125,-0.0421142578125,-0.02203369140625,-0.014373779296875,0.004425048828125,S,4,2026-08-24_23-25-27,2026-08-25
0.9876945349258053,1.0,1.0,1.0,1.0,1.0,1.0,1.0,1.0,1.0,0.0,0.541259765625,0.1322021484375,-0.037353515625,-0.019683837890625,-0.008392333984375,0.003265380859375,S,4,2026-08-24_23-25-27,2026-08-25
1.0,0.9806879903439951,1.0,1.0,1.0,0.0,1.0,1.0,0.0,1.0,0.0,0.540283203125,0.1295166015625,-0.0399169921875,-0.014190673828125,-0.010498046875,0.001922607421875,S,4,2026-08-24_23-25-27,2026-08-25
0.9884183858125226,1.0,1.0,1.0,1.0,0.0,1.0,1.0,0.0,1.0,0.0,0.538818359375,0.1285400390625,-0.04345703125,-0.010528564453125,-0.013336181640625,0.003082275390625,S,4,2026-08-24_23-25-27,2026-08-25
0.9869706840390879,1.0,1.0,1.0,1.0,0.0,1.0,1.0,0.0,1.0,0.0,0.54443359375,0.1307373046875,-0.044677734375,-0.015472412109375,-0.0145263671875,0.000396728515625,S,4,2026-08-24_23-25-27,2026-08-25
0.995656894679696,1.0,1.0,1.0,1.0,0.0,1.0,1.0,0.0,1.0,0.0,0.54150390625,0.1317138671875,-0.0428466796875,-0.016815185546875,-0.01068115234375,0.001800537109375,S,4,2026-08-24_23-25-27,2026-08-25
0.9927614911328266,1.0,1.0,1.0,1.0,0.0,1.0,1.0,0.0,1.0,0.0,0.53759765625,0.1353759765625,-0.041015625,-0.014251708984375,-0.0064697265625,0.00177001953125,S,4,2026-08-24_23-25-27,2026-08-25
0.9847991313789359,0.9927579963789982,1.0,1.0,1.0,0.0,1.0,1.0,0.0,1.0,0.0,0.54345703125,0.13330078125,-0.0399169921875,-0.01422119140625,-0.00738525390625,0.002410888671875,S,4,2026-08-24_23-25-27,2026-08-25
0.9876945349258053,1.0,1.0,1.0,1.0,0.0,1.0,1.0,0.0,1.0,0.0,0.5413818359375,0.1370849609375,-0.04345703125,-0.016845703125,-0.015380859375,0.0013427734375,S,4,2026-08-24_23-25-27,2026-08-25
0.9847991313789359,0.9891369945684972,1.0,1.0,1.0,0.0,1.0,1.0,0.0,1.0,0.0,0.537841796875,0.13671875,-0.041748046875,-0.013671875,-0.01446533203125,0.00384521484375,S,4,2026-08-24_23-25-27,2026-08-25
0.9992761491132827,0.9493059746529873,1.0,1.0,1.0,0.0,1.0,1.0,0.0,1.0,0.0,0.5372314453125,0.135498046875,-0.0452880859375,-0.01654052734375,-0.00787353515625,0.00311279296875,S,4,2026-08-24_23-25-27,2026-08-25
0.993485342019544,0.9782739891369946,1.0,1.0,1.0,0.0,1.0,1.0,0.0,1.0,0.0,0.538818359375,0.136474609375,-0.0440673828125,-0.010711669921875,-0.0062255859375,0.003936767578125,S,4,2026-08-24_23-25-27,2026-08-25
0.991313789359392,1.0,1.0,1.0,1.0,0.0,1.0,1.0,0.0,1.0,0.0,0.5391845703125,0.1361083984375,-0.0411376953125,-0.001617431640625,-0.006439208984375,0.0064697265625,S,4,2026-08-24_23-25-27,2026-08-25
0.9884183858125226,0.975859987929994,1.0,1.0,1.0,0.0,1.0,1.0,0.0,1.0,0.0,0.542236328125,0.128662109375,-0.0452880859375,-0.017822265625,-0.01165771484375,0.002960205078125,S,4,2026-08-24_23-25-27,2026-08-25
0.9898660875859573,0.9698249849124925,1.0,1.0,1.0,0.0,1.0,1.0,0.0,1.0,0.0,0.5419921875,0.137451171875,-0.0411376953125,-0.013763427734375,-0.01275634765625,0.004608154296875,S,4,2026-08-24_23-25-27,2026-08-25
0.9971045964531307,0.9589619794809897,1.0,1.0,1.0,0.0,1.0,1.0,0.0,1.0,0.0,0.5377197265625,0.1282958984375,-0.0423583984375,-0.021270751953125,-0.010589599609375,0.001953125,S,4,2026-08-24_23-25-27,2026-08-25
0.9876945349258053,0.9674109837054918,1.0,1.0,1.0,0.0,1.0,1.0,0.0,1.0,0.0,0.5400390625,0.133056640625,-0.04150390625,-0.02752685546875,-0.0078125,3.0517578125e-05,S,4,2026-08-24_23-25-27,2026-08-25
0.993485342019544,0.9746529873264936,1.0,1.0,1.0,0.0,1.0,1.0,0.0,1.0,0.0,0.5435791015625,0.13916015625,-0.034423828125,-0.022491455078125,-0.010528564453125,0.001800537109375,S,4,2026-08-24_23-25-27,2026-08-25
1.0,0.9855159927579964,1.0,1.0,1.0,0.0,1.0,1.0,0.0,1.0,0.0,0.5404052734375,0.133056640625,-0.0460205078125,-0.013031005859375,-0.009735107421875,0.004119873046875,S,4,2026-08-24_23-25-27,2026-08-25
0.9898660875859573,0.9806879903439951,1.0,1.0,1.0,0.0,1.0,1.0,0.0,1.0,0.0,0.538330078125,0.1319580078125,-0.04345703125,-0.01458740234375,-0.00823974609375,0.001953125,S,4,2026-08-24_23-25-27,2026-08-25
0.9927614911328266,0.9649969824984912,1.0,1.0,1.0,0.0,1.0,1.0,0.0,1.0,0.0,0.5421142578125,0.1282958984375,-0.037841796875,-0.014404296875,-0.010650634765625,-6.103515625e-05,S,4,2026-08-24_23-25-27,2026-08-25
0.9797321751719146,0.9420639710319855,1.0,1.0,1.0,0.0,1.0,1.0,1.0,1.0,1.0,0.537841796875,0.06982421875,0.14404296875,-0.0067138671875,-0.013641357421875,0.0123291015625,T,0,2026-08-24_23-25-27,2026-08-25
0.9695982627578719,0.9396499698249849,0.9864864864864865,1.0,1.0,0.0,1.0,1.0,1.0,1.0,1.0,0.5394287109375,0.0662841796875,0.1407470703125,-0.01116943359375,-0.0150146484375,0.004608154296875,T,0,2026-08-24_23-25-27,2026-08-25
0.9724936663047412,0.9420639710319855,0.9752252252252253,0.9946236559139785,1.0,0.0,1.0,1.0,1.0,1.0,1.0,0.5333251953125,0.0740966796875,0.1390380859375,-0.01025390625,-0.010650634765625,0.00421142578125,T,0,2026-08-24_23-25-27,2026-08-25
0.9717698154180239,0.9432709716354858,0.9932432432432432,0.9946236559139785,1.0,0.0,1.0,1.0,1.0,1.0,1.0,0.5413818359375,0.071533203125,0.143310546875,-0.005767822265625,-0.008026123046875,0.007598876953125,T,0,2026-08-24_23-25-27,2026-08-25
0.9761129207383279,0.9420639710319855,0.9774774774774775,0.978494623655914,1.0,0.0,1.0,1.0,1.0,1.0,1.0,0.5364990234375,0.07763671875,0.143798828125,-0.005462646484375,-0.0135498046875,0.007904052734375,T,0,2026-08-24_23-25-27,2026-08-25
0.9811798769453492,0.9420639710319855,0.9774774774774775,1.0,1.0,0.0,1.0,1.0,1.0,1.0,1.0,0.5404052734375,0.0711669921875,0.135986328125,0.0,-0.011688232421875,0.0089111328125,T,0,2026-08-24_23-25-27,2026-08-25
0.9782844733984799,0.9396499698249849,1.0,0.989247311827957,1.0,0.0,1.0,1.0,1.0,1.0,1.0,0.537109375,0.0692138671875,0.1422119140625,-0.0113525390625,-0.01007080078125,-0.000518798828125,T,0,2026-08-24_23-25-27,2026-08-25
0.9724936663047412,0.936028968014484,0.990990990990991,1.0,1.0,0.0,1.0,1.0,1.0,1.0,1.0,0.5380859375,0.083984375,0.140869140625,-0.014678955078125,-0.00921630859375,0.005126953125,T,0,2026-08-24_23-25-27,2026-08-25
0.9710459645313065,0.9396499698249849,0.9752252252252253,1.0,1.0,0.0,1.0,1.0,1.0,1.0,1.0,0.5399169921875,0.0810546875,0.1434326171875,-0.01007080078125,-0.010009765625,0.015228271484375,T,0,2026-08-24_23-25-27,2026-08-25
0.9761129207383279,0.9408569704284853,0.990990990990991,1.0,1.0,0.0,1.0,1.0,1.0,1.0,1.0,0.535400390625,0.0738525390625,0.139892578125,-0.0067138671875,-0.0152587890625,0.011871337890625,T,0,2026-08-24_23-25-27,2026-08-25
0.9746652189648932,0.9420639710319855,1.0,1.0,1.0,0.0,1.0,1.0,1.0,1.0,1.0,0.5384521484375,0.0782470703125,0.140380859375,-0.002777099609375,-0.0179443359375,0.00970458984375,T,0,2026-08-24_23-25-27,2026-08-25
0.9782844733984799,0.9420639710319855,0.9774774774774775,1.0,1.0,0.0,1.0,1.0,1.0,1.0,1.0,0.540283203125,0.0758056640625,0.142578125,-0.00390625,-0.015167236328125,0.01129150390625,T,0,2026-08-24_23-25-27,2026-08-25
0.9761129207383279,0.9420639710319855,0.9977477477477478,0.956989247311828,1.0,0.0,1.0,1.0,1.0,1.0,1.0,0.5389404296875,0.0762939453125,0.1456298828125,-0.008819580078125,-0.014923095703125,0.012725830078125,T,0,2026-08-24_23-25-27,2026-08-25
0.9811798769453492,0.9420639710319855,1.0,1.0,1.0,0.0,1.0,1.0,1.0,1.0,1.0,0.5419921875,0.0709228515625,0.135009765625,-0.005401611328125,-0.01544189453125,0.015289306640625,T,0,2026-08-24_23-25-27,2026-08-25
0.9782844733984799,0.9432709716354858,1.0,0.9838709677419355,1.0,0.0,1.0,1.0,1.0,1.0,1.0,0.5419921875,0.067626953125,0.1356201171875,-0.0126953125,-0.0194091796875,0.008392333984375,T,0,2026-08-24_23-25-27,2026-08-25
0.9753890698516106,0.9420639710319855,0.9977477477477478,1.0,1.0,0.0,1.0,1.0,1.0,1.0,1.0,0.533935546875,0.0772705078125,0.1337890625,-0.01470947265625,-0.01361083984375,0.008392333984375,T,0,2026-08-24_23-25-27,2026-08-25
0.9717698154180239,0.9420639710319855,0.990990990990991,1.0,1.0,0.0,1.0,1.0,1.0,1.0,1.0,0.5408935546875,0.0667724609375,0.136474609375,-0.009307861328125,-0.008392333984375,0.013763427734375,T,0,2026-08-24_23-25-27,2026-08-25
0.9732175171914585,0.9432709716354858,0.9864864864864865,0.989247311827957,1.0,0.0,1.0,1.0,1.0,1.0,1.0,0.5433349609375,0.06640625,0.1292724609375,-0.01214599609375,-0.01556396484375,0.01092529296875,T,0,2026-08-24_23-25-27,2026-08-25
0.9804560260586319,0.9456849728424864,1.0,1.0,1.0,0.0,1.0,1.0,1.0,1.0,1.0,0.5421142578125,0.0648193359375,0.12841796875,-0.008148193359375,-0.01422119140625,0.01123046875,T,0,2026-08-24_23-25-27,2026-08-25
0.9746652189648932,0.9420639710319855,0.9819819819819819,1.0,1.0,0.0,1.0,1.0,1.0,1.0,1.0,0.543701171875,0.0631103515625,0.13134765625,-0.014862060546875,-0.0091552734375,0.00555419921875,T,0,2026-08-24_23-25-27,2026-08-25
0.9797321751719146,0.9420639710319855,0.9797297297297297,0.967741935483871,1.0,0.0,1.0,1.0,1.0,1.0,1.0,0.54296875,0.0614013671875,0.131103515625,-0.018341064453125,-0.004608154296875,0.001251220703125,T,0,2026-08-24_23-25-27,2026-08-25
0.9782844733984799,0.9287869643934822,1.0,1.0,1.0,0.0,1.0,1.0,1.0,1.0,1.0,0.542724609375,0.0693359375,0.1337890625,-0.01727294921875,-0.00421142578125,0.000823974609375,T,0,2026-08-24_23-25-27,2026-08-25
0.9797321751719146,0.9432709716354858,0.9932432432432432,1.0,1.0,0.0,1.0,1.0,1.0,1.0,1.0,0.5404052734375,0.0655517578125,0.1357421875,-0.01373291015625,-0.0047607421875,0.00244140625,T,0,2026-08-24_23-25-27,2026-08-25
0.9717698154180239,0.9420639710319855,0.9842342342342343,0.9516129032258065,1.0,0.0,1.0,1.0,1.0,1.0,1.0,0.5384521484375,0.0513916015625,0.13232421875,-0.017730712890625,-0.0028076171875,-0.006317138671875,T,0,2026-08-24_23-25-27,2026-08-25
0.9739413680781759,0.9299939649969825,0.9887387387387387,0.967741935483871,1.0,0.0,1.0,1.0,1.0,1.0,1.0,0.5386962890625,0.057373046875,0.1318359375,-0.027679443359375,-0.00128173828125,-0.01519775390625,T,0,2026-08-24_23-25-27,2026-08-25
0.9833514296055013,0.9420639710319855,0.990990990990991,0.989247311827957,1.0,0.0,1.0,1.0,1.0,1.0,1.0,0.5419921875,0.0640869140625,0.142333984375,-0.03192138671875,0.00177001953125,-0.015289306640625,T,0,2026-08-24_23-25-27,2026-08-25
0.9761129207383279,0.9408569704284853,1.0,1.0,1.0,0.0,1.0,1.0,1.0,1.0,1.0,0.543212890625,0.0716552734375,0.14599609375,-0.02313232421875,0.001983642578125,-0.0115966796875,T,0,2026-08-24_23-25-27,2026-08-25
0.9797321751719146,0.9348219674109837,1.0,1.0,1.0,0.0,1.0,1.0,1.0,1.0,1.0,0.542236328125,0.064453125,0.1400146484375,-0.01385498046875,-0.000244140625,-0.011138916015625,T,0,2026-08-24_23-25-27,2026-08-25
0.9782844733984799,0.9396499698249849,0.9774774774774775,0.9838709677419355,1.0,0.0,1.0,1.0,1.0,1.0,1.0,0.5401611328125,0.08642578125,0.1419677734375,-0.008758544921875,-0.006744384765625,-0.011322021484375,T,0,2026-08-24_23-25-27,2026-08-25
0.9761129207383279,0.9456849728424864,0.9977477477477478,1.0,1.0,0.0,1.0,1.0,1.0,1.0,1.0,0.538330078125,0.09033203125,0.146240234375,-0.005035400390625,-0.003021240234375,-0.002685546875,T,0,2026-08-24_23-25-27,2026-08-25
0.9768367716250452,0.9420639710319855,1.0,0.978494623655914,1.0,0.0,1.0,1.0,1.0,1.0,1.0,0.5360107421875,0.081298828125,0.1395263671875,-0.006103515625,-0.004669189453125,0.002227783203125,T,0,2026-08-24_23-25-27,2026-08-25
0.9768367716250452,0.9408569704284853,0.9842342342342343,1.0,1.0,0.0,1.0,1.0,1.0,1.0,1.0,0.5345458984375,0.083984375,0.1402587890625,-0.0157470703125,-0.003173828125,-0.00152587890625,T,0,2026-08-24_23-25-27,2026-08-25
0.9790083242851972,0.9396499698249849,0.9977477477477478,1.0,1.0,0.0,1.0,1.0,1.0,1.0,1.0,0.535400390625,0.0914306640625,0.1495361328125,-0.01654052734375,-0.007598876953125,0.00238037109375,T,0,2026-08-24_23-25-27,2026-08-25
0.9804560260586319,0.9420639710319855,0.9774774774774775,1.0,1.0,0.0,1.0,1.0,1.0,1.0,1.0,0.544189453125,0.0863037109375,0.147216796875,-0.016357421875,-0.010711669921875,0.009796142578125,T,0,2026-08-24_23-25-27,2026-08-25
0.9811798769453492,0.9420639710319855,1.0,1.0,1.0,0.0,1.0,1.0,1.0,1.0,1.0,0.53662109375,0.0750732421875,0.1446533203125,-0.016693115234375,-0.014404296875,0.007781982421875,T,0,2026-08-24_23-25-27,2026-08-25
0.9790083242851972,0.9420639710319855,1.0,1.0,1.0,0.0,1.0,1.0,1.0,1.0,1.0,0.5357666015625,0.0804443359375,0.144287109375,-0.0150146484375,-0.014434814453125,0.006805419921875,T,0,2026-08-24_23-25-27,2026-08-25
0.9790083242851972,0.9432709716354858,1.0,1.0,1.0,0.0,1.0,1.0,1.0,1.0,1.0,0.538818359375,0.0706787109375,0.140380859375,-0.0125732421875,-0.0123291015625,0.009613037109375,T,0,2026-08-24_23-25-27,2026-08-25
0.9695982627578719,0.9420639710319855,1.0,1.0,1.0,0.0,1.0,1.0,1.0,1.0,1.0,0.53515625,0.074462890625,0.1402587890625,-0.019500732421875,-0.014434814453125,0.007110595703125,T,0,2026-08-24_23-25-27,2026-08-25
0.9746652189648932,0.9480989740494871,1.0,0.967741935483871,1.0,0.0,1.0,1.0,1.0,1.0,1.0,0.5399169921875,0.0689697265625,0.1346435546875,-0.015472412109375,-0.013458251953125,0.009307861328125,T,0,2026-08-24_23-25-27,2026-08-25
0.9761129207383279,0.9420639710319855,1.0,1.0,1.0,0.0,1.0,1.0,1.0,1.0,1.0,0.5406494140625,0.0657958984375,0.135986328125,-0.019073486328125,-0.013946533203125,0.003875732421875,T,0,2026-08-24_23-25-27,2026-08-25
0.9811798769453492,1.0,0.9977477477477478,0.9516129032258065,1.0,0.0,1.0,1.0,1.0,1.0,1.0,0.5433349609375,0.097900390625,0.1248779296875,-0.011871337890625,-0.012481689453125,0.0013427734375,T,1,2026-08-24_23-25-27,2026-08-25
0.9782844733984799,1.0,1.0,0.9731182795698925,1.0,0.0,1.0,1.0,1.0,1.0,0.0,0.541015625,0.09619140625,0.123046875,-0.014617919921875,-0.018157958984375,0.00616455078125,T,1,2026-08-24_23-25-27,2026-08-25
0.9826275787187839,0.9987929993964997,1.0,1.0,1.0,0.0,1.0,1.0,1.0,1.0,0.0,0.5267333984375,0.0986328125,0.1126708984375,-0.016510009765625,-0.005279541015625,0.0074462890625,T,1,2026-08-24_23-25-27,2026-08-25
0.9869706840390879,0.9806879903439951,0.9819819819819819,0.9946236559139785,1.0,0.0,1.0,1.0,1.0,1.0,0.0,0.5400390625,0.090087890625,0.1168212890625,-0.017669677734375,0.003173828125,0.001800537109375,T,1,2026-08-24_23-25-27,2026-08-25
0.9819037278320666,0.9843089921544961,1.0,0.967741935483871,1.0,0.0,1.0,1.0,1.0,1.0,0.0,0.545166015625,0.1025390625,0.1270751953125,-0.016632080078125,-0.004486083984375,0.005615234375,T,1,2026-08-24_23-25-27,2026-08-25
0.9876945349258053,0.9975859987929994,1.0,0.956989247311828,1.0,0.0,1.0,1.0,1.0,1.0,0.0,0.5416259765625,0.0950927734375,0.12548828125,-0.009735107421875,-0.01654052734375,0.009674072265625,T,1,2026-08-24_23-25-27,2026-08-25
0.9826275787187839,1.0,1.0,0.9731182795698925,1.0,0.0,1.0,1.0,1.0,1.0,1.0,0.5322265625,0.0926513671875,0.1209716796875,-0.015350341796875,-0.006561279296875,0.0047607421875,T,1,2026-08-24_23-25-27,2026-08-25
0.9804560260586319,0.9987929993964997,1.0,1.0,1.0,0.0,1.0,1.0,1.0,1.0,0.0,0.5364990234375,0.092041015625,0.1278076171875,-0.020233154296875,0.002288818359375,0.002655029296875,T,1,2026-08-24_23-25-27,2026-08-25
0.9884183858125226,1.0,0.9887387387387387,1.0,1.0,0.0,1.0,1.0,1.0,1.0,0.0,0.537841796875,0.0931396484375,0.12841796875,-0.0179443359375,-0.00115966796875,0.004913330078125,T,1,2026-08-24_23-25-27,2026-08-25
0.9840752804922186,1.0,1.0,1.0,1.0,0.0,1.0,1.0,1.0,1.0,0.0,0.5400390625,0.09326171875,0.127197265625,-0.01580810546875,-0.006500244140625,0.00860595703125,T,1,2026-08-24_23-25-27,2026-08-25
0.9761129207383279,0.9891369945684972,0.9774774774774775,0.978494623655914,1.0,0.0,1.0,1.0,1.0,1.0,0.0,0.5433349609375,0.0828857421875,0.128173828125,-0.0130615234375,-0.010955810546875,0.003448486328125,T,1,2026-08-24_23-25-27,2026-08-25
0.9695982627578719,0.9794809897404949,0.990990990990991,1.0,1.0,0.0,1.0,1.0,1.0,1.0,0.0,0.536376953125,0.0938720703125,0.123291015625,-0.016265869140625,-0.00885009765625,-0.001312255859375,T,1,2026-08-24_23-25-27,2026-08-25
0.9782844733984799,0.9939649969824985,0.9932432432432432,0.9946236559139785,1.0,0.0,1.0,1.0,1.0,1.0,1.0,0.5400390625,0.097412109375,0.12548828125,-0.0150146484375,-0.006103515625,0.000518798828125,T,1,2026-08-24_23-25-27,2026-08-25
0.9833514296055013,0.9770669885334943,1.0,0.9731182795698925,1.0,0.0,1.0,1.0,1.0,1.0,0.0,0.5428466796875,0.0960693359375,0.120849609375,-0.01409912109375,-0.008056640625,0.00738525390625,T,1,2026-08-24_23-25-27,2026-08-25
0.9833514296055013,0.9806879903439951,1.0,0.9301075268817204,1.0,0.0,1.0,1.0,1.0,1.0,0.0,0.53662109375,0.0938720703125,0.12109375,-0.01373291015625,-0.011566162109375,0.007781982421875,T,1,2026-08-24_23-25-27,2026-08-25
0.9782844733984799,0.975859987929994,1.0,1.0,1.0,0.0,1.0,1.0,1.0,1.0,0.0,0.5411376953125,0.0867919921875,0.1162109375,-0.01312255859375,-0.00616455078125,0.002410888671875,T,1,2026-08-24_23-25-27,2026-08-25
0.9724936663047412,0.9915509957754979,1.0,1.0,1.0,0.0,1.0,1.0,1.0,1.0,0.0,0.5389404296875,0.0953369140625,0.1248779296875,-0.01776123046875,-0.002716064453125,0.000244140625,T,1,2026-08-24_23-25-27,2026-08-25
0.9862468331523706,1.0,0.9819819819819819,0.9086021505376344,1.0,0.0,1.0,1.0,1.0,1.0,0.0,0.5487060546875,0.0977783203125,0.127685546875,-0.009979248046875,-0.005401611328125,0.004150390625,T,1,2026-08-24_23-25-27,2026-08-25
0.9855229822656533,0.9939649969824985,1.0,1.0,1.0,0.0,1.0,1.0,1.0,1.0,0.0,0.54248046875,0.0914306640625,0.1234130859375,-0.019378662109375,-0.014190673828125,0.004150390625,T,1,2026-08-24_23-25-27,2026-08-25
0.9833514296055013,0.9806879903439951,1.0,1.0,1.0,0.0,1.0,1.0,1.0,1.0,0.0,0.5347900390625,0.0970458984375,0.1204833984375,-0.018463134765625,-0.0096435546875,0.00299072265625,T,1,2026-08-24_23-25-27,2026-08-25
0.9797321751719146,0.9806879903439951,1.0,0.946236559139785,1.0,0.0,1.0,1.0,1.0,1.0,0.0,0.5390625,0.0970458984375,0.1278076171875,-0.018310546875,-0.006744384765625,0.00213623046875,T,1,2026-08-24_23-25-27,2026-08-25
0.9833514296055013,0.9806879903439951,0.9977477477477478,0.9946236559139785,1.0,0.0,1.0,1.0,1.0,1.0,0.0,0.5341796875,0.0963134765625,0.123046875,-0.020843505859375,-0.00250244140625,0.00341796875,T,1,2026-08-24_23-25-27,2026-08-25
0.9811798769453492,0.9806879903439951,0.9819819819819819,0.989247311827957,1.0,0.0,1.0,1.0,1.0,1.0,0.0,0.5399169921875,0.0975341796875,0.126708984375,-0.0137939453125,-0.002288818359375,0.004058837890625,T,1,2026-08-24_23-25-27,2026-08-25
0.9811798769453492,0.9927579963789982,1.0,0.989247311827957,1.0,0.0,1.0,1.0,1.0,1.0,0.0,0.547119140625,0.0958251953125,0.1256103515625,-0.0147705078125,-0.008544921875,0.00860595703125,T,1,2026-08-24_23-25-27,2026-08-25
0.9869706840390879,0.975859987929994,0.9752252252252253,0.978494623655914,1.0,0.0,1.0,1.0,1.0,1.0,0.0,0.5430908203125,0.08642578125,0.1202392578125,-0.020263671875,-0.00897216796875,0.00421142578125,T,1,2026-08-24_23-25-27,2026-08-25
0.9804560260586319,0.9806879903439951,0.9932432432432432,1.0,1.0,0.0,1.0,1.0,1.0,1.0,0.0,0.5362548828125,0.0972900390625,0.123291015625,-0.02325439453125,-0.003265380859375,0.00262451171875,T,1,2026-08-24_23-25-27,2026-08-25
0.9790083242851972,0.9746529873264936,1.0,0.978494623655914,1.0,0.0,1.0,1.0,1.0,1.0,1.0,0.536865234375,0.100341796875,0.12744140625,-0.017364501953125,-0.000732421875,0.00653076171875,T,1,2026-08-24_23-25-27,2026-08-25
0.9840752804922186,0.9674109837054918,0.990990990990991,0.9838709677419355,1.0,0.0,1.0,1.0,1.0,1.0,0.0,0.5390625,0.089111328125,0.1285400390625,-0.014862060546875,-0.016510009765625,0.006866455078125,T,1,2026-08-24_23-25-27,2026-08-25
0.9840752804922186,0.9698249849124925,0.9819819819819819,0.9516129032258065,1.0,0.0,1.0,1.0,1.0,1.0,0.0,0.536376953125,0.0919189453125,0.1199951171875,-0.011260986328125,-0.010986328125,0.005523681640625,T,1,2026-08-24_23-25-27,2026-08-25
0.9652551574375678,0.96016898008449,0.9774774774774775,0.978494623655914,1.0,0.0,1.0,1.0,1.0,1.0,0.0,0.542236328125,0.0880126953125,0.1312255859375,-0.014251708984375,-0.00860595703125,0.002655029296875,T,1,2026-08-24_23-25-27,2026-08-25
0.9833514296055013,0.96016898008449,1.0,1.0,1.0,0.0,1.0,1.0,1.0,1.0,0.0,0.542236328125,0.095458984375,0.12353515625,-0.0181884765625,-0.00958251953125,0.00384521484375,T,1,2026-08-24_23-25-27,2026-08-25
0.9833514296055013,0.9698249849124925,0.990990990990991,0.9301075268817204,1.0,0.0,1.0,1.0,1.0,1.0,0.0,0.542724609375,0.092529296875,0.126708984375,-0.01605224609375,-0.013824462890625,0.005889892578125,T,1,2026-08-24_23-25-27,2026-08-25
0.9782844733984799,0.963789981894991,0.9842342342342343,0.956989247311828,1.0,0.0,1.0,1.0,1.0,1.0,0.0,0.5347900390625,0.089599609375,0.1197509765625,-0.02105712890625,-0.0081787109375,0.0029296875,T,1,2026-08-24_23-25-27,2026-08-25
0.9775606225117626,0.9625829812914907,0.9977477477477478,0.9193548387096774,1.0,0.0,1.0,1.0,1.0,1.0,0.0,0.5406494140625,0.094970703125,0.126220703125,-0.0155029296875,-0.00830078125,0.0030517578125,T,1,2026-08-24_23-25-27,2026-08-25
0.9724936663047412,0.963789981894991,0.9774774774774775,1.0,1.0,0.0,1.0,1.0,1.0,1.0,0.0,0.5416259765625,0.0908203125,0.121337890625,-0.01446533203125,-0.0064697265625,0.00640869140625,T,1,2026-08-24_23-25-27,2026-08-25
0.9833514296055013,0.9432709716354858,0.9774774774774775,1.0,1.0,0.0,1.0,1.0,1.0,1.0,0.0,0.545654296875,0.093017578125,0.12646484375,-0.01220703125,-0.010528564453125,0.004241943359375,T,1,2026-08-24_23-25-27,2026-08-25
0.9819037278320666,0.9480989740494871,0.9887387387387387,0.946236559139785,1.0,0.0,1.0,1.0,1.0,1.0,0.0,0.536376953125,0.08544921875,0.117919921875,-0.015869140625,-0.01171875,0.001251220703125,T,1,2026-08-24_23-25-27,2026-08-25
0.9710459645313065,0.9529269764634882,0.9842342342342343,0.989247311827957,1.0,0.0,1.0,1.0,1.0,1.0,0.0,0.5350341796875,0.0921630859375,0.1298828125,-0.0196533203125,-0.0084228515625,-0.001983642578125,T,1,2026-08-24_23-25-27,2026-08-25
0.9826275787187839,0.9203379601689801,0.9774774774774775,0.946236559139785,1.0,0.0,1.0,1.0,1.0,1.0,0.0,0.5426025390625,0.09423828125,0.123291015625,-0.014984130859375,0.001556396484375,0.001983642578125,T,1,2026-08-24_23-25-27,2026-08-25
0.9782844733984799,0.9541339770669885,1.0,0.9731182795698925,1.0,0.0,1.0,1.0,1.0,1.0,0.0,0.541259765625,0.0950927734375,0.1285400390625,-0.0164794921875,-0.00250244140625,0.005950927734375,T,1,2026-08-24_23-25-27,2026-08-25
0.9847991313789359,0.9613759806879904,0.9774774774774775,1.0,1.0,0.0,1.0,1.0,1.0,1.0,1.0,0.5439453125,0.1182861328125,0.11181640625,-0.022216796875,-0.00543212890625,0.00311279296875,T,2,2026-08-24_23-25-27,2026-08-25
0.9898660875859573,0.9770669885334943,0.972972972972973,1.0,1.0,0.0,1.0,1.0,1.0,1.0,1.0,0.5419921875,0.1275634765625,0.1142578125,-0.019500732421875,-0.0103759765625,0.009765625,T,2,2026-08-24_23-25-27,2026-08-25
0.9855229822656533,0.9734459867229933,0.9617117117117117,1.0,1.0,0.0,1.0,1.0,1.0,1.0,1.0,0.5443115234375,0.11279296875,0.11181640625,-0.0130615234375,-0.01904296875,0.0130615234375,T,2,2026-08-24_23-25-27,2026-08-25
0.9833514296055013,0.975859987929994,0.9662162162162162,1.0,1.0,0.0,1.0,1.0,1.0,1.0,1.0,0.5325927734375,0.1160888671875,0.1075439453125,-0.0159912109375,-0.019134521484375,0.012542724609375,T,2,2026-08-24_23-25-27,2026-08-25
0.9833514296055013,0.9589619794809897,0.9504504504504504,1.0,1.0,0.0,1.0,1.0,1.0,1.0,1.0,0.53369140625,0.1094970703125,0.104248046875,-0.0128173828125,-0.011688232421875,0.00946044921875,T,2,2026-08-24_23-25-27,2026-08-25
0.991313789359392,0.9541339770669885,0.9324324324324325,1.0,1.0,0.0,1.0,1.0,1.0,1.0,1.0,0.5322265625,0.10791015625,0.0943603515625,-0.0150146484375,0.009368896484375,0.0067138671875,T,2,2026-08-24_23-25-27,2026-08-25
0.9782844733984799,0.9770669885334943,0.9752252252252253,0.9838709677419355,1.0,0.0,1.0,1.0,1.0,1.0,1.0,0.54931640625,0.1019287109375,0.1162109375,-0.010284423828125,-0.008392333984375,0.001739501953125,T,2,2026-08-24_23-25-27,2026-08-25
0.9847991313789359,0.9698249849124925,0.9617117117117117,1.0,1.0,0.0,1.0,1.0,1.0,1.0,1.0,0.5406494140625,0.11474609375,0.1051025390625,-0.016326904296875,-0.0164794921875,0.0057373046875,T,2,2026-08-24_23-25-27,2026-08-25
0.9797321751719146,0.9734459867229933,0.9414414414414415,1.0,1.0,0.0,1.0,1.0,1.0,1.0,1.0,0.5321044921875,0.1099853515625,0.1004638671875,-0.0101318359375,-0.01129150390625,0.006683349609375,T,2,2026-08-24_23-25-27,2026-08-25
0.9739413680781759,0.9686179843089922,0.9774774774774775,1.0,1.0,0.0,1.0,1.0,1.0,1.0,1.0,0.53662109375,0.1123046875,0.1065673828125,-0.021759033203125,-0.001434326171875,0.0020751953125,T,2,2026-08-24_23-25-27,2026-08-25
0.993485342019544,0.9915509957754979,0.9774774774774775,1.0,1.0,0.0,1.0,1.0,1.0,1.0,1.0,0.5418701171875,0.11767578125,0.1146240234375,-0.01806640625,-0.00714111328125,0.0010986328125,T,2,2026-08-24_23-25-27,2026-08-25
0.9826275787187839,0.9662039831019915,0.9346846846846847,1.0,1.0,0.0,1.0,1.0,1.0,1.0,1.0,0.5377197265625,0.1190185546875,0.11181640625,-0.01458740234375,-0.01348876953125,0.0062255859375,T,2,2026-08-24_23-25-27,2026-08-25
0.9826275787187839,0.9794809897404949,0.9324324324324325,1.0,1.0,0.0,1.0,1.0,1.0,1.0,1.0,0.53515625,0.116943359375,0.1087646484375,-0.00653076171875,-0.00982666015625,0.007415771484375,T,2,2026-08-24_23-25-27,2026-08-25
0.9811798769453492,0.963789981894991,0.9572072072072072,1.0,1.0,0.0,1.0,1.0,1.0,1.0,1.0,0.5362548828125,0.1103515625,0.1070556640625,-0.01483154296875,-0.00885009765625,0.0042724609375,T,2,2026-08-24_23-25-27,2026-08-25
0.9840752804922186,0.9649969824984912,0.9684684684684685,0.956989247311828,1.0,0.0,1.0,1.0,1.0,1.0,1.0,0.5511474609375,0.115478515625,0.1138916015625,-0.012176513671875,-0.01947021484375,0.000640869140625,T,2,2026-08-24_23-25-27,2026-08-25
0.9804560260586319,0.963789981894991,0.9527027027027027,1.0,1.0,0.0,1.0,1.0,1.0,1.0,1.0,0.544189453125,0.11279296875,0.105224609375,-0.018280029296875,-0.0284423828125,0.003875732421875,T,2,2026-08-24_23-25-27,2026-08-25
0.9790083242851972,0.9686179843089922,0.9594594594594594,1.0,1.0,0.0,1.0,1.0,1.0,1.0,1.0,0.5384521484375,0.125244140625,0.1009521484375,-0.009552001953125,-0.043426513671875,0.006072998046875,T,2,2026-08-24_23-25-27,2026-08-25
0.9833514296055013,0.9722389861194931,0.9504504504504504,1.0,1.0,0.0,1.0,1.0,1.0,1.0,1.0,0.53271484375,0.1158447265625,0.0916748046875,-0.000457763671875,-0.02044677734375,0.0111083984375,T,2,2026-08-24_23-25-27,2026-08-25
0.9797321751719146,0.9577549788774894,0.954954954954955,1.0,1.0,0.0,1.0,1.0,1.0,1.0,1.0,0.5386962890625,0.1121826171875,0.0882568359375,-0.010986328125,-0.02398681640625,0.002532958984375,T,2,2026-08-24_23-25-27,2026-08-25
0.9826275787187839,0.9746529873264936,0.9414414414414415,1.0,1.0,0.0,1.0,1.0,1.0,1.0,1.0,0.5440673828125,0.1282958984375,0.0970458984375,-0.005401611328125,-0.01544189453125,0.0091552734375,T,2,2026-08-24_23-25-27,2026-08-25
0.9847991313789359,0.9806879903439951,0.9662162162162162,1.0,1.0,0.0,1.0,1.0,1.0,1.0,1.0,0.5430908203125,0.117919921875,0.10302734375,0.000213623046875,-0.012542724609375,0.0146484375,T,2,2026-08-24_23-25-27,2026-08-25
0.9811798769453492,0.9613759806879904,0.972972972972973,1.0,1.0,0.0,1.0,1.0,1.0,1.0,1.0,0.537109375,0.1038818359375,0.0858154296875,-0.008056640625,-0.000274658203125,0.011566162109375,T,2,2026-08-24_23-25-27,2026-08-25
0.9819037278320666,0.963789981894991,0.963963963963964,1.0,1.0,0.0,1.0,1.0,1.0,1.0,1.0,0.5423583984375,0.1168212890625,0.1019287109375,-0.014251708984375,-0.00140380859375,0.00555419921875,T,2,2026-08-24_23-25-27,2026-08-25
0.9804560260586319,0.9625829812914907,0.9391891891891891,1.0,1.0,0.0,1.0,1.0,1.0,1.0,1.0,0.543701171875,0.117919921875,0.1007080078125,-0.017059326171875,0.0001220703125,0.014617919921875,T,2,2026-08-24_23-25-27,2026-08-25
0.9826275787187839,0.9625829812914907,0.9481981981981982,1.0,1.0,0.0,1.0,1.0,1.0,1.0,1.0,0.5400390625,0.11181640625,0.1024169921875,-0.018829345703125,-0.01068115234375,0.014129638671875,T,2,2026-08-24_23-25-27,2026-08-25
0.9869706840390879,0.9686179843089922,0.9391891891891891,1.0,0.9936305732484076,0.0,1.0,1.0,1.0,1.0,1.0,0.5281982421875,0.1033935546875,0.100341796875,-0.02569580078125,-0.001922607421875,0.009490966796875,T,2,2026-08-24_23-25-27,2026-08-25
0.9833514296055013,0.96016898008449,0.9391891891891891,1.0,1.0,0.0,1.0,1.0,1.0,1.0,1.0,0.5369873046875,0.1058349609375,0.108642578125,-0.02410888671875,0.00048828125,0.003082275390625,T,2,2026-08-24_23-25-27,2026-08-25
0.9847991313789359,0.9589619794809897,0.963963963963964,1.0,1.0,0.0,1.0,1.0,1.0,1.0,1.0,0.5421142578125,0.1082763671875,0.1119384765625,-0.026123046875,-0.008697509765625,0.00604248046875,T,2,2026-08-24_23-25-27,2026-08-25
0.9840752804922186,0.9722389861194931,0.9617117117117117,1.0,1.0,0.0,1.0,1.0,1.0,1.0,1.0,0.5382080078125,0.102294921875,0.1094970703125,-0.020843505859375,-0.01568603515625,0.010528564453125,T,2,2026-08-24_23-25-27,2026-08-25
0.9833514296055013,0.9529269764634882,0.9662162162162162,1.0,1.0,0.0,1.0,1.0,1.0,1.0,1.0,0.5316162109375,0.0936279296875,0.1077880859375,-0.027496337890625,-0.0081787109375,0.006744384765625,T,2,2026-08-24_23-25-27,2026-08-25
0.9811798769453492,0.9613759806879904,0.9414414414414415,1.0,1.0,0.0,1.0,1.0,1.0,1.0,1.0,0.530517578125,0.1019287109375,0.1112060546875,-0.024749755859375,0.009918212890625,-0.00146484375,T,2,2026-08-24_23-25-27,2026-08-25
0.9811798769453492,0.9553409776704889,0.9707207207207207,1.0,1.0,0.0,1.0,1.0,1.0,1.0,1.0,0.5482177734375,0.1142578125,0.12109375,-0.02178955078125,0.0067138671875,-0.00311279296875,T,2,2026-08-24_23-25-27,2026-08-25
0.9833514296055013,0.9577549788774894,0.972972972972973,1.0,1.0,0.0,1.0,1.0,1.0,1.0,1.0,0.54833984375,0.1180419921875,0.135009765625,-0.008056640625,-0.033599853515625,0.00262451171875,T,2,2026-08-24_23-25-27,2026-08-25
0.9768367716250452,0.9529269764634882,0.9459459459459459,1.0,1.0,0.0,1.0,1.0,1.0,1.0,1.0,0.536865234375,0.1119384765625,0.105712890625,-0.004150390625,-0.0377197265625,0.004608154296875,T,2,2026-08-24_23-25-27,2026-08-25
0.9833514296055013,0.9480989740494871,0.9504504504504504,1.0,1.0,0.0,1.0,1.0,1.0,1.0,1.0,0.52001953125,0.1156005859375,0.091796875,-0.012786865234375,-0.0050048828125,-0.00506591796875,T,2,2026-08-24_23-25-27,2026-08-25
0.9833514296055013,0.9806879903439951,0.9527027027027027,1.0,1.0,0.0,1.0,1.0,1.0,1.0,1.0,0.53857421875,0.1126708984375,0.0843505859375,-0.01904296875,0.020904541015625,-0.01153564453125,T,2,2026-08-24_23-25-27,2026-08-25
0.9790083242851972,0.9505129752564876,0.9391891891891891,1.0,1.0,0.0,1.0,1.0,1.0,1.0,1.0,0.562744140625,0.1220703125,0.1019287109375,-0.01568603515625,-0.003387451171875,-0.0006103515625,T,2,2026-08-24_23-25-27,2026-08-25
0.9826275787187839,0.9408569704284853,0.9617117117117117,0.9731182795698925,1.0,0.0,1.0,1.0,1.0,1.0,1.0,0.5499267578125,0.112548828125,0.0830078125,-0.008880615234375,-0.03594970703125,0.0128173828125,T,2,2026-08-24_23-25-27,2026-08-25
0.9790083242851972,0.9625829812914907,0.9459459459459459,1.0,1.0,0.0,1.0,1.0,1.0,1.0,1.0,0.535400390625,0.1065673828125,0.0750732421875,-0.010345458984375,-0.025360107421875,0.010040283203125,T,2,2026-08-24_23-25-27,2026-08-25
0.9724936663047412,0.9444779722389861,0.9346846846846847,1.0,1.0,0.0,1.0,1.0,1.0,1.0,1.0,0.536376953125,0.1048583984375,0.0738525390625,-0.015899658203125,0.001678466796875,0.00128173828125,T,2,2026-08-24_23-25-27,2026-08-25
0.9833514296055013,0.9806879903439951,0.9932432432432432,1.0,1.0,0.0,1.0,1.0,1.0,1.0,1.0,0.545654296875,0.0924072265625,0.0972900390625,-0.006134033203125,-0.0145263671875,0.0128173828125,T,3,2026-08-24_23-25-27,2026-08-25
0.9855229822656533,0.9698249849124925,1.0,1.0,1.0,0.0,1.0,1.0,1.0,1.0,1.0,0.5430908203125,0.0899658203125,0.09521484375,-0.01434326171875,-0.0224609375,0.010772705078125,T,3,2026-08-24_23-25-27,2026-08-25
0.9746652189648932,0.9806879903439951,0.9752252252252253,1.0,1.0,0.0,1.0,1.0,1.0,1.0,1.0,0.538818359375,0.098388671875,0.095947265625,-0.0152587890625,-0.019744873046875,0.01177978515625,T,3,2026-08-24_23-25-27,2026-08-25
0.991313789359392,0.9831019915509958,0.9864864864864865,1.0,1.0,0.0,1.0,1.0,1.0,1.0,1.0,0.5413818359375,0.095703125,0.0938720703125,-0.011474609375,-0.0125732421875,0.00897216796875,T,3,2026-08-24_23-25-27,2026-08-25
0.9826275787187839,0.996378998189499,0.9774774774774775,1.0,1.0,0.0,1.0,1.0,1.0,1.0,1.0,0.5484619140625,0.09619140625,0.0887451171875,-0.005218505859375,-0.01007080078125,0.0052490234375,T,3,2026-08-24_23-25-27,2026-08-25
0.9847991313789359,0.9855159927579964,0.9707207207207207,1.0,1.0,0.0,1.0,1.0,1.0,1.0,1.0,0.5469970703125,0.0965576171875,0.0819091796875,0.002349853515625,-0.016357421875,0.0018310546875,T,3,2026-08-24_23-25-27,2026-08-25
0.9833514296055013,0.9831019915509958,1.0,1.0,1.0,0.0,1.0,1.0,1.0,1.0,1.0,0.5462646484375,0.105224609375,0.08642578125,0.00225830078125,-0.01702880859375,0.00262451171875,T,3,2026-08-24_23-25-27,2026-08-25
0.9761129207383279,0.9891369945684972,0.972972972972973,1.0,1.0,0.0,1.0,1.0,1.0,1.0,1.0,0.54443359375,0.1019287109375,0.0836181640625,0.000701904296875,-0.0155029296875,0.005096435546875,T,3,2026-08-24_23-25-27,2026-08-25
0.9768367716250452,0.9843089921544961,1.0,1.0,1.0,0.0,1.0,1.0,1.0,1.0,1.0,0.540771484375,0.0980224609375,0.07373046875,-0.013885498046875,-0.00848388671875,0.00311279296875,T,3,2026-08-24_23-25-27,2026-08-25
0.9833514296055013,1.0,0.9752252252252253,1.0,1.0,0.0,1.0,1.0,1.0,1.0,1.0,0.5460205078125,0.1070556640625,0.0887451171875,-0.013763427734375,-0.00146484375,0.00146484375,T,3,2026-08-24_23-25-27,2026-08-25
0.9833514296055013,1.0,0.9752252252252253,1.0,1.0,0.0,1.0,1.0,1.0,1.0,1.0,0.5469970703125,0.1031494140625,0.0970458984375,-0.012786865234375,-0.00384521484375,0.0035400390625,T,3,2026-08-24_23-25-27,2026-08-25
0.9753890698516106,0.9734459867229933,0.9617117117117117,1.0,1.0,0.0,1.0,1.0,1.0,1.0,1.0,0.549072265625,0.106201171875,0.0977783203125,-0.009033203125,-0.016082763671875,0.004364013671875,T,3,2026-08-24_23-25-27,2026-08-25
0.9840752804922186,0.9806879903439951,1.0,1.0,1.0,0.0,1.0,1.0,1.0,1.0,1.0,0.552734375,0.106201171875,0.1005859375,-0.00347900390625,-0.034759521484375,0.0076904296875,T,3,2026-08-24_23-25-27,2026-08-25
0.9782844733984799,0.9698249849124925,0.9864864864864865,1.0,1.0,0.0,1.0,1.0,1.0,1.0,1.0,0.539306640625,0.1015625,0.0816650390625,0.006683349609375,-0.035980224609375,0.00982666015625,T,3,2026-08-24_23-25-27,2026-08-25
0.9855229822656533,0.9831019915509958,1.0,1.0,1.0,0.0,1.0,1.0,1.0,1.0,1.0,0.540283203125,0.099609375,0.07177734375,0.00469970703125,-0.022369384765625,0.00518798828125,T,3,2026-08-24_23-25-27,2026-08-25
0.9775606225117626,0.9794809897404949,0.9707207207207207,1.0,1.0,0.0,1.0,1.0,1.0,1.0,1.0,0.544921875,0.1019287109375,0.08251953125,-0.0137939453125,-0.010223388671875,0.003662109375,T,3,2026-08-24_23-25-27,2026-08-25
0.9826275787187839,1.0,0.9887387387387387,1.0,1.0,0.0,1.0,1.0,1.0,1.0,1.0,0.546875,0.104736328125,0.083251953125,-0.021881103515625,-0.013031005859375,0.008514404296875,T,3,2026-08-24_23-25-27,2026-08-25
0.9833514296055013,0.9806879903439951,0.9797297297297297,1.0,1.0,0.0,1.0,1.0,1.0,1.0,1.0,0.543212890625,0.0950927734375,0.0797119140625,-0.021392822265625,-0.0115966796875,0.010955810546875,T,3,2026-08-24_23-25-27,2026-08-25
0.9782844733984799,0.9806879903439951,0.9752252252252253,1.0,1.0,0.0,1.0,1.0,1.0,1.0,1.0,0.54541015625,0.0975341796875,0.0810546875,-0.019683837890625,-0.011993408203125,0.006866455078125,T,3,2026-08-24_23-25-27,2026-08-25
0.9840752804922186,0.9831019915509958,0.9752252252252253,1.0,1.0,0.0,1.0,1.0,1.0,1.0,1.0,0.542236328125,0.0999755859375,0.0859375,-0.01397705078125,-0.01220703125,0.005950927734375,T,3,2026-08-24_23-25-27,2026-08-25
0.9782844733984799,0.9806879903439951,1.0,1.0,1.0,0.0,1.0,1.0,1.0,1.0,1.0,0.544677734375,0.100341796875,0.0819091796875,-0.00543212890625,-0.010650634765625,0.005706787109375,T,3,2026-08-24_23-25-27,2026-08-25
0.9833514296055013,0.9831019915509958,0.9707207207207207,1.0,1.0,0.0,1.0,1.0,1.0,1.0,1.0,0.54638671875,0.096435546875,0.083251953125,-0.0103759765625,-0.0106201171875,0.00634765625,T,3,2026-08-24_23-25-27,2026-08-25
0.9905899384726746,0.9818949909474954,0.9887387387387387,1.0,1.0,0.0,1.0,1.0,1.0,1.0,1.0,0.5458984375,0.098876953125,0.0797119140625,-0.007232666015625,-0.011871337890625,0.00738525390625,T,3,2026-08-24_23-25-27,2026-08-25
0.9797321751719146,0.9806879903439951,0.9527027027027027,1.0,1.0,0.0,1.0,1.0,1.0,1.0,1.0,0.545166015625,0.0965576171875,0.079833984375,-0.009490966796875,-0.010345458984375,0.0045166015625,T,3,2026-08-24_23-25-27,2026-08-25
0.9847991313789359,0.9770669885334943,0.9617117117117117,1.0,1.0,0.0,1.0,1.0,1.0,1.0,1.0,0.5469970703125,0.1004638671875,0.074462890625,-0.011627197265625,-0.00616455078125,0.0029296875,T,3,2026-08-24_23-25-27,2026-08-25
0.9862468331523706,0.9770669885334943,0.9887387387387387,1.0,1.0,0.0,1.0,1.0,1.0,1.0,1.0,0.5484619140625,0.1085205078125,0.0826416015625,-0.009490966796875,-0.012542724609375,0.005340576171875,T,3,2026-08-24_23-25-27,2026-08-25
0.9826275787187839,0.9782739891369946,0.9527027027027027,1.0,1.0,0.0,1.0,1.0,1.0,1.0,1.0,0.5426025390625,0.103515625,0.08544921875,-0.004730224609375,-0.009246826171875,0.01031494140625,T,3,2026-08-24_23-25-27,2026-08-25
0.9790083242851972,0.975859987929994,0.9752252252252253,1.0,1.0,0.0,1.0,1.0,1.0,1.0,1.0,0.5494384765625,0.1021728515625,0.0853271484375,0.000701904296875,-0.01690673828125,0.008880615234375,T,3,2026-08-24_23-25-27,2026-08-25
0.9833514296055013,0.9577549788774894,0.9774774774774775,1.0,1.0,0.0,1.0,1.0,1.0,1.0,1.0,0.5443115234375,0.0970458984375,0.0787353515625,-0.00494384765625,-0.014373779296875,0.00689697265625,T,3,2026-08-24_23-25-27,2026-08-25
0.9833514296055013,0.9782739891369946,0.9819819819819819,1.0,1.0,0.0,1.0,1.0,1.0,1.0,1.0,0.548095703125,0.104736328125,0.0826416015625,-0.004486083984375,-0.01348876953125,0.006591796875,T,3,2026-08-24_23-25-27,2026-08-25
0.9833514296055013,0.975859987929994,0.9752252252252253,1.0,1.0,0.0,1.0,1.0,1.0,1.0,1.0,0.5458984375,0.103271484375,0.0819091796875,-0.0003662109375,-0.006103515625,0.00970458984375,T,3,2026-08-24_23-25-27,2026-08-25
0.9811798769453492,0.9722389861194931,0.9752252252252253,1.0,1.0,0.0,1.0,1.0,1.0,1.0,1.0,0.558837890625,0.1068115234375,0.0888671875,0.006500244140625,-0.020538330078125,0.01275634765625,T,3,2026-08-24_23-25-27,2026-08-25
0.9790083242851972,0.9867229933614967,0.9797297297297297,1.0,1.0,0.0,1.0,1.0,1.0,1.0,1.0,0.546630859375,0.1085205078125,0.0872802734375,0.018096923828125,-0.035614013671875,0.022552490234375,T,3,2026-08-24_23-25-27,2026-08-25
0.9826275787187839,0.9782739891369946,0.9774774774774775,1.0,1.0,0.0,1.0,1.0,1.0,1.0,1.0,0.5517578125,0.091796875,0.076904296875,0.025054931640625,-0.05072021484375,0.021881103515625,T,3,2026-08-24_23-25-27,2026-08-25
0.9826275787187839,0.9674109837054918,0.972972972972973,1.0,1.0,0.0,1.0,1.0,1.0,1.0,1.0,0.5465087890625,0.09130859375,0.0677490234375,0.014617919921875,-0.03643798828125,0.01507568359375,T,3,2026-08-24_23-25-27,2026-08-25
0.9826275787187839,0.963789981894991,0.9752252252252253,1.0,1.0,0.0,1.0,1.0,1.0,1.0,1.0,0.537109375,0.0919189453125,0.059814453125,0.007476806640625,-0.00799560546875,0.008636474609375,T,3,2026-08-24_23-25-27,2026-08-25
0.9833514296055013,0.9589619794809897,0.9774774774774775,1.0,1.0,0.0,1.0,1.0,1.0,1.0,1.0,0.5472412109375,0.0888671875,0.068359375,-0.008575439453125,0.0001220703125,0.00274658203125,T,3,2026-08-24_23-25-27,2026-08-25
0.9833514296055013,0.9625829812914907,0.9774774774774775,1.0,1.0,0.0,1.0,1.0,1.0,1.0,1.0,0.5516357421875,0.1043701171875,0.073974609375,-0.014984130859375,-0.009368896484375,0.01019287109375,T,3,2026-08-24_23-25-27,2026-08-25
0.9797321751719146,0.9493059746529873,0.972972972972973,1.0,1.0,0.0,1.0,1.0,1.0,1.0,1.0,0.5462646484375,0.105712890625,0.07568359375,-0.0048828125,-0.0181884765625,0.019195556640625,T,3,2026-08-24_23-25-27,2026-08-25
0.9811798769453492,0.9589619794809897,0.963963963963964,1.0,1.0,0.0,1.0,1.0,1.0,1.0,1.0,0.54541015625,0.0921630859375,0.06640625,0.00604248046875,-0.02227783203125,0.0179443359375,T,3,2026-08-24_23-25-27,2026-08-25
0.9884183858125226,0.987929993964997,1.0,1.0,1.0,0.0,1.0,1.0,1.0,1.0,1.0,0.5478515625,0.1015625,0.0516357421875,-0.01690673828125,-0.007171630859375,0.003387451171875,T,4,2026-08-24_23-25-27,2026-08-25
0.9833514296055013,0.9806879903439951,1.0,1.0,1.0,0.0,1.0,1.0,1.0,1.0,1.0,0.546142578125,0.099365234375,0.056640625,-0.012237548828125,-0.002685546875,0.001495361328125,T,4,2026-08-24_23-25-27,2026-08-25
0.9905899384726746,0.9818949909474954,1.0,1.0,1.0,0.0,1.0,1.0,1.0,1.0,1.0,0.555419921875,0.1058349609375,0.055908203125,-0.009521484375,-0.010955810546875,0.000732421875,T,4,2026-08-24_23-25-27,2026-08-25
0.9811798769453492,0.9843089921544961,0.9932432432432432,1.0,1.0,0.0,1.0,1.0,1.0,1.0,1.0,0.54833984375,0.1033935546875,0.0548095703125,-0.015167236328125,-0.016998291015625,0.003509521484375,T,4,2026-08-24_23-25-27,2026-08-25
0.9840752804922186,0.9951719975859988,1.0,1.0,1.0,0.0,1.0,1.0,1.0,1.0,1.0,0.55078125,0.1075439453125,0.0555419921875,-0.015350341796875,-0.013458251953125,0.004638671875,T,4,2026-08-24_23-25-27,2026-08-25
0.9855229822656533,0.9915509957754979,1.0,1.0,1.0,0.0,1.0,1.0,1.0,1.0,1.0,0.5511474609375,0.10400390625,0.056640625,-0.019866943359375,-0.007080078125,0.003936767578125,T,4,2026-08-24_23-25-27,2026-08-25
0.9942091929062613,0.9975859987929994,1.0,1.0,1.0,0.0,1.0,1.0,1.0,1.0,1.0,0.5504150390625,0.106689453125,0.05859375,-0.016998291015625,-0.005523681640625,0.004852294921875,T,4,2026-08-24_23-25-27,2026-08-25
0.9833514296055013,0.9843089921544961,1.0,1.0,1.0,0.0,1.0,1.0,1.0,1.0,1.0,0.5494384765625,0.1009521484375,0.0518798828125,-0.01519775390625,-0.006439208984375,0.002838134765625,T,4,2026-08-24_23-25-27,2026-08-25
0.9869706840390879,0.987929993964997,1.0,1.0,1.0,0.0,1.0,1.0,1.0,1.0,1.0,0.5477294921875,0.1051025390625,0.0523681640625,-0.016326904296875,-0.011199951171875,0.002288818359375,T,4,2026-08-24_23-25-27,2026-08-25
0.9840752804922186,0.9806879903439951,1.0,1.0,0.9808917197452229,0.0,1.0,1.0,1.0,1.0,1.0,0.548828125,0.1053466796875,0.0511474609375,-0.012969970703125,-0.0133056640625,0.005859375,T,4,2026-08-24_23-25-27,2026-08-25
0.9833514296055013,0.9734459867229933,1.0,1.0,1.0,0.0,1.0,1.0,1.0,1.0,1.0,0.546875,0.1009521484375,0.0513916015625,-0.016845703125,-0.012237548828125,0.004150390625,T,4,2026-08-24_23-25-27,2026-08-25
0.9869706840390879,0.9698249849124925,1.0,1.0,1.0,0.0,1.0,1.0,1.0,1.0,1.0,0.5489501953125,0.1015625,0.0606689453125,-0.026702880859375,-0.01287841796875,0.000762939453125,T,4,2026-08-24_23-25-27,2026-08-25
0.9876945349258053,0.9722389861194931,1.0,1.0,1.0,0.0,1.0,1.0,1.0,1.0,1.0,0.556884765625,0.107177734375,0.0576171875,-0.024871826171875,-0.01885986328125,0.0015869140625,T,4,2026-08-24_23-25-27,2026-08-25
0.9840752804922186,0.9577549788774894,1.0,1.0,1.0,0.0,1.0,1.0,1.0,1.0,1.0,0.5506591796875,0.111328125,0.050048828125,-0.020904541015625,-0.027099609375,0.00634765625,T,4,2026-08-24_23-25-27,2026-08-25
0.9833514296055013,0.9468919734459867,1.0,1.0,1.0,0.0,1.0,1.0,1.0,1.0,1.0,0.5450439453125,0.103515625,0.0509033203125,-0.018096923828125,-0.025360107421875,0.009002685546875,T,4,2026-08-24_23-25-27,2026-08-25
0.9761129207383279,0.936028968014484,1.0,1.0,1.0,0.0,1.0,1.0,1.0,1.0,1.0,0.5411376953125,0.1038818359375,0.0513916015625,-0.016632080078125,-0.01513671875,0.008209228515625,T,4,2026-08-24_23-25-27,2026-08-25
0.9855229822656533,0.936028968014484,0.9864864864864865,1.0,1.0,0.0,1.0,1.0,1.0,1.0,1.0,0.54736328125,0.0992431640625,0.0498046875,-0.013824462890625,-0.007293701171875,0.008056640625,T,4,2026-08-24_23-25-27,2026-08-25
0.9833514296055013,0.9408569704284853,1.0,1.0,1.0,0.0,1.0,1.0,1.0,1.0,1.0,0.55224609375,0.096923828125,0.04443359375,-0.010986328125,-0.007415771484375,0.0096435546875,T,4,2026-08-24_23-25-27,2026-08-25
0.9949330437929786,0.9396499698249849,0.9932432432432432,1.0,1.0,0.0,1.0,1.0,1.0,1.0,1.0,0.546630859375,0.0938720703125,0.047119140625,-0.012786865234375,-0.008209228515625,0.007720947265625,T,4,2026-08-24_23-25-27,2026-08-25
0.9884183858125226,0.9299939649969825,1.0,1.0,1.0,0.0,1.0,1.0,1.0,1.0,1.0,0.5499267578125,0.096435546875,0.046630859375,-0.015716552734375,-0.005157470703125,0.0047607421875,T,4,2026-08-24_23-25-27,2026-08-25
0.9847991313789359,0.9348219674109837,0.9932432432432432,1.0,1.0,0.0,1.0,1.0,1.0,1.0,1.0,0.5526123046875,0.1024169921875,0.0533447265625,-0.02215576171875,0.00042724609375,0.005401611328125,T,4,2026-08-24_23-25-27,2026-08-25
0.9840752804922186,0.9408569704284853,1.0,1.0,1.0,0.0,1.0,1.0,1.0,1.0,1.0,0.5516357421875,0.10302734375,0.05517578125,-0.0184326171875,-0.00555419921875,0.007110595703125,T,4,2026-08-24_23-25-27,2026-08-25
0.9876945349258053,0.9420639710319855,1.0,1.0,1.0,0.0,1.0,1.0,1.0,1.0,1.0,0.54931640625,0.1016845703125,0.050048828125,-0.016204833984375,-0.0074462890625,0.00823974609375,T,4,2026-08-24_23-25-27,2026-08-25
0.9840752804922186,0.9372359686179843,1.0,1.0,1.0,0.0,1.0,1.0,1.0,1.0,1.0,0.5455322265625,0.1038818359375,0.054931640625,-0.014007568359375,-0.00775146484375,0.005096435546875,T,4,2026-08-24_23-25-27,2026-08-25
0.9782844733984799,0.9215449607724804,0.9932432432432432,1.0,1.0,0.0,1.0,1.0,1.0,1.0,1.0,0.552978515625,0.104248046875,0.05224609375,-0.0120849609375,-0.0037841796875,0.007965087890625,T,4,2026-08-24_23-25-27,2026-08-25
0.9819037278320666,0.9348219674109837,1.0,1.0,1.0,0.0,1.0,1.0,1.0,1.0,1.0,0.5499267578125,0.1026611328125,0.0576171875,-0.01849365234375,-0.0064697265625,0.0093994140625,T,4,2026-08-24_23-25-27,2026-08-25
0.9847991313789359,0.9384429692214846,1.0,1.0,1.0,0.0,1.0,1.0,1.0,1.0,1.0,0.5504150390625,0.1009521484375,0.0560302734375,-0.02056884765625,-0.00799560546875,0.01068115234375,T,4,2026-08-24_23-25-27,2026-08-25
0.9884183858125226,0.9420639710319855,1.0,1.0,1.0,0.0,1.0,1.0,1.0,1.0,1.0,0.5462646484375,0.1036376953125,0.05419921875,-0.0169677734375,-0.009918212890625,0.010040283203125,T,4,2026-08-24_23-25-27,2026-08-25
0.9869706840390879,0.9420639710319855,1.0,1.0,1.0,0.0,1.0,1.0,1.0,1.0,1.0,0.5479736328125,0.099609375,0.054931640625,-0.012786865234375,-0.004730224609375,0.00982666015625,T,4,2026-08-24_23-25-27,2026-08-25
0.9884183858125226,0.9384429692214846,1.0,1.0,1.0,0.0,1.0,1.0,1.0,1.0,1.0,0.552001953125,0.100341796875,0.0572509765625,-0.009490966796875,-0.01141357421875,0.009796142578125,T,4,2026-08-24_23-25-27,2026-08-25
0.9847991313789359,0.9348219674109837,1.0,1.0,1.0,0.0,1.0,1.0,1.0,1.0,1.0,0.5491943359375,0.1005859375,0.052734375,0.00225830078125,-0.012725830078125,0.01312255859375,T,4,2026-08-24_23-25-27,2026-08-25
0.9847991313789359,0.9396499698249849,1.0,1.0,1.0,0.0,1.0,1.0,1.0,1.0,1.0,0.5439453125,0.08544921875,0.0484619140625,-0.007171630859375,-0.007049560546875,0.00592041015625,T,4,2026-08-24_23-25-27,2026-08-25
0.9826275787187839,0.9384429692214846,0.9887387387387387,1.0,1.0,0.0,1.0,1.0,1.0,1.0,1.0,0.5517578125,0.0997314453125,0.0562744140625,-0.013092041015625,-0.00103759765625,0.0040283203125,T,4,2026-08-24_23-25-27,2026-08-25
0.9833514296055013,0.9287869643934822,1.0,1.0,1.0,0.0,1.0,1.0,1.0,1.0,1.0,0.5552978515625,0.0955810546875,0.05029296875,-0.017333984375,-0.010162353515625,0.00604248046875,T,4,2026-08-24_23-25-27,2026-08-25
0.9833514296055013,0.936028968014484,1.0,1.0,1.0,0.0,1.0,1.0,1.0,1.0,1.0,0.5474853515625,0.0980224609375,0.0504150390625,-0.019195556640625,-0.0078125,0.008636474609375,T,4,2026-08-24_23-25-27,2026-08-25
0.9724936663047412,0.936028968014484,1.0,1.0,1.0,0.0,1.0,1.0,1.0,1.0,1.0,0.5458984375,0.1007080078125,0.0474853515625,-0.005218505859375,-0.001922607421875,0.007720947265625,T,4,2026-08-24_23-25-27,2026-08-25
0.9790083242851972,0.9299939649969825,1.0,1.0,1.0,0.0,1.0,1.0,1.0,1.0,1.0,0.5616455078125,0.08447265625,0.05322265625,-0.01239013671875,-0.012542724609375,3.0517578125e-05,T,4,2026-08-24_23-25-27,2026-08-25
0.9833514296055013,0.9372359686179843,1.0,1.0,1.0,0.0,1.0,1.0,1.0,1.0,1.0,0.5482177734375,0.0982666015625,0.052001953125,-0.01568603515625,-0.01336669921875,-0.000274658203125,T,4,2026-08-24_23-25-27,2026-08-25
0.9855229822656533,0.9299939649969825,1.0,1.0,1.0,0.0,1.0,1.0,1.0,1.0,1.0,0.548095703125,0.10107421875,0.0494384765625,-0.013153076171875,-0.00732421875,0.004150390625,T,4,2026-08-24_23-25-27,2026-08-25
0.9833514296055013,0.9299939649969825,1.0,1.0,1.0,0.0,1.0,1.0,1.0,1.0,1.0,0.54931640625,0.1007080078125,0.04736328125,-0.020782470703125,0.001617431640625,0.003814697265625,T,4,2026-08-24_23-25-27,2026-08-25
0.9804560260586319,1.0,0.0,0.16129032258064516,0.9554140127388535,1.0,1.0,0.0,1.0,1.0,0.0,0.550048828125,0.0755615234375,-0.0780029296875,-0.0123291015625,-0.00433349609375,0.002716064453125,U,0,2026-08-24_23-25-27,2026-08-25
0.9768367716250452,1.0,0.0,0.08602150537634409,1.0,1.0,1.0,0.0,1.0,1.0,0.0,0.5411376953125,0.0784912109375,-0.068603515625,-0.006439208984375,-0.004486083984375,0.004119873046875,U,0,2026-08-24_23-25-27,2026-08-25
0.9732175171914585,1.0,0.0,0.10752688172043011,1.0,1.0,1.0,0.0,1.0,1.0,0.0,0.54736328125,0.0782470703125,-0.06982421875,0.001708984375,-0.001373291015625,0.003997802734375,U,0,2026-08-24_23-25-27,2026-08-25
0.9739413680781759,1.0,0.0,0.14516129032258066,1.0,1.0,1.0,0.0,1.0,1.0,0.0,0.547119140625,0.0709228515625,-0.073486328125,-0.009521484375,-0.003631591796875,0.0030517578125,U,0,2026-08-24_23-25-27,2026-08-25
0.9782844733984799,1.0,0.0,0.14516129032258066,1.0,1.0,1.0,0.0,1.0,1.0,0.0,0.545654296875,0.082275390625,-0.0692138671875,-0.023895263671875,-0.007598876953125,0.00201416015625,U,0,2026-08-24_23-25-27,2026-08-25
0.9761129207383279,1.0,0.0,0.13978494623655913,1.0,1.0,1.0,0.0,1.0,1.0,0.0,0.547119140625,0.084228515625,-0.068359375,-0.0174560546875,-0.01397705078125,0.0035400390625,U,0,2026-08-24_23-25-27,2026-08-25
0.9739413680781759,1.0,0.0,0.15591397849462366,1.0,1.0,1.0,0.0,1.0,1.0,0.0,0.548583984375,0.083251953125,-0.07177734375,-0.006072998046875,-0.0111083984375,0.001495361328125,U,0,2026-08-24_23-25-27,2026-08-25
0.9703221136445892,1.0,0.0,0.14516129032258066,1.0,1.0,1.0,0.0,1.0,1.0,0.0,0.545654296875,0.086181640625,-0.0745849609375,-0.009124755859375,-0.00994873046875,-9.1552734375e-05,U,0,2026-08-24_23-25-27,2026-08-25
0.9768367716250452,1.0,0.0,0.16129032258064516,1.0,1.0,1.0,0.0,1.0,1.0,0.0,0.5394287109375,0.08154296875,-0.085693359375,-0.00537109375,-0.009124755859375,0.00421142578125,U,0,2026-08-24_23-25-27,2026-08-25
0.9782844733984799,1.0,0.0,0.14516129032258066,1.0,1.0,1.0,0.0,1.0,1.0,0.0,0.548583984375,0.0772705078125,-0.086181640625,-0.011962890625,-0.008331298828125,0.00506591796875,U,0,2026-08-24_23-25-27,2026-08-25
0.9717698154180239,1.0,0.0,0.14516129032258066,1.0,1.0,1.0,0.0,1.0,1.0,0.0,0.546875,0.0841064453125,-0.0848388671875,-0.014495849609375,-0.011993408203125,0.00567626953125,U,0,2026-08-24_23-25-27,2026-08-25
0.9710459645313065,1.0,0.0,0.14516129032258066,1.0,1.0,1.0,0.0,1.0,1.0,0.0,0.54638671875,0.08251953125,-0.08203125,-0.01214599609375,-0.01129150390625,0.00482177734375,U,0,2026-08-24_23-25-27,2026-08-25
0.9761129207383279,1.0,0.0,0.11290322580645161,0.9808917197452229,1.0,1.0,0.0,1.0,1.0,0.0,0.547119140625,0.08154296875,-0.0831298828125,-0.00738525390625,-0.011444091796875,0.003021240234375,U,0,2026-08-24_23-25-27,2026-08-25
0.9710459645313065,1.0,0.0,0.11290322580645161,1.0,1.0,1.0,0.0,1.0,1.0,0.0,0.54638671875,0.083984375,-0.0772705078125,-0.012176513671875,-0.01751708984375,0.00433349609375,U,0,2026-08-24_23-25-27,2026-08-25
0.9724936663047412,1.0,0.0,0.13440860215053763,1.0,1.0,1.0,0.0,1.0,1.0,0.0,0.550537109375,0.0845947265625,-0.0838623046875,0.006011962890625,-0.021209716796875,0.004150390625,U,0,2026-08-24_23-25-27,2026-08-25
0.9797321751719146,1.0,0.0,0.17204301075268819,1.0,1.0,1.0,0.0,1.0,1.0,0.0,0.5499267578125,0.0706787109375,-0.09033203125,0.0047607421875,-0.010040283203125,0.000518798828125,U,0,2026-08-24_23-25-27,2026-08-25
0.9746652189648932,1.0,0.0,0.16129032258064516,0.9299363057324841,1.0,1.0,0.0,1.0,1.0,0.0,0.5435791015625,0.076904296875,-0.0828857421875,-0.01446533203125,-0.002349853515625,-0.00250244140625,U,0,2026-08-24_23-25-27,2026-08-25
0.9753890698516106,0.96016898008449,0.0,0.12903225806451613,1.0,1.0,1.0,0.0,1.0,1.0,0.0,0.543701171875,0.085205078125,-0.0811767578125,-0.01763916015625,-0.001861572265625,0.0030517578125,U,0,2026-08-24_23-25-27,2026-08-25
0.9746652189648932,0.9625829812914907,0.0,0.14516129032258066,1.0,1.0,1.0,0.0,1.0,1.0,0.0,0.5462646484375,0.0848388671875,-0.0794677734375,-0.03363037109375,-0.005462646484375,0.0064697265625,U,0,2026-08-24_23-25-27,2026-08-25
0.9753890698516106,0.9589619794809897,0.0,0.15053763440860216,1.0,1.0,1.0,0.0,1.0,1.0,0.0,0.546875,0.0845947265625,-0.0758056640625,-0.037109375,-0.00970458984375,0.004730224609375,U,0,2026-08-24_23-25-27,2026-08-25
0.9732175171914585,0.9577549788774894,0.0,0.14516129032258066,1.0,1.0,1.0,0.0,1.0,1.0,0.0,0.5462646484375,0.0928955078125,-0.072509765625,-0.016693115234375,-0.005340576171875,0.00640869140625,U,0,2026-08-24_23-25-27,2026-08-25
0.9732175171914585,0.9553409776704889,0.0,0.14516129032258066,1.0,1.0,1.0,0.0,1.0,1.0,0.0,0.5487060546875,0.0831298828125,-0.0743408203125,-0.002349853515625,-0.009002685546875,0.004425048828125,U,0,2026-08-24_23-25-27,2026-08-25
0.9768367716250452,0.9625829812914907,0.0,0.1989247311827957,1.0,1.0,1.0,0.0,1.0,1.0,0.0,0.54345703125,0.077880859375,-0.084228515625,-0.010284423828125,-0.00927734375,0.00408935546875,U,0,2026-08-24_23-25-27,2026-08-25
0.9732175171914585,0.9553409776704889,0.0,0.14516129032258066,0.9299363057324841,1.0,1.0,0.0,1.0,1.0,0.0,0.544921875,0.083740234375,-0.08203125,-0.013275146484375,-0.007537841796875,0.00018310546875,U,0,2026-08-24_23-25-27,2026-08-25
0.9753890698516106,0.9613759806879904,0.0,0.16666666666666666,1.0,1.0,1.0,0.0,1.0,1.0,0.0,0.539794921875,0.0875244140625,-0.0833740234375,-0.014434814453125,-0.00738525390625,0.00408935546875,U,0,2026-08-24_23-25-27,2026-08-25
0.9717698154180239,0.9565479782739892,0.0,0.17204301075268819,1.0,1.0,1.0,0.0,1.0,1.0,0.0,0.5452880859375,0.0762939453125,-0.081298828125,-0.0057373046875,-0.00262451171875,0.00946044921875,U,0,2026-08-24_23-25-27,2026-08-25
0.9703221136445892,0.9625829812914907,0.0,0.12903225806451613,0.9808917197452229,1.0,1.0,0.0,1.0,1.0,0.0,0.5484619140625,0.0782470703125,-0.0819091796875,-0.014678955078125,-0.00439453125,0.007354736328125,U,0,2026-08-24_23-25-27,2026-08-25
0.9695982627578719,0.9589619794809897,0.0,0.1774193548387097,0.9936305732484076,1.0,1.0,0.0,1.0,1.0,0.0,0.5501708984375,0.0811767578125,-0.0760498046875,-0.012451171875,-0.011444091796875,0.0068359375,U,0,2026-08-24_23-25-27,2026-08-25
0.9746652189648932,0.963789981894991,0.0,0.1935483870967742,1.0,1.0,1.0,0.0,1.0,1.0,0.0,0.5487060546875,0.0758056640625,-0.07568359375,-0.012542724609375,-0.014068603515625,0.001556396484375,U,0,2026-08-24_23-25-27,2026-08-25
0.9753890698516106,0.9589619794809897,0.0,0.15053763440860216,1.0,1.0,1.0,0.0,1.0,1.0,0.0,0.5391845703125,0.0826416015625,-0.077392578125,0.001983642578125,-0.010284423828125,0.00384521484375,U,0,2026-08-24_23-25-27,2026-08-25
0.9703221136445892,0.9541339770669885,0.0,0.12903225806451613,1.0,1.0,1.0,0.0,1.0,1.0,0.0,0.54052734375,0.0819091796875,-0.0784912109375,0.006256103515625,-0.002777099609375,0.007476806640625,U,0,2026-08-24_23-25-27,2026-08-25
0.9761129207383279,0.9698249849124925,0.0,0.14516129032258066,1.0,1.0,1.0,0.0,1.0,1.0,0.0,0.542724609375,0.0728759765625,-0.086669921875,-0.01318359375,-0.006256103515625,0.005950927734375,U,0,2026-08-24_23-25-27,2026-08-25
0.9710459645313065,0.9625829812914907,0.0,0.14516129032258066,1.0,1.0,1.0,0.0,1.0,1.0,0.0,0.552734375,0.0755615234375,-0.08251953125,-0.0213623046875,-0.0125732421875,0.00531005859375,U,0,2026-08-24_23-25-27,2026-08-25
0.9739413680781759,0.96016898008449,0.0,0.1774193548387097,0.9681528662420382,1.0,1.0,0.0,1.0,1.0,0.0,0.5457763671875,0.076416015625,-0.0787353515625,-0.022369384765625,-0.018096923828125,0.001373291015625,U,0,2026-08-24_23-25-27,2026-08-25
0.9768367716250452,0.9613759806879904,0.0,0.12903225806451613,1.0,1.0,1.0,0.0,1.0,1.0,0.0,0.5433349609375,0.0791015625,-0.0794677734375,-0.0150146484375,-0.011810302734375,0.001220703125,U,0,2026-08-24_23-25-27,2026-08-25
0.9695982627578719,0.9553409776704889,0.0,0.16129032258064516,1.0,1.0,1.0,0.0,1.0,1.0,0.0,0.5411376953125,0.078857421875,-0.0850830078125,-0.0001220703125,-0.0032958984375,0.001495361328125,U,0,2026-08-24_23-25-27,2026-08-25
0.9710459645313065,0.9529269764634882,0.0,0.14516129032258066,1.0,1.0,1.0,0.0,1.0,1.0,0.0,0.5457763671875,0.078125,-0.0889892578125,-0.01666259765625,-0.003082275390625,0.0,U,0,2026-08-24_23-25-27,2026-08-25
0.9717698154180239,0.96016898008449,0.0,0.1935483870967742,1.0,1.0,1.0,0.0,1.0,1.0,0.0,0.546875,0.0806884765625,-0.080810546875,-0.028350830078125,-0.01177978515625,0.00030517578125,U,0,2026-08-24_23-25-27,2026-08-25
0.9761129207383279,0.9577549788774894,0.0,0.1935483870967742,1.0,1.0,1.0,0.0,1.0,1.0,0.0,0.544189453125,0.0791015625,-0.086669921875,-0.045654296875,-0.011749267578125,0.00213623046875,U,0,2026-08-24_23-25-27,2026-08-25
0.9710459645313065,0.9577549788774894,0.0,0.17204301075268819,1.0,1.0,1.0,0.0,1.0,1.0,0.0,0.5458984375,0.092041015625,-0.08740234375,-0.048187255859375,-0.00250244140625,0.00732421875,U,0,2026-08-24_23-25-27,2026-08-25
0.933405718422005,0.9456849728424864,0.0,0.0913978494623656,0.43312101910828027,1.0,1.0,0.0,1.0,1.0,0.0,0.5660400390625,0.0865478515625,-0.0601806640625,-0.0106201171875,-0.02728271484375,-0.00067138671875,U,1,2026-08-24_23-25-27,2026-08-25
0.9319580166485704,0.936028968014484,0.0,0.08064516129032258,0.445859872611465,1.0,1.0,0.0,1.0,1.0,0.0,0.5147705078125,0.101806640625,-0.0592041015625,0.0404052734375,-0.01239013671875,0.0084228515625,U,1,2026-08-24_23-25-27,2026-08-25
0.9297864639884184,0.9420639710319855,0.0,0.07526881720430108,0.36942675159235666,1.0,1.0,0.0,1.0,1.0,0.0,0.5377197265625,0.0718994140625,-0.086181640625,0.07562255859375,0.032958984375,0.001678466796875,U,1,2026-08-24_23-25-27,2026-08-25
0.931234165761853,0.9420639710319855,0.0,0.05913978494623656,0.445859872611465,1.0,1.0,0.0,1.0,1.0,0.0,0.5654296875,0.04833984375,-0.094482421875,0.011199951171875,0.0350341796875,-0.007110595703125,U,1,2026-08-24_23-25-27,2026-08-25
0.9305103148751357,0.9082679541339771,0.0,0.043010752688172046,0.4968152866242038,1.0,1.0,0.0,1.0,1.0,0.0,0.5775146484375,0.08056640625,-0.059814453125,-0.0628662109375,-0.042999267578125,-0.01513671875,U,1,2026-08-24_23-25-27,2026-08-25
0.9297864639884184,0.9034399517199758,0.0,0.10752688172043011,0.40764331210191085,1.0,1.0,0.0,1.0,1.0,0.0,0.4921875,0.095458984375,-0.046630859375,-0.03009033203125,-0.04949951171875,-0.002166748046875,U,1,2026-08-24_23-25-27,2026-08-25
0.9305103148751357,0.8974049487024743,0.0,0.0913978494623656,0.40764331210191085,1.0,1.0,0.0,1.0,1.0,0.0,0.5350341796875,0.0914306640625,-0.0689697265625,0.04986572265625,0.02032470703125,0.0030517578125,U,1,2026-08-24_23-25-27,2026-08-25
0.931234165761853,0.9010259505129753,0.0,0.0913978494623656,0.40764331210191085,1.0,1.0,0.0,1.0,1.0,0.0,0.557861328125,0.0631103515625,-0.0740966796875,0.011932373046875,0.03778076171875,-0.011383056640625,U,1,2026-08-24_23-25-27,2026-08-25
0.9297864639884184,0.9010259505129753,0.0,0.08602150537634409,0.4585987261146497,1.0,1.0,0.0,1.0,1.0,0.0,0.5753173828125,0.095458984375,-0.04296875,-0.040191650390625,-0.025634765625,-0.0093994140625,U,1,2026-08-24_23-25-27,2026-08-25
0.9305103148751357,0.9034399517199758,0.0,0.08602150537634409,0.42038216560509556,1.0,1.0,0.0,1.0,1.0,0.0,0.5386962890625,0.1129150390625,-0.041259765625,-0.017730712890625,-0.05523681640625,0.00555419921875,U,1,2026-08-24_23-25-27,2026-08-25
0.926891060441549,0.9046469523234761,0.0,0.12365591397849462,0.40764331210191085,1.0,1.0,0.0,1.0,1.0,0.0,0.527099609375,0.11474609375,-0.064453125,0.059783935546875,0.0042724609375,0.019287109375,U,1,2026-08-24_23-25-27,2026-08-25
0.9297864639884184,0.9058539529269765,0.0,0.11290322580645161,0.42038216560509556,1.0,1.0,0.0,1.0,1.0,0.0,0.5406494140625,0.082763671875,-0.0809326171875,0.09521484375,0.041229248046875,0.008331298828125,U,1,2026-08-24_23-25-27,2026-08-25
0.9283387622149837,1.0,0.0,0.08064516129032258,0.4968152866242038,1.0,1.0,0.0,1.0,1.0,0.0,0.569091796875,0.0767822265625,-0.091796875,0.06298828125,0.01385498046875,0.0042724609375,U,1,2026-08-24_23-25-27,2026-08-25
0.9283387622149837,0.9420639710319855,0.0,0.11827956989247312,0.40764331210191085,1.0,1.0,0.0,1.0,1.0,0.0,0.5501708984375,0.08056640625,-0.094482421875,0.0421142578125,-0.035675048828125,-0.00030517578125,U,1,2026-08-24_23-25-27,2026-08-25
0.9276149113282663,0.9529269764634882,0.0,0.12365591397849462,0.43312101910828027,1.0,1.0,0.0,1.0,1.0,0.0,0.53662109375,0.0908203125,-0.103515625,0.083770751953125,-0.020660400390625,0.008880615234375,U,1,2026-08-24_23-25-27,2026-08-25
0.929062613101701,0.9275799637899819,0.0,0.10752688172043011,0.4585987261146497,1.0,1.0,0.0,1.0,1.0,0.0,0.5303955078125,0.0770263671875,-0.117431640625,0.142120361328125,0.023529052734375,-0.0025634765625,U,1,2026-08-24_23-25-27,2026-08-25
0.9319580166485704,0.9046469523234761,0.0,0.08064516129032258,0.43312101910828027,1.0,1.0,0.0,1.0,1.0,0.0,0.5504150390625,0.0640869140625,-0.126708984375,0.16119384765625,0.045501708984375,-0.01849365234375,U,1,2026-08-24_23-25-27,2026-08-25
0.9254433586681143,0.9855159927579964,0.0,0.11290322580645161,0.445859872611465,1.0,1.0,0.0,1.0,1.0,0.0,0.553955078125,0.0306396484375,-0.1300048828125,0.07940673828125,0.049713134765625,-0.032623291015625,U,1,2026-08-24_23-25-27,2026-08-25
0.9305103148751357,1.0,0.0,0.0967741935483871,0.36942675159235666,1.0,1.0,0.0,1.0,1.0,0.0,0.5416259765625,0.0723876953125,-0.0897216796875,-0.003997802734375,0.036590576171875,-0.035369873046875,U,1,2026-08-24_23-25-27,2026-08-25
0.9305103148751357,1.0,0.0,0.10752688172043011,0.445859872611465,1.0,1.0,0.0,1.0,1.0,0.0,0.5283203125,0.0806884765625,-0.0625,-0.00390625,0.04705810546875,-0.013580322265625,U,1,2026-08-24_23-25-27,2026-08-25
0.926891060441549,0.9396499698249849,0.0,0.10752688172043011,0.42038216560509556,1.0,1.0,0.0,1.0,1.0,0.0,0.53564453125,0.07470703125,-0.0555419921875,-0.0025634765625,0.074493408203125,-0.010223388671875,U,1,2026-08-24_23-25-27,2026-08-25
0.9297864639884184,0.9010259505129753,0.0,0.13978494623655913,0.4713375796178344,1.0,1.0,0.0,1.0,1.0,0.0,0.5616455078125,0.076904296875,-0.031494140625,-0.018798828125,0.064483642578125,-0.0211181640625,U,1,2026-08-24_23-25-27,2026-08-25
0.924719507781397,0.9034399517199758,0.0,0.13978494623655913,0.40764331210191085,1.0,1.0,0.0,1.0,1.0,0.0,0.5673828125,0.0848388671875,-0.01318359375,-0.02178955078125,0.0113525390625,-0.028594970703125,U,1,2026-08-24_23-25-27,2026-08-25
0.9276149113282663,0.923958961979481,0.0,0.13978494623655913,0.42038216560509556,1.0,1.0,0.0,1.0,1.0,0.0,0.54345703125,0.0975341796875,-0.0174560546875,-0.005035400390625,0.000213623046875,-0.021209716796875,U,1,2026-08-24_23-25-27,2026-08-25
0.926891060441549,0.9143029571514786,0.0,0.12903225806451613,0.36942675159235666,1.0,1.0,0.0,1.0,1.0,0.0,0.5400390625,0.092529296875,-0.0343017578125,0.019775390625,0.02764892578125,-0.016265869140625,U,1,2026-08-24_23-25-27,2026-08-25
0.9261672095548317,0.9227519613759807,0.0,0.14516129032258066,0.40764331210191085,1.0,1.0,0.0,1.0,1.0,0.0,0.5479736328125,0.0902099609375,-0.0390625,0.016357421875,0.039154052734375,-0.012451171875,U,1,2026-08-24_23-25-27,2026-08-25
0.9261672095548317,0.9143029571514786,0.0,0.16129032258064516,0.40764331210191085,1.0,1.0,0.0,1.0,1.0,0.0,0.5595703125,0.0838623046875,-0.03759765625,-0.008697509765625,0.0184326171875,-0.01361083984375,U,1,2026-08-24_23-25-27,2026-08-25
0.9254433586681143,0.8986119493059747,0.0,0.0967741935483871,0.3821656050955414,1.0,1.0,0.0,1.0,1.0,0.0,0.551513671875,0.0943603515625,-0.035400390625,-0.02532958984375,0.0107421875,-0.017822265625,U,1,2026-08-24_23-25-27,2026-08-25
0.924719507781397,0.8986119493059747,0.0,0.14516129032258066,0.445859872611465,1.0,1.0,0.0,1.0,1.0,0.0,0.5509033203125,0.1065673828125,-0.031982421875,-0.008056640625,0.015106201171875,-0.015655517578125,U,1,2026-08-24_23-25-27,2026-08-25
0.926891060441549,0.896197948098974,0.0,0.13440860215053763,0.39490445859872614,1.0,1.0,0.0,1.0,1.0,0.0,0.5572509765625,0.1055908203125,-0.0384521484375,-0.00115966796875,0.003662109375,-0.015106201171875,U,1,2026-08-24_23-25-27,2026-08-25
0.924719507781397,0.899818949909475,0.0,0.14516129032258066,0.39490445859872614,1.0,1.0,0.0,1.0,1.0,0.0,0.54638671875,0.1192626953125,-0.03466796875,-0.0023193359375,9.1552734375e-05,-0.0081787109375,U,1,2026-08-24_23-25-27,2026-08-25
0.9283387622149837,0.9010259505129753,0.0,0.11290322580645161,0.4840764331210191,1.0,1.0,0.0,1.0,1.0,0.0,0.5382080078125,0.115234375,-0.05126953125,0.009979248046875,0.002838134765625,-9.1552734375e-05,U,1,2026-08-24_23-25-27,2026-08-25
0.9305103148751357,0.9034399517199758,0.0,0.14516129032258066,0.4585987261146497,1.0,1.0,0.0,1.0,1.0,0.0,0.55419921875,0.104736328125,-0.0572509765625,-0.0166015625,0.004638671875,0.009735107421875,U,1,2026-08-24_23-25-27,2026-08-25
0.924719507781397,0.9022329511164756,0.0,0.14516129032258066,0.40764331210191085,1.0,1.0,0.0,1.0,1.0,0.0,0.557373046875,0.1085205078125,-0.0501708984375,-0.03717041015625,-0.01959228515625,0.01104736328125,U,1,2026-08-24_23-25-27,2026-08-25
0.9319580166485704,0.9034399517199758,0.0,0.12903225806451613,0.42038216560509556,1.0,1.0,0.0,1.0,1.0,0.0,0.5455322265625,0.1085205078125,-0.051025390625,-0.017822265625,-0.0181884765625,0.014434814453125,U,1,2026-08-24_23-25-27,2026-08-25
0.9283387622149837,0.8974049487024743,0.0,0.07526881720430108,0.445859872611465,1.0,1.0,0.0,1.0,1.0,0.0,0.5416259765625,0.1005859375,-0.0609130859375,-0.004364013671875,-0.00054931640625,0.010223388671875,U,1,2026-08-24_23-25-27,2026-08-25
0.929062613101701,0.9010259505129753,0.0,0.14516129032258066,0.42038216560509556,1.0,1.0,0.0,1.0,1.0,0.0,0.5550537109375,0.09130859375,-0.0609130859375,-0.01507568359375,0.00762939453125,0.01153564453125,U,1,2026-08-24_23-25-27,2026-08-25
0.926891060441549,0.899818949909475,0.0,0.12903225806451613,0.4585987261146497,1.0,1.0,0.0,1.0,1.0,0.0,0.561767578125,0.0933837890625,-0.05078125,-0.03240966796875,-0.01519775390625,0.00927734375,U,1,2026-08-24_23-25-27,2026-08-25
0.924719507781397,0.9010259505129753,0.0,0.11827956989247312,0.43312101910828027,1.0,1.0,0.0,1.0,1.0,0.0,0.54296875,0.1004638671875,-0.04736328125,-0.028839111328125,-0.031463623046875,0.0142822265625,U,1,2026-08-24_23-25-27,2026-08-25
0.9254433586681143,0.9010259505129753,0.0,0.0967741935483871,0.40764331210191085,1.0,1.0,0.0,1.0,1.0,0.0,0.545166015625,0.0931396484375,-0.060791015625,-0.02252197265625,-0.020721435546875,0.01153564453125,U,1,2026-08-24_23-25-27,2026-08-25
0.9963807455664133,0.9734459867229933,0.0,0.3225806451612903,0.6114649681528662,1.0,1.0,0.0,1.0,1.0,0.0,0.5546875,0.05615234375,-0.0762939453125,-0.009918212890625,-0.003326416015625,0.0030517578125,U,2,2026-08-24_23-25-27,2026-08-25
1.0,0.9806879903439951,0.0,0.3655913978494624,0.5987261146496815,1.0,1.0,0.0,1.0,1.0,0.0,0.54736328125,0.0655517578125,-0.0692138671875,-0.010040283203125,-0.00799560546875,-0.000274658203125,U,2,2026-08-24_23-25-27,2026-08-25
0.995656894679696,0.9746529873264936,0.0,0.3225806451612903,0.6242038216560509,1.0,1.0,0.0,1.0,1.0,0.0,0.5506591796875,0.0545654296875,-0.074951171875,-0.002716064453125,-0.011444091796875,-0.000335693359375,U,2,2026-08-24_23-25-27,2026-08-25
1.0,0.9770669885334943,0.0,0.3333333333333333,0.6496815286624203,1.0,1.0,0.0,1.0,1.0,0.0,0.5511474609375,0.0606689453125,-0.0755615234375,-0.01544189453125,-0.007080078125,0.000244140625,U,2,2026-08-24_23-25-27,2026-08-25
0.9992761491132827,0.9806879903439951,0.0,0.34946236559139787,0.6496815286624203,1.0,1.0,0.0,1.0,1.0,0.0,0.5540771484375,0.065185546875,-0.064453125,-0.008941650390625,-0.003814697265625,-9.1552734375e-05,U,2,2026-08-24_23-25-27,2026-08-25
0.995656894679696,0.9782739891369946,0.0,0.4032258064516129,0.6114649681528662,1.0,1.0,0.0,1.0,1.0,0.0,0.554443359375,0.063232421875,-0.067626953125,-0.015045166015625,-0.003021240234375,0.0013427734375,U,2,2026-08-24_23-25-27,2026-08-25
0.9949330437929786,0.9722389861194931,0.0,0.3763440860215054,0.6242038216560509,1.0,1.0,0.0,1.0,1.0,0.0,0.5496826171875,0.0677490234375,-0.064697265625,-0.013336181640625,-0.005859375,0.00225830078125,U,2,2026-08-24_23-25-27,2026-08-25
0.9971045964531307,0.9806879903439951,0.0,0.3763440860215054,0.5859872611464968,1.0,1.0,0.0,1.0,1.0,0.0,0.550048828125,0.065185546875,-0.0633544921875,-0.0108642578125,-0.010223388671875,-6.103515625e-05,U,2,2026-08-24_23-25-27,2026-08-25
0.9985522982265653,0.9794809897404949,0.0,0.3817204301075269,0.6496815286624203,1.0,1.0,0.0,1.0,1.0,0.0,0.55322265625,0.0623779296875,-0.064697265625,-0.012176513671875,-0.0123291015625,-0.0032958984375,U,2,2026-08-24_23-25-27,2026-08-25
0.9971045964531307,0.9782739891369946,0.0,0.3709677419354839,0.6242038216560509,1.0,1.0,0.0,1.0,1.0,0.0,0.548583984375,0.07177734375,-0.064453125,-0.0123291015625,-0.01153564453125,0.001129150390625,U,2,2026-08-24_23-25-27,2026-08-25
0.9985522982265653,0.975859987929994,0.0,0.3870967741935484,0.5987261146496815,1.0,1.0,0.0,1.0,1.0,0.0,0.5540771484375,0.06787109375,-0.06689453125,-0.003753662109375,-0.008331298828125,0.00286865234375,U,2,2026-08-24_23-25-27,2026-08-25
0.991313789359392,0.9794809897404949,0.0,0.3763440860215054,0.6496815286624203,1.0,1.0,0.0,1.0,1.0,0.0,0.555908203125,0.06396484375,-0.0682373046875,-0.012237548828125,-0.00762939453125,0.003997802734375,U,2,2026-08-24_23-25-27,2026-08-25
0.9985522982265653,0.9794809897404949,0.0,0.3870967741935484,0.6624203821656051,1.0,1.0,0.0,1.0,1.0,0.0,0.5567626953125,0.06689453125,-0.07373046875,-0.0177001953125,-0.011810302734375,0.001800537109375,U,2,2026-08-24_23-25-27,2026-08-25
0.9992761491132827,0.9806879903439951,0.0,0.3870967741935484,0.6242038216560509,1.0,1.0,0.0,1.0,1.0,0.0,0.5477294921875,0.06982421875,-0.0701904296875,-0.011260986328125,-0.014801025390625,0.004669189453125,U,2,2026-08-24_23-25-27,2026-08-25
0.9949330437929786,0.9794809897404949,0.0,0.34946236559139787,0.6242038216560509,1.0,1.0,0.0,1.0,1.0,0.0,0.5469970703125,0.06298828125,-0.0714111328125,-0.001068115234375,-0.01104736328125,0.005035400390625,U,2,2026-08-24_23-25-27,2026-08-25
0.9963807455664133,0.9722389861194931,0.0,0.3763440860215054,0.6114649681528662,1.0,1.0,0.0,1.0,1.0,0.0,0.548583984375,0.0638427734375,-0.0712890625,-0.005615234375,-0.00469970703125,0.004852294921875,U,2,2026-08-24_23-25-27,2026-08-25
0.9985522982265653,0.9734459867229933,0.0,0.3655913978494624,0.5477707006369427,1.0,1.0,0.0,1.0,1.0,0.0,0.552001953125,0.0628662109375,-0.0689697265625,-0.003692626953125,-0.009613037109375,0.00396728515625,U,2,2026-08-24_23-25-27,2026-08-25
0.9971045964531307,0.9782739891369946,0.0,0.34946236559139787,0.6242038216560509,1.0,1.0,0.0,1.0,1.0,0.0,0.553466796875,0.056396484375,-0.0712890625,-0.011077880859375,-0.01898193359375,0.001495361328125,U,2,2026-08-24_23-25-27,2026-08-25
1.0,0.9782739891369946,0.0,0.34408602150537637,0.6369426751592356,1.0,1.0,0.0,1.0,1.0,0.0,0.548095703125,0.064697265625,-0.0648193359375,-0.012420654296875,-0.008148193359375,0.00421142578125,U,2,2026-08-24_23-25-27,2026-08-25
0.9985522982265653,0.975859987929994,0.0,0.4032258064516129,0.6114649681528662,1.0,1.0,0.0,1.0,1.0,0.0,0.5498046875,0.052978515625,-0.0732421875,-0.00177001953125,-0.0029296875,0.000152587890625,U,2,2026-08-24_23-25-27,2026-08-25
0.9949330437929786,0.9806879903439951,0.0,0.34946236559139787,0.6369426751592356,1.0,1.0,0.0,1.0,1.0,0.0,0.5518798828125,0.06103515625,-0.0728759765625,-0.01702880859375,-0.00592041015625,0.000701904296875,U,2,2026-08-24_23-25-27,2026-08-25
0.9949330437929786,0.9806879903439951,0.0,0.3763440860215054,0.535031847133758,1.0,1.0,0.0,1.0,1.0,0.0,0.54736328125,0.066162109375,-0.0672607421875,-0.012847900390625,-0.010711669921875,0.001220703125,U,2,2026-08-24_23-25-27,2026-08-25
0.9971045964531307,0.9782739891369946,0.0,0.3817204301075269,0.6496815286624203,1.0,1.0,0.0,1.0,1.0,0.0,0.5526123046875,0.0638427734375,-0.0657958984375,-0.01318359375,-0.013427734375,0.001007080078125,U,2,2026-08-24_23-25-27,2026-08-25
0.9855229822656533,0.9782739891369946,0.0,0.3333333333333333,0.6242038216560509,1.0,1.0,0.0,1.0,1.0,0.0,0.5501708984375,0.0701904296875,-0.0667724609375,-0.012847900390625,-0.006683349609375,0.00421142578125,U,2,2026-08-24_23-25-27,2026-08-25
0.9992761491132827,0.9806879903439951,0.0,0.3333333333333333,0.6242038216560509,1.0,1.0,0.0,1.0,1.0,0.0,0.5499267578125,0.0634765625,-0.0716552734375,-0.009429931640625,-0.008514404296875,0.004547119140625,U,2,2026-08-24_23-25-27,2026-08-25
1.0,0.9770669885334943,0.0,0.3172043010752688,0.5987261146496815,1.0,1.0,0.0,1.0,1.0,0.0,0.5533447265625,0.0631103515625,-0.0721435546875,-0.0157470703125,-0.011505126953125,0.00531005859375,U,2,2026-08-24_23-25-27,2026-08-25
0.9992761491132827,0.9794809897404949,0.0,0.3655913978494624,0.6242038216560509,1.0,1.0,0.0,1.0,1.0,0.0,0.5513916015625,0.0618896484375,-0.072998046875,-0.0172119140625,-0.016448974609375,0.003631591796875,U,2,2026-08-24_23-25-27,2026-08-25
0.9949330437929786,0.9770669885334943,0.0,0.3978494623655914,0.6369426751592356,1.0,1.0,0.0,1.0,1.0,0.0,0.54931640625,0.06103515625,-0.0731201171875,-0.01458740234375,-0.0137939453125,0.001739501953125,U,2,2026-08-24_23-25-27,2026-08-25
0.9985522982265653,0.9710319855159928,0.0,0.34408602150537637,0.6751592356687898,1.0,1.0,0.0,1.0,1.0,0.0,0.5423583984375,0.064697265625,-0.0738525390625,-0.015350341796875,-0.004150390625,0.0028076171875,U,2,2026-08-24_23-25-27,2026-08-25
0.993485342019544,0.9806879903439951,0.0,0.3709677419354839,0.535031847133758,1.0,1.0,0.0,1.0,1.0,0.0,0.546142578125,0.0657958984375,-0.0693359375,-0.008544921875,-0.00042724609375,0.0057373046875,U,2,2026-08-24_23-25-27,2026-08-25
0.9942091929062613,0.9698249849124925,0.0,0.34408602150537637,0.6369426751592356,1.0,1.0,0.0,1.0,1.0,0.0,0.5552978515625,0.055908203125,-0.0787353515625,-0.0186767578125,-0.005584716796875,0.002685546875,U,2,2026-08-24_23-25-27,2026-08-25
0.9985522982265653,0.9782739891369946,0.0,0.3225806451612903,0.5477707006369427,1.0,1.0,0.0,1.0,1.0,0.0,0.5499267578125,0.064697265625,-0.0706787109375,-0.02740478515625,-0.015289306640625,-0.000701904296875,U,2,2026-08-24_23-25-27,2026-08-25
0.997828447339848,0.9734459867229933,0.0,0.3924731182795699,0.6242038216560509,1.0,1.0,0.0,1.0,1.0,0.0,0.54931640625,0.068115234375,-0.069091796875,-0.016143798828125,-0.017547607421875,0.0018310546875,U,2,2026-08-24_23-25-27,2026-08-25
1.0,0.9806879903439951,0.0,0.3548387096774194,0.6114649681528662,1.0,1.0,0.0,1.0,1.0,0.0,0.5526123046875,0.0643310546875,-0.0758056640625,-0.0010986328125,-0.00286865234375,0.004486083984375,U,2,2026-08-24_23-25-27,2026-08-25
0.993485342019544,0.9734459867229933,0.0,0.3763440860215054,0.5477707006369427,1.0,1.0,0.0,1.0,1.0,0.0,0.5540771484375,0.0589599609375,-0.077392578125,-0.02166748046875,0.000823974609375,0.002838134765625,U,2,2026-08-24_23-25-27,2026-08-25
0.9971045964531307,0.9782739891369946,0.0,0.3279569892473118,0.6242038216560509,1.0,1.0,0.0,1.0,1.0,0.0,0.556640625,0.0679931640625,-0.0689697265625,-0.03033447265625,-0.0169677734375,0.00079345703125,U,2,2026-08-24_23-25-27,2026-08-25
0.995656894679696,0.9722389861194931,0.0,0.3548387096774194,0.6496815286624203,1.0,1.0,0.0,1.0,1.0,0.0,0.5504150390625,0.072265625,-0.0616455078125,-0.018463134765625,-0.021697998046875,0.004425048828125,U,2,2026-08-24_23-25-27,2026-08-25
0.9985522982265653,0.9746529873264936,0.0,0.3548387096774194,0.5222929936305732,1.0,1.0,0.0,1.0,1.0,0.0,0.5506591796875,0.065185546875,-0.0777587890625,0.0003662109375,-0.00836181640625,0.00311279296875,U,2,2026-08-24_23-25-27,2026-08-25
1.0,0.9806879903439951,0.0,0.3978494623655914,0.6242038216560509,1.0,1.0,0.0,1.0,1.0,0.0,0.5499267578125,0.0609130859375,-0.0745849609375,-0.005767822265625,0.00177001953125,0.0045166015625,U,2,2026-08-24_23-25-27,2026-08-25
0.9985522982265653,0.9782739891369946,0.0,0.3924731182795699,0.6114649681528662,1.0,1.0,0.0,1.0,1.0,0.0,0.5491943359375,0.058349609375,-0.0758056640625,-0.0189208984375,-0.006591796875,0.003326416015625,U,2,2026-08-24_23-25-27,2026-08-25
0.9992761491132827,0.9746529873264936,0.0,0.25806451612903225,0.5477707006369427,1.0,1.0,0.0,1.0,1.0,0.0,0.536865234375,0.0841064453125,-0.0848388671875,-0.0308837890625,-0.030792236328125,0.009124755859375,U,3,2026-08-24_23-25-27,2026-08-25
0.9992761491132827,0.9782739891369946,0.0,0.23118279569892472,0.5222929936305732,1.0,1.0,0.0,1.0,1.0,0.0,0.5364990234375,0.0775146484375,-0.1046142578125,0.003997802734375,-0.01397705078125,0.0087890625,U,3,2026-08-24_23-25-27,2026-08-25
0.9971045964531307,0.9734459867229933,0.0,0.21505376344086022,0.535031847133758,1.0,1.0,0.0,1.0,1.0,0.0,0.5433349609375,0.066650390625,-0.12158203125,-0.0008544921875,0.0001220703125,0.004486083984375,U,3,2026-08-24_23-25-27,2026-08-25
0.9971045964531307,0.9782739891369946,0.0,0.23118279569892472,0.445859872611465,1.0,1.0,0.0,1.0,1.0,0.0,0.5462646484375,0.0665283203125,-0.117919921875,-0.02459716796875,-0.01312255859375,0.003814697265625,U,3,2026-08-24_23-25-27,2026-08-25
1.0,0.9794809897404949,0.0,0.25268817204301075,0.40764331210191085,1.0,1.0,0.0,1.0,1.0,0.0,0.54345703125,0.0675048828125,-0.10888671875,-0.02142333984375,-0.027923583984375,0.004058837890625,U,3,2026-08-24_23-25-27,2026-08-25
0.9949330437929786,0.9674109837054918,0.0,0.23118279569892472,0.5222929936305732,1.0,1.0,0.0,1.0,1.0,0.0,0.5322265625,0.073974609375,-0.119873046875,-0.006134033203125,-0.00848388671875,0.008331298828125,U,3,2026-08-24_23-25-27,2026-08-25
0.995656894679696,0.9686179843089922,0.0,0.26881720430107525,0.4713375796178344,1.0,1.0,0.0,1.0,1.0,0.0,0.5380859375,0.0657958984375,-0.1214599609375,-0.012969970703125,0.007171630859375,-0.002532958984375,U,3,2026-08-24_23-25-27,2026-08-25
0.9963807455664133,0.9734459867229933,0.0,0.25806451612903225,0.4840764331210191,1.0,1.0,0.0,1.0,1.0,0.0,0.5435791015625,0.0704345703125,-0.11328125,-0.022552490234375,-0.001678466796875,-0.00323486328125,U,3,2026-08-24_23-25-27,2026-08-25
0.9942091929062613,0.9782739891369946,0.0,0.25806451612903225,0.4968152866242038,1.0,1.0,0.0,1.0,1.0,0.0,0.5389404296875,0.0732421875,-0.1046142578125,-0.015106201171875,-0.01910400390625,0.00225830078125,U,3,2026-08-24_23-25-27,2026-08-25
0.9942091929062613,0.9734459867229933,0.0,0.23655913978494625,0.4968152866242038,1.0,1.0,0.0,1.0,1.0,0.0,0.5399169921875,0.0687255859375,-0.114501953125,-0.008758544921875,-0.011016845703125,0.003875732421875,U,3,2026-08-24_23-25-27,2026-08-25
0.9949330437929786,0.9686179843089922,0.0,0.22580645161290322,0.40764331210191085,1.0,1.0,0.0,1.0,1.0,0.0,0.5438232421875,0.0721435546875,-0.1119384765625,-0.013763427734375,-0.00286865234375,0.000244140625,U,3,2026-08-24_23-25-27,2026-08-25
0.9949330437929786,0.9686179843089922,0.0,0.26344086021505375,0.535031847133758,1.0,1.0,0.0,1.0,1.0,0.0,0.5465087890625,0.0743408203125,-0.10791015625,-0.0062255859375,-0.0029296875,0.0029296875,U,3,2026-08-24_23-25-27,2026-08-25
0.9942091929062613,0.9734459867229933,0.0,0.24731182795698925,0.5222929936305732,1.0,1.0,0.0,1.0,1.0,0.0,0.54052734375,0.0697021484375,-0.1116943359375,-0.00860595703125,-0.01300048828125,0.00262451171875,U,3,2026-08-24_23-25-27,2026-08-25
0.993485342019544,0.9734459867229933,0.0,0.23118279569892472,0.445859872611465,1.0,1.0,0.0,1.0,1.0,0.0,0.540771484375,0.0712890625,-0.1131591796875,-0.012542724609375,-0.00860595703125,0.00396728515625,U,3,2026-08-24_23-25-27,2026-08-25
0.9949330437929786,0.9686179843089922,0.0,0.25806451612903225,0.4840764331210191,1.0,1.0,0.0,1.0,1.0,0.0,0.5443115234375,0.0716552734375,-0.113525390625,-0.016632080078125,-0.00970458984375,0.0006103515625,U,3,2026-08-24_23-25-27,2026-08-25
1.0,0.9674109837054918,0.0,0.24731182795698925,0.4585987261146497,1.0,1.0,0.0,1.0,1.0,0.0,0.5369873046875,0.0780029296875,-0.1116943359375,-0.00079345703125,-0.00433349609375,0.00506591796875,U,3,2026-08-24_23-25-27,2026-08-25
0.995656894679696,0.9746529873264936,0.0,0.23655913978494625,0.535031847133758,1.0,1.0,0.0,1.0,1.0,0.0,0.5372314453125,0.0709228515625,-0.1160888671875,0.00726318359375,-0.00140380859375,0.00299072265625,U,3,2026-08-24_23-25-27,2026-08-25
0.9971045964531307,0.9698249849124925,0.0,0.26881720430107525,0.4585987261146497,1.0,1.0,0.0,1.0,1.0,0.0,0.541748046875,0.065673828125,-0.121826171875,0.003143310546875,-0.000823974609375,-0.000579833984375,U,3,2026-08-24_23-25-27,2026-08-25
0.9869706840390879,0.9770669885334943,0.0,0.3010752688172043,0.535031847133758,1.0,1.0,0.0,1.0,1.0,0.0,0.5379638671875,0.0689697265625,-0.116455078125,0.007659912109375,-0.01165771484375,-0.004974365234375,U,3,2026-08-24_23-25-27,2026-08-25
0.991313789359392,0.975859987929994,0.0,0.23118279569892472,0.4840764331210191,1.0,1.0,0.0,1.0,1.0,0.0,0.5338134765625,0.0606689453125,-0.12255859375,0.019378662109375,-0.007293701171875,-0.006805419921875,U,3,2026-08-24_23-25-27,2026-08-25
0.993485342019544,0.9649969824984912,0.0,0.3064516129032258,0.43312101910828027,1.0,1.0,0.0,1.0,1.0,0.0,0.53955078125,0.065673828125,-0.1197509765625,0.019927978515625,-0.002655029296875,-0.012908935546875,U,3,2026-08-24_23-25-27,2026-08-25
0.9927614911328266,0.9649969824984912,0.0,0.26344086021505375,0.4585987261146497,1.0,1.0,0.0,1.0,1.0,0.0,0.5377197265625,0.0560302734375,-0.1221923828125,0.004364013671875,-0.008087158203125,-0.019622802734375,U,3,2026-08-24_23-25-27,2026-08-25
0.9927614911328266,0.9662039831019915,0.0,0.26344086021505375,0.5222929936305732,1.0,1.0,0.0,1.0,1.0,0.0,0.538330078125,0.0712890625,-0.1092529296875,-0.015228271484375,-0.019317626953125,-0.019134521484375,U,3,2026-08-24_23-25-27,2026-08-25
0.9963807455664133,0.9746529873264936,0.0,0.24193548387096775,0.5095541401273885,1.0,1.0,0.0,1.0,1.0,0.0,0.5430908203125,0.075927734375,-0.1163330078125,0.000732421875,-0.0028076171875,-0.009246826171875,U,3,2026-08-24_23-25-27,2026-08-25
0.991313789359392,0.9674109837054918,0.0,0.25806451612903225,0.4713375796178344,1.0,1.0,0.0,1.0,1.0,0.0,0.5390625,0.071533203125,-0.1202392578125,-0.005706787109375,0.010284423828125,-0.0098876953125,U,3,2026-08-24_23-25-27,2026-08-25
0.9898660875859573,0.9674109837054918,0.0,0.25806451612903225,0.445859872611465,1.0,1.0,0.0,1.0,1.0,0.0,0.5423583984375,0.0823974609375,-0.1087646484375,-0.021697998046875,0.022735595703125,0.001220703125,U,3,2026-08-24_23-25-27,2026-08-25
0.9884183858125226,0.9746529873264936,0.0,0.27956989247311825,0.445859872611465,1.0,1.0,0.0,1.0,1.0,0.0,0.5450439453125,0.073486328125,-0.1087646484375,-0.01678466796875,0.019622802734375,0.00439453125,U,3,2026-08-24_23-25-27,2026-08-25
0.991313789359392,0.9698249849124925,0.0,0.27956989247311825,0.42038216560509556,1.0,1.0,0.0,1.0,1.0,0.0,0.5528564453125,0.0716552734375,-0.1007080078125,-0.033203125,-0.0028076171875,0.0015869140625,U,3,2026-08-24_23-25-27,2026-08-25
0.9942091929062613,0.9674109837054918,0.0,0.23655913978494625,0.445859872611465,1.0,1.0,0.0,1.0,1.0,0.0,0.5504150390625,0.081787109375,-0.0897216796875,-0.01214599609375,-0.0125732421875,0.000885009765625,U,3,2026-08-24_23-25-27,2026-08-25
0.9833514296055013,0.9722389861194931,0.0,0.24731182795698925,0.535031847133758,1.0,1.0,0.0,1.0,1.0,0.0,0.5419921875,0.072998046875,-0.0936279296875,0.01141357421875,-0.004150390625,-0.001190185546875,U,3,2026-08-24_23-25-27,2026-08-25
0.991313789359392,0.9722389861194931,0.0,0.24193548387096775,0.5095541401273885,1.0,1.0,0.0,1.0,1.0,0.0,0.542724609375,0.061767578125,-0.1075439453125,-0.0045166015625,0.006378173828125,0.00201416015625,U,3,2026-08-24_23-25-27,2026-08-25
0.991313789359392,0.9746529873264936,0.0,0.3010752688172043,0.42038216560509556,1.0,1.0,0.0,1.0,1.0,0.0,0.5482177734375,0.0615234375,-0.1041259765625,-0.024810791015625,-0.00262451171875,0.004180908203125,U,3,2026-08-24_23-25-27,2026-08-25
0.991313789359392,0.9698249849124925,0.0,0.23655913978494625,0.5222929936305732,1.0,1.0,0.0,1.0,1.0,0.0,0.5513916015625,0.0650634765625,-0.097900390625,-0.031951904296875,-0.024261474609375,-0.000640869140625,U,3,2026-08-24_23-25-27,2026-08-25
0.9949330437929786,0.9746529873264936,0.0,0.3064516129032258,0.535031847133758,1.0,1.0,0.0,1.0,1.0,0.0,0.5361328125,0.084716796875,-0.0972900390625,-0.015838623046875,-0.023773193359375,-0.002655029296875,U,3,2026-08-24_23-25-27,2026-08-25
0.9927614911328266,0.9674109837054918,0.0,0.25806451612903225,0.5095541401273885,1.0,1.0,0.0,1.0,1.0,0.0,0.540283203125,0.0771484375,-0.10205078125,0.009429931640625,-0.008636474609375,-0.00921630859375,U,3,2026-08-24_23-25-27,2026-08-25
0.9927614911328266,0.9722389861194931,0.0,0.23118279569892472,0.535031847133758,1.0,1.0,0.0,1.0,1.0,0.0,0.5382080078125,0.075927734375,-0.1092529296875,0.005828857421875,-0.0078125,-0.004364013671875,U,3,2026-08-24_23-25-27,2026-08-25
0.991313789359392,0.975859987929994,0.0,0.25268817204301075,0.5732484076433121,1.0,1.0,0.0,1.0,1.0,0.0,0.53955078125,0.0693359375,-0.11767578125,-0.00897216796875,-0.01629638671875,-0.0023193359375,U,3,2026-08-24_23-25-27,2026-08-25
1.0,0.9794809897404949,0.0,0.26881720430107525,0.5477707006369427,1.0,1.0,0.0,1.0,1.0,0.0,0.5377197265625,0.076904296875,-0.1151123046875,-0.021728515625,-0.015869140625,-9.1552734375e-05,U,3,2026-08-24_23-25-27,2026-08-25
0.9905899384726746,0.9625829812914907,0.0,0.27956989247311825,0.4713375796178344,1.0,1.0,0.0,1.0,1.0,0.0,0.53857421875,0.079833984375,-0.122314453125,-0.00909423828125,-0.00482177734375,-0.005096435546875,U,3,2026-08-24_23-25-27,2026-08-25
0.9876945349258053,0.963789981894991,0.0,0.3064516129032258,0.4840764331210191,1.0,1.0,0.0,1.0,1.0,0.0,0.543212890625,0.077392578125,-0.1153564453125,-0.008636474609375,-0.0062255859375,-0.00823974609375,U,3,2026-08-24_23-25-27,2026-08-25
0.9095186391603329,0.9649969824984912,0.0,0.27956989247311825,0.8535031847133758,1.0,1.0,0.0,1.0,1.0,0.0,0.5390625,0.0760498046875,-0.10986328125,-0.0050048828125,-0.013214111328125,0.007476806640625,U,4,2026-08-24_23-25-27,2026-08-25
0.916033297140789,0.9541339770669885,0.0,0.26344086021505375,1.0,1.0,1.0,0.0,1.0,1.0,0.0,0.5360107421875,0.075927734375,-0.107421875,0.0084228515625,-0.01715087890625,0.006195068359375,U,4,2026-08-24_23-25-27,2026-08-25
0.9145855953673543,0.9553409776704889,0.0,0.3010752688172043,0.9171974522292994,1.0,1.0,0.0,1.0,1.0,0.0,0.5419921875,0.07275390625,-0.1055908203125,0.018096923828125,-0.00250244140625,-0.000244140625,U,4,2026-08-24_23-25-27,2026-08-25
0.913861744480637,0.9649969824984912,0.0,0.25806451612903225,0.8789808917197452,1.0,1.0,0.0,1.0,1.0,0.0,0.541259765625,0.0625,-0.0919189453125,-0.004974365234375,-0.015655517578125,0.001800537109375,U,4,2026-08-24_23-25-27,2026-08-25
0.9145855953673543,0.9480989740494871,0.0,0.25806451612903225,0.9554140127388535,1.0,1.0,0.0,1.0,1.0,0.0,0.5433349609375,0.0689697265625,-0.1202392578125,-0.013427734375,-0.006805419921875,0.005950927734375,U,4,2026-08-24_23-25-27,2026-08-25
0.9189287006876583,0.9529269764634882,0.0,0.25806451612903225,0.9426751592356688,1.0,1.0,0.0,1.0,1.0,0.0,0.5478515625,0.076904296875,-0.10205078125,-0.011016845703125,-0.0130615234375,0.007232666015625,U,4,2026-08-24_23-25-27,2026-08-25
0.913861744480637,0.9480989740494871,0.0,0.2849462365591398,0.8152866242038217,1.0,1.0,0.0,1.0,1.0,0.0,0.5439453125,0.077880859375,-0.0975341796875,0.000762939453125,-0.02362060546875,0.005889892578125,U,4,2026-08-24_23-25-27,2026-08-25
0.9145855953673543,0.9553409776704889,0.0,0.27956989247311825,0.9554140127388535,1.0,1.0,0.0,1.0,1.0,0.0,0.5443115234375,0.0782470703125,-0.1043701171875,0.016693115234375,-0.013214111328125,-0.003570556640625,U,4,2026-08-24_23-25-27,2026-08-25
0.9232718060079623,0.9493059746529873,0.0,0.25268817204301075,0.9808917197452229,1.0,1.0,0.0,1.0,1.0,0.0,0.5382080078125,0.0765380859375,-0.1060791015625,0.019927978515625,-0.01708984375,-0.005767822265625,U,4,2026-08-24_23-25-27,2026-08-25
0.9145855953673543,0.9553409776704889,0.0,0.3118279569892473,0.9044585987261147,1.0,1.0,0.0,1.0,1.0,0.0,0.5374755859375,0.0755615234375,-0.1187744140625,0.0032958984375,-0.011138916015625,-0.000823974609375,U,4,2026-08-24_23-25-27,2026-08-25
0.9145855953673543,0.9541339770669885,0.0,0.3172043010752688,0.9808917197452229,1.0,1.0,0.0,1.0,1.0,0.0,0.54345703125,0.07568359375,-0.1114501953125,-0.00433349609375,-0.01318359375,0.006072998046875,U,4,2026-08-24_23-25-27,2026-08-25
0.913861744480637,0.9565479782739892,0.0,0.26881720430107525,0.9681528662420382,1.0,1.0,0.0,1.0,1.0,0.0,0.5400390625,0.0821533203125,-0.100830078125,0.001708984375,-0.0318603515625,0.009796142578125,U,4,2026-08-24_23-25-27,2026-08-25
0.9211002533478103,0.9565479782739892,0.0,0.2903225806451613,0.8662420382165605,1.0,1.0,0.0,1.0,1.0,0.0,0.5377197265625,0.0782470703125,-0.12548828125,0.0130615234375,-0.023590087890625,0.004425048828125,U,4,2026-08-24_23-25-27,2026-08-25
0.916033297140789,0.9444779722389861,0.0,0.3118279569892473,0.8535031847133758,1.0,1.0,0.0,1.0,1.0,0.0,0.544677734375,0.0701904296875,-0.1263427734375,0.000732421875,-0.009521484375,-0.005767822265625,U,4,2026-08-24_23-25-27,2026-08-25
0.913861744480637,0.9553409776704889,0.0,0.3064516129032258,0.9554140127388535,1.0,1.0,0.0,1.0,1.0,0.0,0.5443115234375,0.0833740234375,-0.1153564453125,0.00103759765625,-0.019561767578125,-0.003326416015625,U,4,2026-08-24_23-25-27,2026-08-25
0.9124140427072023,0.9553409776704889,0.0,0.3172043010752688,0.9681528662420382,1.0,1.0,0.0,1.0,1.0,0.0,0.54052734375,0.0731201171875,-0.1146240234375,0.004913330078125,-0.0169677734375,-0.0006103515625,U,4,2026-08-24_23-25-27,2026-08-25
0.9131378935939196,0.9456849728424864,0.0,0.3279569892473118,0.8789808917197452,1.0,1.0,0.0,1.0,1.0,0.0,0.5369873046875,0.07470703125,-0.124267578125,-0.005889892578125,-0.01043701171875,0.001434326171875,U,4,2026-08-24_23-25-27,2026-08-25
0.9174809989142236,0.9517199758599879,0.0,0.3172043010752688,0.8789808917197452,1.0,1.0,0.0,1.0,1.0,0.0,0.5390625,0.069091796875,-0.11572265625,-0.015533447265625,-0.001068115234375,0.004547119140625,U,4,2026-08-24_23-25-27,2026-08-25
0.9153094462540716,0.9505129752564876,0.0,0.3010752688172043,0.89171974522293,1.0,1.0,0.0,1.0,1.0,0.0,0.54345703125,0.0745849609375,-0.1158447265625,-0.025238037109375,0.0050048828125,0.0078125,U,4,2026-08-24_23-25-27,2026-08-25
0.913861744480637,0.9529269764634882,0.0,0.3225806451612903,0.9936305732484076,1.0,1.0,0.0,1.0,1.0,0.0,0.54150390625,0.0775146484375,-0.1085205078125,-0.02227783203125,-0.0040283203125,0.009765625,U,4,2026-08-24_23-25-27,2026-08-25
0.9153094462540716,0.9529269764634882,0.0,0.3225806451612903,0.9554140127388535,1.0,1.0,0.0,1.0,1.0,0.0,0.538818359375,0.075927734375,-0.0997314453125,-0.011260986328125,-0.01947021484375,0.0091552734375,U,4,2026-08-24_23-25-27,2026-08-25
0.924719507781397,0.9553409776704889,0.0,0.3172043010752688,0.9936305732484076,1.0,1.0,0.0,1.0,1.0,0.0,0.540283203125,0.0709228515625,-0.124755859375,-0.0068359375,-0.00469970703125,0.00457763671875,U,4,2026-08-24_23-25-27,2026-08-25
0.9124140427072023,0.9589619794809897,0.0,0.3064516129032258,0.9426751592356688,1.0,1.0,0.0,1.0,1.0,0.0,0.541015625,0.0712890625,-0.11181640625,-0.009857177734375,-0.004638671875,0.003326416015625,U,4,2026-08-24_23-25-27,2026-08-25
0.918204849800941,0.9456849728424864,0.0,0.3333333333333333,0.8407643312101911,1.0,1.0,0.0,1.0,1.0,0.0,0.5367431640625,0.068359375,-0.1243896484375,-0.018280029296875,-0.00592041015625,0.006500244140625,U,4,2026-08-24_23-25-27,2026-08-25
0.9153094462540716,0.9468919734459867,0.0,0.3172043010752688,0.8789808917197452,1.0,1.0,0.0,1.0,1.0,0.0,0.5411376953125,0.07177734375,-0.1224365234375,-0.017974853515625,-0.001953125,0.005096435546875,U,4,2026-08-24_23-25-27,2026-08-25
0.913861744480637,0.9553409776704889,0.0,0.3225806451612903,0.9808917197452229,1.0,1.0,0.0,1.0,1.0,0.0,0.535888671875,0.0738525390625,-0.118408203125,-0.010955810546875,-0.005859375,0.005706787109375,U,4,2026-08-24_23-25-27,2026-08-25
0.9131378935939196,0.9553409776704889,0.0,0.3118279569892473,0.9554140127388535,1.0,1.0,0.0,1.0,1.0,0.0,0.5399169921875,0.073974609375,-0.1134033203125,-0.0040283203125,-0.00079345703125,-0.00079345703125,U,4,2026-08-24_23-25-27,2026-08-25
0.913861744480637,0.9493059746529873,0.0,0.3172043010752688,0.9554140127388535,1.0,1.0,0.0,1.0,1.0,0.0,0.540283203125,0.073974609375,-0.1072998046875,-0.010589599609375,-0.0074462890625,-0.00189208984375,U,4,2026-08-24_23-25-27,2026-08-25
0.913861744480637,0.9468919734459867,0.0,0.3172043010752688,1.0,1.0,1.0,0.0,1.0,1.0,0.0,0.5367431640625,0.076171875,-0.1202392578125,-0.0068359375,-0.0079345703125,-0.000335693359375,U,4,2026-08-24_23-25-27,2026-08-25
0.918204849800941,0.9529269764634882,0.0,0.3172043010752688,0.9299363057324841,1.0,1.0,0.0,1.0,1.0,0.0,0.5443115234375,0.0718994140625,-0.1136474609375,-0.00396728515625,-0.0025634765625,-0.000457763671875,U,4,2026-08-24_23-25-27,2026-08-25
0.9145855953673543,0.9553409776704889,0.0,0.3010752688172043,0.8789808917197452,1.0,1.0,0.0,1.0,1.0,0.0,0.541259765625,0.072265625,-0.117431640625,-0.0107421875,-0.006561279296875,0.00079345703125,U,4,2026-08-24_23-25-27,2026-08-25
0.9145855953673543,0.9541339770669885,0.0,0.3064516129032258,0.9299363057324841,1.0,1.0,0.0,1.0,1.0,0.0,0.536376953125,0.0726318359375,-0.1163330078125,-0.01007080078125,-0.00531005859375,-0.00067138671875,U,4,2026-08-24_23-25-27,2026-08-25
0.913861744480637,0.9493059746529873,0.0,0.3172043010752688,0.9554140127388535,1.0,1.0,0.0,1.0,1.0,0.0,0.5401611328125,0.0740966796875,-0.1134033203125,-0.010009765625,-0.01202392578125,0.00164794921875,U,4,2026-08-24_23-25-27,2026-08-25
0.9167571480275063,0.9541339770669885,0.0,0.3172043010752688,1.0,1.0,1.0,0.0,1.0,1.0,0.0,0.545654296875,0.07861328125,-0.1102294921875,6.103515625e-05,-0.0157470703125,3.0517578125e-05,U,4,2026-08-24_23-25-27,2026-08-25
0.916033297140789,0.9541339770669885,0.0,0.3172043010752688,0.9936305732484076,1.0,1.0,0.0,1.0,1.0,0.0,0.54052734375,0.049560546875,-0.078369140625,-0.003692626953125,-0.017547607421875,-0.00634765625,U,4,2026-08-24_23-25-27,2026-08-25
0.9066232356134636,0.9541339770669885,0.0,0.3602150537634409,0.9681528662420382,1.0,1.0,0.0,1.0,1.0,0.0,0.537109375,0.0765380859375,-0.1136474609375,0.000579833984375,-0.0223388671875,-0.00048828125,U,4,2026-08-24_23-25-27,2026-08-25
0.913861744480637,0.9565479782739892,0.0,0.3172043010752688,0.8662420382165605,1.0,1.0,0.0,1.0,1.0,0.0,0.537109375,0.0692138671875,-0.1229248046875,0.00164794921875,-0.01226806640625,-3.0517578125e-05,U,4,2026-08-24_23-25-27,2026-08-25
0.9080709373868983,0.9456849728424864,0.0,0.3118279569892473,0.9299363057324841,1.0,1.0,0.0,1.0,1.0,0.0,0.5406494140625,0.0714111328125,-0.11865234375,-0.0150146484375,-0.001312255859375,0.00225830078125,U,4,2026-08-24_23-25-27,2026-08-25
0.9131378935939196,0.9529269764634882,0.0,0.3225806451612903,0.9936305732484076,1.0,1.0,0.0,1.0,1.0,0.0,0.5382080078125,0.07470703125,-0.1173095703125,-0.018585205078125,0.005157470703125,0.00250244140625,U,4,2026-08-24_23-25-27,2026-08-25
0.9095186391603329,0.9420639710319855,0.0,0.3010752688172043,0.8789808917197452,1.0,1.0,0.0,1.0,1.0,0.0,0.5394287109375,0.07177734375,-0.110107421875,-0.015716552734375,-0.00738525390625,0.00457763671875,U,4,2026-08-24_23-25-27,2026-08-25
0.9732175171914585,0.9686179843089922,0.0,0.14516129032258066,0.445859872611465,1.0,1.0,0.0,1.0,1.0,1.0,0.54541015625,0.046142578125,-0.0982666015625,0.005584716796875,-0.0167236328125,0.0059814453125,V,0,2026-08-24_23-25-27,2026-08-25
0.9761129207383279,0.9722389861194931,0.0,0.1881720430107527,0.5222929936305732,1.0,1.0,0.0,1.0,1.0,1.0,0.54833984375,0.034423828125,-0.1044921875,0.01116943359375,-0.00897216796875,0.0072021484375,V,0,2026-08-24_23-25-27,2026-08-25
0.9761129207383279,0.9782739891369946,0.0,0.1989247311827957,0.5605095541401274,1.0,1.0,0.0,1.0,1.0,1.0,0.5496826171875,0.0364990234375,-0.1114501953125,-0.004425048828125,-0.00799560546875,0.005096435546875,V,0,2026-08-24_23-25-27,2026-08-25
0.9746652189648932,0.9674109837054918,0.0,0.1989247311827957,0.5859872611464968,1.0,1.0,0.0,1.0,1.0,1.0,0.5474853515625,0.0367431640625,-0.10498046875,-0.009490966796875,-0.0181884765625,0.003509521484375,V,0,2026-08-24_23-25-27,2026-08-25
0.9724936663047412,0.9722389861194931,0.0,0.20430107526881722,0.4713375796178344,1.0,1.0,0.0,1.0,1.0,1.0,0.548095703125,0.0350341796875,-0.1051025390625,-0.01470947265625,-0.03082275390625,0.0013427734375,V,0,2026-08-24_23-25-27,2026-08-25
0.9753890698516106,0.9746529873264936,0.0,0.23118279569892472,0.4713375796178344,1.0,1.0,0.0,1.0,1.0,1.0,0.538818359375,0.0411376953125,-0.105712890625,-0.006500244140625,-0.021728515625,-0.003082275390625,V,0,2026-08-24_23-25-27,2026-08-25
0.9724936663047412,0.963789981894991,0.0,0.23118279569892472,0.4968152866242038,1.0,1.0,0.0,1.0,1.0,1.0,0.5386962890625,0.0390625,-0.112548828125,0.000244140625,-0.010528564453125,-0.008575439453125,V,0,2026-08-24_23-25-27,2026-08-25
0.9833514296055013,0.9770669885334943,0.0,0.16666666666666666,0.5477707006369427,1.0,1.0,0.0,1.0,1.0,1.0,0.548583984375,0.0396728515625,-0.110595703125,-0.004791259765625,-0.014495849609375,-0.00677490234375,V,0,2026-08-24_23-25-27,2026-08-25
0.9833514296055013,0.9722389861194931,0.0,0.23118279569892472,0.5732484076433121,1.0,1.0,0.0,1.0,1.0,1.0,0.5418701171875,0.041259765625,-0.1068115234375,-0.005828857421875,-0.019866943359375,-0.00390625,V,0,2026-08-24_23-25-27,2026-08-25
0.9833514296055013,0.9649969824984912,0.0,0.15591397849462366,0.5732484076433121,1.0,1.0,0.0,1.0,1.0,1.0,0.5404052734375,0.036376953125,-0.1026611328125,-0.009246826171875,-0.016357421875,-0.001953125,V,0,2026-08-24_23-25-27,2026-08-25
0.9746652189648932,0.9674109837054918,0.0,0.16666666666666666,0.5477707006369427,1.0,1.0,0.0,1.0,1.0,1.0,0.5367431640625,0.0428466796875,-0.097900390625,-0.007843017578125,-0.01080322265625,-0.001068115234375,V,0,2026-08-24_23-25-27,2026-08-25
0.9710459645313065,0.9746529873264936,0.0,0.16129032258064516,0.5477707006369427,1.0,1.0,0.0,1.0,1.0,1.0,0.546142578125,0.0458984375,-0.1063232421875,0.000518798828125,-0.008056640625,0.00445556640625,V,0,2026-08-24_23-25-27,2026-08-25
0.9790083242851972,0.9770669885334943,0.0,0.22580645161290322,0.6242038216560509,1.0,1.0,0.0,1.0,1.0,1.0,0.5469970703125,0.042236328125,-0.1031494140625,-0.004486083984375,-0.017425537109375,0.006988525390625,V,0,2026-08-24_23-25-27,2026-08-25
0.9739413680781759,0.9806879903439951,0.0,0.23655913978494625,0.5732484076433121,1.0,1.0,0.0,1.0,1.0,1.0,0.542724609375,0.039794921875,-0.1072998046875,-0.002288818359375,-0.019683837890625,0.00537109375,V,0,2026-08-24_23-25-27,2026-08-25
0.9775606225117626,0.9794809897404949,0.0,0.22043010752688172,0.4840764331210191,1.0,1.0,0.0,1.0,1.0,1.0,0.5452880859375,0.03955078125,-0.1063232421875,-0.007537841796875,-0.0179443359375,0.00384521484375,V,0,2026-08-24_23-25-27,2026-08-25
0.9710459645313065,0.9722389861194931,0.0,0.1827956989247312,0.5477707006369427,1.0,1.0,0.0,1.0,1.0,1.0,0.5472412109375,0.0443115234375,-0.1041259765625,-0.007476806640625,-0.020355224609375,0.0074462890625,V,0,2026-08-24_23-25-27,2026-08-25
0.9761129207383279,0.9722389861194931,0.0,0.20430107526881722,0.5222929936305732,1.0,1.0,0.0,1.0,1.0,1.0,0.5484619140625,0.0400390625,-0.111083984375,-0.001708984375,-0.017242431640625,0.010101318359375,V,0,2026-08-24_23-25-27,2026-08-25
0.9739413680781759,0.9806879903439951,0.0,0.23118279569892472,0.5859872611464968,1.0,1.0,0.0,1.0,1.0,1.0,0.549560546875,0.03564453125,-0.1116943359375,-0.0062255859375,-0.02325439453125,0.0086669921875,V,0,2026-08-24_23-25-27,2026-08-25
0.9667028592110025,0.9613759806879904,0.0,0.16666666666666666,0.43312101910828027,1.0,1.0,0.0,1.0,1.0,1.0,0.54833984375,0.037109375,-0.11962890625,-0.0133056640625,-0.020904541015625,0.00909423828125,V,0,2026-08-24_23-25-27,2026-08-25
0.9681505609844372,0.9746529873264936,0.0,0.21505376344086022,0.5859872611464968,1.0,1.0,0.0,1.0,1.0,1.0,0.55029296875,0.0345458984375,-0.1275634765625,-0.004241943359375,-0.015228271484375,0.00982666015625,V,0,2026-08-24_23-25-27,2026-08-25
0.9695982627578719,0.9794809897404949,0.0,0.16666666666666666,0.4968152866242038,1.0,1.0,0.0,1.0,1.0,1.0,0.55126953125,0.032958984375,-0.1295166015625,-0.01544189453125,-0.01416015625,0.007171630859375,V,0,2026-08-24_23-25-27,2026-08-25
0.9790083242851972,0.9674109837054918,0.0,0.1935483870967742,0.445859872611465,1.0,1.0,0.0,1.0,1.0,1.0,0.5526123046875,0.0333251953125,-0.1317138671875,-0.016143798828125,-0.00848388671875,0.004058837890625,V,0,2026-08-24_23-25-27,2026-08-25
0.9710459645313065,0.9746529873264936,0.0,0.17204301075268819,0.5095541401273885,1.0,1.0,0.0,1.0,1.0,1.0,0.5526123046875,0.0333251953125,-0.1217041015625,-0.014984130859375,-0.0118408203125,0.002532958984375,V,0,2026-08-24_23-25-27,2026-08-25
0.9724936663047412,0.9698249849124925,0.0,0.15053763440860216,0.5859872611464968,1.0,1.0,0.0,1.0,1.0,1.0,0.5521240234375,0.03271484375,-0.1192626953125,-0.0050048828125,-0.00579833984375,0.004974365234375,V,0,2026-08-24_23-25-27,2026-08-25
0.9732175171914585,0.9746529873264936,0.0,0.21505376344086022,0.4713375796178344,1.0,1.0,0.0,1.0,1.0,1.0,0.548828125,0.0284423828125,-0.1248779296875,0.0015869140625,-0.00079345703125,0.000213623046875,V,0,2026-08-24_23-25-27,2026-08-25
0.9746652189648932,0.9722389861194931,0.0,0.1935483870967742,0.4840764331210191,1.0,1.0,0.0,1.0,1.0,1.0,0.5390625,0.0286865234375,-0.123779296875,-0.004638671875,0.000762939453125,-0.005706787109375,V,0,2026-08-24_23-25-27,2026-08-25
0.9761129207383279,0.9794809897404949,0.0,0.1774193548387097,0.4713375796178344,1.0,1.0,0.0,1.0,1.0,1.0,0.5406494140625,0.0340576171875,-0.1160888671875,-0.0040283203125,0.003692626953125,-0.00457763671875,V,0,2026-08-24_23-25-27,2026-08-25
0.9717698154180239,0.963789981894991,0.0,0.13978494623655913,0.4968152866242038,1.0,1.0,0.0,1.0,1.0,1.0,0.5439453125,0.035888671875,-0.1141357421875,-0.00189208984375,-0.004638671875,-0.005462646484375,V,0,2026-08-24_23-25-27,2026-08-25
0.9790083242851972,0.9674109837054918,0.0,0.20430107526881722,0.6114649681528662,1.0,1.0,0.0,1.0,1.0,1.0,0.5389404296875,0.0333251953125,-0.1072998046875,-0.00604248046875,-0.002685546875,-0.008392333984375,V,0,2026-08-24_23-25-27,2026-08-25
0.9753890698516106,0.9710319855159928,0.0,0.20967741935483872,0.5222929936305732,1.0,1.0,0.0,1.0,1.0,1.0,0.5384521484375,0.0364990234375,-0.105224609375,-0.008758544921875,0.002349853515625,-0.01373291015625,V,0,2026-08-24_23-25-27,2026-08-25
0.9753890698516106,0.9722389861194931,0.0,0.1989247311827957,0.42038216560509556,1.0,1.0,0.0,1.0,1.0,1.0,0.5443115234375,0.0413818359375,-0.0997314453125,-0.01336669921875,-0.00439453125,-0.013641357421875,V,0,2026-08-24_23-25-27,2026-08-25
0.9782844733984799,0.9674109837054918,0.0,0.15591397849462366,0.5222929936305732,1.0,1.0,0.0,1.0,1.0,1.0,0.5416259765625,0.046630859375,-0.10302734375,-0.010894775390625,-0.014434814453125,-0.010345458984375,V,0,2026-08-24_23-25-27,2026-08-25
0.9833514296055013,0.9686179843089922,0.0,0.1989247311827957,0.5222929936305732,1.0,1.0,0.0,1.0,1.0,1.0,0.5386962890625,0.047119140625,-0.1077880859375,-0.006561279296875,-0.014129638671875,-0.007476806640625,V,0,2026-08-24_23-25-27,2026-08-25
0.9790083242851972,0.9746529873264936,0.0,0.17204301075268819,0.5477707006369427,1.0,1.0,0.0,1.0,1.0,1.0,0.54248046875,0.052978515625,-0.1082763671875,-0.0023193359375,-0.019256591796875,-0.007537841796875,V,0,2026-08-24_23-25-27,2026-08-25
0.9739413680781759,0.975859987929994,0.0,0.20430107526881722,0.6114649681528662,1.0,1.0,0.0,1.0,1.0,1.0,0.54248046875,0.046630859375,-0.1160888671875,-0.004791259765625,-0.01788330078125,-0.002349853515625,V,0,2026-08-24_23-25-27,2026-08-25
0.9724936663047412,0.9686179843089922,0.0,0.1774193548387097,0.535031847133758,1.0,1.0,0.0,1.0,1.0,1.0,0.5406494140625,0.0516357421875,-0.1123046875,-0.007171630859375,-0.01422119140625,0.00177001953125,V,0,2026-08-24_23-25-27,2026-08-25
0.9782844733984799,0.9674109837054918,0.0,0.1827956989247312,0.5605095541401274,1.0,1.0,0.0,1.0,1.0,1.0,0.5419921875,0.0521240234375,-0.115478515625,-0.0008544921875,-0.01092529296875,0.0059814453125,V,0,2026-08-24_23-25-27,2026-08-25
0.9739413680781759,0.9686179843089922,0.0,0.1989247311827957,0.5222929936305732,1.0,1.0,0.0,1.0,1.0,1.0,0.5465087890625,0.0390625,-0.12841796875,-0.003021240234375,-0.0047607421875,0.00701904296875,V,0,2026-08-24_23-25-27,2026-08-25
0.9710459645313065,0.9625829812914907,0.0,0.15591397849462366,0.4713375796178344,1.0,1.0,0.0,1.0,1.0,1.0,0.5447998046875,0.03955078125,-0.1217041015625,-0.025299072265625,-0.00836181640625,0.004425048828125,V,0,2026-08-24_23-25-27,2026-08-25
0.9746652189648932,0.9698249849124925,0.0,0.15053763440860216,0.5732484076433121,1.0,1.0,0.0,1.0,1.0,1.0,0.5445556640625,0.044189453125,-0.126953125,-0.01348876953125,-0.008544921875,0.007110595703125,V,0,2026-08-24_23-25-27,2026-08-25
0.9869706840390879,0.987929993964997,0.0,0.04838709677419355,0.6878980891719745,1.0,1.0,0.0,1.0,1.0,1.0,0.5400390625,0.02490234375,-0.1219482421875,0.03448486328125,-0.018768310546875,0.006591796875,V,1,2026-08-24_23-25-27,2026-08-25
0.9833514296055013,0.9855159927579964,0.0,0.053763440860215055,0.6878980891719745,1.0,1.0,0.0,1.0,1.0,1.0,0.5400390625,0.0076904296875,-0.12158203125,0.039459228515625,-0.0045166015625,0.00360107421875,V,1,2026-08-24_23-25-27,2026-08-25
0.9855229822656533,0.9806879903439951,0.0,0.06989247311827956,0.5732484076433121,1.0,1.0,0.0,1.0,1.0,1.0,0.5469970703125,0.008544921875,-0.1258544921875,0.01422119140625,-0.01239013671875,0.00054931640625,V,1,2026-08-24_23-25-27,2026-08-25
0.9942091929062613,0.9806879903439951,0.0,0.06989247311827956,0.6496815286624203,1.0,1.0,0.0,1.0,1.0,1.0,0.5496826171875,0.0091552734375,-0.12744140625,-0.011810302734375,-0.026214599609375,0.000579833984375,V,1,2026-08-24_23-25-27,2026-08-25
0.9833514296055013,0.9806879903439951,0.0,0.08602150537634409,0.6751592356687898,1.0,1.0,0.0,1.0,1.0,1.0,0.5340576171875,0.016357421875,-0.126220703125,-0.015777587890625,-0.02490234375,0.00982666015625,V,1,2026-08-24_23-25-27,2026-08-25
0.9876945349258053,0.9734459867229933,0.0,0.06989247311827956,0.6242038216560509,1.0,1.0,0.0,1.0,1.0,1.0,0.5421142578125,0.01220703125,-0.1357421875,0.001678466796875,-0.0013427734375,0.014190673828125,V,1,2026-08-24_23-25-27,2026-08-25
0.9833514296055013,0.9698249849124925,0.0,0.08602150537634409,0.6496815286624203,1.0,1.0,0.0,1.0,1.0,1.0,0.5521240234375,0.002197265625,-0.136474609375,-0.02374267578125,-0.005523681640625,0.011566162109375,V,1,2026-08-24_23-25-27,2026-08-25
0.9876945349258053,0.9674109837054918,0.0,0.06989247311827956,0.6751592356687898,1.0,1.0,0.0,1.0,1.0,1.0,0.5565185546875,0.0059814453125,-0.1201171875,-0.0394287109375,-0.03662109375,0.00146484375,V,1,2026-08-24_23-25-27,2026-08-25
0.9840752804922186,0.9649969824984912,0.0,0.010752688172043012,0.6751592356687898,1.0,1.0,0.0,1.0,1.0,1.0,0.5411376953125,0.0125732421875,-0.1246337890625,-0.012908935546875,-0.04248046875,0.0059814453125,V,1,2026-08-24_23-25-27,2026-08-25
0.9833514296055013,0.9649969824984912,0.0,0.03763440860215054,0.6496815286624203,1.0,1.0,0.0,1.0,1.0,1.0,0.5330810546875,0.0086669921875,-0.1337890625,0.001220703125,-0.02685546875,0.007080078125,V,1,2026-08-24_23-25-27,2026-08-25
0.9826275787187839,0.9698249849124925,0.0,0.07526881720430108,0.6878980891719745,1.0,1.0,0.0,1.0,1.0,1.0,0.53173828125,0.0057373046875,-0.149169921875,0.00531005859375,3.0517578125e-05,0.00689697265625,V,1,2026-08-24_23-25-27,2026-08-25
0.9847991313789359,0.9686179843089922,0.0,0.0913978494623656,0.6624203821656051,1.0,1.0,0.0,1.0,1.0,1.0,0.540771484375,-0.00146484375,-0.14990234375,-0.037445068359375,0.00250244140625,0.0086669921875,V,1,2026-08-24_23-25-27,2026-08-25
0.9833514296055013,0.9686179843089922,0.0,0.06451612903225806,0.6878980891719745,1.0,1.0,0.0,1.0,1.0,1.0,0.54931640625,0.0010986328125,-0.139404296875,-0.078277587890625,-0.01702880859375,0.002899169921875,V,1,2026-08-24_23-25-27,2026-08-25
0.9855229822656533,0.9722389861194931,0.0,0.06451612903225806,0.6496815286624203,1.0,1.0,0.0,1.0,1.0,1.0,0.5367431640625,0.0186767578125,-0.1373291015625,-0.072723388671875,-0.015960693359375,0.005889892578125,V,1,2026-08-24_23-25-27,2026-08-25
0.9855229822656533,0.9674109837054918,0.0,0.05913978494623656,0.6496815286624203,1.0,1.0,0.0,1.0,1.0,1.0,0.5306396484375,0.006103515625,-0.148193359375,-0.0440673828125,0.014923095703125,0.004425048828125,V,1,2026-08-24_23-25-27,2026-08-25
0.9855229822656533,0.9674109837054918,0.0,0.08602150537634409,0.6878980891719745,1.0,1.0,0.0,1.0,1.0,1.0,0.54248046875,0.0010986328125,-0.143310546875,-0.082366943359375,0.027618408203125,-0.001617431640625,V,1,2026-08-24_23-25-27,2026-08-25
0.9833514296055013,1.0,0.0,0.06451612903225806,0.6751592356687898,1.0,1.0,0.0,1.0,1.0,1.0,0.5435791015625,0.0006103515625,-0.1328125,-0.09649658203125,0.013427734375,-0.0074462890625,V,1,2026-08-24_23-25-27,2026-08-25
0.9833514296055013,1.0,0.0,0.05913978494623656,0.6751592356687898,1.0,1.0,0.0,1.0,1.0,1.0,0.5452880859375,0.0135498046875,-0.1207275390625,-0.120452880859375,-0.002166748046875,-0.00830078125,V,1,2026-08-24_23-25-27,2026-08-25
0.9833514296055013,0.9951719975859988,0.0,0.07526881720430108,0.6878980891719745,1.0,1.0,0.0,1.0,1.0,1.0,0.5435791015625,0.0277099609375,-0.111572265625,-0.0911865234375,-0.001495361328125,-0.00775146484375,V,1,2026-08-24_23-25-27,2026-08-25
0.9833514296055013,0.9927579963789982,0.0,0.06989247311827956,0.7261146496815286,1.0,1.0,0.0,1.0,1.0,1.0,0.5426025390625,0.0267333984375,-0.1129150390625,-0.056610107421875,0.019317626953125,0.00091552734375,V,1,2026-08-24_23-25-27,2026-08-25
0.9833514296055013,0.963789981894991,0.0,0.07526881720430108,0.6369426751592356,1.0,1.0,0.0,1.0,1.0,1.0,0.55419921875,0.0107421875,-0.1190185546875,-0.07196044921875,0.011688232421875,-0.007598876953125,V,1,2026-08-24_23-25-27,2026-08-25
0.9833514296055013,0.9722389861194931,0.0,0.043010752688172046,0.6114649681528662,1.0,1.0,0.0,1.0,1.0,1.0,0.552001953125,0.0169677734375,-0.10595703125,-0.09014892578125,-0.020477294921875,-0.01513671875,V,1,2026-08-24_23-25-27,2026-08-25
0.9833514296055013,0.9662039831019915,0.0,0.07526881720430108,0.6751592356687898,1.0,1.0,0.0,1.0,1.0,1.0,0.5341796875,0.0460205078125,-0.0943603515625,-0.050994873046875,-0.0360107421875,-0.007354736328125,V,1,2026-08-24_23-25-27,2026-08-25
0.9826275787187839,0.9686179843089922,0.0,0.06451612903225806,0.6751592356687898,1.0,1.0,0.0,1.0,1.0,1.0,0.5244140625,0.0455322265625,-0.114013671875,0.0234375,-0.017425537109375,0.004241943359375,V,1,2026-08-24_23-25-27,2026-08-25
0.9833514296055013,0.963789981894991,0.0,0.026881720430107527,0.6624203821656051,1.0,1.0,0.0,1.0,1.0,1.0,0.539306640625,0.0089111328125,-0.135986328125,0.0223388671875,0.00128173828125,0.00152587890625,V,1,2026-08-24_23-25-27,2026-08-25
0.9833514296055013,0.9686179843089922,0.0,0.03225806451612903,0.6369426751592356,1.0,1.0,0.0,1.0,1.0,1.0,0.541259765625,0.0062255859375,-0.13330078125,-0.02587890625,-0.012908935546875,-0.005126953125,V,1,2026-08-24_23-25-27,2026-08-25
0.9833514296055013,0.9649969824984912,0.0,0.06451612903225806,0.6878980891719745,1.0,1.0,0.0,1.0,1.0,1.0,0.5455322265625,0.033203125,-0.1226806640625,-0.035369873046875,-0.04180908203125,-0.001190185546875,V,1,2026-08-24_23-25-27,2026-08-25
0.9833514296055013,0.9649969824984912,0.0,0.026881720430107527,0.7133757961783439,1.0,1.0,0.0,1.0,1.0,1.0,0.5341796875,0.0245361328125,-0.13232421875,0.009063720703125,-0.033935546875,0.006072998046875,V,1,2026-08-24_23-25-27,2026-08-25
0.9833514296055013,0.9613759806879904,0.0,0.03225806451612903,0.7261146496815286,1.0,1.0,0.0,1.0,1.0,1.0,0.5335693359375,0.0128173828125,-0.1448974609375,0.018310546875,-0.00750732421875,0.003448486328125,V,1,2026-08-24_23-25-27,2026-08-25
0.9840752804922186,0.9722389861194931,0.0,0.05913978494623656,0.6496815286624203,1.0,1.0,0.0,1.0,1.0,1.0,0.5465087890625,0.01171875,-0.1455078125,-0.00299072265625,-0.0048828125,0.000762939453125,V,1,2026-08-24_23-25-27,2026-08-25
0.9833514296055013,0.9722389861194931,0.0,0.06451612903225806,0.6496815286624203,1.0,1.0,0.0,1.0,1.0,1.0,0.5540771484375,0.017822265625,-0.13525390625,-0.03204345703125,-0.029815673828125,0.001129150390625,V,1,2026-08-24_23-25-27,2026-08-25
0.9833514296055013,0.9625829812914907,0.0,0.07526881720430108,0.6496815286624203,1.0,1.0,0.0,1.0,1.0,1.0,0.539794921875,0.03076171875,-0.130126953125,-0.013946533203125,-0.038116455078125,0.004302978515625,V,1,2026-08-24_23-25-27,2026-08-25
0.9833514296055013,0.9746529873264936,0.0,0.05913978494623656,0.6242038216560509,1.0,1.0,0.0,1.0,1.0,1.0,0.5416259765625,0.0352783203125,-0.130126953125,0.0372314453125,-0.0189208984375,0.004608154296875,V,1,2026-08-24_23-25-27,2026-08-25
0.9782844733984799,0.9806879903439951,0.0,0.043010752688172046,0.6369426751592356,1.0,1.0,0.0,1.0,1.0,1.0,0.5396728515625,0.01318359375,-0.1478271484375,0.05474853515625,-0.00775146484375,0.000823974609375,V,1,2026-08-24_23-25-27,2026-08-25
0.9811798769453492,1.0,0.0,0.05913978494623656,0.6751592356687898,1.0,1.0,0.0,1.0,1.0,1.0,0.54248046875,0.006591796875,-0.1517333984375,0.0306396484375,-0.005859375,-0.001220703125,V,1,2026-08-24_23-25-27,2026-08-25
0.9862468331523706,0.9987929993964997,0.0,0.016129032258064516,0.6751592356687898,1.0,1.0,0.0,1.0,1.0,1.0,0.5404052734375,0.0111083984375,-0.14501953125,0.00103759765625,-0.011505126953125,-0.00286865234375,V,1,2026-08-24_23-25-27,2026-08-25
0.9833514296055013,0.9939649969824985,0.0,0.043010752688172046,0.6624203821656051,1.0,1.0,0.0,1.0,1.0,1.0,0.531494140625,0.025146484375,-0.12939453125,0.015411376953125,-0.01422119140625,-0.000640869140625,V,1,2026-08-24_23-25-27,2026-08-25
0.9855229822656533,0.9951719975859988,0.0,0.053763440860215055,0.6751592356687898,1.0,1.0,0.0,1.0,1.0,1.0,0.5311279296875,0.0230712890625,-0.1365966796875,0.0679931640625,0.002838134765625,0.003662109375,V,1,2026-08-24_23-25-27,2026-08-25
0.9833514296055013,0.9975859987929994,0.0,0.06989247311827956,0.6114649681528662,1.0,1.0,0.0,1.0,1.0,1.0,0.5340576171875,0.0115966796875,-0.1346435546875,0.094390869140625,0.009552001953125,-0.005615234375,V,1,2026-08-24_23-25-27,2026-08-25
0.9833514296055013,1.0,0.0,0.08602150537634409,0.6114649681528662,1.0,1.0,0.0,1.0,1.0,1.0,0.530029296875,0.0113525390625,-0.1190185546875,0.123260498046875,0.013702392578125,-0.010772705078125,V,1,2026-08-24_23-25-27,2026-08-25
0.9638074556641332,1.0,0.0,0.0,0.7006369426751592,1.0,1.0,0.0,1.0,1.0,1.0,0.536865234375,0.0421142578125,-0.119873046875,-0.023345947265625,-0.018707275390625,0.00518798828125,V,2,2026-08-24_23-25-27,2026-08-25
0.9717698154180239,1.0,0.0,0.0,0.7388535031847133,1.0,1.0,0.0,1.0,1.0,1.0,0.53564453125,0.04296875,-0.1253662109375,-0.01715087890625,-0.0120849609375,0.00537109375,V,2,2026-08-24_23-25-27,2026-08-25
0.9630836047774158,1.0,0.0,0.0,0.7261146496815286,1.0,1.0,0.0,1.0,1.0,1.0,0.53564453125,0.042724609375,-0.134521484375,-0.02117919921875,-0.007843017578125,0.0047607421875,V,2,2026-08-24_23-25-27,2026-08-25
0.9695982627578719,1.0,0.0,0.0,0.7515923566878981,1.0,1.0,0.0,1.0,1.0,1.0,0.5333251953125,0.04296875,-0.134521484375,-0.02056884765625,-0.007049560546875,0.00604248046875,V,2,2026-08-24_23-25-27,2026-08-25
0.9681505609844372,1.0,0.0,0.0,0.8152866242038217,1.0,1.0,0.0,1.0,1.0,1.0,0.5433349609375,0.0435791015625,-0.13671875,-0.01837158203125,-0.007965087890625,0.00958251953125,V,2,2026-08-24_23-25-27,2026-08-25
0.9811798769453492,1.0,0.0,0.0,0.7898089171974523,1.0,1.0,0.0,1.0,1.0,1.0,0.5384521484375,0.0391845703125,-0.1231689453125,-0.024871826171875,-0.010162353515625,0.008056640625,V,2,2026-08-24_23-25-27,2026-08-25
0.9724936663047412,1.0,0.0,0.0,0.7898089171974523,1.0,1.0,0.0,1.0,1.0,1.0,0.5400390625,0.0390625,-0.1270751953125,-0.0166015625,-0.0079345703125,0.007965087890625,V,2,2026-08-24_23-25-27,2026-08-25
0.9652551574375678,1.0,0.0,0.0,0.6369426751592356,1.0,1.0,0.0,1.0,1.0,1.0,0.5438232421875,0.039794921875,-0.1307373046875,-0.0216064453125,-0.005218505859375,0.005615234375,V,2,2026-08-24_23-25-27,2026-08-25
0.9739413680781759,1.0,0.0,0.0,0.7515923566878981,1.0,1.0,0.0,1.0,1.0,1.0,0.5494384765625,0.043212890625,-0.1348876953125,-0.021392822265625,-0.01141357421875,0.00616455078125,V,2,2026-08-24_23-25-27,2026-08-25
0.9609120521172638,1.0,0.0,0.0,0.6878980891719745,1.0,1.0,0.0,1.0,1.0,1.0,0.5411376953125,0.0421142578125,-0.128662109375,-0.024658203125,-0.018707275390625,0.0047607421875,V,2,2026-08-24_23-25-27,2026-08-25
0.9710459645313065,1.0,0.0,0.0,0.7898089171974523,1.0,1.0,0.0,1.0,1.0,1.0,0.5380859375,0.039306640625,-0.131103515625,-0.020538330078125,-0.01531982421875,0.00439453125,V,2,2026-08-24_23-25-27,2026-08-25
0.9695982627578719,1.0,0.0,0.0,0.7388535031847133,1.0,1.0,0.0,1.0,1.0,1.0,0.5426025390625,0.0361328125,-0.13720703125,-0.02264404296875,-0.009918212890625,0.001922607421875,V,2,2026-08-24_23-25-27,2026-08-25
0.9623597538906985,1.0,0.0,0.0,0.7898089171974523,1.0,1.0,0.0,1.0,1.0,1.0,0.5325927734375,0.0386962890625,-0.1292724609375,-0.016143798828125,-0.004364013671875,0.00384521484375,V,2,2026-08-24_23-25-27,2026-08-25
0.9609120521172638,1.0,0.0,0.0,0.802547770700637,1.0,1.0,0.0,1.0,1.0,1.0,0.540283203125,0.034912109375,-0.14208984375,-0.0169677734375,-0.006622314453125,0.00213623046875,V,2,2026-08-24_23-25-27,2026-08-25
0.9645313065508505,1.0,0.0,0.0,0.7261146496815286,1.0,1.0,0.0,1.0,1.0,1.0,0.5391845703125,0.0391845703125,-0.138427734375,-0.01788330078125,-0.014068603515625,0.000946044921875,V,2,2026-08-24_23-25-27,2026-08-25
0.9601882012305465,1.0,0.0,0.0,0.6369426751592356,1.0,1.0,0.0,1.0,1.0,1.0,0.533935546875,0.0418701171875,-0.1353759765625,-0.01690673828125,-0.009674072265625,0.000762939453125,V,2,2026-08-24_23-25-27,2026-08-25
0.9652551574375678,0.9939649969824985,0.0,0.0,0.7770700636942676,1.0,1.0,0.0,1.0,1.0,1.0,0.52880859375,0.04150390625,-0.1419677734375,-0.01629638671875,0.009490966796875,0.001373291015625,V,2,2026-08-24_23-25-27,2026-08-25
0.9645313065508505,0.9975859987929994,0.0,0.0,0.7515923566878981,1.0,1.0,0.0,1.0,1.0,1.0,0.54296875,0.03955078125,-0.1383056640625,-0.022735595703125,0.01568603515625,0.00616455078125,V,2,2026-08-24_23-25-27,2026-08-25
0.9638074556641332,1.0,0.0,0.010752688172043012,0.7898089171974523,1.0,1.0,0.0,1.0,1.0,1.0,0.55517578125,0.04052734375,-0.1312255859375,-0.030120849609375,-0.0103759765625,0.00677490234375,V,2,2026-08-24_23-25-27,2026-08-25
0.9587404994571118,1.0,0.0,0.0,0.802547770700637,1.0,1.0,0.0,1.0,1.0,1.0,0.535888671875,0.0469970703125,-0.1234130859375,-0.025665283203125,-0.027191162109375,0.005096435546875,V,2,2026-08-24_23-25-27,2026-08-25
0.9645313065508505,1.0,0.0,0.0,0.7898089171974523,1.0,1.0,0.0,1.0,1.0,1.0,0.5223388671875,0.0482177734375,-0.12353515625,0.003204345703125,-0.005279541015625,0.0048828125,V,2,2026-08-24_23-25-27,2026-08-25
0.9645313065508505,1.0,0.0,0.0,0.8152866242038217,1.0,1.0,0.0,1.0,1.0,1.0,0.5374755859375,0.03759765625,-0.139404296875,0.002838134765625,0.0155029296875,0.00445556640625,V,2,2026-08-24_23-25-27,2026-08-25
0.9609120521172638,1.0,0.0,0.0,1.0,1.0,1.0,0.0,1.0,1.0,1.0,0.5543212890625,0.0338134765625,-0.1375732421875,-0.020477294921875,-0.005340576171875,0.001922607421875,V,2,2026-08-24_23-25-27,2026-08-25
0.9674267100977199,1.0,0.0,0.0,0.7006369426751592,1.0,1.0,0.0,1.0,1.0,1.0,0.5416259765625,0.045166015625,-0.12158203125,-0.0279541015625,-0.0318603515625,0.0052490234375,V,2,2026-08-24_23-25-27,2026-08-25
0.9710459645313065,1.0,0.0,0.0,0.7770700636942676,1.0,1.0,0.0,1.0,1.0,1.0,0.5284423828125,0.0416259765625,-0.1263427734375,-0.01580810546875,-0.0279541015625,0.0037841796875,V,2,2026-08-24_23-25-27,2026-08-25
0.9695982627578719,1.0,0.0,0.0,0.8152866242038217,1.0,1.0,0.0,1.0,1.0,1.0,0.530029296875,0.03955078125,-0.1353759765625,-0.006500244140625,-0.0028076171875,0.0029296875,V,2,2026-08-24_23-25-27,2026-08-25
0.9536735432500905,1.0,0.0,0.0,0.6878980891719745,1.0,1.0,0.0,1.0,1.0,1.0,0.541259765625,0.0340576171875,-0.1337890625,-0.00689697265625,-0.001556396484375,0.003936767578125,V,2,2026-08-24_23-25-27,2026-08-25
0.9609120521172638,1.0,0.0,0.0,0.7515923566878981,1.0,1.0,0.0,1.0,1.0,1.0,0.5516357421875,0.03369140625,-0.1365966796875,-0.0177001953125,-0.018829345703125,0.00518798828125,V,2,2026-08-24_23-25-27,2026-08-25
0.9609120521172638,1.0,0.0,0.0,0.7770700636942676,1.0,1.0,0.0,1.0,1.0,1.0,0.5439453125,0.0411376953125,-0.1343994140625,-0.025390625,-0.027862548828125,0.001800537109375,V,2,2026-08-24_23-25-27,2026-08-25
0.9609120521172638,1.0,0.0,0.016129032258064516,0.7388535031847133,1.0,1.0,0.0,1.0,1.0,1.0,0.537841796875,0.0443115234375,-0.1365966796875,-0.0150146484375,-0.016632080078125,0.001800537109375,V,2,2026-08-24_23-25-27,2026-08-25
0.9638074556641332,1.0,0.0,0.0,0.6751592356687898,1.0,1.0,0.0,1.0,1.0,1.0,0.5347900390625,0.0421142578125,-0.1434326171875,-0.014678955078125,-0.005340576171875,0.00311279296875,V,2,2026-08-24_23-25-27,2026-08-25
0.9667028592110025,1.0,0.0,0.0,0.7261146496815286,1.0,1.0,0.0,1.0,1.0,1.0,0.540771484375,0.0361328125,-0.141357421875,-0.02105712890625,-0.007659912109375,0.00140380859375,V,2,2026-08-24_23-25-27,2026-08-25
0.9587404994571118,1.0,0.0,0.0,0.7515923566878981,1.0,1.0,0.0,1.0,1.0,1.0,0.5390625,0.0396728515625,-0.1414794921875,-0.01666259765625,-0.0108642578125,0.004058837890625,V,2,2026-08-24_23-25-27,2026-08-25
0.9717698154180239,1.0,0.0,0.0,0.7770700636942676,1.0,1.0,0.0,1.0,1.0,1.0,0.5313720703125,0.0377197265625,-0.142822265625,-0.0181884765625,-0.00775146484375,0.002166748046875,V,2,2026-08-24_23-25-27,2026-08-25
0.9601882012305465,1.0,0.0,0.0,0.6878980891719745,1.0,1.0,0.0,1.0,1.0,1.0,0.538818359375,0.04345703125,-0.138671875,-0.018463134765625,-0.007171630859375,0.002166748046875,V,2,2026-08-24_23-25-27,2026-08-25
0.9667028592110025,1.0,0.0,0.0,0.7261146496815286,1.0,1.0,0.0,1.0,1.0,1.0,0.5380859375,0.042724609375,-0.1429443359375,-0.018798828125,-0.01165771484375,0.00445556640625,V,2,2026-08-24_23-25-27,2026-08-25
0.9638074556641332,1.0,0.0,0.0,0.8152866242038217,1.0,1.0,0.0,1.0,1.0,1.0,0.5406494140625,0.0423583984375,-0.136962890625,-0.02197265625,-0.011688232421875,0.004547119140625,V,2,2026-08-24_23-25-27,2026-08-25
0.9681505609844372,1.0,0.0,0.016129032258064516,0.8152866242038217,1.0,1.0,0.0,1.0,1.0,1.0,0.5343017578125,0.043701171875,-0.134521484375,-0.020965576171875,-0.011962890625,0.004608154296875,V,2,2026-08-24_23-25-27,2026-08-25
0.9652551574375678,1.0,0.0,0.0,0.7388535031847133,1.0,1.0,0.0,1.0,1.0,1.0,0.536376953125,0.0433349609375,-0.1365966796875,-0.023040771484375,-0.005096435546875,0.00634765625,V,2,2026-08-24_23-25-27,2026-08-25
0.9616359030039812,1.0,0.0,0.0,0.7515923566878981,1.0,1.0,0.0,1.0,1.0,1.0,0.53759765625,0.0400390625,-0.137451171875,-0.016571044921875,0.001983642578125,0.00860595703125,V,2,2026-08-24_23-25-27,2026-08-25
0.9811798769453492,0.9831019915509958,0.0,0.1827956989247312,0.8152866242038217,1.0,1.0,0.0,1.0,1.0,1.0,0.55908203125,0.0272216796875,-0.1539306640625,0.02008056640625,-0.00799560546875,-0.002227783203125,V,3,2026-08-24_23-25-27,2026-08-25
0.9804560260586319,0.9806879903439951,0.0,0.06989247311827956,0.89171974522293,1.0,1.0,0.0,1.0,1.0,1.0,0.539306640625,0.0556640625,-0.1201171875,-0.005126953125,-0.056610107421875,0.003509521484375,V,3,2026-08-24_23-25-27,2026-08-25
0.9833514296055013,0.9806879903439951,0.0,0.06451612903225806,0.9299363057324841,1.0,1.0,0.0,1.0,1.0,1.0,0.5076904296875,0.0531005859375,-0.1446533203125,0.02996826171875,-0.00640869140625,0.020355224609375,V,3,2026-08-24_23-25-27,2026-08-25
0.9826275787187839,0.975859987929994,0.0,0.07526881720430108,0.9426751592356688,1.0,1.0,0.0,1.0,1.0,1.0,0.5306396484375,0.0386962890625,-0.1600341796875,0.032958984375,0.05352783203125,0.0223388671875,V,3,2026-08-24_23-25-27,2026-08-25
0.9804560260586319,0.9806879903439951,0.0,0.0,0.8535031847133758,1.0,1.0,0.0,1.0,1.0,1.0,0.56787109375,0.0201416015625,-0.1500244140625,-0.01605224609375,0.02044677734375,0.00323486328125,V,3,2026-08-24_23-25-27,2026-08-25
0.9811798769453492,1.0,0.0,0.0,0.8789808917197452,1.0,1.0,0.0,1.0,1.0,1.0,0.5499267578125,0.05517578125,-0.0994873046875,-0.017181396484375,-0.054718017578125,0.00421142578125,V,3,2026-08-24_23-25-27,2026-08-25
0.9797321751719146,0.9734459867229933,0.0,0.0,0.8152866242038217,1.0,1.0,0.0,1.0,1.0,1.0,0.524169921875,0.040771484375,-0.126220703125,0.045074462890625,-0.037017822265625,0.01361083984375,V,3,2026-08-24_23-25-27,2026-08-25
0.9753890698516106,0.9794809897404949,0.0,0.0,0.9554140127388535,1.0,1.0,0.0,1.0,1.0,1.0,0.5499267578125,0.0338134765625,-0.14208984375,0.056793212890625,-0.010986328125,0.010894775390625,V,3,2026-08-24_23-25-27,2026-08-25
0.9768367716250452,0.9831019915509958,0.0,0.0,0.9936305732484076,1.0,1.0,0.0,1.0,1.0,1.0,0.5657958984375,0.025390625,-0.138671875,0.0120849609375,-0.041259765625,0.002349853515625,V,3,2026-08-24_23-25-27,2026-08-25
0.9703221136445892,1.0,0.0,0.0,1.0,1.0,1.0,0.0,1.0,1.0,1.0,0.53173828125,0.04638671875,-0.1201171875,-0.00286865234375,-0.06317138671875,0.007781982421875,V,3,2026-08-24_23-25-27,2026-08-25
0.9790083242851972,0.9806879903439951,0.0,0.0,0.9299363057324841,1.0,1.0,0.0,1.0,1.0,1.0,0.5166015625,0.0343017578125,-0.157470703125,0.004547119140625,0.007110595703125,0.008880615234375,V,3,2026-08-24_23-25-27,2026-08-25
0.9739413680781759,1.0,0.0,0.0,0.9681528662420382,1.0,1.0,0.0,1.0,1.0,1.0,0.5394287109375,0.02490234375,-0.16650390625,-0.02545166015625,0.052978515625,0.009124755859375,V,3,2026-08-24_23-25-27,2026-08-25
0.9710459645313065,0.996378998189499,0.0,0.0,0.9554140127388535,1.0,1.0,0.0,1.0,1.0,1.0,0.5706787109375,0.0338134765625,-0.1375732421875,-0.061187744140625,0.00604248046875,0.007537841796875,V,3,2026-08-24_23-25-27,2026-08-25
0.9768367716250452,1.0,0.0,0.0,0.89171974522293,1.0,1.0,0.0,1.0,1.0,1.0,0.5391845703125,0.0418701171875,-0.11865234375,-0.04296875,-0.034088134765625,0.005401611328125,V,3,2026-08-24_23-25-27,2026-08-25
0.9638074556641332,1.0,0.0,0.0,0.9426751592356688,1.0,1.0,0.0,1.0,1.0,1.0,0.516845703125,0.0455322265625,-0.117431640625,-0.008758544921875,-0.017425537109375,-0.001495361328125,V,3,2026-08-24_23-25-27,2026-08-25
0.9703221136445892,1.0,0.0,0.0,0.8280254777070064,1.0,1.0,0.0,1.0,1.0,1.0,0.54296875,0.0330810546875,-0.1427001953125,0.01263427734375,0.01580810546875,-0.00262451171875,V,3,2026-08-24_23-25-27,2026-08-25
0.9869706840390879,1.0,0.0,0.0,0.9554140127388535,1.0,1.0,0.0,1.0,1.0,1.0,0.5479736328125,0.03759765625,-0.142578125,-0.008148193359375,-0.006866455078125,-0.001007080078125,V,3,2026-08-24_23-25-27,2026-08-25
0.9732175171914585,1.0,0.0,0.0,0.9426751592356688,1.0,1.0,0.0,1.0,1.0,1.0,0.5413818359375,0.0399169921875,-0.1341552734375,-0.022705078125,-0.039703369140625,0.00299072265625,V,3,2026-08-24_23-25-27,2026-08-25
0.9768367716250452,1.0,0.0,0.0,0.9808917197452229,1.0,1.0,0.0,1.0,1.0,1.0,0.5264892578125,0.0391845703125,-0.141357421875,-0.016357421875,-0.02569580078125,0.003875732421875,V,3,2026-08-24_23-25-27,2026-08-25
0.9732175171914585,1.0,0.0,0.0,0.8535031847133758,1.0,1.0,0.0,1.0,1.0,1.0,0.5291748046875,0.0367431640625,-0.1402587890625,-0.006744384765625,0.00408935546875,0.001800537109375,V,3,2026-08-24_23-25-27,2026-08-25
0.9732175171914585,1.0,0.0,0.0,0.9299363057324841,1.0,1.0,0.0,1.0,1.0,1.0,0.545654296875,0.03662109375,-0.1466064453125,-0.013427734375,0.00225830078125,0.000152587890625,V,3,2026-08-24_23-25-27,2026-08-25
0.9717698154180239,1.0,0.0,0.0,0.8535031847133758,1.0,1.0,0.0,1.0,1.0,1.0,0.5462646484375,0.031982421875,-0.13134765625,-0.021484375,-0.02069091796875,-0.00323486328125,V,3,2026-08-24_23-25-27,2026-08-25
0.9717698154180239,1.0,0.0,0.0,0.8152866242038217,1.0,1.0,0.0,1.0,1.0,1.0,0.53369140625,0.0469970703125,-0.131591796875,-0.002655029296875,-0.0299072265625,-0.002685546875,V,3,2026-08-24_23-25-27,2026-08-25
0.9717698154180239,1.0,0.0,0.0,0.9426751592356688,1.0,1.0,0.0,1.0,1.0,1.0,0.5220947265625,0.033203125,-0.1492919921875,0.00799560546875,-0.00103759765625,-0.001617431640625,V,3,2026-08-24_23-25-27,2026-08-25
0.9790083242851972,1.0,0.0,0.0,0.8535031847133758,1.0,1.0,0.0,1.0,1.0,1.0,0.5406494140625,0.0302734375,-0.1513671875,-0.001922607421875,0.01806640625,-0.001373291015625,V,3,2026-08-24_23-25-27,2026-08-25
0.9768367716250452,1.0,0.0,0.0,0.8152866242038217,1.0,1.0,0.0,1.0,1.0,1.0,0.5595703125,0.0313720703125,-0.142578125,-0.028289794921875,-0.0123291015625,0.003570556640625,V,3,2026-08-24_23-25-27,2026-08-25
0.9717698154180239,1.0,0.0,0.0,0.89171974522293,1.0,1.0,0.0,1.0,1.0,1.0,0.5345458984375,0.0478515625,-0.112548828125,-0.035369873046875,-0.04931640625,0.00250244140625,V,3,2026-08-24_23-25-27,2026-08-25
0.9732175171914585,1.0,0.0,0.0,0.8535031847133758,1.0,1.0,0.0,1.0,1.0,1.0,0.522216796875,0.0400390625,-0.131103515625,-0.01263427734375,-0.015869140625,0.000640869140625,V,3,2026-08-24_23-25-27,2026-08-25
0.9797321751719146,1.0,0.0,0.0,0.8152866242038217,1.0,1.0,0.0,1.0,1.0,1.0,0.5316162109375,0.0384521484375,-0.1435546875,-0.00775146484375,0.01446533203125,-0.00177001953125,V,3,2026-08-24_23-25-27,2026-08-25
0.9688744118711545,1.0,0.0,0.0,0.9299363057324841,1.0,1.0,0.0,1.0,1.0,1.0,0.5509033203125,0.0404052734375,-0.1318359375,-0.011383056640625,-0.003509521484375,0.004638671875,V,3,2026-08-24_23-25-27,2026-08-25
0.9703221136445892,1.0,0.0,0.0,0.89171974522293,1.0,1.0,0.0,1.0,1.0,1.0,0.5413818359375,0.0372314453125,-0.133056640625,-0.008209228515625,-0.026275634765625,0.00616455078125,V,3,2026-08-24_23-25-27,2026-08-25
0.9688744118711545,1.0,0.0,0.0,0.8535031847133758,1.0,1.0,0.0,1.0,1.0,1.0,0.51953125,0.04052734375,-0.1427001953125,-0.0009765625,-0.009918212890625,0.0037841796875,V,3,2026-08-24_23-25-27,2026-08-25
0.9703221136445892,1.0,0.0,0.0,0.9299363057324841,1.0,1.0,0.0,1.0,1.0,1.0,0.5362548828125,0.0328369140625,-0.1568603515625,0.003265380859375,0.02093505859375,-0.000152587890625,V,3,2026-08-24_23-25-27,2026-08-25
0.9732175171914585,1.0,0.0,0.0,0.8152866242038217,1.0,1.0,0.0,1.0,1.0,1.0,0.553955078125,0.03271484375,-0.143798828125,-0.0087890625,0.010833740234375,-0.001708984375,V,3,2026-08-24_23-25-27,2026-08-25
0.9659790083242852,1.0,0.0,0.0,0.8407643312101911,1.0,1.0,0.0,1.0,1.0,1.0,0.5452880859375,0.0357666015625,-0.136474609375,-0.01043701171875,-0.034027099609375,-0.005584716796875,V,3,2026-08-24_23-25-27,2026-08-25
0.9688744118711545,1.0,0.0,0.0,0.8280254777070064,1.0,1.0,0.0,1.0,1.0,1.0,0.529052734375,0.0445556640625,-0.145751953125,0.012115478515625,-0.031585693359375,0.00201416015625,V,3,2026-08-24_23-25-27,2026-08-25
0.9609120521172638,1.0,0.0,0.0,0.8152866242038217,1.0,1.0,0.0,1.0,1.0,1.0,0.52490234375,0.031982421875,-0.154296875,0.0201416015625,0.001678466796875,0.004547119140625,V,3,2026-08-24_23-25-27,2026-08-25
0.9739413680781759,1.0,0.0,0.0,0.89171974522293,1.0,1.0,0.0,1.0,1.0,1.0,0.53857421875,0.0328369140625,-0.1517333984375,-0.006744384765625,0.01324462890625,0.00665283203125,V,3,2026-08-24_23-25-27,2026-08-25
0.9638074556641332,1.0,0.0,0.0,0.8407643312101911,1.0,1.0,0.0,1.0,1.0,1.0,0.54736328125,0.0308837890625,-0.1461181640625,-0.03216552734375,-0.01239013671875,0.00286865234375,V,3,2026-08-24_23-25-27,2026-08-25
0.9797321751719146,1.0,0.0,0.0,0.89171974522293,1.0,1.0,0.0,1.0,1.0,1.0,0.5264892578125,0.039794921875,-0.1331787109375,-0.03509521484375,-0.015380859375,0.00048828125,V,3,2026-08-24_23-25-27,2026-08-25
0.9674267100977199,1.0,0.0,0.0,0.802547770700637,1.0,1.0,0.0,1.0,1.0,1.0,0.541015625,0.056396484375,-0.11572265625,-0.03839111328125,-0.02276611328125,-0.003570556640625,V,4,2026-08-24_23-25-27,2026-08-25
0.9543973941368078,1.0,0.0,0.0,0.7515923566878981,1.0,1.0,0.0,1.0,1.0,1.0,0.5333251953125,0.0611572265625,-0.101318359375,-0.0216064453125,-0.02288818359375,0.000335693359375,V,4,2026-08-24_23-25-27,2026-08-25
0.9601882012305465,1.0,0.0,0.0,0.8152866242038217,1.0,1.0,0.0,1.0,1.0,1.0,0.5361328125,0.053466796875,-0.1236572265625,-0.008392333984375,-0.00360107421875,0.00164794921875,V,4,2026-08-24_23-25-27,2026-08-25
0.9551212450235251,1.0,0.0,0.0,0.8280254777070064,1.0,1.0,0.0,1.0,1.0,1.0,0.543701171875,0.0498046875,-0.1248779296875,-0.013336181640625,-0.00274658203125,0.00128173828125,V,4,2026-08-24_23-25-27,2026-08-25
0.9601882012305465,1.0,0.0,0.0,0.7006369426751592,1.0,1.0,0.0,1.0,1.0,1.0,0.548095703125,0.0516357421875,-0.1187744140625,-0.022369384765625,-0.0181884765625,0.003326416015625,V,4,2026-08-24_23-25-27,2026-08-25
0.9572927976836771,1.0,0.0,0.0,0.7770700636942676,1.0,1.0,0.0,1.0,1.0,1.0,0.535888671875,0.0537109375,-0.119140625,-0.0169677734375,-0.019744873046875,0.0035400390625,V,4,2026-08-24_23-25-27,2026-08-25
0.9551212450235251,1.0,0.0,0.0,0.8152866242038217,1.0,1.0,0.0,1.0,1.0,1.0,0.537841796875,0.05224609375,-0.1240234375,-0.022918701171875,-0.00518798828125,0.00274658203125,V,4,2026-08-24_23-25-27,2026-08-25
0.9543973941368078,1.0,0.0,0.0,0.8535031847133758,1.0,1.0,0.0,1.0,1.0,1.0,0.5435791015625,0.056396484375,-0.119384765625,-0.019989013671875,0.000885009765625,0.0032958984375,V,4,2026-08-24_23-25-27,2026-08-25
0.9522258414766558,1.0,0.0,0.0,0.8152866242038217,1.0,1.0,0.0,1.0,1.0,1.0,0.5418701171875,0.0523681640625,-0.12109375,-0.018096923828125,0.0001220703125,0.003997802734375,V,4,2026-08-24_23-25-27,2026-08-25
0.9493304379297864,1.0,0.0,0.0,0.802547770700637,1.0,1.0,0.0,1.0,1.0,1.0,0.5421142578125,0.0513916015625,-0.118408203125,-0.015228271484375,-0.00128173828125,0.003875732421875,V,4,2026-08-24_23-25-27,2026-08-25
0.9536735432500905,1.0,0.0,0.0,0.802547770700637,1.0,1.0,0.0,1.0,1.0,1.0,0.545166015625,0.05029296875,-0.11572265625,-0.0145263671875,-0.00537109375,0.0042724609375,V,4,2026-08-24_23-25-27,2026-08-25
0.9536735432500905,1.0,0.0,0.0,0.7643312101910829,1.0,1.0,0.0,1.0,1.0,1.0,0.5399169921875,0.050537109375,-0.1151123046875,-0.012542724609375,-0.002105712890625,0.004364013671875,V,4,2026-08-24_23-25-27,2026-08-25
0.9587404994571118,0.9915509957754979,0.0,0.0,0.7770700636942676,1.0,1.0,0.0,1.0,1.0,1.0,0.545166015625,0.04931640625,-0.1187744140625,-0.0234375,-0.006744384765625,0.0035400390625,V,4,2026-08-24_23-25-27,2026-08-25
0.9623597538906985,0.9987929993964997,0.0,0.0,0.802547770700637,1.0,1.0,0.0,1.0,1.0,1.0,0.54931640625,0.0531005859375,-0.115966796875,-0.0289306640625,-0.015167236328125,0.003326416015625,V,4,2026-08-24_23-25-27,2026-08-25
0.9558450959102425,1.0,0.0,0.0,0.7515923566878981,1.0,1.0,0.0,1.0,1.0,1.0,0.5458984375,0.055908203125,-0.112548828125,-0.02203369140625,-0.01763916015625,0.00396728515625,V,4,2026-08-24_23-25-27,2026-08-25
0.9601882012305465,1.0,0.0,0.0,0.7261146496815286,1.0,1.0,0.0,1.0,1.0,1.0,0.5341796875,0.053955078125,-0.1181640625,-0.012237548828125,-0.009979248046875,0.005279541015625,V,4,2026-08-24_23-25-27,2026-08-25
0.9601882012305465,1.0,0.0,0.0,0.6369426751592356,1.0,1.0,0.0,1.0,1.0,1.0,0.539306640625,0.0499267578125,-0.128173828125,-0.014007568359375,-0.004791259765625,0.00335693359375,V,4,2026-08-24_23-25-27,2026-08-25
0.9580166485703945,0.9951719975859988,0.0,0.0,0.802547770700637,1.0,1.0,0.0,1.0,1.0,1.0,0.539306640625,0.0516357421875,-0.1214599609375,-0.020111083984375,-0.00518798828125,0.004730224609375,V,4,2026-08-24_23-25-27,2026-08-25
0.9587404994571118,0.9975859987929994,0.0,0.0,0.7770700636942676,1.0,1.0,0.0,1.0,1.0,1.0,0.541259765625,0.050048828125,-0.116455078125,-0.0203857421875,-0.01116943359375,0.005889892578125,V,4,2026-08-24_23-25-27,2026-08-25
0.9543973941368078,1.0,0.0,0.0,0.7770700636942676,1.0,1.0,0.0,1.0,1.0,1.0,0.5321044921875,0.052001953125,-0.1151123046875,-0.019012451171875,-0.01055908203125,0.004791259765625,V,4,2026-08-24_23-25-27,2026-08-25
0.9551212450235251,0.9975859987929994,0.0,0.0,0.8280254777070064,1.0,1.0,0.0,1.0,1.0,1.0,0.533447265625,0.0499267578125,-0.125,-0.009429931640625,0.00360107421875,0.008056640625,V,4,2026-08-24_23-25-27,2026-08-25
0.9645313065508505,1.0,0.0,0.0,0.8280254777070064,1.0,1.0,0.0,1.0,1.0,1.0,0.54931640625,0.0518798828125,-0.12744140625,-0.017669677734375,-0.001678466796875,0.0091552734375,V,4,2026-08-24_23-25-27,2026-08-25
0.9493304379297864,0.9975859987929994,0.0,0.0,0.7261146496815286,1.0,1.0,0.0,1.0,1.0,1.0,0.5521240234375,0.0528564453125,-0.1187744140625,-0.02923583984375,-0.01910400390625,0.008209228515625,V,4,2026-08-24_23-25-27,2026-08-25
0.9724936663047412,0.9927579963789982,0.0,0.0,0.8152866242038217,1.0,1.0,0.0,1.0,1.0,1.0,0.5411376953125,0.052734375,-0.117919921875,-0.017791748046875,-0.0223388671875,0.00640869140625,V,4,2026-08-24_23-25-27,2026-08-25
0.9464350343829171,0.9927579963789982,0.0,0.0,0.7898089171974523,1.0,1.0,0.0,1.0,1.0,1.0,0.5330810546875,0.0478515625,-0.123046875,-0.00482177734375,0.00421142578125,0.008026123046875,V,4,2026-08-24_23-25-27,2026-08-25
0.9551212450235251,0.9891369945684972,0.0,0.0,0.7515923566878981,1.0,1.0,0.0,1.0,1.0,1.0,0.540283203125,0.0469970703125,-0.1287841796875,-0.015167236328125,0.0150146484375,0.007598876953125,V,4,2026-08-24_23-25-27,2026-08-25
0.9558450959102425,1.0,0.0,0.0,0.8152866242038217,1.0,1.0,0.0,1.0,1.0,1.0,0.5531005859375,0.0447998046875,-0.12646484375,-0.029937744140625,0.007293701171875,0.008880615234375,V,4,2026-08-24_23-25-27,2026-08-25
0.9572927976836771,1.0,0.0,0.0,0.7515923566878981,1.0,1.0,0.0,1.0,1.0,1.0,0.5499267578125,0.05419921875,-0.11083984375,-0.029022216796875,-0.014007568359375,0.00640869140625,V,4,2026-08-24_23-25-27,2026-08-25
0.9601882012305465,1.0,0.0,0.0,0.7770700636942676,1.0,1.0,0.0,1.0,1.0,1.0,0.537841796875,0.05224609375,-0.110107421875,-0.013916015625,-0.00958251953125,0.004486083984375,V,4,2026-08-24_23-25-27,2026-08-25
0.9500542888165038,0.9987929993964997,0.0,0.0,0.802547770700637,1.0,1.0,0.0,1.0,1.0,1.0,0.5377197265625,0.0504150390625,-0.1207275390625,0.001708984375,0.0081787109375,3.0517578125e-05,V,4,2026-08-24_23-25-27,2026-08-25
0.9587404994571118,1.0,0.0,0.0,0.7515923566878981,1.0,1.0,0.0,1.0,1.0,1.0,0.54638671875,0.0467529296875,-0.121826171875,-0.0130615234375,0.007476806640625,-0.0003662109375,V,4,2026-08-24_23-25-27,2026-08-25
0.9601882012305465,0.9891369945684972,0.0,0.0,0.8152866242038217,1.0,1.0,0.0,1.0,1.0,1.0,0.5482177734375,0.052978515625,-0.1123046875,-0.032073974609375,-0.01226806640625,0.003173828125,V,4,2026-08-24_23-25-27,2026-08-25
0.9522258414766558,0.996378998189499,0.0,0.0,0.7515923566878981,1.0,1.0,0.0,1.0,1.0,1.0,0.534912109375,0.060546875,-0.1002197265625,-0.02734375,-0.02105712890625,0.00726318359375,V,4,2026-08-24_23-25-27,2026-08-25
0.9522258414766558,0.987929993964997,0.0,0.0,0.7898089171974523,1.0,1.0,0.0,1.0,1.0,1.0,0.5286865234375,0.057373046875,-0.1109619140625,-0.0078125,-0.006500244140625,0.0068359375,V,4,2026-08-24_23-25-27,2026-08-25
0.9551212450235251,0.996378998189499,0.0,0.0,0.802547770700637,1.0,1.0,0.0,1.0,1.0,1.0,0.544189453125,0.0438232421875,-0.119384765625,-0.00408935546875,0.00531005859375,0.00421142578125,V,4,2026-08-24_23-25-27,2026-08-25
0.9565689467969598,0.9806879903439951,0.0,0.0,0.8152866242038217,1.0,1.0,0.0,1.0,1.0,1.0,0.5538330078125,0.0472412109375,-0.1180419921875,-0.018890380859375,-0.011260986328125,0.0018310546875,V,4,2026-08-24_23-25-27,2026-08-25
0.9565689467969598,1.0,0.0,0.0,0.8152866242038217,1.0,1.0,0.0,1.0,1.0,1.0,0.5479736328125,0.0533447265625,-0.1134033203125,-0.036468505859375,-0.034576416015625,0.0023193359375,V,4,2026-08-24_23-25-27,2026-08-25
0.9587404994571118,0.9975859987929994,0.0,0.0,0.7643312101910829,1.0,1.0,0.0,1.0,1.0,1.0,0.52978515625,0.06787109375,-0.11083984375,-0.0269775390625,-0.02886962890625,0.0072021484375,V,4,2026-08-24_23-25-27,2026-08-25
0.9580166485703945,0.9975859987929994,0.0,0.0,0.8152866242038217,1.0,1.0,0.0,1.0,1.0,1.0,0.53466796875,0.0552978515625,-0.125732421875,-0.01031494140625,-0.01123046875,0.01068115234375,V,4,2026-08-24_23-25-27,2026-08-25
0.9529496923633731,0.9855159927579964,0.0,0.0,0.7388535031847133,1.0,1.0,0.0,1.0,1.0,1.0,0.547119140625,0.048095703125,-0.1309814453125,-0.01776123046875,-0.0111083984375,0.00897216796875,V,4,2026-08-24_23-25-27,2026-08-25
0.9739413680781759,1.0,0.0,0.06451612903225806,0.2802547770700637,1.0,1.0,1.0,1.0,1.0,1.0,0.552978515625,0.049560546875,-0.093505859375,-0.00738525390625,0.01556396484375,-0.00238037109375,W,0,2026-08-24_23-25-27,2026-08-25
0.9667028592110025,1.0,0.0,0.053763440860215055,0.24203821656050956,1.0,1.0,1.0,1.0,1.0,1.0,0.5555419921875,0.0548095703125,-0.1015625,-0.007720947265625,0.015472412109375,0.0006103515625,W,0,2026-08-24_23-25-27,2026-08-25
0.9703221136445892,1.0,0.0,0.026881720430107527,0.2929936305732484,1.0,1.0,1.0,1.0,1.0,1.0,0.5616455078125,0.0477294921875,-0.088623046875,-0.011993408203125,-0.00274658203125,-0.0018310546875,W,0,2026-08-24_23-25-27,2026-08-25
0.9688744118711545,1.0,0.0,0.043010752688172046,0.267515923566879,1.0,1.0,1.0,1.0,1.0,1.0,0.5462646484375,0.053466796875,-0.09423828125,-0.0133056640625,-0.0211181640625,-0.004364013671875,W,0,2026-08-24_23-25-27,2026-08-25
0.9652551574375678,1.0,0.0,0.06989247311827956,0.22929936305732485,1.0,1.0,1.0,1.0,1.0,1.0,0.5390625,0.056396484375,-0.1072998046875,-0.009033203125,-0.007171630859375,-0.004364013671875,W,0,2026-08-24_23-25-27,2026-08-25
0.9688744118711545,1.0,0.0,0.026881720430107527,0.267515923566879,1.0,1.0,1.0,1.0,1.0,1.0,0.54345703125,0.05517578125,-0.106201171875,-0.01556396484375,-0.00286865234375,-0.002685546875,W,0,2026-08-24_23-25-27,2026-08-25
0.9688744118711545,1.0,0.0,0.0913978494623656,0.2802547770700637,1.0,1.0,1.0,1.0,1.0,1.0,0.5445556640625,0.0511474609375,-0.109619140625,-0.014801025390625,-0.001983642578125,0.000762939453125,W,0,2026-08-24_23-25-27,2026-08-25
0.9732175171914585,1.0,0.0,0.06989247311827956,0.33121019108280253,1.0,1.0,1.0,1.0,1.0,1.0,0.54052734375,0.045654296875,-0.104248046875,-0.015472412109375,-0.01025390625,0.001068115234375,W,0,2026-08-24_23-25-27,2026-08-25
0.9688744118711545,1.0,0.0,0.08602150537634409,0.36942675159235666,1.0,1.0,1.0,1.0,1.0,1.0,0.528076171875,0.0509033203125,-0.104736328125,-0.007720947265625,-0.009185791015625,0.001312255859375,W,0,2026-08-24_23-25-27,2026-08-25
0.9638074556641332,1.0,0.0,0.06451612903225806,0.2929936305732484,1.0,1.0,1.0,1.0,1.0,1.0,0.5362548828125,0.0521240234375,-0.106201171875,-0.003692626953125,0.008697509765625,0.001617431640625,W,0,2026-08-24_23-25-27,2026-08-25
0.9695982627578719,1.0,0.0,0.12365591397849462,0.2929936305732484,1.0,1.0,1.0,1.0,1.0,1.0,0.5457763671875,0.0478515625,-0.1146240234375,-0.006561279296875,0.010711669921875,0.00506591796875,W,0,2026-08-24_23-25-27,2026-08-25
0.9717698154180239,1.0,0.0,0.11290322580645161,0.2802547770700637,1.0,1.0,1.0,1.0,1.0,1.0,0.5511474609375,0.04638671875,-0.1143798828125,-0.013763427734375,-0.00146484375,0.0081787109375,W,0,2026-08-24_23-25-27,2026-08-25
0.9638074556641332,1.0,0.0,0.10752688172043011,0.3184713375796178,1.0,1.0,1.0,1.0,1.0,1.0,0.548583984375,0.0479736328125,-0.1019287109375,-0.026123046875,-0.019805908203125,0.00433349609375,W,0,2026-08-24_23-25-27,2026-08-25
0.9703221136445892,1.0,0.0,0.11290322580645161,0.2802547770700637,1.0,1.0,1.0,1.0,1.0,1.0,0.543212890625,0.056640625,-0.1033935546875,-0.015838623046875,-0.01739501953125,0.0064697265625,W,0,2026-08-24_23-25-27,2026-08-25
0.9703221136445892,1.0,0.0,0.08064516129032258,0.1910828025477707,1.0,1.0,1.0,1.0,1.0,1.0,0.555908203125,0.0469970703125,-0.105224609375,-0.013092041015625,-0.010345458984375,0.005462646484375,W,0,2026-08-24_23-25-27,2026-08-25
0.9667028592110025,1.0,0.0,0.12365591397849462,0.20382165605095542,1.0,1.0,1.0,1.0,1.0,1.0,0.5560302734375,0.0518798828125,-0.1142578125,-0.020599365234375,-0.016510009765625,0.00616455078125,W,0,2026-08-24_23-25-27,2026-08-25
0.9688744118711545,1.0,0.0,0.06451612903225806,0.24203821656050956,1.0,1.0,1.0,1.0,1.0,1.0,0.5511474609375,0.056884765625,-0.1170654296875,-0.02166748046875,-0.017364501953125,0.009002685546875,W,0,2026-08-24_23-25-27,2026-08-25
0.9681505609844372,1.0,0.0,0.11827956989247312,0.2802547770700637,1.0,1.0,1.0,1.0,1.0,1.0,0.552001953125,0.0509033203125,-0.1219482421875,-0.016204833984375,-0.004608154296875,0.012115478515625,W,0,2026-08-24_23-25-27,2026-08-25
0.9681505609844372,1.0,0.0,0.11827956989247312,0.25477707006369427,1.0,1.0,1.0,1.0,1.0,1.0,0.5496826171875,0.045166015625,-0.121826171875,-0.0108642578125,0.000274658203125,0.01202392578125,W,0,2026-08-24_23-25-27,2026-08-25
0.9638074556641332,1.0,0.0,0.0913978494623656,0.267515923566879,1.0,1.0,1.0,1.0,1.0,1.0,0.538818359375,0.0416259765625,-0.1187744140625,-0.01165771484375,0.011138916015625,0.009796142578125,W,0,2026-08-24_23-25-27,2026-08-25
0.9674267100977199,1.0,0.0,0.0967741935483871,0.24203821656050956,1.0,1.0,1.0,1.0,1.0,1.0,0.5382080078125,0.0367431640625,-0.109619140625,-0.018310546875,0.01312255859375,0.0076904296875,W,0,2026-08-24_23-25-27,2026-08-25
0.9645313065508505,1.0,0.0,0.0967741935483871,0.33121019108280253,1.0,1.0,1.0,1.0,1.0,1.0,0.5423583984375,0.037109375,-0.099853515625,-0.022796630859375,0.0025634765625,0.00567626953125,W,0,2026-08-24_23-25-27,2026-08-25
0.9695982627578719,1.0,0.0,0.053763440860215055,0.1910828025477707,1.0,1.0,1.0,1.0,1.0,1.0,0.5350341796875,0.040283203125,-0.0919189453125,-0.015411376953125,0.0023193359375,0.003173828125,W,0,2026-08-24_23-25-27,2026-08-25
0.9688744118711545,1.0,0.0,0.0913978494623656,0.20382165605095542,1.0,1.0,1.0,1.0,1.0,1.0,0.541015625,0.042236328125,-0.089599609375,-0.01409912109375,0.00787353515625,-0.000732421875,W,0,2026-08-24_23-25-27,2026-08-25
0.9681505609844372,1.0,0.0,0.11290322580645161,0.16560509554140126,1.0,1.0,1.0,1.0,1.0,1.0,0.5445556640625,0.049560546875,-0.0838623046875,-0.014556884765625,-0.004058837890625,0.003204345703125,W,0,2026-08-24_23-25-27,2026-08-25
0.9703221136445892,1.0,0.0,0.05913978494623656,0.22929936305732485,1.0,1.0,1.0,1.0,1.0,1.0,0.544677734375,0.0438232421875,-0.082275390625,-0.00604248046875,-0.003997802734375,0.00421142578125,W,0,2026-08-24_23-25-27,2026-08-25
0.9667028592110025,1.0,0.0,0.08602150537634409,0.1910828025477707,1.0,1.0,1.0,1.0,1.0,1.0,0.5506591796875,0.042724609375,-0.0872802734375,-0.008087158203125,-0.010650634765625,0.00146484375,W,0,2026-08-24_23-25-27,2026-08-25
0.9674267100977199,1.0,0.0,0.11827956989247312,0.267515923566879,1.0,1.0,1.0,1.0,1.0,1.0,0.5450439453125,0.0484619140625,-0.092529296875,-0.0093994140625,-0.01055908203125,0.002532958984375,W,0,2026-08-24_23-25-27,2026-08-25
0.9703221136445892,1.0,0.0,0.10215053763440861,0.25477707006369427,1.0,1.0,1.0,1.0,1.0,1.0,0.5556640625,0.052978515625,-0.09716796875,-0.00933837890625,0.00201416015625,0.004974365234375,W,0,2026-08-24_23-25-27,2026-08-25
0.9667028592110025,1.0,0.0,0.08064516129032258,0.3184713375796178,1.0,1.0,1.0,1.0,1.0,1.0,0.5576171875,0.0535888671875,-0.0863037109375,-0.012939453125,-0.01348876953125,0.009490966796875,W,0,2026-08-24_23-25-27,2026-08-25
0.9681505609844372,1.0,0.0,0.07526881720430108,0.36942675159235666,1.0,1.0,1.0,1.0,1.0,1.0,0.5555419921875,0.052734375,-0.0909423828125,-0.0079345703125,-0.019317626953125,0.00885009765625,W,0,2026-08-24_23-25-27,2026-08-25
0.9695982627578719,1.0,0.0,0.03763440860215054,0.3184713375796178,1.0,1.0,1.0,1.0,1.0,1.0,0.555908203125,0.0435791015625,-0.0933837890625,-0.013946533203125,-0.0224609375,0.004730224609375,W,0,2026-08-24_23-25-27,2026-08-25
0.9674267100977199,1.0,0.0,0.0913978494623656,0.20382165605095542,1.0,1.0,1.0,1.0,1.0,1.0,0.54833984375,0.0479736328125,-0.1005859375,-0.01434326171875,-0.023590087890625,0.001373291015625,W,0,2026-08-24_23-25-27,2026-08-25
0.9703221136445892,1.0,0.0,0.08602150537634409,0.33121019108280253,1.0,1.0,1.0,1.0,1.0,1.0,0.545166015625,0.0416259765625,-0.11767578125,-0.00860595703125,-0.01007080078125,0.003753662109375,W,0,2026-08-24_23-25-27,2026-08-25
0.9695982627578719,1.0,0.0,0.10752688172043011,0.20382165605095542,1.0,1.0,1.0,1.0,1.0,1.0,0.5482177734375,0.0382080078125,-0.1170654296875,-0.0108642578125,-0.00836181640625,0.00390625,W,0,2026-08-24_23-25-27,2026-08-25
0.9703221136445892,1.0,0.0,0.043010752688172046,0.3184713375796178,1.0,1.0,1.0,1.0,1.0,1.0,0.544677734375,0.0428466796875,-0.11279296875,-0.013580322265625,-0.0125732421875,0.002532958984375,W,0,2026-08-24_23-25-27,2026-08-25
0.9674267100977199,1.0,0.0,0.08064516129032258,0.3184713375796178,1.0,1.0,1.0,1.0,1.0,1.0,0.5374755859375,0.042724609375,-0.110107421875,-0.006439208984375,-0.004638671875,-0.000579833984375,W,0,2026-08-24_23-25-27,2026-08-25
0.9710459645313065,1.0,0.0,0.11290322580645161,0.17834394904458598,1.0,1.0,1.0,1.0,1.0,1.0,0.5322265625,0.041748046875,-0.1060791015625,-0.005706787109375,0.00396728515625,-0.000152587890625,W,0,2026-08-24_23-25-27,2026-08-25
0.9695982627578719,1.0,0.0,0.05913978494623656,0.267515923566879,1.0,1.0,1.0,1.0,1.0,1.0,0.5318603515625,0.0489501953125,-0.112548828125,-0.00213623046875,0.012939453125,0.0050048828125,W,0,2026-08-24_23-25-27,2026-08-25
0.9674267100977199,1.0,0.0,0.10215053763440861,0.24203821656050956,1.0,1.0,1.0,1.0,1.0,1.0,0.5411376953125,0.04248046875,-0.1148681640625,-0.006195068359375,0.017425537109375,0.009735107421875,W,0,2026-08-24_23-25-27,2026-08-25
0.9732175171914585,0.0,0.0,0.3118279569892473,0.03821656050955414,1.0,1.0,1.0,1.0,1.0,1.0,0.535400390625,0.0557861328125,-0.1519775390625,-0.02386474609375,-0.007720947265625,0.002471923828125,W,1,2026-08-24_23-25-27,2026-08-25
0.9811798769453492,0.0,0.0,0.3172043010752688,0.11464968152866242,1.0,1.0,1.0,1.0,1.0,1.0,0.535888671875,0.064453125,-0.1424560546875,-0.022125244140625,-0.012420654296875,0.005035400390625,W,1,2026-08-24_23-25-27,2026-08-25
0.9949330437929786,0.0,0.0,0.3172043010752688,0.12738853503184713,1.0,1.0,1.0,1.0,1.0,1.0,0.5330810546875,0.057373046875,-0.141357421875,-0.01715087890625,-0.00640869140625,0.00335693359375,W,1,2026-08-24_23-25-27,2026-08-25
0.9898660875859573,0.0,0.0,0.27956989247311825,0.14012738853503184,1.0,1.0,1.0,1.0,1.0,1.0,0.5340576171875,0.0616455078125,-0.1434326171875,-0.015869140625,-0.00665283203125,0.003936767578125,W,1,2026-08-24_23-25-27,2026-08-25
0.9855229822656533,0.0,0.0,0.3118279569892473,0.06369426751592357,1.0,1.0,1.0,1.0,1.0,1.0,0.5308837890625,0.0574951171875,-0.147705078125,-0.015716552734375,0.00103759765625,0.00457763671875,W,1,2026-08-24_23-25-27,2026-08-25
0.9790083242851972,0.0,0.0,0.24193548387096775,0.03821656050955414,1.0,1.0,1.0,1.0,1.0,1.0,0.53955078125,0.0557861328125,-0.13916015625,-0.02276611328125,-0.009979248046875,0.003509521484375,W,1,2026-08-24_23-25-27,2026-08-25
0.9761129207383279,0.0,0.0,0.2956989247311828,0.07643312101910828,1.0,1.0,1.0,1.0,1.0,1.0,0.5283203125,0.0643310546875,-0.1329345703125,-0.00921630859375,-0.017364501953125,0.003448486328125,W,1,2026-08-24_23-25-27,2026-08-25
0.9833514296055013,0.0,0.0,0.2956989247311828,0.16560509554140126,1.0,1.0,1.0,1.0,1.0,1.0,0.5318603515625,0.05810546875,-0.1461181640625,0.00360107421875,-0.0045166015625,-0.0001220703125,W,1,2026-08-24_23-25-27,2026-08-25
0.9833514296055013,0.0,0.0,0.3118279569892473,0.0,1.0,1.0,1.0,1.0,1.0,1.0,0.5343017578125,0.0576171875,-0.1463623046875,-0.011688232421875,-0.0037841796875,0.000579833984375,W,1,2026-08-24_23-25-27,2026-08-25
0.9833514296055013,0.0,0.0,0.24193548387096775,0.050955414012738856,1.0,1.0,1.0,1.0,1.0,1.0,0.5384521484375,0.057373046875,-0.1441650390625,-0.02276611328125,-0.01068115234375,0.0050048828125,W,1,2026-08-24_23-25-27,2026-08-25
0.9782844733984799,0.0,0.0,0.3172043010752688,0.17834394904458598,1.0,1.0,1.0,1.0,1.0,1.0,0.535888671875,0.0638427734375,-0.1300048828125,-0.02197265625,-0.024139404296875,0.00726318359375,W,1,2026-08-24_23-25-27,2026-08-25
0.9833514296055013,0.0,0.0,0.22580645161290322,0.0,1.0,1.0,1.0,1.0,1.0,1.0,0.5274658203125,0.0596923828125,-0.1334228515625,0.001556396484375,-0.01885986328125,0.0035400390625,W,1,2026-08-24_23-25-27,2026-08-25
0.9782844733984799,0.0,0.0,0.27956989247311825,0.08917197452229299,1.0,1.0,1.0,1.0,1.0,1.0,0.5335693359375,0.0526123046875,-0.152099609375,-0.0052490234375,-0.003662109375,-0.00274658203125,W,1,2026-08-24_23-25-27,2026-08-25
0.9833514296055013,0.0,0.0,0.3279569892473118,0.03821656050955414,1.0,1.0,1.0,1.0,1.0,1.0,0.5382080078125,0.057373046875,-0.1474609375,-0.015289306640625,-0.006622314453125,0.00103759765625,W,1,2026-08-24_23-25-27,2026-08-25
0.9840752804922186,0.0,0.0,0.22580645161290322,0.07643312101910828,1.0,1.0,1.0,1.0,1.0,1.0,0.5330810546875,0.0565185546875,-0.142333984375,-0.024444580078125,-0.014556884765625,0.004302978515625,W,1,2026-08-24_23-25-27,2026-08-25
0.9840752804922186,0.0,0.0,0.25268817204301075,0.07643312101910828,1.0,1.0,1.0,1.0,1.0,1.0,0.5264892578125,0.05712890625,-0.1436767578125,-0.0313720703125,-0.01177978515625,0.002532958984375,W,1,2026-08-24_23-25-27,2026-08-25
0.9840752804922186,0.0,0.0,0.22043010752688172,0.012738853503184714,1.0,1.0,1.0,1.0,1.0,1.0,0.5269775390625,0.06591796875,-0.15234375,-0.018829345703125,0.003143310546875,0.00244140625,W,1,2026-08-24_23-25-27,2026-08-25
0.9833514296055013,0.0,0.0,0.3010752688172043,0.12738853503184713,1.0,1.0,1.0,1.0,1.0,1.0,0.5400390625,0.060546875,-0.14453125,-0.01226806640625,0.000732421875,0.00469970703125,W,1,2026-08-24_23-25-27,2026-08-25
0.9826275787187839,0.0,0.0,0.3225806451612903,0.12738853503184713,1.0,1.0,1.0,1.0,1.0,1.0,0.5345458984375,0.0595703125,-0.137451171875,-0.01080322265625,-0.00836181640625,0.004730224609375,W,1,2026-08-24_23-25-27,2026-08-25
0.9790083242851972,0.0,0.0,0.3010752688172043,0.06369426751592357,1.0,1.0,1.0,1.0,1.0,1.0,0.5341796875,0.0599365234375,-0.13916015625,-0.0106201171875,-0.01348876953125,0.002227783203125,W,1,2026-08-24_23-25-27,2026-08-25
0.9949330437929786,0.0,0.0,0.2903225806451613,0.0,1.0,1.0,1.0,1.0,1.0,1.0,0.52880859375,0.0567626953125,-0.1502685546875,-0.025787353515625,-0.00341796875,0.003265380859375,W,1,2026-08-24_23-25-27,2026-08-25
0.9775606225117626,0.0,0.0,0.16129032258064516,0.0,1.0,1.0,1.0,1.0,1.0,1.0,0.5294189453125,0.0631103515625,-0.150390625,-0.029693603515625,-0.0028076171875,0.006195068359375,W,1,2026-08-24_23-25-27,2026-08-25
0.9782844733984799,0.0,0.0,0.1989247311827957,0.0,1.0,1.0,1.0,1.0,1.0,1.0,0.533447265625,0.05908203125,-0.1444091796875,-0.019256591796875,0.001495361328125,0.0103759765625,W,1,2026-08-24_23-25-27,2026-08-25
0.9833514296055013,0.0,0.0,0.2849462365591398,0.14012738853503184,1.0,1.0,1.0,1.0,1.0,1.0,0.5355224609375,0.0509033203125,-0.1412353515625,-0.010589599609375,-0.000885009765625,0.006317138671875,W,1,2026-08-24_23-25-27,2026-08-25
0.9833514296055013,0.0,0.0,0.27956989247311825,0.11464968152866242,1.0,1.0,1.0,1.0,1.0,1.0,0.533203125,0.0489501953125,-0.135009765625,-0.01470947265625,-0.00872802734375,-0.00164794921875,W,1,2026-08-24_23-25-27,2026-08-25
0.9833514296055013,0.0,0.0,0.2956989247311828,0.11464968152866242,1.0,1.0,1.0,1.0,1.0,1.0,0.5335693359375,0.057861328125,-0.1466064453125,-0.02044677734375,-0.003143310546875,0.00048828125,W,1,2026-08-24_23-25-27,2026-08-25
0.9869706840390879,0.0,0.0,0.27956989247311825,0.0,1.0,1.0,1.0,1.0,1.0,1.0,0.535400390625,0.0582275390625,-0.1400146484375,-0.02435302734375,-0.0052490234375,0.003082275390625,W,1,2026-08-24_23-25-27,2026-08-25
0.9819037278320666,0.0,0.0,0.27956989247311825,0.11464968152866242,1.0,1.0,1.0,1.0,1.0,1.0,0.53564453125,0.060302734375,-0.144775390625,-0.02313232421875,-0.011077880859375,0.0050048828125,W,1,2026-08-24_23-25-27,2026-08-25
0.9739413680781759,0.0,0.0,0.25268817204301075,0.08917197452229299,1.0,1.0,1.0,1.0,1.0,1.0,0.5345458984375,0.0584716796875,-0.1380615234375,-0.020538330078125,-0.0147705078125,-0.00054931640625,W,1,2026-08-24_23-25-27,2026-08-25
0.9819037278320666,0.0,0.0,0.3010752688172043,0.06369426751592357,1.0,1.0,1.0,1.0,1.0,1.0,0.5269775390625,0.0604248046875,-0.1451416015625,-0.014251708984375,-0.0135498046875,-0.002471923828125,W,1,2026-08-24_23-25-27,2026-08-25
0.9790083242851972,0.0,0.0,0.26344086021505375,0.012738853503184714,1.0,1.0,1.0,1.0,1.0,1.0,0.52734375,0.058349609375,-0.1446533203125,-0.018951416015625,-0.002716064453125,-0.00115966796875,W,1,2026-08-24_23-25-27,2026-08-25
0.9862468331523706,0.0,0.0,0.2956989247311828,0.07643312101910828,1.0,1.0,1.0,1.0,1.0,1.0,0.5321044921875,0.0616455078125,-0.1488037109375,-0.023590087890625,-0.007659912109375,0.00433349609375,W,1,2026-08-24_23-25-27,2026-08-25
0.9717698154180239,0.0,0.0,0.3172043010752688,0.10191082802547771,1.0,1.0,1.0,1.0,1.0,1.0,0.5347900390625,0.0611572265625,-0.1434326171875,-0.0281982421875,-0.00628662109375,0.00567626953125,W,1,2026-08-24_23-25-27,2026-08-25
0.9949330437929786,0.0,0.0,0.3333333333333333,0.11464968152866242,1.0,1.0,1.0,1.0,1.0,1.0,0.5350341796875,0.067138671875,-0.1431884765625,-0.029541015625,-0.009429931640625,0.004730224609375,W,1,2026-08-24_23-25-27,2026-08-25
0.9819037278320666,0.0,0.0,0.34408602150537637,0.07643312101910828,1.0,1.0,1.0,1.0,1.0,1.0,0.53466796875,0.05712890625,-0.1346435546875,-0.02581787109375,-0.005889892578125,0.001251220703125,W,1,2026-08-24_23-25-27,2026-08-25
0.9855229822656533,0.0,0.0,0.27419354838709675,0.050955414012738856,1.0,1.0,1.0,1.0,1.0,1.0,0.5313720703125,0.055419921875,-0.14404296875,-0.018524169921875,-0.01751708984375,-0.000213623046875,W,1,2026-08-24_23-25-27,2026-08-25
0.9963807455664133,0.0,0.0,0.27956989247311825,0.03821656050955414,1.0,1.0,1.0,1.0,1.0,1.0,0.5321044921875,0.056640625,-0.1546630859375,-0.025482177734375,-0.017333984375,3.0517578125e-05,W,1,2026-08-24_23-25-27,2026-08-25
0.9869706840390879,0.0,0.0,0.3172043010752688,0.012738853503184714,1.0,1.0,1.0,1.0,1.0,1.0,0.523193359375,0.0628662109375,-0.1417236328125,-0.0274658203125,-0.023040771484375,0.0009765625,W,1,2026-08-24_23-25-27,2026-08-25
0.9840752804922186,0.0,0.0,0.3172043010752688,0.11464968152866242,1.0,1.0,1.0,1.0,1.0,1.0,0.5301513671875,0.061767578125,-0.1512451171875,-0.023406982421875,-0.011322021484375,0.004547119140625,W,1,2026-08-24_23-25-27,2026-08-25
0.9942091929062613,0.0,0.0,0.25806451612903225,0.06369426751592357,1.0,1.0,1.0,1.0,1.0,1.0,0.5380859375,0.064453125,-0.149658203125,-0.0218505859375,-0.000274658203125,0.00762939453125,W,1,2026-08-24_23-25-27,2026-08-25
0.9869706840390879,0.0,0.0,0.34946236559139787,0.3184713375796178,1.0,1.0,1.0,1.0,1.0,1.0,0.5203857421875,0.0916748046875,-0.1724853515625,-0.03314208984375,-0.012664794921875,-0.003326416015625,W,2,2026-08-24_23-25-27,2026-08-25
0.9884183858125226,0.0,0.0,0.3548387096774194,0.3821656050955414,1.0,1.0,1.0,1.0,1.0,1.0,0.520751953125,0.0924072265625,-0.173583984375,-0.0418701171875,-0.0186767578125,0.004486083984375,W,2,2026-08-24_23-25-27,2026-08-25
0.9927614911328266,0.0,0.0,0.42473118279569894,0.16560509554140126,1.0,1.0,1.0,1.0,1.0,1.0,0.52001953125,0.096923828125,-0.1566162109375,-0.037384033203125,-0.020660400390625,0.011322021484375,W,2,2026-08-24_23-25-27,2026-08-25
0.9920376402461093,0.0,0.0,0.3978494623655914,0.267515923566879,1.0,1.0,1.0,1.0,1.0,1.0,0.512939453125,0.0948486328125,-0.1968994140625,-0.01544189453125,-0.007354736328125,0.011016845703125,W,2,2026-08-24_23-25-27,2026-08-25
0.98914223669924,0.0,0.0,0.3924731182795699,0.1910828025477707,1.0,1.0,1.0,1.0,1.0,1.0,0.5250244140625,0.0865478515625,-0.175537109375,-0.009307861328125,-0.009002685546875,0.003753662109375,W,2,2026-08-24_23-25-27,2026-08-25
0.9833514296055013,0.0,0.0,0.3172043010752688,0.15286624203821655,1.0,1.0,1.0,1.0,1.0,1.0,0.517822265625,0.0828857421875,-0.175048828125,-0.0013427734375,-0.008544921875,-0.002960205078125,W,2,2026-08-24_23-25-27,2026-08-25
0.993485342019544,0.0,0.0,0.3333333333333333,0.267515923566879,1.0,1.0,1.0,1.0,1.0,1.0,0.513671875,0.08056640625,-0.1727294921875,-0.01263427734375,-0.031280517578125,-0.0029296875,W,2,2026-08-24_23-25-27,2026-08-25
1.0,0.0,0.0,0.3924731182795699,0.2929936305732484,1.0,1.0,1.0,1.0,1.0,1.0,0.51513671875,0.08544921875,-0.1697998046875,-0.018707275390625,-0.00555419921875,0.00244140625,W,2,2026-08-24_23-25-27,2026-08-25
0.9942091929062613,0.0,0.0,0.3924731182795699,0.267515923566879,1.0,1.0,1.0,1.0,1.0,1.0,0.518310546875,0.0870361328125,-0.1837158203125,-0.024810791015625,0.00836181640625,0.00872802734375,W,2,2026-08-24_23-25-27,2026-08-25
0.9920376402461093,0.0,0.0,0.3924731182795699,0.16560509554140126,1.0,1.0,1.0,1.0,1.0,1.0,0.520263671875,0.0897216796875,-0.1689453125,-0.0096435546875,0.004547119140625,0.003936767578125,W,2,2026-08-24_23-25-27,2026-08-25
1.0,0.0,0.0,0.3978494623655914,0.20382165605095542,1.0,1.0,1.0,1.0,1.0,1.0,0.5177001953125,0.090576171875,-0.16455078125,0.004638671875,-0.008209228515625,-0.0030517578125,W,2,2026-08-24_23-25-27,2026-08-25
0.993485342019544,0.0,0.0,0.4032258064516129,0.2802547770700637,1.0,1.0,1.0,1.0,1.0,1.0,0.5108642578125,0.086669921875,-0.1806640625,-0.00640869140625,-0.024658203125,-0.00653076171875,W,2,2026-08-24_23-25-27,2026-08-25
0.9869706840390879,0.0,0.0,0.3709677419354839,0.22929936305732485,1.0,1.0,1.0,1.0,1.0,1.0,0.51416015625,0.0928955078125,-0.182861328125,-0.024017333984375,0.000396728515625,0.000946044921875,W,2,2026-08-24_23-25-27,2026-08-25
0.9963807455664133,0.0,0.0,0.44086021505376344,0.25477707006369427,1.0,1.0,1.0,1.0,1.0,1.0,0.5172119140625,0.0958251953125,-0.1820068359375,-0.0302734375,-0.005126953125,0.01116943359375,W,2,2026-08-24_23-25-27,2026-08-25
0.9855229822656533,0.0,0.0,0.4032258064516129,0.2929936305732484,1.0,1.0,1.0,1.0,1.0,1.0,0.5198974609375,0.0924072265625,-0.1661376953125,-0.017852783203125,-0.0045166015625,0.012908935546875,W,2,2026-08-24_23-25-27,2026-08-25
0.9819037278320666,0.0,0.0,0.4032258064516129,0.33121019108280253,1.0,1.0,1.0,1.0,1.0,1.0,0.51220703125,0.0904541015625,-0.1541748046875,0.001495361328125,-0.018463134765625,0.0067138671875,W,2,2026-08-24_23-25-27,2026-08-25
0.9876945349258053,0.0,0.0,0.3978494623655914,0.25477707006369427,1.0,1.0,1.0,1.0,1.0,1.0,0.5152587890625,0.0859375,-0.18994140625,-0.00018310546875,0.008636474609375,0.000396728515625,W,2,2026-08-24_23-25-27,2026-08-25
0.9963807455664133,0.0,0.0,0.3978494623655914,0.22929936305732485,1.0,1.0,1.0,1.0,1.0,1.0,0.5213623046875,0.0794677734375,-0.186767578125,-0.025054931640625,0.006683349609375,0.00323486328125,W,2,2026-08-24_23-25-27,2026-08-25
0.9884183858125226,0.0,0.0,0.3709677419354839,0.25477707006369427,1.0,1.0,1.0,1.0,1.0,1.0,0.5244140625,0.09033203125,-0.1805419921875,-0.03955078125,-0.00347900390625,0.0093994140625,W,2,2026-08-24_23-25-27,2026-08-25
0.9971045964531307,0.0,0.0,0.40860215053763443,0.2929936305732484,1.0,1.0,1.0,1.0,1.0,1.0,0.5159912109375,0.08837890625,-0.1607666015625,-0.033966064453125,-0.017822265625,0.008087158203125,W,2,2026-08-24_23-25-27,2026-08-25
0.9855229822656533,0.0,0.0,0.4032258064516129,0.3184713375796178,1.0,1.0,1.0,1.0,1.0,1.0,0.51220703125,0.088134765625,-0.1678466796875,-0.014984130859375,-0.017852783203125,0.001068115234375,W,2,2026-08-24_23-25-27,2026-08-25
0.9869706840390879,0.0,0.0,0.3655913978494624,0.24203821656050956,1.0,1.0,1.0,1.0,1.0,1.0,0.5179443359375,0.0904541015625,-0.1761474609375,0.000701904296875,0.004547119140625,0.000885009765625,W,2,2026-08-24_23-25-27,2026-08-25
0.9833514296055013,0.0,0.0,0.3978494623655914,0.33121019108280253,1.0,1.0,1.0,1.0,1.0,1.0,0.5250244140625,0.0836181640625,-0.177734375,-0.007110595703125,-0.0028076171875,0.00469970703125,W,2,2026-08-24_23-25-27,2026-08-25
0.9942091929062613,0.0,0.0,0.45161290322580644,0.21656050955414013,1.0,1.0,1.0,1.0,1.0,1.0,0.5234375,0.0909423828125,-0.16259765625,-0.023590087890625,-0.015716552734375,0.004150390625,W,2,2026-08-24_23-25-27,2026-08-25
0.9920376402461093,0.0,0.0,0.4032258064516129,0.33121019108280253,1.0,1.0,1.0,1.0,1.0,1.0,0.520751953125,0.0948486328125,-0.16162109375,-0.026611328125,-0.027130126953125,0.004364013671875,W,2,2026-08-24_23-25-27,2026-08-25
0.9971045964531307,0.0,0.0,0.43010752688172044,0.22929936305732485,1.0,1.0,1.0,1.0,1.0,1.0,0.5184326171875,0.09375,-0.18310546875,-0.017822265625,-6.103515625e-05,0.005828857421875,W,2,2026-08-24_23-25-27,2026-08-25
0.993485342019544,0.0,0.0,0.45161290322580644,0.2802547770700637,1.0,1.0,1.0,1.0,1.0,1.0,0.520751953125,0.0963134765625,-0.17529296875,0.000762939453125,0.00201416015625,0.00665283203125,W,2,2026-08-24_23-25-27,2026-08-25
0.9833514296055013,0.0,0.0,0.4731182795698925,0.20382165605095542,1.0,1.0,1.0,1.0,1.0,1.0,0.514892578125,0.0845947265625,-0.178466796875,0.009307861328125,-0.001220703125,0.004730224609375,W,2,2026-08-24_23-25-27,2026-08-25
0.991313789359392,0.0,0.0,0.44086021505376344,0.24203821656050956,1.0,1.0,1.0,1.0,1.0,1.0,0.520751953125,0.07958984375,-0.1656494140625,-0.007171630859375,-0.005584716796875,0.0006103515625,W,2,2026-08-24_23-25-27,2026-08-25
0.9833514296055013,0.0,0.0,0.3333333333333333,0.22929936305732485,1.0,1.0,1.0,1.0,1.0,1.0,0.514892578125,0.0853271484375,-0.1795654296875,-0.02099609375,-0.001434326171875,0.004241943359375,W,2,2026-08-24_23-25-27,2026-08-25
0.9927614911328266,0.0,0.0,0.3655913978494624,0.3821656050955414,1.0,1.0,1.0,1.0,1.0,1.0,0.5205078125,0.084716796875,-0.1875,-0.03173828125,0.0120849609375,0.00701904296875,W,2,2026-08-24_23-25-27,2026-08-25
0.9826275787187839,0.0,0.0,0.34946236559139787,0.21656050955414013,1.0,1.0,1.0,1.0,1.0,1.0,0.5216064453125,0.0849609375,-0.1822509765625,-0.0330810546875,0.001129150390625,0.007415771484375,W,2,2026-08-24_23-25-27,2026-08-25
0.9797321751719146,0.0,0.0,0.45698924731182794,0.08917197452229299,1.0,1.0,1.0,1.0,1.0,1.0,0.5244140625,0.0889892578125,-0.1710205078125,-0.01922607421875,-0.00750732421875,0.005523681640625,W,2,2026-08-24_23-25-27,2026-08-25
0.9898660875859573,0.0,0.0,0.43010752688172044,0.3184713375796178,1.0,1.0,1.0,1.0,1.0,1.0,0.5201416015625,0.0833740234375,-0.14013671875,-0.008209228515625,-0.026123046875,-0.001007080078125,W,2,2026-08-24_23-25-27,2026-08-25
0.9971045964531307,0.0,0.0,0.41935483870967744,0.267515923566879,1.0,1.0,1.0,1.0,1.0,1.0,0.5135498046875,0.0865478515625,-0.1781005859375,-0.003997802734375,-0.007049560546875,-0.00408935546875,W,2,2026-08-24_23-25-27,2026-08-25
0.9833514296055013,0.0,0.0,0.3333333333333333,0.2802547770700637,1.0,1.0,1.0,1.0,1.0,1.0,0.5137939453125,0.0877685546875,-0.186767578125,-0.0184326171875,-0.00872802734375,-6.103515625e-05,W,2,2026-08-24_23-25-27,2026-08-25
0.9833514296055013,0.0,0.0,0.3387096774193548,0.2802547770700637,1.0,1.0,1.0,1.0,1.0,1.0,0.5179443359375,0.089111328125,-0.1837158203125,-0.03045654296875,-0.0047607421875,0.006591796875,W,2,2026-08-24_23-25-27,2026-08-25
0.9869706840390879,0.0,0.0,0.4032258064516129,0.24203821656050956,1.0,1.0,1.0,1.0,1.0,1.0,0.52099609375,0.0965576171875,-0.1566162109375,-0.026092529296875,-0.011322021484375,0.009429931640625,W,2,2026-08-24_23-25-27,2026-08-25
0.9876945349258053,0.0,0.0,0.4032258064516129,0.267515923566879,1.0,1.0,1.0,1.0,1.0,1.0,0.515625,0.09423828125,-0.1868896484375,-0.011993408203125,-0.006195068359375,0.006439208984375,W,2,2026-08-24_23-25-27,2026-08-25
0.991313789359392,0.0,0.0,0.41935483870967744,0.3184713375796178,1.0,1.0,1.0,1.0,1.0,1.0,0.52001953125,0.088623046875,-0.18994140625,-0.003997802734375,-0.00830078125,0.002899169921875,W,2,2026-08-24_23-25-27,2026-08-25
0.9971045964531307,0.0,0.0,0.3333333333333333,0.3184713375796178,1.0,1.0,1.0,0.0,1.0,1.0,0.5172119140625,0.1072998046875,-0.1617431640625,-0.020965576171875,0.001708984375,-0.00360107421875,W,3,2026-08-24_23-25-27,2026-08-25
0.9869706840390879,0.0,0.0,0.3333333333333333,0.33121019108280253,1.0,1.0,1.0,0.0,1.0,1.0,0.515380859375,0.1068115234375,-0.1507568359375,-0.023406982421875,0.00018310546875,0.00067138671875,W,3,2026-08-24_23-25-27,2026-08-25
0.993485342019544,0.0,0.0,0.40860215053763443,0.40764331210191085,1.0,1.0,1.0,0.0,1.0,1.0,0.5167236328125,0.108154296875,-0.1494140625,-0.011138916015625,-0.00640869140625,-0.001312255859375,W,3,2026-08-24_23-25-27,2026-08-25
0.9884183858125226,0.0,0.0,0.3172043010752688,0.40764331210191085,1.0,1.0,1.0,0.0,1.0,1.0,0.5145263671875,0.10498046875,-0.156005859375,-0.00164794921875,0.00836181640625,-0.00494384765625,W,3,2026-08-24_23-25-27,2026-08-25
0.9905899384726746,0.0,0.0,0.3548387096774194,0.2802547770700637,1.0,1.0,1.0,0.0,1.0,1.0,0.52099609375,0.10986328125,-0.17333984375,-0.00286865234375,-0.001556396484375,-0.001007080078125,W,3,2026-08-24_23-25-27,2026-08-25
0.9833514296055013,0.0,0.0,0.3870967741935484,0.3184713375796178,1.0,1.0,1.0,0.0,1.0,1.0,0.5244140625,0.1048583984375,-0.14892578125,-0.006683349609375,-0.0057373046875,0.001983642578125,W,3,2026-08-24_23-25-27,2026-08-25
0.9869706840390879,0.0,0.0,0.34946236559139787,0.267515923566879,1.0,1.0,1.0,0.0,1.0,1.0,0.5185546875,0.108642578125,-0.1617431640625,-0.00897216796875,-0.01727294921875,0.00567626953125,W,3,2026-08-24_23-25-27,2026-08-25
0.9847991313789359,0.0,0.0,0.3924731182795699,0.35668789808917195,1.0,1.0,1.0,0.0,1.0,1.0,0.520751953125,0.1065673828125,-0.166015625,-0.0135498046875,-0.00323486328125,0.0035400390625,W,3,2026-08-24_23-25-27,2026-08-25
0.9790083242851972,0.0,0.0,0.3709677419354839,0.33121019108280253,1.0,1.0,1.0,0.0,1.0,1.0,0.5257568359375,0.1102294921875,-0.1654052734375,-0.013275146484375,-0.00286865234375,0.00445556640625,W,3,2026-08-24_23-25-27,2026-08-25
0.9768367716250452,0.0,0.0,0.3709677419354839,0.3821656050955414,1.0,1.0,1.0,0.0,1.0,1.0,0.5242919921875,0.10498046875,-0.163330078125,-0.014801025390625,-0.005950927734375,0.005401611328125,W,3,2026-08-24_23-25-27,2026-08-25
0.9819037278320666,0.0,0.0,0.3978494623655914,0.267515923566879,1.0,1.0,1.0,0.0,1.0,1.0,0.5205078125,0.10546875,-0.16015625,-0.012908935546875,-0.017181396484375,0.004913330078125,W,3,2026-08-24_23-25-27,2026-08-25
0.9884183858125226,0.0,0.0,0.478494623655914,0.33121019108280253,1.0,1.0,1.0,0.0,1.0,1.0,0.5162353515625,0.10205078125,-0.1551513671875,-0.008880615234375,-0.0076904296875,0.003204345703125,W,3,2026-08-24_23-25-27,2026-08-25
0.9927614911328266,0.0,0.0,0.3924731182795699,0.267515923566879,1.0,1.0,1.0,0.0,1.0,1.0,0.518310546875,0.1070556640625,-0.1680908203125,-0.014312744140625,-0.006103515625,0.003662109375,W,3,2026-08-24_23-25-27,2026-08-25
0.9855229822656533,0.0,0.0,0.43548387096774194,0.35668789808917195,1.0,1.0,1.0,0.0,1.0,1.0,0.5172119140625,0.1009521484375,-0.171142578125,-0.017364501953125,0.0015869140625,0.006622314453125,W,3,2026-08-24_23-25-27,2026-08-25
0.9847991313789359,0.0,0.0,0.42473118279569894,0.34394904458598724,1.0,1.0,1.0,0.0,1.0,1.0,0.518310546875,0.1024169921875,-0.1646728515625,-0.029510498046875,-0.003387451171875,0.00677490234375,W,3,2026-08-24_23-25-27,2026-08-25
0.9862468331523706,0.0,0.0,0.3924731182795699,0.3057324840764331,1.0,1.0,1.0,0.0,1.0,1.0,0.5177001953125,0.1085205078125,-0.159912109375,-0.02508544921875,0.00250244140625,0.006011962890625,W,3,2026-08-24_23-25-27,2026-08-25
0.9724936663047412,0.0,0.0,0.43010752688172044,0.24203821656050956,1.0,1.0,1.0,0.0,1.0,1.0,0.5150146484375,0.110107421875,-0.169921875,-0.0096435546875,-0.00872802734375,0.00347900390625,W,3,2026-08-24_23-25-27,2026-08-25
0.991313789359392,0.0,0.0,0.3978494623655914,0.34394904458598724,1.0,1.0,1.0,0.0,1.0,1.0,0.5223388671875,0.1038818359375,-0.16162109375,-0.00665283203125,0.007476806640625,0.00140380859375,W,3,2026-08-24_23-25-27,2026-08-25
0.9862468331523706,0.0,0.0,0.41935483870967744,0.36942675159235666,1.0,1.0,1.0,0.0,1.0,1.0,0.5230712890625,0.1058349609375,-0.1622314453125,-0.0142822265625,-0.00360107421875,0.002838134765625,W,3,2026-08-24_23-25-27,2026-08-25
0.9833514296055013,0.0,0.0,0.3924731182795699,0.36942675159235666,1.0,1.0,1.0,0.0,1.0,1.0,0.5213623046875,0.108642578125,-0.152099609375,-0.019256591796875,-0.002685546875,0.005035400390625,W,3,2026-08-24_23-25-27,2026-08-25
0.9876945349258053,0.0,0.0,0.3978494623655914,0.3821656050955414,1.0,1.0,1.0,0.0,1.0,1.0,0.5174560546875,0.1063232421875,-0.1390380859375,-0.0211181640625,-0.013885498046875,0.00726318359375,W,3,2026-08-24_23-25-27,2026-08-25
0.9876945349258053,0.0,0.0,0.478494623655914,0.40764331210191085,1.0,1.0,1.0,0.0,1.0,1.0,0.5172119140625,0.1060791015625,-0.17333984375,-0.02001953125,0.01275634765625,0.00689697265625,W,3,2026-08-24_23-25-27,2026-08-25
0.9833514296055013,0.0,0.0,0.45698924731182794,0.24203821656050956,1.0,1.0,1.0,0.0,1.0,1.0,0.5225830078125,0.1063232421875,-0.169189453125,-0.018035888671875,0.004608154296875,0.005340576171875,W,3,2026-08-24_23-25-27,2026-08-25
0.9833514296055013,0.0,0.0,0.4838709677419355,0.36942675159235666,1.0,1.0,1.0,0.0,1.0,1.0,0.5257568359375,0.106201171875,-0.1590576171875,-0.012451171875,-0.00469970703125,0.0064697265625,W,3,2026-08-24_23-25-27,2026-08-25
0.9847991313789359,0.0,0.0,0.45698924731182794,0.40764331210191085,1.0,1.0,1.0,0.0,1.0,1.0,0.5245361328125,0.107177734375,-0.14404296875,-0.006500244140625,-0.0108642578125,0.00408935546875,W,3,2026-08-24_23-25-27,2026-08-25
0.9732175171914585,0.0,0.0,0.6021505376344086,0.3184713375796178,1.0,1.0,1.0,0.0,1.0,1.0,0.5191650390625,0.1015625,-0.1781005859375,-0.014129638671875,-0.0146484375,0.00115966796875,W,3,2026-08-24_23-25-27,2026-08-25
0.9819037278320666,0.0,0.0,0.45161290322580644,0.34394904458598724,1.0,1.0,1.0,0.0,1.0,1.0,0.5174560546875,0.105224609375,-0.1688232421875,-0.02508544921875,0.001495361328125,0.004974365234375,W,3,2026-08-24_23-25-27,2026-08-25
0.9826275787187839,0.0,0.0,0.46774193548387094,0.34394904458598724,1.0,1.0,1.0,0.0,1.0,1.0,0.5196533203125,0.108642578125,-0.1583251953125,-0.0238037109375,-9.1552734375e-05,0.01068115234375,W,3,2026-08-24_23-25-27,2026-08-25
0.9876945349258053,0.0,0.0,0.41935483870967744,0.40764331210191085,1.0,1.0,1.0,0.0,1.0,1.0,0.51611328125,0.1109619140625,-0.1741943359375,-0.020050048828125,-0.002197265625,0.008941650390625,W,3,2026-08-24_23-25-27,2026-08-25
0.9826275787187839,0.0,0.0,0.5161290322580645,0.3821656050955414,1.0,1.0,1.0,0.0,1.0,1.0,0.5152587890625,0.1033935546875,-0.1534423828125,-0.011566162109375,0.002685546875,0.005706787109375,W,3,2026-08-24_23-25-27,2026-08-25
0.9833514296055013,0.0,0.0,0.45698924731182794,0.3821656050955414,1.0,1.0,1.0,0.0,1.0,1.0,0.521728515625,0.0985107421875,-0.1767578125,-0.007781982421875,0.003570556640625,-0.002777099609375,W,3,2026-08-24_23-25-27,2026-08-25
0.995656894679696,0.0,0.0,0.489247311827957,0.40764331210191085,1.0,1.0,1.0,0.0,1.0,1.0,0.5274658203125,0.10791015625,-0.1583251953125,-0.027099609375,-0.00457763671875,-0.00115966796875,W,3,2026-08-24_23-25-27,2026-08-25
0.9833514296055013,0.0,0.0,0.489247311827957,0.24203821656050956,1.0,1.0,1.0,0.0,1.0,1.0,0.5228271484375,0.1077880859375,-0.1622314453125,-0.0196533203125,-0.008148193359375,0.00653076171875,W,3,2026-08-24_23-25-27,2026-08-25
0.9811798769453492,0.0,0.0,0.46236559139784944,0.3057324840764331,1.0,1.0,1.0,0.0,1.0,1.0,0.516357421875,0.1019287109375,-0.1495361328125,-0.02685546875,-0.01531982421875,0.004638671875,W,3,2026-08-24_23-25-27,2026-08-25
0.9833514296055013,0.0,0.0,0.4838709677419355,0.33121019108280253,1.0,1.0,1.0,0.0,1.0,1.0,0.513671875,0.1080322265625,-0.161376953125,-0.025177001953125,-0.006256103515625,0.00225830078125,W,3,2026-08-24_23-25-27,2026-08-25
0.9833514296055013,0.0,0.0,0.4946236559139785,0.33121019108280253,1.0,1.0,1.0,0.0,1.0,1.0,0.521484375,0.1058349609375,-0.162841796875,-0.00799560546875,0.0023193359375,0.003692626953125,W,3,2026-08-24_23-25-27,2026-08-25
0.9898660875859573,0.0,0.0,0.489247311827957,0.34394904458598724,1.0,1.0,1.0,0.0,1.0,1.0,0.524658203125,0.0989990234375,-0.156982421875,-0.01531982421875,-0.009429931640625,0.002838134765625,W,3,2026-08-24_23-25-27,2026-08-25
0.9833514296055013,0.0,0.0,0.489247311827957,0.445859872611465,1.0,1.0,1.0,0.0,1.0,1.0,0.5184326171875,0.1087646484375,-0.1533203125,-0.0155029296875,-0.015594482421875,0.003753662109375,W,3,2026-08-24_23-25-27,2026-08-25
0.9855229822656533,0.0,0.0,0.478494623655914,0.42038216560509556,1.0,1.0,1.0,0.0,1.0,1.0,0.51611328125,0.1048583984375,-0.1597900390625,-0.018402099609375,-0.012969970703125,0.005218505859375,W,3,2026-08-24_23-25-27,2026-08-25
0.9717698154180239,0.0,0.0,0.532258064516129,0.34394904458598724,1.0,1.0,1.0,0.0,1.0,1.0,0.5267333984375,0.1044921875,-0.1563720703125,-0.01947021484375,-0.0047607421875,0.006500244140625,W,3,2026-08-24_23-25-27,2026-08-25
0.991313789359392,1.0,0.0,0.08602150537634409,0.40764331210191085,1.0,1.0,1.0,0.0,1.0,1.0,0.541748046875,0.1033935546875,-0.1285400390625,-0.02606201171875,-0.006683349609375,0.01190185546875,W,4,2026-08-24_23-25-27,2026-08-25
0.9840752804922186,1.0,0.0,0.10215053763440861,0.39490445859872614,1.0,1.0,1.0,0.0,1.0,1.0,0.533203125,0.11572265625,-0.107666015625,-0.035614013671875,-0.020416259765625,0.01397705078125,W,4,2026-08-24_23-25-27,2026-08-25
0.9710459645313065,1.0,0.0,0.11290322580645161,0.3821656050955414,1.0,1.0,1.0,0.0,1.0,1.0,0.5252685546875,0.10546875,-0.10400390625,-0.0263671875,-0.011932373046875,0.004669189453125,W,4,2026-08-24_23-25-27,2026-08-25
0.9847991313789359,1.0,0.0,0.0913978494623656,0.43312101910828027,1.0,1.0,1.0,0.0,1.0,1.0,0.533203125,0.106201171875,-0.1307373046875,-0.024993896484375,0.013641357421875,0.005157470703125,W,4,2026-08-24_23-25-27,2026-08-25
0.9819037278320666,1.0,0.0,0.14516129032258066,0.34394904458598724,1.0,1.0,1.0,0.0,1.0,1.0,0.543212890625,0.105712890625,-0.1253662109375,-0.021759033203125,0.020355224609375,0.011444091796875,W,4,2026-08-24_23-25-27,2026-08-25
0.9833514296055013,1.0,0.0,0.12365591397849462,0.40764331210191085,1.0,1.0,1.0,0.0,1.0,1.0,0.542236328125,0.0963134765625,-0.1224365234375,-0.013580322265625,0.005157470703125,0.010009765625,W,4,2026-08-24_23-25-27,2026-08-25
0.98914223669924,1.0,0.0,0.14516129032258066,0.40764331210191085,1.0,1.0,1.0,0.0,1.0,1.0,0.5379638671875,0.0999755859375,-0.103271484375,-0.02215576171875,-0.013031005859375,0.001190185546875,W,4,2026-08-24_23-25-27,2026-08-25
0.9855229822656533,1.0,0.0,0.16129032258064516,0.40764331210191085,1.0,1.0,1.0,0.0,1.0,1.0,0.53466796875,0.103759765625,-0.095458984375,-0.0040283203125,-0.004119873046875,-0.001373291015625,W,4,2026-08-24_23-25-27,2026-08-25
0.9876945349258053,1.0,0.0,0.12903225806451613,0.40764331210191085,1.0,1.0,1.0,0.0,1.0,1.0,0.5206298828125,0.0975341796875,-0.0950927734375,0.000152587890625,-0.01568603515625,-0.00726318359375,W,4,2026-08-24_23-25-27,2026-08-25
0.9840752804922186,1.0,0.0,0.16129032258064516,0.2929936305732484,1.0,1.0,1.0,0.0,1.0,1.0,0.5247802734375,0.109619140625,-0.130615234375,-0.021759033203125,-0.011444091796875,-0.003570556640625,W,4,2026-08-24_23-25-27,2026-08-25
0.9826275787187839,1.0,0.0,0.13440860215053763,0.33121019108280253,1.0,1.0,1.0,0.0,1.0,1.0,0.5313720703125,0.1148681640625,-0.1192626953125,-0.031219482421875,0.003753662109375,0.00701904296875,W,4,2026-08-24_23-25-27,2026-08-25
0.9942091929062613,1.0,0.0,0.1774193548387097,0.39490445859872614,1.0,1.0,1.0,0.0,1.0,1.0,0.5450439453125,0.11181640625,-0.122314453125,-0.035125732421875,-0.007843017578125,0.012451171875,W,4,2026-08-24_23-25-27,2026-08-25
0.9833514296055013,1.0,0.0,0.17204301075268819,0.40764331210191085,1.0,1.0,1.0,0.0,1.0,1.0,0.5384521484375,0.111083984375,-0.1048583984375,-0.021026611328125,-0.00445556640625,0.00689697265625,W,4,2026-08-24_23-25-27,2026-08-25
0.9775606225117626,1.0,0.0,0.17204301075268819,0.3184713375796178,1.0,1.0,1.0,0.0,1.0,1.0,0.5228271484375,0.113525390625,-0.0869140625,0.00286865234375,-0.008544921875,-0.000762939453125,W,4,2026-08-24_23-25-27,2026-08-25
0.9833514296055013,1.0,0.0,0.16666666666666666,0.43312101910828027,1.0,1.0,1.0,0.0,1.0,1.0,0.5252685546875,0.109130859375,-0.1298828125,0.006134033203125,0.01641845703125,0.00128173828125,W,4,2026-08-24_23-25-27,2026-08-25
0.9768367716250452,1.0,0.0,0.21505376344086022,0.36942675159235666,1.0,1.0,1.0,0.0,1.0,1.0,0.5302734375,0.105224609375,-0.147705078125,-0.00775146484375,0.02264404296875,0.011993408203125,W,4,2026-08-24_23-25-27,2026-08-25
0.9753890698516106,1.0,0.0,0.1989247311827957,0.40764331210191085,1.0,1.0,1.0,0.0,1.0,1.0,0.5482177734375,0.0963134765625,-0.133544921875,-0.03778076171875,0.026611328125,0.017852783203125,W,4,2026-08-24_23-25-27,2026-08-25
0.9768367716250452,1.0,0.0,0.1935483870967742,0.267515923566879,1.0,1.0,1.0,0.0,1.0,1.0,0.552734375,0.098388671875,-0.11083984375,-0.045013427734375,0.007659912109375,0.013916015625,W,4,2026-08-24_23-25-27,2026-08-25
0.9804560260586319,1.0,0.0,0.16666666666666666,0.3821656050955414,1.0,1.0,1.0,0.0,1.0,1.0,0.5406494140625,0.10693359375,-0.084228515625,-0.028106689453125,-0.00982666015625,0.004180908203125,W,4,2026-08-24_23-25-27,2026-08-25
0.9847991313789359,1.0,0.0,0.1774193548387097,0.3184713375796178,1.0,1.0,1.0,0.0,1.0,1.0,0.523193359375,0.10791015625,-0.07373046875,-0.001739501953125,-0.019561767578125,0.000244140625,W,4,2026-08-24_23-25-27,2026-08-25
0.9790083242851972,1.0,0.0,0.22043010752688172,0.36942675159235666,1.0,1.0,1.0,0.0,1.0,1.0,0.5333251953125,0.1002197265625,-0.1119384765625,-0.001678466796875,0.01348876953125,-0.001068115234375,W,4,2026-08-24_23-25-27,2026-08-25
0.9761129207383279,1.0,0.0,0.22580645161290322,0.42038216560509556,1.0,1.0,1.0,0.0,1.0,1.0,0.5421142578125,0.1142578125,-0.1187744140625,-0.02679443359375,-0.005035400390625,0.00799560546875,W,4,2026-08-24_23-25-27,2026-08-25
0.9826275787187839,1.0,0.0,0.1989247311827957,0.34394904458598724,1.0,1.0,1.0,0.0,1.0,1.0,0.5479736328125,0.1092529296875,-0.106689453125,-0.02349853515625,-0.014984130859375,0.013336181640625,W,4,2026-08-24_23-25-27,2026-08-25
0.9797321751719146,1.0,0.0,0.25268817204301075,0.3184713375796178,1.0,1.0,1.0,0.0,1.0,1.0,0.5443115234375,0.10595703125,-0.08935546875,-0.016998291015625,-0.030029296875,0.011260986328125,W,4,2026-08-24_23-25-27,2026-08-25
0.9819037278320666,1.0,0.0,0.21505376344086022,0.3821656050955414,1.0,1.0,1.0,0.0,1.0,1.0,0.53076171875,0.1094970703125,-0.09521484375,-0.0010986328125,-0.021575927734375,0.003448486328125,W,4,2026-08-24_23-25-27,2026-08-25
0.9819037278320666,1.0,0.0,0.22580645161290322,0.3821656050955414,1.0,1.0,1.0,0.0,1.0,1.0,0.53466796875,0.104248046875,-0.11572265625,-0.004302978515625,-9.1552734375e-05,0.0025634765625,W,4,2026-08-24_23-25-27,2026-08-25
0.9724936663047412,1.0,0.0,0.23118279569892472,0.39490445859872614,1.0,1.0,1.0,0.0,1.0,1.0,0.5379638671875,0.1058349609375,-0.115966796875,-0.008514404296875,-0.007843017578125,0.007415771484375,W,4,2026-08-24_23-25-27,2026-08-25
0.9797321751719146,1.0,0.0,0.24731182795698925,0.3821656050955414,1.0,1.0,1.0,0.0,1.0,1.0,0.5313720703125,0.10009765625,-0.1217041015625,-0.0166015625,-0.007232666015625,0.0111083984375,W,4,2026-08-24_23-25-27,2026-08-25
0.9826275787187839,1.0,0.0,0.23118279569892472,0.40764331210191085,1.0,1.0,1.0,0.0,1.0,1.0,0.5400390625,0.0986328125,-0.1168212890625,-0.029388427734375,-0.0037841796875,0.0081787109375,W,4,2026-08-24_23-25-27,2026-08-25
0.9739413680781759,1.0,0.0,0.25806451612903225,0.39490445859872614,1.0,1.0,1.0,0.0,1.0,1.0,0.5391845703125,0.0999755859375,-0.1058349609375,-0.03076171875,-0.013702392578125,0.002685546875,W,4,2026-08-24_23-25-27,2026-08-25
0.9739413680781759,1.0,0.0,0.23118279569892472,0.3821656050955414,1.0,1.0,1.0,0.0,1.0,1.0,0.529541015625,0.1025390625,-0.111328125,-0.01641845703125,-0.001373291015625,0.002685546875,W,4,2026-08-24_23-25-27,2026-08-25
0.9761129207383279,1.0,0.0,0.3010752688172043,0.40764331210191085,1.0,1.0,1.0,0.0,1.0,1.0,0.53173828125,0.0963134765625,-0.1270751953125,-0.017120361328125,0.028411865234375,0.002288818359375,W,4,2026-08-24_23-25-27,2026-08-25
0.9811798769453492,1.0,0.0,0.25806451612903225,0.2929936305732484,1.0,1.0,1.0,0.0,1.0,1.0,0.5439453125,0.0946044921875,-0.11865234375,-0.03692626953125,0.034912109375,0.003509521484375,W,4,2026-08-24_23-25-27,2026-08-25
0.9782844733984799,1.0,0.0,0.25268817204301075,0.33121019108280253,1.0,1.0,1.0,0.0,1.0,1.0,0.546875,0.0958251953125,-0.1038818359375,-0.044708251953125,0.0045166015625,0.002532958984375,W,4,2026-08-24_23-25-27,2026-08-25
0.9790083242851972,1.0,0.0,0.23655913978494625,0.40764331210191085,1.0,1.0,1.0,0.0,1.0,1.0,0.5413818359375,0.1063232421875,-0.0953369140625,-0.040374755859375,-0.01336669921875,0.0020751953125,W,4,2026-08-24_23-25-27,2026-08-25
0.9855229822656533,1.0,0.0,0.25806451612903225,0.36942675159235666,1.0,1.0,1.0,0.0,1.0,1.0,0.532958984375,0.1114501953125,-0.09521484375,-0.02142333984375,-0.012542724609375,-0.001312255859375,W,4,2026-08-24_23-25-27,2026-08-25
0.9782844733984799,1.0,0.0,0.22580645161290322,0.40764331210191085,1.0,1.0,1.0,0.0,1.0,1.0,0.5343017578125,0.1097412109375,-0.10302734375,-0.00445556640625,-0.0042724609375,-0.003143310546875,W,4,2026-08-24_23-25-27,2026-08-25
0.9797321751719146,1.0,0.0,0.23118279569892472,0.3057324840764331,1.0,1.0,1.0,0.0,1.0,1.0,0.538330078125,0.10986328125,-0.1142578125,-0.00018310546875,-0.004913330078125,-0.00030517578125,W,4,2026-08-24_23-25-27,2026-08-25
0.9847991313789359,1.0,0.0,0.24731182795698925,0.39490445859872614,1.0,1.0,1.0,0.0,1.0,1.0,0.5389404296875,0.107177734375,-0.1148681640625,-0.010345458984375,-0.014190673828125,0.0020751953125,W,4,2026-08-24_23-25-27,2026-08-25
0.9761129207383279,1.0,0.0,0.2849462365591398,0.2929936305732484,1.0,1.0,1.0,0.0,1.0,1.0,0.5374755859375,0.110595703125,-0.0965576171875,-0.017730712890625,-0.025970458984375,0.005279541015625,W,4,2026-08-24_23-25-27,2026-08-25
0.9753890698516106,1.0,0.8716216216216216,0.9731182795698925,0.3184713375796178,1.0,0.0,1.0,1.0,1.0,1.0,0.561279296875,-0.0062255859375,-0.056396484375,-0.0205078125,-0.01275634765625,-0.003570556640625,X,0,2026-08-24_23-25-27,2026-08-25
0.9782844733984799,1.0,0.8806306306306306,0.9946236559139785,0.33121019108280253,1.0,0.0,1.0,1.0,1.0,1.0,0.55322265625,-0.0015869140625,-0.0526123046875,-0.024383544921875,-0.0167236328125,-0.004608154296875,X,0,2026-08-24_23-25-27,2026-08-25
0.9732175171914585,1.0,0.9009009009009009,0.989247311827957,0.2929936305732484,1.0,0.0,1.0,1.0,1.0,1.0,0.5489501953125,0.003173828125,-0.0592041015625,-0.023101806640625,-0.01580810546875,-0.004791259765625,X,0,2026-08-24_23-25-27,2026-08-25
0.9804560260586319,0.9794809897404949,0.8986486486486487,1.0,0.34394904458598724,1.0,0.0,1.0,1.0,1.0,1.0,0.5565185546875,0.0006103515625,-0.0633544921875,-0.013214111328125,-0.005615234375,0.002532958984375,X,0,2026-08-24_23-25-27,2026-08-25
0.9753890698516106,1.0,0.9166666666666666,0.9838709677419355,0.36942675159235666,1.0,0.0,1.0,1.0,1.0,1.0,0.55712890625,-0.004638671875,-0.0611572265625,-0.013031005859375,-0.004547119140625,0.002105712890625,X,0,2026-08-24_23-25-27,2026-08-25
0.9797321751719146,1.0,0.8986486486486487,0.967741935483871,0.35668789808917195,1.0,0.0,1.0,1.0,1.0,1.0,0.55908203125,-0.006103515625,-0.0614013671875,-0.0162353515625,-0.006866455078125,0.000152587890625,X,0,2026-08-24_23-25-27,2026-08-25
0.9811798769453492,1.0,0.9054054054054054,1.0,0.36942675159235666,1.0,0.0,1.0,1.0,1.0,1.0,0.557373046875,-0.0062255859375,-0.060791015625,-0.02313232421875,-0.009124755859375,-0.000518798828125,X,0,2026-08-24_23-25-27,2026-08-25
0.9753890698516106,1.0,0.8986486486486487,0.956989247311828,0.21656050955414013,1.0,0.0,1.0,1.0,1.0,1.0,0.5531005859375,0.0008544921875,-0.0565185546875,-0.022491455078125,-0.0096435546875,0.000701904296875,X,0,2026-08-24_23-25-27,2026-08-25
0.9768367716250452,1.0,0.9166666666666666,0.946236559139785,0.3184713375796178,1.0,0.0,1.0,1.0,1.0,1.0,0.5555419921875,-0.0008544921875,-0.0596923828125,-0.01763916015625,-0.003570556640625,0.001739501953125,X,0,2026-08-24_23-25-27,2026-08-25
0.9790083242851972,1.0,0.8963963963963963,1.0,0.3184713375796178,1.0,0.0,1.0,1.0,1.0,1.0,0.5628662109375,-0.00537109375,-0.04833984375,-0.01708984375,-0.002716064453125,0.00152587890625,X,0,2026-08-24_23-25-27,2026-08-25
0.9811798769453492,0.9806879903439951,0.9031531531531531,0.978494623655914,0.20382165605095542,1.0,0.0,1.0,1.0,1.0,1.0,0.5623779296875,-0.0047607421875,-0.048828125,-0.02630615234375,-0.019073486328125,-0.001434326171875,X,0,2026-08-24_23-25-27,2026-08-25
0.9811798769453492,0.975859987929994,0.9031531531531531,1.0,0.34394904458598724,1.0,0.0,1.0,1.0,1.0,1.0,0.5572509765625,0.002685546875,-0.053466796875,-0.023193359375,-0.0142822265625,0.0,X,0,2026-08-24_23-25-27,2026-08-25
0.9782844733984799,0.9782739891369946,0.8963963963963963,0.978494623655914,0.24203821656050956,1.0,0.0,1.0,1.0,1.0,1.0,0.5526123046875,0.0015869140625,-0.052734375,-0.017242431640625,-0.012176513671875,0.004150390625,X,0,2026-08-24_23-25-27,2026-08-25
0.9790083242851972,1.0,0.9076576576576577,1.0,0.34394904458598724,1.0,0.0,1.0,1.0,1.0,1.0,0.5526123046875,-0.003662109375,-0.05859375,-0.017669677734375,-0.0155029296875,0.0045166015625,X,0,2026-08-24_23-25-27,2026-08-25
0.9782844733984799,1.0,0.9256756756756757,0.946236559139785,0.3184713375796178,1.0,0.0,1.0,1.0,1.0,1.0,0.5499267578125,-0.0029296875,-0.0595703125,-0.01708984375,-0.011138916015625,0.004058837890625,X,0,2026-08-24_23-25-27,2026-08-25
0.9790083242851972,1.0,0.9031531531531531,0.9731182795698925,0.34394904458598724,1.0,0.0,1.0,1.0,1.0,1.0,0.5537109375,-0.0006103515625,-0.057373046875,-0.0152587890625,-0.00341796875,0.00506591796875,X,0,2026-08-24_23-25-27,2026-08-25
0.9782844733984799,1.0,0.9211711711711712,0.9731182795698925,0.33121019108280253,1.0,0.0,1.0,1.0,1.0,1.0,0.559326171875,-0.007568359375,-0.055908203125,-0.020751953125,-0.009613037109375,0.003936767578125,X,0,2026-08-24_23-25-27,2026-08-25
0.9746652189648932,0.9734459867229933,0.8918918918918919,1.0,0.2802547770700637,1.0,0.0,1.0,1.0,1.0,1.0,0.561767578125,-0.0010986328125,-0.0533447265625,-0.020904541015625,-0.013458251953125,0.004425048828125,X,0,2026-08-24_23-25-27,2026-08-25
0.9768367716250452,1.0,0.8806306306306306,0.989247311827957,0.35668789808917195,1.0,0.0,1.0,1.0,1.0,1.0,0.5545654296875,-0.002197265625,-0.0596923828125,-0.020904541015625,-0.01849365234375,0.00335693359375,X,0,2026-08-24_23-25-27,2026-08-25
0.9804560260586319,1.0,0.8896396396396397,0.9623655913978495,0.267515923566879,1.0,0.0,1.0,1.0,1.0,1.0,0.552734375,-0.002197265625,-0.05615234375,-0.018707275390625,-0.016082763671875,0.00360107421875,X,0,2026-08-24_23-25-27,2026-08-25
0.9819037278320666,1.0,0.9031531531531531,1.0,0.33121019108280253,1.0,0.0,1.0,1.0,1.0,1.0,0.552978515625,-0.0025634765625,-0.059326171875,-0.01446533203125,-0.011383056640625,0.004852294921875,X,0,2026-08-24_23-25-27,2026-08-25
0.9746652189648932,1.0,0.8963963963963963,0.9623655913978495,0.25477707006369427,1.0,0.0,1.0,1.0,1.0,1.0,0.560546875,-0.0086669921875,-0.0614013671875,-0.016357421875,-0.005767822265625,0.005340576171875,X,0,2026-08-24_23-25-27,2026-08-25
0.9790083242851972,0.9746529873264936,0.9054054054054054,0.9838709677419355,0.3184713375796178,1.0,0.0,1.0,1.0,1.0,1.0,0.55517578125,-0.0087890625,-0.0582275390625,-0.021148681640625,-0.00897216796875,0.003387451171875,X,0,2026-08-24_23-25-27,2026-08-25
0.9782844733984799,0.9770669885334943,0.9279279279279279,0.9354838709677419,0.36942675159235666,1.0,0.0,1.0,1.0,1.0,1.0,0.5538330078125,-0.0078125,-0.0540771484375,-0.02178955078125,-0.01080322265625,0.002349853515625,X,0,2026-08-24_23-25-27,2026-08-25
0.9768367716250452,1.0,0.8828828828828829,0.9354838709677419,0.3821656050955414,1.0,0.0,1.0,1.0,1.0,1.0,0.5496826171875,-0.0029296875,-0.0601806640625,-0.009796142578125,0.00341796875,0.005126953125,X,0,2026-08-24_23-25-27,2026-08-25
0.9804560260586319,0.9686179843089922,0.8806306306306306,0.978494623655914,0.267515923566879,1.0,0.0,1.0,1.0,1.0,1.0,0.5615234375,-0.0108642578125,-0.0609130859375,-0.007843017578125,0.003448486328125,0.001556396484375,X,0,2026-08-24_23-25-27,2026-08-25
0.9732175171914585,0.9806879903439951,0.8918918918918919,0.967741935483871,0.35668789808917195,1.0,0.0,1.0,1.0,1.0,1.0,0.5628662109375,-0.008544921875,-0.0584716796875,-0.01446533203125,-0.005950927734375,-0.000274658203125,X,0,2026-08-24_23-25-27,2026-08-25
0.9768367716250452,1.0,0.9009009009009009,0.9516129032258065,0.34394904458598724,1.0,0.0,1.0,1.0,1.0,1.0,0.5556640625,0.0008544921875,-0.061767578125,-0.018341064453125,-0.0191650390625,-0.002777099609375,X,0,2026-08-24_23-25-27,2026-08-25
0.9797321751719146,1.0,0.8986486486486487,0.9838709677419355,0.34394904458598724,1.0,0.0,1.0,1.0,1.0,1.0,0.5517578125,-0.0003662109375,-0.0556640625,-0.020416259765625,-0.010284423828125,-6.103515625e-05,X,0,2026-08-24_23-25-27,2026-08-25
0.9761129207383279,0.9794809897404949,0.9009009009009009,0.956989247311828,0.33121019108280253,1.0,0.0,1.0,1.0,1.0,1.0,0.551513671875,0.0008544921875,-0.055908203125,-0.013671875,0.0015869140625,0.001861572265625,X,0,2026-08-24_23-25-27,2026-08-25
0.9797321751719146,0.9806879903439951,0.9099099099099099,0.9946236559139785,0.3184713375796178,1.0,0.0,1.0,1.0,1.0,1.0,0.5489501953125,-0.003173828125,-0.0743408203125,-0.0045166015625,0.02496337890625,0.00750732421875,X,0,2026-08-24_23-25-27,2026-08-25
0.9826275787187839,1.0,0.9054054054054054,1.0,0.34394904458598724,1.0,0.0,1.0,1.0,1.0,1.0,0.56640625,-0.01025390625,-0.068115234375,-0.018157958984375,0.010009765625,3.0517578125e-05,X,0,2026-08-24_23-25-27,2026-08-25
0.9811798769453492,0.9734459867229933,0.8896396396396397,0.9247311827956989,0.24203821656050956,1.0,0.0,1.0,1.0,1.0,1.0,0.5648193359375,0.00341796875,-0.052001953125,-0.027618408203125,-0.023468017578125,-0.000946044921875,X,0,2026-08-24_23-25-27,2026-08-25
0.9753890698516106,0.9794809897404949,0.8693693693693694,1.0,0.40764331210191085,1.0,0.0,1.0,1.0,1.0,1.0,0.5579833984375,0.0037841796875,-0.0433349609375,-0.013458251953125,-0.018890380859375,0.0035400390625,X,0,2026-08-24_23-25-27,2026-08-25
0.9840752804922186,0.9806879903439951,0.8851351351351351,0.9731182795698925,0.36942675159235666,1.0,0.0,1.0,1.0,1.0,1.0,0.553955078125,-0.000244140625,-0.0517578125,-0.01446533203125,-0.007904052734375,-0.000762939453125,X,0,2026-08-24_23-25-27,2026-08-25
0.9833514296055013,0.9794809897404949,0.8828828828828829,1.0,0.3184713375796178,1.0,0.0,1.0,1.0,1.0,1.0,0.552001953125,0.00537109375,-0.0516357421875,-0.02008056640625,-0.009368896484375,0.000640869140625,X,0,2026-08-24_23-25-27,2026-08-25
0.9826275787187839,0.975859987929994,0.8918918918918919,1.0,0.3821656050955414,1.0,0.0,1.0,1.0,1.0,1.0,0.557861328125,0.001953125,-0.0552978515625,-0.023468017578125,-0.0169677734375,0.003814697265625,X,0,2026-08-24_23-25-27,2026-08-25
0.9811798769453492,1.0,0.8828828828828829,0.9516129032258065,0.22929936305732485,1.0,0.0,1.0,1.0,1.0,1.0,0.560546875,-0.0040283203125,-0.0531005859375,-0.026123046875,-0.023162841796875,0.00640869140625,X,0,2026-08-24_23-25-27,2026-08-25
0.9782844733984799,0.9746529873264936,0.9009009009009009,0.989247311827957,0.34394904458598724,1.0,0.0,1.0,1.0,1.0,1.0,0.55712890625,-0.0008544921875,-0.05078125,-0.025543212890625,-0.031341552734375,0.00390625,X,0,2026-08-24_23-25-27,2026-08-25
0.9833514296055013,0.9794809897404949,0.8490990990990991,0.989247311827957,0.34394904458598724,1.0,0.0,1.0,1.0,1.0,1.0,0.549560546875,-0.0006103515625,-0.0604248046875,-0.018280029296875,-0.023162841796875,0.00457763671875,X,0,2026-08-24_23-25-27,2026-08-25
1.0,0.9806879903439951,0.8693693693693694,0.946236559139785,0.21656050955414013,1.0,0.0,1.0,1.0,1.0,1.0,0.55224609375,0.0054931640625,-0.07373046875,-0.010650634765625,-0.004638671875,-0.00152587890625,X,1,2026-08-24_23-25-27,2026-08-25
1.0,1.0,0.8693693693693694,0.8870967741935484,0.2929936305732484,1.0,0.0,1.0,0.0,1.0,1.0,0.5555419921875,0.008056640625,-0.072998046875,-0.0106201171875,0.0020751953125,-0.001708984375,X,1,2026-08-24_23-25-27,2026-08-25
1.0,0.9674109837054918,0.8716216216216216,0.956989247311828,0.1910828025477707,1.0,0.0,1.0,0.0,1.0,1.0,0.5572509765625,0.0064697265625,-0.0743408203125,-0.020721435546875,-0.005828857421875,-0.002960205078125,X,1,2026-08-24_23-25-27,2026-08-25
0.9963807455664133,1.0,0.8716216216216216,0.8602150537634409,0.24203821656050956,1.0,0.0,1.0,0.0,1.0,1.0,0.5643310546875,0.012939453125,-0.0784912109375,-0.025665283203125,-0.0140380859375,-0.0001220703125,X,1,2026-08-24_23-25-27,2026-08-25
0.9905899384726746,1.0,0.8896396396396397,0.9193548387096774,0.3821656050955414,1.0,0.0,1.0,0.0,1.0,1.0,0.5504150390625,0.014892578125,-0.07275390625,-0.023773193359375,-0.01483154296875,-0.000396728515625,X,1,2026-08-24_23-25-27,2026-08-25
0.9971045964531307,0.9625829812914907,0.8581081081081081,0.8387096774193549,0.36942675159235666,1.0,0.0,1.0,0.0,1.0,1.0,0.5447998046875,0.017578125,-0.0758056640625,-0.01947021484375,-0.008331298828125,0.0025634765625,X,1,2026-08-24_23-25-27,2026-08-25
0.991313789359392,1.0,0.8468468468468469,0.9247311827956989,0.20382165605095542,1.0,0.0,1.0,0.0,1.0,1.0,0.5501708984375,0.00732421875,-0.07861328125,-0.0174560546875,0.0010986328125,0.00299072265625,X,1,2026-08-24_23-25-27,2026-08-25
0.9876945349258053,1.0,0.8626126126126126,0.8870967741935484,0.14012738853503184,1.0,0.0,1.0,1.0,1.0,1.0,0.551513671875,0.009521484375,-0.0751953125,-0.023590087890625,-0.006805419921875,0.001617431640625,X,1,2026-08-24_23-25-27,2026-08-25
0.995656894679696,1.0,0.8716216216216216,0.9086021505376344,0.22929936305732485,1.0,0.0,1.0,0.0,1.0,1.0,0.55419921875,0.014404296875,-0.0738525390625,-0.0245361328125,-0.01544189453125,0.0025634765625,X,1,2026-08-24_23-25-27,2026-08-25
0.9884183858125226,1.0,0.8851351351351351,0.9516129032258065,0.2929936305732484,1.0,0.0,1.0,1.0,1.0,1.0,0.5440673828125,0.0130615234375,-0.0732421875,-0.013458251953125,-0.01470947265625,0.00421142578125,X,1,2026-08-24_23-25-27,2026-08-25
0.9949330437929786,1.0,0.8828828828828829,0.9193548387096774,0.21656050955414013,1.0,0.0,1.0,0.0,1.0,1.0,0.554931640625,0.0057373046875,-0.0838623046875,-0.009765625,0.001800537109375,0.004180908203125,X,1,2026-08-24_23-25-27,2026-08-25
0.991313789359392,0.9625829812914907,0.8806306306306306,0.978494623655914,0.14012738853503184,1.0,0.0,1.0,0.0,1.0,1.0,0.55908203125,0.003173828125,-0.07958984375,-0.018341064453125,-0.0013427734375,0.00250244140625,X,1,2026-08-24_23-25-27,2026-08-25
0.9985522982265653,0.9746529873264936,0.8806306306306306,0.9516129032258065,0.3184713375796178,1.0,0.0,1.0,0.0,1.0,1.0,0.563720703125,0.010009765625,-0.074951171875,-0.02618408203125,-0.019989013671875,0.002655029296875,X,1,2026-08-24_23-25-27,2026-08-25
0.9833514296055013,1.0,0.8716216216216216,0.8817204301075269,0.9299363057324841,1.0,0.0,1.0,0.0,1.0,1.0,0.54931640625,0.0091552734375,-0.0814208984375,-0.020660400390625,-0.014923095703125,0.0028076171875,X,1,2026-08-24_23-25-27,2026-08-25
0.9898660875859573,0.9951719975859988,0.9009009009009009,0.9354838709677419,0.8280254777070064,1.0,0.0,1.0,0.0,1.0,1.0,0.5421142578125,0.0137939453125,-0.08349609375,-0.013824462890625,-0.001617431640625,0.001800537109375,X,1,2026-08-24_23-25-27,2026-08-25
0.9963807455664133,0.9698249849124925,0.8851351351351351,0.9193548387096774,0.3184713375796178,1.0,0.0,1.0,0.0,1.0,1.0,0.5546875,0.010009765625,-0.0865478515625,-0.009613037109375,0.0140380859375,0.003204345703125,X,1,2026-08-24_23-25-27,2026-08-25
0.993485342019544,0.9987929993964997,0.8896396396396397,0.9086021505376344,0.34394904458598724,1.0,0.0,1.0,0.0,1.0,1.0,0.56787109375,0.0032958984375,-0.07763671875,-0.0228271484375,0.001678466796875,0.0006103515625,X,1,2026-08-24_23-25-27,2026-08-25
1.0,1.0,0.9054054054054054,0.9086021505376344,0.39490445859872614,1.0,0.0,1.0,0.0,1.0,1.0,0.564453125,0.0128173828125,-0.07470703125,-0.027252197265625,-0.024383544921875,-0.000762939453125,X,1,2026-08-24_23-25-27,2026-08-25
0.9942091929062613,0.9698249849124925,0.9099099099099099,0.978494623655914,0.35668789808917195,1.0,0.0,1.0,0.0,1.0,1.0,0.548828125,0.0126953125,-0.0771484375,-0.014617919921875,-0.01324462890625,0.000335693359375,X,1,2026-08-24_23-25-27,2026-08-25
0.991313789359392,0.9625829812914907,0.8738738738738738,0.989247311827957,0.3821656050955414,1.0,0.0,1.0,0.0,1.0,1.0,0.5496826171875,0.0040283203125,-0.0760498046875,-0.007904052734375,0.0067138671875,-0.000457763671875,X,1,2026-08-24_23-25-27,2026-08-25
0.9949330437929786,0.9541339770669885,0.9054054054054054,0.9354838709677419,0.2929936305732484,1.0,0.0,1.0,0.0,1.0,1.0,0.5595703125,0.0068359375,-0.0716552734375,-0.0181884765625,0.0032958984375,-0.001983642578125,X,1,2026-08-24_23-25-27,2026-08-25
0.991313789359392,0.9625829812914907,0.8581081081081081,0.9301075268817204,0.40764331210191085,1.0,0.0,1.0,0.0,1.0,1.0,0.559326171875,0.0098876953125,-0.06640625,-0.02337646484375,-0.0111083984375,-0.000335693359375,X,1,2026-08-24_23-25-27,2026-08-25
0.9869706840390879,0.9770669885334943,0.9054054054054054,0.9408602150537635,0.1910828025477707,1.0,0.0,1.0,0.0,1.0,1.0,0.548095703125,0.0140380859375,-0.06591796875,-0.01593017578125,-0.009033203125,0.00018310546875,X,1,2026-08-24_23-25-27,2026-08-25
0.9971045964531307,0.9770669885334943,0.8693693693693694,0.9516129032258065,0.25477707006369427,1.0,0.0,1.0,0.0,1.0,1.0,0.55078125,0.0126953125,-0.0743408203125,-0.014404296875,-0.005035400390625,-0.0013427734375,X,1,2026-08-24_23-25-27,2026-08-25
1.0,0.9613759806879904,0.8581081081081081,0.9516129032258065,0.34394904458598724,1.0,0.0,1.0,0.0,1.0,1.0,0.550048828125,0.0125732421875,-0.0745849609375,-0.018341064453125,-0.004730224609375,-0.00189208984375,X,1,2026-08-24_23-25-27,2026-08-25
0.9963807455664133,0.9565479782739892,0.8716216216216216,0.967741935483871,0.21656050955414013,1.0,0.0,1.0,0.0,1.0,1.0,0.5555419921875,0.0159912109375,-0.0740966796875,-0.0211181640625,-0.010162353515625,0.001953125,X,1,2026-08-24_23-25-27,2026-08-25
0.9971045964531307,0.9939649969824985,0.9054054054054054,0.9086021505376344,0.16560509554140126,1.0,0.0,1.0,0.0,1.0,1.0,0.552001953125,0.0145263671875,-0.074951171875,-0.02105712890625,-0.015228271484375,0.003509521484375,X,1,2026-08-24_23-25-27,2026-08-25
0.993485342019544,1.0,0.8536036036036037,0.8655913978494624,0.22929936305732485,1.0,0.0,1.0,0.0,1.0,1.0,0.5516357421875,0.0108642578125,-0.0753173828125,-0.01519775390625,-0.009735107421875,0.00323486328125,X,1,2026-08-24_23-25-27,2026-08-25
0.9942091929062613,0.9625829812914907,0.8851351351351351,0.8817204301075269,0.22929936305732485,1.0,0.0,1.0,1.0,1.0,1.0,0.55322265625,0.009521484375,-0.0753173828125,-0.015533447265625,-0.00738525390625,0.00079345703125,X,1,2026-08-24_23-25-27,2026-08-25
0.9927614911328266,0.9480989740494871,0.8355855855855856,0.8548387096774194,0.24203821656050956,1.0,0.0,1.0,0.0,1.0,1.0,0.5557861328125,0.010986328125,-0.0792236328125,-0.020904541015625,-0.012176513671875,0.000762939453125,X,1,2026-08-24_23-25-27,2026-08-25
0.9905899384726746,0.9625829812914907,0.8490990990990991,0.9301075268817204,0.22929936305732485,1.0,0.0,1.0,0.0,1.0,1.0,0.5596923828125,0.0145263671875,-0.0738525390625,-0.01763916015625,-0.017669677734375,0.004180908203125,X,1,2026-08-24_23-25-27,2026-08-25
0.9855229822656533,0.9541339770669885,0.8558558558558559,0.9193548387096774,0.2802547770700637,1.0,0.0,1.0,0.0,1.0,1.0,0.554443359375,0.009765625,-0.0789794921875,-0.016143798828125,-0.0179443359375,0.005035400390625,X,1,2026-08-24_23-25-27,2026-08-25
0.9847991313789359,0.9625829812914907,0.8761261261261262,0.9086021505376344,0.24203821656050956,1.0,0.0,1.0,1.0,1.0,1.0,0.552490234375,0.004638671875,-0.0806884765625,-0.01629638671875,-0.0062255859375,0.002899169921875,X,1,2026-08-24_23-25-27,2026-08-25
0.9971045964531307,0.9541339770669885,0.8626126126126126,0.8817204301075269,0.267515923566879,1.0,0.0,1.0,0.0,1.0,1.0,0.5570068359375,0.00341796875,-0.082763671875,-0.019073486328125,-0.0050048828125,-0.000213623046875,X,1,2026-08-24_23-25-27,2026-08-25
0.995656894679696,0.9456849728424864,0.8333333333333334,0.956989247311828,0.3184713375796178,1.0,0.0,1.0,0.0,1.0,1.0,0.5557861328125,0.0081787109375,-0.0750732421875,-0.01837158203125,-0.01092529296875,-0.001800537109375,X,1,2026-08-24_23-25-27,2026-08-25
0.9905899384726746,0.9782739891369946,0.8490990990990991,0.8494623655913979,0.267515923566879,1.0,0.0,1.0,1.0,1.0,1.0,0.5460205078125,0.006591796875,-0.0771484375,-0.012603759765625,-0.006500244140625,-0.00213623046875,X,1,2026-08-24_23-25-27,2026-08-25
0.9949330437929786,1.0,0.8490990990990991,0.9247311827956989,0.17834394904458598,1.0,0.0,1.0,0.0,1.0,1.0,0.5506591796875,0.0103759765625,-0.075927734375,-0.018218994140625,-0.006622314453125,-0.005584716796875,X,1,2026-08-24_23-25-27,2026-08-25
0.9927614911328266,0.9734459867229933,0.8693693693693694,0.9301075268817204,0.16560509554140126,1.0,0.0,1.0,0.0,1.0,1.0,0.5531005859375,0.0198974609375,-0.074462890625,-0.018096923828125,-0.00567626953125,-0.001495361328125,X,1,2026-08-24_23-25-27,2026-08-25
0.9949330437929786,0.9529269764634882,0.9054054054054054,0.9623655913978495,0.20382165605095542,1.0,0.0,1.0,1.0,1.0,1.0,0.5601806640625,0.0194091796875,-0.0733642578125,-0.0179443359375,-0.00994873046875,0.001068115234375,X,1,2026-08-24_23-25-27,2026-08-25
0.9884183858125226,0.9625829812914907,0.8648648648648649,0.8817204301075269,0.22929936305732485,1.0,0.0,1.0,1.0,1.0,1.0,0.554931640625,0.0162353515625,-0.078125,-0.01531982421875,-0.01019287109375,0.0020751953125,X,1,2026-08-24_23-25-27,2026-08-25
0.9833514296055013,0.9408569704284853,0.9054054054054054,0.978494623655914,0.8280254777070064,1.0,0.0,1.0,1.0,1.0,1.0,0.55029296875,0.0042724609375,-0.10546875,-0.01715087890625,-0.00946044921875,0.00738525390625,X,2,2026-08-24_23-25-27,2026-08-25
0.9833514296055013,0.9480989740494871,0.9166666666666666,0.9354838709677419,0.7898089171974523,1.0,0.0,1.0,1.0,1.0,1.0,0.54150390625,0.0068359375,-0.1044921875,-0.0159912109375,-0.0089111328125,0.00775146484375,X,2,2026-08-24_23-25-27,2026-08-25
0.9819037278320666,0.9468919734459867,0.8963963963963963,0.8870967741935484,0.802547770700637,1.0,0.0,1.0,1.0,1.0,1.0,0.5467529296875,0.00048828125,-0.123046875,-0.009002685546875,0.011199951171875,0.007171630859375,X,2,2026-08-24_23-25-27,2026-08-25
0.9819037278320666,0.936028968014484,0.9054054054054054,0.9193548387096774,0.7770700636942676,1.0,0.0,1.0,1.0,1.0,1.0,0.54931640625,0.0,-0.1165771484375,-0.016845703125,0.01263427734375,0.00604248046875,X,2,2026-08-24_23-25-27,2026-08-25
0.9797321751719146,0.9396499698249849,0.9009009009009009,0.9354838709677419,0.7261146496815286,1.0,0.0,1.0,1.0,1.0,1.0,0.5560302734375,0.0010986328125,-0.103515625,-0.024200439453125,-0.002838134765625,0.00537109375,X,2,2026-08-24_23-25-27,2026-08-25
0.9898660875859573,0.9396499698249849,0.9009009009009009,0.9032258064516129,0.7515923566878981,1.0,0.0,1.0,1.0,1.0,1.0,0.5443115234375,0.0047607421875,-0.1005859375,-0.017852783203125,-0.01409912109375,0.006988525390625,X,2,2026-08-24_23-25-27,2026-08-25
0.9833514296055013,0.9529269764634882,0.918918918918919,0.9032258064516129,0.6751592356687898,1.0,0.0,1.0,1.0,1.0,1.0,0.544189453125,0.001953125,-0.1124267578125,-0.0032958984375,0.010528564453125,0.006103515625,X,2,2026-08-24_23-25-27,2026-08-25
0.9811798769453492,0.9468919734459867,0.8986486486486487,0.9301075268817204,0.7515923566878981,1.0,0.0,1.0,1.0,1.0,1.0,0.5458984375,-0.0003662109375,-0.1121826171875,-0.0079345703125,0.014678955078125,0.00091552734375,X,2,2026-08-24_23-25-27,2026-08-25
0.991313789359392,0.9553409776704889,0.8963963963963963,0.9731182795698925,0.8152866242038217,1.0,0.0,1.0,1.0,1.0,1.0,0.564208984375,0.0029296875,-0.1046142578125,-0.016937255859375,-0.002960205078125,0.00299072265625,X,2,2026-08-24_23-25-27,2026-08-25
0.9724936663047412,0.9420639710319855,0.8918918918918919,0.9086021505376344,0.7388535031847133,1.0,0.0,1.0,1.0,1.0,1.0,0.5531005859375,0.0098876953125,-0.099853515625,-0.0244140625,-0.02490234375,0.0035400390625,X,2,2026-08-24_23-25-27,2026-08-25
0.9710459645313065,0.9312009656004828,0.9234234234234234,0.967741935483871,0.7261146496815286,1.0,0.0,1.0,1.0,1.0,1.0,0.5361328125,0.008544921875,-0.1082763671875,-0.0140380859375,-0.009490966796875,0.004119873046875,X,2,2026-08-24_23-25-27,2026-08-25
0.9847991313789359,0.9420639710319855,0.9121621621621622,0.8817204301075269,0.802547770700637,1.0,0.0,1.0,1.0,1.0,1.0,0.529052734375,0.007080078125,-0.1129150390625,-0.00244140625,0.0140380859375,0.003509521484375,X,2,2026-08-24_23-25-27,2026-08-25
0.9869706840390879,0.9420639710319855,0.9099099099099099,0.956989247311828,0.7261146496815286,1.0,0.0,1.0,1.0,1.0,1.0,0.566650390625,0.0133056640625,-0.10400390625,-0.006195068359375,0.024871826171875,0.003997802734375,X,2,2026-08-24_23-25-27,2026-08-25
0.9826275787187839,0.9444779722389861,0.8896396396396397,0.9247311827956989,0.802547770700637,1.0,0.0,1.0,1.0,1.0,1.0,0.5592041015625,0.0025634765625,-0.0982666015625,-0.01824951171875,-0.000518798828125,0.006195068359375,X,2,2026-08-24_23-25-27,2026-08-25
0.9847991313789359,0.9420639710319855,0.9121621621621622,0.946236559139785,0.802547770700637,1.0,0.0,1.0,1.0,1.0,1.0,0.5489501953125,0.001708984375,-0.0972900390625,-0.020263671875,-0.01788330078125,0.005584716796875,X,2,2026-08-24_23-25-27,2026-08-25
0.9819037278320666,0.9698249849124925,0.8738738738738738,0.9247311827956989,0.8407643312101911,1.0,0.0,1.0,1.0,1.0,1.0,0.54638671875,0.0052490234375,-0.1026611328125,-0.02386474609375,-0.0120849609375,0.002197265625,X,2,2026-08-24_23-25-27,2026-08-25
0.9833514296055013,0.9613759806879904,0.8918918918918919,0.946236559139785,0.6624203821656051,1.0,0.0,1.0,1.0,1.0,1.0,0.54736328125,0.0106201171875,-0.1026611328125,-0.017333984375,-0.0087890625,0.003387451171875,X,2,2026-08-24_23-25-27,2026-08-25
0.9833514296055013,0.9420639710319855,0.8986486486486487,0.8817204301075269,0.7898089171974523,1.0,0.0,1.0,1.0,1.0,1.0,0.5482177734375,0.010498046875,-0.1053466796875,-0.013336181640625,-0.014862060546875,0.006927490234375,X,2,2026-08-24_23-25-27,2026-08-25
0.9804560260586319,0.9312009656004828,0.8918918918918919,0.946236559139785,0.7770700636942676,1.0,0.0,1.0,1.0,1.0,1.0,0.5438232421875,0.0032958984375,-0.1068115234375,-0.0118408203125,-0.008056640625,0.008697509765625,X,2,2026-08-24_23-25-27,2026-08-25
0.9847991313789359,0.9493059746529873,0.8783783783783784,0.8924731182795699,0.7770700636942676,1.0,0.0,1.0,1.0,1.0,1.0,0.5467529296875,0.002685546875,-0.1104736328125,-0.01678466796875,-0.010284423828125,0.008575439453125,X,2,2026-08-24_23-25-27,2026-08-25
0.9811798769453492,0.9384429692214846,0.9031531531531531,0.946236559139785,0.6751592356687898,1.0,0.0,1.0,1.0,1.0,1.0,0.5479736328125,0.0062255859375,-0.1087646484375,-0.024261474609375,-0.016815185546875,0.009490966796875,X,2,2026-08-24_23-25-27,2026-08-25
0.9811798769453492,0.9420639710319855,0.8918918918918919,0.9193548387096774,0.7261146496815286,1.0,0.0,1.0,1.0,1.0,1.0,0.5477294921875,0.0047607421875,-0.1085205078125,-0.017822265625,-0.009735107421875,0.011383056640625,X,2,2026-08-24_23-25-27,2026-08-25
0.98914223669924,0.9432709716354858,0.8941441441441441,0.9408602150537635,0.7006369426751592,1.0,0.0,1.0,1.0,1.0,1.0,0.5460205078125,0.00341796875,-0.1092529296875,-0.013153076171875,-0.005859375,0.01055908203125,X,2,2026-08-24_23-25-27,2026-08-25
0.9811798769453492,0.9444779722389861,0.9099099099099099,0.8924731182795699,0.8152866242038217,1.0,0.0,1.0,1.0,1.0,1.0,0.551025390625,-0.0013427734375,-0.1072998046875,-0.012603759765625,-0.006072998046875,0.008148193359375,X,2,2026-08-24_23-25-27,2026-08-25
0.9876945349258053,0.9553409776704889,0.9099099099099099,0.9247311827956989,0.802547770700637,1.0,0.0,1.0,1.0,1.0,1.0,0.549072265625,-0.0032958984375,-0.104736328125,-0.013946533203125,-0.007415771484375,0.005767822265625,X,2,2026-08-24_23-25-27,2026-08-25
0.9710459645313065,0.9456849728424864,0.8963963963963963,0.8870967741935484,0.7770700636942676,1.0,0.0,1.0,1.0,1.0,1.0,0.55029296875,0.0006103515625,-0.1070556640625,-0.02105712890625,-0.01239013671875,0.003936767578125,X,2,2026-08-24_23-25-27,2026-08-25
0.9819037278320666,0.9480989740494871,0.9031531531531531,0.9301075268817204,0.7261146496815286,1.0,0.0,1.0,1.0,1.0,1.0,0.54345703125,0.0072021484375,-0.106201171875,-0.0125732421875,-0.00726318359375,0.00531005859375,X,2,2026-08-24_23-25-27,2026-08-25
0.9855229822656533,0.9456849728424864,0.9054054054054054,0.9354838709677419,0.6624203821656051,1.0,0.0,1.0,1.0,1.0,1.0,0.5440673828125,-0.0032958984375,-0.121337890625,-0.005584716796875,0.010650634765625,0.00921630859375,X,2,2026-08-24_23-25-27,2026-08-25
0.9724936663047412,0.9420639710319855,0.8918918918918919,0.8333333333333334,0.7898089171974523,1.0,0.0,1.0,1.0,1.0,1.0,0.552001953125,-0.0018310546875,-0.1124267578125,-0.01568603515625,0.0054931640625,0.00640869140625,X,2,2026-08-24_23-25-27,2026-08-25
0.9826275787187839,0.9444779722389861,0.9279279279279279,0.9247311827956989,0.6369426751592356,1.0,0.0,1.0,1.0,1.0,1.0,0.5577392578125,-0.0003662109375,-0.1046142578125,-0.02142333984375,-0.012481689453125,0.00299072265625,X,2,2026-08-24_23-25-27,2026-08-25
0.9833514296055013,0.9420639710319855,0.9076576576576577,0.9354838709677419,0.7006369426751592,1.0,0.0,1.0,1.0,1.0,1.0,0.54833984375,0.0062255859375,-0.1009521484375,-0.017913818359375,-0.0225830078125,0.00250244140625,X,2,2026-08-24_23-25-27,2026-08-25
0.9847991313789359,1.0,0.9076576576576577,0.8440860215053764,0.8152866242038217,1.0,0.0,1.0,1.0,1.0,1.0,0.533447265625,0.0069580078125,-0.1104736328125,-0.003021240234375,-0.00555419921875,0.004241943359375,X,2,2026-08-24_23-25-27,2026-08-25
0.9768367716250452,0.9891369945684972,0.8986486486486487,1.0,0.8152866242038217,1.0,0.0,1.0,1.0,1.0,1.0,0.549072265625,-0.0025634765625,-0.11279296875,-0.00146484375,0.011566162109375,0.00457763671875,X,2,2026-08-24_23-25-27,2026-08-25
0.9833514296055013,1.0,0.9009009009009009,0.8494623655913979,0.6496815286624203,1.0,0.0,1.0,1.0,1.0,1.0,0.5582275390625,-0.0023193359375,-0.098388671875,-0.017669677734375,-0.003448486328125,0.00592041015625,X,2,2026-08-24_23-25-27,2026-08-25
0.9833514296055013,0.9975859987929994,0.8828828828828829,0.9247311827956989,0.6242038216560509,1.0,0.0,1.0,1.0,1.0,1.0,0.55224609375,-0.00146484375,-0.105712890625,-0.02239990234375,-0.026611328125,0.005096435546875,X,2,2026-08-24_23-25-27,2026-08-25
0.9826275787187839,0.9951719975859988,0.9054054054054054,0.9247311827956989,0.7261146496815286,1.0,0.0,1.0,1.0,1.0,1.0,0.5396728515625,0.00244140625,-0.107421875,-0.021209716796875,-0.0206298828125,0.002593994140625,X,2,2026-08-24_23-25-27,2026-08-25
0.9775606225117626,0.9444779722389861,0.9211711711711712,0.7473118279569892,0.6878980891719745,1.0,0.0,1.0,1.0,1.0,1.0,0.5450439453125,0.0020751953125,-0.113525390625,-0.01214599609375,-0.00439453125,0.000885009765625,X,2,2026-08-24_23-25-27,2026-08-25
0.9855229822656533,0.9444779722389861,0.9054054054054054,0.8279569892473119,0.7006369426751592,1.0,0.0,1.0,1.0,1.0,1.0,0.5426025390625,-0.00048828125,-0.1124267578125,-0.01165771484375,-0.002349853515625,0.00164794921875,X,2,2026-08-24_23-25-27,2026-08-25
0.9826275787187839,0.9432709716354858,0.8828828828828829,0.9301075268817204,0.5987261146496815,1.0,0.0,1.0,1.0,1.0,1.0,0.55078125,0.00341796875,-0.1141357421875,-0.020233154296875,-0.011962890625,0.002685546875,X,2,2026-08-24_23-25-27,2026-08-25
0.9739413680781759,0.9480989740494871,0.8918918918918919,0.8440860215053764,0.7006369426751592,1.0,0.0,1.0,1.0,1.0,1.0,0.54345703125,0.01123046875,-0.113037109375,-0.016998291015625,-0.011871337890625,0.006317138671875,X,2,2026-08-24_23-25-27,2026-08-25
0.9833514296055013,0.9577549788774894,0.9099099099099099,1.0,0.5477707006369427,1.0,0.0,1.0,1.0,1.0,1.0,0.5367431640625,0.0074462890625,-0.1470947265625,-0.019012451171875,-0.0101318359375,0.00677490234375,X,3,2026-08-24_23-25-27,2026-08-25
0.9739413680781759,0.96016898008449,0.9076576576576577,0.967741935483871,0.4585987261146497,1.0,0.0,1.0,1.0,1.0,1.0,0.53466796875,0.00537109375,-0.14697265625,-0.0179443359375,-0.007843017578125,0.00653076171875,X,3,2026-08-24_23-25-27,2026-08-25
0.9761129207383279,0.9493059746529873,0.9031531531531531,0.9408602150537635,0.535031847133758,1.0,0.0,1.0,1.0,1.0,1.0,0.5321044921875,0.005615234375,-0.1495361328125,-0.0196533203125,-0.00347900390625,0.0079345703125,X,3,2026-08-24_23-25-27,2026-08-25
0.9681505609844372,0.9456849728424864,0.8738738738738738,0.9354838709677419,0.5987261146496815,1.0,0.0,1.0,1.0,1.0,1.0,0.534912109375,0.003662109375,-0.147216796875,-0.018890380859375,-0.003021240234375,0.006439208984375,X,3,2026-08-24_23-25-27,2026-08-25
0.9717698154180239,0.9613759806879904,0.9054054054054054,0.9731182795698925,0.5859872611464968,1.0,0.0,1.0,1.0,1.0,1.0,0.534423828125,0.0035400390625,-0.1451416015625,-0.01470947265625,-0.006591796875,0.00579833984375,X,3,2026-08-24_23-25-27,2026-08-25
0.9609120521172638,0.9480989740494871,0.8738738738738738,0.9408602150537635,0.5222929936305732,1.0,0.0,1.0,1.0,1.0,1.0,0.5379638671875,0.0028076171875,-0.142333984375,-0.013092041015625,-0.008148193359375,0.003082275390625,X,3,2026-08-24_23-25-27,2026-08-25
0.9667028592110025,0.9420639710319855,0.9031531531531531,0.967741935483871,0.5477707006369427,1.0,0.0,1.0,1.0,1.0,1.0,0.5377197265625,0.008544921875,-0.1448974609375,-0.00665283203125,-0.00531005859375,0.00262451171875,X,3,2026-08-24_23-25-27,2026-08-25
0.9761129207383279,0.9336149668074833,0.8851351351351351,0.9516129032258065,0.43312101910828027,1.0,0.0,1.0,1.0,1.0,1.0,0.543701171875,0.0059814453125,-0.15087890625,-0.012359619140625,-0.00396728515625,0.002716064453125,X,3,2026-08-24_23-25-27,2026-08-25
0.9761129207383279,0.9456849728424864,0.9031531531531531,0.946236559139785,0.4968152866242038,1.0,0.0,1.0,1.0,1.0,1.0,0.5421142578125,0.009033203125,-0.150634765625,-0.01611328125,-0.00701904296875,0.0045166015625,X,3,2026-08-24_23-25-27,2026-08-25
0.9739413680781759,0.9480989740494871,0.8918918918918919,0.9731182795698925,0.40764331210191085,1.0,0.0,1.0,1.0,1.0,1.0,0.5369873046875,0.0118408203125,-0.145751953125,-0.022308349609375,-0.010894775390625,0.0054931640625,X,3,2026-08-24_23-25-27,2026-08-25
0.9753890698516106,0.9420639710319855,0.8986486486486487,1.0,0.5477707006369427,1.0,0.0,1.0,1.0,1.0,1.0,0.5333251953125,0.012451171875,-0.1463623046875,-0.015960693359375,-0.00494384765625,0.0068359375,X,3,2026-08-24_23-25-27,2026-08-25
0.9739413680781759,0.9444779722389861,0.8873873873873874,0.967741935483871,0.4968152866242038,1.0,0.0,1.0,1.0,1.0,1.0,0.53515625,0.00927734375,-0.144287109375,-0.012054443359375,0.00213623046875,0.004730224609375,X,3,2026-08-24_23-25-27,2026-08-25
0.9790083242851972,0.9456849728424864,0.9076576576576577,0.9139784946236559,0.5222929936305732,1.0,0.0,1.0,1.0,1.0,1.0,0.541015625,0.0015869140625,-0.1414794921875,-0.01043701171875,-0.003753662109375,0.003173828125,X,3,2026-08-24_23-25-27,2026-08-25
0.9623597538906985,0.9577549788774894,0.9009009009009009,0.9139784946236559,0.5859872611464968,1.0,0.0,1.0,1.0,1.0,1.0,0.5384521484375,0.005126953125,-0.1429443359375,-0.021026611328125,-0.017608642578125,0.002471923828125,X,3,2026-08-24_23-25-27,2026-08-25
0.9782844733984799,0.936028968014484,0.8918918918918919,0.978494623655914,0.5477707006369427,1.0,0.0,1.0,1.0,1.0,1.0,0.5328369140625,0.009521484375,-0.1358642578125,-0.019561767578125,-0.019622802734375,0.004364013671875,X,3,2026-08-24_23-25-27,2026-08-25
0.9739413680781759,0.9384429692214846,0.9054054054054054,0.956989247311828,0.4713375796178344,1.0,0.0,1.0,1.0,1.0,1.0,0.5360107421875,0.0054931640625,-0.1435546875,-0.0137939453125,-0.00836181640625,0.006256103515625,X,3,2026-08-24_23-25-27,2026-08-25
0.9703221136445892,0.9396499698249849,0.8851351351351351,0.956989247311828,0.445859872611465,1.0,0.0,1.0,1.0,1.0,1.0,0.5374755859375,0.0068359375,-0.1517333984375,-0.017822265625,-0.008087158203125,0.006866455078125,X,3,2026-08-24_23-25-27,2026-08-25
0.9724936663047412,0.9227519613759807,0.8716216216216216,0.9301075268817204,0.43312101910828027,1.0,0.0,1.0,1.0,1.0,1.0,0.53662109375,0.003662109375,-0.1485595703125,-0.016571044921875,-0.01318359375,0.005889892578125,X,3,2026-08-24_23-25-27,2026-08-25
0.9739413680781759,0.9287869643934822,0.9054054054054054,0.9731182795698925,0.42038216560509556,1.0,0.0,1.0,1.0,1.0,1.0,0.5347900390625,0.007080078125,-0.1497802734375,-0.016326904296875,-0.01043701171875,0.004852294921875,X,3,2026-08-24_23-25-27,2026-08-25
0.9739413680781759,0.9227519613759807,0.8828828828828829,0.946236559139785,0.4713375796178344,1.0,0.0,1.0,1.0,1.0,1.0,0.538330078125,0.01123046875,-0.1490478515625,-0.013397216796875,-0.00286865234375,0.0069580078125,X,3,2026-08-24_23-25-27,2026-08-25
0.9753890698516106,0.9444779722389861,0.9054054054054054,0.9408602150537635,0.40764331210191085,1.0,0.0,1.0,1.0,1.0,1.0,0.5419921875,0.007568359375,-0.1473388671875,-0.01318359375,-0.0020751953125,0.0068359375,X,3,2026-08-24_23-25-27,2026-08-25
0.9746652189648932,0.9396499698249849,0.9054054054054054,0.9354838709677419,0.4585987261146497,1.0,0.0,1.0,1.0,1.0,1.0,0.53955078125,0.00537109375,-0.1412353515625,-0.01519775390625,-0.00909423828125,0.006805419921875,X,3,2026-08-24_23-25-27,2026-08-25
0.9761129207383279,0.9384429692214846,0.8806306306306306,0.8817204301075269,0.5732484076433121,1.0,0.0,1.0,1.0,1.0,1.0,0.5389404296875,0.0076904296875,-0.147216796875,-0.0220947265625,-0.015899658203125,0.007659912109375,X,3,2026-08-24_23-25-27,2026-08-25
0.9695982627578719,0.9420639710319855,0.8873873873873874,0.9516129032258065,0.43312101910828027,1.0,0.0,1.0,1.0,1.0,1.0,0.5352783203125,0.0072021484375,-0.1483154296875,-0.017364501953125,-0.011566162109375,0.0079345703125,X,3,2026-08-24_23-25-27,2026-08-25
0.9710459645313065,0.9553409776704889,0.8783783783783784,0.9247311827956989,0.4840764331210191,1.0,0.0,1.0,1.0,1.0,1.0,0.531494140625,0.00341796875,-0.1488037109375,-0.01611328125,-0.0050048828125,0.007720947265625,X,3,2026-08-24_23-25-27,2026-08-25
0.9732175171914585,0.9480989740494871,0.9054054054054054,1.0,0.39490445859872614,1.0,0.0,1.0,1.0,1.0,1.0,0.5338134765625,0.0069580078125,-0.14453125,-0.015899658203125,-0.002227783203125,0.006134033203125,X,3,2026-08-24_23-25-27,2026-08-25
0.9797321751719146,0.936028968014484,0.8806306306306306,0.989247311827957,0.5477707006369427,1.0,0.0,1.0,1.0,1.0,1.0,0.5318603515625,0.0057373046875,-0.1434326171875,-0.01629638671875,-0.0081787109375,0.005035400390625,X,3,2026-08-24_23-25-27,2026-08-25
0.9717698154180239,0.9420639710319855,0.8896396396396397,0.9408602150537635,0.5222929936305732,1.0,0.0,1.0,1.0,1.0,1.0,0.5321044921875,0.008056640625,-0.13525390625,-0.01922607421875,-0.010223388671875,0.0042724609375,X,3,2026-08-24_23-25-27,2026-08-25
0.9768367716250452,0.9408569704284853,0.9009009009009009,0.9139784946236559,0.445859872611465,1.0,0.0,1.0,1.0,1.0,1.0,0.5325927734375,0.0118408203125,-0.138916015625,-0.01287841796875,-0.009185791015625,0.006378173828125,X,3,2026-08-24_23-25-27,2026-08-25
0.9782844733984799,0.9529269764634882,0.9099099099099099,0.9623655913978495,0.4840764331210191,1.0,0.0,1.0,1.0,1.0,1.0,0.5341796875,0.006103515625,-0.1461181640625,-0.011566162109375,-0.003631591796875,0.008544921875,X,3,2026-08-24_23-25-27,2026-08-25
0.9790083242851972,0.9432709716354858,0.9031531531531531,0.9946236559139785,0.4968152866242038,1.0,0.0,1.0,1.0,1.0,1.0,0.542236328125,0.0072021484375,-0.1397705078125,-0.013519287109375,-0.005828857421875,0.01007080078125,X,3,2026-08-24_23-25-27,2026-08-25
0.9659790083242852,0.9420639710319855,0.8738738738738738,0.9247311827956989,0.5222929936305732,1.0,0.0,1.0,1.0,1.0,1.0,0.54443359375,0.00634765625,-0.1424560546875,-0.016998291015625,-0.013214111328125,0.012451171875,X,3,2026-08-24_23-25-27,2026-08-25
0.9753890698516106,0.9734459867229933,0.8896396396396397,0.967741935483871,0.535031847133758,1.0,0.0,1.0,1.0,1.0,1.0,0.5416259765625,0.00341796875,-0.1407470703125,-0.016082763671875,-0.01324462890625,0.010345458984375,X,3,2026-08-24_23-25-27,2026-08-25
0.9724936663047412,0.9649969824984912,0.8806306306306306,0.8817204301075269,0.5222929936305732,1.0,0.0,1.0,1.0,1.0,1.0,0.53466796875,0.000244140625,-0.14501953125,-0.015106201171875,-0.012359619140625,0.0101318359375,X,3,2026-08-24_23-25-27,2026-08-25
0.9674267100977199,0.9420639710319855,0.8963963963963963,0.9354838709677419,0.42038216560509556,1.0,0.0,1.0,1.0,1.0,1.0,0.5404052734375,0.0018310546875,-0.1497802734375,-0.01446533203125,-0.004241943359375,0.009033203125,X,3,2026-08-24_23-25-27,2026-08-25
0.9724936663047412,0.9420639710319855,0.8896396396396397,0.946236559139785,0.5477707006369427,1.0,0.0,1.0,1.0,1.0,1.0,0.5384521484375,-0.000732421875,-0.150634765625,-0.01123046875,-0.00628662109375,0.00927734375,X,3,2026-08-24_23-25-27,2026-08-25
0.9688744118711545,0.9493059746529873,0.8941441441441441,0.9193548387096774,0.40764331210191085,1.0,0.0,1.0,1.0,1.0,1.0,0.537353515625,-0.0064697265625,-0.1524658203125,-0.01690673828125,-0.01043701171875,0.0047607421875,X,3,2026-08-24_23-25-27,2026-08-25
0.9609120521172638,0.9287869643934822,0.8423423423423423,0.8924731182795699,0.4840764331210191,1.0,0.0,1.0,1.0,1.0,1.0,0.538818359375,0.004150390625,-0.14599609375,-0.015106201171875,-0.011077880859375,0.00390625,X,3,2026-08-24_23-25-27,2026-08-25
0.9847991313789359,0.9613759806879904,0.9031531531531531,0.8817204301075269,0.5222929936305732,1.0,0.0,1.0,1.0,1.0,1.0,0.5423583984375,0.0013427734375,-0.1468505859375,-0.0133056640625,-0.01336669921875,0.0035400390625,X,3,2026-08-24_23-25-27,2026-08-25
0.9703221136445892,0.963789981894991,0.8873873873873874,0.967741935483871,0.42038216560509556,1.0,0.0,1.0,1.0,1.0,1.0,0.5364990234375,-0.0045166015625,-0.15087890625,-0.0164794921875,-0.01025390625,0.003173828125,X,3,2026-08-24_23-25-27,2026-08-25
0.9753890698516106,0.9336149668074833,0.8806306306306306,1.0,0.40764331210191085,1.0,0.0,1.0,1.0,1.0,1.0,0.5306396484375,-0.0035400390625,-0.1588134765625,-0.017120361328125,-0.003173828125,0.00616455078125,X,4,2026-08-24_23-25-27,2026-08-25
0.9601882012305465,0.9227519613759807,0.8693693693693694,1.0,0.43312101910828027,1.0,0.0,1.0,1.0,1.0,1.0,0.52880859375,-0.010009765625,-0.1556396484375,-0.013275146484375,-0.0015869140625,0.005157470703125,X,4,2026-08-24_23-25-27,2026-08-25
0.9667028592110025,0.9263729631864815,0.8738738738738738,0.989247311827957,0.40764331210191085,1.0,0.0,1.0,1.0,1.0,1.0,0.533447265625,-0.011474609375,-0.1544189453125,-0.015777587890625,-0.007293701171875,0.0035400390625,X,4,2026-08-24_23-25-27,2026-08-25
0.9710459645313065,0.9263729631864815,0.8851351351351351,1.0,0.535031847133758,1.0,0.0,1.0,1.0,1.0,1.0,0.5357666015625,-0.00537109375,-0.1551513671875,-0.018524169921875,-0.013031005859375,0.003265380859375,X,4,2026-08-24_23-25-27,2026-08-25
0.9717698154180239,0.9287869643934822,0.9211711711711712,1.0,0.445859872611465,1.0,0.0,1.0,1.0,1.0,1.0,0.5303955078125,-0.0001220703125,-0.15478515625,-0.018524169921875,-0.013885498046875,0.004058837890625,X,4,2026-08-24_23-25-27,2026-08-25
0.9739413680781759,0.9203379601689801,0.8716216216216216,1.0,0.535031847133758,1.0,0.0,1.0,1.0,1.0,1.0,0.529296875,-0.0018310546875,-0.158447265625,-0.011474609375,-0.004974365234375,0.006500244140625,X,4,2026-08-24_23-25-27,2026-08-25
0.9688744118711545,0.9143029571514786,0.8738738738738738,1.0,0.42038216560509556,1.0,0.0,1.0,1.0,1.0,1.0,0.5369873046875,-0.00244140625,-0.1614990234375,-0.016632080078125,-0.009521484375,0.004852294921875,X,4,2026-08-24_23-25-27,2026-08-25
0.9717698154180239,0.9287869643934822,0.9031531531531531,1.0,0.40764331210191085,1.0,0.0,1.0,1.0,1.0,1.0,0.5299072265625,-0.0001220703125,-0.1590576171875,-0.0169677734375,-0.011016845703125,0.0074462890625,X,4,2026-08-24_23-25-27,2026-08-25
0.9710459645313065,0.9155099577549789,0.8716216216216216,1.0,0.5477707006369427,1.0,0.0,1.0,1.0,1.0,1.0,0.5299072265625,-0.0020751953125,-0.1600341796875,-0.01654052734375,-0.01068115234375,0.007476806640625,X,4,2026-08-24_23-25-27,2026-08-25
0.9695982627578719,0.9227519613759807,0.8738738738738738,1.0,0.40764331210191085,1.0,0.0,1.0,1.0,1.0,1.0,0.531982421875,-0.0050048828125,-0.1619873046875,-0.01788330078125,-0.004486083984375,0.006622314453125,X,4,2026-08-24_23-25-27,2026-08-25
0.9703221136445892,0.9227519613759807,0.8873873873873874,1.0,0.535031847133758,1.0,0.0,1.0,1.0,1.0,1.0,0.5377197265625,-0.0064697265625,-0.1522216796875,-0.017547607421875,-0.009918212890625,0.00628662109375,X,4,2026-08-24_23-25-27,2026-08-25
0.9681505609844372,0.9155099577549789,0.8896396396396397,1.0,0.4713375796178344,1.0,0.0,1.0,1.0,1.0,1.0,0.53369140625,-0.002197265625,-0.1597900390625,-0.016845703125,-0.01190185546875,0.00555419921875,X,4,2026-08-24_23-25-27,2026-08-25
0.9681505609844372,0.9251659625829813,0.8828828828828829,0.9946236559139785,0.40764331210191085,1.0,0.0,1.0,1.0,1.0,1.0,0.5361328125,-0.0045166015625,-0.157470703125,-0.01654052734375,-0.01409912109375,0.005889892578125,X,4,2026-08-24_23-25-27,2026-08-25
0.9695982627578719,0.9191309595654797,0.8806306306306306,1.0,0.5477707006369427,1.0,0.0,1.0,1.0,1.0,1.0,0.5299072265625,-0.008056640625,-0.1632080078125,-0.01470947265625,-0.006744384765625,0.0074462890625,X,4,2026-08-24_23-25-27,2026-08-25
0.9768367716250452,0.9263729631864815,0.8873873873873874,0.946236559139785,0.4840764331210191,1.0,0.0,1.0,1.0,1.0,1.0,0.530029296875,-0.009521484375,-0.161376953125,-0.015167236328125,-0.00347900390625,0.005279541015625,X,4,2026-08-24_23-25-27,2026-08-25
0.9753890698516106,0.9106819553409776,0.9009009009009009,0.9946236559139785,0.40764331210191085,1.0,0.0,1.0,1.0,1.0,1.0,0.532470703125,-0.0086669921875,-0.1597900390625,-0.015899658203125,-0.007537841796875,0.00360107421875,X,4,2026-08-24_23-25-27,2026-08-25
0.9667028592110025,0.9215449607724804,0.8581081081081081,0.9838709677419355,0.40764331210191085,1.0,0.0,1.0,1.0,1.0,1.0,0.53125,-0.00927734375,-0.158203125,-0.018463134765625,-0.011505126953125,0.003204345703125,X,4,2026-08-24_23-25-27,2026-08-25
0.9746652189648932,0.9143029571514786,0.8671171171171171,0.9301075268817204,0.5987261146496815,1.0,0.0,1.0,1.0,1.0,1.0,0.5284423828125,-0.006103515625,-0.1590576171875,-0.012664794921875,-0.0076904296875,0.002899169921875,X,4,2026-08-24_23-25-27,2026-08-25
0.9826275787187839,0.9118889559444779,0.8626126126126126,1.0,0.4840764331210191,1.0,0.0,1.0,1.0,1.0,1.0,0.536376953125,-0.004150390625,-0.1575927734375,-0.01312255859375,-0.003631591796875,0.0035400390625,X,4,2026-08-24_23-25-27,2026-08-25
0.9681505609844372,0.923958961979481,0.8738738738738738,0.9946236559139785,0.445859872611465,1.0,0.0,1.0,1.0,1.0,1.0,0.5323486328125,-0.007080078125,-0.156494140625,-0.017608642578125,-0.010772705078125,0.002960205078125,X,4,2026-08-24_23-25-27,2026-08-25
0.9717698154180239,0.9191309595654797,0.8693693693693694,1.0,0.5859872611464968,1.0,0.0,1.0,1.0,1.0,1.0,0.5302734375,-0.0057373046875,-0.158935546875,-0.017425537109375,-0.0093994140625,0.00396728515625,X,4,2026-08-24_23-25-27,2026-08-25
0.9674267100977199,0.9215449607724804,0.8693693693693694,1.0,0.4585987261146497,1.0,0.0,1.0,1.0,1.0,1.0,0.53369140625,-0.0047607421875,-0.156005859375,-0.0167236328125,-0.008087158203125,0.004730224609375,X,4,2026-08-24_23-25-27,2026-08-25
0.9695982627578719,0.9215449607724804,0.8716216216216216,1.0,0.40764331210191085,1.0,0.0,1.0,1.0,1.0,1.0,0.5328369140625,-0.000244140625,-0.156982421875,-0.0166015625,-0.010101318359375,0.00457763671875,X,4,2026-08-24_23-25-27,2026-08-25
0.9695982627578719,0.9191309595654797,0.8806306306306306,1.0,0.6114649681528662,1.0,0.0,1.0,1.0,1.0,1.0,0.52880859375,-0.0040283203125,-0.1563720703125,-0.01446533203125,-0.01153564453125,0.005950927734375,X,4,2026-08-24_23-25-27,2026-08-25
0.9609120521172638,0.9046469523234761,0.8626126126126126,0.9731182795698925,0.4713375796178344,1.0,0.0,1.0,1.0,1.0,1.0,0.5355224609375,-0.0042724609375,-0.1640625,-0.0164794921875,-0.014801025390625,0.006256103515625,X,4,2026-08-24_23-25-27,2026-08-25
0.9695982627578719,0.9203379601689801,0.8693693693693694,0.9946236559139785,0.4713375796178344,1.0,0.0,1.0,1.0,1.0,1.0,0.533203125,-0.00390625,-0.16064453125,-0.01751708984375,-0.013580322265625,0.0067138671875,X,4,2026-08-24_23-25-27,2026-08-25
0.9739413680781759,0.9215449607724804,0.8828828828828829,1.0,0.445859872611465,1.0,0.0,1.0,1.0,1.0,1.0,0.53173828125,-0.00927734375,-0.1622314453125,-0.01458740234375,-0.010009765625,0.00738525390625,X,4,2026-08-24_23-25-27,2026-08-25
0.9703221136445892,0.9251659625829813,0.8828828828828829,1.0,0.43312101910828027,1.0,0.0,1.0,1.0,1.0,1.0,0.5350341796875,-0.00830078125,-0.1614990234375,-0.018463134765625,-0.00750732421875,0.006103515625,X,4,2026-08-24_23-25-27,2026-08-25
0.9761129207383279,0.9167169583584792,0.8716216216216216,1.0,0.5222929936305732,1.0,0.0,1.0,1.0,1.0,1.0,0.529052734375,-0.00732421875,-0.15673828125,-0.014312744140625,-0.009429931640625,0.005340576171875,X,4,2026-08-24_23-25-27,2026-08-25
0.9652551574375678,0.9179239589619795,0.8626126126126126,1.0,0.4585987261146497,1.0,0.0,1.0,1.0,1.0,1.0,0.5299072265625,-0.0064697265625,-0.1630859375,-0.012908935546875,-0.00872802734375,0.004791259765625,X,4,2026-08-24_23-25-27,2026-08-25
0.9681505609844372,0.9191309595654797,0.8626126126126126,0.967741935483871,0.42038216560509556,1.0,0.0,1.0,1.0,1.0,1.0,0.531982421875,-0.006591796875,-0.1600341796875,-0.012481689453125,-0.0048828125,0.00494384765625,X,4,2026-08-24_23-25-27,2026-08-25
0.9681505609844372,0.9227519613759807,0.8716216216216216,0.989247311827957,0.4585987261146497,1.0,0.0,1.0,1.0,1.0,1.0,0.53466796875,-0.008544921875,-0.1639404296875,-0.01153564453125,-0.00616455078125,0.00579833984375,X,4,2026-08-24_23-25-27,2026-08-25
0.9710459645313065,0.9155099577549789,0.8738738738738738,1.0,0.40764331210191085,1.0,0.0,1.0,1.0,1.0,1.0,0.5335693359375,-0.0048828125,-0.16455078125,-0.01641845703125,-0.009246826171875,0.00439453125,X,4,2026-08-24_23-25-27,2026-08-25
0.9710459645313065,0.9203379601689801,0.8716216216216216,1.0,0.4840764331210191,1.0,0.0,1.0,1.0,1.0,1.0,0.535888671875,-0.00146484375,-0.1563720703125,-0.013946533203125,-0.009185791015625,0.00616455078125,X,4,2026-08-24_23-25-27,2026-08-25
0.9703221136445892,0.9215449607724804,0.8648648648648649,1.0,0.4968152866242038,1.0,0.0,1.0,1.0,1.0,1.0,0.5318603515625,-0.0020751953125,-0.1627197265625,-0.01361083984375,-0.00738525390625,0.00616455078125,X,4,2026-08-24_23-25-27,2026-08-25
0.9753890698516106,0.9299939649969825,0.8896396396396397,1.0,0.42038216560509556,1.0,0.0,1.0,1.0,1.0,1.0,0.5274658203125,-0.00390625,-0.1650390625,-0.014312744140625,-0.00299072265625,0.00665283203125,X,4,2026-08-24_23-25-27,2026-08-25
0.9543973941368078,0.9179239589619795,0.831081081081081,1.0,0.40764331210191085,1.0,0.0,1.0,1.0,1.0,1.0,0.53173828125,-0.0045166015625,-0.158935546875,-0.014373779296875,-0.002166748046875,0.0064697265625,X,4,2026-08-24_23-25-27,2026-08-25
0.9652551574375678,0.9191309595654797,0.8738738738738738,1.0,0.40764331210191085,1.0,0.0,1.0,1.0,1.0,1.0,0.5355224609375,-0.007568359375,-0.1583251953125,-0.016571044921875,-0.007568359375,0.006866455078125,X,4,2026-08-24_23-25-27,2026-08-25
0.9739413680781759,0.9191309595654797,0.8333333333333334,1.0,0.42038216560509556,1.0,0.0,1.0,1.0,1.0,1.0,0.5302734375,-0.0047607421875,-0.1591796875,-0.017486572265625,-0.01141357421875,0.006500244140625,X,4,2026-08-24_23-25-27,2026-08-25
0.9761129207383279,0.9227519613759807,0.9009009009009009,1.0,0.40764331210191085,1.0,0.0,1.0,1.0,1.0,1.0,0.529296875,-0.0054931640625,-0.156005859375,-0.011322021484375,-0.00946044921875,0.007232666015625,X,4,2026-08-24_23-25-27,2026-08-25
0.0,1.0,0.8355855855855856,1.0,0.012738853503184714,1.0,0.0,1.0,1.0,1.0,0.0,0.551025390625,0.068115234375,-0.0830078125,-0.02093505859375,0.012176513671875,-0.00079345703125,Y,0,2026-08-24_23-25-27,2026-08-25
0.0,1.0,0.8423423423423423,1.0,0.10191082802547771,1.0,0.0,1.0,1.0,1.0,0.0,0.5618896484375,0.064208984375,-0.07421875,-0.015838623046875,0.0001220703125,0.004730224609375,Y,0,2026-08-24_23-25-27,2026-08-25
0.0,1.0,0.8333333333333334,1.0,0.0,1.0,0.0,1.0,1.0,1.0,0.0,0.549072265625,0.0577392578125,-0.080078125,-0.0103759765625,-0.0186767578125,0.00750732421875,Y,0,2026-08-24_23-25-27,2026-08-25
0.0,1.0,0.8333333333333334,1.0,0.0,1.0,0.0,1.0,1.0,1.0,0.0,0.538330078125,0.0509033203125,-0.080078125,-0.00042724609375,-0.01171875,0.00347900390625,Y,0,2026-08-24_23-25-27,2026-08-25
0.0,1.0,0.8626126126126126,1.0,0.12738853503184713,1.0,0.0,1.0,1.0,1.0,0.0,0.5426025390625,0.0548095703125,-0.0849609375,-0.005096435546875,0.0081787109375,-0.00213623046875,Y,0,2026-08-24_23-25-27,2026-08-25
0.0,1.0,0.8536036036036037,1.0,0.03821656050955414,1.0,0.0,1.0,1.0,1.0,0.0,0.55126953125,0.0621337890625,-0.0721435546875,-0.014007568359375,0.000579833984375,0.001556396484375,Y,0,2026-08-24_23-25-27,2026-08-25
0.0,0.8853349426674714,0.8558558558558559,1.0,0.012738853503184714,1.0,0.0,1.0,1.0,1.0,0.0,0.5574951171875,0.0562744140625,-0.0743408203125,-0.01226806640625,-0.011383056640625,0.00787353515625,Y,0,2026-08-24_23-25-27,2026-08-25
0.0,0.8636089318044659,0.8333333333333334,1.0,0.0,1.0,0.0,1.0,1.0,1.0,0.0,0.544921875,0.052734375,-0.07958984375,-0.020599365234375,-0.019500732421875,0.002899169921875,Y,0,2026-08-24_23-25-27,2026-08-25
0.0,0.8527459263729632,0.8581081081081081,1.0,0.0,1.0,0.0,1.0,1.0,1.0,0.0,0.5428466796875,0.067626953125,-0.0816650390625,-0.0126953125,-0.006011962890625,0.00018310546875,Y,0,2026-08-24_23-25-27,2026-08-25
0.0,0.8817139408569704,0.8468468468468469,1.0,0.06369426751592357,1.0,0.0,1.0,1.0,1.0,0.0,0.547607421875,0.0628662109375,-0.08056640625,-0.01513671875,0.0068359375,0.004364013671875,Y,0,2026-08-24_23-25-27,2026-08-25
0.0,0.8611949305974653,0.8333333333333334,1.0,0.025477707006369428,1.0,0.0,1.0,1.0,1.0,0.0,0.554931640625,0.0621337890625,-0.0771484375,-0.014190673828125,0.002349853515625,0.005584716796875,Y,0,2026-08-24_23-25-27,2026-08-25
0.0,0.872057936028968,0.8445945945945946,1.0,0.0,1.0,0.0,1.0,1.0,1.0,0.0,0.5543212890625,0.0587158203125,-0.0684814453125,-0.011383056640625,-0.0064697265625,0.0078125,Y,0,2026-08-24_23-25-27,2026-08-25
0.0,0.8672299336149668,0.8423423423423423,1.0,0.06369426751592357,1.0,0.0,1.0,1.0,1.0,0.0,0.5467529296875,0.0555419921875,-0.0677490234375,-0.011932373046875,-0.01025390625,0.003875732421875,Y,0,2026-08-24_23-25-27,2026-08-25
0.0,0.8648159324079662,0.8490990990990991,1.0,0.06369426751592357,1.0,0.0,1.0,1.0,1.0,0.0,0.5496826171875,0.056396484375,-0.07763671875,-0.010162353515625,0.00054931640625,0.00213623046875,Y,0,2026-08-24_23-25-27,2026-08-25
0.0,0.8768859384429692,0.8603603603603603,1.0,0.025477707006369428,1.0,0.0,1.0,1.0,1.0,0.0,0.551513671875,0.05712890625,-0.07666015625,-0.0150146484375,0.003082275390625,0.002960205078125,Y,0,2026-08-24_23-25-27,2026-08-25
0.0,0.8780929390464696,0.8378378378378378,1.0,0.012738853503184714,1.0,0.0,1.0,1.0,1.0,0.0,0.555908203125,0.0589599609375,-0.07080078125,-0.015899658203125,0.001800537109375,0.006622314453125,Y,0,2026-08-24_23-25-27,2026-08-25
0.0,1.0,0.8536036036036037,1.0,0.0,1.0,0.0,1.0,1.0,1.0,0.0,0.557861328125,0.0528564453125,-0.0633544921875,-0.00738525390625,-0.009552001953125,0.004547119140625,Y,0,2026-08-24_23-25-27,2026-08-25
0.0,0.8467109233554617,0.8333333333333334,1.0,0.050955414012738856,1.0,0.0,1.0,1.0,1.0,0.0,0.5509033203125,0.0494384765625,-0.0733642578125,-0.005035400390625,-0.00518798828125,-0.000396728515625,Y,0,2026-08-24_23-25-27,2026-08-25
0.0,0.8141219070609536,0.8536036036036037,1.0,0.08917197452229299,1.0,0.0,1.0,1.0,1.0,0.0,0.5499267578125,0.0570068359375,-0.0740966796875,-0.005584716796875,-0.003570556640625,-0.00494384765625,Y,0,2026-08-24_23-25-27,2026-08-25
0.0,0.8044659022329511,0.8468468468468469,1.0,0.08917197452229299,1.0,0.0,1.0,1.0,1.0,0.0,0.5557861328125,0.058349609375,-0.0802001953125,-0.006927490234375,0.00164794921875,-0.002899169921875,Y,0,2026-08-24_23-25-27,2026-08-25
0.0,0.8032589016294508,0.8468468468468469,1.0,0.07643312101910828,1.0,0.0,1.0,1.0,1.0,0.0,0.5521240234375,0.059326171875,-0.0703125,-0.019287109375,0.001800537109375,-0.001922607421875,Y,0,2026-08-24_23-25-27,2026-08-25
0.0,0.8032589016294508,0.8581081081081081,1.0,0.07643312101910828,1.0,0.0,1.0,1.0,1.0,0.0,0.5516357421875,0.0631103515625,-0.0721435546875,-0.023468017578125,-0.00408935546875,-0.000823974609375,Y,0,2026-08-24_23-25-27,2026-08-25
0.0,1.0,0.8536036036036037,1.0,0.012738853503184714,1.0,0.0,1.0,1.0,1.0,0.0,0.5460205078125,0.0618896484375,-0.077392578125,-0.017486572265625,-0.00390625,-0.000396728515625,Y,0,2026-08-24_23-25-27,2026-08-25
0.0,0.8032589016294508,0.8333333333333334,1.0,0.0,1.0,0.0,1.0,1.0,1.0,0.0,0.548583984375,0.06591796875,-0.076416015625,-0.01458740234375,0.003997802734375,-0.001312255859375,Y,0,2026-08-24_23-25-27,2026-08-25
0.0,0.7936028968014484,0.8490990990990991,1.0,0.012738853503184714,1.0,0.0,1.0,1.0,1.0,0.0,0.548095703125,0.0615234375,-0.0687255859375,-0.006988525390625,0.0037841796875,0.002105712890625,Y,0,2026-08-24_23-25-27,2026-08-25
0.0,0.8044659022329511,0.8558558558558559,1.0,0.03821656050955414,1.0,0.0,1.0,1.0,1.0,0.0,0.552978515625,0.0596923828125,-0.06591796875,-0.0020751953125,-0.004180908203125,0.0037841796875,Y,0,2026-08-24_23-25-27,2026-08-25
0.0,0.7911888955944478,0.8333333333333334,1.0,0.06369426751592357,1.0,0.0,1.0,1.0,1.0,0.0,0.5494384765625,0.0609130859375,-0.0706787109375,-0.005645751953125,-0.0142822265625,0.005126953125,Y,0,2026-08-24_23-25-27,2026-08-25
0.0,0.7923958961979481,0.8445945945945946,1.0,0.0,1.0,0.0,1.0,1.0,1.0,0.0,0.544921875,0.0592041015625,-0.077880859375,-0.00836181640625,-0.005218505859375,0.004150390625,Y,0,2026-08-24_23-25-27,2026-08-25
0.0,0.8032589016294508,0.8445945945945946,1.0,0.025477707006369428,1.0,0.0,1.0,1.0,1.0,0.0,0.5489501953125,0.0601806640625,-0.0736083984375,-0.010101318359375,-0.001068115234375,0.005218505859375,Y,0,2026-08-24_23-25-27,2026-08-25
0.0,0.7948098974049487,0.8333333333333334,1.0,0.06369426751592357,1.0,0.0,1.0,1.0,1.0,0.0,0.5482177734375,0.062255859375,-0.0714111328125,-0.0107421875,-0.002655029296875,0.005889892578125,Y,0,2026-08-24_23-25-27,2026-08-25
0.0,0.7875678937839469,0.8333333333333334,1.0,0.012738853503184714,1.0,0.0,1.0,1.0,1.0,0.0,0.5487060546875,0.06005859375,-0.0689697265625,-0.012115478515625,-0.008453369140625,0.007965087890625,Y,0,2026-08-24_23-25-27,2026-08-25
0.0,0.8020519010259505,0.8355855855855856,1.0,0.012738853503184714,1.0,0.0,1.0,1.0,1.0,0.0,0.5455322265625,0.05712890625,-0.071044921875,-0.01043701171875,-0.00616455078125,0.0081787109375,Y,0,2026-08-24_23-25-27,2026-08-25
0.0,0.8032589016294508,0.8378378378378378,1.0,0.012738853503184714,1.0,0.0,1.0,1.0,1.0,0.0,0.548828125,0.060791015625,-0.0794677734375,-0.01800537109375,-0.002105712890625,0.007232666015625,Y,0,2026-08-24_23-25-27,2026-08-25
0.0,0.8032589016294508,0.8400900900900901,1.0,0.0,1.0,0.0,1.0,1.0,1.0,0.0,0.5469970703125,0.064453125,-0.109619140625,-0.02496337890625,0.02764892578125,0.00689697265625,Y,0,2026-08-24_23-25-27,2026-08-25
0.0,0.8032589016294508,0.8490990990990991,1.0,0.0,1.0,0.0,1.0,1.0,1.0,0.0,0.5631103515625,0.0601806640625,-0.056396484375,-0.03076171875,0.018218994140625,0.0052490234375,Y,0,2026-08-24_23-25-27,2026-08-25
0.0,0.7948098974049487,0.8468468468468469,1.0,0.025477707006369428,1.0,0.0,1.0,1.0,1.0,0.0,0.55908203125,0.05126953125,-0.0806884765625,-0.033294677734375,-0.005584716796875,0.007080078125,Y,0,2026-08-24_23-25-27,2026-08-25
0.0,0.8032589016294508,0.8490990990990991,1.0,0.0,1.0,0.0,1.0,1.0,1.0,0.0,0.55224609375,0.0562744140625,-0.0672607421875,-0.00970458984375,-0.0130615234375,0.004638671875,Y,0,2026-08-24_23-25-27,2026-08-25
0.0,0.796016898008449,0.8468468468468469,1.0,0.012738853503184714,1.0,0.0,1.0,1.0,1.0,0.0,0.5477294921875,0.0538330078125,-0.0771484375,-0.0081787109375,-0.00537109375,0.002044677734375,Y,0,2026-08-24_23-25-27,2026-08-25
0.0,0.8008449004224502,0.8581081081081081,1.0,0.06369426751592357,1.0,0.0,1.0,1.0,1.0,0.0,0.5491943359375,0.059814453125,-0.0753173828125,-0.01513671875,0.01055908203125,-0.001129150390625,Y,0,2026-08-24_23-25-27,2026-08-25
0.0,0.7936028968014484,0.8558558558558559,1.0,0.0,1.0,0.0,1.0,1.0,1.0,0.0,0.5533447265625,0.0587158203125,-0.0667724609375,-0.02099609375,0.007659912109375,0.002227783203125,Y,0,2026-08-24_23-25-27,2026-08-25
0.0,1.0,1.0,1.0,0.025477707006369428,1.0,1.0,1.0,1.0,1.0,0.0,0.5794677734375,0.1011962890625,0.076416015625,-0.145233154296875,-0.12353515625,-0.047271728515625,Y,1,2026-08-24_23-25-27,2026-08-25
0.0,1.0,1.0,1.0,0.0,1.0,1.0,1.0,1.0,1.0,0.0,0.54052734375,0.1097412109375,0.0330810546875,-0.153045654296875,-0.129302978515625,-0.052825927734375,Y,1,2026-08-24_23-25-27,2026-08-25
0.0,1.0,1.0,1.0,0.0,1.0,1.0,1.0,1.0,1.0,0.0,0.525634765625,0.11767578125,-0.01171875,-0.152374267578125,-0.09686279296875,-0.058349609375,Y,1,2026-08-24_23-25-27,2026-08-25
0.0,1.0,1.0,1.0,0.0,1.0,1.0,1.0,1.0,1.0,0.0,0.5162353515625,0.1224365234375,-0.0380859375,-0.1300048828125,-0.076202392578125,-0.0650634765625,Y,1,2026-08-24_23-25-27,2026-08-25
0.0,1.0,1.0,1.0,0.06369426751592357,1.0,1.0,1.0,1.0,1.0,0.0,0.506591796875,0.14208984375,-0.0216064453125,-0.094390869140625,-0.0784912109375,-0.05780029296875,Y,1,2026-08-24_23-25-27,2026-08-25
0.0,1.0,1.0,1.0,0.03821656050955414,1.0,1.0,1.0,1.0,1.0,0.0,0.4888916015625,0.1304931640625,-0.04150390625,-0.042388916015625,-0.079132080078125,-0.04534912109375,Y,1,2026-08-24_23-25-27,2026-08-25
0.0,1.0,1.0,1.0,0.0,1.0,1.0,1.0,1.0,1.0,0.0,0.4818115234375,0.11181640625,-0.04443359375,-0.029388427734375,-0.047637939453125,-0.0501708984375,Y,1,2026-08-24_23-25-27,2026-08-25
0.0,1.0,1.0,1.0,0.025477707006369428,1.0,1.0,1.0,1.0,1.0,0.0,0.4849853515625,0.1383056640625,-0.0313720703125,-0.033599853515625,-0.011993408203125,-0.062255859375,Y,1,2026-08-24_23-25-27,2026-08-25
0.0,1.0,1.0,1.0,0.025477707006369428,1.0,1.0,1.0,1.0,1.0,0.0,0.5069580078125,0.1412353515625,-0.0008544921875,-0.007110595703125,-0.000762939453125,-0.05096435546875,Y,1,2026-08-24_23-25-27,2026-08-25
0.0,1.0,1.0,1.0,0.0,1.0,1.0,1.0,1.0,1.0,0.0,0.5218505859375,0.1190185546875,0.0108642578125,0.01666259765625,0.005096435546875,-0.052947998046875,Y,1,2026-08-24_23-25-27,2026-08-25
0.0,1.0,1.0,1.0,0.0,1.0,1.0,1.0,1.0,1.0,0.0,0.5198974609375,0.125244140625,0.0361328125,0.018524169921875,0.035614013671875,-0.07049560546875,Y,1,2026-08-24_23-25-27,2026-08-25
0.0,1.0,1.0,1.0,0.012738853503184714,1.0,1.0,1.0,1.0,1.0,0.0,0.527099609375,0.1666259765625,0.060302734375,0.0150146484375,0.076080322265625,-0.081634521484375,Y,1,2026-08-24_23-25-27,2026-08-25
0.0,1.0,1.0,1.0,0.0,1.0,1.0,1.0,1.0,1.0,0.0,0.5576171875,0.193359375,0.1007080078125,0.02630615234375,0.067626953125,-0.071990966796875,Y,1,2026-08-24_23-25-27,2026-08-25
0.0,1.0,1.0,1.0,0.025477707006369428,1.0,1.0,1.0,1.0,1.0,0.0,0.5635986328125,0.2039794921875,0.0831298828125,0.016357421875,0.023101806640625,-0.050018310546875,Y,1,2026-08-24_23-25-27,2026-08-25
0.0,1.0,1.0,1.0,0.0,1.0,1.0,1.0,1.0,1.0,0.0,0.5291748046875,0.21435546875,0.04931640625,0.002593994140625,0.0057373046875,-0.0286865234375,Y,1,2026-08-24_23-25-27,2026-08-25
0.0,1.0,1.0,1.0,0.050955414012738856,1.0,1.0,1.0,1.0,1.0,0.0,0.532958984375,0.2274169921875,0.0487060546875,0.001068115234375,0.015594482421875,-0.022735595703125,Y,1,2026-08-24_23-25-27,2026-08-25
0.0,1.0,1.0,1.0,0.025477707006369428,1.0,1.0,1.0,1.0,1.0,0.0,0.5670166015625,0.1884765625,0.0548095703125,-0.002349853515625,0.0205078125,-0.0306396484375,Y,1,2026-08-24_23-25-27,2026-08-25
0.0,1.0,1.0,1.0,0.025477707006369428,1.0,1.0,1.0,1.0,1.0,0.0,0.572265625,0.196533203125,0.0528564453125,-0.005706787109375,-0.009033203125,-0.038543701171875,Y,1,2026-08-24_23-25-27,2026-08-25
0.0,1.0,1.0,1.0,0.03821656050955414,1.0,1.0,1.0,1.0,1.0,0.0,0.5655517578125,0.2205810546875,0.037353515625,-0.004669189453125,-0.032135009765625,-0.042266845703125,Y,1,2026-08-24_23-25-27,2026-08-25
0.0,1.0,1.0,1.0,0.03821656050955414,1.0,1.0,1.0,1.0,1.0,0.0,0.543212890625,0.2166748046875,0.0206298828125,0.00714111328125,-0.032867431640625,-0.03265380859375,Y,1,2026-08-24_23-25-27,2026-08-25
0.0,1.0,1.0,1.0,0.0,1.0,1.0,1.0,1.0,1.0,0.0,0.4918212890625,0.192626953125,0.00634765625,0.028717041015625,0.008392333984375,-0.0291748046875,Y,1,2026-08-24_23-25-27,2026-08-25
0.0,1.0,1.0,1.0,0.0,1.0,1.0,1.0,1.0,1.0,0.0,0.4654541015625,0.1961669921875,0.05615234375,0.03753662109375,0.051788330078125,-0.02703857421875,Y,1,2026-08-24_23-25-27,2026-08-25
0.009048136083966703,1.0,1.0,1.0,0.0,1.0,1.0,1.0,1.0,1.0,0.0,0.4552001953125,0.2012939453125,0.0963134765625,0.036651611328125,0.06195068359375,-0.001373291015625,Y,1,2026-08-24_23-25-27,2026-08-25
0.010495837857401375,1.0,1.0,1.0,0.06369426751592357,1.0,1.0,1.0,1.0,1.0,0.0,0.45458984375,0.1519775390625,0.119140625,0.028717041015625,0.033203125,0.012237548828125,Y,1,2026-08-24_23-25-27,2026-08-25
0.017010495837857402,1.0,1.0,1.0,0.012738853503184714,1.0,1.0,1.0,1.0,1.0,0.0,0.4586181640625,0.1229248046875,0.099365234375,-0.011932373046875,0.0281982421875,-0.00421142578125,Y,1,2026-08-24_23-25-27,2026-08-25
0.022077452044878754,1.0,1.0,1.0,0.0,1.0,1.0,1.0,1.0,1.0,0.0,0.49462890625,0.150634765625,0.1116943359375,-0.03265380859375,0.02099609375,-0.0230712890625,Y,1,2026-08-24_23-25-27,2026-08-25
0.030039811798769453,1.0,1.0,1.0,0.0,1.0,1.0,1.0,1.0,1.0,0.0,0.53369140625,0.1553955078125,0.109619140625,-0.044464111328125,0.003143310546875,-0.02679443359375,Y,1,2026-08-24_23-25-27,2026-08-25
0.033659066232356136,1.0,1.0,1.0,0.012738853503184714,1.0,1.0,1.0,1.0,1.0,0.0,0.5526123046875,0.1536865234375,0.0809326171875,-0.03302001953125,-0.02130126953125,-0.033447265625,Y,1,2026-08-24_23-25-27,2026-08-25
0.04017372421281216,1.0,1.0,1.0,0.0,1.0,1.0,1.0,1.0,1.0,0.0,0.5450439453125,0.160400390625,0.042724609375,-0.035675048828125,-0.04742431640625,-0.048187255859375,Y,1,2026-08-24_23-25-27,2026-08-25
0.04162142598624683,1.0,1.0,1.0,0.012738853503184714,1.0,1.0,1.0,1.0,1.0,0.0,0.519775390625,0.1849365234375,0.034423828125,-0.027557373046875,-0.043975830078125,-0.057037353515625,Y,1,2026-08-24_23-25-27,2026-08-25
0.03438291711907347,1.0,1.0,1.0,0.012738853503184714,1.0,1.0,1.0,1.0,1.0,0.0,0.4942626953125,0.197509765625,0.0264892578125,-0.015594482421875,-0.0137939453125,-0.04925537109375,Y,1,2026-08-24_23-25-27,2026-08-25
0.03872602243937749,1.0,1.0,1.0,0.0,1.0,1.0,1.0,1.0,1.0,0.0,0.5052490234375,0.2408447265625,0.04638671875,-0.016845703125,0.01422119140625,-0.014129638671875,Y,1,2026-08-24_23-25-27,2026-08-25
0.05247918928700688,1.0,1.0,1.0,0.03821656050955414,1.0,1.0,1.0,1.0,1.0,0.0,0.5245361328125,0.279052734375,0.06396484375,-0.000152587890625,0.029815673828125,0.05889892578125,Y,1,2026-08-24_23-25-27,2026-08-25
0.045240680419833514,1.0,1.0,1.0,0.012738853503184714,1.0,1.0,1.0,1.0,1.0,0.0,0.530517578125,0.2139892578125,0.0308837890625,0.010894775390625,0.043121337890625,0.102020263671875,Y,1,2026-08-24_23-25-27,2026-08-25
0.05030763662685487,1.0,1.0,1.0,0.0,1.0,1.0,1.0,1.0,1.0,0.0,0.5186767578125,0.18212890625,0.0247802734375,-0.01300048828125,0.0748291015625,0.08160400390625,Y,1,2026-08-24_23-25-27,2026-08-25
0.048859934853420196,1.0,1.0,1.0,0.0,1.0,1.0,1.0,1.0,1.0,0.0,0.5499267578125,0.1983642578125,0.05810546875,-0.010589599609375,0.08526611328125,0.06085205078125,Y,1,2026-08-24_23-25-27,2026-08-25
0.04162142598624683,1.0,1.0,1.0,0.0,1.0,1.0,1.0,1.0,1.0,0.0,0.55224609375,0.2060546875,0.0572509765625,-0.02142333984375,0.049530029296875,0.05194091796875,Y,1,2026-08-24_23-25-27,2026-08-25
0.04958378574013753,1.0,1.0,1.0,0.012738853503184714,1.0,1.0,1.0,1.0,1.0,0.0,0.5174560546875,0.1982421875,0.0323486328125,-0.03466796875,0.03460693359375,0.039215087890625,Y,1,2026-08-24_23-25-27,2026-08-25
0.048859934853420196,1.0,1.0,1.0,0.0,1.0,1.0,1.0,1.0,1.0,0.0,0.4886474609375,0.202880859375,0.029296875,-0.057037353515625,0.035491943359375,0.01934814453125,Y,1,2026-08-24_23-25-27,2026-08-25
0.048859934853420196,1.0,1.0,1.0,0.0,1.0,1.0,1.0,1.0,1.0,0.0,0.478759765625,0.2137451171875,0.0355224609375,-0.065216064453125,0.043060302734375,0.00799560546875,Y,1,2026-08-24_23-25-27,2026-08-25
0.0,0.9312009656004828,0.9391891891891891,1.0,0.0,1.0,1.0,1.0,1.0,1.0,0.0,0.53125,0.1561279296875,0.089111328125,-0.006072998046875,-0.003753662109375,0.003936767578125,Y,2,2026-08-24_23-25-27,2026-08-25
0.0,0.9420639710319855,0.9211711711711712,1.0,0.0,1.0,1.0,1.0,1.0,1.0,0.0,0.526123046875,0.1575927734375,0.088134765625,0.00323486328125,-0.001861572265625,0.00244140625,Y,2,2026-08-24_23-25-27,2026-08-25
0.0,1.0,0.9594594594594594,1.0,0.0,1.0,1.0,1.0,1.0,1.0,0.0,0.520751953125,0.16259765625,0.088134765625,-0.003936767578125,-0.001983642578125,0.001739501953125,Y,2,2026-08-24_23-25-27,2026-08-25
0.0,0.9480989740494871,0.9391891891891891,1.0,0.0,1.0,1.0,1.0,1.0,1.0,0.0,0.5220947265625,0.170166015625,0.0892333984375,-0.0013427734375,0.000396728515625,0.003265380859375,Y,2,2026-08-24_23-25-27,2026-08-25
0.0,0.9420639710319855,0.9459459459459459,1.0,0.050955414012738856,1.0,1.0,1.0,1.0,1.0,0.0,0.5301513671875,0.1719970703125,0.0955810546875,-0.001800537109375,-0.00018310546875,0.004150390625,Y,2,2026-08-24_23-25-27,2026-08-25
0.0,0.9432709716354858,0.9504504504504504,1.0,0.012738853503184714,1.0,1.0,1.0,1.0,1.0,0.0,0.5311279296875,0.1697998046875,0.0919189453125,0.007232666015625,-0.004852294921875,0.0078125,Y,2,2026-08-24_23-25-27,2026-08-25
0.0,0.9396499698249849,0.9436936936936937,1.0,0.0,1.0,1.0,1.0,1.0,1.0,0.0,0.533203125,0.1734619140625,0.09765625,0.01116943359375,-0.01409912109375,0.010009765625,Y,2,2026-08-24_23-25-27,2026-08-25
0.0,0.9432709716354858,0.9211711711711712,1.0,0.0,1.0,1.0,1.0,1.0,1.0,0.0,0.5313720703125,0.172119140625,0.0867919921875,0.017852783203125,-0.014801025390625,0.0145263671875,Y,2,2026-08-24_23-25-27,2026-08-25
0.0,0.9493059746529873,0.9414414414414415,1.0,0.0,1.0,1.0,1.0,1.0,1.0,0.0,0.5281982421875,0.153564453125,0.0809326171875,0.010498046875,-0.00836181640625,0.0096435546875,Y,2,2026-08-24_23-25-27,2026-08-25
0.0,0.9420639710319855,0.9481981981981982,1.0,0.0,1.0,1.0,1.0,1.0,1.0,0.0,0.5255126953125,0.1627197265625,0.0858154296875,-0.016876220703125,-0.00018310546875,0.002960205078125,Y,2,2026-08-24_23-25-27,2026-08-25
0.0,0.9420639710319855,0.9324324324324325,1.0,0.0,1.0,1.0,1.0,1.0,1.0,0.0,0.5323486328125,0.1700439453125,0.099365234375,-0.01934814453125,-0.004730224609375,0.008026123046875,Y,2,2026-08-24_23-25-27,2026-08-25
0.0,0.9420639710319855,0.9369369369369369,1.0,0.0,1.0,1.0,1.0,1.0,1.0,0.0,0.530517578125,0.154296875,0.0894775390625,-0.02294921875,-0.0150146484375,0.012237548828125,Y,2,2026-08-24_23-25-27,2026-08-25
0.0,0.9444779722389861,0.9346846846846847,1.0,0.0,1.0,1.0,1.0,1.0,1.0,0.0,0.5283203125,0.1561279296875,0.085205078125,-0.02264404296875,-0.01953125,0.007293701171875,Y,2,2026-08-24_23-25-27,2026-08-25
0.0,0.9456849728424864,0.9279279279279279,1.0,0.025477707006369428,1.0,1.0,1.0,1.0,1.0,0.0,0.525146484375,0.1578369140625,0.0853271484375,-0.01873779296875,-0.0140380859375,0.00469970703125,Y,2,2026-08-24_23-25-27,2026-08-25
0.0,0.9456849728424864,0.9481981981981982,1.0,0.0,1.0,1.0,1.0,1.0,1.0,0.0,0.5321044921875,0.1666259765625,0.087646484375,-0.010955810546875,-0.013671875,0.009246826171875,Y,2,2026-08-24_23-25-27,2026-08-25
0.0,0.9384429692214846,0.9481981981981982,1.0,0.0,1.0,1.0,1.0,1.0,1.0,0.0,0.5235595703125,0.15673828125,0.0853271484375,-0.009429931640625,-0.012237548828125,0.008209228515625,Y,2,2026-08-24_23-25-27,2026-08-25
0.0,0.9420639710319855,0.9436936936936937,1.0,0.0,1.0,1.0,1.0,1.0,1.0,0.0,0.5240478515625,0.1536865234375,0.08251953125,-0.0064697265625,-0.016326904296875,0.00360107421875,Y,2,2026-08-24_23-25-27,2026-08-25
0.0,0.9287869643934822,0.9279279279279279,1.0,0.0,1.0,1.0,1.0,1.0,1.0,0.0,0.529296875,0.1602783203125,0.0771484375,-0.00848388671875,-0.01214599609375,0.002777099609375,Y,2,2026-08-24_23-25-27,2026-08-25
0.0,0.9372359686179843,0.9414414414414415,1.0,0.03821656050955414,1.0,1.0,1.0,1.0,1.0,0.0,0.53662109375,0.1612548828125,0.0830078125,-0.011444091796875,-0.0107421875,0.00079345703125,Y,2,2026-08-24_23-25-27,2026-08-25
0.0,0.9408569704284853,0.9279279279279279,1.0,0.0,1.0,1.0,1.0,1.0,1.0,0.0,0.5362548828125,0.1578369140625,0.0938720703125,-0.022918701171875,-0.00860595703125,0.003082275390625,Y,2,2026-08-24_23-25-27,2026-08-25
0.0,0.9408569704284853,0.9391891891891891,1.0,0.0,1.0,1.0,1.0,1.0,1.0,0.0,0.531982421875,0.1680908203125,0.0869140625,-0.01654052734375,-0.016510009765625,0.003570556640625,Y,2,2026-08-24_23-25-27,2026-08-25
0.0,0.9396499698249849,0.9324324324324325,1.0,0.0,1.0,1.0,1.0,1.0,1.0,0.0,0.5294189453125,0.1639404296875,0.0787353515625,-0.014190673828125,-0.015960693359375,0.0068359375,Y,2,2026-08-24_23-25-27,2026-08-25
0.0,0.9420639710319855,0.954954954954955,1.0,0.0,1.0,1.0,1.0,1.0,1.0,0.0,0.5179443359375,0.1607666015625,0.0723876953125,-0.01055908203125,-0.010101318359375,0.00567626953125,Y,2,2026-08-24_23-25-27,2026-08-25
0.0,0.9408569704284853,0.9459459459459459,1.0,0.0,1.0,1.0,1.0,1.0,1.0,0.0,0.5263671875,0.1591796875,0.0733642578125,-0.009613037109375,0.001556396484375,0.00103759765625,Y,2,2026-08-24_23-25-27,2026-08-25
0.0,0.9299939649969825,0.9279279279279279,1.0,0.0,1.0,1.0,1.0,1.0,1.0,0.0,0.531982421875,0.1651611328125,0.086181640625,-0.009307861328125,-0.00543212890625,0.003173828125,Y,2,2026-08-24_23-25-27,2026-08-25
0.0,0.9384429692214846,0.9369369369369369,1.0,0.0,1.0,1.0,1.0,1.0,1.0,0.0,0.52783203125,0.16650390625,0.0821533203125,-0.00323486328125,-0.0130615234375,0.0111083984375,Y,2,2026-08-24_23-25-27,2026-08-25
0.0,0.9480989740494871,0.9346846846846847,1.0,0.0,1.0,1.0,1.0,1.0,1.0,0.0,0.529541015625,0.1551513671875,0.076416015625,-0.00213623046875,-0.003204345703125,0.0086669921875,Y,2,2026-08-24_23-25-27,2026-08-25
0.0,0.936028968014484,0.9459459459459459,1.0,0.0,1.0,1.0,1.0,1.0,1.0,0.0,0.5279541015625,0.158447265625,0.07958984375,-0.009033203125,0.006134033203125,0.0008544921875,Y,2,2026-08-24_23-25-27,2026-08-25
0.0,0.9384429692214846,0.9346846846846847,1.0,0.012738853503184714,1.0,1.0,1.0,1.0,1.0,0.0,0.5352783203125,0.1669921875,0.0860595703125,-0.0101318359375,0.00048828125,0.0008544921875,Y,2,2026-08-24_23-25-27,2026-08-25
0.0,0.9420639710319855,0.9459459459459459,1.0,0.03821656050955414,1.0,1.0,1.0,1.0,1.0,0.0,0.5308837890625,0.1627197265625,0.0802001953125,-0.010406494140625,6.103515625e-05,0.00323486328125,Y,2,2026-08-24_23-25-27,2026-08-25
0.0,0.9420639710319855,0.9391891891891891,1.0,0.0,1.0,1.0,1.0,1.0,1.0,0.0,0.52978515625,0.169189453125,0.0889892578125,-0.003936767578125,-0.005950927734375,0.004425048828125,Y,2,2026-08-24_23-25-27,2026-08-25
0.0,0.9336149668074833,0.9414414414414415,1.0,0.0,1.0,1.0,1.0,1.0,1.0,0.0,0.5323486328125,0.1632080078125,0.0806884765625,0.00244140625,-0.003753662109375,0.006256103515625,Y,2,2026-08-24_23-25-27,2026-08-25
0.0,0.9348219674109837,0.9211711711711712,1.0,0.0,1.0,1.0,1.0,1.0,1.0,0.0,0.5235595703125,0.15771484375,0.0848388671875,0.004180908203125,-0.00372314453125,0.00274658203125,Y,2,2026-08-24_23-25-27,2026-08-25
0.0,0.9529269764634882,0.954954954954955,1.0,0.0,1.0,1.0,1.0,1.0,1.0,0.0,0.5308837890625,0.1689453125,0.0875244140625,-0.0029296875,-0.001739501953125,0.00384521484375,Y,2,2026-08-24_23-25-27,2026-08-25
0.0,0.9396499698249849,0.9211711711711712,1.0,0.0,1.0,1.0,1.0,1.0,1.0,0.0,0.523681640625,0.1622314453125,0.0880126953125,-0.01171875,0.0050048828125,0.004241943359375,Y,2,2026-08-24_23-25-27,2026-08-25
0.0,0.9444779722389861,0.9459459459459459,1.0,0.0,1.0,1.0,1.0,1.0,1.0,0.0,0.5299072265625,0.1661376953125,0.0926513671875,-0.016265869140625,0.001556396484375,0.002777099609375,Y,2,2026-08-24_23-25-27,2026-08-25
0.0,0.9420639710319855,0.9436936936936937,1.0,0.012738853503184714,1.0,1.0,1.0,1.0,1.0,0.0,0.534423828125,0.16552734375,0.0872802734375,-0.018768310546875,0.000823974609375,0.005828857421875,Y,2,2026-08-24_23-25-27,2026-08-25
0.0,0.9396499698249849,0.9459459459459459,1.0,0.0,1.0,1.0,1.0,1.0,1.0,0.0,0.5311279296875,0.16357421875,0.0869140625,-0.0147705078125,-0.00897216796875,0.005859375,Y,2,2026-08-24_23-25-27,2026-08-25
0.0,0.9348219674109837,0.9279279279279279,1.0,0.0,1.0,1.0,1.0,1.0,1.0,0.0,0.5308837890625,0.162109375,0.08837890625,-0.01953125,-0.006591796875,0.002899169921875,Y,2,2026-08-24_23-25-27,2026-08-25
0.0,0.9444779722389861,0.9346846846846847,1.0,0.012738853503184714,1.0,1.0,1.0,1.0,1.0,0.0,0.529541015625,0.166259765625,0.08984375,-0.012786865234375,-0.00897216796875,0.003265380859375,Y,2,2026-08-24_23-25-27,2026-08-25
0.0,0.936028968014484,0.9932432432432432,1.0,0.0,1.0,1.0,1.0,1.0,1.0,0.0,0.524658203125,0.1649169921875,0.050048828125,0.02691650390625,0.015777587890625,-0.0059814453125,Y,3,2026-08-24_23-25-27,2026-08-25
0.0,0.975859987929994,0.9977477477477478,1.0,0.012738853503184714,1.0,1.0,1.0,1.0,1.0,0.0,0.5311279296875,0.1737060546875,0.0697021484375,0.00469970703125,0.010345458984375,-0.008544921875,Y,3,2026-08-24_23-25-27,2026-08-25
0.0,1.0,0.9819819819819819,1.0,0.0,1.0,1.0,1.0,1.0,1.0,0.0,0.5335693359375,0.1878662109375,0.078369140625,-0.0032958984375,-0.002716064453125,-0.0010986328125,Y,3,2026-08-24_23-25-27,2026-08-25
0.0,0.9806879903439951,0.9774774774774775,1.0,0.0,1.0,1.0,1.0,1.0,1.0,0.0,0.529296875,0.1802978515625,0.0753173828125,-0.01947021484375,-0.0052490234375,0.0096435546875,Y,3,2026-08-24_23-25-27,2026-08-25
0.0,0.9794809897404949,0.9752252252252253,1.0,0.0,1.0,1.0,1.0,1.0,1.0,0.0,0.5211181640625,0.1763916015625,0.06689453125,-0.02886962890625,0.005279541015625,0.009307861328125,Y,3,2026-08-24_23-25-27,2026-08-25
0.0,0.9782739891369946,0.9819819819819819,1.0,0.0,1.0,1.0,1.0,1.0,1.0,0.0,0.5189208984375,0.17626953125,0.0748291015625,-0.0318603515625,0.01910400390625,0.00347900390625,Y,3,2026-08-24_23-25-27,2026-08-25
0.0,0.9420639710319855,0.9774774774774775,1.0,0.0,1.0,1.0,1.0,1.0,1.0,0.0,0.5257568359375,0.1884765625,0.088134765625,-0.028961181640625,0.014678955078125,0.004974365234375,Y,3,2026-08-24_23-25-27,2026-08-25
0.0,0.9625829812914907,0.9864864864864865,1.0,0.0,1.0,1.0,1.0,1.0,1.0,0.0,0.5269775390625,0.186279296875,0.093017578125,-0.01458740234375,-0.001190185546875,0.0115966796875,Y,3,2026-08-24_23-25-27,2026-08-25
0.0,0.9625829812914907,0.9752252252252253,1.0,0.0,1.0,1.0,1.0,1.0,1.0,0.0,0.527587890625,0.1766357421875,0.0927734375,-0.016021728515625,-0.00360107421875,0.015228271484375,Y,3,2026-08-24_23-25-27,2026-08-25
0.0,0.963789981894991,0.9954954954954955,1.0,0.0,1.0,1.0,1.0,1.0,1.0,0.0,0.516845703125,0.16943359375,0.081298828125,-0.019195556640625,0.000244140625,0.0103759765625,Y,3,2026-08-24_23-25-27,2026-08-25
0.0,0.9674109837054918,0.9774774774774775,1.0,0.0,1.0,1.0,1.0,1.0,1.0,0.0,0.529541015625,0.173583984375,0.0855712890625,-0.0263671875,0.004638671875,0.00238037109375,Y,3,2026-08-24_23-25-27,2026-08-25
0.0,0.9553409776704889,0.9797297297297297,1.0,0.0,1.0,1.0,1.0,1.0,1.0,0.0,0.5277099609375,0.178466796875,0.09619140625,-0.028900146484375,-0.009063720703125,0.00518798828125,Y,3,2026-08-24_23-25-27,2026-08-25
0.0,0.9613759806879904,1.0,1.0,0.03821656050955414,1.0,1.0,1.0,1.0,1.0,0.0,0.5240478515625,0.17431640625,0.08837890625,-0.02288818359375,-0.018646240234375,0.007659912109375,Y,3,2026-08-24_23-25-27,2026-08-25
0.0,0.9613759806879904,0.9797297297297297,1.0,0.0,1.0,1.0,1.0,1.0,1.0,0.0,0.5223388671875,0.174072265625,0.079833984375,-0.0159912109375,-0.013031005859375,0.00225830078125,Y,3,2026-08-24_23-25-27,2026-08-25
0.0,0.9589619794809897,0.9752252252252253,1.0,0.0,1.0,1.0,1.0,1.0,1.0,0.0,0.5250244140625,0.179443359375,0.080078125,-0.0113525390625,-0.01385498046875,0.00299072265625,Y,3,2026-08-24_23-25-27,2026-08-25
0.0,0.9613759806879904,0.9842342342342343,1.0,0.0,1.0,1.0,1.0,1.0,1.0,0.0,0.5264892578125,0.176513671875,0.0859375,-0.00384521484375,-0.020599365234375,0.003814697265625,Y,3,2026-08-24_23-25-27,2026-08-25
0.0,0.9420639710319855,0.972972972972973,1.0,0.012738853503184714,1.0,1.0,1.0,1.0,1.0,0.0,0.52197265625,0.169677734375,0.0703125,-0.014129638671875,-0.012481689453125,0.005950927734375,Y,3,2026-08-24_23-25-27,2026-08-25
0.0,0.9444779722389861,0.9707207207207207,1.0,0.0,1.0,1.0,1.0,1.0,1.0,0.0,0.523193359375,0.180419921875,0.070068359375,-0.021148681640625,-0.00115966796875,0.004180908203125,Y,3,2026-08-24_23-25-27,2026-08-25
0.0,0.9493059746529873,0.9932432432432432,1.0,0.0,1.0,1.0,1.0,1.0,1.0,0.0,0.5299072265625,0.1773681640625,0.0736083984375,-0.025299072265625,0.0028076171875,0.0062255859375,Y,3,2026-08-24_23-25-27,2026-08-25
0.010495837857401375,0.9553409776704889,0.9752252252252253,1.0,0.0,1.0,1.0,1.0,1.0,1.0,0.0,0.53076171875,0.177001953125,0.08349609375,-0.025909423828125,-0.013885498046875,0.008544921875,Y,3,2026-08-24_23-25-27,2026-08-25
0.0003619254433586681,0.9432709716354858,1.0,1.0,0.0,1.0,1.0,1.0,1.0,1.0,0.0,0.523193359375,0.1746826171875,0.0806884765625,-0.00689697265625,-0.02685546875,0.01080322265625,Y,3,2026-08-24_23-25-27,2026-08-25
0.0054288816503800215,0.9444779722389861,0.9842342342342343,1.0,0.0,1.0,1.0,1.0,1.0,1.0,0.0,0.512451171875,0.1658935546875,0.065673828125,0.003082275390625,-0.021026611328125,0.005859375,Y,3,2026-08-24_23-25-27,2026-08-25
0.006152732537097358,0.9565479782739892,0.9774774774774775,1.0,0.0,1.0,1.0,1.0,1.0,1.0,0.0,0.5216064453125,0.17236328125,0.0643310546875,-0.005462646484375,0.003387451171875,-0.00152587890625,Y,3,2026-08-24_23-25-27,2026-08-25
0.0,0.9589619794809897,0.9977477477477478,1.0,0.0,1.0,1.0,1.0,1.0,1.0,0.0,0.53173828125,0.177001953125,0.0843505859375,-0.01141357421875,0.0003662109375,0.001953125,Y,3,2026-08-24_23-25-27,2026-08-25
0.0054288816503800215,0.9493059746529873,0.9887387387387387,1.0,0.0,1.0,1.0,1.0,1.0,1.0,0.0,0.529541015625,0.172607421875,0.081298828125,-0.024810791015625,-0.011199951171875,0.008087158203125,Y,3,2026-08-24_23-25-27,2026-08-25
0.003257328990228013,0.9505129752564876,0.990990990990991,1.0,0.0,1.0,1.0,1.0,1.0,1.0,0.0,0.5194091796875,0.1793212890625,0.0777587890625,-0.01727294921875,-0.0108642578125,0.008636474609375,Y,3,2026-08-24_23-25-27,2026-08-25
0.00760043431053203,0.9456849728424864,0.9774774774774775,1.0,0.0,1.0,1.0,1.0,1.0,1.0,0.0,0.5240478515625,0.17138671875,0.070556640625,-0.0123291015625,0.00079345703125,0.004119873046875,Y,3,2026-08-24_23-25-27,2026-08-25
0.00760043431053203,0.9420639710319855,0.9932432432432432,1.0,0.0,1.0,1.0,1.0,1.0,1.0,0.0,0.5321044921875,0.1800537109375,0.0860595703125,-0.011962890625,0.0001220703125,0.002593994140625,Y,3,2026-08-24_23-25-27,2026-08-25
0.010495837857401375,0.9529269764634882,0.9572072072072072,1.0,0.14012738853503184,1.0,1.0,1.0,1.0,1.0,0.0,0.531005859375,0.182373046875,0.0833740234375,-0.008209228515625,-0.005279541015625,0.003448486328125,Y,3,2026-08-24_23-25-27,2026-08-25
0.01918204849800941,0.9577549788774894,0.9932432432432432,1.0,0.0,1.0,1.0,1.0,1.0,1.0,0.0,0.52294921875,0.1741943359375,0.0849609375,-0.0101318359375,-0.008819580078125,0.00384521484375,Y,3,2026-08-24_23-25-27,2026-08-25
0.022077452044878754,0.9468919734459867,0.9977477477477478,1.0,0.0,1.0,1.0,1.0,1.0,1.0,0.0,0.5223388671875,0.17333984375,0.07373046875,-0.0072021484375,-0.01171875,0.006072998046875,Y,3,2026-08-24_23-25-27,2026-08-25
0.0329352153456388,0.9456849728424864,0.9887387387387387,1.0,0.0,1.0,1.0,1.0,1.0,1.0,0.0,0.5201416015625,0.1739501953125,0.0596923828125,-0.014862060546875,0.001983642578125,0.006011962890625,Y,3,2026-08-24_23-25-27,2026-08-25
0.0329352153456388,0.9505129752564876,1.0,1.0,0.0,1.0,1.0,1.0,1.0,1.0,0.0,0.5283203125,0.1749267578125,0.0667724609375,-0.0257568359375,0.005767822265625,0.00537109375,Y,3,2026-08-24_23-25-27,2026-08-25
0.04596453130655085,0.9553409776704889,0.9774774774774775,1.0,0.0,1.0,1.0,1.0,1.0,1.0,0.0,0.530029296875,0.1783447265625,0.0850830078125,-0.031036376953125,-0.014190673828125,0.0086669921875,Y,3,2026-08-24_23-25-27,2026-08-25
0.030039811798769453,0.9517199758599879,0.9864864864864865,1.0,0.0,1.0,1.0,1.0,1.0,1.0,0.0,0.5220947265625,0.1766357421875,0.0780029296875,-0.025848388671875,-0.018341064453125,0.010009765625,Y,3,2026-08-24_23-25-27,2026-08-25
0.038002171552660155,0.9456849728424864,0.9752252252252253,1.0,0.0,1.0,1.0,1.0,1.0,1.0,0.0,0.5235595703125,0.17041015625,0.075439453125,-0.019775390625,-0.0101318359375,0.004852294921875,Y,3,2026-08-24_23-25-27,2026-08-25
0.033659066232356136,0.9432709716354858,0.9662162162162162,1.0,0.0,1.0,1.0,1.0,1.0,1.0,0.0,0.528564453125,0.177001953125,0.0787353515625,-0.021148681640625,0.000274658203125,0.000396728515625,Y,3,2026-08-24_23-25-27,2026-08-25
0.03438291711907347,0.9529269764634882,0.9797297297297297,1.0,0.0,1.0,1.0,1.0,1.0,1.0,0.0,0.52783203125,0.1744384765625,0.0875244140625,-0.020538330078125,-0.003173828125,0.002777099609375,Y,3,2026-08-24_23-25-27,2026-08-25
0.03727832066594282,0.9493059746529873,0.9774774774774775,1.0,0.0,1.0,1.0,1.0,1.0,1.0,0.0,0.5264892578125,0.1705322265625,0.0943603515625,-0.0225830078125,-0.017791748046875,0.005615234375,Y,3,2026-08-24_23-25-27,2026-08-25
0.033659066232356136,0.9553409776704889,0.972972972972973,1.0,0.0,1.0,1.0,1.0,1.0,1.0,0.0,0.5184326171875,0.17431640625,0.0716552734375,-0.024169921875,-0.012420654296875,0.006927490234375,Y,3,2026-08-24_23-25-27,2026-08-25
0.0,0.9432709716354858,0.7725225225225225,1.0,0.0,1.0,1.0,1.0,1.0,1.0,0.0,0.51220703125,0.1856689453125,0.095458984375,-0.00811767578125,0.011444091796875,0.0045166015625,Y,4,2026-08-24_23-25-27,2026-08-25
0.0,0.9420639710319855,0.7635135135135135,1.0,0.012738853503184714,1.0,1.0,1.0,1.0,1.0,0.0,0.529052734375,0.189453125,0.1121826171875,-0.011260986328125,-0.003173828125,0.00457763671875,Y,4,2026-08-24_23-25-27,2026-08-25
0.0,0.9420639710319855,0.7567567567567568,1.0,0.050955414012738856,1.0,1.0,1.0,1.0,1.0,0.0,0.5113525390625,0.1868896484375,0.10400390625,-0.015869140625,-0.009033203125,0.01116943359375,Y,4,2026-08-24_23-25-27,2026-08-25
0.0,0.9420639710319855,0.7702702702702703,1.0,0.14012738853503184,1.0,1.0,1.0,1.0,1.0,0.0,0.5028076171875,0.184814453125,0.0989990234375,0.010833740234375,-0.0010986328125,0.00640869140625,Y,4,2026-08-24_23-25-27,2026-08-25
0.0,0.9432709716354858,0.7635135135135135,1.0,0.050955414012738856,1.0,1.0,1.0,1.0,1.0,0.0,0.50537109375,0.174560546875,0.0819091796875,0.011474609375,0.0306396484375,-0.0062255859375,Y,4,2026-08-24_23-25-27,2026-08-25
0.0,0.9493059746529873,0.7837837837837838,1.0,0.050955414012738856,1.0,1.0,1.0,1.0,1.0,0.0,0.5230712890625,0.1741943359375,0.1029052734375,-0.00445556640625,0.018341064453125,-0.016265869140625,Y,4,2026-08-24_23-25-27,2026-08-25
0.0,0.9420639710319855,0.759009009009009,1.0,0.012738853503184714,1.0,1.0,1.0,1.0,1.0,0.0,0.5172119140625,0.204345703125,0.1097412109375,-0.002685546875,0.018280029296875,-0.00213623046875,Y,4,2026-08-24_23-25-27,2026-08-25
0.0,0.9468919734459867,0.777027027027027,1.0,0.0,1.0,1.0,1.0,1.0,1.0,0.0,0.5191650390625,0.198974609375,0.1160888671875,0.0020751953125,0.0,0.008819580078125,Y,4,2026-08-24_23-25-27,2026-08-25
0.0,1.0,0.7635135135135135,1.0,0.0,1.0,1.0,1.0,1.0,1.0,0.0,0.5084228515625,0.18359375,0.1033935546875,0.003570556640625,-0.006744384765625,0.00909423828125,Y,4,2026-08-24_23-25-27,2026-08-25
0.0,0.9541339770669885,0.7612612612612613,1.0,0.012738853503184714,1.0,1.0,1.0,1.0,1.0,0.0,0.5137939453125,0.183837890625,0.133056640625,-0.003265380859375,0.015380859375,-0.001495361328125,Y,4,2026-08-24_23-25-27,2026-08-25
0.0,0.9541339770669885,0.7612612612612613,1.0,0.0,1.0,1.0,1.0,1.0,1.0,0.0,0.5147705078125,0.2042236328125,0.122802734375,0.0029296875,0.01434326171875,0.00372314453125,Y,4,2026-08-24_23-25-27,2026-08-25
0.0,0.9493059746529873,0.7612612612612613,1.0,0.03821656050955414,1.0,1.0,1.0,1.0,1.0,0.0,0.5216064453125,0.1898193359375,0.11767578125,0.002288818359375,0.007537841796875,0.010406494140625,Y,4,2026-08-24_23-25-27,2026-08-25
0.0,1.0,0.7680180180180181,1.0,0.0,1.0,1.0,1.0,1.0,1.0,0.0,0.513916015625,0.1905517578125,0.1168212890625,-0.01263427734375,-0.01068115234375,0.006439208984375,Y,4,2026-08-24_23-25-27,2026-08-25
0.0,0.9770669885334943,0.7725225225225225,1.0,0.050955414012738856,1.0,1.0,1.0,1.0,1.0,0.0,0.511474609375,0.2021484375,0.1085205078125,-0.0123291015625,-0.009796142578125,0.009246826171875,Y,4,2026-08-24_23-25-27,2026-08-25
0.0,0.9843089921544961,0.7680180180180181,1.0,0.012738853503184714,1.0,1.0,1.0,1.0,1.0,0.0,0.5125732421875,0.1898193359375,0.1072998046875,-0.018341064453125,-0.002716064453125,0.011505126953125,Y,4,2026-08-24_23-25-27,2026-08-25
0.0,0.9746529873264936,0.7815315315315315,1.0,0.012738853503184714,1.0,1.0,1.0,1.0,1.0,0.0,0.521728515625,0.1973876953125,0.1212158203125,-0.028167724609375,-0.00738525390625,0.01220703125,Y,4,2026-08-24_23-25-27,2026-08-25
0.0,0.9806879903439951,0.786036036036036,1.0,0.025477707006369428,1.0,1.0,1.0,1.0,1.0,0.0,0.5179443359375,0.19873046875,0.116455078125,-0.023681640625,-0.02001953125,0.017913818359375,Y,4,2026-08-24_23-25-27,2026-08-25
0.0,0.9843089921544961,0.7792792792792793,1.0,0.025477707006369428,1.0,1.0,1.0,1.0,1.0,0.0,0.51611328125,0.1885986328125,0.1217041015625,-0.01214599609375,-0.033905029296875,0.017364501953125,Y,4,2026-08-24_23-25-27,2026-08-25
0.0,0.9649969824984912,0.7635135135135135,1.0,0.025477707006369428,1.0,1.0,1.0,1.0,1.0,0.0,0.503662109375,0.18115234375,0.1016845703125,-0.01190185546875,-0.028900146484375,0.015777587890625,Y,4,2026-08-24_23-25-27,2026-08-25
0.0,0.9686179843089922,0.7612612612612613,1.0,0.025477707006369428,1.0,1.0,1.0,1.0,1.0,0.0,0.508544921875,0.1898193359375,0.0968017578125,-0.001220703125,-0.016448974609375,0.012847900390625,Y,4,2026-08-24_23-25-27,2026-08-25
0.0,0.9722389861194931,0.7905405405405406,1.0,0.0,1.0,1.0,1.0,1.0,1.0,0.0,0.5145263671875,0.178466796875,0.0955810546875,-0.013946533203125,0.002532958984375,0.012908935546875,Y,4,2026-08-24_23-25-27,2026-08-25
0.0,0.9613759806879904,0.7612612612612613,1.0,0.06369426751592357,1.0,1.0,1.0,1.0,1.0,0.0,0.529052734375,0.1673583984375,0.10791015625,-0.01580810546875,-0.00244140625,0.007171630859375,Y,4,2026-08-24_23-25-27,2026-08-25
0.0,0.9698249849124925,0.777027027027027,1.0,0.06369426751592357,1.0,1.0,1.0,1.0,1.0,0.0,0.5167236328125,0.1737060546875,0.111083984375,-0.021087646484375,-0.029754638671875,0.006500244140625,Y,4,2026-08-24_23-25-27,2026-08-25
0.0,0.9710319855159928,0.7612612612612613,1.0,0.025477707006369428,1.0,1.0,1.0,1.0,1.0,0.0,0.515869140625,0.18310546875,0.101318359375,-0.005462646484375,-0.024993896484375,0.00537109375,Y,4,2026-08-24_23-25-27,2026-08-25
0.0,0.9734459867229933,0.759009009009009,1.0,0.050955414012738856,1.0,1.0,1.0,1.0,1.0,0.0,0.50732421875,0.1761474609375,0.0911865234375,-0.004364013671875,0.001129150390625,-0.00054931640625,Y,4,2026-08-24_23-25-27,2026-08-25
0.0,1.0,0.7680180180180181,1.0,0.050955414012738856,1.0,1.0,1.0,1.0,1.0,0.0,0.508056640625,0.185302734375,0.101318359375,-0.002655029296875,0.012664794921875,-0.008697509765625,Y,4,2026-08-24_23-25-27,2026-08-25
0.0,0.996378998189499,0.7545045045045045,1.0,0.06369426751592357,1.0,1.0,1.0,1.0,1.0,0.0,0.51953125,0.1900634765625,0.1131591796875,-0.009124755859375,0.0047607421875,-0.005615234375,Y,4,2026-08-24_23-25-27,2026-08-25
0.0,0.9987929993964997,0.7702702702702703,1.0,0.14012738853503184,1.0,1.0,1.0,1.0,1.0,0.0,0.5172119140625,0.1953125,0.1123046875,-0.011444091796875,-0.013946533203125,0.003875732421875,Y,4,2026-08-24_23-25-27,2026-08-25
0.0,1.0,0.7612612612612613,1.0,0.11464968152866242,1.0,1.0,1.0,1.0,1.0,0.0,0.51416015625,0.1929931640625,0.1064453125,-0.0108642578125,-0.0194091796875,0.009246826171875,Y,4,2026-08-24_23-25-27,2026-08-25
0.0,0.9915509957754979,0.777027027027027,1.0,0.06369426751592357,1.0,1.0,1.0,1.0,1.0,0.0,0.5147705078125,0.190673828125,0.10205078125,-0.012603759765625,-0.007080078125,0.0048828125,Y,4,2026-08-24_23-25-27,2026-08-25
0.0,1.0,0.786036036036036,1.0,0.07643312101910828,1.0,1.0,1.0,1.0,1.0,0.0,0.517578125,0.1875,0.1051025390625,-0.01483154296875,0.00372314453125,-0.00067138671875,Y,4,2026-08-24_23-25-27,2026-08-25
0.0,1.0,0.7657657657657657,1.0,0.03821656050955414,1.0,1.0,1.0,1.0,1.0,0.0,0.5213623046875,0.193115234375,0.1148681640625,-0.015380859375,-0.011016845703125,0.001556396484375,Y,4,2026-08-24_23-25-27,2026-08-25
0.0,1.0,0.7612612612612613,1.0,0.0,1.0,1.0,1.0,1.0,1.0,0.0,0.5147705078125,0.19384765625,0.1107177734375,-0.01055908203125,-0.018829345703125,0.00830078125,Y,4,2026-08-24_23-25-27,2026-08-25
0.0,1.0,0.7747747747747747,1.0,0.0,1.0,1.0,1.0,1.0,1.0,0.0,0.5126953125,0.1875,0.10595703125,-0.01019287109375,-0.012603759765625,0.0076904296875,Y,4,2026-08-24_23-25-27,2026-08-25
0.0,1.0,0.7612612612612613,1.0,0.025477707006369428,1.0,1.0,1.0,1.0,1.0,0.0,0.50830078125,0.1829833984375,0.1048583984375,-0.01177978515625,-0.010711669921875,0.0057373046875,Y,4,2026-08-24_23-25-27,2026-08-25
0.0,1.0,0.7612612612612613,1.0,0.0,1.0,1.0,1.0,1.0,1.0,0.0,0.51416015625,0.189453125,0.10205078125,-0.0107421875,-0.000701904296875,0.003753662109375,Y,4,2026-08-24_23-25-27,2026-08-25
0.0,1.0,0.7612612612612613,1.0,0.11464968152866242,1.0,1.0,1.0,1.0,1.0,0.0,0.5162353515625,0.189453125,0.107177734375,-0.007598876953125,-0.007293701171875,0.0042724609375,Y,4,2026-08-24_23-25-27,2026-08-25
0.0,1.0,0.7837837837837838,1.0,0.012738853503184714,1.0,1.0,1.0,1.0,1.0,0.0,0.5159912109375,0.1827392578125,0.0985107421875,-0.006866455078125,-0.013946533203125,0.005615234375,Y,4,2026-08-24_23-25-27,2026-08-25
0.0,1.0,0.7635135135135135,1.0,0.03821656050955414,1.0,1.0,1.0,1.0,1.0,0.0,0.5167236328125,0.185302734375,0.0982666015625,-0.009490966796875,-0.013580322265625,0.00286865234375,Y,4,2026-08-24_23-25-27,2026-08-25
0.0,1.0,0.7702702702702703,1.0,0.0,1.0,1.0,1.0,1.0,1.0,0.0,0.5152587890625,0.1900634765625,0.10107421875,-0.014923095703125,-0.00439453125,0.005828857421875,Y,4,2026-08-24_23-25-27,2026-08-25
0.9478827361563518,0.9118889559444779,0.9099099099099099,0.3655913978494624,0.9426751592356688,1.0,0.0,0.0,1.0,1.0,1.0,0.3931884765625,-0.1162109375,-0.3260498046875,-0.026458740234375,0.01690673828125,-0.01885986328125,Z,0,2026-08-24_23-25-27,2026-08-25
0.9594643503438292,0.9251659625829813,0.9279279279279279,0.46774193548387094,0.9426751592356688,1.0,0.0,0.0,1.0,1.0,1.0,0.3988037109375,-0.101318359375,-0.3194580078125,-0.037109375,0.008209228515625,-0.017669677734375,Z,0,2026-08-24_23-25-27,2026-08-25
0.9558450959102425,0.923958961979481,0.9031531531531531,0.46236559139784944,0.8152866242038217,1.0,0.0,0.0,1.0,1.0,1.0,0.403076171875,-0.08984375,-0.327880859375,-0.02490234375,-0.00018310546875,-0.00799560546875,Z,0,2026-08-24_23-25-27,2026-08-25
0.9601882012305465,0.9336149668074833,0.9301801801801802,0.46774193548387094,0.8152866242038217,1.0,0.0,0.0,1.0,1.0,1.0,0.400146484375,-0.0987548828125,-0.326171875,-0.0225830078125,-0.0089111328125,-0.002349853515625,Z,0,2026-08-24_23-25-27,2026-08-25
0.9551212450235251,0.923958961979481,0.9054054054054054,0.43010752688172044,0.8280254777070064,1.0,0.0,0.0,1.0,1.0,1.0,0.4056396484375,-0.10205078125,-0.3343505859375,-0.011566162109375,-0.02081298828125,-0.002685546875,Z,0,2026-08-24_23-25-27,2026-08-25
0.9551212450235251,0.9191309595654797,0.9144144144144144,0.3978494623655914,0.9044585987261147,1.0,0.0,0.0,1.0,1.0,1.0,0.4002685546875,-0.1043701171875,-0.3482666015625,-0.007537841796875,-0.0330810546875,-0.003021240234375,Z,0,2026-08-24_23-25-27,2026-08-25
0.9580166485703945,0.9396499698249849,0.9166666666666666,0.43010752688172044,0.9299363057324841,1.0,0.0,0.0,1.0,1.0,1.0,0.390869140625,-0.1158447265625,-0.3656005859375,-0.017730712890625,-0.024169921875,-0.00897216796875,Z,0,2026-08-24_23-25-27,2026-08-25
0.9630836047774158,0.9215449607724804,0.9144144144144144,0.40860215053763443,0.89171974522293,1.0,0.0,0.0,1.0,1.0,1.0,0.3912353515625,-0.1080322265625,-0.3668212890625,-0.0335693359375,-0.015472412109375,-0.009002685546875,Z,0,2026-08-24_23-25-27,2026-08-25
0.9551212450235251,0.9227519613759807,0.9099099099099099,0.44086021505376344,0.8407643312101911,1.0,0.0,0.0,1.0,1.0,1.0,0.387451171875,-0.101318359375,-0.3687744140625,-0.0350341796875,-0.010986328125,-0.0028076171875,Z,0,2026-08-24_23-25-27,2026-08-25
0.9587404994571118,0.9251659625829813,0.9031531531531531,0.3870967741935484,0.8152866242038217,1.0,0.0,0.0,1.0,1.0,1.0,0.39501953125,-0.11376953125,-0.35888671875,-0.03729248046875,-0.006805419921875,-0.008453369140625,Z,0,2026-08-24_23-25-27,2026-08-25
0.9601882012305465,0.923958961979481,0.9211711711711712,0.4032258064516129,0.89171974522293,1.0,0.0,0.0,1.0,1.0,1.0,0.392822265625,-0.10498046875,-0.360107421875,-0.035919189453125,-0.008514404296875,-0.01336669921875,Z,0,2026-08-24_23-25-27,2026-08-25
0.9630836047774158,0.9384429692214846,0.9166666666666666,0.43010752688172044,0.8152866242038217,1.0,0.0,0.0,1.0,1.0,1.0,0.3946533203125,-0.098876953125,-0.357666015625,-0.0186767578125,-0.006500244140625,-0.011322021484375,Z,0,2026-08-24_23-25-27,2026-08-25
0.9500542888165038,0.9191309595654797,0.9099099099099099,0.40860215053763443,0.8789808917197452,1.0,0.0,0.0,1.0,1.0,1.0,0.4046630859375,-0.1063232421875,-0.3641357421875,-0.0220947265625,-0.007415771484375,-0.01123046875,Z,0,2026-08-24_23-25-27,2026-08-25
0.9551212450235251,0.923958961979481,0.9054054054054054,0.4032258064516129,0.8152866242038217,1.0,0.0,0.0,1.0,1.0,1.0,0.395263671875,-0.099853515625,-0.3614501953125,-0.02569580078125,-0.004974365234375,-0.01068115234375,Z,0,2026-08-24_23-25-27,2026-08-25
0.9572927976836771,0.9312009656004828,0.9166666666666666,0.4032258064516129,0.7898089171974523,1.0,0.0,0.0,1.0,1.0,1.0,0.3963623046875,-0.100830078125,-0.360107421875,-0.029296875,0.00421142578125,-0.00469970703125,Z,0,2026-08-24_23-25-27,2026-08-25
0.9594643503438292,0.9312009656004828,0.9121621621621622,0.3924731182795699,0.8152866242038217,1.0,0.0,0.0,1.0,1.0,1.0,0.4078369140625,-0.1051025390625,-0.3485107421875,-0.03204345703125,0.0052490234375,0.003753662109375,Z,0,2026-08-24_23-25-27,2026-08-25
0.9558450959102425,0.923958961979481,0.9121621621621622,0.41397849462365593,0.9554140127388535,1.0,0.0,0.0,1.0,1.0,1.0,0.4085693359375,-0.1175537109375,-0.343017578125,-0.02783203125,-0.002349853515625,0.001373291015625,Z,0,2026-08-24_23-25-27,2026-08-25
0.9601882012305465,0.9287869643934822,0.9459459459459459,0.45698924731182794,0.8535031847133758,1.0,0.0,0.0,1.0,1.0,1.0,0.400146484375,-0.1217041015625,-0.3377685546875,-0.026092529296875,-0.00738525390625,-0.01129150390625,Z,0,2026-08-24_23-25-27,2026-08-25
0.9551212450235251,0.9263729631864815,0.9369369369369369,0.41397849462365593,0.8662420382165605,1.0,0.0,0.0,1.0,1.0,1.0,0.3912353515625,-0.112060546875,-0.339599609375,-0.026397705078125,-0.006134033203125,-0.016998291015625,Z,0,2026-08-24_23-25-27,2026-08-25
0.9572927976836771,0.9251659625829813,0.9144144144144144,0.41935483870967744,0.9554140127388535,1.0,0.0,0.0,1.0,1.0,1.0,0.3892822265625,-0.113037109375,-0.341064453125,-0.03643798828125,-0.00927734375,-0.0142822265625,Z,0,2026-08-24_23-25-27,2026-08-25
0.9594643503438292,0.9167169583584792,0.9369369369369369,0.3870967741935484,0.802547770700637,1.0,0.0,0.0,1.0,1.0,1.0,0.392822265625,-0.1126708984375,-0.3492431640625,-0.050384521484375,-0.00616455078125,-0.011444091796875,Z,0,2026-08-24_23-25-27,2026-08-25
0.9645313065508505,0.9384429692214846,0.9369369369369369,0.45161290322580644,0.9426751592356688,1.0,0.0,0.0,1.0,1.0,1.0,0.4022216796875,-0.100830078125,-0.3447265625,-0.057281494140625,-0.00665283203125,-0.01171875,Z,0,2026-08-24_23-25-27,2026-08-25
0.9500542888165038,0.9130959565479783,0.9099099099099099,0.3709677419354839,0.8152866242038217,1.0,0.0,0.0,1.0,1.0,1.0,0.3978271484375,-0.0859375,-0.3458251953125,-0.04254150390625,-0.012115478515625,-0.00970458984375,Z,0,2026-08-24_23-25-27,2026-08-25
0.9580166485703945,0.9227519613759807,0.9301801801801802,0.3870967741935484,0.8662420382165605,1.0,0.0,0.0,1.0,1.0,1.0,0.4005126953125,-0.0931396484375,-0.347900390625,-0.022308349609375,-0.01409912109375,-0.01593017578125,Z,0,2026-08-24_23-25-27,2026-08-25
0.9558450959102425,0.923958961979481,0.9054054054054054,0.3655913978494624,1.0,1.0,0.0,0.0,1.0,1.0,1.0,0.389404296875,-0.0821533203125,-0.35693359375,-0.0189208984375,-0.01177978515625,-0.01617431640625,Z,0,2026-08-24_23-25-27,2026-08-25
0.9486065870430691,0.923958961979481,0.9054054054054054,0.3709677419354839,0.9681528662420382,1.0,0.0,0.0,1.0,1.0,1.0,0.3905029296875,-0.0828857421875,-0.3648681640625,-0.018463134765625,-0.005767822265625,-0.00750732421875,Z,0,2026-08-24_23-25-27,2026-08-25
0.9551212450235251,0.9215449607724804,0.9099099099099099,0.41935483870967744,0.9426751592356688,1.0,0.0,0.0,1.0,1.0,1.0,0.3909912109375,-0.0875244140625,-0.36279296875,-0.022125244140625,-0.0054931640625,0.00146484375,Z,0,2026-08-24_23-25-27,2026-08-25
0.9601882012305465,0.9263729631864815,0.9436936936936937,0.4032258064516129,0.8535031847133758,1.0,0.0,0.0,1.0,1.0,1.0,0.3970947265625,-0.100341796875,-0.3590087890625,-0.024505615234375,-0.00775146484375,0.000640869140625,Z,0,2026-08-24_23-25-27,2026-08-25
0.9515019905899385,0.9287869643934822,0.9301801801801802,0.41935483870967744,0.8662420382165605,1.0,0.0,0.0,1.0,1.0,1.0,0.4029541015625,-0.0909423828125,-0.352783203125,-0.020843505859375,-0.007537841796875,-0.002288818359375,Z,0,2026-08-24_23-25-27,2026-08-25
0.9580166485703945,0.9215449607724804,0.9211711711711712,0.34946236559139787,0.9426751592356688,1.0,0.0,0.0,1.0,1.0,1.0,0.404541015625,-0.0850830078125,-0.3553466796875,-0.0042724609375,-0.003173828125,-0.001007080078125,Z,0,2026-08-24_23-25-27,2026-08-25
0.9522258414766558,0.9118889559444779,0.8851351351351351,0.3763440860215054,0.9044585987261147,1.0,0.0,0.0,1.0,1.0,1.0,0.4080810546875,-0.0936279296875,-0.3563232421875,-0.00115966796875,-0.003143310546875,-0.00054931640625,Z,0,2026-08-24_23-25-27,2026-08-25
0.9601882012305465,0.9299939649969825,0.9211711711711712,0.41397849462365593,0.9299363057324841,1.0,0.0,0.0,1.0,1.0,1.0,0.4071044921875,-0.0992431640625,-0.3609619140625,-0.0211181640625,-0.0086669921875,0.001129150390625,Z,0,2026-08-24_23-25-27,2026-08-25
0.9587404994571118,0.9287869643934822,0.9324324324324325,0.3655913978494624,0.9426751592356688,1.0,0.0,0.0,1.0,1.0,1.0,0.39892578125,-0.096923828125,-0.3536376953125,-0.027313232421875,-0.01068115234375,0.00091552734375,Z,0,2026-08-24_23-25-27,2026-08-25
0.9572927976836771,0.9336149668074833,0.918918918918919,0.41935483870967744,0.9936305732484076,1.0,0.0,0.0,1.0,1.0,1.0,0.4013671875,-0.1002197265625,-0.34619140625,-0.036895751953125,-0.010101318359375,-0.00018310546875,Z,0,2026-08-24_23-25-27,2026-08-25
0.9601882012305465,0.923958961979481,0.8941441441441441,0.3924731182795699,0.9299363057324841,1.0,0.0,0.0,1.0,1.0,1.0,0.394287109375,-0.0931396484375,-0.3529052734375,-0.029266357421875,-0.008148193359375,-0.000823974609375,Z,0,2026-08-24_23-25-27,2026-08-25
0.9638074556641332,0.9396499698249849,0.9234234234234234,0.45698924731182794,0.89171974522293,1.0,0.0,0.0,1.0,1.0,1.0,0.39501953125,-0.0955810546875,-0.3602294921875,-0.02850341796875,-0.006500244140625,-0.002227783203125,Z,0,2026-08-24_23-25-27,2026-08-25
0.9580166485703945,0.9348219674109837,0.9369369369369369,0.4032258064516129,0.8407643312101911,1.0,0.0,0.0,1.0,1.0,1.0,0.3924560546875,-0.0843505859375,-0.3511962890625,-0.031341552734375,-0.01336669921875,0.00018310546875,Z,0,2026-08-24_23-25-27,2026-08-25
0.9601882012305465,0.923958961979481,0.9054054054054054,0.4032258064516129,0.9426751592356688,1.0,0.0,0.0,1.0,1.0,1.0,0.3878173828125,-0.0806884765625,-0.356689453125,-0.019744873046875,-0.0106201171875,-0.000335693359375,Z,0,2026-08-24_23-25-27,2026-08-25
0.9471588852696344,0.9324079662039831,0.9054054054054054,0.4032258064516129,0.802547770700637,1.0,0.0,0.0,1.0,1.0,1.0,0.390869140625,-0.081787109375,-0.347412109375,-0.016082763671875,-0.005126953125,-0.0008544921875,Z,0,2026-08-24_23-25-27,2026-08-25
0.9536735432500905,0.9215449607724804,0.8963963963963963,0.3763440860215054,0.9936305732484076,1.0,0.0,0.0,1.0,1.0,1.0,0.3948974609375,-0.0811767578125,-0.351318359375,-0.008331298828125,-0.00091552734375,0.00018310546875,Z,0,2026-08-24_23-25-27,2026-08-25
0.9833514296055013,0.9420639710319855,0.8806306306306306,0.34946236559139787,1.0,1.0,0.0,0.0,0.0,1.0,1.0,0.41357421875,0.0023193359375,-0.3450927734375,-0.002960205078125,-0.009979248046875,0.0001220703125,Z,1,2026-08-24_23-25-27,2026-08-25
0.9847991313789359,0.9432709716354858,0.8761261261261262,0.3709677419354839,1.0,1.0,0.0,0.0,0.0,1.0,1.0,0.40869140625,0.008056640625,-0.3466796875,-0.0067138671875,-0.016143798828125,0.00604248046875,Z,1,2026-08-24_23-25-27,2026-08-25
0.9833514296055013,0.9275799637899819,0.8851351351351351,0.3655913978494624,1.0,1.0,0.0,0.0,0.0,1.0,1.0,0.4034423828125,0.00439453125,-0.3533935546875,-0.011871337890625,-0.01654052734375,0.010345458984375,Z,1,2026-08-24_23-25-27,2026-08-25
0.9869706840390879,0.9420639710319855,0.8648648648648649,0.3978494623655914,1.0,1.0,0.0,0.0,0.0,1.0,1.0,0.404541015625,-0.0001220703125,-0.359619140625,-0.020782470703125,-0.010986328125,0.010223388671875,Z,1,2026-08-24_23-25-27,2026-08-25
0.9826275787187839,0.9384429692214846,0.8806306306306306,0.3172043010752688,1.0,1.0,0.0,0.0,0.0,1.0,1.0,0.410400390625,0.0035400390625,-0.357421875,-0.023040771484375,-0.01171875,0.00732421875,Z,1,2026-08-24_23-25-27,2026-08-25
0.9826275787187839,0.9408569704284853,0.831081081081081,0.3709677419354839,1.0,1.0,0.0,0.0,0.0,1.0,1.0,0.4056396484375,-0.00244140625,-0.355712890625,-0.009185791015625,-0.017364501953125,0.00262451171875,Z,1,2026-08-24_23-25-27,2026-08-25
0.9833514296055013,0.9420639710319855,0.8761261261261262,0.3655913978494624,0.9808917197452229,1.0,0.0,0.0,0.0,1.0,1.0,0.40576171875,-0.00244140625,-0.3607177734375,-0.00750732421875,-0.01739501953125,0.002044677734375,Z,1,2026-08-24_23-25-27,2026-08-25
0.9833514296055013,0.9396499698249849,0.8918918918918919,0.3924731182795699,1.0,1.0,0.0,0.0,0.0,1.0,1.0,0.40185546875,-0.003173828125,-0.365966796875,-0.015533447265625,-0.01556396484375,0.0067138671875,Z,1,2026-08-24_23-25-27,2026-08-25
0.9826275787187839,0.936028968014484,0.9009009009009009,0.4032258064516129,1.0,1.0,0.0,0.0,0.0,1.0,1.0,0.404541015625,-0.0025634765625,-0.3690185546875,-0.026397705078125,-0.009185791015625,0.011749267578125,Z,1,2026-08-24_23-25-27,2026-08-25
0.9847991313789359,0.9420639710319855,0.9009009009009009,0.3655913978494624,1.0,1.0,0.0,0.0,0.0,1.0,1.0,0.4127197265625,-0.0074462890625,-0.365966796875,-0.03009033203125,-0.00189208984375,0.009735107421875,Z,1,2026-08-24_23-25-27,2026-08-25
0.9862468331523706,0.9396499698249849,0.8761261261261262,0.3763440860215054,1.0,1.0,0.0,0.0,0.0,1.0,1.0,0.41015625,-0.0025634765625,-0.3553466796875,-0.016876220703125,-0.010467529296875,0.0037841796875,Z,1,2026-08-24_23-25-27,2026-08-25
0.9790083242851972,0.9420639710319855,0.8378378378378378,0.34408602150537637,0.9681528662420382,1.0,0.0,0.0,0.0,1.0,1.0,0.4097900390625,-0.0113525390625,-0.3563232421875,-0.001678466796875,-0.01324462890625,-0.00299072265625,Z,1,2026-08-24_23-25-27,2026-08-25
0.9840752804922186,0.9396499698249849,0.8445945945945946,0.3870967741935484,1.0,1.0,0.0,0.0,0.0,1.0,1.0,0.405517578125,-0.007080078125,-0.3662109375,-0.0067138671875,-0.012237548828125,-0.00390625,Z,1,2026-08-24_23-25-27,2026-08-25
0.9826275787187839,0.9348219674109837,0.8806306306306306,0.3709677419354839,1.0,1.0,0.0,0.0,0.0,1.0,1.0,0.4049072265625,-0.009765625,-0.3685302734375,-0.022216796875,-0.007232666015625,0.000335693359375,Z,1,2026-08-24_23-25-27,2026-08-25
0.9819037278320666,0.9396499698249849,0.8693693693693694,0.3655913978494624,1.0,1.0,0.0,0.0,0.0,1.0,1.0,0.4002685546875,-0.0062255859375,-0.36328125,-0.03472900390625,-0.001556396484375,0.002044677734375,Z,1,2026-08-24_23-25-27,2026-08-25
0.9833514296055013,0.9420639710319855,0.8716216216216216,0.3279569892473118,1.0,1.0,0.0,0.0,0.0,1.0,1.0,0.4071044921875,0.003662109375,-0.35009765625,-0.030120849609375,0.000732421875,0.000335693359375,Z,1,2026-08-24_23-25-27,2026-08-25
0.9797321751719146,0.9420639710319855,0.8648648648648649,0.3655913978494624,1.0,1.0,0.0,0.0,0.0,1.0,1.0,0.4114990234375,0.0023193359375,-0.3480224609375,-0.011260986328125,-0.007415771484375,-0.001678466796875,Z,1,2026-08-24_23-25-27,2026-08-25
0.9833514296055013,0.9420639710319855,0.8445945945945946,0.3548387096774194,0.9808917197452229,1.0,0.0,0.0,0.0,1.0,1.0,0.4095458984375,0.000732421875,-0.35009765625,-0.011627197265625,-0.01165771484375,-0.0037841796875,Z,1,2026-08-24_23-25-27,2026-08-25
0.9797321751719146,0.9384429692214846,0.8716216216216216,0.3387096774193548,1.0,1.0,0.0,0.0,0.0,1.0,1.0,0.407470703125,-0.0001220703125,-0.359375,-0.010498046875,-0.007659912109375,-0.002532958984375,Z,1,2026-08-24_23-25-27,2026-08-25
0.9833514296055013,0.9480989740494871,0.8693693693693694,0.41397849462365593,0.9808917197452229,1.0,0.0,0.0,0.0,1.0,1.0,0.4051513671875,-0.0009765625,-0.3553466796875,-0.015380859375,-0.007781982421875,-0.00341796875,Z,1,2026-08-24_23-25-27,2026-08-25
0.9811798769453492,0.9336149668074833,0.8671171171171171,0.3655913978494624,1.0,1.0,0.0,0.0,0.0,1.0,1.0,0.4051513671875,0.010498046875,-0.358154296875,-0.024078369140625,-0.005950927734375,0.000762939453125,Z,1,2026-08-24_23-25-27,2026-08-25
0.9833514296055013,0.9372359686179843,0.8828828828828829,0.3279569892473118,1.0,1.0,0.0,0.0,0.0,1.0,1.0,0.4058837890625,0.0133056640625,-0.3580322265625,-0.0247802734375,-0.005615234375,0.007904052734375,Z,1,2026-08-24_23-25-27,2026-08-25
0.9819037278320666,0.9396499698249849,0.8783783783783784,0.3548387096774194,1.0,1.0,0.0,0.0,0.0,1.0,1.0,0.410888671875,0.0078125,-0.35546875,-0.018310546875,-0.007476806640625,0.008941650390625,Z,1,2026-08-24_23-25-27,2026-08-25
0.9819037278320666,0.9432709716354858,0.8716216216216216,0.4032258064516129,1.0,1.0,0.0,0.0,0.0,1.0,1.0,0.4056396484375,0.005615234375,-0.351318359375,-0.00970458984375,-0.01129150390625,0.00384521484375,Z,1,2026-08-24_23-25-27,2026-08-25
0.9833514296055013,0.9420639710319855,0.8468468468468469,0.3817204301075269,0.9299363057324841,1.0,0.0,0.0,0.0,1.0,1.0,0.404541015625,-0.0009765625,-0.3492431640625,-0.00048828125,-0.0123291015625,-0.001556396484375,Z,1,2026-08-24_23-25-27,2026-08-25
0.9811798769453492,0.9312009656004828,0.8490990990990991,0.3387096774193548,1.0,1.0,0.0,0.0,0.0,1.0,1.0,0.4033203125,-0.0029296875,-0.35986328125,-0.00677490234375,-0.00830078125,-0.002532958984375,Z,1,2026-08-24_23-25-27,2026-08-25
0.9833514296055013,0.9408569704284853,0.8648648648648649,0.3817204301075269,0.9299363057324841,1.0,0.0,0.0,0.0,1.0,1.0,0.409423828125,0.000732421875,-0.3651123046875,-0.026580810546875,-0.010345458984375,0.00567626953125,Z,1,2026-08-24_23-25-27,2026-08-25
0.9840752804922186,0.9396499698249849,0.8738738738738738,0.34408602150537637,1.0,1.0,0.0,0.0,0.0,1.0,1.0,0.40283203125,0.0037841796875,-0.3629150390625,-0.028289794921875,-0.005950927734375,0.0078125,Z,1,2026-08-24_23-25-27,2026-08-25
0.9840752804922186,0.9420639710319855,0.8738738738738738,0.34408602150537637,1.0,1.0,0.0,0.0,0.0,1.0,1.0,0.4058837890625,0.0023193359375,-0.3560791015625,-0.02044677734375,-0.002685546875,0.006805419921875,Z,1,2026-08-24_23-25-27,2026-08-25
0.9833514296055013,0.9420639710319855,0.8671171171171171,0.3655913978494624,0.9808917197452229,1.0,0.0,0.0,0.0,1.0,1.0,0.4100341796875,0.0018310546875,-0.358154296875,-0.009613037109375,-0.006500244140625,0.00335693359375,Z,1,2026-08-24_23-25-27,2026-08-25
0.9833514296055013,0.9420639710319855,0.8828828828828829,0.3870967741935484,1.0,1.0,0.0,0.0,0.0,1.0,1.0,0.40771484375,-0.0062255859375,-0.36181640625,-0.00482177734375,-0.0040283203125,-0.001190185546875,Z,1,2026-08-24_23-25-27,2026-08-25
0.9833514296055013,0.9420639710319855,0.8806306306306306,0.3655913978494624,1.0,1.0,0.0,0.0,0.0,1.0,1.0,0.4129638671875,-0.006103515625,-0.3580322265625,-0.0162353515625,-0.0113525390625,0.001007080078125,Z,1,2026-08-24_23-25-27,2026-08-25
0.9833514296055013,0.9384429692214846,0.8828828828828829,0.3548387096774194,1.0,1.0,0.0,0.0,0.0,1.0,1.0,0.4053955078125,0.0052490234375,-0.352294921875,-0.02392578125,-0.0091552734375,0.00421142578125,Z,1,2026-08-24_23-25-27,2026-08-25
0.9855229822656533,0.9432709716354858,0.8738738738738738,0.3655913978494624,1.0,1.0,0.0,0.0,0.0,1.0,1.0,0.40966796875,-0.001708984375,-0.3560791015625,-0.018646240234375,-0.007568359375,0.006134033203125,Z,1,2026-08-24_23-25-27,2026-08-25
0.9833514296055013,0.9348219674109837,0.8671171171171171,0.3978494623655914,1.0,1.0,0.0,0.0,0.0,1.0,1.0,0.405517578125,-0.0013427734375,-0.3492431640625,-0.0211181640625,-0.01055908203125,0.003265380859375,Z,1,2026-08-24_23-25-27,2026-08-25
0.9833514296055013,0.9456849728424864,0.8603603603603603,0.3709677419354839,1.0,1.0,0.0,0.0,0.0,1.0,1.0,0.4061279296875,-0.00146484375,-0.35693359375,-0.011322021484375,-0.0025634765625,-0.000885009765625,Z,1,2026-08-24_23-25-27,2026-08-25
0.9833514296055013,0.9420639710319855,0.8738738738738738,0.4032258064516129,1.0,1.0,0.0,0.0,0.0,1.0,1.0,0.40576171875,0.0050048828125,-0.3553466796875,-0.015594482421875,-0.00811767578125,0.00189208984375,Z,1,2026-08-24_23-25-27,2026-08-25
0.9833514296055013,0.9420639710319855,0.8693693693693694,0.41397849462365593,1.0,1.0,0.0,0.0,0.0,1.0,1.0,0.4036865234375,-0.0025634765625,-0.3563232421875,-0.01287841796875,-0.01007080078125,0.0042724609375,Z,1,2026-08-24_23-25-27,2026-08-25
0.9847991313789359,0.9372359686179843,0.8648648648648649,0.3763440860215054,1.0,1.0,0.0,0.0,0.0,1.0,1.0,0.4102783203125,-0.00244140625,-0.3521728515625,-0.01922607421875,-0.008636474609375,0.002044677734375,Z,1,2026-08-24_23-25-27,2026-08-25
0.9826275787187839,0.9420639710319855,0.8603603603603603,0.40860215053763443,1.0,1.0,0.0,0.0,0.0,1.0,1.0,0.41455078125,0.0074462890625,-0.3565673828125,-0.015899658203125,-0.01214599609375,0.003662109375,Z,1,2026-08-24_23-25-27,2026-08-25
0.9797321751719146,0.9118889559444779,0.8716216216216216,0.3172043010752688,0.9299363057324841,1.0,0.0,0.0,0.0,1.0,1.0,-3.0517578125e-05,-3.0517578125e-05,-3.0517578125e-05,-3.0517578125e-05,-3.0517578125e-05,-3.0517578125e-05,Z,2,2026-08-24_23-25-27,2026-08-25
0.9804560260586319,0.923958961979481,0.8648648648648649,0.3924731182795699,0.9554140127388535,1.0,0.0,0.0,0.0,1.0,1.0,-3.0517578125e-05,-3.0517578125e-05,-3.0517578125e-05,-3.0517578125e-05,-3.0517578125e-05,-3.0517578125e-05,Z,2,2026-08-24_23-25-27,2026-08-25
0.9782844733984799,0.9227519613759807,0.8536036036036037,0.4032258064516129,0.8535031847133758,1.0,0.0,0.0,0.0,1.0,1.0,-3.0517578125e-05,-3.0517578125e-05,-3.0517578125e-05,-3.0517578125e-05,-3.0517578125e-05,-3.0517578125e-05,Z,2,2026-08-24_23-25-27,2026-08-25
0.9732175171914585,0.9287869643934822,0.8581081081081081,0.34946236559139787,0.9808917197452229,1.0,0.0,0.0,0.0,1.0,1.0,-3.0517578125e-05,-3.0517578125e-05,-3.0517578125e-05,-3.0517578125e-05,-3.0517578125e-05,-3.0517578125e-05,Z,2,2026-08-24_23-25-27,2026-08-25
0.9724936663047412,0.9263729631864815,0.8693693693693694,0.4032258064516129,0.9554140127388535,1.0,0.0,0.0,0.0,1.0,1.0,-3.0517578125e-05,-3.0517578125e-05,-3.0517578125e-05,-3.0517578125e-05,-3.0517578125e-05,-3.0517578125e-05,Z,2,2026-08-24_23-25-27,2026-08-25
0.9782844733984799,0.923958961979481,0.8558558558558559,0.40860215053763443,0.9299363057324841,1.0,0.0,0.0,0.0,1.0,1.0,-3.0517578125e-05,-3.0517578125e-05,-3.0517578125e-05,-3.0517578125e-05,-3.0517578125e-05,-3.0517578125e-05,Z,2,2026-08-24_23-25-27,2026-08-25
0.9768367716250452,0.9203379601689801,0.8581081081081081,0.3924731182795699,0.8662420382165605,1.0,0.0,0.0,0.0,1.0,1.0,-3.0517578125e-05,-3.0517578125e-05,-3.0517578125e-05,-3.0517578125e-05,-3.0517578125e-05,-3.0517578125e-05,Z,2,2026-08-24_23-25-27,2026-08-25
0.9782844733984799,0.9287869643934822,0.8671171171171171,0.3709677419354839,0.9299363057324841,1.0,0.0,0.0,0.0,1.0,1.0,-3.0517578125e-05,-3.0517578125e-05,-3.0517578125e-05,-3.0517578125e-05,-3.0517578125e-05,-3.0517578125e-05,Z,2,2026-08-24_23-25-27,2026-08-25
0.9717698154180239,0.923958961979481,0.8468468468468469,0.3924731182795699,0.9554140127388535,1.0,0.0,0.0,0.0,1.0,1.0,-3.0517578125e-05,-3.0517578125e-05,-3.0517578125e-05,-3.0517578125e-05,-3.0517578125e-05,-3.0517578125e-05,Z,2,2026-08-24_23-25-27,2026-08-25
0.9761129207383279,0.9191309595654797,0.8626126126126126,0.34408602150537637,0.9299363057324841,1.0,0.0,0.0,0.0,1.0,1.0,-3.0517578125e-05,-3.0517578125e-05,-3.0517578125e-05,-3.0517578125e-05,-3.0517578125e-05,-3.0517578125e-05,Z,2,2026-08-24_23-25-27,2026-08-25
0.9797321751719146,0.9263729631864815,0.8581081081081081,0.3978494623655914,0.9554140127388535,1.0,0.0,0.0,0.0,1.0,1.0,-3.0517578125e-05,-3.0517578125e-05,-3.0517578125e-05,-3.0517578125e-05,-3.0517578125e-05,-3.0517578125e-05,Z,2,2026-08-24_23-25-27,2026-08-25
0.9739413680781759,0.923958961979481,0.8378378378378378,0.3709677419354839,1.0,1.0,0.0,0.0,0.0,1.0,1.0,-3.0517578125e-05,-3.0517578125e-05,-3.0517578125e-05,-3.0517578125e-05,-3.0517578125e-05,-3.0517578125e-05,Z,2,2026-08-24_23-25-27,2026-08-25
0.9739413680781759,0.9203379601689801,0.8513513513513513,0.3333333333333333,0.9426751592356688,1.0,0.0,0.0,0.0,1.0,1.0,-3.0517578125e-05,-3.0517578125e-05,-3.0517578125e-05,-3.0517578125e-05,-3.0517578125e-05,-3.0517578125e-05,Z,2,2026-08-24_23-25-27,2026-08-25
0.9782844733984799,0.9179239589619795,0.8581081081081081,0.3978494623655914,1.0,1.0,0.0,0.0,0.0,1.0,1.0,-3.0517578125e-05,-3.0517578125e-05,-3.0517578125e-05,-3.0517578125e-05,-3.0517578125e-05,-3.0517578125e-05,Z,2,2026-08-24_23-25-27,2026-08-25
0.9797321751719146,0.9191309595654797,0.8648648648648649,0.3602150537634409,0.9936305732484076,1.0,0.0,0.0,0.0,1.0,1.0,-3.0517578125e-05,-3.0517578125e-05,-3.0517578125e-05,-3.0517578125e-05,-3.0517578125e-05,-3.0517578125e-05,Z,2,2026-08-24_23-25-27,2026-08-25
0.9782844733984799,0.9263729631864815,0.8671171171171171,0.41935483870967744,1.0,1.0,0.0,0.0,0.0,1.0,1.0,-3.0517578125e-05,-3.0517578125e-05,-3.0517578125e-05,-3.0517578125e-05,-3.0517578125e-05,-3.0517578125e-05,Z,2,2026-08-24_23-25-27,2026-08-25
0.9797321751719146,0.9215449607724804,0.8490990990990991,0.3870967741935484,0.9808917197452229,1.0,0.0,0.0,0.0,1.0,1.0,-3.0517578125e-05,-3.0517578125e-05,-3.0517578125e-05,-3.0517578125e-05,-3.0517578125e-05,-3.0517578125e-05,Z,2,2026-08-24_23-25-27,2026-08-25
0.9775606225117626,0.9287869643934822,0.8626126126126126,0.3924731182795699,0.9808917197452229,1.0,0.0,0.0,0.0,1.0,1.0,-3.0517578125e-05,-3.0517578125e-05,-3.0517578125e-05,-3.0517578125e-05,-3.0517578125e-05,-3.0517578125e-05,Z,2,2026-08-24_23-25-27,2026-08-25
0.9782844733984799,0.9227519613759807,0.8558558558558559,0.3387096774193548,0.8280254777070064,1.0,0.0,0.0,0.0,1.0,1.0,-3.0517578125e-05,-3.0517578125e-05,-3.0517578125e-05,-3.0517578125e-05,-3.0517578125e-05,-3.0517578125e-05,Z,2,2026-08-24_23-25-27,2026-08-25
0.9761129207383279,0.9082679541339771,0.8828828828828829,0.3709677419354839,0.9554140127388535,1.0,0.0,0.0,0.0,1.0,1.0,-3.0517578125e-05,-3.0517578125e-05,-3.0517578125e-05,-3.0517578125e-05,-3.0517578125e-05,-3.0517578125e-05,Z,2,2026-08-24_23-25-27,2026-08-25
0.9732175171914585,0.9203379601689801,0.8648648648648649,0.3870967741935484,0.9808917197452229,1.0,0.0,0.0,0.0,1.0,1.0,-3.0517578125e-05,-3.0517578125e-05,-3.0517578125e-05,-3.0517578125e-05,-3.0517578125e-05,-3.0517578125e-05,Z,2,2026-08-24_23-25-27,2026-08-25
0.9804560260586319,0.9299939649969825,0.8468468468468469,0.3333333333333333,1.0,1.0,0.0,0.0,0.0,1.0,1.0,-3.0517578125e-05,-3.0517578125e-05,-3.0517578125e-05,-3.0517578125e-05,-3.0517578125e-05,-3.0517578125e-05,Z,2,2026-08-24_23-25-27,2026-08-25
0.9790083242851972,0.9227519613759807,0.8626126126126126,0.3709677419354839,0.9426751592356688,1.0,0.0,0.0,0.0,1.0,1.0,-3.0517578125e-05,-3.0517578125e-05,-3.0517578125e-05,-3.0517578125e-05,-3.0517578125e-05,-3.0517578125e-05,Z,2,2026-08-24_23-25-27,2026-08-25
0.9782844733984799,0.9215449607724804,0.8693693693693694,0.3924731182795699,0.9554140127388535,1.0,0.0,0.0,0.0,1.0,1.0,-3.0517578125e-05,-3.0517578125e-05,-3.0517578125e-05,-3.0517578125e-05,-3.0517578125e-05,-3.0517578125e-05,Z,2,2026-08-24_23-25-27,2026-08-25
0.9724936663047412,0.9191309595654797,0.8445945945945946,0.34408602150537637,0.9299363057324841,1.0,0.0,0.0,0.0,1.0,1.0,-3.0517578125e-05,-3.0517578125e-05,-3.0517578125e-05,-3.0517578125e-05,-3.0517578125e-05,-3.0517578125e-05,Z,2,2026-08-24_23-25-27,2026-08-25
0.9797321751719146,0.923958961979481,0.8626126126126126,0.3763440860215054,0.9936305732484076,1.0,0.0,0.0,0.0,1.0,1.0,-3.0517578125e-05,-3.0517578125e-05,-3.0517578125e-05,-3.0517578125e-05,-3.0517578125e-05,-3.0517578125e-05,Z,2,2026-08-24_23-25-27,2026-08-25
0.9782844733984799,0.9227519613759807,0.8355855855855856,0.3870967741935484,0.9554140127388535,1.0,0.0,0.0,0.0,1.0,1.0,-3.0517578125e-05,-3.0517578125e-05,-3.0517578125e-05,-3.0517578125e-05,-3.0517578125e-05,-3.0517578125e-05,Z,2,2026-08-24_23-25-27,2026-08-25
0.9753890698516106,0.9227519613759807,0.8423423423423423,0.3279569892473118,1.0,1.0,0.0,0.0,0.0,1.0,1.0,-3.0517578125e-05,-3.0517578125e-05,-3.0517578125e-05,-3.0517578125e-05,-3.0517578125e-05,-3.0517578125e-05,Z,2,2026-08-24_23-25-27,2026-08-25
0.9768367716250452,0.9275799637899819,0.8581081081081081,0.3763440860215054,0.9808917197452229,1.0,0.0,0.0,0.0,1.0,1.0,-3.0517578125e-05,-3.0517578125e-05,-3.0517578125e-05,-3.0517578125e-05,-3.0517578125e-05,-3.0517578125e-05,Z,2,2026-08-24_23-25-27,2026-08-25
0.9761129207383279,0.9179239589619795,0.8490990990990991,0.3817204301075269,0.9554140127388535,1.0,0.0,0.0,0.0,1.0,1.0,-3.0517578125e-05,-3.0517578125e-05,-3.0517578125e-05,-3.0517578125e-05,-3.0517578125e-05,-3.0517578125e-05,Z,2,2026-08-24_23-25-27,2026-08-25
0.9782844733984799,0.923958961979481,0.8626126126126126,0.3978494623655914,0.9554140127388535,1.0,0.0,0.0,0.0,1.0,1.0,-3.0517578125e-05,-3.0517578125e-05,-3.0517578125e-05,-3.0517578125e-05,-3.0517578125e-05,-3.0517578125e-05,Z,2,2026-08-24_23-25-27,2026-08-25
0.9790083242851972,0.9263729631864815,0.8693693693693694,0.3709677419354839,0.9426751592356688,1.0,0.0,0.0,0.0,1.0,1.0,-3.0517578125e-05,-3.0517578125e-05,-3.0517578125e-05,-3.0517578125e-05,-3.0517578125e-05,-3.0517578125e-05,Z,2,2026-08-24_23-25-27,2026-08-25
0.9761129207383279,0.9227519613759807,0.8490990990990991,0.3924731182795699,0.8280254777070064,1.0,0.0,0.0,0.0,1.0,1.0,-3.0517578125e-05,-3.0517578125e-05,-3.0517578125e-05,-3.0517578125e-05,-3.0517578125e-05,-3.0517578125e-05,Z,2,2026-08-24_23-25-27,2026-08-25
0.9761129207383279,0.9275799637899819,0.8558558558558559,0.3763440860215054,0.89171974522293,1.0,0.0,0.0,0.0,1.0,1.0,-3.0517578125e-05,-3.0517578125e-05,-3.0517578125e-05,-3.0517578125e-05,-3.0517578125e-05,-3.0517578125e-05,Z,2,2026-08-24_23-25-27,2026-08-25
0.9739413680781759,0.9203379601689801,0.8333333333333334,0.3817204301075269,0.9554140127388535,1.0,0.0,0.0,0.0,1.0,1.0,-3.0517578125e-05,-3.0517578125e-05,-3.0517578125e-05,-3.0517578125e-05,-3.0517578125e-05,-3.0517578125e-05,Z,2,2026-08-24_23-25-27,2026-08-25
0.9746652189648932,0.9155099577549789,0.8400900900900901,0.3655913978494624,0.9426751592356688,1.0,0.0,0.0,0.0,1.0,1.0,-3.0517578125e-05,-3.0517578125e-05,-3.0517578125e-05,-3.0517578125e-05,-3.0517578125e-05,-3.0517578125e-05,Z,2,2026-08-24_23-25-27,2026-08-25
0.9768367716250452,0.9227519613759807,0.8536036036036037,0.3978494623655914,0.9044585987261147,1.0,0.0,0.0,0.0,1.0,1.0,-3.0517578125e-05,-3.0517578125e-05,-3.0517578125e-05,-3.0517578125e-05,-3.0517578125e-05,-3.0517578125e-05,Z,2,2026-08-24_23-25-27,2026-08-25
0.9739413680781759,0.9215449607724804,0.8468468468468469,0.3870967741935484,0.9554140127388535,1.0,0.0,0.0,0.0,1.0,1.0,-3.0517578125e-05,-3.0517578125e-05,-3.0517578125e-05,-3.0517578125e-05,-3.0517578125e-05,-3.0517578125e-05,Z,2,2026-08-24_23-25-27,2026-08-25
0.9710459645313065,0.9167169583584792,0.8671171171171171,0.3333333333333333,0.9554140127388535,1.0,0.0,0.0,0.0,1.0,1.0,-3.0517578125e-05,-3.0517578125e-05,-3.0517578125e-05,-3.0517578125e-05,-3.0517578125e-05,-3.0517578125e-05,Z,2,2026-08-24_23-25-27,2026-08-25
0.9739413680781759,0.9227519613759807,0.8648648648648649,0.3602150537634409,1.0,1.0,0.0,0.0,0.0,1.0,1.0,-3.0517578125e-05,-3.0517578125e-05,-3.0517578125e-05,-3.0517578125e-05,-3.0517578125e-05,-3.0517578125e-05,Z,2,2026-08-24_23-25-27,2026-08-25
0.9681505609844372,0.9420639710319855,0.9256756756756757,0.4032258064516129,1.0,1.0,0.0,0.0,0.0,1.0,1.0,-3.0517578125e-05,-3.0517578125e-05,-3.0517578125e-05,-3.0517578125e-05,-3.0517578125e-05,-3.0517578125e-05,Z,3,2026-08-24_23-25-27,2026-08-25
0.9616359030039812,0.9517199758599879,0.9572072072072072,0.40860215053763443,0.9426751592356688,1.0,0.0,0.0,0.0,1.0,1.0,-3.0517578125e-05,-3.0517578125e-05,-3.0517578125e-05,-3.0517578125e-05,-3.0517578125e-05,-3.0517578125e-05,Z,3,2026-08-24_23-25-27,2026-08-25
0.9601882012305465,0.9493059746529873,0.9346846846846847,0.3548387096774194,1.0,1.0,0.0,0.0,0.0,1.0,1.0,-3.0517578125e-05,-3.0517578125e-05,-3.0517578125e-05,-3.0517578125e-05,-3.0517578125e-05,-3.0517578125e-05,Z,3,2026-08-24_23-25-27,2026-08-25
0.9587404994571118,0.9480989740494871,0.9054054054054054,0.34946236559139787,1.0,1.0,0.0,0.0,0.0,1.0,1.0,-3.0517578125e-05,-3.0517578125e-05,-3.0517578125e-05,-3.0517578125e-05,-3.0517578125e-05,-3.0517578125e-05,Z,3,2026-08-24_23-25-27,2026-08-25
0.9594643503438292,0.9420639710319855,0.9121621621621622,0.3602150537634409,1.0,1.0,0.0,0.0,0.0,1.0,1.0,-3.0517578125e-05,-3.0517578125e-05,-3.0517578125e-05,-3.0517578125e-05,-3.0517578125e-05,-3.0517578125e-05,Z,3,2026-08-24_23-25-27,2026-08-25
0.9594643503438292,0.9420639710319855,0.918918918918919,0.34946236559139787,0.9936305732484076,1.0,0.0,0.0,0.0,1.0,1.0,-3.0517578125e-05,-3.0517578125e-05,-3.0517578125e-05,-3.0517578125e-05,-3.0517578125e-05,-3.0517578125e-05,Z,3,2026-08-24_23-25-27,2026-08-25
0.9623597538906985,0.9420639710319855,0.9301801801801802,0.34946236559139787,1.0,1.0,0.0,0.0,0.0,1.0,1.0,-3.0517578125e-05,-3.0517578125e-05,-3.0517578125e-05,-3.0517578125e-05,-3.0517578125e-05,-3.0517578125e-05,Z,3,2026-08-24_23-25-27,2026-08-25
0.9638074556641332,0.9480989740494871,0.9099099099099099,0.3763440860215054,1.0,1.0,0.0,0.0,0.0,1.0,1.0,-3.0517578125e-05,-3.0517578125e-05,-3.0517578125e-05,-3.0517578125e-05,-3.0517578125e-05,-3.0517578125e-05,Z,3,2026-08-24_23-25-27,2026-08-25
0.9601882012305465,0.9493059746529873,0.9121621621621622,0.34946236559139787,0.9299363057324841,1.0,0.0,0.0,0.0,1.0,1.0,-3.0517578125e-05,-3.0517578125e-05,-3.0517578125e-05,-3.0517578125e-05,-3.0517578125e-05,-3.0517578125e-05,Z,3,2026-08-24_23-25-27,2026-08-25
0.9601882012305465,0.9420639710319855,0.9211711711711712,0.3870967741935484,0.7898089171974523,1.0,0.0,0.0,0.0,1.0,1.0,-3.0517578125e-05,-3.0517578125e-05,-3.0517578125e-05,-3.0517578125e-05,-3.0517578125e-05,-3.0517578125e-05,Z,3,2026-08-24_23-25-27,2026-08-25
0.9623597538906985,0.9456849728424864,0.918918918918919,0.3924731182795699,0.9299363057324841,1.0,0.0,0.0,0.0,1.0,1.0,-3.0517578125e-05,-3.0517578125e-05,-3.0517578125e-05,-3.0517578125e-05,-3.0517578125e-05,-3.0517578125e-05,Z,3,2026-08-24_23-25-27,2026-08-25
0.9601882012305465,0.9529269764634882,0.918918918918919,0.40860215053763443,0.9426751592356688,1.0,0.0,0.0,0.0,1.0,1.0,-3.0517578125e-05,-3.0517578125e-05,-3.0517578125e-05,-3.0517578125e-05,-3.0517578125e-05,-3.0517578125e-05,Z,3,2026-08-24_23-25-27,2026-08-25
0.9623597538906985,0.9408569704284853,0.9076576576576577,0.3279569892473118,0.9808917197452229,1.0,0.0,0.0,0.0,1.0,1.0,-3.0517578125e-05,-3.0517578125e-05,-3.0517578125e-05,-3.0517578125e-05,-3.0517578125e-05,-3.0517578125e-05,Z,3,2026-08-24_23-25-27,2026-08-25
0.9638074556641332,0.9480989740494871,0.918918918918919,0.4032258064516129,1.0,1.0,0.0,0.0,0.0,1.0,1.0,-3.0517578125e-05,-3.0517578125e-05,-3.0517578125e-05,-3.0517578125e-05,-3.0517578125e-05,-3.0517578125e-05,Z,3,2026-08-24_23-25-27,2026-08-25
0.9601882012305465,0.9505129752564876,0.9166666666666666,0.3763440860215054,0.9554140127388535,1.0,0.0,0.0,0.0,1.0,1.0,-3.0517578125e-05,-3.0517578125e-05,-3.0517578125e-05,-3.0517578125e-05,-3.0517578125e-05,-3.0517578125e-05,Z,3,2026-08-24_23-25-27,2026-08-25
0.9609120521172638,0.9432709716354858,0.9054054054054054,0.3709677419354839,0.9299363057324841,1.0,0.0,0.0,0.0,1.0,1.0,-3.0517578125e-05,-3.0517578125e-05,-3.0517578125e-05,-3.0517578125e-05,-3.0517578125e-05,-3.0517578125e-05,Z,3,2026-08-24_23-25-27,2026-08-25
0.9652551574375678,0.9420639710319855,0.9211711711711712,0.3548387096774194,1.0,1.0,0.0,0.0,0.0,1.0,1.0,-3.0517578125e-05,-3.0517578125e-05,-3.0517578125e-05,-3.0517578125e-05,-3.0517578125e-05,-3.0517578125e-05,Z,3,2026-08-24_23-25-27,2026-08-25
0.9638074556641332,0.9420639710319855,0.9391891891891891,0.3655913978494624,0.9681528662420382,1.0,0.0,0.0,0.0,1.0,1.0,-3.0517578125e-05,-3.0517578125e-05,-3.0517578125e-05,-3.0517578125e-05,-3.0517578125e-05,-3.0517578125e-05,Z,3,2026-08-24_23-25-27,2026-08-25
0.9645313065508505,0.9456849728424864,0.9121621621621622,0.34408602150537637,0.9936305732484076,1.0,0.0,0.0,0.0,1.0,1.0,-3.0517578125e-05,-3.0517578125e-05,-3.0517578125e-05,-3.0517578125e-05,-3.0517578125e-05,-3.0517578125e-05,Z,3,2026-08-24_23-25-27,2026-08-25
0.9688744118711545,0.9384429692214846,0.918918918918919,0.3924731182795699,0.9426751592356688,1.0,0.0,0.0,0.0,1.0,1.0,-3.0517578125e-05,-3.0517578125e-05,-3.0517578125e-05,-3.0517578125e-05,-3.0517578125e-05,-3.0517578125e-05,Z,3,2026-08-24_23-25-27,2026-08-25
0.9601882012305465,0.9541339770669885,0.8896396396396397,0.3279569892473118,0.9299363057324841,1.0,0.0,0.0,0.0,1.0,1.0,-3.0517578125e-05,-3.0517578125e-05,-3.0517578125e-05,-3.0517578125e-05,-3.0517578125e-05,-3.0517578125e-05,Z,3,2026-08-24_23-25-27,2026-08-25
0.9587404994571118,0.9480989740494871,0.918918918918919,0.3655913978494624,1.0,1.0,0.0,0.0,0.0,1.0,1.0,-3.0517578125e-05,-3.0517578125e-05,-3.0517578125e-05,-3.0517578125e-05,-3.0517578125e-05,-3.0517578125e-05,Z,3,2026-08-24_23-25-27,2026-08-25
0.9543973941368078,0.9529269764634882,0.9121621621621622,0.3548387096774194,0.9554140127388535,1.0,0.0,0.0,0.0,1.0,1.0,-3.0517578125e-05,-3.0517578125e-05,-3.0517578125e-05,-3.0517578125e-05,-3.0517578125e-05,-3.0517578125e-05,Z,3,2026-08-24_23-25-27,2026-08-25
0.9601882012305465,0.9493059746529873,0.9054054054054054,0.3172043010752688,0.9808917197452229,1.0,0.0,0.0,0.0,1.0,1.0,-3.0517578125e-05,-3.0517578125e-05,-3.0517578125e-05,-3.0517578125e-05,-3.0517578125e-05,-3.0517578125e-05,Z,3,2026-08-24_23-25-27,2026-08-25
0.9601882012305465,0.9468919734459867,0.9099099099099099,0.3709677419354839,0.8535031847133758,1.0,0.0,0.0,0.0,1.0,1.0,-3.0517578125e-05,-3.0517578125e-05,-3.0517578125e-05,-3.0517578125e-05,-3.0517578125e-05,-3.0517578125e-05,Z,3,2026-08-24_23-25-27,2026-08-25
0.9601882012305465,0.9565479782739892,0.9099099099099099,0.3387096774193548,0.8535031847133758,1.0,0.0,0.0,0.0,1.0,1.0,-3.0517578125e-05,-3.0517578125e-05,-3.0517578125e-05,-3.0517578125e-05,-3.0517578125e-05,-3.0517578125e-05,Z,3,2026-08-24_23-25-27,2026-08-25
0.9645313065508505,0.9493059746529873,0.9279279279279279,0.3709677419354839,0.8535031847133758,1.0,0.0,0.0,0.0,1.0,1.0,-3.0517578125e-05,-3.0517578125e-05,-3.0517578125e-05,-3.0517578125e-05,-3.0517578125e-05,-3.0517578125e-05,Z,3,2026-08-24_23-25-27,2026-08-25
0.9601882012305465,0.9432709716354858,0.9166666666666666,0.4032258064516129,1.0,1.0,0.0,0.0,0.0,1.0,1.0,-3.0517578125e-05,-3.0517578125e-05,-3.0517578125e-05,-3.0517578125e-05,-3.0517578125e-05,-3.0517578125e-05,Z,3,2026-08-24_23-25-27,2026-08-25
0.9594643503438292,0.9420639710319855,0.9054054054054054,0.34408602150537637,0.9426751592356688,1.0,0.0,0.0,0.0,1.0,1.0,-3.0517578125e-05,-3.0517578125e-05,-3.0517578125e-05,-3.0517578125e-05,-3.0517578125e-05,-3.0517578125e-05,Z,3,2026-08-24_23-25-27,2026-08-25
0.9703221136445892,0.9396499698249849,0.9121621621621622,0.3709677419354839,0.9808917197452229,1.0,0.0,0.0,0.0,1.0,1.0,-3.0517578125e-05,-3.0517578125e-05,-3.0517578125e-05,-3.0517578125e-05,-3.0517578125e-05,-3.0517578125e-05,Z,3,2026-08-24_23-25-27,2026-08-25
0.9601882012305465,0.9444779722389861,0.9166666666666666,0.34408602150537637,0.9554140127388535,1.0,0.0,0.0,0.0,1.0,1.0,-3.0517578125e-05,-3.0517578125e-05,-3.0517578125e-05,-3.0517578125e-05,-3.0517578125e-05,-3.0517578125e-05,Z,3,2026-08-24_23-25-27,2026-08-25
0.9609120521172638,0.9420639710319855,0.9054054054054054,0.3387096774193548,1.0,1.0,0.0,0.0,0.0,1.0,1.0,-3.0517578125e-05,-3.0517578125e-05,-3.0517578125e-05,-3.0517578125e-05,-3.0517578125e-05,-3.0517578125e-05,Z,3,2026-08-24_23-25-27,2026-08-25
0.9601882012305465,0.9420639710319855,0.9346846846846847,0.34946236559139787,1.0,1.0,0.0,0.0,0.0,1.0,1.0,-3.0517578125e-05,-3.0517578125e-05,-3.0517578125e-05,-3.0517578125e-05,-3.0517578125e-05,-3.0517578125e-05,Z,3,2026-08-24_23-25-27,2026-08-25
0.9638074556641332,0.9505129752564876,0.9256756756756757,0.3924731182795699,1.0,1.0,0.0,0.0,0.0,1.0,1.0,-3.0517578125e-05,-3.0517578125e-05,-3.0517578125e-05,-3.0517578125e-05,-3.0517578125e-05,-3.0517578125e-05,Z,3,2026-08-24_23-25-27,2026-08-25
0.9652551574375678,0.9432709716354858,0.9076576576576577,0.3870967741935484,0.9426751592356688,1.0,0.0,0.0,0.0,1.0,1.0,-3.0517578125e-05,-3.0517578125e-05,-3.0517578125e-05,-3.0517578125e-05,-3.0517578125e-05,-3.0517578125e-05,Z,3,2026-08-24_23-25-27,2026-08-25
0.9667028592110025,0.9456849728424864,0.9256756756756757,0.3870967741935484,0.9299363057324841,1.0,0.0,0.0,0.0,1.0,1.0,-3.0517578125e-05,-3.0517578125e-05,-3.0517578125e-05,-3.0517578125e-05,-3.0517578125e-05,-3.0517578125e-05,Z,3,2026-08-24_23-25-27,2026-08-25
0.9638074556641332,0.9493059746529873,0.8986486486486487,0.3870967741935484,1.0,1.0,0.0,0.0,0.0,1.0,1.0,-3.0517578125e-05,-3.0517578125e-05,-3.0517578125e-05,-3.0517578125e-05,-3.0517578125e-05,-3.0517578125e-05,Z,3,2026-08-24_23-25-27,2026-08-25
0.9681505609844372,0.9420639710319855,0.9391891891891891,0.4032258064516129,0.9299363057324841,1.0,0.0,0.0,0.0,1.0,1.0,-3.0517578125e-05,-3.0517578125e-05,-3.0517578125e-05,-3.0517578125e-05,-3.0517578125e-05,-3.0517578125e-05,Z,3,2026-08-24_23-25-27,2026-08-25
0.9695982627578719,0.9420639710319855,0.9324324324324325,0.3978494623655914,1.0,1.0,0.0,0.0,0.0,1.0,1.0,-3.0517578125e-05,-3.0517578125e-05,-3.0517578125e-05,-3.0517578125e-05,-3.0517578125e-05,-3.0517578125e-05,Z,3,2026-08-24_23-25-27,2026-08-25
0.9645313065508505,0.9420639710319855,0.9144144144144144,0.4032258064516129,0.9936305732484076,1.0,0.0,0.0,0.0,1.0,1.0,-3.0517578125e-05,-3.0517578125e-05,-3.0517578125e-05,-3.0517578125e-05,-3.0517578125e-05,-3.0517578125e-05,Z,3,2026-08-24_23-25-27,2026-08-25
0.9811798769453492,0.9613759806879904,0.9031531531531531,0.478494623655914,0.6751592356687898,1.0,0.0,0.0,0.0,1.0,1.0,-3.0517578125e-05,-3.0517578125e-05,-3.0517578125e-05,-3.0517578125e-05,-3.0517578125e-05,-3.0517578125e-05,Z,4,2026-08-24_23-25-27,2026-08-25
0.9775606225117626,0.9613759806879904,0.9054054054054054,0.46236559139784944,0.6751592356687898,1.0,0.0,0.0,0.0,1.0,1.0,-3.0517578125e-05,-3.0517578125e-05,-3.0517578125e-05,-3.0517578125e-05,-3.0517578125e-05,-3.0517578125e-05,Z,4,2026-08-24_23-25-27,2026-08-25
0.9819037278320666,0.9649969824984912,0.9121621621621622,0.4032258064516129,0.6496815286624203,1.0,0.0,0.0,0.0,1.0,1.0,-3.0517578125e-05,-3.0517578125e-05,-3.0517578125e-05,-3.0517578125e-05,-3.0517578125e-05,-3.0517578125e-05,Z,4,2026-08-24_23-25-27,2026-08-25
0.9811798769453492,0.9577549788774894,0.9099099099099099,0.45161290322580644,0.5859872611464968,1.0,0.0,0.0,0.0,1.0,1.0,-3.0517578125e-05,-3.0517578125e-05,-3.0517578125e-05,-3.0517578125e-05,-3.0517578125e-05,-3.0517578125e-05,Z,4,2026-08-24_23-25-27,2026-08-25
0.9819037278320666,0.9589619794809897,0.8941441441441441,0.45161290322580644,0.6242038216560509,1.0,0.0,0.0,0.0,1.0,1.0,-3.0517578125e-05,-3.0517578125e-05,-3.0517578125e-05,-3.0517578125e-05,-3.0517578125e-05,-3.0517578125e-05,Z,4,2026-08-24_23-25-27,2026-08-25
0.9826275787187839,0.9553409776704889,0.9099099099099099,0.43548387096774194,0.7388535031847133,1.0,0.0,0.0,0.0,1.0,1.0,-3.0517578125e-05,-3.0517578125e-05,-3.0517578125e-05,-3.0517578125e-05,-3.0517578125e-05,-3.0517578125e-05,Z,4,2026-08-24_23-25-27,2026-08-25
0.9797321751719146,0.9625829812914907,0.9391891891891891,0.46236559139784944,0.7006369426751592,1.0,0.0,0.0,0.0,1.0,1.0,-3.0517578125e-05,-3.0517578125e-05,-3.0517578125e-05,-3.0517578125e-05,-3.0517578125e-05,-3.0517578125e-05,Z,4,2026-08-24_23-25-27,2026-08-25
0.9703221136445892,0.96016898008449,0.9076576576576577,0.489247311827957,0.5732484076433121,1.0,0.0,0.0,0.0,1.0,1.0,-3.0517578125e-05,-3.0517578125e-05,-3.0517578125e-05,-3.0517578125e-05,-3.0517578125e-05,-3.0517578125e-05,Z,4,2026-08-24_23-25-27,2026-08-25
0.9811798769453492,0.9480989740494871,0.9009009009009009,0.44086021505376344,0.6114649681528662,1.0,0.0,0.0,0.0,1.0,1.0,-3.0517578125e-05,-3.0517578125e-05,-3.0517578125e-05,-3.0517578125e-05,-3.0517578125e-05,-3.0517578125e-05,Z,4,2026-08-24_23-25-27,2026-08-25
0.9811798769453492,0.9662039831019915,0.9301801801801802,0.4731182795698925,0.6369426751592356,1.0,0.0,0.0,0.0,1.0,1.0,-3.0517578125e-05,-3.0517578125e-05,-3.0517578125e-05,-3.0517578125e-05,-3.0517578125e-05,-3.0517578125e-05,Z,4,2026-08-24_23-25-27,2026-08-25
0.9782844733984799,0.9577549788774894,0.9054054054054054,0.478494623655914,0.6751592356687898,1.0,0.0,0.0,0.0,1.0,1.0,-3.0517578125e-05,-3.0517578125e-05,-3.0517578125e-05,-3.0517578125e-05,-3.0517578125e-05,-3.0517578125e-05,Z,4,2026-08-24_23-25-27,2026-08-25
0.9753890698516106,0.9698249849124925,0.9256756756756757,0.44086021505376344,0.6242038216560509,1.0,0.0,0.0,0.0,1.0,1.0,-3.0517578125e-05,-3.0517578125e-05,-3.0517578125e-05,-3.0517578125e-05,-3.0517578125e-05,-3.0517578125e-05,Z,4,2026-08-24_23-25-27,2026-08-25
0.9826275787187839,0.9420639710319855,0.8896396396396397,0.4946236559139785,0.6369426751592356,1.0,0.0,0.0,0.0,1.0,1.0,-3.0517578125e-05,-3.0517578125e-05,-3.0517578125e-05,-3.0517578125e-05,-3.0517578125e-05,-3.0517578125e-05,Z,4,2026-08-24_23-25-27,2026-08-25
0.9768367716250452,0.9577549788774894,0.9211711711711712,0.45698924731182794,0.6496815286624203,1.0,0.0,0.0,0.0,1.0,1.0,-3.0517578125e-05,-3.0517578125e-05,-3.0517578125e-05,-3.0517578125e-05,-3.0517578125e-05,-3.0517578125e-05,Z,4,2026-08-24_23-25-27,2026-08-25
0.9819037278320666,0.9589619794809897,0.9054054054054054,0.4838709677419355,0.5732484076433121,1.0,0.0,0.0,0.0,1.0,1.0,-3.0517578125e-05,-3.0517578125e-05,-3.0517578125e-05,-3.0517578125e-05,-3.0517578125e-05,-3.0517578125e-05,Z,4,2026-08-24_23-25-27,2026-08-25
0.9790083242851972,0.9565479782739892,0.9256756756756757,0.43548387096774194,0.5859872611464968,1.0,0.0,0.0,0.0,1.0,1.0,-3.0517578125e-05,-3.0517578125e-05,-3.0517578125e-05,-3.0517578125e-05,-3.0517578125e-05,-3.0517578125e-05,Z,4,2026-08-24_23-25-27,2026-08-25
0.9761129207383279,0.9589619794809897,0.918918918918919,0.41397849462365593,0.5732484076433121,1.0,0.0,0.0,0.0,1.0,1.0,-3.0517578125e-05,-3.0517578125e-05,-3.0517578125e-05,-3.0517578125e-05,-3.0517578125e-05,-3.0517578125e-05,Z,4,2026-08-24_23-25-27,2026-08-25
0.9768367716250452,0.9625829812914907,0.9054054054054054,0.46236559139784944,0.6114649681528662,1.0,0.0,0.0,0.0,1.0,1.0,-3.0517578125e-05,-3.0517578125e-05,-3.0517578125e-05,-3.0517578125e-05,-3.0517578125e-05,-3.0517578125e-05,Z,4,2026-08-24_23-25-27,2026-08-25
0.9833514296055013,0.9625829812914907,0.9144144144144144,0.46236559139784944,0.6242038216560509,1.0,0.0,0.0,0.0,1.0,1.0,-3.0517578125e-05,-3.0517578125e-05,-3.0517578125e-05,-3.0517578125e-05,-3.0517578125e-05,-3.0517578125e-05,Z,4,2026-08-24_23-25-27,2026-08-25
0.9811798769453492,0.9529269764634882,0.8918918918918919,0.489247311827957,0.7388535031847133,1.0,0.0,0.0,0.0,1.0,1.0,-3.0517578125e-05,-3.0517578125e-05,-3.0517578125e-05,-3.0517578125e-05,-3.0517578125e-05,-3.0517578125e-05,Z,4,2026-08-24_23-25-27,2026-08-25
0.9790083242851972,0.9456849728424864,0.9054054054054054,0.46236559139784944,0.5987261146496815,1.0,0.0,0.0,0.0,1.0,1.0,-3.0517578125e-05,-3.0517578125e-05,-3.0517578125e-05,-3.0517578125e-05,-3.0517578125e-05,-3.0517578125e-05,Z,4,2026-08-24_23-25-27,2026-08-25
0.9804560260586319,0.9625829812914907,0.9211711711711712,0.42473118279569894,0.6624203821656051,1.0,0.0,0.0,0.0,1.0,1.0,-3.0517578125e-05,-3.0517578125e-05,-3.0517578125e-05,-3.0517578125e-05,-3.0517578125e-05,-3.0517578125e-05,Z,4,2026-08-24_23-25-27,2026-08-25
0.9819037278320666,0.9553409776704889,0.9031531531531531,0.4032258064516129,0.6624203821656051,1.0,0.0,0.0,0.0,1.0,1.0,-3.0517578125e-05,-3.0517578125e-05,-3.0517578125e-05,-3.0517578125e-05,-3.0517578125e-05,-3.0517578125e-05,Z,4,2026-08-24_23-25-27,2026-08-25
0.9753890698516106,0.9553409776704889,0.8941441441441441,0.41935483870967744,0.5987261146496815,1.0,0.0,0.0,0.0,1.0,1.0,-3.0517578125e-05,-3.0517578125e-05,-3.0517578125e-05,-3.0517578125e-05,-3.0517578125e-05,-3.0517578125e-05,Z,4,2026-08-24_23-25-27,2026-08-25
0.9782844733984799,0.9529269764634882,0.9031531531531531,0.478494623655914,0.5987261146496815,1.0,0.0,0.0,0.0,1.0,1.0,-3.0517578125e-05,-3.0517578125e-05,-3.0517578125e-05,-3.0517578125e-05,-3.0517578125e-05,-3.0517578125e-05,Z,4,2026-08-24_23-25-27,2026-08-25
0.9790083242851972,0.9577549788774894,0.8918918918918919,0.43548387096774194,0.6242038216560509,1.0,0.0,0.0,0.0,1.0,1.0,-3.0517578125e-05,-3.0517578125e-05,-3.0517578125e-05,-3.0517578125e-05,-3.0517578125e-05,-3.0517578125e-05,Z,4,2026-08-24_23-25-27,2026-08-25
0.9840752804922186,0.9444779722389861,0.9054054054054054,0.42473118279569894,0.7643312101910829,1.0,0.0,0.0,0.0,1.0,1.0,-3.0517578125e-05,-3.0517578125e-05,-3.0517578125e-05,-3.0517578125e-05,-3.0517578125e-05,-3.0517578125e-05,Z,4,2026-08-24_23-25-27,2026-08-25
0.9819037278320666,0.9782739891369946,0.9054054054054054,0.4838709677419355,0.7261146496815286,1.0,0.0,0.0,0.0,1.0,1.0,-3.0517578125e-05,-3.0517578125e-05,-3.0517578125e-05,-3.0517578125e-05,-3.0517578125e-05,-3.0517578125e-05,Z,4,2026-08-24_23-25-27,2026-08-25
0.9833514296055013,0.9722389861194931,0.8896396396396397,0.489247311827957,0.7261146496815286,1.0,0.0,0.0,0.0,1.0,1.0,-3.0517578125e-05,-3.0517578125e-05,-3.0517578125e-05,-3.0517578125e-05,-3.0517578125e-05,-3.0517578125e-05,Z,4,2026-08-24_23-25-27,2026-08-25
0.9833514296055013,0.9674109837054918,0.9054054054054054,0.46774193548387094,0.6751592356687898,1.0,0.0,0.0,0.0,1.0,1.0,-3.0517578125e-05,-3.0517578125e-05,-3.0517578125e-05,-3.0517578125e-05,-3.0517578125e-05,-3.0517578125e-05,Z,4,2026-08-24_23-25-27,2026-08-25
0.9833514296055013,0.9915509957754979,0.8986486486486487,0.4946236559139785,0.6624203821656051,1.0,0.0,0.0,0.0,1.0,1.0,-3.0517578125e-05,-3.0517578125e-05,-3.0517578125e-05,-3.0517578125e-05,-3.0517578125e-05,-3.0517578125e-05,Z,4,2026-08-24_23-25-27,2026-08-25
0.9775606225117626,0.987929993964997,0.9031531531531531,0.44086021505376344,0.6496815286624203,1.0,0.0,0.0,0.0,1.0,1.0,-3.0517578125e-05,-3.0517578125e-05,-3.0517578125e-05,-3.0517578125e-05,-3.0517578125e-05,-3.0517578125e-05,Z,4,2026-08-24_23-25-27,2026-08-25
0.9811798769453492,0.9891369945684972,0.9054054054054054,0.46236559139784944,0.5859872611464968,1.0,0.0,0.0,0.0,1.0,1.0,-3.0517578125e-05,-3.0517578125e-05,-3.0517578125e-05,-3.0517578125e-05,-3.0517578125e-05,-3.0517578125e-05,Z,4,2026-08-24_23-25-27,2026-08-25
0.9826275787187839,0.9818949909474954,0.9031531531531531,0.44086021505376344,0.5222929936305732,1.0,0.0,0.0,0.0,1.0,1.0,-3.0517578125e-05,-3.0517578125e-05,-3.0517578125e-05,-3.0517578125e-05,-3.0517578125e-05,-3.0517578125e-05,Z,4,2026-08-24_23-25-27,2026-08-25
0.9753890698516106,1.0,0.9256756756756757,0.46236559139784944,0.6496815286624203,1.0,0.0,0.0,0.0,1.0,1.0,-3.0517578125e-05,-3.0517578125e-05,-3.0517578125e-05,-3.0517578125e-05,-3.0517578125e-05,-3.0517578125e-05,Z,4,2026-08-24_23-25-27,2026-08-25
0.9761129207383279,0.9843089921544961,0.9054054054054054,0.43010752688172044,0.6369426751592356,1.0,0.0,0.0,0.0,1.0,1.0,-3.0517578125e-05,-3.0517578125e-05,-3.0517578125e-05,-3.0517578125e-05,-3.0517578125e-05,-3.0517578125e-05,Z,4,2026-08-24_23-25-27,2026-08-25
0.9782844733984799,0.9770669885334943,0.8986486486486487,0.4731182795698925,0.5732484076433121,1.0,0.0,0.0,0.0,1.0,1.0,-3.0517578125e-05,-3.0517578125e-05,-3.0517578125e-05,-3.0517578125e-05,-3.0517578125e-05,-3.0517578125e-05,Z,4,2026-08-24_23-25-27,2026-08-25
0.9761129207383279,0.9746529873264936,0.9054054054054054,0.4838709677419355,0.6878980891719745,1.0,0.0,0.0,0.0,1.0,1.0,-3.0517578125e-05,-3.0517578125e-05,-3.0517578125e-05,-3.0517578125e-05,-3.0517578125e-05,-3.0517578125e-05,Z,4,2026-08-24_23-25-27,2026-08-25
0.9782844733984799,0.9674109837054918,0.8828828828828829,0.45698924731182794,0.6496815286624203,1.0,0.0,0.0,0.0,1.0,1.0,-3.0517578125e-05,-3.0517578125e-05,-3.0517578125e-05,-3.0517578125e-05,-3.0517578125e-05,-3.0517578125e-05,Z,4,2026-08-24_23-25-27,2026-08-25
0.9753890698516106,0.9649969824984912,0.9009009009009009,0.489247311827957,0.6751592356687898,1.0,0.0,0.0,0.0,1.0,1.0,-3.0517578125e-05,-3.0517578125e-05,-3.0517578125e-05,-3.0517578125e-05,-3.0517578125e-05,-3.0517578125e-05,Z,4,2026-08-24_23-25-27,2026-08-25
0.9030039811798769,0.8334339167169583,0.8581081081081081,1.0,0.9808917197452229,0.0,1.0,1.0,1.0,1.0,0.0,-3.0517578125e-05,-3.0517578125e-05,-3.0517578125e-05,-3.0517578125e-05,-3.0517578125e-05,-3.0517578125e-05,O,5,2026-08-24_23-25-27,2026-08-25
0.9022801302931596,0.8286059143029572,0.8378378378378378,1.0,0.9808917197452229,0.0,1.0,1.0,1.0,1.0,0.0,-3.0517578125e-05,-3.0517578125e-05,-3.0517578125e-05,-3.0517578125e-05,-3.0517578125e-05,-3.0517578125e-05,O,5,2026-08-24_23-25-27,2026-08-25
0.9124140427072023,0.8467109233554617,0.8693693693693694,1.0,0.9171974522292994,0.0,1.0,1.0,1.0,1.0,0.0,-3.0517578125e-05,-3.0517578125e-05,-3.0517578125e-05,-3.0517578125e-05,-3.0517578125e-05,-3.0517578125e-05,O,5,2026-08-24_23-25-27,2026-08-25
0.8986608758595729,0.8805069402534701,0.8693693693693694,1.0,0.9554140127388535,0.0,1.0,1.0,1.0,1.0,0.0,-3.0517578125e-05,-3.0517578125e-05,-3.0517578125e-05,-3.0517578125e-05,-3.0517578125e-05,-3.0517578125e-05,O,5,2026-08-24_23-25-27,2026-08-25
0.9008324285197249,0.9408569704284853,0.8536036036036037,1.0,0.8789808917197452,0.0,1.0,1.0,1.0,1.0,0.0,-3.0517578125e-05,-3.0517578125e-05,-3.0517578125e-05,-3.0517578125e-05,-3.0517578125e-05,-3.0517578125e-05,O,5,2026-08-24_23-25-27,2026-08-25
0.913861744480637,0.9094749547374774,0.8220720720720721,1.0,0.9554140127388535,0.0,1.0,1.0,1.0,1.0,0.0,-3.0517578125e-05,-3.0517578125e-05,-3.0517578125e-05,-3.0517578125e-05,-3.0517578125e-05,-3.0517578125e-05,O,5,2026-08-24_23-25-27,2026-08-25
0.9015562794064422,0.9022329511164756,0.831081081081081,1.0,1.0,0.0,1.0,1.0,1.0,1.0,0.0,-3.0517578125e-05,-3.0517578125e-05,-3.0517578125e-05,-3.0517578125e-05,-3.0517578125e-05,-3.0517578125e-05,O,5,2026-08-24_23-25-27,2026-08-25
0.9022801302931596,0.896197948098974,0.8333333333333334,1.0,0.8789808917197452,0.0,1.0,1.0,1.0,1.0,0.0,-3.0517578125e-05,-3.0517578125e-05,-3.0517578125e-05,-3.0517578125e-05,-3.0517578125e-05,-3.0517578125e-05,O,5,2026-08-24_23-25-27,2026-08-25
0.9001085776330076,0.884127942063971,0.8265765765765766,1.0,0.9554140127388535,0.0,1.0,1.0,1.0,1.0,0.0,-3.0517578125e-05,-3.0517578125e-05,-3.0517578125e-05,-3.0517578125e-05,-3.0517578125e-05,-3.0517578125e-05,O,5,2026-08-24_23-25-27,2026-08-25
0.8964893231994209,0.8913699456849729,0.831081081081081,1.0,0.8789808917197452,0.0,1.0,1.0,1.0,1.0,0.0,-3.0517578125e-05,-3.0517578125e-05,-3.0517578125e-05,-3.0517578125e-05,-3.0517578125e-05,-3.0517578125e-05,O,5,2026-08-24_23-25-27,2026-08-25
0.9044516829533116,0.9058539529269765,0.8378378378378378,1.0,0.9426751592356688,0.0,1.0,1.0,1.0,1.0,0.0,-3.0517578125e-05,-3.0517578125e-05,-3.0517578125e-05,-3.0517578125e-05,-3.0517578125e-05,-3.0517578125e-05,O,5,2026-08-24_23-25-27,2026-08-25
0.8841838581252262,0.9094749547374774,0.8333333333333334,1.0,1.0,0.0,1.0,1.0,1.0,1.0,0.0,-3.0517578125e-05,-3.0517578125e-05,-3.0517578125e-05,-3.0517578125e-05,-3.0517578125e-05,-3.0517578125e-05,O,5,2026-08-24_23-25-27,2026-08-25
0.9022801302931596,0.9420639710319855,0.8648648648648649,1.0,0.9808917197452229,0.0,1.0,1.0,1.0,1.0,0.0,-3.0517578125e-05,-3.0517578125e-05,-3.0517578125e-05,-3.0517578125e-05,-3.0517578125e-05,-3.0517578125e-05,O,5,2026-08-24_23-25-27,2026-08-25
0.9030039811798769,0.9106819553409776,0.8468468468468469,1.0,0.9808917197452229,0.0,1.0,1.0,1.0,1.0,0.0,-3.0517578125e-05,-3.0517578125e-05,-3.0517578125e-05,-3.0517578125e-05,-3.0517578125e-05,-3.0517578125e-05,O,5,2026-08-24_23-25-27,2026-08-25
0.9022801302931596,0.8949909474954737,0.8490990990990991,1.0,0.9554140127388535,0.0,1.0,1.0,1.0,1.0,0.0,-3.0517578125e-05,-3.0517578125e-05,-3.0517578125e-05,-3.0517578125e-05,-3.0517578125e-05,-3.0517578125e-05,O,5,2026-08-24_23-25-27,2026-08-25
0.8964893231994209,0.8865419432709717,0.831081081081081,1.0,0.89171974522293,0.0,1.0,1.0,1.0,1.0,0.0,-3.0517578125e-05,-3.0517578125e-05,-3.0517578125e-05,-3.0517578125e-05,-3.0517578125e-05,-3.0517578125e-05,O,5,2026-08-24_23-25-27,2026-08-25
0.9058993847267462,0.8708509354254678,0.8400900900900901,1.0,1.0,0.0,1.0,1.0,1.0,1.0,0.0,-3.0517578125e-05,-3.0517578125e-05,-3.0517578125e-05,-3.0517578125e-05,-3.0517578125e-05,-3.0517578125e-05,O,5,2026-08-24_23-25-27,2026-08-25
0.9022801302931596,0.8805069402534701,0.8468468468468469,1.0,1.0,0.0,1.0,1.0,1.0,1.0,0.0,-3.0517578125e-05,-3.0517578125e-05,-3.0517578125e-05,-3.0517578125e-05,-3.0517578125e-05,-3.0517578125e-05,O,5,2026-08-24_23-25-27,2026-08-25
0.8950416214259862,0.8913699456849729,0.8423423423423423,1.0,0.9936305732484076,0.0,1.0,1.0,1.0,1.0,0.0,-3.0517578125e-05,-3.0517578125e-05,-3.0517578125e-05,-3.0517578125e-05,-3.0517578125e-05,-3.0517578125e-05,O,5,2026-08-24_23-25-27,2026-08-25
0.9066232356134636,0.8901629450814725,0.8671171171171171,1.0,1.0,0.0,1.0,1.0,1.0,1.0,0.0,-3.0517578125e-05,-3.0517578125e-05,-3.0517578125e-05,-3.0517578125e-05,-3.0517578125e-05,-3.0517578125e-05,O,5,2026-08-24_23-25-27,2026-08-25
0.9058993847267462,0.8768859384429692,0.8490990990990991,1.0,0.89171974522293,0.0,1.0,1.0,1.0,1.0,0.0,-3.0517578125e-05,-3.0517578125e-05,-3.0517578125e-05,-3.0517578125e-05,-3.0517578125e-05,-3.0517578125e-05,O,5,2026-08-24_23-25-27,2026-08-25
0.9015562794064422,0.8877489438744719,0.8378378378378378,1.0,0.9936305732484076,0.0,1.0,1.0,1.0,1.0,0.0,-3.0517578125e-05,-3.0517578125e-05,-3.0517578125e-05,-3.0517578125e-05,-3.0517578125e-05,-3.0517578125e-05,O,5,2026-08-24_23-25-27,2026-08-25
0.9124140427072023,0.923958961979481,0.8513513513513513,1.0,0.9808917197452229,0.0,1.0,1.0,1.0,1.0,0.0,-3.0517578125e-05,-3.0517578125e-05,-3.0517578125e-05,-3.0517578125e-05,-3.0517578125e-05,-3.0517578125e-05,O,5,2026-08-24_23-25-27,2026-08-25
0.9022801302931596,0.8696439348219674,0.8806306306306306,1.0,1.0,0.0,1.0,1.0,1.0,1.0,0.0,-3.0517578125e-05,-3.0517578125e-05,-3.0517578125e-05,-3.0517578125e-05,-3.0517578125e-05,-3.0517578125e-05,O,5,2026-08-24_23-25-27,2026-08-25
0.9087947882736156,0.899818949909475,0.8626126126126126,1.0,0.9426751592356688,0.0,1.0,1.0,1.0,1.0,0.0,-3.0517578125e-05,-3.0517578125e-05,-3.0517578125e-05,-3.0517578125e-05,-3.0517578125e-05,-3.0517578125e-05,O,5,2026-08-24_23-25-27,2026-08-25
0.9124140427072023,0.9227519613759807,0.8761261261261262,1.0,1.0,0.0,1.0,1.0,1.0,1.0,0.0,-3.0517578125e-05,-3.0517578125e-05,-3.0517578125e-05,-3.0517578125e-05,-3.0517578125e-05,-3.0517578125e-05,O,5,2026-08-24_23-25-27,2026-08-25
0.9095186391603329,0.9891369945684972,0.8333333333333334,1.0,0.9808917197452229,0.0,1.0,1.0,1.0,1.0,0.0,-3.0517578125e-05,-3.0517578125e-05,-3.0517578125e-05,-3.0517578125e-05,-3.0517578125e-05,-3.0517578125e-05,O,5,2026-08-24_23-25-27,2026-08-25
0.9124140427072023,0.9420639710319855,0.8603603603603603,1.0,0.9554140127388535,0.0,1.0,1.0,1.0,1.0,0.0,-3.0517578125e-05,-3.0517578125e-05,-3.0517578125e-05,-3.0517578125e-05,-3.0517578125e-05,-3.0517578125e-05,O,5,2026-08-24_23-25-27,2026-08-25
0.8986608758595729,0.9432709716354858,0.8581081081081081,1.0,1.0,0.0,1.0,1.0,1.0,1.0,0.0,-3.0517578125e-05,-3.0517578125e-05,-3.0517578125e-05,-3.0517578125e-05,-3.0517578125e-05,-3.0517578125e-05,O,5,2026-08-24_23-25-27,2026-08-25
0.9022801302931596,0.8467109233554617,0.8400900900900901,1.0,1.0,0.0,1.0,1.0,1.0,1.0,0.0,-3.0517578125e-05,-3.0517578125e-05,-3.0517578125e-05,-3.0517578125e-05,-3.0517578125e-05,-3.0517578125e-05,O,5,2026-08-24_23-25-27,2026-08-25
0.9124140427072023,0.9782739891369946,0.831081081081081,1.0,1.0,0.0,1.0,1.0,1.0,1.0,0.0,-3.0517578125e-05,-3.0517578125e-05,-3.0517578125e-05,-3.0517578125e-05,-3.0517578125e-05,-3.0517578125e-05,O,5,2026-08-24_23-25-27,2026-08-25
0.8986608758595729,1.0,0.8716216216216216,1.0,1.0,0.0,1.0,1.0,1.0,1.0,0.0,-3.0517578125e-05,-3.0517578125e-05,-3.0517578125e-05,-3.0517578125e-05,-3.0517578125e-05,-3.0517578125e-05,O,5,2026-08-24_23-25-27,2026-08-25
0.8914223669923995,0.9468919734459867,0.8693693693693694,1.0,1.0,0.0,1.0,1.0,1.0,1.0,0.0,-3.0517578125e-05,-3.0517578125e-05,-3.0517578125e-05,-3.0517578125e-05,-3.0517578125e-05,-3.0517578125e-05,O,5,2026-08-24_23-25-27,2026-08-25
0.8986608758595729,0.8467109233554617,0.8648648648648649,1.0,1.0,0.0,1.0,1.0,1.0,1.0,0.0,-3.0517578125e-05,-3.0517578125e-05,-3.0517578125e-05,-3.0517578125e-05,-3.0517578125e-05,-3.0517578125e-05,O,5,2026-08-24_23-25-27,2026-08-25
0.9066232356134636,0.8286059143029572,0.8536036036036037,1.0,1.0,0.0,1.0,1.0,1.0,1.0,0.0,-3.0517578125e-05,-3.0517578125e-05,-3.0517578125e-05,-3.0517578125e-05,-3.0517578125e-05,-3.0517578125e-05,O,5,2026-08-24_23-25-27,2026-08-25
0.9030039811798769,0.96016898008449,0.8333333333333334,1.0,1.0,0.0,1.0,1.0,1.0,1.0,0.0,-3.0517578125e-05,-3.0517578125e-05,-3.0517578125e-05,-3.0517578125e-05,-3.0517578125e-05,-3.0517578125e-05,O,5,2026-08-24_23-25-27,2026-08-25
0.8979370249728555,0.96016898008449,0.8536036036036037,1.0,1.0,0.0,1.0,1.0,1.0,1.0,0.0,-3.0517578125e-05,-3.0517578125e-05,-3.0517578125e-05,-3.0517578125e-05,-3.0517578125e-05,-3.0517578125e-05,O,5,2026-08-24_23-25-27,2026-08-25
0.8957654723127035,0.9251659625829813,0.8333333333333334,1.0,1.0,0.0,1.0,1.0,1.0,1.0,0.0,-3.0517578125e-05,-3.0517578125e-05,-3.0517578125e-05,-3.0517578125e-05,-3.0517578125e-05,-3.0517578125e-05,O,5,2026-08-24_23-25-27,2026-08-25
0.8972131740861382,1.0,0.8828828828828829,1.0,1.0,0.0,1.0,1.0,1.0,1.0,0.0,-3.0517578125e-05,-3.0517578125e-05,-3.0517578125e-05,-3.0517578125e-05,-3.0517578125e-05,-3.0517578125e-05,O,5,2026-08-24_23-25-27,2026-08-25
0.8863554107853782,0.8756789378394689,0.8693693693693694,1.0,1.0,0.0,1.0,1.0,1.0,1.0,0.0,-3.0517578125e-05,-3.0517578125e-05,-3.0517578125e-05,-3.0517578125e-05,-3.0517578125e-05,-3.0517578125e-05,O,5,2026-08-24_23-25-27,2026-08-25
0.9254433586681143,0.8611949305974653,0.8851351351351351,1.0,0.6114649681528662,0.0,1.0,1.0,1.0,1.0,1.0,-3.0517578125e-05,-3.0517578125e-05,-3.0517578125e-05,-3.0517578125e-05,-3.0517578125e-05,-3.0517578125e-05,O,6,2026-08-24_23-25-27,2026-08-25
0.9189287006876583,0.8684369342184671,0.8761261261261262,1.0,0.6751592356687898,0.0,1.0,1.0,1.0,1.0,1.0,-3.0517578125e-05,-3.0517578125e-05,-3.0517578125e-05,-3.0517578125e-05,-3.0517578125e-05,-3.0517578125e-05,O,6,2026-08-24_23-25-27,2026-08-25
0.9211002533478103,0.8611949305974653,0.8626126126126126,1.0,0.6751592356687898,0.0,1.0,1.0,1.0,1.0,1.0,-3.0517578125e-05,-3.0517578125e-05,-3.0517578125e-05,-3.0517578125e-05,-3.0517578125e-05,-3.0517578125e-05,O,6,2026-08-24_23-25-27,2026-08-25
0.9319580166485704,0.8539529269764635,0.8716216216216216,1.0,0.7261146496815286,0.0,1.0,1.0,1.0,1.0,1.0,-3.0517578125e-05,-3.0517578125e-05,-3.0517578125e-05,-3.0517578125e-05,-3.0517578125e-05,-3.0517578125e-05,O,6,2026-08-24_23-25-27,2026-08-25
0.9153094462540716,0.8539529269764635,0.8783783783783784,1.0,0.6114649681528662,0.0,1.0,1.0,1.0,1.0,1.0,-3.0517578125e-05,-3.0517578125e-05,-3.0517578125e-05,-3.0517578125e-05,-3.0517578125e-05,-3.0517578125e-05,O,6,2026-08-24_23-25-27,2026-08-25
0.9297864639884184,0.8539529269764635,0.8918918918918919,1.0,0.535031847133758,0.0,1.0,1.0,1.0,1.0,1.0,-3.0517578125e-05,-3.0517578125e-05,-3.0517578125e-05,-3.0517578125e-05,-3.0517578125e-05,-3.0517578125e-05,O,6,2026-08-24_23-25-27,2026-08-25
0.9124140427072023,0.8503319251659626,0.8716216216216216,1.0,0.6751592356687898,0.0,1.0,1.0,1.0,1.0,1.0,-3.0517578125e-05,-3.0517578125e-05,-3.0517578125e-05,-3.0517578125e-05,-3.0517578125e-05,-3.0517578125e-05,O,6,2026-08-24_23-25-27,2026-08-25
0.9297864639884184,0.8853349426674714,0.8738738738738738,1.0,0.6242038216560509,0.0,1.0,1.0,1.0,1.0,1.0,-3.0517578125e-05,-3.0517578125e-05,-3.0517578125e-05,-3.0517578125e-05,-3.0517578125e-05,-3.0517578125e-05,O,6,2026-08-24_23-25-27,2026-08-25
0.9174809989142236,0.9155099577549789,0.8896396396396397,1.0,0.7770700636942676,0.0,1.0,1.0,1.0,1.0,1.0,-3.0517578125e-05,-3.0517578125e-05,-3.0517578125e-05,-3.0517578125e-05,-3.0517578125e-05,-3.0517578125e-05,O,6,2026-08-24_23-25-27,2026-08-25
0.933405718422005,0.9324079662039831,0.8648648648648649,1.0,0.5732484076433121,0.0,1.0,1.0,1.0,1.0,1.0,-3.0517578125e-05,-3.0517578125e-05,-3.0517578125e-05,-3.0517578125e-05,-3.0517578125e-05,-3.0517578125e-05,O,6,2026-08-24_23-25-27,2026-08-25
0.9232718060079623,0.8865419432709717,0.8581081081081081,1.0,0.7388535031847133,0.0,1.0,1.0,1.0,1.0,1.0,-3.0517578125e-05,-3.0517578125e-05,-3.0517578125e-05,-3.0517578125e-05,-3.0517578125e-05,-3.0517578125e-05,O,6,2026-08-24_23-25-27,2026-08-25
0.9153094462540716,0.9034399517199758,0.8806306306306306,1.0,0.6878980891719745,0.0,1.0,1.0,1.0,1.0,1.0,-3.0517578125e-05,-3.0517578125e-05,-3.0517578125e-05,-3.0517578125e-05,-3.0517578125e-05,-3.0517578125e-05,O,6,2026-08-24_23-25-27,2026-08-25
0.9218241042345277,0.9734459867229933,0.9054054054054054,1.0,0.7388535031847133,0.0,1.0,1.0,1.0,1.0,1.0,-3.0517578125e-05,-3.0517578125e-05,-3.0517578125e-05,-3.0517578125e-05,-3.0517578125e-05,-3.0517578125e-05,O,6,2026-08-24_23-25-27,2026-08-25
0.9276149113282663,0.9806879903439951,0.8761261261261262,1.0,0.6242038216560509,0.0,1.0,1.0,1.0,1.0,1.0,-3.0517578125e-05,-3.0517578125e-05,-3.0517578125e-05,-3.0517578125e-05,-3.0517578125e-05,-3.0517578125e-05,O,6,2026-08-24_23-25-27,2026-08-25
0.9239956568946797,0.9312009656004828,0.8716216216216216,1.0,0.7006369426751592,0.0,1.0,1.0,1.0,1.0,1.0,-3.0517578125e-05,-3.0517578125e-05,-3.0517578125e-05,-3.0517578125e-05,-3.0517578125e-05,-3.0517578125e-05,O,6,2026-08-24_23-25-27,2026-08-25
0.9326818675352877,0.9336149668074833,0.8400900900900901,1.0,0.5859872611464968,0.0,1.0,1.0,1.0,1.0,1.0,-3.0517578125e-05,-3.0517578125e-05,-3.0517578125e-05,-3.0517578125e-05,-3.0517578125e-05,-3.0517578125e-05,O,6,2026-08-24_23-25-27,2026-08-25
0.9341295693087224,0.9287869643934822,0.8671171171171171,1.0,0.5987261146496815,0.0,1.0,1.0,1.0,1.0,1.0,-3.0517578125e-05,-3.0517578125e-05,-3.0517578125e-05,-3.0517578125e-05,-3.0517578125e-05,-3.0517578125e-05,O,6,2026-08-24_23-25-27,2026-08-25
0.9261672095548317,0.9287869643934822,0.8738738738738738,1.0,0.6751592356687898,0.0,1.0,1.0,1.0,1.0,1.0,-3.0517578125e-05,-3.0517578125e-05,-3.0517578125e-05,-3.0517578125e-05,-3.0517578125e-05,-3.0517578125e-05,O,6,2026-08-24_23-25-27,2026-08-25
0.9348534201954397,0.9046469523234761,0.8671171171171171,1.0,0.6369426751592356,0.0,1.0,1.0,1.0,1.0,1.0,-3.0517578125e-05,-3.0517578125e-05,-3.0517578125e-05,-3.0517578125e-05,-3.0517578125e-05,-3.0517578125e-05,O,6,2026-08-24_23-25-27,2026-08-25
0.9283387622149837,0.9034399517199758,0.8693693693693694,1.0,0.5859872611464968,0.0,1.0,1.0,1.0,1.0,1.0,-3.0517578125e-05,-3.0517578125e-05,-3.0517578125e-05,-3.0517578125e-05,-3.0517578125e-05,-3.0517578125e-05,O,6,2026-08-24_23-25-27,2026-08-25
0.9297864639884184,0.8901629450814725,0.8558558558558559,1.0,0.6242038216560509,0.0,1.0,1.0,1.0,1.0,1.0,-3.0517578125e-05,-3.0517578125e-05,-3.0517578125e-05,-3.0517578125e-05,-3.0517578125e-05,-3.0517578125e-05,O,6,2026-08-24_23-25-27,2026-08-25
0.9326818675352877,0.8974049487024743,0.8671171171171171,1.0,0.7006369426751592,0.0,1.0,1.0,1.0,1.0,1.0,-3.0517578125e-05,-3.0517578125e-05,-3.0517578125e-05,-3.0517578125e-05,-3.0517578125e-05,-3.0517578125e-05,O,6,2026-08-24_23-25-27,2026-08-25
0.931234165761853,0.899818949909475,0.8333333333333334,1.0,0.5987261146496815,0.0,1.0,1.0,1.0,1.0,1.0,-3.0517578125e-05,-3.0517578125e-05,-3.0517578125e-05,-3.0517578125e-05,-3.0517578125e-05,-3.0517578125e-05,O,6,2026-08-24_23-25-27,2026-08-25
0.9276149113282663,0.9070609535304768,0.8581081081081081,1.0,0.6751592356687898,0.0,1.0,1.0,1.0,1.0,1.0,-3.0517578125e-05,-3.0517578125e-05,-3.0517578125e-05,-3.0517578125e-05,-3.0517578125e-05,-3.0517578125e-05,O,6,2026-08-24_23-25-27,2026-08-25
0.9153094462540716,0.9106819553409776,0.8806306306306306,1.0,0.6496815286624203,0.0,1.0,1.0,1.0,1.0,1.0,-3.0517578125e-05,-3.0517578125e-05,-3.0517578125e-05,-3.0517578125e-05,-3.0517578125e-05,-3.0517578125e-05,O,6,2026-08-24_23-25-27,2026-08-25
0.9435396308360477,0.9312009656004828,0.8761261261261262,1.0,0.7643312101910829,0.0,1.0,1.0,1.0,1.0,1.0,-3.0517578125e-05,-3.0517578125e-05,-3.0517578125e-05,-3.0517578125e-05,-3.0517578125e-05,-3.0517578125e-05,O,6,2026-08-24_23-25-27,2026-08-25
0.9384726746290264,0.899818949909475,0.8716216216216216,1.0,0.7261146496815286,0.0,1.0,1.0,1.0,1.0,1.0,-3.0517578125e-05,-3.0517578125e-05,-3.0517578125e-05,-3.0517578125e-05,-3.0517578125e-05,-3.0517578125e-05,O,6,2026-08-24_23-25-27,2026-08-25
0.926891060441549,0.9106819553409776,0.8896396396396397,1.0,0.7261146496815286,0.0,1.0,1.0,1.0,1.0,1.0,-3.0517578125e-05,-3.0517578125e-05,-3.0517578125e-05,-3.0517578125e-05,-3.0517578125e-05,-3.0517578125e-05,O,6,2026-08-24_23-25-27,2026-08-25
0.9276149113282663,0.9094749547374774,0.8738738738738738,1.0,0.7006369426751592,0.0,1.0,1.0,1.0,1.0,1.0,-3.0517578125e-05,-3.0517578125e-05,-3.0517578125e-05,-3.0517578125e-05,-3.0517578125e-05,-3.0517578125e-05,O,6,2026-08-24_23-25-27,2026-08-25
0.924719507781397,0.9070609535304768,0.8828828828828829,1.0,0.6878980891719745,0.0,1.0,1.0,1.0,1.0,1.0,-3.0517578125e-05,-3.0517578125e-05,-3.0517578125e-05,-3.0517578125e-05,-3.0517578125e-05,-3.0517578125e-05,O,6,2026-08-24_23-25-27,2026-08-25
0.9276149113282663,0.8986119493059747,0.8671171171171171,1.0,0.7006369426751592,0.0,1.0,1.0,1.0,1.0,1.0,-3.0517578125e-05,-3.0517578125e-05,-3.0517578125e-05,-3.0517578125e-05,-3.0517578125e-05,-3.0517578125e-05,O,6,2026-08-24_23-25-27,2026-08-25
0.922547955121245,0.8817139408569704,0.8626126126126126,1.0,0.6624203821656051,0.0,1.0,1.0,1.0,1.0,1.0,-3.0517578125e-05,-3.0517578125e-05,-3.0517578125e-05,-3.0517578125e-05,-3.0517578125e-05,-3.0517578125e-05,O,6,2026-08-24_23-25-27,2026-08-25
0.9239956568946797,0.8684369342184671,0.8738738738738738,1.0,0.6496815286624203,0.0,1.0,1.0,1.0,1.0,1.0,-3.0517578125e-05,-3.0517578125e-05,-3.0517578125e-05,-3.0517578125e-05,-3.0517578125e-05,-3.0517578125e-05,O,6,2026-08-24_23-25-27,2026-08-25
0.9341295693087224,0.8889559444779722,0.8806306306306306,1.0,0.6496815286624203,0.0,1.0,1.0,1.0,1.0,1.0,-3.0517578125e-05,-3.0517578125e-05,-3.0517578125e-05,-3.0517578125e-05,-3.0517578125e-05,-3.0517578125e-05,O,6,2026-08-24_23-25-27,2026-08-25
0.9370249728555917,0.899818949909475,0.8806306306306306,1.0,0.6496815286624203,0.0,1.0,1.0,1.0,1.0,1.0,-3.0517578125e-05,-3.0517578125e-05,-3.0517578125e-05,-3.0517578125e-05,-3.0517578125e-05,-3.0517578125e-05,O,6,2026-08-24_23-25-27,2026-08-25
0.9283387622149837,0.8829209414604707,0.8671171171171171,1.0,0.6114649681528662,0.0,1.0,1.0,1.0,1.0,1.0,-3.0517578125e-05,-3.0517578125e-05,-3.0517578125e-05,-3.0517578125e-05,-3.0517578125e-05,-3.0517578125e-05,O,6,2026-08-24_23-25-27,2026-08-25
0.9348534201954397,0.9010259505129753,0.8671171171171171,1.0,0.5605095541401274,0.0,1.0,1.0,1.0,1.0,1.0,-3.0517578125e-05,-3.0517578125e-05,-3.0517578125e-05,-3.0517578125e-05,-3.0517578125e-05,-3.0517578125e-05,O,6,2026-08-24_23-25-27,2026-08-25
0.9189287006876583,0.8756789378394689,0.8490990990990991,1.0,0.6242038216560509,0.0,1.0,1.0,1.0,1.0,1.0,-3.0517578125e-05,-3.0517578125e-05,-3.0517578125e-05,-3.0517578125e-05,-3.0517578125e-05,-3.0517578125e-05,O,6,2026-08-24_23-25-27,2026-08-25
0.9305103148751357,0.8648159324079662,0.8558558558558559,1.0,0.6751592356687898,0.0,1.0,1.0,1.0,1.0,1.0,-3.0517578125e-05,-3.0517578125e-05,-3.0517578125e-05,-3.0517578125e-05,-3.0517578125e-05,-3.0517578125e-05,O,6,2026-08-24_23-25-27,2026-08-25
0.922547955121245,0.8636089318044659,0.8536036036036037,1.0,0.6496815286624203,0.0,1.0,1.0,1.0,1.0,1.0,-3.0517578125e-05,-3.0517578125e-05,-3.0517578125e-05,-3.0517578125e-05,-3.0517578125e-05,-3.0517578125e-05,O,6,2026-08-24_23-25-27,2026-08-25
0.9565689467969598,0.9480989740494871,0.9527027027027027,1.0,0.8152866242038217,0.0,1.0,1.0,1.0,1.0,0.0,-3.0517578125e-05,-3.0517578125e-05,-3.0517578125e-05,-3.0517578125e-05,-3.0517578125e-05,-3.0517578125e-05,O,7,2026-08-24_23-25-27,2026-08-25
0.9587404994571118,0.923958961979481,0.9436936936936937,1.0,0.8152866242038217,0.0,1.0,1.0,1.0,1.0,0.0,-3.0517578125e-05,-3.0517578125e-05,-3.0517578125e-05,-3.0517578125e-05,-3.0517578125e-05,-3.0517578125e-05,O,7,2026-08-24_23-25-27,2026-08-25
0.9609120521172638,0.9251659625829813,0.9504504504504504,1.0,0.8789808917197452,0.0,1.0,1.0,1.0,1.0,0.0,-3.0517578125e-05,-3.0517578125e-05,-3.0517578125e-05,-3.0517578125e-05,-3.0517578125e-05,-3.0517578125e-05,O,7,2026-08-24_23-25-27,2026-08-25
0.9601882012305465,0.9420639710319855,0.9369369369369369,1.0,0.7643312101910829,0.0,1.0,1.0,1.0,1.0,0.0,-3.0517578125e-05,-3.0517578125e-05,-3.0517578125e-05,-3.0517578125e-05,-3.0517578125e-05,-3.0517578125e-05,O,7,2026-08-24_23-25-27,2026-08-25
0.9601882012305465,0.9480989740494871,0.9774774774774775,1.0,0.8407643312101911,0.0,1.0,1.0,1.0,1.0,0.0,-3.0517578125e-05,-3.0517578125e-05,-3.0517578125e-05,-3.0517578125e-05,-3.0517578125e-05,-3.0517578125e-05,O,7,2026-08-24_23-25-27,2026-08-25
0.9587404994571118,0.9384429692214846,0.9279279279279279,1.0,0.8662420382165605,0.0,1.0,1.0,1.0,1.0,0.0,-3.0517578125e-05,-3.0517578125e-05,-3.0517578125e-05,-3.0517578125e-05,-3.0517578125e-05,-3.0517578125e-05,O,7,2026-08-24_23-25-27,2026-08-25
0.9601882012305465,0.9432709716354858,0.9414414414414415,1.0,0.8152866242038217,0.0,1.0,1.0,1.0,1.0,0.0,-3.0517578125e-05,-3.0517578125e-05,-3.0517578125e-05,-3.0517578125e-05,-3.0517578125e-05,-3.0517578125e-05,O,7,2026-08-24_23-25-27,2026-08-25
0.9609120521172638,0.9396499698249849,0.9279279279279279,1.0,0.7515923566878981,0.0,1.0,1.0,1.0,1.0,0.0,-3.0517578125e-05,-3.0517578125e-05,-3.0517578125e-05,-3.0517578125e-05,-3.0517578125e-05,-3.0517578125e-05,O,7,2026-08-24_23-25-27,2026-08-25
0.9580166485703945,0.9420639710319855,0.9301801801801802,1.0,0.6751592356687898,0.0,1.0,1.0,1.0,1.0,0.0,-3.0517578125e-05,-3.0517578125e-05,-3.0517578125e-05,-3.0517578125e-05,-3.0517578125e-05,-3.0517578125e-05,O,7,2026-08-24_23-25-27,2026-08-25
0.9601882012305465,0.9251659625829813,0.9436936936936937,1.0,0.8152866242038217,0.0,1.0,1.0,1.0,1.0,0.0,-3.0517578125e-05,-3.0517578125e-05,-3.0517578125e-05,-3.0517578125e-05,-3.0517578125e-05,-3.0517578125e-05,O,7,2026-08-24_23-25-27,2026-08-25
0.9623597538906985,0.9420639710319855,0.9301801801801802,1.0,0.7006369426751592,0.0,1.0,1.0,1.0,1.0,0.0,-3.0517578125e-05,-3.0517578125e-05,-3.0517578125e-05,-3.0517578125e-05,-3.0517578125e-05,-3.0517578125e-05,O,7,2026-08-24_23-25-27,2026-08-25
0.9551212450235251,0.936028968014484,0.9279279279279279,1.0,0.8280254777070064,0.0,1.0,1.0,1.0,1.0,0.0,-3.0517578125e-05,-3.0517578125e-05,-3.0517578125e-05,-3.0517578125e-05,-3.0517578125e-05,-3.0517578125e-05,O,7,2026-08-24_23-25-27,2026-08-25
0.9681505609844372,0.9456849728424864,0.9459459459459459,1.0,0.7515923566878981,0.0,1.0,1.0,1.0,1.0,0.0,-3.0517578125e-05,-3.0517578125e-05,-3.0517578125e-05,-3.0517578125e-05,-3.0517578125e-05,-3.0517578125e-05,O,7,2026-08-24_23-25-27,2026-08-25
0.9609120521172638,0.9396499698249849,0.9504504504504504,1.0,0.7515923566878981,0.0,1.0,1.0,1.0,1.0,0.0,-3.0517578125e-05,-3.0517578125e-05,-3.0517578125e-05,-3.0517578125e-05,-3.0517578125e-05,-3.0517578125e-05,O,7,2026-08-24_23-25-27,2026-08-25
0.9507781397032211,0.9287869643934822,0.9324324324324325,1.0,0.7515923566878981,0.0,1.0,1.0,1.0,1.0,0.0,-3.0517578125e-05,-3.0517578125e-05,-3.0517578125e-05,-3.0517578125e-05,-3.0517578125e-05,-3.0517578125e-05,O,7,2026-08-24_23-25-27,2026-08-25
0.9645313065508505,0.9444779722389861,0.9369369369369369,1.0,0.802547770700637,0.0,1.0,1.0,1.0,1.0,0.0,-3.0517578125e-05,-3.0517578125e-05,-3.0517578125e-05,-3.0517578125e-05,-3.0517578125e-05,-3.0517578125e-05,O,7,2026-08-24_23-25-27,2026-08-25
0.9587404994571118,0.9396499698249849,0.9301801801801802,1.0,0.8152866242038217,0.0,1.0,1.0,1.0,1.0,0.0,-3.0517578125e-05,-3.0517578125e-05,-3.0517578125e-05,-3.0517578125e-05,-3.0517578125e-05,-3.0517578125e-05,O,7,2026-08-24_23-25-27,2026-08-25
0.9558450959102425,0.9384429692214846,0.9234234234234234,1.0,0.7643312101910829,0.0,1.0,1.0,1.0,1.0,0.0,-3.0517578125e-05,-3.0517578125e-05,-3.0517578125e-05,-3.0517578125e-05,-3.0517578125e-05,-3.0517578125e-05,O,7,2026-08-24_23-25-27,2026-08-25
0.9717698154180239,0.9336149668074833,0.9481981981981982,1.0,0.8280254777070064,0.0,1.0,1.0,1.0,1.0,0.0,-3.0517578125e-05,-3.0517578125e-05,-3.0517578125e-05,-3.0517578125e-05,-3.0517578125e-05,-3.0517578125e-05,O,7,2026-08-24_23-25-27,2026-08-25
0.9500542888165038,0.9263729631864815,0.9324324324324325,1.0,0.802547770700637,0.0,1.0,1.0,1.0,1.0,0.0,-3.0517578125e-05,-3.0517578125e-05,-3.0517578125e-05,-3.0517578125e-05,-3.0517578125e-05,-3.0517578125e-05,O,7,2026-08-24_23-25-27,2026-08-25
0.9609120521172638,0.9420639710319855,0.9481981981981982,1.0,0.8280254777070064,0.0,1.0,1.0,1.0,1.0,0.0,-3.0517578125e-05,-3.0517578125e-05,-3.0517578125e-05,-3.0517578125e-05,-3.0517578125e-05,-3.0517578125e-05,O,7,2026-08-24_23-25-27,2026-08-25
0.9572927976836771,0.9420639710319855,0.9414414414414415,1.0,0.7770700636942676,0.0,1.0,1.0,1.0,1.0,0.0,-3.0517578125e-05,-3.0517578125e-05,-3.0517578125e-05,-3.0517578125e-05,-3.0517578125e-05,-3.0517578125e-05,O,7,2026-08-24_23-25-27,2026-08-25
0.9522258414766558,0.9480989740494871,0.9391891891891891,1.0,0.7770700636942676,0.0,1.0,1.0,1.0,1.0,0.0,-3.0517578125e-05,-3.0517578125e-05,-3.0517578125e-05,-3.0517578125e-05,-3.0517578125e-05,-3.0517578125e-05,O,7,2026-08-24_23-25-27,2026-08-25
0.9594643503438292,0.9420639710319855,0.9391891891891891,1.0,0.802547770700637,0.0,1.0,1.0,1.0,1.0,0.0,-3.0517578125e-05,-3.0517578125e-05,-3.0517578125e-05,-3.0517578125e-05,-3.0517578125e-05,-3.0517578125e-05,O,7,2026-08-24_23-25-27,2026-08-25
0.9486065870430691,0.9396499698249849,0.954954954954955,1.0,0.802547770700637,0.0,1.0,1.0,1.0,1.0,0.0,-3.0517578125e-05,-3.0517578125e-05,-3.0517578125e-05,-3.0517578125e-05,-3.0517578125e-05,-3.0517578125e-05,O,7,2026-08-24_23-25-27,2026-08-25
0.9601882012305465,0.936028968014484,0.9391891891891891,1.0,0.7388535031847133,0.0,1.0,1.0,1.0,1.0,0.0,-3.0517578125e-05,-3.0517578125e-05,-3.0517578125e-05,-3.0517578125e-05,-3.0517578125e-05,-3.0517578125e-05,O,7,2026-08-24_23-25-27,2026-08-25
0.9522258414766558,0.9263729631864815,0.9054054054054054,1.0,0.8152866242038217,0.0,1.0,1.0,1.0,1.0,0.0,-3.0517578125e-05,-3.0517578125e-05,-3.0517578125e-05,-3.0517578125e-05,-3.0517578125e-05,-3.0517578125e-05,O,7,2026-08-24_23-25-27,2026-08-25
0.9601882012305465,0.9541339770669885,0.9684684684684685,1.0,0.7770700636942676,0.0,1.0,1.0,1.0,1.0,0.0,-3.0517578125e-05,-3.0517578125e-05,-3.0517578125e-05,-3.0517578125e-05,-3.0517578125e-05,-3.0517578125e-05,O,7,2026-08-24_23-25-27,2026-08-25
0.9609120521172638,0.9384429692214846,0.9099099099099099,1.0,0.8152866242038217,0.0,1.0,1.0,1.0,1.0,0.0,-3.0517578125e-05,-3.0517578125e-05,-3.0517578125e-05,-3.0517578125e-05,-3.0517578125e-05,-3.0517578125e-05,O,7,2026-08-24_23-25-27,2026-08-25
0.9500542888165038,0.9408569704284853,0.9166666666666666,1.0,0.8152866242038217,0.0,1.0,1.0,1.0,1.0,0.0,-3.0517578125e-05,-3.0517578125e-05,-3.0517578125e-05,-3.0517578125e-05,-3.0517578125e-05,-3.0517578125e-05,O,7,2026-08-24_23-25-27,2026-08-25
0.9609120521172638,0.9348219674109837,0.9369369369369369,1.0,0.7898089171974523,0.0,1.0,1.0,1.0,1.0,0.0,-3.0517578125e-05,-3.0517578125e-05,-3.0517578125e-05,-3.0517578125e-05,-3.0517578125e-05,-3.0517578125e-05,O,7,2026-08-24_23-25-27,2026-08-25
0.9587404994571118,0.9299939649969825,0.9099099099099099,1.0,0.7898089171974523,0.0,1.0,1.0,1.0,1.0,0.0,-3.0517578125e-05,-3.0517578125e-05,-3.0517578125e-05,-3.0517578125e-05,-3.0517578125e-05,-3.0517578125e-05,O,7,2026-08-24_23-25-27,2026-08-25
0.9601882012305465,1.0,0.954954954954955,1.0,0.8280254777070064,0.0,1.0,1.0,1.0,1.0,0.0,-3.0517578125e-05,-3.0517578125e-05,-3.0517578125e-05,-3.0517578125e-05,-3.0517578125e-05,-3.0517578125e-05,O,7,2026-08-24_23-25-27,2026-08-25
0.9507781397032211,1.0,0.9459459459459459,1.0,0.7643312101910829,0.0,1.0,1.0,1.0,1.0,0.0,-3.0517578125e-05,-3.0517578125e-05,-3.0517578125e-05,-3.0517578125e-05,-3.0517578125e-05,-3.0517578125e-05,O,7,2026-08-24_23-25-27,2026-08-25
0.9601882012305465,1.0,0.9459459459459459,1.0,0.7261146496815286,0.0,1.0,1.0,1.0,1.0,0.0,-3.0517578125e-05,-3.0517578125e-05,-3.0517578125e-05,-3.0517578125e-05,-3.0517578125e-05,-3.0517578125e-05,O,7,2026-08-24_23-25-27,2026-08-25
0.9587404994571118,1.0,0.9527027027027027,1.0,0.7643312101910829,0.0,1.0,1.0,1.0,1.0,0.0,-3.0517578125e-05,-3.0517578125e-05,-3.0517578125e-05,-3.0517578125e-05,-3.0517578125e-05,-3.0517578125e-05,O,7,2026-08-24_23-25-27,2026-08-25
0.9500542888165038,1.0,0.954954954954955,1.0,0.7898089171974523,0.0,1.0,1.0,1.0,1.0,0.0,-3.0517578125e-05,-3.0517578125e-05,-3.0517578125e-05,-3.0517578125e-05,-3.0517578125e-05,-3.0517578125e-05,O,7,2026-08-24_23-25-27,2026-08-25
0.9601882012305465,1.0,0.9459459459459459,1.0,0.6751592356687898,0.0,1.0,1.0,1.0,1.0,0.0,-3.0517578125e-05,-3.0517578125e-05,-3.0517578125e-05,-3.0517578125e-05,-3.0517578125e-05,-3.0517578125e-05,O,7,2026-08-24_23-25-27,2026-08-25
0.9594643503438292,1.0,0.9481981981981982,1.0,0.8535031847133758,0.0,1.0,1.0,1.0,1.0,0.0,-3.0517578125e-05,-3.0517578125e-05,-3.0517578125e-05,-3.0517578125e-05,-3.0517578125e-05,-3.0517578125e-05,O,7,2026-08-24_23-25-27,2026-08-25
0.9601882012305465,1.0,0.9279279279279279,1.0,0.7515923566878981,0.0,1.0,1.0,1.0,1.0,0.0,-3.0517578125e-05,-3.0517578125e-05,-3.0517578125e-05,-3.0517578125e-05,-3.0517578125e-05,-3.0517578125e-05,O,7,2026-08-24_23-25-27,2026-08-25
0.8595729279768368,0.936028968014484,0.9054054054054054,1.0,1.0,0.0,1.0,1.0,1.0,1.0,0.0,-3.0517578125e-05,-3.0517578125e-05,-3.0517578125e-05,-3.0517578125e-05,-3.0517578125e-05,-3.0517578125e-05,O,8,2026-08-24_23-25-27,2026-08-25
0.8602967788635542,0.9444779722389861,0.9054054054054054,1.0,1.0,0.0,1.0,1.0,1.0,1.0,0.0,-3.0517578125e-05,-3.0517578125e-05,-3.0517578125e-05,-3.0517578125e-05,-3.0517578125e-05,-3.0517578125e-05,O,8,2026-08-24_23-25-27,2026-08-25
0.8595729279768368,0.9420639710319855,0.9144144144144144,1.0,1.0,0.0,1.0,1.0,1.0,1.0,0.0,-3.0517578125e-05,-3.0517578125e-05,-3.0517578125e-05,-3.0517578125e-05,-3.0517578125e-05,-3.0517578125e-05,O,8,2026-08-24_23-25-27,2026-08-25
0.8566775244299675,0.9408569704284853,0.8963963963963963,1.0,1.0,0.0,1.0,1.0,1.0,1.0,0.0,-3.0517578125e-05,-3.0517578125e-05,-3.0517578125e-05,-3.0517578125e-05,-3.0517578125e-05,-3.0517578125e-05,O,8,2026-08-24_23-25-27,2026-08-25
0.8660875859572928,0.9432709716354858,0.9054054054054054,1.0,1.0,0.0,1.0,1.0,1.0,1.0,0.0,-3.0517578125e-05,-3.0517578125e-05,-3.0517578125e-05,-3.0517578125e-05,-3.0517578125e-05,-3.0517578125e-05,O,8,2026-08-24_23-25-27,2026-08-25
0.8574013753166848,0.9420639710319855,0.9166666666666666,1.0,1.0,0.0,1.0,1.0,1.0,1.0,0.0,-3.0517578125e-05,-3.0517578125e-05,-3.0517578125e-05,-3.0517578125e-05,-3.0517578125e-05,-3.0517578125e-05,O,8,2026-08-24_23-25-27,2026-08-25
0.8675352877307275,0.9263729631864815,0.9054054054054054,1.0,1.0,0.0,1.0,1.0,1.0,1.0,0.0,-3.0517578125e-05,-3.0517578125e-05,-3.0517578125e-05,-3.0517578125e-05,-3.0517578125e-05,-3.0517578125e-05,O,8,2026-08-24_23-25-27,2026-08-25
0.8675352877307275,0.9336149668074833,0.9054054054054054,1.0,1.0,0.0,1.0,1.0,1.0,1.0,0.0,-3.0517578125e-05,-3.0517578125e-05,-3.0517578125e-05,-3.0517578125e-05,-3.0517578125e-05,-3.0517578125e-05,O,8,2026-08-24_23-25-27,2026-08-25
0.8660875859572928,0.9420639710319855,0.9144144144144144,1.0,1.0,0.0,1.0,1.0,1.0,1.0,0.0,-3.0517578125e-05,-3.0517578125e-05,-3.0517578125e-05,-3.0517578125e-05,-3.0517578125e-05,-3.0517578125e-05,O,8,2026-08-24_23-25-27,2026-08-25
0.8610206297502715,0.8986119493059747,0.9234234234234234,1.0,1.0,0.0,1.0,1.0,1.0,1.0,0.0,-3.0517578125e-05,-3.0517578125e-05,-3.0517578125e-05,-3.0517578125e-05,-3.0517578125e-05,-3.0517578125e-05,O,8,2026-08-24_23-25-27,2026-08-25
0.8668114368440102,0.9227519613759807,0.9054054054054054,1.0,1.0,0.0,1.0,1.0,1.0,1.0,0.0,-3.0517578125e-05,-3.0517578125e-05,-3.0517578125e-05,-3.0517578125e-05,-3.0517578125e-05,-3.0517578125e-05,O,8,2026-08-24_23-25-27,2026-08-25
0.8675352877307275,0.9299939649969825,0.9121621621621622,1.0,1.0,0.0,1.0,1.0,1.0,1.0,0.0,-3.0517578125e-05,-3.0517578125e-05,-3.0517578125e-05,-3.0517578125e-05,-3.0517578125e-05,-3.0517578125e-05,O,8,2026-08-24_23-25-27,2026-08-25
0.8682591386174449,0.936028968014484,0.9076576576576577,1.0,1.0,0.0,1.0,1.0,1.0,1.0,0.0,-3.0517578125e-05,-3.0517578125e-05,-3.0517578125e-05,-3.0517578125e-05,-3.0517578125e-05,-3.0517578125e-05,O,8,2026-08-24_23-25-27,2026-08-25
0.8798407528049221,0.9336149668074833,0.9054054054054054,1.0,1.0,0.0,1.0,1.0,1.0,1.0,0.0,-3.0517578125e-05,-3.0517578125e-05,-3.0517578125e-05,-3.0517578125e-05,-3.0517578125e-05,-3.0517578125e-05,O,8,2026-08-24_23-25-27,2026-08-25
0.8675352877307275,0.9143029571514786,0.9054054054054054,1.0,1.0,0.0,1.0,1.0,1.0,1.0,0.0,-3.0517578125e-05,-3.0517578125e-05,-3.0517578125e-05,-3.0517578125e-05,-3.0517578125e-05,-3.0517578125e-05,O,8,2026-08-24_23-25-27,2026-08-25
0.8718783930510315,0.9770669885334943,0.9076576576576577,1.0,1.0,0.0,1.0,1.0,1.0,1.0,0.0,-3.0517578125e-05,-3.0517578125e-05,-3.0517578125e-05,-3.0517578125e-05,-3.0517578125e-05,-3.0517578125e-05,O,8,2026-08-24_23-25-27,2026-08-25
0.8791169019182048,0.9674109837054918,0.918918918918919,1.0,1.0,0.0,1.0,1.0,1.0,1.0,0.0,-3.0517578125e-05,-3.0517578125e-05,-3.0517578125e-05,-3.0517578125e-05,-3.0517578125e-05,-3.0517578125e-05,O,8,2026-08-24_23-25-27,2026-08-25
0.8747737965979009,0.9806879903439951,0.9211711711711712,1.0,1.0,0.0,1.0,1.0,1.0,1.0,0.0,-3.0517578125e-05,-3.0517578125e-05,-3.0517578125e-05,-3.0517578125e-05,-3.0517578125e-05,-3.0517578125e-05,O,8,2026-08-24_23-25-27,2026-08-25
0.8805646036916395,0.996378998189499,0.9211711711711712,1.0,1.0,0.0,1.0,1.0,1.0,1.0,0.0,-3.0517578125e-05,-3.0517578125e-05,-3.0517578125e-05,-3.0517578125e-05,-3.0517578125e-05,-3.0517578125e-05,O,8,2026-08-24_23-25-27,2026-08-25
0.8791169019182048,0.9794809897404949,0.9234234234234234,1.0,1.0,0.0,1.0,1.0,1.0,1.0,0.0,-3.0517578125e-05,-3.0517578125e-05,-3.0517578125e-05,-3.0517578125e-05,-3.0517578125e-05,-3.0517578125e-05,O,8,2026-08-24_23-25-27,2026-08-25
0.8820123054650741,0.9782739891369946,0.9054054054054054,1.0,1.0,0.0,1.0,1.0,1.0,1.0,0.0,-3.0517578125e-05,-3.0517578125e-05,-3.0517578125e-05,-3.0517578125e-05,-3.0517578125e-05,-3.0517578125e-05,O,8,2026-08-24_23-25-27,2026-08-25
0.8856315598986608,0.9770669885334943,0.9031531531531531,1.0,1.0,0.0,1.0,1.0,1.0,1.0,0.0,-3.0517578125e-05,-3.0517578125e-05,-3.0517578125e-05,-3.0517578125e-05,-3.0517578125e-05,-3.0517578125e-05,O,8,2026-08-24_23-25-27,2026-08-25
0.8885269634455302,0.9662039831019915,0.8941441441441441,1.0,1.0,0.0,1.0,1.0,1.0,1.0,0.0,-3.0517578125e-05,-3.0517578125e-05,-3.0517578125e-05,-3.0517578125e-05,-3.0517578125e-05,-3.0517578125e-05,O,8,2026-08-24_23-25-27,2026-08-25
0.8769453492580528,0.9577549788774894,0.9099099099099099,1.0,1.0,0.0,1.0,1.0,1.0,1.0,0.0,-3.0517578125e-05,-3.0517578125e-05,-3.0517578125e-05,-3.0517578125e-05,-3.0517578125e-05,-3.0517578125e-05,O,8,2026-08-24_23-25-27,2026-08-25
0.8834600072385088,0.9553409776704889,0.9166666666666666,1.0,1.0,0.0,1.0,1.0,1.0,1.0,0.0,-3.0517578125e-05,-3.0517578125e-05,-3.0517578125e-05,-3.0517578125e-05,-3.0517578125e-05,-3.0517578125e-05,O,8,2026-08-24_23-25-27,2026-08-25
0.8834600072385088,0.9553409776704889,0.9166666666666666,1.0,1.0,0.0,1.0,1.0,1.0,1.0,0.0,-3.0517578125e-05,-3.0517578125e-05,-3.0517578125e-05,-3.0517578125e-05,-3.0517578125e-05,-3.0517578125e-05,O,8,2026-08-24_23-25-27,2026-08-25
0.8885269634455302,0.9565479782739892,0.9076576576576577,1.0,1.0,0.0,1.0,1.0,1.0,1.0,0.0,-3.0517578125e-05,-3.0517578125e-05,-3.0517578125e-05,-3.0517578125e-05,-3.0517578125e-05,-3.0517578125e-05,O,8,2026-08-24_23-25-27,2026-08-25
0.8906985161056822,0.9432709716354858,0.9301801801801802,1.0,1.0,0.0,1.0,1.0,1.0,1.0,0.0,-3.0517578125e-05,-3.0517578125e-05,-3.0517578125e-05,-3.0517578125e-05,-3.0517578125e-05,-3.0517578125e-05,O,8,2026-08-24_23-25-27,2026-08-25
0.8870792616720955,0.9541339770669885,0.9166666666666666,1.0,1.0,0.0,1.0,1.0,1.0,1.0,0.0,-3.0517578125e-05,-3.0517578125e-05,-3.0517578125e-05,-3.0517578125e-05,-3.0517578125e-05,-3.0517578125e-05,O,8,2026-08-24_23-25-27,2026-08-25
0.8856315598986608,0.9480989740494871,0.918918918918919,1.0,1.0,0.0,1.0,1.0,1.0,1.0,0.0,-3.0517578125e-05,-3.0517578125e-05,-3.0517578125e-05,-3.0517578125e-05,-3.0517578125e-05,-3.0517578125e-05,O,8,2026-08-24_23-25-27,2026-08-25
0.8957654723127035,0.9480989740494871,0.8986486486486487,1.0,1.0,0.0,1.0,1.0,1.0,1.0,0.0,-3.0517578125e-05,-3.0517578125e-05,-3.0517578125e-05,-3.0517578125e-05,-3.0517578125e-05,-3.0517578125e-05,O,8,2026-08-24_23-25-27,2026-08-25
0.8870792616720955,0.9577549788774894,0.9121621621621622,1.0,1.0,0.0,1.0,1.0,1.0,1.0,0.0,-3.0517578125e-05,-3.0517578125e-05,-3.0517578125e-05,-3.0517578125e-05,-3.0517578125e-05,-3.0517578125e-05,O,8,2026-08-24_23-25-27,2026-08-25
0.8870792616720955,0.9734459867229933,0.9256756756756757,1.0,1.0,0.0,1.0,1.0,1.0,1.0,0.0,-3.0517578125e-05,-3.0517578125e-05,-3.0517578125e-05,-3.0517578125e-05,-3.0517578125e-05,-3.0517578125e-05,O,8,2026-08-24_23-25-27,2026-08-25
0.8906985161056822,0.9831019915509958,0.9301801801801802,1.0,1.0,0.0,1.0,1.0,1.0,1.0,0.0,-3.0517578125e-05,-3.0517578125e-05,-3.0517578125e-05,-3.0517578125e-05,-3.0517578125e-05,-3.0517578125e-05,O,8,2026-08-24_23-25-27,2026-08-25
0.8906985161056822,0.9770669885334943,0.9144144144144144,1.0,1.0,0.0,1.0,1.0,1.0,1.0,0.0,-3.0517578125e-05,-3.0517578125e-05,-3.0517578125e-05,-3.0517578125e-05,-3.0517578125e-05,-3.0517578125e-05,O,8,2026-08-24_23-25-27,2026-08-25
0.8914223669923995,0.9951719975859988,0.9099099099099099,1.0,1.0,0.0,1.0,1.0,1.0,1.0,0.0,-3.0517578125e-05,-3.0517578125e-05,-3.0517578125e-05,-3.0517578125e-05,-3.0517578125e-05,-3.0517578125e-05,O,8,2026-08-24_23-25-27,2026-08-25
0.8906985161056822,0.9794809897404949,0.9256756756756757,1.0,1.0,0.0,1.0,1.0,1.0,1.0,0.0,-3.0517578125e-05,-3.0517578125e-05,-3.0517578125e-05,-3.0517578125e-05,-3.0517578125e-05,-3.0517578125e-05,O,8,2026-08-24_23-25-27,2026-08-25
0.8950416214259862,0.9529269764634882,0.9121621621621622,1.0,1.0,0.0,1.0,1.0,1.0,1.0,0.0,-3.0517578125e-05,-3.0517578125e-05,-3.0517578125e-05,-3.0517578125e-05,-3.0517578125e-05,-3.0517578125e-05,O,8,2026-08-24_23-25-27,2026-08-25
0.8979370249728555,0.9975859987929994,0.9256756756756757,1.0,1.0,0.0,1.0,1.0,1.0,1.0,0.0,-3.0517578125e-05,-3.0517578125e-05,-3.0517578125e-05,-3.0517578125e-05,-3.0517578125e-05,-3.0517578125e-05,O,8,2026-08-24_23-25-27,2026-08-25
0.8928700687658342,0.9915509957754979,0.9166666666666666,1.0,1.0,0.0,1.0,1.0,1.0,1.0,0.0,-3.0517578125e-05,-3.0517578125e-05,-3.0517578125e-05,-3.0517578125e-05,-3.0517578125e-05,-3.0517578125e-05,O,8,2026-08-24_23-25-27,2026-08-25
0.8566775244299675,0.8768859384429692,0.8671171171171171,1.0,1.0,0.0,1.0,1.0,1.0,1.0,0.0,-3.0517578125e-05,-3.0517578125e-05,-3.0517578125e-05,-3.0517578125e-05,-3.0517578125e-05,-3.0517578125e-05,O,9,2026-08-24_23-25-27,2026-08-25
0.8516105682229461,0.8648159324079662,0.8445945945945946,1.0,1.0,0.0,1.0,1.0,1.0,1.0,0.0,-3.0517578125e-05,-3.0517578125e-05,-3.0517578125e-05,-3.0517578125e-05,-3.0517578125e-05,-3.0517578125e-05,O,9,2026-08-24_23-25-27,2026-08-25
0.8566775244299675,0.9408569704284853,0.8626126126126126,1.0,1.0,0.0,1.0,1.0,1.0,1.0,0.0,-3.0517578125e-05,-3.0517578125e-05,-3.0517578125e-05,-3.0517578125e-05,-3.0517578125e-05,-3.0517578125e-05,O,9,2026-08-24_23-25-27,2026-08-25
0.8566775244299675,0.9553409776704889,0.8851351351351351,1.0,1.0,0.0,1.0,1.0,1.0,1.0,0.0,-3.0517578125e-05,-3.0517578125e-05,-3.0517578125e-05,-3.0517578125e-05,-3.0517578125e-05,-3.0517578125e-05,O,9,2026-08-24_23-25-27,2026-08-25
0.8574013753166848,0.9493059746529873,0.8761261261261262,1.0,1.0,0.0,1.0,1.0,1.0,1.0,0.0,-3.0517578125e-05,-3.0517578125e-05,-3.0517578125e-05,-3.0517578125e-05,-3.0517578125e-05,-3.0517578125e-05,O,9,2026-08-24_23-25-27,2026-08-25
0.8566775244299675,0.9372359686179843,0.8806306306306306,1.0,1.0,0.0,1.0,1.0,1.0,1.0,0.0,-3.0517578125e-05,-3.0517578125e-05,-3.0517578125e-05,-3.0517578125e-05,-3.0517578125e-05,-3.0517578125e-05,O,9,2026-08-24_23-25-27,2026-08-25
0.8610206297502715,0.9155099577549789,0.8558558558558559,1.0,1.0,0.0,1.0,1.0,1.0,1.0,0.0,-3.0517578125e-05,-3.0517578125e-05,-3.0517578125e-05,-3.0517578125e-05,-3.0517578125e-05,-3.0517578125e-05,O,9,2026-08-24_23-25-27,2026-08-25
0.8581252262034021,0.8877489438744719,0.8626126126126126,1.0,0.9936305732484076,0.0,1.0,1.0,1.0,1.0,0.0,-3.0517578125e-05,-3.0517578125e-05,-3.0517578125e-05,-3.0517578125e-05,-3.0517578125e-05,-3.0517578125e-05,O,9,2026-08-24_23-25-27,2026-08-25
0.8624683315237062,0.9468919734459867,0.8648648648648649,1.0,1.0,0.0,1.0,1.0,1.0,1.0,0.0,-3.0517578125e-05,-3.0517578125e-05,-3.0517578125e-05,-3.0517578125e-05,-3.0517578125e-05,-3.0517578125e-05,O,9,2026-08-24_23-25-27,2026-08-25
0.8559536735432501,0.8949909474954737,0.8671171171171171,1.0,0.9936305732484076,0.0,1.0,1.0,1.0,1.0,0.0,-3.0517578125e-05,-3.0517578125e-05,-3.0517578125e-05,-3.0517578125e-05,-3.0517578125e-05,-3.0517578125e-05,O,9,2026-08-24_23-25-27,2026-08-25
0.8523344191096635,0.9312009656004828,0.8445945945945946,1.0,1.0,0.0,1.0,1.0,1.0,1.0,0.0,-3.0517578125e-05,-3.0517578125e-05,-3.0517578125e-05,-3.0517578125e-05,-3.0517578125e-05,-3.0517578125e-05,O,9,2026-08-24_23-25-27,2026-08-25
0.8566775244299675,0.9263729631864815,0.8603603603603603,1.0,1.0,0.0,1.0,1.0,1.0,1.0,0.0,-3.0517578125e-05,-3.0517578125e-05,-3.0517578125e-05,-3.0517578125e-05,-3.0517578125e-05,-3.0517578125e-05,O,9,2026-08-24_23-25-27,2026-08-25
0.8566775244299675,0.9806879903439951,0.8783783783783784,1.0,0.9936305732484076,0.0,1.0,1.0,1.0,1.0,0.0,-3.0517578125e-05,-3.0517578125e-05,-3.0517578125e-05,-3.0517578125e-05,-3.0517578125e-05,-3.0517578125e-05,O,9,2026-08-24_23-25-27,2026-08-25
0.8566775244299675,0.8684369342184671,0.8716216216216216,1.0,1.0,0.0,1.0,1.0,1.0,1.0,0.0,-3.0517578125e-05,-3.0517578125e-05,-3.0517578125e-05,-3.0517578125e-05,-3.0517578125e-05,-3.0517578125e-05,O,9,2026-08-24_23-25-27,2026-08-25
0.8537821208830981,0.9010259505129753,0.8693693693693694,1.0,1.0,0.0,1.0,1.0,1.0,1.0,0.0,-3.0517578125e-05,-3.0517578125e-05,-3.0517578125e-05,-3.0517578125e-05,-3.0517578125e-05,-3.0517578125e-05,O,9,2026-08-24_23-25-27,2026-08-25
0.8653637350705755,0.8756789378394689,0.8761261261261262,1.0,1.0,0.0,1.0,1.0,1.0,1.0,0.0,-3.0517578125e-05,-3.0517578125e-05,-3.0517578125e-05,-3.0517578125e-05,-3.0517578125e-05,-3.0517578125e-05,O,9,2026-08-24_23-25-27,2026-08-25
0.8617444806369888,0.884127942063971,0.8558558558558559,1.0,1.0,0.0,1.0,1.0,1.0,1.0,0.0,-3.0517578125e-05,-3.0517578125e-05,-3.0517578125e-05,-3.0517578125e-05,-3.0517578125e-05,-3.0517578125e-05,O,9,2026-08-24_23-25-27,2026-08-25
0.8602967788635542,0.8986119493059747,0.8806306306306306,1.0,1.0,0.0,1.0,1.0,1.0,1.0,0.0,-3.0517578125e-05,-3.0517578125e-05,-3.0517578125e-05,-3.0517578125e-05,-3.0517578125e-05,-3.0517578125e-05,O,9,2026-08-24_23-25-27,2026-08-25
0.8559536735432501,0.9022329511164756,0.8626126126126126,1.0,0.9808917197452229,0.0,1.0,1.0,1.0,1.0,0.0,-3.0517578125e-05,-3.0517578125e-05,-3.0517578125e-05,-3.0517578125e-05,-3.0517578125e-05,-3.0517578125e-05,O,9,2026-08-24_23-25-27,2026-08-25
0.8653637350705755,0.9227519613759807,0.8626126126126126,1.0,0.9808917197452229,0.0,1.0,1.0,1.0,1.0,0.0,-3.0517578125e-05,-3.0517578125e-05,-3.0517578125e-05,-3.0517578125e-05,-3.0517578125e-05,-3.0517578125e-05,O,9,2026-08-24_23-25-27,2026-08-25
0.8487151646760768,0.9336149668074833,0.8851351351351351,1.0,1.0,0.0,1.0,1.0,1.0,1.0,0.0,-3.0517578125e-05,-3.0517578125e-05,-3.0517578125e-05,-3.0517578125e-05,-3.0517578125e-05,-3.0517578125e-05,O,9,2026-08-24_23-25-27,2026-08-25
0.8581252262034021,0.9299939649969825,0.8761261261261262,1.0,1.0,0.0,1.0,1.0,1.0,1.0,0.0,-3.0517578125e-05,-3.0517578125e-05,-3.0517578125e-05,-3.0517578125e-05,-3.0517578125e-05,-3.0517578125e-05,O,9,2026-08-24_23-25-27,2026-08-25
0.8602967788635542,0.9420639710319855,0.8806306306306306,1.0,0.9936305732484076,0.0,1.0,1.0,1.0,1.0,0.0,-3.0517578125e-05,-3.0517578125e-05,-3.0517578125e-05,-3.0517578125e-05,-3.0517578125e-05,-3.0517578125e-05,O,9,2026-08-24_23-25-27,2026-08-25
0.8631921824104235,0.9589619794809897,0.8558558558558559,1.0,1.0,0.0,1.0,1.0,1.0,1.0,0.0,-3.0517578125e-05,-3.0517578125e-05,-3.0517578125e-05,-3.0517578125e-05,-3.0517578125e-05,-3.0517578125e-05,O,9,2026-08-24_23-25-27,2026-08-25
0.8559536735432501,0.9480989740494871,0.8851351351351351,1.0,1.0,0.0,1.0,1.0,1.0,1.0,0.0,-3.0517578125e-05,-3.0517578125e-05,-3.0517578125e-05,-3.0517578125e-05,-3.0517578125e-05,-3.0517578125e-05,O,9,2026-08-24_23-25-27,2026-08-25
0.8602967788635542,0.9348219674109837,0.8716216216216216,1.0,1.0,0.0,1.0,1.0,1.0,1.0,0.0,-3.0517578125e-05,-3.0517578125e-05,-3.0517578125e-05,-3.0517578125e-05,-3.0517578125e-05,-3.0517578125e-05,O,9,2026-08-24_23-25-27,2026-08-25
0.8566775244299675,0.9070609535304768,0.8896396396396397,1.0,0.9681528662420382,0.0,1.0,1.0,1.0,1.0,0.0,-3.0517578125e-05,-3.0517578125e-05,-3.0517578125e-05,-3.0517578125e-05,-3.0517578125e-05,-3.0517578125e-05,O,9,2026-08-24_23-25-27,2026-08-25
0.8617444806369888,0.8805069402534701,0.8693693693693694,1.0,1.0,0.0,1.0,1.0,1.0,1.0,0.0,-3.0517578125e-05,-3.0517578125e-05,-3.0517578125e-05,-3.0517578125e-05,-3.0517578125e-05,-3.0517578125e-05,O,9,2026-08-24_23-25-27,2026-08-25
0.8675352877307275,0.8780929390464696,0.8828828828828829,1.0,1.0,0.0,1.0,1.0,1.0,1.0,0.0,-3.0517578125e-05,-3.0517578125e-05,-3.0517578125e-05,-3.0517578125e-05,-3.0517578125e-05,-3.0517578125e-05,O,9,2026-08-24_23-25-27,2026-08-25
0.8559536735432501,0.8805069402534701,0.8536036036036037,1.0,1.0,0.0,1.0,1.0,1.0,1.0,0.0,-3.0517578125e-05,-3.0517578125e-05,-3.0517578125e-05,-3.0517578125e-05,-3.0517578125e-05,-3.0517578125e-05,O,9,2026-08-24_23-25-27,2026-08-25
0.8537821208830981,0.8756789378394689,0.8693693693693694,1.0,0.9808917197452229,0.0,1.0,1.0,1.0,1.0,0.0,-3.0517578125e-05,-3.0517578125e-05,-3.0517578125e-05,-3.0517578125e-05,-3.0517578125e-05,-3.0517578125e-05,O,9,2026-08-24_23-25-27,2026-08-25
0.8588490770901195,0.872057936028968,0.8693693693693694,1.0,1.0,0.0,1.0,1.0,1.0,1.0,0.0,-3.0517578125e-05,-3.0517578125e-05,-3.0517578125e-05,-3.0517578125e-05,-3.0517578125e-05,-3.0517578125e-05,O,9,2026-08-24_23-25-27,2026-08-25
0.8624683315237062,0.8648159324079662,0.8581081081081081,1.0,1.0,0.0,1.0,1.0,1.0,1.0,0.0,-3.0517578125e-05,-3.0517578125e-05,-3.0517578125e-05,-3.0517578125e-05,-3.0517578125e-05,-3.0517578125e-05,O,9,2026-08-24_23-25-27,2026-08-25
0.8639160332971408,0.8708509354254678,0.8693693693693694,1.0,1.0,0.0,1.0,1.0,1.0,1.0,0.0,-3.0517578125e-05,-3.0517578125e-05,-3.0517578125e-05,-3.0517578125e-05,-3.0517578125e-05,-3.0517578125e-05,O,9,2026-08-24_23-25-27,2026-08-25
0.8631921824104235,0.872057936028968,0.8828828828828829,1.0,1.0,0.0,1.0,1.0,1.0,1.0,0.0,-3.0517578125e-05,-3.0517578125e-05,-3.0517578125e-05,-3.0517578125e-05,-3.0517578125e-05,-3.0517578125e-05,O,9,2026-08-24_23-25-27,2026-08-25
0.8675352877307275,0.8611949305974653,0.8671171171171171,1.0,1.0,0.0,1.0,1.0,1.0,1.0,0.0,-3.0517578125e-05,-3.0517578125e-05,-3.0517578125e-05,-3.0517578125e-05,-3.0517578125e-05,-3.0517578125e-05,O,9,2026-08-24_23-25-27,2026-08-25
0.8653637350705755,0.8829209414604707,0.8941441441441441,1.0,1.0,0.0,1.0,1.0,1.0,1.0,0.0,-3.0517578125e-05,-3.0517578125e-05,-3.0517578125e-05,-3.0517578125e-05,-3.0517578125e-05,-3.0517578125e-05,O,9,2026-08-24_23-25-27,2026-08-25
0.8624683315237062,0.8974049487024743,0.8671171171171171,1.0,1.0,0.0,1.0,1.0,1.0,1.0,0.0,-3.0517578125e-05,-3.0517578125e-05,-3.0517578125e-05,-3.0517578125e-05,-3.0517578125e-05,-3.0517578125e-05,O,9,2026-08-24_23-25-27,2026-08-25
0.8581252262034021,0.8829209414604707,0.8738738738738738,1.0,0.9554140127388535,0.0,1.0,1.0,1.0,1.0,0.0,-3.0517578125e-05,-3.0517578125e-05,-3.0517578125e-05,-3.0517578125e-05,-3.0517578125e-05,-3.0517578125e-05,O,9,2026-08-24_23-25-27,2026-08-25
0.8675352877307275,0.8805069402534701,0.8648648648648649,1.0,1.0,0.0,1.0,1.0,1.0,1.0,0.0,-3.0517578125e-05,-3.0517578125e-05,-3.0517578125e-05,-3.0517578125e-05,-3.0517578125e-05,-3.0517578125e-05,O,9,2026-08-24_23-25-27,2026-08-25
