flex_pinky,flex_ring,flex_middle,flex_index,flex_thumb,touch_index,touch_middle,touch_ring,touch_pinky,touch_r,touch_u,ax,ay,az,gx,gy,gz,label,rep,session,day
0.9507781397032211,0.9987929993964997,0.0,0.0,0.43312101910828027,1.0,1.0,1.0,1.0,1.0,0.0,0.177490234375,-0.47705078125,0.040283203125,-0.04534912109375,-0.02764892578125,0.00872802734375,H,0,2026-08-24_23-25-27,2026-08-24
0.9449873326094824,1.0,0.0,0.0,0.5222929936305732,1.0,1.0,1.0,1.0,1.0,0.0,0.176025390625,-0.4881591796875,0.0306396484375,-0.018768310546875,-0.010345458984375,0.00555419921875,H,0,2026-08-24_23-25-27,2026-08-24
0.9478827361563518,1.0,0.0,0.0,0.5605095541401274,1.0,1.0,1.0,1.0,1.0,0.0,0.177490234375,-0.4835205078125,0.0299072265625,-0.017578125,0.002471923828125,0.000213623046875,H,0,2026-08-24_23-25-27,2026-08-24
0.9594643503438292,1.0,0.0,0.0,0.6114649681528662,1.0,1.0,1.0,1.0,1.0,0.0,0.1826171875,-0.47509765625,0.0394287109375,-0.002166748046875,-0.01470947265625,0.0025634765625,H,0,2026-08-24_23-25-27,2026-08-24
0.9522258414766558,0.9939649969824985,0.0,0.0,0.6496815286624203,1.0,1.0,1.0,1.0,1.0,0.0,0.1759033203125,-0.4891357421875,0.035888671875,0.002197265625,-0.0181884765625,0.003662109375,H,0,2026-08-24_23-25-27,2026-08-24
0.9413680781758957,0.9420639710319855,0.0,0.0,0.4968152866242038,1.0,1.0,1.0,1.0,1.0,0.0,0.1773681640625,-0.4825439453125,0.032470703125,-0.007293701171875,-0.010498046875,0.00372314453125,H,0,2026-08-24_23-25-27,2026-08-24
0.9486065870430691,0.9034399517199758,0.0,0.0,0.5605095541401274,1.0,1.0,1.0,1.0,1.0,0.0,0.1710205078125,-0.4859619140625,0.03125,-0.00286865234375,0.00189208984375,0.00482177734375,H,0,2026-08-24_23-25-27,2026-08-24
0.9500542888165038,0.896197948098974,0.0,0.0,0.5095541401273885,1.0,1.0,1.0,1.0,1.0,0.0,0.18212890625,-0.487548828125,0.02880859375,-0.018585205078125,0.008331298828125,0.004302978515625,H,0,2026-08-24_23-25-27,2026-08-24
0.9399203764024611,0.8925769462884732,0.0,0.0,0.6369426751592356,1.0,1.0,1.0,1.0,1.0,0.0,0.1875,-0.482421875,0.0390625,-0.0166015625,-0.008758544921875,0.006622314453125,H,0,2026-08-24_23-25-27,2026-08-24
0.9536735432500905,1.0,0.0,0.0,0.6369426751592356,1.0,1.0,1.0,1.0,1.0,0.0,0.18212890625,-0.4859619140625,0.0379638671875,-0.00933837890625,-0.01934814453125,0.005035400390625,H,0,2026-08-24_23-25-27,2026-08-24
0.9515019905899385,1.0,0.0,0.0,0.4840764331210191,1.0,1.0,1.0,1.0,1.0,0.0,0.18212890625,-0.480712890625,0.0460205078125,-0.002838134765625,-0.017303466796875,0.005279541015625,H,0,2026-08-24_23-25-27,2026-08-24
0.9558450959102425,1.0,0.0,0.0,0.42038216560509556,1.0,1.0,1.0,1.0,1.0,0.0,0.172607421875,-0.4881591796875,0.0406494140625,0.0213623046875,-0.007843017578125,0.004638671875,H,0,2026-08-24_23-25-27,2026-08-24
0.9391965255157437,1.0,0.0,0.0,0.5732484076433121,1.0,1.0,1.0,1.0,1.0,0.0,0.182861328125,-0.4979248046875,0.0372314453125,0.007171630859375,-0.00213623046875,3.0517578125e-05,H,0,2026-08-24_23-25-27,2026-08-24
0.9522258414766558,1.0,0.0,0.0,0.5859872611464968,1.0,1.0,1.0,1.0,1.0,0.0,0.182861328125,-0.491455078125,0.041015625,-0.006927490234375,-0.00616455078125,0.000885009765625,H,0,2026-08-24_23-25-27,2026-08-24
0.9529496923633731,1.0,0.0,0.0,0.5732484076433121,1.0,1.0,1.0,1.0,1.0,0.0,0.182373046875,-0.4847412109375,0.04248046875,-0.016448974609375,-0.01702880859375,0.00335693359375,H,0,2026-08-24_23-25-27,2026-08-24
0.9486065870430691,0.8865419432709717,0.0,0.0,0.5477707006369427,1.0,1.0,1.0,1.0,1.0,0.0,0.1785888671875,-0.4884033203125,0.0450439453125,-0.00714111328125,-0.017425537109375,0.00164794921875,H,0,2026-08-24_23-25-27,2026-08-24
0.9507781397032211,0.9613759806879904,0.0,0.0,0.5222929936305732,1.0,1.0,1.0,1.0,1.0,0.0,0.1739501953125,-0.494140625,0.0394287109375,-0.005523681640625,-0.00201416015625,-0.001007080078125,H,0,2026-08-24_23-25-27,2026-08-24
0.9558450959102425,0.9432709716354858,0.0,0.0,0.5732484076433121,1.0,1.0,1.0,1.0,1.0,0.0,0.18212890625,-0.491455078125,0.0384521484375,-0.0130615234375,-0.00164794921875,-0.005126953125,H,0,2026-08-24_23-25-27,2026-08-24
0.9486065870430691,1.0,0.0,0.0,0.6242038216560509,1.0,1.0,1.0,1.0,1.0,0.0,0.17626953125,-0.48486328125,0.0413818359375,-0.0230712890625,-0.009246826171875,-0.001922607421875,H,0,2026-08-24_23-25-27,2026-08-24
0.9486065870430691,1.0,0.0,0.0,0.535031847133758,1.0,1.0,1.0,1.0,1.0,0.0,0.1712646484375,-0.486328125,0.0380859375,-0.024200439453125,0.002716064453125,-0.000213623046875,H,0,2026-08-24_23-25-27,2026-08-24
0.9507781397032211,1.0,0.0,0.0,0.5732484076433121,1.0,1.0,1.0,1.0,1.0,0.0,0.1748046875,-0.4859619140625,0.0389404296875,-0.02764892578125,0.010986328125,0.00372314453125,H,0,2026-08-24_23-25-27,2026-08-24
0.9558450959102425,1.0,0.0,0.0,0.5477707006369427,1.0,1.0,1.0,1.0,1.0,0.0,0.1900634765625,-0.487548828125,0.0467529296875,-0.035003662109375,0.00299072265625,0.00299072265625,H,0,2026-08-24_23-25-27,2026-08-24
0.9348534201954397,0.9722389861194931,0.0,0.0,0.5732484076433121,1.0,1.0,1.0,1.0,1.0,0.0,0.184814453125,-0.4779052734375,0.04833984375,-0.0316162109375,-0.016998291015625,0.001220703125,H,0,2026-08-24_23-25-27,2026-08-24
0.9478827361563518,0.9613759806879904,0.0,0.0,0.6624203821656051,1.0,1.0,1.0,1.0,1.0,0.0,0.1796875,-0.48291015625,0.0369873046875,-0.01007080078125,-0.01275634765625,0.002593994140625,H,0,2026-08-24_23-25-27,2026-08-24
0.9370249728555917,1.0,0.0,0.0,0.5987261146496815,1.0,1.0,1.0,1.0,1.0,0.0,0.1829833984375,-0.4813232421875,0.0384521484375,-0.007537841796875,-0.009490966796875,0.0008544921875,H,0,2026-08-24_23-25-27,2026-08-24
0.9435396308360477,1.0,0.0,0.0,0.4968152866242038,1.0,1.0,1.0,1.0,1.0,0.0,0.1751708984375,-0.485595703125,0.0391845703125,-0.006500244140625,-0.012359619140625,0.000701904296875,H,0,2026-08-24_23-25-27,2026-08-24
0.9478827361563518,1.0,0.0,0.0,0.5222929936305732,1.0,1.0,1.0,1.0,1.0,0.0,0.1810302734375,-0.4908447265625,0.0350341796875,-0.0169677734375,-0.006927490234375,0.00238037109375,H,0,2026-08-24_23-25-27,2026-08-24
0.9406442272891784,0.9420639710319855,0.0,0.0,0.535031847133758,1.0,1.0,1.0,1.0,1.0,0.0,0.185546875,-0.481201171875,0.0458984375,-0.019073486328125,-0.0111083984375,0.005096435546875,H,0,2026-08-24_23-25-27,2026-08-24
0.9449873326094824,1.0,0.0,0.0,0.5732484076433121,1.0,1.0,1.0,1.0,1.0,0.0,0.1756591796875,-0.4857177734375,0.041015625,-0.0064697265625,-0.00872802734375,0.003997802734375,H,0,2026-08-24_23-25-27,2026-08-24
0.9471588852696344,1.0,0.0,0.0,0.5987261146496815,1.0,1.0,1.0,1.0,1.0,0.0,0.183837890625,-0.4912109375,0.038330078125,-0.00872802734375,0.0003662109375,-0.000732421875,H,0,2026-08-24_23-25-27,2026-08-24
0.9500542888165038,1.0,0.0,0.0,0.6369426751592356,1.0,1.0,1.0,1.0,1.0,0.0,0.1925048828125,-0.48681640625,0.0509033203125,-0.011932373046875,-0.013671875,-0.002532958984375,H,0,2026-08-24_23-25-27,2026-08-24
0.9565689467969598,1.0,0.0,0.0,0.5477707006369427,1.0,1.0,1.0,1.0,1.0,0.0,0.177001953125,-0.4852294921875,0.0482177734375,-0.0074462890625,-0.019775390625,0.00189208984375,H,0,2026-08-24_23-25-27,2026-08-24
0.9435396308360477,1.0,0.0,0.0,0.42038216560509556,1.0,1.0,1.0,1.0,1.0,0.0,0.178466796875,-0.48828125,0.04345703125,-0.0135498046875,-0.00909423828125,0.00286865234375,H,0,2026-08-24_23-25-27,2026-08-24
0.9565689467969598,0.8792999396499698,0.0,0.0,0.6114649681528662,1.0,1.0,1.0,1.0,1.0,0.0,0.1815185546875,-0.4945068359375,0.0369873046875,-0.0098876953125,0.002349853515625,0.000579833984375,H,0,2026-08-24_23-25-27,2026-08-24
0.9500542888165038,0.9046469523234761,0.0,0.0,0.7261146496815286,1.0,1.0,1.0,1.0,1.0,0.0,0.1868896484375,-0.48583984375,0.044677734375,-0.019012451171875,-0.006561279296875,-0.00067138671875,H,0,2026-08-24_23-25-27,2026-08-24
0.9507781397032211,0.8853349426674714,0.0,0.0,0.4585987261146497,1.0,1.0,1.0,1.0,1.0,0.0,0.1859130859375,-0.4820556640625,0.045166015625,-0.0201416015625,-0.0213623046875,-0.00091552734375,H,0,2026-08-24_23-25-27,2026-08-24
0.9442634817227651,0.9034399517199758,0.0,0.0,0.6114649681528662,1.0,1.0,1.0,1.0,1.0,0.0,0.171142578125,-0.48291015625,0.0408935546875,-0.0029296875,-0.013153076171875,0.00091552734375,H,0,2026-08-24_23-25-27,2026-08-24
0.9464350343829171,0.9806879903439951,0.0,0.0,0.535031847133758,1.0,1.0,1.0,1.0,1.0,0.0,0.1766357421875,-0.4854736328125,0.0384521484375,-0.01263427734375,-0.0023193359375,-0.002288818359375,H,0,2026-08-24_23-25-27,2026-08-24
0.9486065870430691,1.0,0.0,0.0,0.40764331210191085,1.0,1.0,1.0,1.0,1.0,0.0,0.1802978515625,-0.4874267578125,0.0401611328125,-0.013397216796875,-0.004058837890625,-0.00189208984375,H,0,2026-08-24_23-25-27,2026-08-24
0.9449873326094824,1.0,0.0,0.0,0.445859872611465,1.0,1.0,1.0,1.0,1.0,0.0,0.1815185546875,-0.4871826171875,0.04736328125,-0.025238037109375,-0.01373291015625,0.0,H,0,2026-08-24_23-25-27,2026-08-24
0.9211002533478103,0.8648159324079662,0.0,0.0,0.40764331210191085,1.0,1.0,1.0,1.0,1.0,0.0,0.21630859375,-0.4794921875,0.0103759765625,-0.01190185546875,-0.046600341796875,0.011383056640625,H,1,2026-08-24_23-25-27,2026-08-24
0.924719507781397,0.8768859384429692,0.0,0.0,0.39490445859872614,1.0,1.0,1.0,1.0,1.0,0.0,0.213134765625,-0.491455078125,-0.0067138671875,-0.011505126953125,-0.00445556640625,0.0064697265625,H,1,2026-08-24_23-25-27,2026-08-24
0.9196525515743756,0.8660229330114665,0.0,0.0,0.42038216560509556,1.0,1.0,1.0,1.0,1.0,0.0,0.22119140625,-0.4801025390625,0.0025634765625,-0.018341064453125,0.00341796875,0.000518798828125,H,1,2026-08-24_23-25-27,2026-08-24
0.9232718060079623,0.8805069402534701,0.0,0.0,0.445859872611465,1.0,1.0,1.0,1.0,1.0,0.0,0.2257080078125,-0.474609375,0.0023193359375,-0.013031005859375,-0.02691650390625,0.00469970703125,H,1,2026-08-24_23-25-27,2026-08-24
0.9174809989142236,0.8684369342184671,0.0,0.0,0.40764331210191085,1.0,1.0,1.0,1.0,1.0,0.0,0.20703125,-0.4805908203125,-0.0062255859375,-0.006103515625,-0.030853271484375,0.004364013671875,H,1,2026-08-24_23-25-27,2026-08-24
0.913861744480637,0.884127942063971,0.0,0.0,0.43312101910828027,1.0,1.0,1.0,1.0,1.0,0.0,0.209716796875,-0.4808349609375,-0.0113525390625,-0.019317626953125,-0.004425048828125,0.004364013671875,H,1,2026-08-24_23-25-27,2026-08-24
0.913861744480637,0.8805069402534701,0.0,0.0,0.4585987261146497,1.0,1.0,1.0,1.0,1.0,0.0,0.2183837890625,-0.4765625,-0.001708984375,-0.021026611328125,-0.001220703125,0.00384521484375,H,1,2026-08-24_23-25-27,2026-08-24
0.913861744480637,0.8877489438744719,0.0,0.0,0.39490445859872614,1.0,1.0,1.0,1.0,1.0,0.0,0.2142333984375,-0.4720458984375,0.0003662109375,-0.01812744140625,-0.016357421875,0.00628662109375,H,1,2026-08-24_23-25-27,2026-08-24
0.9066232356134636,0.8829209414604707,0.0,0.0,0.4968152866242038,1.0,1.0,1.0,1.0,1.0,0.0,0.2088623046875,-0.474365234375,0.004150390625,-0.00921630859375,-0.02117919921875,0.009307861328125,H,1,2026-08-24_23-25-27,2026-08-24
0.916033297140789,0.8805069402534701,0.0,0.0,0.4840764331210191,1.0,1.0,1.0,1.0,1.0,0.0,0.208740234375,-0.478271484375,-0.00537109375,-0.016693115234375,-0.00347900390625,0.007598876953125,H,1,2026-08-24_23-25-27,2026-08-24
0.9211002533478103,0.8648159324079662,0.0,0.0,0.4585987261146497,1.0,1.0,1.0,1.0,1.0,0.0,0.2159423828125,-0.4749755859375,-0.004150390625,-0.028839111328125,0.015838623046875,0.005218505859375,H,1,2026-08-24_23-25-27,2026-08-24
0.913861744480637,0.8708509354254678,0.0,0.0,0.5222929936305732,1.0,1.0,1.0,1.0,1.0,0.0,0.224365234375,-0.4691162109375,0.005615234375,-0.023651123046875,0.001678466796875,0.01068115234375,H,1,2026-08-24_23-25-27,2026-08-24
0.9131378935939196,0.8768859384429692,0.0,0.0,0.535031847133758,1.0,1.0,1.0,1.0,1.0,0.0,0.222900390625,-0.4752197265625,0.010009765625,-0.0196533203125,-0.024932861328125,0.01123046875,H,1,2026-08-24_23-25-27,2026-08-24
0.9044516829533116,0.8780929390464696,0.0,0.0,0.39490445859872614,1.0,1.0,1.0,1.0,1.0,0.0,0.216064453125,-0.4813232421875,0.0008544921875,-0.01043701171875,-0.028564453125,0.009979248046875,H,1,2026-08-24_23-25-27,2026-08-24
0.913861744480637,0.8732649366324683,0.0,0.0,0.5477707006369427,1.0,1.0,1.0,1.0,1.0,0.0,0.21435546875,-0.4862060546875,-0.0091552734375,-0.0142822265625,-0.00567626953125,0.00323486328125,H,1,2026-08-24_23-25-27,2026-08-24
0.9008324285197249,0.8624019312009656,0.0,0.0,0.4968152866242038,1.0,1.0,1.0,1.0,1.0,0.0,0.2171630859375,-0.477783203125,-0.00048828125,-0.023834228515625,0.00177001953125,0.001251220703125,H,1,2026-08-24_23-25-27,2026-08-24
0.9051755338400289,0.8660229330114665,0.0,0.0,0.4968152866242038,1.0,1.0,1.0,1.0,1.0,0.0,0.2252197265625,-0.4757080078125,0.00244140625,-0.02056884765625,-0.016082763671875,0.00640869140625,H,1,2026-08-24_23-25-27,2026-08-24
0.9030039811798769,0.8648159324079662,0.0,0.0,0.33121019108280253,1.0,1.0,1.0,1.0,1.0,0.0,0.21044921875,-0.4755859375,0.0,-0.015045166015625,-0.0299072265625,0.008819580078125,H,1,2026-08-24_23-25-27,2026-08-24
0.9189287006876583,0.8587809293904647,0.0,0.0,0.40764331210191085,1.0,1.0,1.0,1.0,1.0,0.0,0.20751953125,-0.4837646484375,0.0015869140625,-0.018463134765625,-0.013702392578125,0.008453369140625,H,1,2026-08-24_23-25-27,2026-08-24
0.9174809989142236,0.8744719372359686,0.0,0.0,0.4713375796178344,1.0,1.0,1.0,1.0,1.0,0.0,0.217041015625,-0.481201171875,-0.003173828125,-0.020172119140625,0.00775146484375,0.000946044921875,H,1,2026-08-24_23-25-27,2026-08-24
0.9124140427072023,0.8817139408569704,0.0,0.0,0.4713375796178344,1.0,1.0,1.0,1.0,1.0,0.0,0.2205810546875,-0.47216796875,0.0062255859375,-0.017578125,-0.003753662109375,0.00238037109375,H,1,2026-08-24_23-25-27,2026-08-24
0.9145855953673543,0.8708509354254678,0.0,0.0,0.4585987261146497,1.0,1.0,1.0,1.0,1.0,0.0,0.213623046875,-0.469482421875,-0.00146484375,-0.007110595703125,-0.022857666015625,0.002716064453125,H,1,2026-08-24_23-25-27,2026-08-24
0.9124140427072023,0.8780929390464696,0.0,0.0,0.5859872611464968,1.0,1.0,1.0,1.0,1.0,0.0,0.2132568359375,-0.4754638671875,-0.002197265625,-0.01568603515625,-0.0194091796875,0.006744384765625,H,1,2026-08-24_23-25-27,2026-08-24
0.916033297140789,0.8648159324079662,0.0,0.0,0.5605095541401274,1.0,1.0,1.0,1.0,1.0,0.0,0.21875,-0.478515625,0.0009765625,-0.0211181640625,-0.00848388671875,0.00579833984375,H,1,2026-08-24_23-25-27,2026-08-24
0.9232718060079623,0.8756789378394689,0.0,0.0,0.40764331210191085,1.0,1.0,1.0,1.0,1.0,0.0,0.2159423828125,-0.4761962890625,0.0001220703125,-0.021240234375,-0.014007568359375,0.006011962890625,H,1,2026-08-24_23-25-27,2026-08-24
0.913861744480637,0.8829209414604707,0.0,0.0,0.43312101910828027,1.0,1.0,1.0,1.0,1.0,0.0,0.2109375,-0.4742431640625,-0.003173828125,-0.010406494140625,-0.0107421875,0.007080078125,H,1,2026-08-24_23-25-27,2026-08-24
0.913861744480637,0.8853349426674714,0.0,0.0,0.445859872611465,1.0,1.0,1.0,1.0,1.0,0.0,0.21630859375,-0.486572265625,-0.0072021484375,-0.017974853515625,0.00244140625,0.00445556640625,H,1,2026-08-24_23-25-27,2026-08-24
0.9261672095548317,0.8805069402534701,0.0,0.0,0.4713375796178344,1.0,1.0,1.0,1.0,1.0,0.0,0.212890625,-0.484375,-0.00634765625,-0.0308837890625,0.00543212890625,0.004364013671875,H,1,2026-08-24_23-25-27,2026-08-24
0.913861744480637,0.8624019312009656,0.0,0.0,0.4968152866242038,1.0,1.0,1.0,1.0,1.0,0.0,0.210693359375,-0.47314453125,-0.00634765625,-0.032012939453125,0.01019287109375,0.006072998046875,H,1,2026-08-24_23-25-27,2026-08-24
0.9261672095548317,0.8817139408569704,0.0,0.0,0.40764331210191085,1.0,1.0,1.0,1.0,1.0,0.0,0.2210693359375,-0.4688720703125,-0.000732421875,-0.029937744140625,-0.006561279296875,0.006683349609375,H,1,2026-08-24_23-25-27,2026-08-24
0.9131378935939196,0.8732649366324683,0.0,0.0,0.40764331210191085,1.0,1.0,1.0,1.0,1.0,0.0,0.2142333984375,-0.4674072265625,0.009765625,-0.005706787109375,-0.02459716796875,0.007720947265625,H,1,2026-08-24_23-25-27,2026-08-24
0.913861744480637,0.8756789378394689,0.0,0.0,0.43312101910828027,1.0,1.0,1.0,1.0,1.0,0.0,0.20751953125,-0.4813232421875,-0.001953125,0.004547119140625,-0.003631591796875,0.003326416015625,H,1,2026-08-24_23-25-27,2026-08-24
0.9232718060079623,0.872057936028968,0.0,0.0,0.4840764331210191,1.0,1.0,1.0,1.0,1.0,0.0,0.2095947265625,-0.4835205078125,-0.00244140625,-0.00872802734375,0.019256591796875,-0.001434326171875,H,1,2026-08-24_23-25-27,2026-08-24
0.9254433586681143,0.8648159324079662,0.0,0.0,0.40764331210191085,1.0,1.0,1.0,1.0,1.0,0.0,0.2208251953125,-0.478515625,0.001220703125,-0.0299072265625,0.004913330078125,0.003265380859375,H,1,2026-08-24_23-25-27,2026-08-24
0.9073470865001809,0.8636089318044659,0.0,0.0,0.4968152866242038,1.0,1.0,1.0,1.0,1.0,0.0,0.2222900390625,-0.4678955078125,0.0068359375,-0.033203125,-0.026153564453125,0.009490966796875,H,1,2026-08-24_23-25-27,2026-08-24
0.9145855953673543,0.8648159324079662,0.0,0.0,0.40764331210191085,1.0,1.0,1.0,1.0,1.0,0.0,0.2091064453125,-0.47509765625,0.009521484375,-0.015106201171875,-0.0272216796875,0.01104736328125,H,1,2026-08-24_23-25-27,2026-08-24
0.9153094462540716,0.8648159324079662,0.0,0.0,0.445859872611465,1.0,1.0,1.0,1.0,1.0,0.0,0.211669921875,-0.4840087890625,-0.000244140625,-0.00750732421875,-0.00830078125,0.004669189453125,H,1,2026-08-24_23-25-27,2026-08-24
0.9232718060079623,0.8648159324079662,0.0,0.0,0.445859872611465,1.0,1.0,1.0,1.0,1.0,0.0,0.2138671875,-0.4766845703125,-0.0028076171875,-0.004669189453125,-0.00628662109375,0.001708984375,H,1,2026-08-24_23-25-27,2026-08-24
0.920376402461093,0.8708509354254678,0.0,0.0,0.42038216560509556,1.0,1.0,1.0,1.0,1.0,0.0,0.220458984375,-0.4791259765625,-0.006591796875,-0.006805419921875,-0.011199951171875,0.0001220703125,H,1,2026-08-24_23-25-27,2026-08-24
0.9189287006876583,0.8780929390464696,0.0,0.0,0.4713375796178344,1.0,1.0,1.0,1.0,1.0,0.0,0.2125244140625,-0.4810791015625,-0.003662109375,-0.01934814453125,-0.01177978515625,0.000885009765625,H,1,2026-08-24_23-25-27,2026-08-24
0.9847991313789359,0.9034399517199758,0.0,0.0,0.3184713375796178,1.0,1.0,1.0,1.0,1.0,0.0,0.2259521484375,-0.4598388671875,-0.0660400390625,-0.010467529296875,0.0101318359375,-0.001983642578125,H,2,2026-08-24_23-25-27,2026-08-24
0.9790083242851972,0.9203379601689801,0.0,0.0,0.40764331210191085,1.0,1.0,1.0,1.0,1.0,0.0,0.2252197265625,-0.459716796875,-0.06591796875,-0.01123046875,-0.02996826171875,0.000457763671875,H,2,2026-08-24_23-25-27,2026-08-24
0.9753890698516106,0.9155099577549789,0.0,0.0,0.3821656050955414,1.0,1.0,0.0,1.0,1.0,0.0,0.21728515625,-0.462646484375,-0.0643310546875,-0.014007568359375,-0.03607177734375,0.00689697265625,H,2,2026-08-24_23-25-27,2026-08-24
0.9710459645313065,0.9070609535304768,0.0,0.0,0.35668789808917195,1.0,1.0,0.0,1.0,1.0,0.0,0.218994140625,-0.4805908203125,-0.079833984375,-0.0147705078125,-0.0028076171875,0.004364013671875,H,2,2026-08-24_23-25-27,2026-08-24
0.9833514296055013,0.9179239589619795,0.0,0.0,0.24203821656050956,1.0,1.0,0.0,1.0,1.0,0.0,0.219970703125,-0.4698486328125,-0.0753173828125,-0.01397705078125,0.014129638671875,0.001739501953125,H,2,2026-08-24_23-25-27,2026-08-24
0.9790083242851972,0.9191309595654797,0.0,0.0,0.42038216560509556,1.0,1.0,1.0,1.0,1.0,0.0,0.2276611328125,-0.466552734375,-0.0655517578125,-0.013641357421875,-0.006805419921875,0.0028076171875,H,2,2026-08-24_23-25-27,2026-08-24
0.9811798769453492,0.9118889559444779,0.0,0.0,0.43312101910828027,1.0,1.0,1.0,1.0,1.0,0.0,0.221923828125,-0.466064453125,-0.062255859375,-0.0111083984375,-0.03826904296875,0.00457763671875,H,2,2026-08-24_23-25-27,2026-08-24
0.9833514296055013,0.9287869643934822,0.0,0.0,0.40764331210191085,1.0,1.0,1.0,1.0,1.0,0.0,0.208251953125,-0.4739990234375,-0.074462890625,-0.00335693359375,-0.013885498046875,0.00372314453125,H,2,2026-08-24_23-25-27,2026-08-24
0.9819037278320666,0.9263729631864815,0.0,0.0,0.445859872611465,1.0,1.0,1.0,1.0,1.0,0.0,0.21728515625,-0.4776611328125,-0.0755615234375,-0.011322021484375,0.013641357421875,-0.0006103515625,H,2,2026-08-24_23-25-27,2026-08-24
0.9833514296055013,1.0,0.0,0.0,0.36942675159235666,1.0,1.0,0.0,1.0,1.0,0.0,0.2255859375,-0.4683837890625,-0.0704345703125,-0.015716552734375,0.008270263671875,-0.00103759765625,H,2,2026-08-24_23-25-27,2026-08-24
0.9819037278320666,0.9867229933614967,0.0,0.0,0.445859872611465,1.0,1.0,0.0,1.0,1.0,0.0,0.228515625,-0.45947265625,-0.0633544921875,-0.018585205078125,-0.02899169921875,0.003936767578125,H,2,2026-08-24_23-25-27,2026-08-24
0.9819037278320666,0.9831019915509958,0.0,0.0,0.34394904458598724,1.0,1.0,1.0,1.0,1.0,0.0,0.21142578125,-0.45458984375,-0.0694580078125,-0.010345458984375,-0.03265380859375,0.00811767578125,H,2,2026-08-24_23-25-27,2026-08-24
0.9819037278320666,0.9686179843089922,0.0,0.0,0.40764331210191085,1.0,1.0,1.0,1.0,1.0,0.0,0.216552734375,-0.470458984375,-0.082275390625,-0.008087158203125,0.0081787109375,0.009002685546875,H,2,2026-08-24_23-25-27,2026-08-24
0.9862468331523706,0.9058539529269765,0.0,0.0,0.33121019108280253,1.0,1.0,1.0,1.0,1.0,0.0,0.2178955078125,-0.4710693359375,-0.0716552734375,0.000152587890625,0.0279541015625,0.008941650390625,H,2,2026-08-24_23-25-27,2026-08-24
0.9826275787187839,1.0,0.0,0.0,0.43312101910828027,1.0,1.0,1.0,1.0,1.0,0.0,0.2305908203125,-0.4775390625,-0.06787109375,-0.020721435546875,-0.00048828125,0.006103515625,H,2,2026-08-24_23-25-27,2026-08-24
0.9811798769453492,1.0,0.0,0.0,0.34394904458598724,1.0,1.0,1.0,1.0,1.0,0.0,0.2215576171875,-0.4656982421875,-0.05810546875,-0.0189208984375,-0.02069091796875,0.009490966796875,H,2,2026-08-24_23-25-27,2026-08-24
0.9710459645313065,0.9855159927579964,0.0,0.0,0.40764331210191085,1.0,1.0,1.0,1.0,1.0,0.0,0.2127685546875,-0.4779052734375,-0.072509765625,-0.016387939453125,-0.001251220703125,0.008819580078125,H,2,2026-08-24_23-25-27,2026-08-24
0.9804560260586319,1.0,0.0,0.0,0.3184713375796178,1.0,1.0,1.0,1.0,1.0,0.0,0.2176513671875,-0.4766845703125,-0.0748291015625,-0.008209228515625,0.034423828125,0.00872802734375,H,2,2026-08-24_23-25-27,2026-08-24
0.9804560260586319,0.8913699456849729,0.0,0.0,0.4968152866242038,1.0,1.0,1.0,1.0,1.0,0.0,0.236083984375,-0.4761962890625,-0.063232421875,-0.027679443359375,0.013519287109375,0.0030517578125,H,2,2026-08-24_23-25-27,2026-08-24
0.9811798769453492,0.8974049487024743,0.0,0.0,0.34394904458598724,1.0,1.0,1.0,1.0,1.0,0.0,0.2261962890625,-0.457275390625,-0.04833984375,-0.0220947265625,-0.049072265625,0.0029296875,H,2,2026-08-24_23-25-27,2026-08-24
0.9753890698516106,0.8756789378394689,0.0,0.0,0.39490445859872614,1.0,1.0,1.0,1.0,1.0,0.0,0.208251953125,-0.47802734375,-0.075439453125,-0.00360107421875,-0.018798828125,0.00299072265625,H,2,2026-08-24_23-25-27,2026-08-24
0.9855229822656533,0.884127942063971,0.0,0.0,0.4585987261146497,1.0,1.0,1.0,1.0,1.0,0.0,0.2154541015625,-0.4691162109375,-0.0712890625,-0.011260986328125,0.01336669921875,0.002227783203125,H,2,2026-08-24_23-25-27,2026-08-24
0.9717698154180239,0.8768859384429692,0.0,0.0,0.3821656050955414,1.0,1.0,1.0,1.0,1.0,0.0,0.22705078125,-0.469482421875,-0.0621337890625,-0.010528564453125,-0.00677490234375,0.00115966796875,H,2,2026-08-24_23-25-27,2026-08-24
0.9667028592110025,0.8817139408569704,0.0,0.0,0.39490445859872614,1.0,1.0,1.0,1.0,1.0,0.0,0.2216796875,-0.4632568359375,-0.056396484375,-0.015838623046875,-0.038116455078125,0.005584716796875,H,2,2026-08-24_23-25-27,2026-08-24
0.9717698154180239,0.872057936028968,0.0,0.0,0.39490445859872614,1.0,1.0,1.0,1.0,1.0,0.0,0.2138671875,-0.4669189453125,-0.0684814453125,-0.00982666015625,-0.022491455078125,0.003753662109375,H,2,2026-08-24_23-25-27,2026-08-24
0.9717698154180239,0.8780929390464696,0.0,0.0,0.40764331210191085,1.0,1.0,1.0,1.0,1.0,0.0,0.2177734375,-0.4730224609375,-0.07275390625,-0.00238037109375,0.00482177734375,-0.000274658203125,H,2,2026-08-24_23-25-27,2026-08-24
0.9753890698516106,0.8829209414604707,0.0,0.0,0.35668789808917195,1.0,1.0,1.0,1.0,1.0,0.0,0.219482421875,-0.4658203125,-0.0679931640625,-0.001617431640625,-0.0057373046875,-0.00067138671875,H,2,2026-08-24_23-25-27,2026-08-24
0.9746652189648932,0.8889559444779722,0.0,0.0,0.40764331210191085,1.0,1.0,1.0,1.0,1.0,0.0,0.219482421875,-0.468994140625,-0.06787109375,0.001861572265625,-0.01788330078125,0.00164794921875,H,2,2026-08-24_23-25-27,2026-08-24
0.9732175171914585,0.8768859384429692,0.0,0.0,0.3184713375796178,1.0,1.0,1.0,1.0,1.0,0.0,0.2103271484375,-0.467529296875,-0.07275390625,6.103515625e-05,-0.0135498046875,0.00677490234375,H,2,2026-08-24_23-25-27,2026-08-24
0.9732175171914585,1.0,0.0,0.0,0.3821656050955414,1.0,1.0,1.0,1.0,1.0,0.0,0.213134765625,-0.4783935546875,-0.0806884765625,-0.0089111328125,0.014739990234375,0.005035400390625,H,2,2026-08-24_23-25-27,2026-08-24
0.9724936663047412,0.9299939649969825,0.0,0.0,0.267515923566879,1.0,1.0,1.0,1.0,1.0,0.0,0.2215576171875,-0.4742431640625,-0.068359375,-0.021087646484375,0.0201416015625,0.0069580078125,H,2,2026-08-24_23-25-27,2026-08-24
0.9688744118711545,0.9034399517199758,0.0,0.0,0.40764331210191085,1.0,1.0,1.0,1.0,1.0,0.0,0.2275390625,-0.4639892578125,-0.0465087890625,-0.027130126953125,-0.023040771484375,0.003936767578125,H,2,2026-08-24_23-25-27,2026-08-24
0.9732175171914585,1.0,0.0,0.0,0.39490445859872614,1.0,1.0,1.0,1.0,1.0,0.0,0.2142333984375,-0.4693603515625,-0.05908203125,-0.006439208984375,-0.03125,0.00494384765625,H,2,2026-08-24_23-25-27,2026-08-24
0.9790083242851972,0.899818949909475,0.0,0.0,0.39490445859872614,1.0,1.0,1.0,1.0,1.0,0.0,0.2139892578125,-0.4766845703125,-0.0721435546875,-0.00701904296875,0.007354736328125,0.0030517578125,H,2,2026-08-24_23-25-27,2026-08-24
0.9753890698516106,0.9143029571514786,0.0,0.0,0.40764331210191085,1.0,1.0,1.0,1.0,1.0,0.0,0.22216796875,-0.471923828125,-0.0711669921875,-0.0072021484375,0.026885986328125,-0.000457763671875,H,2,2026-08-24_23-25-27,2026-08-24
0.9761129207383279,0.8817139408569704,0.0,0.0,0.40764331210191085,1.0,1.0,1.0,1.0,1.0,0.0,0.231689453125,-0.471923828125,-0.0556640625,-0.0224609375,-0.012542724609375,0.001708984375,H,2,2026-08-24_23-25-27,2026-08-24
0.9833514296055013,0.8817139408569704,0.0,0.0,0.39490445859872614,1.0,1.0,1.0,1.0,1.0,0.0,0.218505859375,-0.4595947265625,-0.051025390625,-0.0146484375,-0.0528564453125,0.006103515625,H,2,2026-08-24_23-25-27,2026-08-24
0.9761129207383279,0.9106819553409776,0.0,0.0,0.40764331210191085,1.0,1.0,1.0,1.0,1.0,0.0,0.2100830078125,-0.482177734375,-0.072265625,-0.001556396484375,-0.013641357421875,0.006683349609375,H,2,2026-08-24_23-25-27,2026-08-24
0.9833514296055013,0.9022329511164756,0.0,0.0,0.40764331210191085,1.0,1.0,1.0,1.0,1.0,0.0,0.2198486328125,-0.4815673828125,-0.0765380859375,-0.015106201171875,0.03033447265625,0.000244140625,H,2,2026-08-24_23-25-27,2026-08-24
0.9819037278320666,1.0,0.0,0.0,0.40764331210191085,1.0,1.0,1.0,1.0,1.0,0.0,0.2275390625,-0.463134765625,-0.0555419921875,-0.024017333984375,-0.001434326171875,0.00140380859375,H,2,2026-08-24_23-25-27,2026-08-24
0.9601882012305465,0.9348219674109837,0.0,0.0,0.3057324840764331,1.0,1.0,1.0,1.0,1.0,0.0,0.109130859375,-0.4947509765625,-0.0863037109375,-0.0166015625,-0.02337646484375,0.004180908203125,H,3,2026-08-24_23-25-27,2026-08-24
0.9710459645313065,0.9312009656004828,0.0,0.10215053763440861,0.3184713375796178,1.0,1.0,1.0,1.0,1.0,0.0,0.1053466796875,-0.4940185546875,-0.0927734375,-0.01861572265625,-0.019073486328125,0.0029296875,H,3,2026-08-24_23-25-27,2026-08-24
0.9601882012305465,0.9070609535304768,0.0,0.10752688172043011,0.24203821656050956,1.0,1.0,1.0,1.0,1.0,0.0,0.103759765625,-0.483642578125,-0.0865478515625,-0.016998291015625,-0.009552001953125,0.002471923828125,H,3,2026-08-24_23-25-27,2026-08-24
0.9565689467969598,0.9251659625829813,0.0,0.0967741935483871,0.267515923566879,1.0,1.0,1.0,1.0,1.0,0.0,0.106689453125,-0.4910888671875,-0.0906982421875,-0.010498046875,-0.006439208984375,-0.000274658203125,H,3,2026-08-24_23-25-27,2026-08-24
0.9623597538906985,0.9191309595654797,0.0,0.043010752688172046,0.11464968152866242,1.0,1.0,1.0,1.0,1.0,0.0,0.103271484375,-0.4844970703125,-0.0889892578125,-0.0164794921875,-0.01348876953125,0.003692626953125,H,3,2026-08-24_23-25-27,2026-08-24
0.9652551574375678,0.9263729631864815,0.0,0.04838709677419355,0.267515923566879,1.0,1.0,1.0,1.0,1.0,0.0,0.10302734375,-0.4835205078125,-0.0849609375,-0.009002685546875,-0.018585205078125,0.007049560546875,H,3,2026-08-24_23-25-27,2026-08-24
0.9623597538906985,0.9167169583584792,0.0,0.03763440860215054,0.3821656050955414,1.0,1.0,1.0,1.0,1.0,0.0,0.09912109375,-0.4910888671875,-0.0955810546875,-0.022613525390625,-0.0137939453125,0.00830078125,H,3,2026-08-24_23-25-27,2026-08-24
0.9522258414766558,0.923958961979481,0.0,0.0,0.267515923566879,1.0,1.0,1.0,1.0,1.0,0.0,0.1021728515625,-0.4815673828125,-0.0899658203125,-0.0152587890625,-0.004638671875,0.007232666015625,H,3,2026-08-24_23-25-27,2026-08-24
0.9667028592110025,0.9203379601689801,0.0,0.11290322580645161,0.267515923566879,1.0,1.0,1.0,1.0,1.0,0.0,0.1041259765625,-0.4896240234375,-0.091064453125,-0.014495849609375,-0.001373291015625,0.005767822265625,H,3,2026-08-24_23-25-27,2026-08-24
0.9565689467969598,0.9227519613759807,0.0,0.0,0.25477707006369427,1.0,1.0,1.0,1.0,1.0,0.0,0.1048583984375,-0.482421875,-0.086669921875,-0.010406494140625,-0.009613037109375,0.00396728515625,H,3,2026-08-24_23-25-27,2026-08-24
0.9601882012305465,0.9155099577549789,0.0,0.0,0.3821656050955414,1.0,1.0,1.0,1.0,1.0,0.0,0.1041259765625,-0.4915771484375,-0.097412109375,-0.003509521484375,-0.011322021484375,0.0008544921875,H,3,2026-08-24_23-25-27,2026-08-24
0.9601882012305465,0.936028968014484,0.0,0.05913978494623656,0.2802547770700637,1.0,1.0,1.0,1.0,1.0,0.0,0.10498046875,-0.4951171875,-0.0924072265625,-0.008392333984375,-0.007720947265625,0.00018310546875,H,3,2026-08-24_23-25-27,2026-08-24
0.9616359030039812,0.9082679541339771,0.0,0.06989247311827956,0.2802547770700637,1.0,1.0,1.0,1.0,1.0,0.0,0.10791015625,-0.4974365234375,-0.0946044921875,-0.008453369140625,-0.00341796875,-0.003265380859375,H,3,2026-08-24_23-25-27,2026-08-24
0.9601882012305465,0.9106819553409776,0.0,0.026881720430107527,0.24203821656050956,1.0,1.0,1.0,1.0,1.0,0.0,0.1072998046875,-0.4940185546875,-0.0928955078125,-0.0107421875,-0.004547119140625,-0.002288818359375,H,3,2026-08-24_23-25-27,2026-08-24
0.9551212450235251,0.9263729631864815,0.0,0.05913978494623656,0.2929936305732484,1.0,1.0,1.0,1.0,1.0,0.0,0.1063232421875,-0.491943359375,-0.08544921875,-0.011199951171875,-0.004669189453125,-0.000823974609375,H,3,2026-08-24_23-25-27,2026-08-24
0.9594643503438292,0.9034399517199758,0.0,0.08602150537634409,0.21656050955414013,1.0,1.0,1.0,1.0,1.0,0.0,0.1080322265625,-0.5009765625,-0.0877685546875,-0.01251220703125,-0.00836181640625,-0.0028076171875,H,3,2026-08-24_23-25-27,2026-08-24
0.9681505609844372,0.9179239589619795,0.0,0.0,0.267515923566879,1.0,1.0,1.0,1.0,1.0,0.0,0.1060791015625,-0.4947509765625,-0.087646484375,-0.01568603515625,-0.0093994140625,-0.00286865234375,H,3,2026-08-24_23-25-27,2026-08-24
0.9565689467969598,0.8986119493059747,0.0,0.0,0.3184713375796178,1.0,1.0,1.0,1.0,1.0,0.0,0.1075439453125,-0.4915771484375,-0.091064453125,-0.015777587890625,0.00115966796875,-0.00103759765625,H,3,2026-08-24_23-25-27,2026-08-24
0.9565689467969598,0.9299939649969825,0.0,0.026881720430107527,0.34394904458598724,1.0,1.0,1.0,1.0,1.0,0.0,0.10400390625,-0.4937744140625,-0.081298828125,-0.01800537109375,-0.003387451171875,0.00048828125,H,3,2026-08-24_23-25-27,2026-08-24
0.9536735432500905,0.9082679541339771,0.0,0.0,0.22929936305732485,1.0,1.0,1.0,1.0,1.0,0.0,0.110107421875,-0.4896240234375,-0.0804443359375,-0.014801025390625,-0.016815185546875,0.002288818359375,H,3,2026-08-24_23-25-27,2026-08-24
0.9717698154180239,0.9046469523234761,0.0,0.0,0.22929936305732485,1.0,1.0,1.0,1.0,1.0,0.0,0.1025390625,-0.4923095703125,-0.0919189453125,-0.018310546875,-0.0179443359375,0.004119873046875,H,3,2026-08-24_23-25-27,2026-08-24
0.9601882012305465,0.9034399517199758,0.0,0.0967741935483871,0.24203821656050956,1.0,1.0,1.0,1.0,1.0,0.0,0.1033935546875,-0.48779296875,-0.0911865234375,-0.029693603515625,-0.00335693359375,0.005279541015625,H,3,2026-08-24_23-25-27,2026-08-24
0.9565689467969598,0.9155099577549789,0.0,0.053763440860215055,0.267515923566879,1.0,1.0,1.0,1.0,1.0,0.0,0.1048583984375,-0.4879150390625,-0.089111328125,-0.027435302734375,0.012481689453125,0.005157470703125,H,3,2026-08-24_23-25-27,2026-08-24
0.9572927976836771,0.9046469523234761,0.0,0.04838709677419355,0.21656050955414013,1.0,1.0,1.0,1.0,1.0,0.0,0.1041259765625,-0.48291015625,-0.0841064453125,-0.018585205078125,0.003082275390625,0.00616455078125,H,3,2026-08-24_23-25-27,2026-08-24
0.9681505609844372,0.9143029571514786,0.0,0.04838709677419355,0.267515923566879,1.0,1.0,1.0,1.0,1.0,0.0,0.1051025390625,-0.48974609375,-0.084228515625,-0.018585205078125,-0.010650634765625,0.00689697265625,H,3,2026-08-24_23-25-27,2026-08-24
0.9493304379297864,0.9155099577549789,0.0,0.10752688172043011,0.3184713375796178,1.0,1.0,1.0,1.0,1.0,0.0,0.10302734375,-0.4912109375,-0.0833740234375,-0.009552001953125,-0.018341064453125,0.005401611328125,H,3,2026-08-24_23-25-27,2026-08-24
0.9601882012305465,0.9046469523234761,0.0,0.0,0.17834394904458598,1.0,1.0,1.0,1.0,1.0,0.0,0.105712890625,-0.4976806640625,-0.0975341796875,-0.012969970703125,-0.0054931640625,-0.000213623046875,H,3,2026-08-24_23-25-27,2026-08-24
0.9529496923633731,0.9215449607724804,0.0,0.010752688172043012,0.3184713375796178,1.0,1.0,1.0,1.0,1.0,0.0,0.1055908203125,-0.489990234375,-0.0941162109375,-0.015228271484375,0.0078125,-0.000823974609375,H,3,2026-08-24_23-25-27,2026-08-24
0.9601882012305465,0.9106819553409776,0.0,0.005376344086021506,0.33121019108280253,1.0,1.0,1.0,1.0,1.0,0.0,0.108642578125,-0.4876708984375,-0.0858154296875,-0.01788330078125,-0.003021240234375,0.001129150390625,H,3,2026-08-24_23-25-27,2026-08-24
0.9587404994571118,0.9070609535304768,0.0,0.03225806451612903,0.22929936305732485,1.0,1.0,1.0,1.0,1.0,0.0,0.1068115234375,-0.4847412109375,-0.0823974609375,-0.021484375,-0.0167236328125,0.00250244140625,H,3,2026-08-24_23-25-27,2026-08-24
0.9623597538906985,0.9058539529269765,0.0,0.016129032258064516,0.21656050955414013,1.0,1.0,1.0,1.0,1.0,0.0,0.10546875,-0.4892578125,-0.094482421875,-0.020660400390625,-0.01007080078125,0.00274658203125,H,3,2026-08-24_23-25-27,2026-08-24
0.9580166485703945,0.9167169583584792,0.0,0.03763440860215054,0.24203821656050956,1.0,1.0,1.0,1.0,1.0,0.0,0.1104736328125,-0.483154296875,-0.09033203125,-0.016754150390625,0.003570556640625,3.0517578125e-05,H,3,2026-08-24_23-25-27,2026-08-24
0.9601882012305465,0.9227519613759807,0.0,0.04838709677419355,0.15286624203821655,1.0,1.0,1.0,1.0,1.0,0.0,0.1099853515625,-0.4898681640625,-0.080322265625,-0.00616455078125,0.0009765625,-0.001983642578125,H,3,2026-08-24_23-25-27,2026-08-24
0.9580166485703945,0.9143029571514786,0.0,0.04838709677419355,0.3184713375796178,1.0,1.0,1.0,1.0,1.0,0.0,0.107666015625,-0.4866943359375,-0.0859375,-0.003570556640625,-0.00933837890625,0.00146484375,H,3,2026-08-24_23-25-27,2026-08-24
0.9572927976836771,0.9227519613759807,0.0,0.043010752688172046,0.267515923566879,1.0,1.0,1.0,1.0,1.0,0.0,0.112548828125,-0.4930419921875,-0.09326171875,-0.010955810546875,-0.012237548828125,0.007293701171875,H,3,2026-08-24_23-25-27,2026-08-24
0.9594643503438292,0.9227519613759807,0.0,0.06989247311827956,0.34394904458598724,1.0,1.0,1.0,1.0,1.0,0.0,0.1094970703125,-0.494140625,-0.0926513671875,-0.020416259765625,-0.0125732421875,0.010009765625,H,3,2026-08-24_23-25-27,2026-08-24
0.9565689467969598,0.9094749547374774,0.0,0.0,0.33121019108280253,1.0,1.0,1.0,1.0,1.0,0.0,0.10986328125,-0.49658203125,-0.082275390625,-0.012664794921875,0.003143310546875,0.004669189453125,H,3,2026-08-24_23-25-27,2026-08-24
0.9486065870430691,0.9143029571514786,0.0,0.0,0.2929936305732484,1.0,1.0,1.0,1.0,1.0,0.0,0.113037109375,-0.497802734375,-0.0880126953125,-0.0069580078125,0.00787353515625,-0.00177001953125,H,3,2026-08-24_23-25-27,2026-08-24
0.9601882012305465,0.9082679541339771,0.0,0.0,0.22929936305732485,1.0,1.0,1.0,1.0,1.0,0.0,0.109375,-0.493896484375,-0.0782470703125,-0.003143310546875,-0.004669189453125,-0.00567626953125,H,3,2026-08-24_23-25-27,2026-08-24
0.9601882012305465,0.9106819553409776,0.0,0.04838709677419355,0.22929936305732485,1.0,1.0,1.0,1.0,1.0,0.0,0.109619140625,-0.4959716796875,-0.0865478515625,-0.00958251953125,-0.015411376953125,-0.00469970703125,H,3,2026-08-24_23-25-27,2026-08-24
0.9630836047774158,0.9179239589619795,0.0,0.0,0.24203821656050956,1.0,1.0,1.0,1.0,1.0,0.0,0.242431640625,-0.4527587890625,0.0914306640625,-0.01519775390625,-0.025146484375,0.00238037109375,H,4,2026-08-24_23-25-27,2026-08-24
0.9500542888165038,0.9505129752564876,0.0,0.0,0.25477707006369427,1.0,1.0,1.0,1.0,1.0,1.0,0.2469482421875,-0.46240234375,0.082763671875,-0.01593017578125,-0.004730224609375,-0.003204345703125,H,4,2026-08-24_23-25-27,2026-08-24
0.9449873326094824,0.9577549788774894,0.0,0.0,0.1910828025477707,1.0,1.0,1.0,1.0,1.0,1.0,0.2464599609375,-0.4603271484375,0.0849609375,-0.018829345703125,6.103515625e-05,-0.00457763671875,H,4,2026-08-24_23-25-27,2026-08-24
0.9674267100977199,0.9613759806879904,0.0,0.0,0.24203821656050956,1.0,1.0,1.0,1.0,1.0,0.0,0.245361328125,-0.44873046875,0.0826416015625,-0.0177001953125,-0.01031494140625,0.00579833984375,H,4,2026-08-24_23-25-27,2026-08-24
0.9478827361563518,0.9806879903439951,0.0,0.0,0.24203821656050956,1.0,1.0,1.0,1.0,1.0,0.0,0.249755859375,-0.4639892578125,0.0780029296875,-0.022430419921875,-0.017974853515625,0.0086669921875,H,4,2026-08-24_23-25-27,2026-08-24
0.9739413680781759,0.9806879903439951,0.0,0.0,0.08917197452229299,1.0,1.0,1.0,1.0,1.0,0.0,0.2442626953125,-0.4593505859375,0.08544921875,-0.019195556640625,-0.018310546875,0.007598876953125,H,4,2026-08-24_23-25-27,2026-08-24
0.9623597538906985,0.9541339770669885,0.0,0.0,0.24203821656050956,1.0,1.0,1.0,1.0,1.0,1.0,0.242431640625,-0.4649658203125,0.081298828125,-0.013946533203125,-0.007537841796875,0.0018310546875,H,4,2026-08-24_23-25-27,2026-08-24
0.9638074556641332,0.9806879903439951,0.0,0.0,0.21656050955414013,1.0,1.0,1.0,1.0,1.0,1.0,0.24462890625,-0.465087890625,0.072265625,-0.009307861328125,-0.001312255859375,-0.004547119140625,H,4,2026-08-24_23-25-27,2026-08-24
0.9587404994571118,0.9818949909474954,0.0,0.0,0.3184713375796178,1.0,1.0,1.0,1.0,1.0,1.0,0.2452392578125,-0.461669921875,0.0753173828125,-0.013946533203125,0.000579833984375,-0.0035400390625,H,4,2026-08-24_23-25-27,2026-08-24
0.9486065870430691,0.9662039831019915,0.0,0.0,0.22929936305732485,1.0,1.0,1.0,1.0,1.0,1.0,0.2408447265625,-0.463623046875,0.0731201171875,-0.02191162109375,-0.000396728515625,0.002227783203125,H,4,2026-08-24_23-25-27,2026-08-24
0.9558450959102425,0.9770669885334943,0.0,0.0,0.24203821656050956,1.0,1.0,1.0,1.0,1.0,1.0,0.24462890625,-0.46484375,0.0731201171875,-0.032867431640625,0.0028076171875,0.0076904296875,H,4,2026-08-24_23-25-27,2026-08-24
0.9493304379297864,0.9806879903439951,0.0,0.0,0.21656050955414013,1.0,1.0,1.0,1.0,1.0,1.0,0.2503662109375,-0.4591064453125,0.0826416015625,-0.03082275390625,-0.00030517578125,0.0079345703125,H,4,2026-08-24_23-25-27,2026-08-24
0.9601882012305465,0.9975859987929994,0.0,0.0,0.12738853503184713,1.0,1.0,1.0,1.0,1.0,1.0,0.25390625,-0.46044921875,0.0877685546875,-0.02105712890625,-0.013427734375,0.004150390625,H,4,2026-08-24_23-25-27,2026-08-24
0.9551212450235251,0.9794809897404949,0.0,0.0,0.16560509554140126,1.0,1.0,1.0,1.0,1.0,1.0,0.250244140625,-0.462158203125,0.0755615234375,-0.005126953125,-0.0078125,-0.00299072265625,H,4,2026-08-24_23-25-27,2026-08-24
0.9572927976836771,0.9553409776704889,0.0,0.0,0.20382165605095542,1.0,1.0,1.0,1.0,1.0,1.0,0.2459716796875,-0.4619140625,0.0743408203125,-0.010345458984375,-0.00482177734375,-0.006256103515625,H,4,2026-08-24_23-25-27,2026-08-24
0.9601882012305465,0.9806879903439951,0.0,0.0,0.33121019108280253,1.0,1.0,1.0,1.0,1.0,1.0,0.23974609375,-0.4578857421875,0.0830078125,-0.018707275390625,-0.00726318359375,0.001068115234375,H,4,2026-08-24_23-25-27,2026-08-24
0.9630836047774158,0.9710319855159928,0.0,0.0,0.3184713375796178,1.0,1.0,1.0,1.0,1.0,1.0,0.2479248046875,-0.46044921875,0.0814208984375,-0.0323486328125,-0.0054931640625,0.005859375,H,4,2026-08-24_23-25-27,2026-08-24
0.9674267100977199,0.9698249849124925,0.0,0.0,0.267515923566879,1.0,1.0,1.0,1.0,1.0,1.0,0.23974609375,-0.456298828125,0.0848388671875,-0.026031494140625,-0.01239013671875,0.00555419921875,H,4,2026-08-24_23-25-27,2026-08-24
0.9507781397032211,0.9843089921544961,0.0,0.0,0.267515923566879,1.0,1.0,1.0,1.0,1.0,1.0,0.24560546875,-0.4586181640625,0.08642578125,-0.003082275390625,-0.007568359375,-0.000152587890625,H,4,2026-08-24_23-25-27,2026-08-24
0.9601882012305465,0.9770669885334943,0.0,0.0,0.21656050955414013,1.0,1.0,1.0,1.0,1.0,1.0,0.2481689453125,-0.4595947265625,0.0772705078125,-0.008026123046875,0.001678466796875,-0.004180908203125,H,4,2026-08-24_23-25-27,2026-08-24
0.9601882012305465,0.9589619794809897,0.0,0.0,0.21656050955414013,1.0,1.0,1.0,1.0,1.0,1.0,0.2515869140625,-0.4609375,0.078857421875,-0.01397705078125,-0.006927490234375,0.00042724609375,H,4,2026-08-24_23-25-27,2026-08-24
0.9536735432500905,0.9420639710319855,0.0,0.0,0.22929936305732485,1.0,1.0,1.0,1.0,1.0,1.0,0.249267578125,-0.4527587890625,0.0814208984375,-0.023681640625,-0.021209716796875,0.0078125,H,4,2026-08-24_23-25-27,2026-08-24
0.9601882012305465,0.9589619794809897,0.0,0.0,0.267515923566879,1.0,1.0,1.0,1.0,1.0,1.0,0.2501220703125,-0.459228515625,0.0772705078125,-0.017822265625,-0.019805908203125,0.0064697265625,H,4,2026-08-24_23-25-27,2026-08-24
0.9536735432500905,0.9529269764634882,0.0,0.0,0.16560509554140126,1.0,1.0,1.0,1.0,1.0,1.0,0.2410888671875,-0.4625244140625,0.082275390625,-0.012542724609375,9.1552734375e-05,-0.0013427734375,H,4,2026-08-24_23-25-27,2026-08-24
0.9572927976836771,0.9529269764634882,0.0,0.0,0.11464968152866242,1.0,1.0,1.0,1.0,1.0,0.0,0.250732421875,-0.4716796875,0.06787109375,-0.013824462890625,0.018341064453125,-0.00677490234375,H,4,2026-08-24_23-25-27,2026-08-24
0.9522258414766558,0.9420639710319855,0.0,0.0,0.17834394904458598,1.0,1.0,1.0,1.0,1.0,0.0,0.249267578125,-0.45556640625,0.0845947265625,-0.00970458984375,0.002197265625,-0.00567626953125,H,4,2026-08-24_23-25-27,2026-08-24
0.9594643503438292,0.9541339770669885,0.0,0.0,0.07643312101910828,1.0,1.0,1.0,1.0,1.0,0.0,0.247314453125,-0.4659423828125,0.0804443359375,-0.000213623046875,-0.01214599609375,-0.0020751953125,H,4,2026-08-24_23-25-27,2026-08-24
0.9609120521172638,0.9432709716354858,0.0,0.0,0.17834394904458598,1.0,1.0,1.0,1.0,1.0,0.0,0.2452392578125,-0.466064453125,0.0753173828125,-0.01129150390625,-0.005950927734375,-0.00213623046875,H,4,2026-08-24_23-25-27,2026-08-24
0.9580166485703945,0.9432709716354858,0.0,0.0,0.24203821656050956,1.0,1.0,1.0,1.0,1.0,0.0,0.248291015625,-0.4595947265625,0.0784912109375,-0.0233154296875,-0.004852294921875,0.00164794921875,H,4,2026-08-24_23-25-27,2026-08-24
0.9638074556641332,0.9432709716354858,0.0,0.0,0.3821656050955414,1.0,1.0,1.0,1.0,1.0,0.0,0.247802734375,-0.4564208984375,0.07666015625,-0.025909423828125,-0.001861572265625,0.00543212890625,H,4,2026-08-24_23-25-27,2026-08-24
0.9370249728555917,0.9227519613759807,0.0,0.0,0.20382165605095542,1.0,1.0,1.0,1.0,1.0,0.0,0.2484130859375,-0.4598388671875,0.0753173828125,-0.02783203125,-0.0009765625,0.003692626953125,H,4,2026-08-24_23-25-27,2026-08-24
0.9572927976836771,0.9408569704284853,0.0,0.0,0.08917197452229299,1.0,1.0,1.0,1.0,1.0,0.0,0.249267578125,-0.4539794921875,0.083740234375,-0.017333984375,-0.00592041015625,0.001678466796875,H,4,2026-08-24_23-25-27,2026-08-24
0.9616359030039812,0.9336149668074833,0.0,0.0,0.267515923566879,1.0,1.0,1.0,1.0,1.0,0.0,0.246826171875,-0.458984375,0.08154296875,-0.010009765625,-0.011383056640625,3.0517578125e-05,H,4,2026-08-24_23-25-27,2026-08-24
0.9638074556641332,0.9493059746529873,0.0,0.0,0.14012738853503184,1.0,1.0,1.0,1.0,1.0,0.0,0.2464599609375,-0.464599609375,0.071533203125,-0.0145263671875,-0.00311279296875,9.1552734375e-05,H,4,2026-08-24_23-25-27,2026-08-24
0.9507781397032211,0.9179239589619795,0.0,0.0,0.24203821656050956,1.0,1.0,1.0,1.0,1.0,0.0,0.2437744140625,-0.46826171875,0.0673828125,-0.02593994140625,0.001678466796875,-0.00030517578125,H,4,2026-08-24_23-25-27,2026-08-24
0.9565689467969598,0.9408569704284853,0.0,0.0,0.1910828025477707,1.0,1.0,1.0,1.0,1.0,0.0,0.240966796875,-0.4736328125,0.06982421875,-0.0335693359375,0.015716552734375,-0.005157470703125,H,4,2026-08-24_23-25-27,2026-08-24
0.9601882012305465,0.9468919734459867,0.0,0.026881720430107527,0.1910828025477707,1.0,1.0,1.0,1.0,1.0,0.0,0.2432861328125,-0.4691162109375,0.0751953125,-0.0382080078125,0.02191162109375,-0.01031494140625,H,4,2026-08-24_23-25-27,2026-08-24
0.9601882012305465,0.9263729631864815,0.0,0.0,0.2802547770700637,1.0,1.0,1.0,1.0,1.0,0.0,0.2559814453125,-0.4691162109375,0.0858154296875,-0.031707763671875,0.01690673828125,-0.010955810546875,H,4,2026-08-24_23-25-27,2026-08-24
0.9580166485703945,0.9251659625829813,0.0,0.0,0.2929936305732484,1.0,1.0,1.0,1.0,1.0,0.0,0.25048828125,-0.4613037109375,0.0863037109375,-0.02667236328125,0.00238037109375,-0.01220703125,H,4,2026-08-24_23-25-27,2026-08-24
0.9601882012305465,0.9034399517199758,0.0,0.021505376344086023,0.21656050955414013,1.0,1.0,1.0,1.0,1.0,0.0,0.253662109375,-0.461669921875,0.0828857421875,-0.02734375,0.0101318359375,-0.011749267578125,H,4,2026-08-24_23-25-27,2026-08-24
0.9819037278320666,0.9420639710319855,1.0,1.0,0.0,1.0,0.0,0.0,0.0,1.0,0.0,0.5849609375,0.0989990234375,-0.04541015625,-0.04156494140625,-0.064971923828125,0.02203369140625,A,0,2026-08-24_23-25-27,2026-08-24
0.9833514296055013,0.923958961979481,1.0,1.0,0.08917197452229299,1.0,0.0,0.0,0.0,1.0,0.0,0.5777587890625,0.0986328125,-0.0699462890625,-0.030792236328125,-0.051910400390625,0.03228759765625,A,0,2026-08-24_23-25-27,2026-08-24
0.9833514296055013,0.9348219674109837,1.0,1.0,0.050955414012738856,1.0,0.0,0.0,0.0,1.0,0.0,0.5550537109375,0.077392578125,-0.08349609375,-0.040313720703125,-0.0294189453125,0.0286865234375,A,0,2026-08-24_23-25-27,2026-08-24
0.9797321751719146,0.9553409776704889,1.0,1.0,0.03821656050955414,1.0,0.0,0.0,0.0,1.0,0.0,0.542724609375,0.07275390625,-0.0714111328125,-0.04534912109375,-0.018280029296875,0.014373779296875,A,0,2026-08-24_23-25-27,2026-08-24
0.9826275787187839,0.9324079662039831,1.0,1.0,0.06369426751592357,1.0,0.0,0.0,0.0,1.0,0.0,0.5164794921875,0.0865478515625,-0.06201171875,-0.044952392578125,-0.018951416015625,0.0162353515625,A,0,2026-08-24_23-25-27,2026-08-24
0.9790083242851972,0.9420639710319855,1.0,1.0,0.0,1.0,0.0,0.0,0.0,1.0,0.0,0.498046875,0.075439453125,-0.0557861328125,-0.041290283203125,-0.018707275390625,0.01593017578125,A,0,2026-08-24_23-25-27,2026-08-24
0.9826275787187839,0.9396499698249849,1.0,1.0,0.07643312101910828,1.0,0.0,0.0,0.0,1.0,0.0,0.4820556640625,0.09033203125,-0.0330810546875,-0.0435791015625,-0.0162353515625,0.012664794921875,A,0,2026-08-24_23-25-27,2026-08-24
0.9833514296055013,0.9372359686179843,1.0,1.0,0.012738853503184714,1.0,0.0,0.0,0.0,1.0,0.0,0.48779296875,0.099853515625,-0.0006103515625,-0.032806396484375,-0.026275634765625,0.016326904296875,A,0,2026-08-24_23-25-27,2026-08-24
0.9811798769453492,0.9336149668074833,1.0,1.0,0.0,1.0,0.0,0.0,0.0,1.0,0.0,0.49462890625,0.0897216796875,0.0093994140625,-0.02117919921875,-0.040008544921875,0.02215576171875,A,0,2026-08-24_23-25-27,2026-08-24
0.9819037278320666,0.9384429692214846,1.0,1.0,0.06369426751592357,1.0,0.0,0.0,0.0,1.0,0.0,0.492431640625,0.107666015625,0.013671875,-0.008148193359375,-0.043701171875,0.043212890625,A,0,2026-08-24_23-25-27,2026-08-24
0.9811798769453492,0.9408569704284853,1.0,1.0,0.07643312101910828,1.0,0.0,0.0,0.0,1.0,0.0,0.5216064453125,0.073486328125,0.0015869140625,0.005950927734375,-0.051300048828125,0.055572509765625,A,0,2026-08-24_23-25-27,2026-08-24
0.9833514296055013,0.9420639710319855,1.0,1.0,0.0,1.0,0.0,0.0,0.0,1.0,0.0,0.660400390625,0.027099609375,-0.010498046875,-0.04376220703125,-0.028167724609375,0.049468994140625,A,0,2026-08-24_23-25-27,2026-08-24
0.9797321751719146,0.936028968014484,1.0,1.0,0.06369426751592357,1.0,0.0,0.0,0.0,1.0,0.0,0.6923828125,0.0592041015625,-0.043212890625,-0.01531982421875,-0.087493896484375,0.0147705078125,A,0,2026-08-24_23-25-27,2026-08-24
0.9797321751719146,0.9480989740494871,1.0,1.0,0.07643312101910828,1.0,0.0,0.0,0.0,1.0,0.0,0.56396484375,0.05859375,-0.0665283203125,0.021636962890625,-0.08746337890625,0.008453369140625,A,0,2026-08-24_23-25-27,2026-08-24
0.9811798769453492,0.9372359686179843,1.0,1.0,0.03821656050955414,1.0,0.0,0.0,0.0,1.0,0.0,0.5648193359375,0.0833740234375,-0.0731201171875,0.01177978515625,-0.06744384765625,-0.018646240234375,A,0,2026-08-24_23-25-27,2026-08-24
0.9833514296055013,0.9299939649969825,1.0,1.0,0.11464968152866242,1.0,0.0,0.0,0.0,1.0,0.0,0.603759765625,0.08349609375,-0.0762939453125,0.01025390625,-0.05999755859375,-0.02825927734375,A,0,2026-08-24_23-25-27,2026-08-24
0.9833514296055013,0.9420639710319855,1.0,1.0,0.06369426751592357,1.0,0.0,0.0,0.0,1.0,0.0,0.58203125,0.1044921875,-0.0875244140625,-0.014739990234375,-0.055633544921875,-0.020843505859375,A,0,2026-08-24_23-25-27,2026-08-24
0.9768367716250452,0.9336149668074833,1.0,1.0,0.012738853503184714,1.0,0.0,0.0,0.0,1.0,0.0,0.5489501953125,0.1075439453125,-0.1116943359375,0.0042724609375,-0.06640625,-0.0184326171875,A,0,2026-08-24_23-25-27,2026-08-24
0.9826275787187839,0.9408569704284853,1.0,1.0,0.03821656050955414,1.0,0.0,0.0,0.0,1.0,0.0,0.5333251953125,0.09375,-0.1141357421875,0.000244140625,-0.0421142578125,-0.015777587890625,A,0,2026-08-24_23-25-27,2026-08-24
0.9833514296055013,0.9420639710319855,1.0,1.0,0.03821656050955414,1.0,0.0,0.0,0.0,1.0,0.0,0.528076171875,0.103271484375,-0.100341796875,-0.01007080078125,-0.016021728515625,-0.004119873046875,A,0,2026-08-24_23-25-27,2026-08-24
0.9768367716250452,0.9312009656004828,1.0,1.0,0.08917197452229299,1.0,0.0,0.0,0.0,1.0,0.0,0.539306640625,0.105224609375,-0.083984375,-0.00604248046875,-0.0206298828125,0.005859375,A,0,2026-08-24_23-25-27,2026-08-24
0.9811798769453492,0.9420639710319855,1.0,1.0,0.012738853503184714,1.0,0.0,0.0,0.0,1.0,0.0,0.5406494140625,0.0845947265625,-0.0684814453125,-0.000823974609375,-0.020355224609375,0.01702880859375,A,0,2026-08-24_23-25-27,2026-08-24
0.9819037278320666,0.9420639710319855,1.0,1.0,0.0,1.0,0.0,0.0,0.0,1.0,0.0,0.53955078125,0.0809326171875,-0.0682373046875,0.0050048828125,-0.010498046875,0.022613525390625,A,0,2026-08-24_23-25-27,2026-08-24
0.9753890698516106,0.9336149668074833,1.0,1.0,0.0,1.0,0.0,0.0,0.0,1.0,0.0,0.5323486328125,0.0833740234375,-0.059814453125,0.00830078125,-0.004302978515625,0.02484130859375,A,0,2026-08-24_23-25-27,2026-08-24
0.9826275787187839,0.9251659625829813,1.0,1.0,0.0,1.0,0.0,0.0,0.0,1.0,0.0,0.5439453125,0.0823974609375,-0.0484619140625,-0.00396728515625,-0.0010986328125,0.023406982421875,A,0,2026-08-24_23-25-27,2026-08-24
0.9819037278320666,0.9372359686179843,1.0,1.0,0.0,1.0,0.0,0.0,0.0,1.0,0.0,0.561279296875,0.0889892578125,-0.0389404296875,0.00262451171875,-0.010986328125,0.028839111328125,A,0,2026-08-24_23-25-27,2026-08-24
0.9819037278320666,0.9287869643934822,1.0,1.0,0.06369426751592357,1.0,0.0,0.0,0.0,1.0,0.0,0.5594482421875,0.0869140625,-0.0465087890625,-0.005645751953125,-0.024871826171875,0.029296875,A,0,2026-08-24_23-25-27,2026-08-24
0.9753890698516106,0.9336149668074833,1.0,1.0,0.06369426751592357,1.0,0.0,0.0,0.0,1.0,0.0,0.555419921875,0.1068115234375,-0.044921875,-0.00347900390625,-0.037200927734375,0.03582763671875,A,0,2026-08-24_23-25-27,2026-08-24
0.9753890698516106,0.9372359686179843,1.0,1.0,0.0,1.0,0.0,0.0,0.0,1.0,0.0,0.5533447265625,0.0667724609375,-0.070068359375,0.002349853515625,-0.032958984375,0.026641845703125,A,0,2026-08-24_23-25-27,2026-08-24
0.9847991313789359,0.936028968014484,1.0,1.0,0.0,1.0,0.0,0.0,0.0,1.0,0.0,0.5589599609375,0.080078125,-0.063232421875,-0.003204345703125,-0.01361083984375,0.01507568359375,A,0,2026-08-24_23-25-27,2026-08-24
0.9811798769453492,0.9505129752564876,1.0,1.0,0.06369426751592357,1.0,0.0,0.0,0.0,1.0,0.0,0.5706787109375,0.0772705078125,-0.0592041015625,-0.004241943359375,-0.017486572265625,0.013580322265625,A,0,2026-08-24_23-25-27,2026-08-24
0.9855229822656533,0.936028968014484,1.0,1.0,0.012738853503184714,1.0,0.0,0.0,0.0,1.0,0.0,0.570556640625,0.0791015625,-0.0648193359375,-0.019073486328125,-0.027801513671875,0.0078125,A,0,2026-08-24_23-25-27,2026-08-24
0.9819037278320666,0.9444779722389861,1.0,1.0,0.08917197452229299,1.0,0.0,0.0,0.0,1.0,0.0,0.5538330078125,0.0780029296875,-0.07470703125,-0.01788330078125,-0.02130126953125,0.005096435546875,A,0,2026-08-24_23-25-27,2026-08-24
0.9833514296055013,0.9312009656004828,1.0,1.0,0.14012738853503184,1.0,0.0,0.0,0.0,1.0,0.0,0.5516357421875,0.073974609375,-0.0771484375,-0.018524169921875,-0.006317138671875,0.000640869140625,A,0,2026-08-24_23-25-27,2026-08-24
0.9833514296055013,0.9408569704284853,1.0,1.0,0.025477707006369428,1.0,0.0,0.0,0.0,1.0,0.0,0.5439453125,0.09130859375,-0.072021484375,-0.01629638671875,-0.001922607421875,-0.0001220703125,A,0,2026-08-24_23-25-27,2026-08-24
0.9819037278320666,0.9384429692214846,1.0,1.0,0.07643312101910828,1.0,0.0,0.0,0.0,1.0,0.0,0.548828125,0.081298828125,-0.0811767578125,-0.01910400390625,-0.00836181640625,0.005584716796875,A,0,2026-08-24_23-25-27,2026-08-24
0.9782844733984799,0.9287869643934822,1.0,1.0,0.07643312101910828,1.0,0.0,0.0,0.0,1.0,0.0,0.54541015625,0.07568359375,-0.084716796875,-0.022918701171875,-0.01470947265625,0.009552001953125,A,0,2026-08-24_23-25-27,2026-08-24
0.9775606225117626,0.9408569704284853,1.0,1.0,0.03821656050955414,1.0,0.0,0.0,0.0,1.0,0.0,0.5416259765625,0.0682373046875,-0.089599609375,-0.024566650390625,-0.0062255859375,0.00872802734375,A,0,2026-08-24_23-25-27,2026-08-24
0.9790083242851972,0.9348219674109837,1.0,1.0,0.10191082802547771,1.0,0.0,0.0,0.0,1.0,0.0,0.55322265625,0.06591796875,-0.0838623046875,-0.032318115234375,0.000762939453125,0.00537109375,A,0,2026-08-24_23-25-27,2026-08-24
0.9790083242851972,0.9275799637899819,1.0,1.0,0.07643312101910828,1.0,0.0,0.0,0.0,1.0,0.0,0.551025390625,0.0799560546875,-0.067626953125,-0.03118896484375,-0.00732421875,0.00921630859375,A,0,2026-08-24_23-25-27,2026-08-24
1.0,0.9215449607724804,1.0,1.0,0.0,1.0,0.0,0.0,0.0,1.0,0.0,0.55517578125,0.0343017578125,-0.0660400390625,-0.005767822265625,-0.001861572265625,0.00323486328125,A,1,2026-08-24_23-25-27,2026-08-24
1.0,0.9299939649969825,1.0,1.0,0.0,1.0,0.0,0.0,0.0,1.0,0.0,0.5543212890625,0.039794921875,-0.06689453125,-0.0008544921875,-0.00543212890625,0.0037841796875,A,1,2026-08-24_23-25-27,2026-08-24
1.0,0.9312009656004828,1.0,1.0,0.0,1.0,0.0,0.0,0.0,1.0,0.0,0.552001953125,0.033447265625,-0.0660400390625,-0.003570556640625,-0.0084228515625,0.00335693359375,A,1,2026-08-24_23-25-27,2026-08-24
1.0,0.9287869643934822,1.0,1.0,0.0,1.0,0.0,0.0,0.0,1.0,0.0,0.55224609375,0.0386962890625,-0.069091796875,-0.010040283203125,-0.004547119140625,0.001007080078125,A,1,2026-08-24_23-25-27,2026-08-24
1.0,0.9263729631864815,1.0,1.0,0.0,1.0,0.0,0.0,0.0,1.0,0.0,0.5548095703125,0.038330078125,-0.07275390625,-0.011444091796875,-0.002655029296875,0.00115966796875,A,1,2026-08-24_23-25-27,2026-08-24
1.0,0.9336149668074833,1.0,1.0,0.0,1.0,0.0,0.0,0.0,1.0,0.0,0.5548095703125,0.0355224609375,-0.0694580078125,-0.008544921875,-0.00616455078125,0.000518798828125,A,1,2026-08-24_23-25-27,2026-08-24
1.0,0.9263729631864815,1.0,1.0,0.0,1.0,0.0,0.0,0.0,1.0,0.0,0.557861328125,0.037109375,-0.0704345703125,-0.01141357421875,-0.00933837890625,0.00054931640625,A,1,2026-08-24_23-25-27,2026-08-24
1.0,0.9215449607724804,1.0,1.0,0.0,1.0,0.0,0.0,0.0,1.0,0.0,0.553955078125,0.0367431640625,-0.071044921875,-0.016357421875,-0.00616455078125,0.002410888671875,A,1,2026-08-24_23-25-27,2026-08-24
1.0,0.9287869643934822,1.0,1.0,0.0,1.0,0.0,0.0,0.0,1.0,0.0,0.552734375,0.0389404296875,-0.068359375,-0.01568603515625,-0.00244140625,0.002288818359375,A,1,2026-08-24_23-25-27,2026-08-24
1.0,0.9275799637899819,1.0,1.0,0.0,1.0,0.0,0.0,0.0,1.0,0.0,0.5560302734375,0.0333251953125,-0.06787109375,-0.013641357421875,-0.00274658203125,0.00164794921875,A,1,2026-08-24_23-25-27,2026-08-24
1.0,0.9336149668074833,1.0,1.0,0.0,1.0,0.0,0.0,0.0,1.0,0.0,0.5537109375,0.0408935546875,-0.06298828125,-0.01300048828125,-0.004486083984375,0.001617431640625,A,1,2026-08-24_23-25-27,2026-08-24
1.0,0.9275799637899819,1.0,1.0,0.0,1.0,0.0,0.0,0.0,1.0,0.0,0.549072265625,0.0330810546875,-0.0694580078125,-0.012359619140625,-0.005889892578125,0.00164794921875,A,1,2026-08-24_23-25-27,2026-08-24
1.0,0.9227519613759807,1.0,1.0,0.0,1.0,0.0,0.0,0.0,1.0,0.0,0.553466796875,0.0413818359375,-0.0650634765625,-0.018035888671875,-0.002960205078125,0.000213623046875,A,1,2026-08-24_23-25-27,2026-08-24
1.0,0.9227519613759807,1.0,1.0,0.0,1.0,0.0,0.0,0.0,1.0,0.0,0.554931640625,0.0433349609375,-0.0640869140625,-0.0159912109375,-0.00640869140625,0.002899169921875,A,1,2026-08-24_23-25-27,2026-08-24
1.0,0.9299939649969825,1.0,1.0,0.0,1.0,0.0,0.0,0.0,1.0,0.0,0.554443359375,0.0390625,-0.0667724609375,-0.014404296875,-0.010162353515625,0.002685546875,A,1,2026-08-24_23-25-27,2026-08-24
1.0,0.9287869643934822,1.0,1.0,0.0,1.0,0.0,0.0,0.0,1.0,0.0,0.5552978515625,0.040771484375,-0.067626953125,-0.0093994140625,-0.007598876953125,0.003326416015625,A,1,2026-08-24_23-25-27,2026-08-24
1.0,0.9275799637899819,1.0,1.0,0.0,1.0,0.0,0.0,0.0,1.0,0.0,0.557373046875,0.034912109375,-0.0679931640625,-0.0118408203125,-0.0079345703125,0.0018310546875,A,1,2026-08-24_23-25-27,2026-08-24
1.0,0.9203379601689801,1.0,1.0,0.0,1.0,0.0,0.0,0.0,1.0,0.0,0.554931640625,0.0377197265625,-0.064697265625,-0.013519287109375,-0.010284423828125,0.003082275390625,A,1,2026-08-24_23-25-27,2026-08-24
1.0,0.9263729631864815,1.0,1.0,0.0,1.0,0.0,0.0,0.0,1.0,0.0,0.55322265625,0.037841796875,-0.0673828125,-0.014862060546875,-0.009033203125,0.0054931640625,A,1,2026-08-24_23-25-27,2026-08-24
1.0,0.9299939649969825,1.0,1.0,0.0,1.0,0.0,0.0,0.0,1.0,0.0,0.552490234375,0.0355224609375,-0.0777587890625,-0.008697509765625,-0.008575439453125,0.004486083984375,A,1,2026-08-24_23-25-27,2026-08-24
1.0,0.9336149668074833,1.0,1.0,0.0,1.0,0.0,0.0,0.0,1.0,0.0,0.5565185546875,0.035400390625,-0.0723876953125,-0.01177978515625,-0.00506591796875,0.0013427734375,A,1,2026-08-24_23-25-27,2026-08-24
1.0,0.9336149668074833,1.0,1.0,0.0,1.0,0.0,0.0,0.0,1.0,0.0,0.555419921875,0.0364990234375,-0.068603515625,-0.014251708984375,-0.003265380859375,0.001434326171875,A,1,2026-08-24_23-25-27,2026-08-24
1.0,0.9299939649969825,1.0,1.0,0.0,1.0,0.0,0.0,0.0,1.0,0.0,0.557861328125,0.0418701171875,-0.0689697265625,-0.015472412109375,-0.003997802734375,0.003021240234375,A,1,2026-08-24_23-25-27,2026-08-24
1.0,0.9324079662039831,1.0,1.0,0.0,1.0,0.0,0.0,0.0,1.0,0.0,0.5538330078125,0.0382080078125,-0.072021484375,-0.02081298828125,-0.00848388671875,0.00274658203125,A,1,2026-08-24_23-25-27,2026-08-24
1.0,0.923958961979481,1.0,1.0,0.0,1.0,0.0,0.0,0.0,1.0,0.0,0.5533447265625,0.0460205078125,-0.06005859375,-0.01153564453125,-0.00885009765625,0.0054931640625,A,1,2026-08-24_23-25-27,2026-08-24
1.0,0.923958961979481,1.0,1.0,0.0,1.0,0.0,0.0,0.0,1.0,0.0,0.552978515625,0.033203125,-0.0679931640625,-0.00921630859375,-0.0048828125,0.00384521484375,A,1,2026-08-24_23-25-27,2026-08-24
1.0,0.923958961979481,1.0,1.0,0.0,1.0,0.0,0.0,0.0,1.0,0.0,0.5552978515625,0.0357666015625,-0.068359375,-0.017974853515625,-0.0054931640625,0.00238037109375,A,1,2026-08-24_23-25-27,2026-08-24
1.0,0.9263729631864815,1.0,1.0,0.0,1.0,0.0,0.0,0.0,1.0,0.0,0.553466796875,0.0428466796875,-0.06201171875,-0.014862060546875,-0.00787353515625,0.005218505859375,A,1,2026-08-24_23-25-27,2026-08-24
0.9971045964531307,0.9251659625829813,1.0,1.0,0.0,1.0,0.0,0.0,0.0,1.0,0.0,0.5562744140625,0.0389404296875,-0.0699462890625,-0.011444091796875,-0.012969970703125,0.0086669921875,A,1,2026-08-24_23-25-27,2026-08-24
1.0,0.9263729631864815,1.0,1.0,0.0,1.0,0.0,0.0,0.0,1.0,0.0,0.5506591796875,0.0361328125,-0.0709228515625,-0.008087158203125,-0.0076904296875,0.00372314453125,A,1,2026-08-24_23-25-27,2026-08-24
1.0,0.9227519613759807,1.0,1.0,0.012738853503184714,1.0,0.0,0.0,0.0,1.0,0.0,0.5579833984375,0.0347900390625,-0.0694580078125,-0.0135498046875,-0.0042724609375,0.001495361328125,A,1,2026-08-24_23-25-27,2026-08-24
1.0,0.9299939649969825,1.0,1.0,0.0,1.0,0.0,0.0,0.0,1.0,0.0,0.552978515625,0.0380859375,-0.068603515625,-0.01239013671875,-0.007537841796875,0.002166748046875,A,1,2026-08-24_23-25-27,2026-08-24
1.0,0.9312009656004828,1.0,1.0,0.0,1.0,0.0,0.0,0.0,1.0,0.0,0.554931640625,0.037841796875,-0.0701904296875,-0.014068603515625,-0.0025634765625,0.0045166015625,A,1,2026-08-24_23-25-27,2026-08-24
0.9985522982265653,0.9215449607724804,1.0,1.0,0.0,1.0,0.0,0.0,0.0,1.0,0.0,0.5599365234375,0.0325927734375,-0.0635986328125,-0.01824951171875,-0.008575439453125,0.004119873046875,A,1,2026-08-24_23-25-27,2026-08-24
1.0,0.9275799637899819,1.0,1.0,0.0,1.0,0.0,0.0,0.0,1.0,0.0,0.54833984375,0.0330810546875,-0.0706787109375,-0.0205078125,-0.009796142578125,0.002288818359375,A,1,2026-08-24_23-25-27,2026-08-24
0.9992761491132827,0.9251659625829813,1.0,1.0,0.0,1.0,0.0,0.0,0.0,1.0,0.0,0.5501708984375,0.043212890625,-0.07177734375,-0.01983642578125,-0.00335693359375,0.001434326171875,A,1,2026-08-24_23-25-27,2026-08-24
1.0,0.9251659625829813,1.0,1.0,0.0,1.0,0.0,0.0,0.0,1.0,0.0,0.5538330078125,0.039306640625,-0.072021484375,-0.01470947265625,-0.005584716796875,0.00146484375,A,1,2026-08-24_23-25-27,2026-08-24
0.9963807455664133,0.9251659625829813,1.0,1.0,0.0,1.0,0.0,0.0,0.0,1.0,0.0,0.5494384765625,0.0416259765625,-0.0673828125,-0.012939453125,-0.00482177734375,6.103515625e-05,A,1,2026-08-24_23-25-27,2026-08-24
0.9949330437929786,0.9155099577549789,1.0,1.0,0.0,1.0,0.0,0.0,0.0,1.0,0.0,0.5625,0.04248046875,-0.058349609375,-0.020477294921875,-0.008544921875,0.002288818359375,A,1,2026-08-24_23-25-27,2026-08-24
0.9992761491132827,0.9227519613759807,1.0,1.0,0.0,1.0,0.0,0.0,0.0,1.0,0.0,0.5491943359375,0.0408935546875,-0.06591796875,-0.01220703125,-0.014373779296875,0.0068359375,A,1,2026-08-24_23-25-27,2026-08-24
0.9949330437929786,0.8974049487024743,1.0,1.0,0.0,1.0,0.0,0.0,0.0,1.0,0.0,0.5546875,0.0228271484375,-0.094970703125,-0.023529052734375,-0.0006103515625,0.003570556640625,A,2,2026-08-24_23-25-27,2026-08-24
0.995656894679696,0.8949909474954737,1.0,1.0,0.0,1.0,0.0,0.0,0.0,1.0,0.0,0.54833984375,0.0179443359375,-0.0921630859375,-0.017303466796875,-0.005767822265625,0.00482177734375,A,2,2026-08-24_23-25-27,2026-08-24
0.9942091929062613,0.9022329511164756,1.0,1.0,0.0,1.0,0.0,0.0,0.0,1.0,0.0,0.550048828125,0.01806640625,-0.087890625,-0.021331787109375,-0.009429931640625,0.00238037109375,A,2,2026-08-24_23-25-27,2026-08-24
0.9905899384726746,0.8974049487024743,1.0,1.0,0.0,1.0,0.0,0.0,0.0,1.0,0.0,0.550048828125,0.03076171875,-0.091064453125,-0.0152587890625,-0.015228271484375,0.007110595703125,A,2,2026-08-24_23-25-27,2026-08-24
0.9884183858125226,0.8949909474954737,1.0,1.0,0.0,1.0,0.0,0.0,0.0,1.0,0.0,0.5467529296875,0.0166015625,-0.0992431640625,-0.01153564453125,-0.0062255859375,0.00299072265625,A,2,2026-08-24_23-25-27,2026-08-24
0.993485342019544,0.9010259505129753,1.0,1.0,0.0,1.0,0.0,0.0,0.0,1.0,0.0,0.555908203125,0.0291748046875,-0.0933837890625,-0.02069091796875,-0.0020751953125,-0.00262451171875,A,2,2026-08-24_23-25-27,2026-08-24
0.9949330437929786,0.899818949909475,1.0,1.0,0.0,1.0,0.0,0.0,0.0,1.0,0.0,0.55029296875,0.0323486328125,-0.0926513671875,-0.00994873046875,-0.012176513671875,0.00482177734375,A,2,2026-08-24_23-25-27,2026-08-24
0.9898660875859573,0.8949909474954737,1.0,1.0,0.012738853503184714,1.0,0.0,0.0,0.0,1.0,0.0,0.546142578125,0.020751953125,-0.1051025390625,-0.012054443359375,-0.00396728515625,0.005218505859375,A,2,2026-08-24_23-25-27,2026-08-24
0.9942091929062613,0.9034399517199758,1.0,1.0,0.0,1.0,0.0,0.0,0.0,1.0,0.0,0.551025390625,0.026611328125,-0.0958251953125,-0.01300048828125,-0.00628662109375,0.004974365234375,A,2,2026-08-24_23-25-27,2026-08-24
0.9905899384726746,0.896197948098974,1.0,1.0,0.0,1.0,0.0,0.0,0.0,1.0,0.0,0.54736328125,0.0218505859375,-0.1014404296875,-0.006866455078125,-0.00848388671875,0.004638671875,A,2,2026-08-24_23-25-27,2026-08-24
0.995656894679696,0.9034399517199758,1.0,1.0,0.025477707006369428,1.0,0.0,0.0,0.0,1.0,0.0,0.548583984375,0.0186767578125,-0.1007080078125,-0.013275146484375,-0.00128173828125,0.0029296875,A,2,2026-08-24_23-25-27,2026-08-24
0.9927614911328266,0.896197948098974,1.0,1.0,0.0,1.0,0.0,0.0,0.0,1.0,0.0,0.5482177734375,0.023681640625,-0.094970703125,-0.012481689453125,-0.00555419921875,0.004669189453125,A,2,2026-08-24_23-25-27,2026-08-24
0.9927614911328266,0.8901629450814725,1.0,1.0,0.0,1.0,0.0,0.0,0.0,1.0,0.0,0.5501708984375,0.0152587890625,-0.0997314453125,-0.017486572265625,-0.007110595703125,0.00396728515625,A,2,2026-08-24_23-25-27,2026-08-24
0.9985522982265653,0.8986119493059747,1.0,1.0,0.0,1.0,0.0,0.0,0.0,1.0,0.0,0.55078125,0.028076171875,-0.087890625,-0.018707275390625,-0.009063720703125,0.003387451171875,A,2,2026-08-24_23-25-27,2026-08-24
0.9920376402461093,0.899818949909475,1.0,1.0,0.0,1.0,0.0,0.0,0.0,1.0,0.0,0.549072265625,0.02734375,-0.09326171875,-0.00634765625,-0.011444091796875,0.006927490234375,A,2,2026-08-24_23-25-27,2026-08-24
0.9942091929062613,0.899818949909475,1.0,1.0,0.0,1.0,0.0,0.0,0.0,1.0,0.0,0.5440673828125,0.01806640625,-0.099609375,-0.001373291015625,-0.0048828125,0.001983642578125,A,2,2026-08-24_23-25-27,2026-08-24
0.9884183858125226,0.8853349426674714,1.0,1.0,0.03821656050955414,1.0,0.0,0.0,0.0,1.0,0.0,0.5552978515625,0.0186767578125,-0.0933837890625,-0.018829345703125,-0.003997802734375,-0.0006103515625,A,2,2026-08-24_23-25-27,2026-08-24
0.9876945349258053,0.896197948098974,1.0,1.0,0.0,1.0,0.0,0.0,0.0,1.0,0.0,0.5518798828125,0.028076171875,-0.0899658203125,-0.02081298828125,-0.010589599609375,0.006378173828125,A,2,2026-08-24_23-25-27,2026-08-24
0.9949330437929786,0.9034399517199758,1.0,1.0,0.0,1.0,0.0,0.0,0.0,1.0,0.0,0.55078125,0.023681640625,-0.1031494140625,-0.017791748046875,-0.010650634765625,0.009033203125,A,2,2026-08-24_23-25-27,2026-08-24
0.9905899384726746,0.8925769462884732,1.0,1.0,0.0,1.0,0.0,0.0,0.0,1.0,0.0,0.5477294921875,0.02197265625,-0.100830078125,-0.0152587890625,-0.0032958984375,0.00164794921875,A,2,2026-08-24_23-25-27,2026-08-24
0.9927614911328266,0.896197948098974,1.0,1.0,0.012738853503184714,1.0,0.0,0.0,0.0,1.0,0.0,0.5523681640625,0.0247802734375,-0.095458984375,-0.009735107421875,-0.000518798828125,0.001861572265625,A,2,2026-08-24_23-25-27,2026-08-24
0.991313789359392,0.896197948098974,1.0,1.0,0.0,1.0,0.0,0.0,0.0,1.0,0.0,0.55078125,0.02490234375,-0.09375,-0.011474609375,-0.007598876953125,0.0050048828125,A,2,2026-08-24_23-25-27,2026-08-24
0.9949330437929786,0.899818949909475,1.0,1.0,0.0,1.0,0.0,0.0,0.0,1.0,0.0,0.5455322265625,0.0201416015625,-0.098388671875,-0.012603759765625,-0.0072021484375,0.005523681640625,A,2,2026-08-24_23-25-27,2026-08-24
0.9898660875859573,0.8949909474954737,1.0,1.0,0.012738853503184714,1.0,0.0,0.0,0.0,1.0,0.0,0.551513671875,0.0311279296875,-0.089599609375,-0.01123046875,-0.005462646484375,0.00653076171875,A,2,2026-08-24_23-25-27,2026-08-24
0.993485342019544,0.896197948098974,1.0,1.0,0.0,1.0,0.0,0.0,0.0,1.0,0.0,0.5469970703125,0.0169677734375,-0.0999755859375,-0.00848388671875,-0.003662109375,0.002044677734375,A,2,2026-08-24_23-25-27,2026-08-24
0.9920376402461093,0.8986119493059747,1.0,1.0,0.0,1.0,0.0,0.0,0.0,1.0,0.0,0.54931640625,0.0198974609375,-0.099609375,-0.021026611328125,0.0009765625,0.000274658203125,A,2,2026-08-24_23-25-27,2026-08-24
0.993485342019544,0.899818949909475,1.0,1.0,0.012738853503184714,1.0,0.0,0.0,0.0,1.0,0.0,0.552001953125,0.0250244140625,-0.098388671875,-0.0150146484375,-0.008819580078125,0.004730224609375,A,2,2026-08-24_23-25-27,2026-08-24
0.9927614911328266,0.8949909474954737,1.0,1.0,0.0,1.0,0.0,0.0,0.0,1.0,0.0,0.5479736328125,0.0211181640625,-0.0955810546875,-0.01959228515625,-0.008758544921875,0.005096435546875,A,2,2026-08-24_23-25-27,2026-08-24
0.993485342019544,0.8949909474954737,1.0,1.0,0.025477707006369428,1.0,0.0,0.0,0.0,1.0,0.0,0.547119140625,0.0283203125,-0.09521484375,-0.011474609375,-0.006317138671875,0.004058837890625,A,2,2026-08-24_23-25-27,2026-08-24
0.9884183858125226,0.8949909474954737,1.0,1.0,0.0,1.0,0.0,0.0,0.0,1.0,0.0,0.548828125,0.0191650390625,-0.1031494140625,-0.007843017578125,-0.006011962890625,0.00140380859375,A,2,2026-08-24_23-25-27,2026-08-24
0.9920376402461093,0.899818949909475,1.0,1.0,0.012738853503184714,1.0,0.0,0.0,0.0,1.0,0.0,0.5521240234375,0.02294921875,-0.0992431640625,-0.0205078125,-0.006561279296875,0.00042724609375,A,2,2026-08-24_23-25-27,2026-08-24
0.9949330437929786,0.899818949909475,1.0,1.0,0.0,1.0,0.0,0.0,0.0,1.0,0.0,0.5477294921875,0.025146484375,-0.0963134765625,-0.0184326171875,-0.009613037109375,0.005950927734375,A,2,2026-08-24_23-25-27,2026-08-24
0.9855229822656533,0.8877489438744719,1.0,1.0,0.0,1.0,0.0,0.0,0.0,1.0,0.0,0.5487060546875,0.0277099609375,-0.0921630859375,-0.017547607421875,-0.00732421875,0.006988525390625,A,2,2026-08-24_23-25-27,2026-08-24
0.9884183858125226,0.8913699456849729,1.0,1.0,0.0,1.0,0.0,0.0,0.0,1.0,0.0,0.5477294921875,0.0205078125,-0.0947265625,-0.00469970703125,-0.0074462890625,0.003814697265625,A,2,2026-08-24_23-25-27,2026-08-24
0.993485342019544,0.8913699456849729,1.0,1.0,0.0,1.0,0.0,0.0,0.0,1.0,0.0,0.5496826171875,0.0167236328125,-0.0909423828125,-0.01116943359375,-0.001617431640625,-0.00189208984375,A,2,2026-08-24_23-25-27,2026-08-24
0.9949330437929786,0.8974049487024743,1.0,1.0,0.0,1.0,0.0,0.0,0.0,1.0,0.0,0.5506591796875,0.0174560546875,-0.089111328125,-0.00518798828125,-0.003662109375,0.000152587890625,A,2,2026-08-24_23-25-27,2026-08-24
0.9927614911328266,0.8974049487024743,1.0,1.0,0.0,1.0,0.0,0.0,0.0,1.0,0.0,0.5550537109375,0.0234375,-0.088134765625,-0.005126953125,-0.010711669921875,0.00372314453125,A,2,2026-08-24_23-25-27,2026-08-24
0.991313789359392,0.9022329511164756,1.0,1.0,0.0,1.0,0.0,0.0,0.0,1.0,0.0,0.546875,0.02685546875,-0.092529296875,-0.00286865234375,-0.0111083984375,0.00604248046875,A,2,2026-08-24_23-25-27,2026-08-24
0.9898660875859573,0.8949909474954737,1.0,1.0,0.0,1.0,0.0,0.0,0.0,1.0,0.0,0.5478515625,0.0228271484375,-0.09716796875,-0.006439208984375,-0.008758544921875,0.00347900390625,A,2,2026-08-24_23-25-27,2026-08-24
0.9949330437929786,0.8901629450814725,1.0,1.0,0.0,1.0,0.0,0.0,0.0,1.0,0.0,0.550537109375,0.0283203125,-0.0958251953125,-0.01318359375,-0.0062255859375,0.004638671875,A,2,2026-08-24_23-25-27,2026-08-24
1.0,0.9155099577549789,1.0,1.0,0.0,1.0,0.0,0.0,0.0,1.0,0.0,0.54833984375,-0.002685546875,-0.103271484375,-0.003387451171875,-0.0089111328125,0.004364013671875,A,3,2026-08-24_23-25-27,2026-08-24
1.0,0.9191309595654797,1.0,1.0,0.0,1.0,0.0,0.0,0.0,1.0,0.0,0.549560546875,0.002197265625,-0.1002197265625,-0.01873779296875,-0.00311279296875,0.00439453125,A,3,2026-08-24_23-25-27,2026-08-24
1.0,0.9191309595654797,1.0,1.0,0.0,1.0,0.0,0.0,0.0,1.0,0.0,0.5526123046875,0.0045166015625,-0.0908203125,-0.02081298828125,-0.00994873046875,0.008697509765625,A,3,2026-08-24_23-25-27,2026-08-24
1.0,0.9143029571514786,1.0,1.0,0.0,1.0,0.0,0.0,0.0,1.0,0.0,0.5477294921875,0.0035400390625,-0.09912109375,-0.015106201171875,-0.009918212890625,0.009521484375,A,3,2026-08-24_23-25-27,2026-08-24
1.0,0.9155099577549789,1.0,1.0,0.0,1.0,0.0,0.0,0.0,1.0,0.0,0.5516357421875,0.0029296875,-0.09912109375,-0.012786865234375,-0.00665283203125,0.00482177734375,A,3,2026-08-24_23-25-27,2026-08-24
1.0,0.9203379601689801,1.0,1.0,0.012738853503184714,1.0,0.0,0.0,0.0,1.0,0.0,0.5474853515625,-0.0009765625,-0.0994873046875,-0.011016845703125,-0.008758544921875,0.005767822265625,A,3,2026-08-24_23-25-27,2026-08-24
1.0,0.9155099577549789,1.0,1.0,0.0,1.0,0.0,0.0,0.0,1.0,0.0,0.547119140625,0.0003662109375,-0.10009765625,-0.015777587890625,-0.010498046875,0.006683349609375,A,3,2026-08-24_23-25-27,2026-08-24
1.0,0.9167169583584792,1.0,1.0,0.0,1.0,0.0,0.0,0.0,1.0,0.0,0.5511474609375,-0.00390625,-0.10009765625,-0.01312255859375,-0.0093994140625,0.011322021484375,A,3,2026-08-24_23-25-27,2026-08-24
1.0,0.9167169583584792,1.0,1.0,0.0,1.0,0.0,0.0,0.0,1.0,0.0,0.5479736328125,-0.00927734375,-0.107177734375,-0.009765625,-0.00421142578125,0.005615234375,A,3,2026-08-24_23-25-27,2026-08-24
1.0,0.9167169583584792,1.0,1.0,0.0,1.0,0.0,0.0,0.0,1.0,0.0,0.5516357421875,-0.009033203125,-0.09912109375,-0.016143798828125,-0.004180908203125,0.00091552734375,A,3,2026-08-24_23-25-27,2026-08-24
1.0,0.9143029571514786,1.0,1.0,0.0,1.0,0.0,0.0,0.0,1.0,0.0,0.5462646484375,-0.0040283203125,-0.103759765625,-0.01727294921875,-0.00518798828125,0.003204345703125,A,3,2026-08-24_23-25-27,2026-08-24
1.0,0.9215449607724804,1.0,1.0,0.012738853503184714,1.0,0.0,0.0,0.0,1.0,0.0,0.5501708984375,0.0028076171875,-0.0938720703125,-0.02056884765625,-0.00555419921875,0.003662109375,A,3,2026-08-24_23-25-27,2026-08-24
1.0,0.9155099577549789,1.0,1.0,0.0,1.0,0.0,0.0,0.0,1.0,0.0,0.550048828125,0.00732421875,-0.0947265625,-0.01373291015625,-0.0113525390625,0.005706787109375,A,3,2026-08-24_23-25-27,2026-08-24
1.0,0.9118889559444779,1.0,1.0,0.03821656050955414,1.0,0.0,0.0,0.0,1.0,0.0,0.5445556640625,-0.002685546875,-0.1002197265625,-0.008544921875,-0.00946044921875,0.0048828125,A,3,2026-08-24_23-25-27,2026-08-24
1.0,0.9179239589619795,1.0,1.0,0.0,1.0,0.0,0.0,0.0,1.0,0.0,0.5487060546875,-0.001708984375,-0.1036376953125,-0.016204833984375,-0.00482177734375,0.001251220703125,A,3,2026-08-24_23-25-27,2026-08-24
1.0,0.9203379601689801,1.0,1.0,0.0,1.0,0.0,0.0,0.0,1.0,0.0,0.5535888671875,0.0029296875,-0.0950927734375,-0.01904296875,-0.00579833984375,0.004974365234375,A,3,2026-08-24_23-25-27,2026-08-24
1.0,0.9143029571514786,1.0,1.0,0.0,1.0,0.0,0.0,0.0,1.0,0.0,0.554931640625,0.0020751953125,-0.0977783203125,-0.015411376953125,-0.011962890625,0.009002685546875,A,3,2026-08-24_23-25-27,2026-08-24
1.0,0.9094749547374774,1.0,1.0,0.012738853503184714,1.0,0.0,0.0,0.0,1.0,0.0,0.5484619140625,-0.0126953125,-0.1031494140625,-0.017120361328125,-0.01275634765625,0.007904052734375,A,3,2026-08-24_23-25-27,2026-08-24
1.0,0.9155099577549789,1.0,1.0,0.0,1.0,0.0,0.0,0.0,1.0,0.0,0.544189453125,0.0,-0.1033935546875,-0.017791748046875,-0.005340576171875,0.003875732421875,A,3,2026-08-24_23-25-27,2026-08-24
1.0,0.9155099577549789,1.0,1.0,0.025477707006369428,1.0,0.0,0.0,0.0,1.0,0.0,0.551025390625,-0.005859375,-0.1046142578125,-0.01904296875,0.0015869140625,0.001007080078125,A,3,2026-08-24_23-25-27,2026-08-24
1.0,0.9167169583584792,1.0,1.0,0.0,1.0,0.0,0.0,0.0,1.0,0.0,0.55322265625,0.0048828125,-0.0950927734375,-0.01446533203125,-0.005889892578125,0.00323486328125,A,3,2026-08-24_23-25-27,2026-08-24
1.0,0.9143029571514786,1.0,1.0,0.03821656050955414,1.0,0.0,0.0,0.0,1.0,0.0,0.5489501953125,-0.0013427734375,-0.1009521484375,-0.00946044921875,-0.012725830078125,0.0078125,A,3,2026-08-24_23-25-27,2026-08-24
1.0,0.9155099577549789,1.0,1.0,0.0,1.0,0.0,0.0,0.0,1.0,0.0,0.5435791015625,-0.00341796875,-0.1021728515625,-0.01226806640625,-0.006744384765625,0.0069580078125,A,3,2026-08-24_23-25-27,2026-08-24
1.0,0.9058539529269765,1.0,1.0,0.0,1.0,0.0,0.0,0.0,1.0,0.0,0.5423583984375,-0.0067138671875,-0.10693359375,-0.016021728515625,0.00439453125,-9.1552734375e-05,A,3,2026-08-24_23-25-27,2026-08-24
1.0,0.9082679541339771,1.0,1.0,0.025477707006369428,1.0,0.0,0.0,0.0,1.0,0.0,0.5533447265625,0.007080078125,-0.0909423828125,-0.015350341796875,0.00030517578125,0.002655029296875,A,3,2026-08-24_23-25-27,2026-08-24
1.0,0.9106819553409776,1.0,1.0,0.0,1.0,0.0,0.0,0.0,1.0,0.0,0.5533447265625,-0.005615234375,-0.0968017578125,-0.01318359375,-0.011962890625,0.004974365234375,A,3,2026-08-24_23-25-27,2026-08-24
1.0,0.9094749547374774,1.0,1.0,0.025477707006369428,1.0,0.0,0.0,0.0,1.0,0.0,0.546142578125,-0.000244140625,-0.0947265625,-0.015472412109375,-0.0146484375,0.00732421875,A,3,2026-08-24_23-25-27,2026-08-24
1.0,0.9118889559444779,1.0,1.0,0.0,1.0,0.0,0.0,0.0,1.0,0.0,0.5465087890625,-0.0045166015625,-0.1011962890625,-0.009735107421875,-0.00994873046875,0.006317138671875,A,3,2026-08-24_23-25-27,2026-08-24
1.0,0.9070609535304768,1.0,1.0,0.0,1.0,0.0,0.0,0.0,1.0,0.0,0.5450439453125,-0.010009765625,-0.10498046875,-0.01849365234375,0.00018310546875,-0.001190185546875,A,3,2026-08-24_23-25-27,2026-08-24
1.0,0.9046469523234761,1.0,1.0,0.0,1.0,0.0,0.0,0.0,1.0,0.0,0.5560302734375,0.00927734375,-0.0914306640625,-0.023223876953125,-0.005767822265625,0.0020751953125,A,3,2026-08-24_23-25-27,2026-08-24
1.0,0.9143029571514786,1.0,1.0,0.0,1.0,0.0,0.0,0.0,1.0,0.0,0.5477294921875,-0.0001220703125,-0.097412109375,-0.016937255859375,-0.01495361328125,0.011016845703125,A,3,2026-08-24_23-25-27,2026-08-24
0.997828447339848,0.9143029571514786,1.0,1.0,0.025477707006369428,1.0,0.0,0.0,0.0,1.0,0.0,0.546142578125,-0.0048828125,-0.1053466796875,-0.018035888671875,-0.012481689453125,0.0054931640625,A,3,2026-08-24_23-25-27,2026-08-24
1.0,0.9118889559444779,1.0,1.0,0.0,1.0,0.0,0.0,0.0,1.0,0.0,0.5460205078125,-0.0023193359375,-0.10205078125,-0.01983642578125,-0.001556396484375,0.001983642578125,A,3,2026-08-24_23-25-27,2026-08-24
1.0,0.9094749547374774,1.0,1.0,0.06369426751592357,1.0,0.0,0.0,0.0,1.0,0.0,0.546630859375,-0.0001220703125,-0.1007080078125,-0.0186767578125,0.00567626953125,0.00189208984375,A,3,2026-08-24_23-25-27,2026-08-24
1.0,0.9167169583584792,1.0,1.0,0.025477707006369428,1.0,0.0,0.0,0.0,1.0,0.0,0.554443359375,0.007568359375,-0.0970458984375,-0.0115966796875,0.00018310546875,0.007080078125,A,3,2026-08-24_23-25-27,2026-08-24
1.0,0.9106819553409776,1.0,1.0,0.03821656050955414,1.0,0.0,0.0,0.0,1.0,0.0,0.5516357421875,-0.010009765625,-0.0950927734375,-0.009979248046875,-0.012847900390625,0.008819580078125,A,3,2026-08-24_23-25-27,2026-08-24
1.0,0.9118889559444779,1.0,1.0,0.0,1.0,0.0,0.0,0.0,1.0,0.0,0.5467529296875,-0.0091552734375,-0.1005859375,-0.020721435546875,-0.0111083984375,0.005035400390625,A,3,2026-08-24_23-25-27,2026-08-24
1.0,0.9106819553409776,1.0,1.0,0.0,1.0,0.0,0.0,0.0,1.0,0.0,0.5494384765625,-0.00390625,-0.102294921875,-0.0194091796875,0.000244140625,0.004486083984375,A,3,2026-08-24_23-25-27,2026-08-24
1.0,0.9094749547374774,1.0,1.0,0.0,1.0,0.0,0.0,0.0,1.0,0.0,0.5484619140625,-0.006103515625,-0.1007080078125,-0.013946533203125,0.005523681640625,-0.002685546875,A,3,2026-08-24_23-25-27,2026-08-24
1.0,0.9155099577549789,1.0,1.0,0.0,1.0,0.0,0.0,0.0,1.0,0.0,0.558837890625,0.000732421875,-0.087646484375,-0.00146484375,-0.00531005859375,-0.00079345703125,A,3,2026-08-24_23-25-27,2026-08-24
1.0,0.9408569704284853,1.0,1.0,0.0,1.0,0.0,0.0,0.0,1.0,0.0,0.5465087890625,-0.0247802734375,-0.1119384765625,-0.00860595703125,-0.011962890625,0.007843017578125,A,4,2026-08-24_23-25-27,2026-08-24
1.0,0.936028968014484,1.0,1.0,0.012738853503184714,1.0,0.0,0.0,0.0,1.0,0.0,0.5447998046875,-0.0194091796875,-0.113525390625,-0.010467529296875,-0.008819580078125,0.007354736328125,A,4,2026-08-24_23-25-27,2026-08-24
1.0,0.9408569704284853,1.0,1.0,0.0,1.0,0.0,0.0,0.0,1.0,0.0,0.5439453125,-0.02734375,-0.1163330078125,-0.014556884765625,-0.00506591796875,0.002655029296875,A,4,2026-08-24_23-25-27,2026-08-24
1.0,0.9408569704284853,1.0,1.0,0.0,1.0,0.0,0.0,0.0,1.0,0.0,0.54150390625,-0.0164794921875,-0.114990234375,-0.0123291015625,-0.00323486328125,0.00054931640625,A,4,2026-08-24_23-25-27,2026-08-24
1.0,0.9348219674109837,1.0,1.0,0.0,1.0,0.0,0.0,0.0,1.0,0.0,0.5440673828125,-0.0252685546875,-0.1160888671875,-0.007904052734375,-0.004425048828125,0.001556396484375,A,4,2026-08-24_23-25-27,2026-08-24
1.0,0.9336149668074833,1.0,1.0,0.0,1.0,0.0,0.0,0.0,1.0,0.0,0.5443115234375,-0.02099609375,-0.111083984375,-0.01416015625,-0.009796142578125,0.003692626953125,A,4,2026-08-24_23-25-27,2026-08-24
1.0,0.9372359686179843,1.0,1.0,0.0,1.0,0.0,0.0,0.0,1.0,0.0,0.5450439453125,-0.021728515625,-0.11669921875,-0.014129638671875,-0.015533447265625,0.010162353515625,A,4,2026-08-24_23-25-27,2026-08-24
1.0,0.9336149668074833,1.0,1.0,0.0,1.0,0.0,0.0,0.0,1.0,0.0,0.540771484375,-0.0198974609375,-0.1177978515625,-0.022308349609375,-0.00518798828125,0.00665283203125,A,4,2026-08-24_23-25-27,2026-08-24
1.0,0.9432709716354858,1.0,1.0,0.0,1.0,0.0,0.0,0.0,1.0,0.0,0.546630859375,-0.022705078125,-0.119140625,-0.012542724609375,-0.00396728515625,0.00146484375,A,4,2026-08-24_23-25-27,2026-08-24
1.0,0.9324079662039831,1.0,1.0,0.07643312101910828,1.0,0.0,0.0,0.0,1.0,0.0,0.550537109375,-0.020751953125,-0.1142578125,-0.007965087890625,-0.0072021484375,0.000579833984375,A,4,2026-08-24_23-25-27,2026-08-24
1.0,0.9432709716354858,1.0,1.0,0.0,1.0,0.0,0.0,0.0,1.0,0.0,0.55029296875,-0.017822265625,-0.1085205078125,-0.00128173828125,-0.0157470703125,0.00885009765625,A,4,2026-08-24_23-25-27,2026-08-24
1.0,0.9408569704284853,1.0,1.0,0.0,1.0,0.0,0.0,0.0,1.0,0.0,0.5364990234375,-0.0343017578125,-0.1253662109375,0.00115966796875,-0.012481689453125,0.007781982421875,A,4,2026-08-24_23-25-27,2026-08-24
1.0,0.9396499698249849,1.0,1.0,0.025477707006369428,1.0,0.0,0.0,0.0,1.0,0.0,0.5462646484375,-0.0318603515625,-0.1168212890625,-0.01251220703125,-0.001800537109375,-0.001983642578125,A,4,2026-08-24_23-25-27,2026-08-24
1.0,0.9372359686179843,1.0,1.0,0.0,1.0,0.0,0.0,0.0,1.0,0.0,0.54150390625,-0.0306396484375,-0.1162109375,-0.008056640625,-0.00189208984375,-0.000946044921875,A,4,2026-08-24_23-25-27,2026-08-24
1.0,0.9312009656004828,1.0,1.0,0.0,1.0,0.0,0.0,0.0,1.0,0.0,0.5401611328125,-0.0184326171875,-0.115966796875,-0.019866943359375,-0.0009765625,-0.00054931640625,A,4,2026-08-24_23-25-27,2026-08-24
1.0,0.9336149668074833,1.0,1.0,0.0,1.0,0.0,0.0,0.0,1.0,0.0,0.5491943359375,-0.01171875,-0.1051025390625,-0.016845703125,-0.01641845703125,0.010711669921875,A,4,2026-08-24_23-25-27,2026-08-24
1.0,0.9589619794809897,1.0,1.0,0.0,1.0,0.0,0.0,0.0,1.0,0.0,0.5386962890625,-0.0186767578125,-0.1251220703125,-0.016693115234375,-0.020172119140625,0.010955810546875,A,4,2026-08-24_23-25-27,2026-08-24
1.0,0.936028968014484,1.0,1.0,0.0,1.0,0.0,0.0,0.0,1.0,0.0,0.5399169921875,-0.0203857421875,-0.1187744140625,-0.00738525390625,-0.0042724609375,0.005645751953125,A,4,2026-08-24_23-25-27,2026-08-24
1.0,0.9396499698249849,1.0,1.0,0.0,1.0,0.0,0.0,0.0,1.0,0.0,0.549072265625,-0.025146484375,-0.118408203125,-0.00299072265625,-0.0052490234375,0.001220703125,A,4,2026-08-24_23-25-27,2026-08-24
1.0,0.9420639710319855,1.0,1.0,0.0,1.0,0.0,0.0,0.0,1.0,0.0,0.5498046875,-0.021240234375,-0.11376953125,-0.003753662109375,-0.015838623046875,0.003936767578125,A,4,2026-08-24_23-25-27,2026-08-24
1.0,0.936028968014484,1.0,1.0,0.0,1.0,0.0,0.0,0.0,1.0,0.0,0.5439453125,-0.029296875,-0.117431640625,-0.0081787109375,-0.016387939453125,0.009307861328125,A,4,2026-08-24_23-25-27,2026-08-24
1.0,0.9312009656004828,1.0,1.0,0.0,1.0,0.0,0.0,0.0,1.0,0.0,0.54345703125,-0.032958984375,-0.1259765625,-0.01849365234375,-0.009368896484375,0.006622314453125,A,4,2026-08-24_23-25-27,2026-08-24
1.0,0.9299939649969825,1.0,1.0,0.0,1.0,0.0,0.0,0.0,1.0,0.0,0.5452880859375,-0.026123046875,-0.1204833984375,-0.0272216796875,-0.003021240234375,-0.0001220703125,A,4,2026-08-24_23-25-27,2026-08-24
1.0,0.9384429692214846,1.0,1.0,0.0,1.0,0.0,0.0,0.0,1.0,0.0,0.5465087890625,-0.0169677734375,-0.1116943359375,-0.01483154296875,-0.00506591796875,0.005157470703125,A,4,2026-08-24_23-25-27,2026-08-24
1.0,0.9312009656004828,1.0,1.0,0.0,1.0,0.0,0.0,0.0,1.0,0.0,0.5450439453125,-0.0264892578125,-0.118896484375,-0.009796142578125,-0.010162353515625,0.00469970703125,A,4,2026-08-24_23-25-27,2026-08-24
1.0,0.9396499698249849,1.0,1.0,0.025477707006369428,1.0,0.0,0.0,0.0,1.0,0.0,0.546142578125,-0.0238037109375,-0.11669921875,-0.01324462890625,-0.0169677734375,0.005462646484375,A,4,2026-08-24_23-25-27,2026-08-24
1.0,0.9336149668074833,1.0,1.0,0.0,1.0,0.0,0.0,0.0,1.0,0.0,0.541015625,-0.026611328125,-0.1214599609375,-0.0216064453125,-0.01446533203125,0.00518798828125,A,4,2026-08-24_23-25-27,2026-08-24
1.0,0.9299939649969825,1.0,1.0,0.0,1.0,0.0,0.0,0.0,1.0,0.0,0.5423583984375,-0.0281982421875,-0.1134033203125,-0.021942138671875,-0.00994873046875,0.00048828125,A,4,2026-08-24_23-25-27,2026-08-24
1.0,0.9299939649969825,1.0,1.0,0.0,1.0,0.0,0.0,0.0,1.0,0.0,0.5489501953125,-0.017333984375,-0.1162109375,-0.017578125,-0.017822265625,0.00201416015625,A,4,2026-08-24_23-25-27,2026-08-24
1.0,0.9312009656004828,1.0,1.0,0.025477707006369428,1.0,0.0,0.0,0.0,1.0,0.0,0.538818359375,-0.0130615234375,-0.1270751953125,-0.0152587890625,-0.017059326171875,0.007293701171875,A,4,2026-08-24_23-25-27,2026-08-24
1.0,0.9408569704284853,1.0,1.0,0.050955414012738856,1.0,0.0,0.0,0.0,1.0,0.0,0.5386962890625,-0.017578125,-0.1248779296875,-0.014617919921875,-0.01177978515625,0.0084228515625,A,4,2026-08-24_23-25-27,2026-08-24
1.0,0.9348219674109837,1.0,1.0,0.0,1.0,0.0,0.0,0.0,1.0,0.0,0.5455322265625,-0.0244140625,-0.1217041015625,-0.008758544921875,-0.0150146484375,0.010894775390625,A,4,2026-08-24_23-25-27,2026-08-24
1.0,0.9348219674109837,1.0,1.0,0.0,1.0,0.0,0.0,0.0,1.0,0.0,0.53857421875,-0.032470703125,-0.125732421875,-0.01116943359375,-0.00732421875,0.00738525390625,A,4,2026-08-24_23-25-27,2026-08-24
1.0,0.9384429692214846,1.0,1.0,0.012738853503184714,1.0,0.0,0.0,0.0,1.0,0.0,0.5509033203125,-0.0269775390625,-0.118896484375,-0.010650634765625,-0.005828857421875,0.005828857421875,A,4,2026-08-24_23-25-27,2026-08-24
1.0,0.9348219674109837,1.0,1.0,0.012738853503184714,1.0,0.0,0.0,0.0,1.0,0.0,0.5433349609375,-0.0308837890625,-0.1182861328125,-0.004852294921875,-0.011383056640625,0.007232666015625,A,4,2026-08-24_23-25-27,2026-08-24
0.9949330437929786,0.9312009656004828,1.0,1.0,0.012738853503184714,1.0,0.0,0.0,0.0,1.0,0.0,0.5394287109375,-0.0352783203125,-0.11669921875,-0.015167236328125,-0.007232666015625,0.003936767578125,A,4,2026-08-24_23-25-27,2026-08-24
1.0,0.9299939649969825,1.0,1.0,0.0,1.0,0.0,0.0,0.0,1.0,0.0,0.5440673828125,-0.0281982421875,-0.1112060546875,-0.014251708984375,-0.0047607421875,0.002777099609375,A,4,2026-08-24_23-25-27,2026-08-24
1.0,0.9324079662039831,1.0,1.0,0.0,1.0,0.0,0.0,0.0,1.0,0.0,0.5428466796875,-0.0238037109375,-0.11474609375,-0.0096435546875,-0.005645751953125,0.001708984375,A,4,2026-08-24_23-25-27,2026-08-24
1.0,0.9408569704284853,1.0,1.0,0.0,1.0,0.0,0.0,0.0,1.0,0.0,0.5478515625,-0.0230712890625,-0.1180419921875,-0.00799560546875,-0.009490966796875,-0.00030517578125,A,4,2026-08-24_23-25-27,2026-08-24
1.0,0.9348219674109837,1.0,1.0,0.012738853503184714,1.0,0.0,0.0,0.0,1.0,0.0,0.5419921875,-0.0262451171875,-0.11767578125,-0.011962890625,-0.01007080078125,-0.0001220703125,A,4,2026-08-24_23-25-27,2026-08-24
0.05030763662685487,0.0,0.0,0.0,1.0,1.0,1.0,1.0,1.0,1.0,0.0,0.5599365234375,0.1795654296875,-0.1326904296875,-0.005584716796875,-0.0108642578125,0.04400634765625,B,0,2026-08-24_23-25-27,2026-08-24
0.06912775968150561,0.0,0.0,0.0,1.0,1.0,1.0,1.0,1.0,1.0,0.0,0.5299072265625,0.14501953125,-0.1385498046875,-0.025787353515625,0.024658203125,0.03948974609375,B,0,2026-08-24_23-25-27,2026-08-24
0.04958378574013753,0.0,0.0,0.0,1.0,1.0,1.0,1.0,1.0,1.0,0.0,0.514892578125,0.1427001953125,-0.12744140625,-0.056488037109375,0.03973388671875,0.0352783203125,B,0,2026-08-24_23-25-27,2026-08-24
0.043069127759681504,0.0,0.0,0.0,1.0,1.0,1.0,1.0,1.0,1.0,0.0,0.510986328125,0.138916015625,-0.112548828125,-0.057525634765625,0.0260009765625,0.0325927734375,B,0,2026-08-24_23-25-27,2026-08-24
0.048859934853420196,0.0,0.0,0.0,1.0,1.0,1.0,1.0,1.0,1.0,0.0,0.504638671875,0.1318359375,-0.0911865234375,-0.0389404296875,0.0162353515625,0.016265869140625,B,0,2026-08-24_23-25-27,2026-08-24
0.04741223307998552,0.0,0.0,0.0,1.0,1.0,1.0,1.0,1.0,1.0,0.0,0.5042724609375,0.1314697265625,-0.0771484375,-0.028778076171875,0.01519775390625,-0.003387451171875,B,0,2026-08-24_23-25-27,2026-08-24
0.05030763662685487,0.0,0.0,0.0,1.0,1.0,1.0,1.0,1.0,1.0,0.0,0.5130615234375,0.1392822265625,-0.073486328125,-0.03082275390625,0.00146484375,-0.017333984375,B,0,2026-08-24_23-25-27,2026-08-24
0.04741223307998552,0.0,0.0,0.0,1.0,1.0,1.0,1.0,1.0,1.0,0.0,0.518798828125,0.1551513671875,-0.0657958984375,-0.041351318359375,-0.019805908203125,-0.0220947265625,B,0,2026-08-24_23-25-27,2026-08-24
0.04741223307998552,0.0,0.0,0.0,1.0,1.0,1.0,1.0,1.0,1.0,0.0,0.528564453125,0.1627197265625,-0.06494140625,-0.037811279296875,-0.028717041015625,-0.013946533203125,B,0,2026-08-24_23-25-27,2026-08-24
0.048859934853420196,0.0,0.0,0.0,1.0,1.0,1.0,1.0,1.0,1.0,0.0,0.5302734375,0.1697998046875,-0.0782470703125,-0.01409912109375,-0.04046630859375,-0.001617431640625,B,0,2026-08-24_23-25-27,2026-08-24
0.04741223307998552,0.0,0.0,0.0,1.0,1.0,1.0,1.0,1.0,1.0,0.0,0.5225830078125,0.166259765625,-0.092529296875,0.004913330078125,-0.0350341796875,0.004241943359375,B,0,2026-08-24_23-25-27,2026-08-24
0.048859934853420196,0.0,0.0,0.0,1.0,1.0,1.0,1.0,1.0,1.0,0.0,0.5228271484375,0.159423828125,-0.1107177734375,-0.00665283203125,-0.021759033203125,-6.103515625e-05,B,0,2026-08-24_23-25-27,2026-08-24
0.048859934853420196,0.0,0.0,0.0,1.0,1.0,1.0,1.0,1.0,1.0,0.0,0.529541015625,0.1634521484375,-0.11376953125,-0.020843505859375,-0.012725830078125,0.000946044921875,B,0,2026-08-24_23-25-27,2026-08-24
0.048859934853420196,0.0,0.0,0.0,1.0,1.0,1.0,1.0,1.0,1.0,0.0,0.5281982421875,0.16455078125,-0.1160888671875,-0.01702880859375,-0.01416015625,0.0074462890625,B,0,2026-08-24_23-25-27,2026-08-24
0.04741223307998552,0.0,0.0,0.0,1.0,1.0,1.0,1.0,1.0,1.0,0.0,0.528076171875,0.1640625,-0.117919921875,-0.008148193359375,-0.0111083984375,0.0076904296875,B,0,2026-08-24_23-25-27,2026-08-24
0.04668838219326819,0.0,0.0,0.0,1.0,1.0,1.0,1.0,1.0,1.0,0.0,0.5262451171875,0.1595458984375,-0.11376953125,-0.0159912109375,0.003082275390625,0.00079345703125,B,0,2026-08-24_23-25-27,2026-08-24
0.06912775968150561,0.0,0.0,0.0,1.0,1.0,1.0,1.0,1.0,1.0,0.0,0.5308837890625,0.16064453125,-0.1126708984375,-0.024444580078125,0.012176513671875,0.0015869140625,B,0,2026-08-24_23-25-27,2026-08-24
0.05175533840028954,0.0,0.0,0.0,1.0,1.0,1.0,1.0,1.0,1.0,0.0,0.5296630859375,0.1607666015625,-0.0985107421875,-0.020263671875,0.007659912109375,0.004852294921875,B,0,2026-08-24_23-25-27,2026-08-24
0.04813608396670286,0.0,0.0,0.0,1.0,1.0,1.0,1.0,1.0,1.0,0.0,0.5235595703125,0.165283203125,-0.097900390625,-0.02020263671875,0.00775146484375,0.001251220703125,B,0,2026-08-24_23-25-27,2026-08-24
0.04958378574013753,0.0,0.0,0.0,1.0,1.0,1.0,1.0,1.0,1.0,0.0,0.5172119140625,0.17041015625,-0.0897216796875,-0.01385498046875,0.003204345703125,0.002288818359375,B,0,2026-08-24_23-25-27,2026-08-24
0.048859934853420196,0.0,0.0,0.0,1.0,1.0,1.0,1.0,1.0,1.0,0.0,0.5194091796875,0.1673583984375,-0.0902099609375,-0.013519287109375,0.002899169921875,0.00750732421875,B,0,2026-08-24_23-25-27,2026-08-24
0.06912775968150561,0.0,0.0,0.0,1.0,1.0,1.0,1.0,1.0,1.0,0.0,0.5174560546875,0.166015625,-0.0865478515625,-0.011749267578125,-0.001129150390625,0.007843017578125,B,0,2026-08-24_23-25-27,2026-08-24
0.05465074194715889,0.0,0.0,0.0,1.0,1.0,1.0,1.0,1.0,1.0,0.0,0.515625,0.1656494140625,-0.090576171875,-0.00921630859375,-0.0013427734375,0.008056640625,B,0,2026-08-24_23-25-27,2026-08-24
0.06912775968150561,0.0,0.0,0.0,1.0,1.0,1.0,1.0,1.0,1.0,0.0,0.526611328125,0.16015625,-0.089599609375,-0.010101318359375,-0.010528564453125,0.00518798828125,B,0,2026-08-24_23-25-27,2026-08-24
0.06912775968150561,0.0,0.0,0.0,1.0,1.0,1.0,1.0,1.0,1.0,0.0,0.5220947265625,0.1650390625,-0.0965576171875,-0.015380859375,-0.014678955078125,0.005950927734375,B,0,2026-08-24_23-25-27,2026-08-24
0.06912775968150561,0.0,0.0,0.0,1.0,1.0,1.0,1.0,1.0,1.0,0.0,0.5220947265625,0.1641845703125,-0.0960693359375,-0.010528564453125,-0.01214599609375,0.01068115234375,B,0,2026-08-24_23-25-27,2026-08-24
0.05465074194715889,0.0,0.0,0.0,1.0,1.0,1.0,1.0,1.0,1.0,0.0,0.5201416015625,0.159423828125,-0.1005859375,-0.008819580078125,-0.011932373046875,0.00909423828125,B,0,2026-08-24_23-25-27,2026-08-24
0.06912775968150561,0.0,0.0,0.0,1.0,1.0,1.0,1.0,1.0,1.0,0.0,0.520751953125,0.1578369140625,-0.1041259765625,-0.01214599609375,-0.009124755859375,0.00164794921875,B,0,2026-08-24_23-25-27,2026-08-24
0.06912775968150561,0.0,0.0,0.0,1.0,1.0,1.0,1.0,1.0,1.0,0.0,0.5267333984375,0.159423828125,-0.1031494140625,-0.019866943359375,-0.012542724609375,0.000335693359375,B,0,2026-08-24_23-25-27,2026-08-24
0.06912775968150561,0.0,0.0,0.0,1.0,1.0,1.0,1.0,1.0,1.0,0.0,0.5172119140625,0.167236328125,-0.102783203125,-0.01776123046875,-0.010498046875,0.006317138671875,B,0,2026-08-24_23-25-27,2026-08-24
0.06912775968150561,0.0,0.0,0.0,1.0,1.0,1.0,1.0,1.0,1.0,0.0,0.523193359375,0.167236328125,-0.1011962890625,-0.007598876953125,-0.00579833984375,0.0076904296875,B,0,2026-08-24_23-25-27,2026-08-24
0.06912775968150561,0.0,0.0,0.0,1.0,1.0,1.0,1.0,1.0,1.0,0.0,0.526123046875,0.156005859375,-0.0953369140625,-0.01422119140625,-0.00640869140625,0.00091552734375,B,0,2026-08-24_23-25-27,2026-08-24
0.06912775968150561,0.0,0.0,0.0,1.0,1.0,1.0,1.0,1.0,1.0,0.0,0.5203857421875,0.1619873046875,-0.100341796875,-0.01739501953125,-0.011199951171875,0.002777099609375,B,0,2026-08-24_23-25-27,2026-08-24
0.06912775968150561,0.0,0.0,0.0,1.0,1.0,1.0,1.0,1.0,1.0,0.0,0.5174560546875,0.1630859375,-0.0955810546875,-0.023590087890625,-0.008209228515625,0.00531005859375,B,0,2026-08-24_23-25-27,2026-08-24
0.06912775968150561,0.0,0.0,0.0,1.0,1.0,1.0,1.0,1.0,1.0,0.0,0.5191650390625,0.15966796875,-0.1025390625,-0.027252197265625,0.0079345703125,0.002532958984375,B,0,2026-08-24_23-25-27,2026-08-24
0.06912775968150561,0.0,0.0,0.0,1.0,1.0,1.0,1.0,1.0,1.0,0.0,0.5321044921875,0.1629638671875,-0.1004638671875,-0.025665283203125,0.0074462890625,9.1552734375e-05,B,0,2026-08-24_23-25-27,2026-08-24
0.06912775968150561,0.0,0.0,0.0,1.0,1.0,1.0,1.0,1.0,1.0,0.0,0.530517578125,0.164794921875,-0.10205078125,-0.021392822265625,-0.009063720703125,0.002960205078125,B,0,2026-08-24_23-25-27,2026-08-24
0.06912775968150561,0.0,0.0,0.0,1.0,1.0,1.0,1.0,1.0,1.0,0.0,0.516845703125,0.160400390625,-0.0933837890625,-0.014556884765625,-0.010009765625,0.0089111328125,B,0,2026-08-24_23-25-27,2026-08-24
0.06912775968150561,0.0,0.0,0.0,0.9554140127388535,1.0,1.0,1.0,1.0,1.0,0.0,0.5181884765625,0.152099609375,-0.0975341796875,-0.01513671875,-0.00335693359375,0.006988525390625,B,0,2026-08-24_23-25-27,2026-08-24
0.06912775968150561,0.0,0.0,0.0,1.0,1.0,1.0,1.0,1.0,1.0,0.0,0.5218505859375,0.1484375,-0.1016845703125,-0.030914306640625,0.0042724609375,-0.00054931640625,B,0,2026-08-24_23-25-27,2026-08-24
0.18783930510314875,0.0,0.0,0.0,0.8152866242038217,1.0,1.0,1.0,1.0,1.0,1.0,0.512939453125,0.1519775390625,-0.14208984375,-0.011199951171875,0.010467529296875,0.00439453125,B,1,2026-08-24_23-25-27,2026-08-24
0.1907347086500181,0.0,0.0,0.0,0.802547770700637,1.0,1.0,1.0,1.0,1.0,1.0,0.5191650390625,0.1527099609375,-0.1351318359375,-0.01605224609375,-0.002899169921875,0.000244140625,B,1,2026-08-24_23-25-27,2026-08-24
0.18639160332971408,0.0,0.0,0.0,0.7898089171974523,1.0,1.0,1.0,1.0,1.0,1.0,0.5118408203125,0.16162109375,-0.1348876953125,-0.0142822265625,-0.019775390625,0.005126953125,B,1,2026-08-24_23-25-27,2026-08-24
0.18639160332971408,0.0,0.0,0.0,0.6496815286624203,1.0,1.0,1.0,1.0,1.0,1.0,0.50390625,0.164794921875,-0.1353759765625,0.000579833984375,-0.01226806640625,0.011474609375,B,1,2026-08-24_23-25-27,2026-08-24
0.17770539268910604,0.0,0.0,0.0,0.7006369426751592,1.0,1.0,1.0,1.0,1.0,1.0,0.5118408203125,0.15185546875,-0.1473388671875,-0.01318359375,0.007537841796875,0.0025634765625,B,1,2026-08-24_23-25-27,2026-08-24
0.1885631559898661,0.0,0.0,0.0,0.7006369426751592,1.0,1.0,1.0,1.0,1.0,1.0,0.52099609375,0.161376953125,-0.1356201171875,-0.01806640625,-0.000579833984375,0.002044677734375,B,1,2026-08-24_23-25-27,2026-08-24
0.18132464712269272,0.0,0.0,0.0,0.7261146496815286,1.0,1.0,1.0,1.0,1.0,1.0,0.5201416015625,0.1614990234375,-0.1412353515625,-0.013275146484375,-0.020721435546875,0.008331298828125,B,1,2026-08-24_23-25-27,2026-08-24
0.18204849800941006,0.0,0.0,0.0,0.6751592356687898,1.0,1.0,1.0,1.0,1.0,1.0,0.5030517578125,0.161376953125,-0.1435546875,-0.01165771484375,-0.016357421875,0.010711669921875,B,1,2026-08-24_23-25-27,2026-08-24
0.18060079623597539,0.0,0.0,0.0,0.6369426751592356,1.0,1.0,1.0,1.0,1.0,1.0,0.505615234375,0.1546630859375,-0.142822265625,-0.010345458984375,0.006988525390625,0.00836181640625,B,1,2026-08-24_23-25-27,2026-08-24
0.1885631559898661,0.0,0.0,0.0,0.7643312101910829,1.0,1.0,1.0,1.0,1.0,1.0,0.5159912109375,0.156494140625,-0.14697265625,-0.0196533203125,0.009033203125,0.00775146484375,B,1,2026-08-24_23-25-27,2026-08-24
0.17625769091567137,0.0,0.0,0.0,0.7388535031847133,1.0,1.0,1.0,1.0,1.0,1.0,0.5230712890625,0.1544189453125,-0.13818359375,-0.016357421875,-0.01324462890625,0.006927490234375,B,1,2026-08-24_23-25-27,2026-08-24
0.17263843648208468,0.0,0.0,0.0,0.7770700636942676,1.0,1.0,1.0,1.0,1.0,1.0,0.51025390625,0.1533203125,-0.1378173828125,-0.01019287109375,-0.017364501953125,0.008331298828125,B,1,2026-08-24_23-25-27,2026-08-24
0.18204849800941006,0.0,0.0,0.0,0.8152866242038217,1.0,1.0,1.0,1.0,1.0,1.0,0.509033203125,0.148193359375,-0.1446533203125,-0.010498046875,0.00653076171875,0.006683349609375,B,1,2026-08-24_23-25-27,2026-08-24
0.19145855953673543,0.0,0.0,0.0,0.7261146496815286,1.0,1.0,1.0,1.0,1.0,1.0,0.511962890625,0.1507568359375,-0.14013671875,-0.018035888671875,0.01287841796875,0.001922607421875,B,1,2026-08-24_23-25-27,2026-08-24
0.1791530944625407,0.0,0.0,0.0,0.7261146496815286,1.0,1.0,1.0,1.0,1.0,1.0,0.52392578125,0.1541748046875,-0.1395263671875,-0.015594482421875,-0.002838134765625,0.002227783203125,B,1,2026-08-24_23-25-27,2026-08-24
0.17046688382193267,0.0,0.0,0.0,0.7388535031847133,1.0,1.0,1.0,1.0,1.0,1.0,0.51318359375,0.1575927734375,-0.1375732421875,-0.009613037109375,-0.01629638671875,0.0042724609375,B,1,2026-08-24_23-25-27,2026-08-24
0.18060079623597539,0.0,0.0,0.0,0.7515923566878981,1.0,1.0,1.0,1.0,1.0,1.0,0.50634765625,0.1534423828125,-0.1380615234375,-0.00372314453125,-0.00439453125,0.00396728515625,B,1,2026-08-24_23-25-27,2026-08-24
0.17987694534925805,0.0,0.0,0.0,0.7515923566878981,1.0,1.0,1.0,1.0,1.0,1.0,0.511474609375,0.152587890625,-0.1419677734375,-0.015045166015625,0.009765625,-0.000946044921875,B,1,2026-08-24_23-25-27,2026-08-24
0.1885631559898661,0.0,0.0,0.0,0.6369426751592356,1.0,1.0,1.0,1.0,1.0,1.0,0.5198974609375,0.1573486328125,-0.1302490234375,-0.02154541015625,-0.002166748046875,-0.000396728515625,B,1,2026-08-24_23-25-27,2026-08-24
0.18349619978284473,0.0,0.0,0.0,0.7006369426751592,1.0,1.0,1.0,1.0,1.0,1.0,0.517333984375,0.1661376953125,-0.13623046875,-0.009765625,-0.022857666015625,0.006195068359375,B,1,2026-08-24_23-25-27,2026-08-24
0.17770539268910604,0.0,0.0,0.0,0.6751592356687898,1.0,1.0,1.0,1.0,1.0,1.0,0.506591796875,0.15869140625,-0.129150390625,-0.003143310546875,-0.024932861328125,0.006256103515625,B,1,2026-08-24_23-25-27,2026-08-24
0.18349619978284473,0.0,0.0,0.0,0.7770700636942676,1.0,1.0,1.0,1.0,1.0,1.0,0.5032958984375,0.1553955078125,-0.1392822265625,-0.00439453125,-0.000518798828125,0.006011962890625,B,1,2026-08-24_23-25-27,2026-08-24
0.17987694534925805,0.0,0.0,0.0,0.7515923566878981,1.0,1.0,1.0,1.0,1.0,1.0,0.516845703125,0.1539306640625,-0.1453857421875,-0.006011962890625,0.012664794921875,0.006500244140625,B,1,2026-08-24_23-25-27,2026-08-24
0.1849439015562794,0.0,0.0,0.0,0.6496815286624203,1.0,1.0,1.0,1.0,1.0,1.0,0.5245361328125,0.1513671875,-0.1409912109375,-0.014678955078125,-0.008148193359375,0.004852294921875,B,1,2026-08-24_23-25-27,2026-08-24
0.18349619978284473,0.0,0.0,0.0,0.5732484076433121,1.0,1.0,1.0,1.0,1.0,1.0,0.5172119140625,0.1536865234375,-0.1361083984375,-0.003814697265625,-0.0244140625,0.00799560546875,B,1,2026-08-24_23-25-27,2026-08-24
0.1849439015562794,0.0,0.0,0.0,0.7770700636942676,1.0,1.0,1.0,1.0,1.0,1.0,0.5079345703125,0.148193359375,-0.1431884765625,-0.00250244140625,-0.013092041015625,0.00653076171875,B,1,2026-08-24_23-25-27,2026-08-24
0.17263843648208468,0.0,0.0,0.0,0.6751592356687898,1.0,1.0,1.0,1.0,1.0,1.0,0.5074462890625,0.1478271484375,-0.140380859375,-0.011871337890625,0.00628662109375,0.001129150390625,B,1,2026-08-24_23-25-27,2026-08-24
0.17625769091567137,0.0,0.0,0.0,0.5732484076433121,1.0,1.0,1.0,1.0,1.0,1.0,0.518798828125,0.156494140625,-0.136474609375,-0.010223388671875,0.001220703125,0.002410888671875,B,1,2026-08-24_23-25-27,2026-08-24
0.1791530944625407,0.0,0.0,0.0,0.7133757961783439,1.0,1.0,1.0,1.0,1.0,1.0,0.525390625,0.1552734375,-0.1361083984375,-0.001861572265625,-0.02191162109375,0.007080078125,B,1,2026-08-24_23-25-27,2026-08-24
0.17119073470865,0.0,0.0,0.0,0.7261146496815286,1.0,1.0,1.0,1.0,1.0,1.0,0.5125732421875,0.151611328125,-0.137451171875,0.001068115234375,-0.023773193359375,0.008148193359375,B,1,2026-08-24_23-25-27,2026-08-24
0.1769815418023887,0.0,0.0,0.0,0.7770700636942676,1.0,1.0,1.0,1.0,1.0,1.0,0.5052490234375,0.1490478515625,-0.1439208984375,-0.003143310546875,-0.010284423828125,0.004974365234375,B,1,2026-08-24_23-25-27,2026-08-24
0.1791530944625407,0.0,0.0,0.0,0.6114649681528662,1.0,1.0,1.0,1.0,1.0,1.0,0.5108642578125,0.1495361328125,-0.1368408203125,-0.000518798828125,-0.001708984375,0.0015869140625,B,1,2026-08-24_23-25-27,2026-08-24
0.19507781397032212,0.0,0.0,0.0,0.6242038216560509,1.0,1.0,1.0,1.0,1.0,1.0,0.516357421875,0.1561279296875,-0.1396484375,0.012969970703125,-0.008453369140625,0.005615234375,B,1,2026-08-24_23-25-27,2026-08-24
0.18639160332971408,0.0,0.0,0.0,0.7261146496815286,1.0,1.0,1.0,1.0,1.0,1.0,0.521728515625,0.1448974609375,-0.14111328125,0.02264404296875,-0.0220947265625,0.004241943359375,B,1,2026-08-24_23-25-27,2026-08-24
0.18566775244299674,0.0,0.0,0.0,0.6751592356687898,1.0,1.0,1.0,1.0,1.0,1.0,0.5186767578125,0.1453857421875,-0.146728515625,0.024810791015625,-0.03460693359375,0.00311279296875,B,1,2026-08-24_23-25-27,2026-08-24
0.2290988056460369,0.0,0.0,0.0,0.5477707006369427,1.0,1.0,1.0,1.0,1.0,1.0,0.52001953125,0.150390625,-0.15234375,0.022491455078125,-0.06866455078125,0.01666259765625,B,1,2026-08-24_23-25-27,2026-08-24
0.26529134998190373,0.0,0.0,0.0,0.7515923566878981,1.0,1.0,1.0,1.0,1.0,1.0,0.5157470703125,0.16015625,-0.1314697265625,0.02935791015625,-0.050628662109375,0.02587890625,B,1,2026-08-24_23-25-27,2026-08-24
0.2841114730365545,0.0,0.0,0.0,0.6624203821656051,1.0,1.0,1.0,1.0,1.0,1.0,0.5078125,0.190185546875,-0.17724609375,0.044189453125,-0.03265380859375,0.035400390625,B,1,2026-08-24_23-25-27,2026-08-24
0.30727470141150925,0.0,0.0,0.0,0.6496815286624203,1.0,1.0,1.0,1.0,1.0,1.0,0.5421142578125,0.174072265625,-0.0980224609375,0.089324951171875,-0.1085205078125,0.067596435546875,B,1,2026-08-24_23-25-27,2026-08-24
0.3152370611653999,0.0,0.0,0.05913978494623656,0.5732484076433121,1.0,1.0,1.0,1.0,1.0,1.0,0.8448486328125,0.0684814453125,-0.255615234375,-0.06005859375,-0.079437255859375,0.006317138671875,B,1,2026-08-24_23-25-27,2026-08-24
0.22982265653275424,1.0,0.0,0.0,0.8152866242038217,1.0,1.0,1.0,1.0,1.0,0.0,0.4864501953125,0.1414794921875,-0.200439453125,-0.006439208984375,-0.00982666015625,0.002349853515625,B,2,2026-08-24_23-25-27,2026-08-24
0.2290988056460369,1.0,0.0,0.0,0.7261146496815286,1.0,1.0,1.0,1.0,1.0,0.0,0.494140625,0.140380859375,-0.20849609375,-0.015411376953125,0.00091552734375,-0.00225830078125,B,2,2026-08-24_23-25-27,2026-08-24
0.22620340209916756,1.0,0.0,0.0,0.802547770700637,1.0,1.0,1.0,1.0,1.0,0.0,0.498291015625,0.1485595703125,-0.204345703125,-0.012939453125,-0.001983642578125,-3.0517578125e-05,B,2,2026-08-24_23-25-27,2026-08-24
0.2269272529858849,1.0,0.0,0.0,0.8152866242038217,1.0,1.0,1.0,1.0,1.0,0.0,0.5030517578125,0.143798828125,-0.201416015625,-0.00390625,-0.016204833984375,-6.103515625e-05,B,2,2026-08-24_23-25-27,2026-08-24
0.22547955121245022,1.0,0.0,0.0,0.8407643312101911,1.0,1.0,1.0,1.0,1.0,0.0,0.4869384765625,0.140625,-0.204345703125,-0.0052490234375,-0.01898193359375,-0.00238037109375,B,2,2026-08-24_23-25-27,2026-08-24
0.2269272529858849,1.0,0.0,0.0,0.7898089171974523,1.0,1.0,1.0,1.0,1.0,0.0,0.482177734375,0.1470947265625,-0.2003173828125,-0.004150390625,-0.00799560546875,-0.0020751953125,B,2,2026-08-24_23-25-27,2026-08-24
0.22837495475931957,1.0,0.0,0.0,0.8152866242038217,1.0,1.0,1.0,1.0,1.0,0.0,0.491943359375,0.148681640625,-0.20849609375,-0.011138916015625,-0.00244140625,-0.002960205078125,B,2,2026-08-24_23-25-27,2026-08-24
0.22330799855229821,1.0,0.0,0.0,0.8152866242038217,1.0,1.0,1.0,1.0,1.0,0.0,0.4896240234375,0.15234375,-0.2025146484375,-0.01513671875,-0.00506591796875,0.00018310546875,B,2,2026-08-24_23-25-27,2026-08-24
0.22547955121245022,1.0,0.0,0.0,0.7388535031847133,1.0,1.0,1.0,1.0,1.0,0.0,0.4942626953125,0.1466064453125,-0.2060546875,-0.012298583984375,-0.013824462890625,0.00128173828125,B,2,2026-08-24_23-25-27,2026-08-24
0.2269272529858849,1.0,0.0,0.0,0.8152866242038217,1.0,1.0,1.0,1.0,1.0,0.0,0.4879150390625,0.146484375,-0.2095947265625,-0.01776123046875,-0.00726318359375,-0.00079345703125,B,2,2026-08-24_23-25-27,2026-08-24
0.2290988056460369,1.0,0.0,0.0,0.802547770700637,1.0,1.0,1.0,1.0,1.0,0.0,0.48974609375,0.1444091796875,-0.20556640625,-0.0130615234375,-0.003936767578125,0.000762939453125,B,2,2026-08-24_23-25-27,2026-08-24
0.2290988056460369,1.0,0.0,0.0,0.7261146496815286,1.0,1.0,1.0,1.0,1.0,0.0,0.4891357421875,0.141357421875,-0.2049560546875,-0.015380859375,0.00177001953125,0.001068115234375,B,2,2026-08-24_23-25-27,2026-08-24
0.22620340209916756,1.0,0.0,0.0,0.8152866242038217,1.0,1.0,1.0,1.0,1.0,0.0,0.5003662109375,0.1407470703125,-0.2010498046875,-0.0125732421875,-0.005157470703125,0.0008544921875,B,2,2026-08-24_23-25-27,2026-08-24
0.22330799855229821,1.0,0.0,0.0,0.7898089171974523,1.0,1.0,1.0,1.0,1.0,0.0,0.495849609375,0.1427001953125,-0.2030029296875,-0.011505126953125,-0.01763916015625,0.001007080078125,B,2,2026-08-24_23-25-27,2026-08-24
0.23054650741947158,1.0,0.0,0.0,0.8152866242038217,1.0,1.0,1.0,1.0,1.0,0.0,0.4881591796875,0.1427001953125,-0.201171875,-0.00909423828125,-0.010101318359375,0.000732421875,B,2,2026-08-24_23-25-27,2026-08-24
0.22765110387260223,1.0,0.0,0.0,0.7515923566878981,1.0,1.0,1.0,1.0,1.0,0.0,0.4888916015625,0.149169921875,-0.197265625,-0.014434814453125,0.002166748046875,-0.000579833984375,B,2,2026-08-24_23-25-27,2026-08-24
0.23127035830618892,1.0,0.0,0.0,0.8152866242038217,1.0,1.0,1.0,1.0,1.0,0.0,0.4935302734375,0.1466064453125,-0.2027587890625,-0.01605224609375,-0.001922607421875,-0.0001220703125,B,2,2026-08-24_23-25-27,2026-08-24
0.22837495475931957,1.0,0.0,0.0,0.8535031847133758,1.0,1.0,1.0,1.0,1.0,0.0,0.498291015625,0.1478271484375,-0.2042236328125,-0.012237548828125,-0.01904296875,0.0018310546875,B,2,2026-08-24_23-25-27,2026-08-24
0.23054650741947158,1.0,0.0,0.0,0.7006369426751592,1.0,1.0,1.0,1.0,1.0,0.0,0.4906005859375,0.144775390625,-0.2073974609375,-0.008026123046875,-0.02069091796875,0.002716064453125,B,2,2026-08-24_23-25-27,2026-08-24
0.22547955121245022,1.0,0.0,0.0,0.8152866242038217,1.0,1.0,1.0,1.0,1.0,0.0,0.4866943359375,0.1448974609375,-0.210693359375,-0.012847900390625,0.00604248046875,0.000885009765625,B,2,2026-08-24_23-25-27,2026-08-24
0.2269272529858849,1.0,0.0,0.0,0.802547770700637,1.0,1.0,1.0,1.0,1.0,0.0,0.4913330078125,0.146484375,-0.2054443359375,-0.020538330078125,0.0106201171875,0.002593994140625,B,2,2026-08-24_23-25-27,2026-08-24
0.2290988056460369,1.0,0.0,0.0,0.8152866242038217,1.0,1.0,1.0,1.0,1.0,0.0,0.4979248046875,0.1446533203125,-0.20458984375,-0.0155029296875,-0.008453369140625,0.00518798828125,B,2,2026-08-24_23-25-27,2026-08-24
0.22330799855229821,1.0,0.0,0.0,0.8152866242038217,1.0,1.0,1.0,1.0,1.0,0.0,0.492431640625,0.1461181640625,-0.2037353515625,-0.012969970703125,-0.019927978515625,0.00439453125,B,2,2026-08-24_23-25-27,2026-08-24
0.22982265653275424,1.0,0.0,0.0,0.802547770700637,1.0,1.0,1.0,1.0,1.0,0.0,0.4833984375,0.1484375,-0.2056884765625,-0.00848388671875,-0.00634765625,0.0054931640625,B,2,2026-08-24_23-25-27,2026-08-24
0.2269272529858849,1.0,0.0,0.0,0.802547770700637,1.0,1.0,1.0,1.0,1.0,0.0,0.4886474609375,0.13818359375,-0.19921875,-0.016693115234375,0.00946044921875,0.003692626953125,B,2,2026-08-24_23-25-27,2026-08-24
0.22403184943901555,1.0,0.0,0.0,0.802547770700637,1.0,1.0,1.0,1.0,1.0,0.0,0.495849609375,0.1478271484375,-0.1993408203125,-0.02056884765625,0.00848388671875,0.0030517578125,B,2,2026-08-24_23-25-27,2026-08-24
0.22620340209916756,1.0,0.0,0.0,0.7388535031847133,1.0,1.0,1.0,1.0,1.0,0.0,0.50341796875,0.146728515625,-0.201171875,-0.012359619140625,-0.0169677734375,0.00274658203125,B,2,2026-08-24_23-25-27,2026-08-24
0.2269272529858849,1.0,0.0,0.0,0.8152866242038217,1.0,1.0,1.0,1.0,1.0,0.0,0.4896240234375,0.1455078125,-0.1978759765625,-0.007476806640625,-0.021087646484375,0.000885009765625,B,2,2026-08-24_23-25-27,2026-08-24
0.23054650741947158,1.0,0.0,0.0,0.8152866242038217,1.0,1.0,1.0,1.0,1.0,0.0,0.483154296875,0.1419677734375,-0.2039794921875,-0.015777587890625,0.00506591796875,0.00152587890625,B,2,2026-08-24_23-25-27,2026-08-24
0.23054650741947158,1.0,0.0,0.0,0.802547770700637,1.0,1.0,1.0,1.0,1.0,0.0,0.4915771484375,0.147216796875,-0.2130126953125,-0.023101806640625,0.015625,0.000396728515625,B,2,2026-08-24_23-25-27,2026-08-24
0.22258414766558088,1.0,0.0,0.0,0.8152866242038217,1.0,1.0,1.0,1.0,1.0,0.0,0.50244140625,0.147216796875,-0.2049560546875,-0.018218994140625,-0.006805419921875,0.0009765625,B,2,2026-08-24_23-25-27,2026-08-24
0.23127035830618892,1.0,0.0,0.0,0.8152866242038217,1.0,1.0,1.0,1.0,1.0,0.0,0.494873046875,0.146728515625,-0.2020263671875,-0.01123046875,-0.022308349609375,0.00396728515625,B,2,2026-08-24_23-25-27,2026-08-24
0.22403184943901555,1.0,0.0,0.0,0.7770700636942676,1.0,1.0,1.0,1.0,1.0,0.0,0.4857177734375,0.142578125,-0.1968994140625,-0.009307861328125,-0.000335693359375,0.0030517578125,B,2,2026-08-24_23-25-27,2026-08-24
0.22620340209916756,1.0,0.0,0.0,0.8152866242038217,1.0,1.0,1.0,1.0,1.0,0.0,0.48681640625,0.141845703125,-0.19677734375,-0.0152587890625,0.022369384765625,0.002410888671875,B,2,2026-08-24_23-25-27,2026-08-24
0.22837495475931957,1.0,0.0,0.0,0.7770700636942676,1.0,1.0,1.0,1.0,1.0,0.0,0.50146484375,0.1441650390625,-0.2037353515625,-0.01776123046875,0.005340576171875,0.00164794921875,B,2,2026-08-24_23-25-27,2026-08-24
0.2269272529858849,1.0,0.0,0.0,0.8152866242038217,1.0,1.0,1.0,1.0,1.0,0.0,0.4990234375,0.145263671875,-0.1982421875,-0.009063720703125,-0.0186767578125,0.00531005859375,B,2,2026-08-24_23-25-27,2026-08-24
0.22837495475931957,1.0,0.0,0.0,0.8152866242038217,1.0,1.0,1.0,1.0,1.0,0.0,0.482666015625,0.146240234375,-0.1912841796875,0.000274658203125,-0.011932373046875,0.007537841796875,B,2,2026-08-24_23-25-27,2026-08-24
0.22041259500542887,1.0,0.0,0.0,0.8152866242038217,1.0,1.0,1.0,1.0,1.0,0.0,0.4871826171875,0.1390380859375,-0.1961669921875,-0.002410888671875,0.009674072265625,0.00439453125,B,2,2026-08-24_23-25-27,2026-08-24
0.22258414766558088,1.0,0.0,0.0,0.8407643312101911,1.0,1.0,1.0,1.0,1.0,0.0,0.4986572265625,0.1392822265625,-0.197509765625,-0.01019287109375,0.006439208984375,0.003326416015625,B,2,2026-08-24_23-25-27,2026-08-24
0.2189648932319942,1.0,0.0,0.0,0.7515923566878981,1.0,1.0,1.0,1.0,1.0,0.0,0.5042724609375,0.1407470703125,-0.2010498046875,-0.006378173828125,-0.0250244140625,0.0040283203125,B,2,2026-08-24_23-25-27,2026-08-24
0.334781035106768,1.0,0.0,0.0,0.7515923566878981,1.0,1.0,1.0,1.0,1.0,0.0,0.497802734375,0.1519775390625,-0.1904296875,-0.02191162109375,0.021240234375,-0.0006103515625,B,3,2026-08-24_23-25-27,2026-08-24
0.3275425262395946,1.0,0.0,0.0,0.8152866242038217,1.0,1.0,1.0,1.0,1.0,0.0,0.505615234375,0.1536865234375,-0.1905517578125,-0.0191650390625,-0.006011962890625,0.00030517578125,B,3,2026-08-24_23-25-27,2026-08-24
0.32609482446615995,1.0,0.0,0.0,0.7388535031847133,1.0,1.0,1.0,1.0,1.0,0.0,0.492919921875,0.15478515625,-0.1854248046875,-0.017547607421875,-0.025360107421875,0.001953125,B,3,2026-08-24_23-25-27,2026-08-24
0.33043792978646397,1.0,0.0,0.0,0.8152866242038217,1.0,1.0,1.0,1.0,1.0,0.0,0.4853515625,0.16064453125,-0.18212890625,-0.00750732421875,-0.0040283203125,0.0047607421875,B,3,2026-08-24_23-25-27,2026-08-24
0.33188563155989864,1.0,0.0,0.0,0.8407643312101911,1.0,1.0,1.0,1.0,1.0,0.0,0.4935302734375,0.15673828125,-0.1766357421875,-0.010955810546875,0.018829345703125,0.003021240234375,B,3,2026-08-24_23-25-27,2026-08-24
0.3311617806731813,1.0,0.0,0.0,0.7898089171974523,1.0,1.0,1.0,1.0,1.0,0.0,0.5087890625,0.154052734375,-0.173095703125,-0.02142333984375,-0.003814697265625,0.0008544921875,B,3,2026-08-24_23-25-27,2026-08-24
0.33405718422005065,1.0,0.0,0.0,0.7515923566878981,1.0,1.0,1.0,1.0,1.0,0.0,0.50146484375,0.1536865234375,-0.1776123046875,-0.016387939453125,-0.039398193359375,0.00396728515625,B,3,2026-08-24_23-25-27,2026-08-24
0.3333333333333333,1.0,0.0,0.0,0.8152866242038217,1.0,1.0,1.0,1.0,1.0,0.0,0.4886474609375,0.1556396484375,-0.1798095703125,-0.01708984375,-0.03558349609375,0.009735107421875,B,3,2026-08-24_23-25-27,2026-08-24
0.33043792978646397,1.0,0.0,0.0,0.8280254777070064,1.0,1.0,1.0,1.0,1.0,0.0,0.48828125,0.1593017578125,-0.1854248046875,-0.014251708984375,-0.005462646484375,0.00677490234375,B,3,2026-08-24_23-25-27,2026-08-24
0.334781035106768,1.0,0.0,0.0,0.8152866242038217,1.0,1.0,1.0,1.0,1.0,0.0,0.5035400390625,0.1510009765625,-0.1881103515625,-0.012115478515625,-0.006927490234375,-0.000335693359375,B,3,2026-08-24_23-25-27,2026-08-24
0.334781035106768,1.0,0.0,0.0,0.802547770700637,1.0,1.0,1.0,1.0,1.0,0.0,0.5025634765625,0.1558837890625,-0.18359375,-0.01666259765625,-0.033111572265625,0.00030517578125,B,3,2026-08-24_23-25-27,2026-08-24
0.334781035106768,1.0,0.0,0.0,0.7643312101910829,1.0,1.0,1.0,1.0,1.0,0.0,0.489990234375,0.158447265625,-0.18994140625,-0.006317138671875,-0.023223876953125,0.011810302734375,B,3,2026-08-24_23-25-27,2026-08-24
0.334781035106768,1.0,0.0,0.0,0.9044585987261147,1.0,1.0,1.0,1.0,1.0,0.0,0.493896484375,0.1495361328125,-0.1956787109375,-0.009124755859375,-0.002044677734375,0.00811767578125,B,3,2026-08-24_23-25-27,2026-08-24
0.334781035106768,1.0,0.0,0.0,0.8152866242038217,1.0,1.0,1.0,1.0,1.0,0.0,0.4962158203125,0.1500244140625,-0.1988525390625,-0.00823974609375,0.009002685546875,0.001739501953125,B,3,2026-08-24_23-25-27,2026-08-24
0.334781035106768,1.0,0.0,0.0,0.8152866242038217,1.0,1.0,1.0,1.0,1.0,0.0,0.5008544921875,0.1505126953125,-0.1905517578125,-0.011810302734375,-0.001861572265625,-0.00054931640625,B,3,2026-08-24_23-25-27,2026-08-24
0.3333333333333333,1.0,0.0,0.0,0.8152866242038217,1.0,1.0,1.0,1.0,1.0,0.0,0.5015869140625,0.1549072265625,-0.18408203125,-0.0015869140625,-0.007537841796875,0.00390625,B,3,2026-08-24_23-25-27,2026-08-24
0.3333333333333333,1.0,0.0,0.0,0.7515923566878981,1.0,1.0,1.0,1.0,1.0,0.0,0.4952392578125,0.1473388671875,-0.179931640625,0.000518798828125,-0.00372314453125,0.005340576171875,B,3,2026-08-24_23-25-27,2026-08-24
0.334781035106768,1.0,0.0,0.0,0.7261146496815286,1.0,1.0,1.0,1.0,1.0,0.0,0.49267578125,0.1502685546875,-0.1778564453125,-0.021484375,0.000640869140625,0.00531005859375,B,3,2026-08-24_23-25-27,2026-08-24
0.3355048859934853,1.0,0.0,0.0,0.7388535031847133,1.0,1.0,1.0,1.0,1.0,0.0,0.4991455078125,0.1551513671875,-0.1851806640625,-0.015869140625,-0.00860595703125,0.00885009765625,B,3,2026-08-24_23-25-27,2026-08-24
0.334781035106768,1.0,0.0,0.0,0.8535031847133758,1.0,1.0,1.0,1.0,1.0,0.0,0.502197265625,0.1588134765625,-0.181884765625,-0.009490966796875,-0.021453857421875,0.0089111328125,B,3,2026-08-24_23-25-27,2026-08-24
0.33767643865363733,1.0,0.0,0.0,0.8152866242038217,1.0,1.0,1.0,1.0,1.0,0.0,0.49267578125,0.15625,-0.1749267578125,-0.020263671875,-0.032867431640625,0.0040283203125,B,3,2026-08-24_23-25-27,2026-08-24
0.341295693087224,1.0,0.0,0.0,0.8407643312101911,1.0,1.0,1.0,1.0,1.0,0.0,0.486083984375,0.16162109375,-0.1846923828125,-0.014739990234375,-0.01470947265625,0.01202392578125,B,3,2026-08-24_23-25-27,2026-08-24
0.341295693087224,1.0,0.0,0.0,0.89171974522293,1.0,1.0,1.0,1.0,1.0,0.0,0.4991455078125,0.1513671875,-0.193603515625,-0.00396728515625,-0.01507568359375,0.01263427734375,B,3,2026-08-24_23-25-27,2026-08-24
0.3427433948606587,1.0,0.0,0.0,0.8407643312101911,1.0,1.0,1.0,1.0,1.0,0.0,0.4979248046875,0.1556396484375,-0.191650390625,0.002685546875,-0.017913818359375,0.011749267578125,B,3,2026-08-24_23-25-27,2026-08-24
0.34201954397394135,1.0,0.0,0.0,0.8152866242038217,1.0,1.0,1.0,1.0,1.0,0.0,0.489990234375,0.1553955078125,-0.19482421875,0.016082763671875,-0.011444091796875,0.01513671875,B,3,2026-08-24_23-25-27,2026-08-24
0.34781035106768005,1.0,0.0,0.0,0.8280254777070064,1.0,1.0,1.0,1.0,1.0,0.0,0.484619140625,0.1478271484375,-0.1988525390625,0.0145263671875,0.013702392578125,0.016326904296875,B,3,2026-08-24_23-25-27,2026-08-24
0.34781035106768005,1.0,0.0,0.0,0.8152866242038217,1.0,1.0,1.0,1.0,1.0,0.0,0.5008544921875,0.139892578125,-0.1976318359375,0.010223388671875,0.015045166015625,0.0057373046875,B,3,2026-08-24_23-25-27,2026-08-24
0.3463626492942454,1.0,0.0,0.0,0.7006369426751592,1.0,1.0,1.0,1.0,1.0,0.0,0.5048828125,0.138671875,-0.2037353515625,-0.006744384765625,0.00140380859375,-0.001556396484375,B,3,2026-08-24_23-25-27,2026-08-24
0.3485342019543974,1.0,0.0,0.0,0.8152866242038217,1.0,1.0,1.0,1.0,1.0,0.0,0.4967041015625,0.146484375,-0.19482421875,-0.001861572265625,-0.001678466796875,-0.00439453125,B,3,2026-08-24_23-25-27,2026-08-24
0.34998190372783206,1.0,0.0,0.0,0.8152866242038217,1.0,1.0,1.0,1.0,1.0,0.0,0.4935302734375,0.1505126953125,-0.1878662109375,0.001068115234375,0.013397216796875,-0.0084228515625,B,3,2026-08-24_23-25-27,2026-08-24
0.3485342019543974,1.0,0.0,0.0,0.8152866242038217,1.0,1.0,1.0,1.0,1.0,0.0,0.4942626953125,0.149169921875,-0.1822509765625,-0.00628662109375,0.036407470703125,-0.008758544921875,B,3,2026-08-24_23-25-27,2026-08-24
0.3470865001809627,1.0,0.0,0.0,0.8152866242038217,1.0,1.0,1.0,1.0,1.0,0.0,0.507568359375,0.1456298828125,-0.176025390625,-0.02197265625,0.017120361328125,-0.00677490234375,B,3,2026-08-24_23-25-27,2026-08-24
0.3470865001809627,1.0,0.0,0.0,0.8152866242038217,1.0,1.0,1.0,1.0,1.0,0.0,0.503662109375,0.1575927734375,-0.1663818359375,-0.024261474609375,-0.01898193359375,0.00018310546875,B,3,2026-08-24_23-25-27,2026-08-24
0.34781035106768005,1.0,0.0,0.0,0.8280254777070064,1.0,1.0,1.0,1.0,1.0,0.0,0.49658203125,0.1573486328125,-0.165771484375,-0.010589599609375,-0.025390625,0.005584716796875,B,3,2026-08-24_23-25-27,2026-08-24
0.3485342019543974,1.0,0.0,0.0,0.7898089171974523,1.0,1.0,1.0,1.0,1.0,0.0,0.48876953125,0.15087890625,-0.1751708984375,-0.008056640625,-0.003936767578125,0.00335693359375,B,3,2026-08-24_23-25-27,2026-08-24
0.3470865001809627,1.0,0.0,0.0,0.7898089171974523,1.0,1.0,1.0,1.0,1.0,0.0,0.497314453125,0.149169921875,-0.1854248046875,-0.016204833984375,0.002838134765625,0.003265380859375,B,3,2026-08-24_23-25-27,2026-08-24
0.34781035106768005,1.0,0.0,0.0,0.7898089171974523,1.0,1.0,1.0,1.0,1.0,0.0,0.509033203125,0.14697265625,-0.1929931640625,-0.01873779296875,-0.029998779296875,0.00396728515625,B,3,2026-08-24_23-25-27,2026-08-24
0.3470865001809627,1.0,0.0,0.0,0.8152866242038217,1.0,1.0,1.0,1.0,1.0,0.0,0.498291015625,0.1485595703125,-0.1888427734375,-0.015380859375,-0.0465087890625,0.006683349609375,B,3,2026-08-24_23-25-27,2026-08-24
0.3470865001809627,1.0,0.0,0.0,0.7388535031847133,1.0,1.0,1.0,1.0,1.0,0.0,0.4842529296875,0.1463623046875,-0.1988525390625,-0.01007080078125,-0.011322021484375,0.003265380859375,B,3,2026-08-24_23-25-27,2026-08-24
0.3485342019543974,1.0,0.0,0.0,0.7770700636942676,1.0,1.0,1.0,1.0,1.0,0.0,0.48828125,0.14453125,-0.2034912109375,-0.023651123046875,0.034332275390625,-0.001861572265625,B,3,2026-08-24_23-25-27,2026-08-24
0.2761491132826638,0.0,0.0,0.0,0.6751592356687898,1.0,1.0,1.0,1.0,1.0,0.0,0.4979248046875,0.1590576171875,-0.1898193359375,-0.005218505859375,-0.0260009765625,0.0123291015625,B,4,2026-08-24_23-25-27,2026-08-24
0.2819399203764025,0.0,0.0,0.0,0.6878980891719745,1.0,1.0,1.0,1.0,1.0,0.0,0.4940185546875,0.1510009765625,-0.1995849609375,-0.0059814453125,-0.020111083984375,0.014617919921875,B,4,2026-08-24_23-25-27,2026-08-24
0.27904451682953313,0.0,0.0,0.0,0.6751592356687898,1.0,1.0,1.0,1.0,1.0,0.0,0.4906005859375,0.1480712890625,-0.1934814453125,-0.026123046875,0.005126953125,0.011444091796875,B,4,2026-08-24_23-25-27,2026-08-24
0.2804922186029678,0.0,0.0,0.0,0.6369426751592356,1.0,1.0,1.0,1.0,1.0,0.0,0.4989013671875,0.156494140625,-0.2000732421875,-0.029693603515625,0.00860595703125,0.005645751953125,B,4,2026-08-24_23-25-27,2026-08-24
0.2783206659428158,0.0,0.0,0.0,0.7261146496815286,1.0,1.0,1.0,1.0,1.0,0.0,0.5032958984375,0.159912109375,-0.185791015625,-0.023193359375,-0.01690673828125,0.00164794921875,B,4,2026-08-24_23-25-27,2026-08-24
0.27542526239594645,0.0,0.0,0.0,0.6496815286624203,1.0,1.0,1.0,1.0,1.0,0.0,0.489501953125,0.1602783203125,-0.1788330078125,-0.003997802734375,-0.0194091796875,0.003997802734375,B,4,2026-08-24_23-25-27,2026-08-24
0.2725298588490771,0.0,0.0,0.0,0.6878980891719745,1.0,1.0,1.0,1.0,1.0,0.0,0.4818115234375,0.158935546875,-0.1837158203125,-0.003814697265625,0.002044677734375,0.00408935546875,B,4,2026-08-24_23-25-27,2026-08-24
0.27325370973579444,0.0,0.0,0.0,0.6369426751592356,1.0,1.0,1.0,1.0,1.0,0.0,0.4886474609375,0.15771484375,-0.189697265625,-0.020263671875,0.016082763671875,0.000640869140625,B,4,2026-08-24_23-25-27,2026-08-24
0.27542526239594645,0.0,0.0,0.0,0.6751592356687898,1.0,1.0,1.0,1.0,1.0,0.0,0.5003662109375,0.159912109375,-0.1864013671875,-0.02667236328125,0.000946044921875,0.001861572265625,B,4,2026-08-24_23-25-27,2026-08-24
0.27325370973579444,0.0,0.0,0.0,0.6496815286624203,1.0,1.0,1.0,1.0,1.0,0.0,0.4976806640625,0.1590576171875,-0.18701171875,-0.019775390625,-0.02886962890625,0.0,B,4,2026-08-24_23-25-27,2026-08-24
0.2747014115092291,0.0,0.0,0.0,0.7006369426751592,1.0,1.0,1.0,1.0,1.0,0.0,0.48681640625,0.1663818359375,-0.18505859375,-0.006805419921875,-0.0196533203125,0.001068115234375,B,4,2026-08-24_23-25-27,2026-08-24
0.27759681505609846,0.0,0.0,0.0,0.6751592356687898,1.0,1.0,1.0,1.0,1.0,0.0,0.484619140625,0.161865234375,-0.1951904296875,-0.00701904296875,0.01263427734375,-0.00152587890625,B,4,2026-08-24_23-25-27,2026-08-24
0.2747014115092291,0.0,0.0,0.0,0.6878980891719745,1.0,1.0,1.0,1.0,1.0,0.0,0.49853515625,0.16357421875,-0.1864013671875,-0.01763916015625,0.01025390625,-0.001434326171875,B,4,2026-08-24_23-25-27,2026-08-24
0.27759681505609846,0.0,0.0,0.0,0.6751592356687898,1.0,1.0,1.0,1.0,1.0,0.0,0.51025390625,0.1597900390625,-0.185791015625,-0.01556396484375,-0.025970458984375,0.002166748046875,B,4,2026-08-24_23-25-27,2026-08-24
0.27904451682953313,0.0,0.0,0.0,0.6369426751592356,1.0,1.0,1.0,1.0,1.0,0.0,0.4991455078125,0.1634521484375,-0.1800537109375,-0.0140380859375,-0.048431396484375,0.003997802734375,B,4,2026-08-24_23-25-27,2026-08-24
0.2783206659428158,0.0,0.0,0.0,0.6751592356687898,1.0,1.0,1.0,1.0,1.0,0.0,0.4810791015625,0.1700439453125,-0.1778564453125,-0.003387451171875,-0.03350830078125,0.003997802734375,B,4,2026-08-24_23-25-27,2026-08-24
0.2783206659428158,0.0,0.0,0.0,0.6369426751592356,1.0,1.0,1.0,1.0,1.0,0.0,0.4886474609375,0.1597900390625,-0.192626953125,-0.008331298828125,0.00634765625,0.0009765625,B,4,2026-08-24_23-25-27,2026-08-24
0.2804922186029678,0.0,0.0,0.0,0.5987261146496815,1.0,1.0,1.0,1.0,1.0,0.0,0.5008544921875,0.1651611328125,-0.1920166015625,-0.0140380859375,0.001983642578125,0.002532958984375,B,4,2026-08-24_23-25-27,2026-08-24
0.2862830256967065,0.0,0.0,0.0,0.6751592356687898,1.0,1.0,1.0,1.0,1.0,0.0,0.50537109375,0.16015625,-0.1939697265625,0.001983642578125,-0.023284912109375,0.00689697265625,B,4,2026-08-24_23-25-27,2026-08-24
0.28917842924357584,0.0,0.0,0.0,0.6878980891719745,1.0,1.0,1.0,1.0,1.0,0.0,0.491455078125,0.1597900390625,-0.1903076171875,0.002655029296875,-0.028228759765625,0.004364013671875,B,4,2026-08-24_23-25-27,2026-08-24
0.2884545783568585,0.0,0.0,0.0,0.5859872611464968,1.0,1.0,1.0,1.0,1.0,0.0,0.47998046875,0.15625,-0.1900634765625,-0.002685546875,-0.010101318359375,0.00262451171875,B,4,2026-08-24_23-25-27,2026-08-24
0.28917842924357584,0.0,0.0,0.0,0.6242038216560509,1.0,1.0,1.0,1.0,1.0,0.0,0.494873046875,0.1497802734375,-0.1978759765625,-0.010009765625,0.01983642578125,0.00103759765625,B,4,2026-08-24_23-25-27,2026-08-24
0.28917842924357584,0.0,0.0,0.0,0.6751592356687898,1.0,1.0,1.0,1.0,1.0,0.0,0.5025634765625,0.1346435546875,-0.1976318359375,-0.013671875,0.016632080078125,-0.002349853515625,B,4,2026-08-24_23-25-27,2026-08-24
0.2884545783568585,0.0,0.0,0.0,0.6751592356687898,1.0,1.0,1.0,1.0,1.0,0.0,0.5015869140625,0.1563720703125,-0.1939697265625,-0.002593994140625,-0.01824951171875,-0.002166748046875,B,4,2026-08-24_23-25-27,2026-08-24
0.2906261310170105,0.0,0.0,0.0,0.5859872611464968,1.0,1.0,1.0,1.0,1.0,0.0,0.4879150390625,0.15576171875,-0.1971435546875,-0.004302978515625,-0.023712158203125,-0.001312255859375,B,4,2026-08-24_23-25-27,2026-08-24
0.28773072747014117,0.0,0.0,0.0,0.6624203821656051,1.0,1.0,1.0,1.0,1.0,0.0,0.48388671875,0.1558837890625,-0.188720703125,-0.01123046875,-0.003631591796875,-0.005218505859375,B,4,2026-08-24_23-25-27,2026-08-24
0.2884545783568585,0.0,0.0,0.0,0.5732484076433121,1.0,1.0,1.0,1.0,1.0,0.0,0.487060546875,0.163330078125,-0.18896484375,-0.019012451171875,0.00787353515625,-0.002471923828125,B,4,2026-08-24_23-25-27,2026-08-24
0.2884545783568585,0.0,0.0,0.0,0.6496815286624203,1.0,1.0,1.0,1.0,1.0,0.0,0.4940185546875,0.1644287109375,-0.1871337890625,-0.017852783203125,-0.00048828125,0.001678466796875,B,4,2026-08-24_23-25-27,2026-08-24
0.28700687658342383,0.0,0.0,0.0,0.6114649681528662,1.0,1.0,1.0,1.0,1.0,0.0,0.5,0.166748046875,-0.1883544921875,-0.0101318359375,-0.02606201171875,0.0009765625,B,4,2026-08-24_23-25-27,2026-08-24
0.28773072747014117,0.0,0.0,0.0,0.7006369426751592,1.0,1.0,1.0,1.0,1.0,0.0,0.4857177734375,0.1678466796875,-0.1890869140625,0.00054931640625,-0.0208740234375,0.005950927734375,B,4,2026-08-24_23-25-27,2026-08-24
0.28917842924357584,0.0,0.0,0.0,0.6114649681528662,1.0,1.0,1.0,1.0,1.0,0.0,0.47802734375,0.1573486328125,-0.1917724609375,-0.006927490234375,0.012054443359375,0.00341796875,B,4,2026-08-24_23-25-27,2026-08-24
0.28917842924357584,0.0,0.0,0.0,0.6624203821656051,1.0,1.0,1.0,1.0,1.0,0.0,0.48583984375,0.1630859375,-0.2041015625,-0.024078369140625,0.02813720703125,0.004608154296875,B,4,2026-08-24_23-25-27,2026-08-24
0.2884545783568585,0.0,0.0,0.0,0.6496815286624203,1.0,1.0,1.0,1.0,1.0,0.0,0.4986572265625,0.16064453125,-0.2061767578125,-0.02960205078125,0.00042724609375,0.005645751953125,B,4,2026-08-24_23-25-27,2026-08-24
0.2862830256967065,0.0,0.0,0.0,0.5859872611464968,1.0,1.0,1.0,1.0,1.0,0.0,0.4906005859375,0.1617431640625,-0.187255859375,-0.022491455078125,-0.027557373046875,0.00579833984375,B,4,2026-08-24_23-25-27,2026-08-24
0.2841114730365545,0.0,0.0,0.0,0.5987261146496815,1.0,1.0,1.0,1.0,1.0,0.0,0.4857177734375,0.1641845703125,-0.1934814453125,-0.011932373046875,-0.0010986328125,0.006134033203125,B,4,2026-08-24_23-25-27,2026-08-24
0.2848353239232718,0.0,0.0,0.0,0.6751592356687898,1.0,1.0,1.0,1.0,1.0,0.0,0.481689453125,0.158447265625,-0.191650390625,-0.014495849609375,0.0284423828125,0.001678466796875,B,4,2026-08-24_23-25-27,2026-08-24
0.2804922186029678,0.0,0.0,0.0,0.7006369426751592,1.0,1.0,1.0,1.0,1.0,0.0,0.49755859375,0.1634521484375,-0.1917724609375,-0.0140380859375,0.029876708984375,0.004058837890625,B,4,2026-08-24_23-25-27,2026-08-24
0.2862830256967065,0.0,0.0,0.0,0.5987261146496815,1.0,1.0,1.0,1.0,1.0,0.0,0.5059814453125,0.157470703125,-0.1832275390625,-0.0093994140625,-0.010528564453125,0.0050048828125,B,4,2026-08-24_23-25-27,2026-08-24
0.2804922186029678,0.0,0.0,0.0,0.5859872611464968,1.0,1.0,1.0,1.0,1.0,0.0,0.4853515625,0.1575927734375,-0.18115234375,-0.005401611328125,-0.024627685546875,0.00830078125,B,4,2026-08-24_23-25-27,2026-08-24
0.28338762214983715,0.0,0.0,0.0,0.6242038216560509,1.0,1.0,1.0,1.0,1.0,0.0,0.487060546875,0.150390625,-0.1890869140625,-0.018951416015625,0.005645751953125,0.005615234375,B,4,2026-08-24_23-25-27,2026-08-24
0.8718783930510315,0.7356668678334339,0.7545045045045045,0.6129032258064516,0.16560509554140126,1.0,1.0,1.0,1.0,1.0,0.0,0.497314453125,0.051025390625,-0.2366943359375,-0.012939453125,-0.010589599609375,0.005828857421875,C,0,2026-08-24_23-25-27,2026-08-24
0.8740499457111836,0.732045866022933,0.7702702702702703,0.6774193548387096,0.2929936305732484,1.0,1.0,1.0,1.0,1.0,0.0,0.4990234375,0.0499267578125,-0.23876953125,-0.011505126953125,-0.0152587890625,0.006683349609375,C,0,2026-08-24_23-25-27,2026-08-24
0.8747737965979009,0.7260108630054315,0.759009009009009,0.6505376344086021,0.20382165605095542,1.0,1.0,1.0,1.0,1.0,0.0,0.4935302734375,0.0501708984375,-0.24072265625,-0.010528564453125,-0.011260986328125,0.0069580078125,C,0,2026-08-24_23-25-27,2026-08-24
0.8812884545783568,0.7332528666264333,0.7725225225225225,0.6075268817204301,0.25477707006369427,1.0,1.0,1.0,1.0,1.0,0.0,0.4957275390625,0.044189453125,-0.2366943359375,-0.01202392578125,-0.0069580078125,0.004669189453125,C,0,2026-08-24_23-25-27,2026-08-24
0.8733260948244662,0.7272178636089318,0.7612612612612613,0.6451612903225806,0.24203821656050956,1.0,1.0,1.0,1.0,1.0,0.0,0.49560546875,0.0462646484375,-0.2310791015625,-0.009521484375,-0.006988525390625,0.002410888671875,C,0,2026-08-24_23-25-27,2026-08-24
0.8689829895041622,0.7308388654194327,0.7747747747747747,0.6720430107526881,0.22929936305732485,1.0,1.0,1.0,1.0,1.0,0.0,0.4989013671875,0.0458984375,-0.2342529296875,-0.008453369140625,-0.007904052734375,0.001068115234375,C,0,2026-08-24_23-25-27,2026-08-24
0.8675352877307275,0.7223898611949306,0.7747747747747747,0.6397849462365591,0.33121019108280253,1.0,1.0,1.0,1.0,1.0,0.0,0.4951171875,0.047607421875,-0.2369384765625,-0.012786865234375,-0.01263427734375,0.00244140625,C,0,2026-08-24_23-25-27,2026-08-24
0.8675352877307275,0.716354858177429,0.7319819819819819,0.5913978494623656,0.3184713375796178,1.0,1.0,1.0,1.0,1.0,0.0,0.49609375,0.0511474609375,-0.2369384765625,-0.015106201171875,-0.01458740234375,0.002410888671875,C,0,2026-08-24_23-25-27,2026-08-24
0.8668114368440102,0.7380808690404346,0.7635135135135135,0.6505376344086021,0.25477707006369427,1.0,1.0,1.0,1.0,1.0,0.0,0.501220703125,0.0506591796875,-0.2376708984375,-0.0167236328125,-0.011016845703125,0.00390625,C,0,2026-08-24_23-25-27,2026-08-24
0.8863554107853782,0.7308388654194327,0.7657657657657657,0.6505376344086021,0.267515923566879,1.0,1.0,1.0,1.0,1.0,0.0,0.49853515625,0.0506591796875,-0.2398681640625,-0.01483154296875,-0.012908935546875,0.004150390625,C,0,2026-08-24_23-25-27,2026-08-24
0.8711545421643142,0.7308388654194327,0.7612612612612613,0.6612903225806451,0.22929936305732485,1.0,1.0,1.0,1.0,1.0,0.0,0.49658203125,0.051513671875,-0.231689453125,-0.016387939453125,-0.01507568359375,0.00543212890625,C,0,2026-08-24_23-25-27,2026-08-24
0.8805646036916395,0.7235968617984309,0.7612612612612613,0.6451612903225806,0.33121019108280253,1.0,1.0,1.0,1.0,1.0,0.0,0.4915771484375,0.0484619140625,-0.2340087890625,-0.010498046875,-0.015411376953125,0.006622314453125,C,0,2026-08-24_23-25-27,2026-08-24
0.8740499457111836,0.7260108630054315,0.7702702702702703,0.6397849462365591,0.24203821656050956,1.0,1.0,1.0,1.0,1.0,0.0,0.494873046875,0.0491943359375,-0.23828125,-0.01116943359375,-0.011016845703125,0.006744384765625,C,0,2026-08-24_23-25-27,2026-08-24
0.8653637350705755,0.7175618587809294,0.7387387387387387,0.6290322580645161,0.33121019108280253,1.0,1.0,1.0,1.0,1.0,0.0,0.4964599609375,0.048828125,-0.2379150390625,-0.0167236328125,-0.00115966796875,0.006103515625,C,0,2026-08-24_23-25-27,2026-08-24
0.8689829895041622,0.7248038624019312,0.7477477477477478,0.5860215053763441,0.3184713375796178,1.0,1.0,1.0,1.0,1.0,0.0,0.4954833984375,0.05078125,-0.236083984375,-0.018218994140625,-0.001800537109375,0.00506591796875,C,0,2026-08-24_23-25-27,2026-08-24
0.8675352877307275,0.7103198551599276,0.7680180180180181,0.6290322580645161,0.24203821656050956,1.0,1.0,1.0,1.0,1.0,0.0,0.49755859375,0.047607421875,-0.2349853515625,-0.014495849609375,-0.0103759765625,0.004852294921875,C,0,2026-08-24_23-25-27,2026-08-24
0.8682591386174449,0.7187688593844297,0.7657657657657657,0.6612903225806451,0.20382165605095542,1.0,1.0,1.0,1.0,1.0,0.0,0.4979248046875,0.0504150390625,-0.2303466796875,-0.01080322265625,-0.012786865234375,0.00469970703125,C,0,2026-08-24_23-25-27,2026-08-24
0.8675352877307275,0.7272178636089318,0.7725225225225225,0.6666666666666666,0.35668789808917195,1.0,1.0,1.0,1.0,1.0,0.0,0.4976806640625,0.047607421875,-0.23779296875,-0.011993408203125,-0.00921630859375,0.004302978515625,C,0,2026-08-24_23-25-27,2026-08-24
0.8653637350705755,0.7296318648159325,0.75,0.6290322580645161,0.24203821656050956,1.0,1.0,1.0,1.0,1.0,0.0,0.4949951171875,0.045166015625,-0.23388671875,-0.018768310546875,-0.00579833984375,0.003936767578125,C,0,2026-08-24_23-25-27,2026-08-24
0.8682591386174449,0.7284248642124321,0.7792792792792793,0.6344086021505376,0.267515923566879,1.0,1.0,1.0,1.0,1.0,0.0,0.500732421875,0.0450439453125,-0.243408203125,-0.02362060546875,-0.00579833984375,0.0045166015625,C,0,2026-08-24_23-25-27,2026-08-24
0.8697068403908795,0.7272178636089318,0.7454954954954955,0.6236559139784946,0.17834394904458598,1.0,1.0,1.0,1.0,1.0,0.0,0.497802734375,0.0509033203125,-0.2335205078125,-0.021759033203125,-0.009002685546875,0.00439453125,C,0,2026-08-24_23-25-27,2026-08-24
0.8566775244299675,0.7211828605914303,0.7612612612612613,0.6612903225806451,0.3184713375796178,1.0,1.0,1.0,1.0,1.0,0.0,0.498291015625,0.046630859375,-0.2349853515625,-0.017913818359375,-0.011199951171875,0.0028076171875,C,0,2026-08-24_23-25-27,2026-08-24
0.8646398841838582,0.7151478575739287,0.759009009009009,0.6451612903225806,0.2929936305732484,1.0,1.0,1.0,1.0,1.0,0.0,0.4945068359375,0.0479736328125,-0.2379150390625,-0.018218994140625,-0.012542724609375,0.001617431640625,C,0,2026-08-24_23-25-27,2026-08-24
0.8682591386174449,0.7248038624019312,0.7635135135135135,0.6290322580645161,0.21656050955414013,1.0,1.0,1.0,1.0,1.0,0.0,0.49658203125,0.048828125,-0.2352294921875,-0.015533447265625,-0.01544189453125,0.0013427734375,C,0,2026-08-24_23-25-27,2026-08-24
0.8689829895041622,0.7296318648159325,0.7612612612612613,0.6612903225806451,0.16560509554140126,1.0,1.0,1.0,1.0,1.0,0.0,0.4959716796875,0.04345703125,-0.232666015625,-0.01336669921875,-0.0177001953125,0.00146484375,C,0,2026-08-24_23-25-27,2026-08-24
0.8675352877307275,0.7151478575739287,0.7297297297297297,0.6290322580645161,0.3184713375796178,1.0,1.0,1.0,1.0,1.0,0.0,0.4920654296875,0.0452880859375,-0.238037109375,-0.018707275390625,-0.01336669921875,0.000762939453125,C,0,2026-08-24_23-25-27,2026-08-24
0.8697068403908795,0.7308388654194327,0.7545045045045045,0.5698924731182796,0.22929936305732485,1.0,1.0,1.0,1.0,1.0,0.0,0.49560546875,0.048828125,-0.2471923828125,-0.0267333984375,-0.010009765625,0.000518798828125,C,0,2026-08-24_23-25-27,2026-08-24
0.8566775244299675,0.7175618587809294,0.7612612612612613,0.6397849462365591,0.24203821656050956,1.0,1.0,1.0,1.0,1.0,0.0,0.4925537109375,0.0518798828125,-0.2427978515625,-0.02655029296875,-0.0067138671875,0.00250244140625,C,0,2026-08-24_23-25-27,2026-08-24
0.8689829895041622,0.7187688593844297,0.759009009009009,0.6612903225806451,0.2929936305732484,1.0,1.0,1.0,1.0,1.0,0.0,0.491943359375,0.048583984375,-0.2415771484375,-0.02020263671875,-0.006561279296875,0.000885009765625,C,0,2026-08-24_23-25-27,2026-08-24
0.8675352877307275,0.7272178636089318,0.7612612612612613,0.6290322580645161,0.2802547770700637,1.0,1.0,1.0,1.0,1.0,0.0,0.492919921875,0.048583984375,-0.24267578125,-0.016937255859375,-0.00384521484375,-0.00164794921875,C,0,2026-08-24_23-25-27,2026-08-24
0.8697068403908795,0.7272178636089318,0.7635135135135135,0.6559139784946236,0.1910828025477707,1.0,1.0,1.0,1.0,1.0,0.0,0.487060546875,0.0572509765625,-0.23779296875,-0.014404296875,-0.000946044921875,-0.000732421875,C,0,2026-08-24_23-25-27,2026-08-24
0.8631921824104235,0.7404948702474351,0.7612612612612613,0.6720430107526881,0.24203821656050956,1.0,1.0,1.0,1.0,1.0,0.0,0.491455078125,0.051513671875,-0.2391357421875,-0.011810302734375,0.005218505859375,0.00054931640625,C,0,2026-08-24_23-25-27,2026-08-24
0.8574013753166848,0.7103198551599276,0.7454954954954955,0.6612903225806451,0.34394904458598724,1.0,1.0,1.0,1.0,1.0,0.0,0.4957275390625,0.0506591796875,-0.239013671875,-0.01507568359375,0.00677490234375,0.001129150390625,C,0,2026-08-24_23-25-27,2026-08-24
0.8740499457111836,0.7296318648159325,0.7657657657657657,0.5806451612903226,0.267515923566879,1.0,1.0,1.0,1.0,1.0,0.0,0.4993896484375,0.05126953125,-0.231201171875,-0.01824951171875,-0.002227783203125,0.0025634765625,C,0,2026-08-24_23-25-27,2026-08-24
0.8704306912775969,0.7248038624019312,0.7545045045045045,0.6559139784946236,0.16560509554140126,1.0,1.0,1.0,1.0,1.0,0.0,0.50341796875,0.0535888671875,-0.2303466796875,-0.017852783203125,-0.012451171875,0.00390625,C,0,2026-08-24_23-25-27,2026-08-24
0.8689829895041622,0.7356668678334339,0.7657657657657657,0.6559139784946236,0.21656050955414013,1.0,1.0,1.0,1.0,1.0,0.0,0.49462890625,0.0462646484375,-0.2314453125,-0.017974853515625,-0.015655517578125,0.00311279296875,C,0,2026-08-24_23-25-27,2026-08-24
0.8675352877307275,0.7272178636089318,0.7702702702702703,0.6021505376344086,0.25477707006369427,1.0,1.0,1.0,1.0,1.0,0.0,0.4947509765625,0.0469970703125,-0.236083984375,-0.021148681640625,-0.015899658203125,0.00189208984375,C,0,2026-08-24_23-25-27,2026-08-24
0.8733260948244662,0.7284248642124321,0.7725225225225225,0.6236559139784946,0.16560509554140126,1.0,1.0,1.0,1.0,1.0,0.0,0.48828125,0.0494384765625,-0.2406005859375,-0.02142333984375,-0.012054443359375,0.003021240234375,C,0,2026-08-24_23-25-27,2026-08-24
0.8675352877307275,0.7308388654194327,0.7635135135135135,0.6129032258064516,0.2802547770700637,1.0,1.0,1.0,1.0,1.0,0.0,0.4927978515625,0.0521240234375,-0.243896484375,-0.020904541015625,-0.00714111328125,0.00335693359375,C,0,2026-08-24_23-25-27,2026-08-24
0.8675352877307275,0.7429088714544357,0.7567567567567568,0.6612903225806451,0.16560509554140126,1.0,1.0,1.0,1.0,1.0,0.0,0.4969482421875,0.05078125,-0.2354736328125,-0.01812744140625,-0.005706787109375,0.002166748046875,C,0,2026-08-24_23-25-27,2026-08-24
0.920376402461093,0.8153289076644539,0.8941441441441441,0.8118279569892473,0.2929936305732484,1.0,1.0,1.0,0.0,1.0,0.0,0.4866943359375,0.0570068359375,-0.2510986328125,-0.015869140625,-0.0115966796875,0.006683349609375,C,1,2026-08-24_23-25-27,2026-08-24
0.922547955121245,0.8213639106819554,0.9166666666666666,0.8387096774193549,0.24203821656050956,1.0,1.0,1.0,0.0,1.0,0.0,0.4873046875,0.05224609375,-0.2509765625,-0.0146484375,-0.00653076171875,0.00665283203125,C,1,2026-08-24_23-25-27,2026-08-24
0.9218241042345277,0.8189499094749547,0.9031531531531531,0.8440860215053764,0.24203821656050956,1.0,1.0,1.0,0.0,1.0,0.0,0.4830322265625,0.04931640625,-0.254150390625,-0.01715087890625,-0.00115966796875,0.00439453125,C,1,2026-08-24_23-25-27,2026-08-24
0.9254433586681143,0.8225709112854557,0.9166666666666666,0.8494623655913979,0.267515923566879,1.0,1.0,1.0,0.0,1.0,0.0,0.4833984375,0.0501708984375,-0.24658203125,-0.0146484375,-0.00543212890625,0.003631591796875,C,1,2026-08-24_23-25-27,2026-08-24
0.9326818675352877,0.8467109233554617,0.9054054054054054,0.9139784946236559,0.07643312101910828,1.0,1.0,1.0,0.0,1.0,0.0,0.4876708984375,0.05419921875,-0.2568359375,-0.01348876953125,-0.006317138671875,0.005584716796875,C,1,2026-08-24_23-25-27,2026-08-24
0.9174809989142236,0.8177429088714544,0.9211711711711712,0.8279569892473119,0.33121019108280253,1.0,1.0,1.0,1.0,1.0,0.0,0.4908447265625,0.0535888671875,-0.2559814453125,-0.01324462890625,-0.00994873046875,0.0037841796875,C,1,2026-08-24_23-25-27,2026-08-24
0.9189287006876583,0.8020519010259505,0.8828828828828829,0.8655913978494624,0.22929936305732485,1.0,1.0,1.0,0.0,1.0,0.0,0.4876708984375,0.0517578125,-0.253662109375,-0.020782470703125,-0.016448974609375,0.003082275390625,C,1,2026-08-24_23-25-27,2026-08-24
0.924719507781397,0.820156910078455,0.8761261261261262,0.8387096774193549,0.267515923566879,1.0,1.0,1.0,0.0,1.0,0.0,0.48583984375,0.0538330078125,-0.25146484375,-0.022491455078125,-0.012603759765625,0.00384521484375,C,1,2026-08-24_23-25-27,2026-08-24
0.9131378935939196,0.8044659022329511,0.8716216216216216,0.8494623655913979,0.24203821656050956,1.0,1.0,1.0,0.0,1.0,0.0,0.484619140625,0.0537109375,-0.2593994140625,-0.020721435546875,-0.00653076171875,0.004364013671875,C,1,2026-08-24_23-25-27,2026-08-24
0.918204849800941,0.8153289076644539,0.8806306306306306,0.8548387096774194,0.2802547770700637,1.0,1.0,1.0,0.0,1.0,0.0,0.484130859375,0.0555419921875,-0.2530517578125,-0.02191162109375,-0.005706787109375,0.00579833984375,C,1,2026-08-24_23-25-27,2026-08-24
0.918204849800941,0.8068799034399518,0.8693693693693694,0.7795698924731183,0.20382165605095542,1.0,1.0,1.0,0.0,1.0,0.0,0.48828125,0.0577392578125,-0.24755859375,-0.022491455078125,-0.013702392578125,0.0068359375,C,1,2026-08-24_23-25-27,2026-08-24
0.913861744480637,0.8092939046469523,0.9099099099099099,0.9354838709677419,0.21656050955414013,1.0,1.0,1.0,1.0,1.0,0.0,0.4884033203125,0.0548095703125,-0.2462158203125,-0.015289306640625,-0.01824951171875,0.006378173828125,C,1,2026-08-24_23-25-27,2026-08-24
0.9087947882736156,0.8261919130959565,0.8806306306306306,0.8333333333333334,0.1910828025477707,1.0,1.0,1.0,0.0,1.0,0.0,0.486083984375,0.04638671875,-0.2530517578125,-0.020477294921875,-0.011444091796875,0.002227783203125,C,1,2026-08-24_23-25-27,2026-08-24
0.9131378935939196,0.8177429088714544,0.8761261261261262,0.8387096774193549,0.17834394904458598,1.0,1.0,1.0,0.0,1.0,0.0,0.4869384765625,0.0523681640625,-0.2520751953125,-0.023101806640625,-0.006256103515625,6.103515625e-05,C,1,2026-08-24_23-25-27,2026-08-24
0.9239956568946797,0.8153289076644539,0.9009009009009009,0.8709677419354839,0.267515923566879,1.0,1.0,1.0,0.0,1.0,0.0,0.4862060546875,0.054443359375,-0.25048828125,-0.02239990234375,-0.011016845703125,0.001922607421875,C,1,2026-08-24_23-25-27,2026-08-24
0.9153094462540716,0.8249849124924562,0.8783783783783784,0.8602150537634409,0.3184713375796178,1.0,1.0,1.0,1.0,1.0,0.0,0.485107421875,0.060546875,-0.2545166015625,-0.021026611328125,-0.012542724609375,0.0040283203125,C,1,2026-08-24_23-25-27,2026-08-24
0.9211002533478103,0.8092939046469523,0.9009009009009009,0.8333333333333334,0.17834394904458598,1.0,1.0,1.0,0.0,1.0,0.0,0.492919921875,0.0531005859375,-0.25048828125,-0.02008056640625,-0.00994873046875,0.003875732421875,C,1,2026-08-24_23-25-27,2026-08-24
0.9326818675352877,0.8092939046469523,0.8941441441441441,0.8279569892473119,0.1910828025477707,1.0,1.0,1.0,1.0,1.0,0.0,0.4852294921875,0.05712890625,-0.2550048828125,-0.02081298828125,-0.01104736328125,-0.000244140625,C,1,2026-08-24_23-25-27,2026-08-24
0.9153094462540716,0.8092939046469523,0.9099099099099099,0.7634408602150538,0.11464968152866242,1.0,1.0,1.0,1.0,1.0,0.0,0.4788818359375,0.0555419921875,-0.255615234375,-0.01641845703125,-0.00775146484375,-0.0009765625,C,1,2026-08-24_23-25-27,2026-08-24
0.9174809989142236,0.8105009052504526,0.8941441441441441,0.8494623655913979,0.21656050955414013,1.0,1.0,1.0,1.0,1.0,0.0,0.4832763671875,0.056396484375,-0.2572021484375,-0.016876220703125,-0.0054931640625,-0.000640869140625,C,1,2026-08-24_23-25-27,2026-08-24
0.9145855953673543,0.8177429088714544,0.8693693693693694,0.8279569892473119,0.1910828025477707,1.0,1.0,1.0,1.0,1.0,0.0,0.4854736328125,0.0543212890625,-0.253173828125,-0.019012451171875,-0.005706787109375,0.0018310546875,C,1,2026-08-24_23-25-27,2026-08-24
0.913861744480637,0.8068799034399518,0.8693693693693694,0.8064516129032258,0.24203821656050956,1.0,1.0,1.0,0.0,1.0,0.0,0.486083984375,0.0540771484375,-0.2562255859375,-0.020355224609375,-0.00946044921875,0.000579833984375,C,1,2026-08-24_23-25-27,2026-08-24
0.916033297140789,0.8249849124924562,0.8851351351351351,0.7956989247311828,0.2929936305732484,1.0,1.0,1.0,0.0,1.0,0.0,0.4835205078125,0.0567626953125,-0.2537841796875,-0.020843505859375,-0.009765625,-0.0003662109375,C,1,2026-08-24_23-25-27,2026-08-24
0.9131378935939196,0.8092939046469523,0.8761261261261262,0.7903225806451613,0.21656050955414013,1.0,1.0,1.0,1.0,1.0,0.0,0.48291015625,0.0584716796875,-0.25341796875,-0.0142822265625,-0.004302978515625,-0.000396728515625,C,1,2026-08-24_23-25-27,2026-08-24
0.924719507781397,0.8153289076644539,0.8828828828828829,0.7526881720430108,0.34394904458598724,1.0,1.0,1.0,1.0,1.0,0.0,0.48779296875,0.0543212890625,-0.2550048828125,-0.01727294921875,-0.002166748046875,-0.000762939453125,C,1,2026-08-24_23-25-27,2026-08-24
0.9218241042345277,0.8105009052504526,0.8806306306306306,0.8279569892473119,0.22929936305732485,1.0,1.0,1.0,0.0,1.0,0.0,0.48486328125,0.052734375,-0.2510986328125,-0.018829345703125,-0.003448486328125,-0.001007080078125,C,1,2026-08-24_23-25-27,2026-08-24
0.9131378935939196,0.8008449004224502,0.8761261261261262,0.8333333333333334,0.20382165605095542,1.0,1.0,1.0,0.0,1.0,0.0,0.4884033203125,0.060302734375,-0.249755859375,-0.017852783203125,-0.010589599609375,9.1552734375e-05,C,1,2026-08-24_23-25-27,2026-08-24
0.920376402461093,0.8225709112854557,0.8851351351351351,0.8333333333333334,0.24203821656050956,1.0,1.0,1.0,1.0,1.0,0.0,0.481689453125,0.0599365234375,-0.253173828125,-0.017242431640625,-0.01031494140625,0.002166748046875,C,1,2026-08-24_23-25-27,2026-08-24
0.918204849800941,0.8092939046469523,0.9054054054054054,0.7956989247311828,0.21656050955414013,1.0,1.0,1.0,1.0,1.0,0.0,0.486083984375,0.056396484375,-0.253173828125,-0.01953125,-0.002166748046875,0.002197265625,C,1,2026-08-24_23-25-27,2026-08-24
0.9254433586681143,0.8141219070609536,0.8761261261261262,0.8387096774193549,0.15286624203821655,1.0,1.0,1.0,1.0,1.0,0.0,0.4853515625,0.0556640625,-0.251953125,-0.021697998046875,-0.001678466796875,0.0025634765625,C,1,2026-08-24_23-25-27,2026-08-24
0.924719507781397,0.8129149064574532,0.8761261261261262,0.7903225806451613,0.2929936305732484,1.0,1.0,1.0,1.0,1.0,0.0,0.4840087890625,0.05712890625,-0.2518310546875,-0.020233154296875,-0.00518798828125,0.000762939453125,C,1,2026-08-24_23-25-27,2026-08-24
0.920376402461093,0.820156910078455,0.9099099099099099,0.8010752688172043,0.11464968152866242,1.0,1.0,1.0,1.0,1.0,0.0,0.4844970703125,0.0635986328125,-0.25390625,-0.015289306640625,-0.005279541015625,0.00048828125,C,1,2026-08-24_23-25-27,2026-08-24
0.9283387622149837,0.8225709112854557,0.8648648648648649,0.8494623655913979,0.24203821656050956,1.0,1.0,1.0,0.0,1.0,0.0,0.484375,0.0596923828125,-0.2509765625,-0.012786865234375,-0.002655029296875,0.00189208984375,C,1,2026-08-24_23-25-27,2026-08-24
0.913861744480637,0.8105009052504526,0.8536036036036037,0.8064516129032258,0.24203821656050956,1.0,1.0,1.0,1.0,1.0,0.0,0.4888916015625,0.05908203125,-0.2462158203125,-0.0162353515625,-0.00665283203125,0.002716064453125,C,1,2026-08-24_23-25-27,2026-08-24
0.913861744480637,0.8092939046469523,0.8536036036036037,0.8494623655913979,0.24203821656050956,1.0,1.0,1.0,0.0,1.0,0.0,0.48583984375,0.0596923828125,-0.2447509765625,-0.0206298828125,-0.015228271484375,0.003997802734375,C,1,2026-08-24_23-25-27,2026-08-24
0.9174809989142236,0.8129149064574532,0.8693693693693694,0.7849462365591398,0.34394904458598724,1.0,1.0,1.0,1.0,1.0,0.0,0.489013671875,0.057861328125,-0.251220703125,-0.0208740234375,-0.01556396484375,0.005462646484375,C,1,2026-08-24_23-25-27,2026-08-24
0.916033297140789,0.820156910078455,0.8648648648648649,0.7956989247311828,0.1910828025477707,1.0,1.0,1.0,1.0,1.0,0.0,0.48681640625,0.0592041015625,-0.2593994140625,-0.02020263671875,-0.0113525390625,0.005706787109375,C,1,2026-08-24_23-25-27,2026-08-24
0.9153094462540716,0.8129149064574532,0.8468468468468469,0.8064516129032258,0.16560509554140126,1.0,1.0,1.0,1.0,1.0,0.0,0.486328125,0.055419921875,-0.2607421875,-0.022216796875,-0.00982666015625,0.003997802734375,C,1,2026-08-24_23-25-27,2026-08-24
0.924719507781397,0.8141219070609536,0.8671171171171171,0.8279569892473119,0.36942675159235666,1.0,1.0,1.0,1.0,1.0,0.0,0.479736328125,0.0562744140625,-0.25390625,-0.017822265625,-0.006134033203125,0.003204345703125,C,1,2026-08-24_23-25-27,2026-08-24
0.9232718060079623,0.8261919130959565,0.8761261261261262,0.8817204301075269,1.0,1.0,1.0,1.0,0.0,1.0,0.0,0.4822998046875,0.0528564453125,-0.2540283203125,-0.01788330078125,-0.007965087890625,0.000885009765625,C,1,2026-08-24_23-25-27,2026-08-24
0.913861744480637,0.823777911888956,0.8558558558558559,0.7473118279569892,0.267515923566879,1.0,1.0,1.0,1.0,1.0,1.0,0.48486328125,0.0474853515625,-0.25048828125,-0.0169677734375,-0.008514404296875,0.003204345703125,C,2,2026-08-24_23-25-27,2026-08-24
0.9211002533478103,0.8129149064574532,0.8648648648648649,0.7849462365591398,0.24203821656050956,1.0,1.0,1.0,1.0,1.0,1.0,0.479248046875,0.0540771484375,-0.253173828125,-0.01312255859375,-0.00579833984375,0.003509521484375,C,2,2026-08-24_23-25-27,2026-08-24
0.913861744480637,0.8068799034399518,0.8400900900900901,0.7580645161290323,0.3057324840764331,1.0,1.0,1.0,1.0,1.0,1.0,0.4808349609375,0.05029296875,-0.25927734375,-0.010101318359375,0.00714111328125,0.002288818359375,C,2,2026-08-24_23-25-27,2026-08-24
0.9131378935939196,0.8044659022329511,0.8333333333333334,0.6881720430107527,0.16560509554140126,1.0,1.0,1.0,1.0,1.0,1.0,0.48828125,0.048583984375,-0.2589111328125,-0.01666259765625,0.01202392578125,0.00311279296875,C,2,2026-08-24_23-25-27,2026-08-24
0.9153094462540716,0.8080869040434521,0.8536036036036037,0.7956989247311828,0.2929936305732484,1.0,1.0,1.0,1.0,1.0,1.0,0.4937744140625,0.0576171875,-0.2470703125,-0.01483154296875,-0.0040283203125,0.0042724609375,C,2,2026-08-24_23-25-27,2026-08-24
0.9102424900470503,0.7899818949909475,0.8468468468468469,0.8279569892473119,0.21656050955414013,1.0,1.0,1.0,1.0,1.0,1.0,0.486083984375,0.0550537109375,-0.250244140625,-0.009246826171875,-0.0206298828125,0.00482177734375,C,2,2026-08-24_23-25-27,2026-08-24
0.9037278320665942,0.7851538925769463,0.8220720720720721,0.6666666666666666,0.267515923566879,1.0,1.0,1.0,1.0,1.0,1.0,0.4810791015625,0.05224609375,-0.2489013671875,-0.008758544921875,-0.01300048828125,0.00335693359375,C,2,2026-08-24_23-25-27,2026-08-24
0.916033297140789,0.8068799034399518,0.8468468468468469,0.7580645161290323,0.17834394904458598,1.0,1.0,1.0,1.0,1.0,1.0,0.484619140625,0.0555419921875,-0.2535400390625,-0.01177978515625,-0.00531005859375,0.0003662109375,C,2,2026-08-24_23-25-27,2026-08-24
0.9167571480275063,0.8141219070609536,0.8536036036036037,0.7795698924731183,0.2929936305732484,1.0,1.0,1.0,1.0,1.0,1.0,0.484619140625,0.0543212890625,-0.249267578125,-0.01708984375,-0.010223388671875,0.004974365234375,C,2,2026-08-24_23-25-27,2026-08-24
0.913861744480637,0.8105009052504526,0.8558558558558559,0.7580645161290323,0.25477707006369427,1.0,1.0,1.0,1.0,1.0,1.0,0.4813232421875,0.053466796875,-0.252197265625,-0.01904296875,-0.017333984375,0.00823974609375,C,2,2026-08-24_23-25-27,2026-08-24
0.9174809989142236,0.8068799034399518,0.8445945945945946,0.7258064516129032,0.1910828025477707,1.0,1.0,1.0,1.0,1.0,1.0,0.4857177734375,0.051513671875,-0.2535400390625,-0.018890380859375,-0.016632080078125,0.0087890625,C,2,2026-08-24_23-25-27,2026-08-24
0.9153094462540716,0.8008449004224502,0.8445945945945946,0.7741935483870968,0.16560509554140126,1.0,1.0,1.0,1.0,1.0,1.0,0.4840087890625,0.0516357421875,-0.2562255859375,-0.02142333984375,-0.01190185546875,0.007720947265625,C,2,2026-08-24_23-25-27,2026-08-24
0.9153094462540716,0.8044659022329511,0.8558558558558559,0.7526881720430108,0.267515923566879,1.0,1.0,1.0,1.0,1.0,1.0,0.4840087890625,0.0533447265625,-0.257568359375,-0.0166015625,-0.00787353515625,0.007080078125,C,2,2026-08-24_23-25-27,2026-08-24
0.913861744480637,0.8020519010259505,0.8378378378378378,0.7849462365591398,0.21656050955414013,1.0,1.0,1.0,1.0,1.0,1.0,0.48583984375,0.0472412109375,-0.2586669921875,-0.015533447265625,-0.011627197265625,0.00830078125,C,2,2026-08-24_23-25-27,2026-08-24
0.9116901918204849,0.8056729028364514,0.8333333333333334,0.7419354838709677,0.16560509554140126,1.0,1.0,1.0,1.0,1.0,1.0,0.4842529296875,0.05078125,-0.2623291015625,-0.015777587890625,-0.009765625,0.007904052734375,C,2,2026-08-24_23-25-27,2026-08-24
0.9102424900470503,0.7936028968014484,0.8378378378378378,0.7580645161290323,0.14012738853503184,1.0,1.0,1.0,1.0,1.0,1.0,0.479736328125,0.047119140625,-0.25439453125,-0.011444091796875,-0.006988525390625,0.006103515625,C,2,2026-08-24_23-25-27,2026-08-24
0.913861744480637,0.8129149064574532,0.8626126126126126,0.7580645161290323,0.20382165605095542,1.0,1.0,1.0,1.0,1.0,1.0,0.4837646484375,0.0482177734375,-0.260009765625,-0.013275146484375,-0.006927490234375,0.004180908203125,C,2,2026-08-24_23-25-27,2026-08-24
0.9196525515743756,0.8092939046469523,0.8558558558558559,0.7419354838709677,0.21656050955414013,1.0,1.0,1.0,1.0,1.0,1.0,0.4783935546875,0.0494384765625,-0.254150390625,-0.01300048828125,-0.007049560546875,0.003570556640625,C,2,2026-08-24_23-25-27,2026-08-24
0.9116901918204849,0.7899818949909475,0.8445945945945946,0.7580645161290323,0.07643312101910828,1.0,1.0,1.0,1.0,1.0,1.0,0.4830322265625,0.050537109375,-0.2579345703125,-0.013885498046875,-0.0081787109375,0.004913330078125,C,2,2026-08-24_23-25-27,2026-08-24
0.9124140427072023,0.8032589016294508,0.8468468468468469,0.7473118279569892,0.2929936305732484,1.0,1.0,1.0,1.0,1.0,1.0,0.4876708984375,0.052001953125,-0.253173828125,-0.015899658203125,-0.008056640625,0.006134033203125,C,2,2026-08-24_23-25-27,2026-08-24
0.9153094462540716,0.796016898008449,0.8378378378378378,0.6935483870967742,0.267515923566879,1.0,1.0,1.0,1.0,1.0,1.0,0.4871826171875,0.049560546875,-0.2537841796875,-0.015869140625,-0.00885009765625,0.006744384765625,C,2,2026-08-24_23-25-27,2026-08-24
0.9124140427072023,0.7911888955944478,0.8693693693693694,0.7903225806451613,0.267515923566879,1.0,1.0,1.0,1.0,1.0,1.0,0.482177734375,0.0477294921875,-0.256591796875,-0.016632080078125,-0.008636474609375,0.006439208984375,C,2,2026-08-24_23-25-27,2026-08-24
0.916033297140789,0.8044659022329511,0.8896396396396397,0.7526881720430108,0.21656050955414013,1.0,1.0,1.0,1.0,1.0,1.0,0.485107421875,0.05078125,-0.2537841796875,-0.01507568359375,-0.009918212890625,0.00543212890625,C,2,2026-08-24_23-25-27,2026-08-24
0.9116901918204849,0.7984308992154496,0.8648648648648649,0.7741935483870968,0.16560509554140126,1.0,1.0,1.0,1.0,1.0,1.0,0.4859619140625,0.0462646484375,-0.2581787109375,-0.013031005859375,-0.01080322265625,0.0048828125,C,2,2026-08-24_23-25-27,2026-08-24
0.9218241042345277,0.7851538925769463,0.8603603603603603,0.7580645161290323,0.2802547770700637,1.0,1.0,1.0,1.0,1.0,1.0,0.480712890625,0.0458984375,-0.255859375,-0.015472412109375,-0.006622314453125,0.003265380859375,C,2,2026-08-24_23-25-27,2026-08-24
0.9131378935939196,0.8068799034399518,0.8828828828828829,0.8279569892473119,0.24203821656050956,1.0,1.0,1.0,1.0,1.0,1.0,0.479736328125,0.052001953125,-0.255126953125,-0.0133056640625,-0.005615234375,0.0028076171875,C,2,2026-08-24_23-25-27,2026-08-24
0.9109663409337676,0.79963789981895,0.8716216216216216,0.7741935483870968,0.15286624203821655,1.0,1.0,1.0,1.0,1.0,1.0,0.4832763671875,0.043212890625,-0.25341796875,-0.013458251953125,-0.00506591796875,0.00439453125,C,2,2026-08-24_23-25-27,2026-08-24
0.9109663409337676,0.79963789981895,0.8581081081081081,0.8333333333333334,0.06369426751592357,1.0,1.0,1.0,1.0,1.0,1.0,0.4837646484375,0.047119140625,-0.2540283203125,-0.015411376953125,-0.00457763671875,0.003570556640625,C,2,2026-08-24_23-25-27,2026-08-24
0.9131378935939196,0.7936028968014484,0.8603603603603603,0.7473118279569892,0.267515923566879,1.0,1.0,1.0,1.0,1.0,1.0,0.48681640625,0.050537109375,-0.259033203125,-0.015869140625,-0.00958251953125,0.003265380859375,C,2,2026-08-24_23-25-27,2026-08-24
0.9109663409337676,0.79963789981895,0.8626126126126126,0.8440860215053764,0.24203821656050956,1.0,1.0,1.0,1.0,1.0,1.0,0.4822998046875,0.0477294921875,-0.263671875,-0.01824951171875,-0.0069580078125,0.002838134765625,C,2,2026-08-24_23-25-27,2026-08-24
0.9102424900470503,0.7923958961979481,0.8693693693693694,0.7473118279569892,0.1910828025477707,1.0,1.0,1.0,1.0,1.0,1.0,0.485107421875,0.0531005859375,-0.2637939453125,-0.02081298828125,-0.002197265625,0.003143310546875,C,2,2026-08-24_23-25-27,2026-08-24
0.9124140427072023,0.783946891973446,0.8693693693693694,0.7526881720430108,0.21656050955414013,1.0,1.0,1.0,1.0,1.0,1.0,0.4876708984375,0.0543212890625,-0.2548828125,-0.016571044921875,-0.003631591796875,0.00238037109375,C,2,2026-08-24_23-25-27,2026-08-24
0.9131378935939196,0.796016898008449,0.8671171171171171,0.7634408602150538,0.17834394904458598,1.0,1.0,1.0,1.0,1.0,1.0,0.486328125,0.0531005859375,-0.260498046875,-0.01483154296875,-0.0040283203125,0.001708984375,C,2,2026-08-24_23-25-27,2026-08-24
0.9116901918204849,0.7984308992154496,0.8603603603603603,0.7795698924731183,0.21656050955414013,1.0,1.0,1.0,1.0,1.0,1.0,0.48681640625,0.052490234375,-0.254638671875,-0.0198974609375,-0.00433349609375,0.00225830078125,C,2,2026-08-24_23-25-27,2026-08-24
0.9145855953673543,0.79963789981895,0.8671171171171171,0.7419354838709677,0.2929936305732484,1.0,1.0,1.0,1.0,1.0,1.0,0.49169921875,0.0526123046875,-0.251708984375,-0.016754150390625,-0.013763427734375,0.00213623046875,C,2,2026-08-24_23-25-27,2026-08-24
0.9124140427072023,0.7875678937839469,0.8626126126126126,0.7258064516129032,0.267515923566879,1.0,1.0,1.0,1.0,1.0,1.0,0.48779296875,0.046875,-0.2506103515625,-0.01934814453125,-0.017669677734375,0.003997802734375,C,2,2026-08-24_23-25-27,2026-08-24
0.9124140427072023,0.8020519010259505,0.8671171171171171,0.7365591397849462,0.1910828025477707,1.0,1.0,1.0,1.0,1.0,1.0,0.4853515625,0.04248046875,-0.250732421875,-0.02606201171875,-0.012237548828125,0.00341796875,C,2,2026-08-24_23-25-27,2026-08-24
0.9102424900470503,0.7875678937839469,0.8423423423423423,0.8010752688172043,0.15286624203821655,1.0,1.0,1.0,1.0,1.0,1.0,0.48193359375,0.04541015625,-0.24755859375,-0.0281982421875,-0.01434326171875,0.001220703125,C,2,2026-08-24_23-25-27,2026-08-24
0.9109663409337676,0.7911888955944478,0.8581081081081081,0.7096774193548387,0.14012738853503184,1.0,1.0,1.0,1.0,1.0,1.0,0.482421875,0.047607421875,-0.25732421875,-0.0126953125,-0.005950927734375,-0.00128173828125,C,2,2026-08-24_23-25-27,2026-08-24
0.9116901918204849,0.7911888955944478,0.8626126126126126,0.6666666666666666,0.20382165605095542,1.0,1.0,1.0,1.0,1.0,1.0,0.4808349609375,0.0479736328125,-0.2569580078125,-0.010711669921875,-0.0029296875,-0.00439453125,C,2,2026-08-24_23-25-27,2026-08-24
0.8718783930510315,0.7622208811104405,0.7837837837837838,0.8440860215053764,0.14012738853503184,1.0,1.0,1.0,0.0,1.0,0.0,0.4949951171875,0.0665283203125,-0.2476806640625,-0.012603759765625,-0.0115966796875,0.00390625,C,3,2026-08-24_23-25-27,2026-08-24
0.8704306912775969,0.7706698853349426,0.8018018018018018,0.8494623655913979,0.12738853503184713,1.0,1.0,1.0,0.0,1.0,0.0,0.4901123046875,0.06591796875,-0.2437744140625,-0.012908935546875,-0.011993408203125,0.003997802734375,C,3,2026-08-24_23-25-27,2026-08-24
0.8754976474846181,0.7646348823174411,0.7905405405405406,0.8387096774193549,0.3184713375796178,1.0,1.0,1.0,0.0,1.0,0.0,0.4893798828125,0.0672607421875,-0.24169921875,-0.012054443359375,-0.0084228515625,0.00592041015625,C,3,2026-08-24_23-25-27,2026-08-24
0.8747737965979009,0.7634278817139408,0.786036036036036,0.8225806451612904,0.40764331210191085,1.0,1.0,1.0,0.0,1.0,0.0,0.4869384765625,0.0667724609375,-0.241455078125,-0.012725830078125,-0.00701904296875,0.00592041015625,C,3,2026-08-24_23-25-27,2026-08-24
0.8747737965979009,0.7573928786964393,0.7837837837837838,0.8440860215053764,0.20382165605095542,1.0,1.0,1.0,0.0,1.0,0.0,0.491943359375,0.064453125,-0.2410888671875,-0.013427734375,-0.00726318359375,0.00616455078125,C,3,2026-08-24_23-25-27,2026-08-24
0.8791169019182048,0.7682558841279421,0.7725225225225225,0.8494623655913979,0.17834394904458598,1.0,1.0,1.0,0.0,1.0,0.0,0.4896240234375,0.06640625,-0.2418212890625,-0.016265869140625,-0.011932373046875,0.0089111328125,C,3,2026-08-24_23-25-27,2026-08-24
0.8711545421643142,0.7646348823174411,0.7635135135135135,0.7956989247311828,0.24203821656050956,1.0,1.0,1.0,0.0,1.0,0.0,0.4915771484375,0.062744140625,-0.2379150390625,-0.01214599609375,-0.011627197265625,0.006988525390625,C,3,2026-08-24_23-25-27,2026-08-24
0.8754976474846181,0.7670488835244418,0.7747747747747747,0.8333333333333334,0.17834394904458598,1.0,1.0,1.0,0.0,1.0,0.0,0.4940185546875,0.0616455078125,-0.24951171875,-0.013519287109375,-0.00897216796875,0.00469970703125,C,3,2026-08-24_23-25-27,2026-08-24
0.8675352877307275,0.7610138805069403,0.7837837837837838,0.8870967741935484,0.24203821656050956,1.0,1.0,1.0,0.0,1.0,0.0,0.4913330078125,0.06298828125,-0.2462158203125,-0.01361083984375,-0.00250244140625,0.0057373046875,C,3,2026-08-24_23-25-27,2026-08-24
0.8697068403908795,0.7658418829209415,0.7680180180180181,0.8333333333333334,0.267515923566879,1.0,1.0,1.0,0.0,1.0,0.0,0.48681640625,0.06494140625,-0.244873046875,-0.0166015625,-0.004180908203125,0.00531005859375,C,3,2026-08-24_23-25-27,2026-08-24
0.8769453492580528,0.75980687990344,0.7905405405405406,0.8387096774193549,0.3184713375796178,1.0,1.0,1.0,0.0,1.0,0.0,0.4903564453125,0.066162109375,-0.2471923828125,-0.015106201171875,-0.005218505859375,0.0067138671875,C,3,2026-08-24_23-25-27,2026-08-24
0.8747737965979009,0.75980687990344,0.7837837837837838,0.8333333333333334,0.40764331210191085,1.0,1.0,1.0,0.0,1.0,0.0,0.4898681640625,0.060791015625,-0.2418212890625,-0.01373291015625,-0.0069580078125,0.00518798828125,C,3,2026-08-24_23-25-27,2026-08-24
0.8682591386174449,0.7682558841279421,0.7635135135135135,0.8333333333333334,0.20382165605095542,1.0,1.0,1.0,0.0,1.0,0.0,0.4918212890625,0.0625,-0.240234375,-0.014862060546875,-0.0087890625,0.004547119140625,C,3,2026-08-24_23-25-27,2026-08-24
0.8682591386174449,0.75980687990344,0.7927927927927928,0.8548387096774194,0.12738853503184713,1.0,1.0,1.0,0.0,1.0,0.0,0.485107421875,0.0650634765625,-0.2391357421875,-0.01641845703125,-0.010345458984375,0.006591796875,C,3,2026-08-24_23-25-27,2026-08-24
0.8675352877307275,0.7537718768859385,0.7680180180180181,0.8333333333333334,0.22929936305732485,1.0,1.0,1.0,0.0,1.0,0.0,0.4903564453125,0.065673828125,-0.2430419921875,-0.017364501953125,-0.01043701171875,0.008209228515625,C,3,2026-08-24_23-25-27,2026-08-24
0.8682591386174449,0.7658418829209415,0.7815315315315315,0.8655913978494624,0.21656050955414013,1.0,1.0,1.0,0.0,1.0,0.0,0.4842529296875,0.0616455078125,-0.2403564453125,-0.01666259765625,-0.011199951171875,0.0086669921875,C,3,2026-08-24_23-25-27,2026-08-24
0.8754976474846181,0.7875678937839469,0.7972972972972973,0.8333333333333334,0.16560509554140126,1.0,1.0,1.0,0.0,1.0,0.0,0.4864501953125,0.0628662109375,-0.2452392578125,-0.01422119140625,-0.008026123046875,0.007598876953125,C,3,2026-08-24_23-25-27,2026-08-24
0.8711545421643142,0.7622208811104405,0.7747747747747747,0.8387096774193549,0.24203821656050956,1.0,1.0,1.0,0.0,1.0,0.0,0.4869384765625,0.061767578125,-0.24169921875,-0.012786865234375,-0.007476806640625,0.006317138671875,C,3,2026-08-24_23-25-27,2026-08-24
0.8675352877307275,0.7573928786964393,0.7612612612612613,0.8333333333333334,0.3184713375796178,1.0,1.0,1.0,0.0,1.0,0.0,0.4903564453125,0.0640869140625,-0.240478515625,-0.01263427734375,-0.006744384765625,0.006256103515625,C,3,2026-08-24_23-25-27,2026-08-24
0.8711545421643142,0.7658418829209415,0.7725225225225225,0.8279569892473119,0.267515923566879,1.0,1.0,1.0,0.0,1.0,0.0,0.491455078125,0.0621337890625,-0.2430419921875,-0.012115478515625,-0.0050048828125,0.005523681640625,C,3,2026-08-24_23-25-27,2026-08-24
0.8653637350705755,0.7658418829209415,0.7747747747747747,0.8333333333333334,0.1910828025477707,1.0,1.0,1.0,0.0,1.0,0.0,0.492431640625,0.0626220703125,-0.2410888671875,-0.0108642578125,-0.001861572265625,0.005615234375,C,3,2026-08-24_23-25-27,2026-08-24
0.8660875859572928,0.7622208811104405,0.7837837837837838,0.8333333333333334,0.267515923566879,1.0,1.0,1.0,0.0,1.0,0.0,0.4932861328125,0.0592041015625,-0.247314453125,-0.010589599609375,-0.003021240234375,0.003631591796875,C,3,2026-08-24_23-25-27,2026-08-24
0.8718783930510315,0.75980687990344,0.7725225225225225,0.8494623655913979,0.2802547770700637,1.0,1.0,1.0,0.0,1.0,0.0,0.4871826171875,0.0594482421875,-0.2447509765625,-0.011810302734375,-0.010223388671875,0.00238037109375,C,3,2026-08-24_23-25-27,2026-08-24
0.8682591386174449,0.7815328907664454,0.7612612612612613,0.7956989247311828,0.2802547770700637,1.0,1.0,1.0,0.0,1.0,0.0,0.4942626953125,0.0614013671875,-0.2471923828125,-0.014129638671875,-0.0108642578125,0.00439453125,C,3,2026-08-24_23-25-27,2026-08-24
0.8675352877307275,0.7646348823174411,0.777027027027027,0.8333333333333334,0.12738853503184713,1.0,1.0,1.0,0.0,1.0,0.0,0.4864501953125,0.064208984375,-0.2459716796875,-0.015380859375,-0.006744384765625,0.004119873046875,C,3,2026-08-24_23-25-27,2026-08-24
0.8646398841838582,0.75980687990344,0.7612612612612613,0.8387096774193549,0.2802547770700637,1.0,1.0,1.0,0.0,1.0,0.0,0.489501953125,0.0609130859375,-0.23974609375,-0.01678466796875,-0.004669189453125,0.002838134765625,C,3,2026-08-24_23-25-27,2026-08-24
0.8697068403908795,0.7658418829209415,0.7815315315315315,0.8333333333333334,0.2802547770700637,1.0,1.0,1.0,0.0,1.0,0.0,0.488525390625,0.06591796875,-0.2408447265625,-0.016754150390625,-0.006439208984375,0.004058837890625,C,3,2026-08-24_23-25-27,2026-08-24
0.8675352877307275,0.7634278817139408,0.7612612612612613,0.8279569892473119,0.22929936305732485,1.0,1.0,1.0,0.0,1.0,0.0,0.490478515625,0.0650634765625,-0.239501953125,-0.011016845703125,-0.011199951171875,0.003082275390625,C,3,2026-08-24_23-25-27,2026-08-24
0.8682591386174449,0.7549788774894387,0.7747747747747747,0.8333333333333334,0.25477707006369427,1.0,1.0,1.0,0.0,1.0,0.0,0.488037109375,0.0606689453125,-0.24658203125,-0.01141357421875,-0.009185791015625,0.0035400390625,C,3,2026-08-24_23-25-27,2026-08-24
0.8682591386174449,0.7610138805069403,0.7702702702702703,0.8333333333333334,0.17834394904458598,1.0,1.0,1.0,0.0,1.0,0.0,0.4912109375,0.062255859375,-0.2445068359375,-0.014434814453125,-0.0076904296875,0.003936767578125,C,3,2026-08-24_23-25-27,2026-08-24
0.8726022439377489,0.7501508750754375,0.7612612612612613,0.8333333333333334,0.16560509554140126,1.0,1.0,1.0,0.0,1.0,0.0,0.48974609375,0.0635986328125,-0.24169921875,-0.014556884765625,-0.00921630859375,0.006195068359375,C,3,2026-08-24_23-25-27,2026-08-24
0.8675352877307275,0.7610138805069403,0.7612612612612613,0.8279569892473119,0.21656050955414013,1.0,1.0,1.0,0.0,1.0,0.0,0.4906005859375,0.0611572265625,-0.2454833984375,-0.014373779296875,-0.007965087890625,0.00677490234375,C,3,2026-08-24_23-25-27,2026-08-24
0.8682591386174449,0.7513578756789379,0.7680180180180181,0.8172043010752689,0.2802547770700637,1.0,1.0,1.0,0.0,1.0,0.0,0.4931640625,0.062255859375,-0.2431640625,-0.01837158203125,-0.00909423828125,0.00408935546875,C,3,2026-08-24_23-25-27,2026-08-24
0.8711545421643142,0.7682558841279421,0.7815315315315315,0.7795698924731183,0.22929936305732485,1.0,1.0,1.0,0.0,1.0,0.0,0.4871826171875,0.060546875,-0.2391357421875,-0.01239013671875,-0.011932373046875,0.00408935546875,C,3,2026-08-24_23-25-27,2026-08-24
0.8639160332971408,0.7489438744719372,0.777027027027027,0.7903225806451613,0.267515923566879,1.0,1.0,1.0,0.0,1.0,0.0,0.49169921875,0.0565185546875,-0.246337890625,-0.014068603515625,-0.009552001953125,0.00311279296875,C,3,2026-08-24_23-25-27,2026-08-24
0.8718783930510315,0.75980687990344,0.7747747747747747,0.8010752688172043,0.21656050955414013,1.0,1.0,1.0,0.0,1.0,0.0,0.4942626953125,0.0599365234375,-0.248291015625,-0.018463134765625,-0.008697509765625,0.00445556640625,C,3,2026-08-24_23-25-27,2026-08-24
0.8660875859572928,0.7622208811104405,0.7680180180180181,0.8333333333333334,0.22929936305732485,1.0,1.0,1.0,0.0,1.0,0.0,0.4869384765625,0.0635986328125,-0.24609375,-0.0189208984375,-0.00689697265625,0.005523681640625,C,3,2026-08-24_23-25-27,2026-08-24
0.8653637350705755,0.7658418829209415,0.7635135135135135,0.7956989247311828,0.21656050955414013,1.0,1.0,1.0,0.0,1.0,0.0,0.483642578125,0.0614013671875,-0.244384765625,-0.017242431640625,-0.002960205078125,0.003387451171875,C,3,2026-08-24_23-25-27,2026-08-24
0.8675352877307275,0.7525648762824382,0.75,0.8333333333333334,0.1910828025477707,1.0,1.0,1.0,0.0,1.0,0.0,0.493896484375,0.067626953125,-0.2427978515625,-0.01312255859375,-0.005584716796875,0.000946044921875,C,3,2026-08-24_23-25-27,2026-08-24
0.8617444806369888,0.7525648762824382,0.7612612612612613,0.7741935483870968,0.17834394904458598,1.0,1.0,1.0,0.0,1.0,0.0,0.4932861328125,0.0621337890625,-0.24169921875,-0.009307861328125,-0.010528564453125,0.00189208984375,C,3,2026-08-24_23-25-27,2026-08-24
0.8682591386174449,0.75980687990344,0.8040540540540541,0.6989247311827957,0.11464968152866242,1.0,1.0,1.0,0.0,1.0,0.0,0.4613037109375,0.054443359375,-0.2867431640625,-0.01434326171875,-0.003204345703125,0.000732421875,C,4,2026-08-24_23-25-27,2026-08-24
0.8660875859572928,0.7513578756789379,0.7747747747747747,0.6451612903225806,0.1910828025477707,1.0,1.0,1.0,0.0,1.0,0.0,0.4599609375,0.05712890625,-0.2882080078125,-0.013580322265625,-0.0015869140625,-0.000213623046875,C,4,2026-08-24_23-25-27,2026-08-24
0.8631921824104235,0.75980687990344,0.7905405405405406,0.6612903225806451,0.21656050955414013,1.0,1.0,1.0,0.0,1.0,0.0,0.45947265625,0.0560302734375,-0.2889404296875,-0.014068603515625,-0.0048828125,0.000885009765625,C,4,2026-08-24_23-25-27,2026-08-24
0.8675352877307275,0.7525648762824382,0.786036036036036,0.6989247311827957,0.14012738853503184,1.0,1.0,1.0,0.0,1.0,0.0,0.4630126953125,0.0582275390625,-0.2872314453125,-0.013519287109375,-0.007354736328125,0.003662109375,C,4,2026-08-24_23-25-27,2026-08-24
0.8668114368440102,0.7525648762824382,0.8085585585585585,0.6612903225806451,0.17834394904458598,1.0,1.0,1.0,0.0,1.0,0.0,0.46630859375,0.056884765625,-0.281005859375,-0.01556396484375,-0.0074462890625,0.006317138671875,C,4,2026-08-24_23-25-27,2026-08-24
0.8675352877307275,0.7525648762824382,0.8085585585585585,0.6612903225806451,0.16560509554140126,1.0,1.0,1.0,0.0,1.0,0.0,0.462646484375,0.057373046875,-0.2850341796875,-0.01690673828125,-0.00775146484375,0.00775146484375,C,4,2026-08-24_23-25-27,2026-08-24
0.8675352877307275,0.7549788774894387,0.831081081081081,0.6935483870967742,0.17834394904458598,1.0,1.0,1.0,0.0,1.0,0.0,0.4644775390625,0.0594482421875,-0.288818359375,-0.012847900390625,-0.006988525390625,0.006744384765625,C,4,2026-08-24_23-25-27,2026-08-24
0.8668114368440102,0.756185878092939,0.7837837837837838,0.6612903225806451,0.24203821656050956,1.0,1.0,1.0,0.0,1.0,0.0,0.4644775390625,0.05712890625,-0.28466796875,-0.0107421875,-0.00653076171875,0.007843017578125,C,4,2026-08-24_23-25-27,2026-08-24
0.8639160332971408,0.7513578756789379,0.7927927927927928,0.6236559139784946,0.10191082802547771,1.0,1.0,1.0,0.0,1.0,0.0,0.4649658203125,0.0496826171875,-0.2861328125,-0.013671875,-0.00970458984375,0.0069580078125,C,4,2026-08-24_23-25-27,2026-08-24
0.8668114368440102,0.7610138805069403,0.7815315315315315,0.6559139784946236,0.1910828025477707,1.0,1.0,1.0,0.0,1.0,0.0,0.4599609375,0.0499267578125,-0.2833251953125,-0.013763427734375,-0.00946044921875,0.007354736328125,C,4,2026-08-24_23-25-27,2026-08-24
0.8668114368440102,0.7537718768859385,0.7905405405405406,0.6720430107526881,0.16560509554140126,1.0,1.0,1.0,0.0,1.0,0.0,0.4638671875,0.0498046875,-0.29296875,-0.01397705078125,-0.007843017578125,0.007415771484375,C,4,2026-08-24_23-25-27,2026-08-24
0.8639160332971408,0.756185878092939,0.7837837837837838,0.6612903225806451,0.24203821656050956,1.0,1.0,1.0,0.0,1.0,0.0,0.46533203125,0.053466796875,-0.2884521484375,-0.013641357421875,-0.003387451171875,0.0069580078125,C,4,2026-08-24_23-25-27,2026-08-24
0.8675352877307275,0.7489438744719372,0.7725225225225225,0.6612903225806451,0.08917197452229299,1.0,1.0,1.0,0.0,1.0,0.0,0.4674072265625,0.050537109375,-0.2886962890625,-0.009368896484375,-0.00567626953125,0.005889892578125,C,4,2026-08-24_23-25-27,2026-08-24
0.8660875859572928,0.7513578756789379,0.7680180180180181,0.6774193548387096,0.24203821656050956,1.0,1.0,1.0,0.0,1.0,0.0,0.4586181640625,0.0477294921875,-0.290283203125,-0.0130615234375,-0.007537841796875,0.0037841796875,C,4,2026-08-24_23-25-27,2026-08-24
0.8668114368440102,0.75980687990344,0.8063063063063063,0.6720430107526881,0.14012738853503184,1.0,1.0,1.0,0.0,1.0,0.0,0.4608154296875,0.05322265625,-0.292236328125,-0.011627197265625,-0.0052490234375,0.003997802734375,C,4,2026-08-24_23-25-27,2026-08-24
0.8682591386174449,0.7658418829209415,0.8018018018018018,0.7150537634408602,0.17834394904458598,1.0,1.0,1.0,0.0,1.0,0.0,0.4656982421875,0.05517578125,-0.2900390625,-0.009246826171875,-0.00238037109375,0.005279541015625,C,4,2026-08-24_23-25-27,2026-08-24
0.8668114368440102,0.7549788774894387,0.8153153153153153,0.6881720430107527,0.21656050955414013,1.0,1.0,1.0,0.0,1.0,0.0,0.4664306640625,0.04833984375,-0.28271484375,-0.01275634765625,-0.006195068359375,0.00628662109375,C,4,2026-08-24_23-25-27,2026-08-24
0.8610206297502715,0.7525648762824382,0.795045045045045,0.6129032258064516,0.1910828025477707,1.0,1.0,1.0,0.0,1.0,0.0,0.4693603515625,0.0533447265625,-0.2799072265625,-0.00634765625,-0.0074462890625,0.005615234375,C,4,2026-08-24_23-25-27,2026-08-24
0.8610206297502715,0.7573928786964393,0.7635135135135135,0.6720430107526881,0.07643312101910828,1.0,1.0,1.0,0.0,1.0,0.0,0.466064453125,0.04833984375,-0.288330078125,-0.00341796875,-0.00762939453125,0.003143310546875,C,4,2026-08-24_23-25-27,2026-08-24
0.8631921824104235,0.756185878092939,0.7657657657657657,0.6505376344086021,0.12738853503184713,1.0,1.0,1.0,0.0,1.0,0.0,0.4658203125,0.04931640625,-0.2894287109375,-0.008331298828125,-0.0057373046875,0.00341796875,C,4,2026-08-24_23-25-27,2026-08-24
0.8595729279768368,0.7525648762824382,0.7815315315315315,0.6612903225806451,0.24203821656050956,1.0,1.0,1.0,0.0,1.0,0.0,0.4605712890625,0.0477294921875,-0.289306640625,-0.014678955078125,-0.004913330078125,0.00518798828125,C,4,2026-08-24_23-25-27,2026-08-24
0.8559536735432501,0.7489438744719372,0.7612612612612613,0.6612903225806451,0.21656050955414013,1.0,1.0,1.0,0.0,1.0,0.0,0.4644775390625,0.045166015625,-0.2886962890625,-0.02056884765625,-0.0059814453125,0.00738525390625,C,4,2026-08-24_23-25-27,2026-08-24
0.8602967788635542,0.756185878092939,0.786036036036036,0.6290322580645161,0.16560509554140126,1.0,1.0,1.0,0.0,1.0,0.0,0.464599609375,0.051025390625,-0.28662109375,-0.018585205078125,-0.005340576171875,0.0067138671875,C,4,2026-08-24_23-25-27,2026-08-24
0.8566775244299675,0.7501508750754375,0.7612612612612613,0.6290322580645161,0.12738853503184713,1.0,1.0,1.0,0.0,1.0,0.0,0.4625244140625,0.04833984375,-0.284423828125,-0.013946533203125,-0.003997802734375,0.004486083984375,C,4,2026-08-24_23-25-27,2026-08-24
0.8631921824104235,0.7634278817139408,0.7635135135135135,0.6720430107526881,0.17834394904458598,1.0,1.0,1.0,0.0,1.0,0.0,0.4625244140625,0.0496826171875,-0.288818359375,-0.011566162109375,-0.0072021484375,0.00146484375,C,4,2026-08-24_23-25-27,2026-08-24
0.8646398841838582,0.7513578756789379,0.7882882882882883,0.6451612903225806,0.17834394904458598,1.0,1.0,1.0,0.0,1.0,0.0,0.4656982421875,0.04833984375,-0.2906494140625,-0.012542724609375,-0.008392333984375,0.00244140625,C,4,2026-08-24_23-25-27,2026-08-24
0.8610206297502715,0.7489438744719372,0.7747747747747747,0.6612903225806451,0.17834394904458598,1.0,1.0,1.0,0.0,1.0,0.0,0.4637451171875,0.0498046875,-0.2923583984375,-0.0166015625,-0.009368896484375,0.0042724609375,C,4,2026-08-24_23-25-27,2026-08-24
0.8675352877307275,0.7501508750754375,0.7905405405405406,0.6827956989247311,0.050955414012738856,1.0,1.0,1.0,0.0,1.0,0.0,0.4615478515625,0.048828125,-0.290283203125,-0.020751953125,-0.00897216796875,0.005157470703125,C,4,2026-08-24_23-25-27,2026-08-24
0.8631921824104235,0.7501508750754375,0.7725225225225225,0.6612903225806451,0.22929936305732485,1.0,1.0,1.0,0.0,1.0,0.0,0.461669921875,0.0518798828125,-0.284423828125,-0.020416259765625,-0.006378173828125,0.00567626953125,C,4,2026-08-24_23-25-27,2026-08-24
0.8602967788635542,0.7513578756789379,0.7657657657657657,0.6666666666666666,0.16560509554140126,1.0,1.0,1.0,0.0,1.0,0.0,0.463134765625,0.0577392578125,-0.2884521484375,-0.015411376953125,-0.003173828125,0.005523681640625,C,4,2026-08-24_23-25-27,2026-08-24
0.8631921824104235,0.7501508750754375,0.7680180180180181,0.6612903225806451,0.21656050955414013,1.0,1.0,1.0,0.0,1.0,0.0,0.4677734375,0.0496826171875,-0.2862548828125,-0.0125732421875,-0.00225830078125,0.00396728515625,C,4,2026-08-24_23-25-27,2026-08-24
0.8653637350705755,0.7537718768859385,0.7702702702702703,0.6129032258064516,0.16560509554140126,1.0,1.0,1.0,0.0,1.0,0.0,0.4647216796875,0.0494384765625,-0.2879638671875,-0.014617919921875,-0.0050048828125,0.003875732421875,C,4,2026-08-24_23-25-27,2026-08-24
0.8574013753166848,0.7489438744719372,0.7657657657657657,0.6612903225806451,0.1910828025477707,1.0,1.0,1.0,0.0,1.0,0.0,0.465087890625,0.0506591796875,-0.2822265625,-0.014739990234375,-0.010162353515625,0.00457763671875,C,4,2026-08-24_23-25-27,2026-08-24
0.8559536735432501,0.7489438744719372,0.7657657657657657,0.6612903225806451,0.21656050955414013,1.0,1.0,1.0,0.0,1.0,0.0,0.46484375,0.051025390625,-0.2874755859375,-0.013458251953125,-0.007568359375,0.005950927734375,C,4,2026-08-24_23-25-27,2026-08-24
0.8624683315237062,0.7525648762824382,0.7972972972972973,0.6451612903225806,0.08917197452229299,1.0,1.0,1.0,0.0,1.0,0.0,0.463623046875,0.043212890625,-0.2864990234375,-0.017852783203125,-0.003204345703125,0.0052490234375,C,4,2026-08-24_23-25-27,2026-08-24
0.8646398841838582,0.7368738684369343,0.7702702702702703,0.6612903225806451,0.17834394904458598,1.0,1.0,1.0,0.0,1.0,0.0,0.46484375,0.0496826171875,-0.2825927734375,-0.017578125,-0.007293701171875,0.003814697265625,C,4,2026-08-24_23-25-27,2026-08-24
0.8610206297502715,0.7501508750754375,0.7657657657657657,0.6612903225806451,0.21656050955414013,1.0,1.0,1.0,0.0,1.0,0.0,0.4656982421875,0.0546875,-0.2913818359375,-0.0115966796875,-0.01263427734375,0.00439453125,C,4,2026-08-24_23-25-27,2026-08-24
0.8610206297502715,0.7525648762824382,0.7837837837837838,0.6666666666666666,0.21656050955414013,1.0,1.0,1.0,0.0,1.0,0.0,0.4669189453125,0.0467529296875,-0.287109375,-0.012786865234375,-0.009246826171875,0.0045166015625,C,4,2026-08-24_23-25-27,2026-08-24
0.8566775244299675,0.7489438744719372,0.7657657657657657,0.7150537634408602,0.1910828025477707,1.0,1.0,1.0,0.0,1.0,0.0,0.46875,0.0499267578125,-0.283203125,-0.01861572265625,-0.00750732421875,0.002685546875,C,4,2026-08-24_23-25-27,2026-08-24
0.8595729279768368,0.7489438744719372,0.7725225225225225,0.6881720430107527,0.08917197452229299,1.0,1.0,1.0,0.0,1.0,0.0,0.4630126953125,0.046875,-0.28369140625,-0.019012451171875,-0.010650634765625,0.003570556640625,C,4,2026-08-24_23-25-27,2026-08-24
0.9949330437929786,0.820156910078455,0.6846846846846847,0.0,0.6114649681528662,1.0,0.0,0.0,0.0,1.0,1.0,-3.0517578125e-05,-3.0517578125e-05,-3.0517578125e-05,-3.0517578125e-05,-3.0517578125e-05,-3.0517578125e-05,D,0,2026-08-24_23-25-27,2026-08-24
0.9963807455664133,0.8225709112854557,0.6824324324324325,0.0,0.6242038216560509,1.0,0.0,0.0,0.0,1.0,1.0,-3.0517578125e-05,-3.0517578125e-05,-3.0517578125e-05,-3.0517578125e-05,-3.0517578125e-05,-3.0517578125e-05,D,0,2026-08-24_23-25-27,2026-08-24
0.9963807455664133,0.8189499094749547,0.6891891891891891,0.0,0.6878980891719745,1.0,0.0,0.0,0.0,1.0,1.0,-3.0517578125e-05,-3.0517578125e-05,-3.0517578125e-05,-3.0517578125e-05,-3.0517578125e-05,-3.0517578125e-05,D,0,2026-08-24_23-25-27,2026-08-24
0.9971045964531307,0.8249849124924562,0.6891891891891891,0.0,0.5477707006369427,1.0,0.0,0.0,0.0,1.0,1.0,-3.0517578125e-05,-3.0517578125e-05,-3.0517578125e-05,-3.0517578125e-05,-3.0517578125e-05,-3.0517578125e-05,D,0,2026-08-24_23-25-27,2026-08-24
0.9869706840390879,0.8213639106819554,0.6756756756756757,0.0,0.7388535031847133,1.0,0.0,0.0,0.0,1.0,1.0,-3.0517578125e-05,-3.0517578125e-05,-3.0517578125e-05,-3.0517578125e-05,-3.0517578125e-05,-3.0517578125e-05,D,0,2026-08-24_23-25-27,2026-08-24
0.9992761491132827,0.8225709112854557,0.6666666666666666,0.0,0.6114649681528662,1.0,0.0,0.0,0.0,1.0,1.0,-3.0517578125e-05,-3.0517578125e-05,-3.0517578125e-05,-3.0517578125e-05,-3.0517578125e-05,-3.0517578125e-05,D,0,2026-08-24_23-25-27,2026-08-24
0.9985522982265653,0.8249849124924562,0.6734234234234234,0.0,0.6496815286624203,1.0,0.0,0.0,0.0,1.0,1.0,-3.0517578125e-05,-3.0517578125e-05,-3.0517578125e-05,-3.0517578125e-05,-3.0517578125e-05,-3.0517578125e-05,D,0,2026-08-24_23-25-27,2026-08-24
0.9963807455664133,0.823777911888956,0.6644144144144144,0.0,0.6114649681528662,1.0,0.0,0.0,0.0,1.0,1.0,-3.0517578125e-05,-3.0517578125e-05,-3.0517578125e-05,-3.0517578125e-05,-3.0517578125e-05,-3.0517578125e-05,D,0,2026-08-24_23-25-27,2026-08-24
0.9985522982265653,0.8189499094749547,0.6891891891891891,0.0,0.6751592356687898,1.0,0.0,0.0,0.0,1.0,1.0,-3.0517578125e-05,-3.0517578125e-05,-3.0517578125e-05,-3.0517578125e-05,-3.0517578125e-05,-3.0517578125e-05,D,0,2026-08-24_23-25-27,2026-08-24
1.0,0.8189499094749547,0.6891891891891891,0.0,0.6114649681528662,1.0,0.0,0.0,0.0,1.0,1.0,-3.0517578125e-05,-3.0517578125e-05,-3.0517578125e-05,-3.0517578125e-05,-3.0517578125e-05,-3.0517578125e-05,D,0,2026-08-24_23-25-27,2026-08-24
0.991313789359392,0.8177429088714544,0.6644144144144144,0.0,0.6496815286624203,1.0,0.0,0.0,0.0,1.0,1.0,-3.0517578125e-05,-3.0517578125e-05,-3.0517578125e-05,-3.0517578125e-05,-3.0517578125e-05,-3.0517578125e-05,D,0,2026-08-24_23-25-27,2026-08-24
0.9971045964531307,0.8092939046469523,0.6576576576576577,0.0,0.5605095541401274,1.0,0.0,0.0,0.0,1.0,1.0,-3.0517578125e-05,-3.0517578125e-05,-3.0517578125e-05,-3.0517578125e-05,-3.0517578125e-05,-3.0517578125e-05,D,0,2026-08-24_23-25-27,2026-08-24
0.9949330437929786,0.8068799034399518,0.6576576576576577,0.0,0.5222929936305732,1.0,0.0,0.0,0.0,1.0,1.0,-3.0517578125e-05,-3.0517578125e-05,-3.0517578125e-05,-3.0517578125e-05,-3.0517578125e-05,-3.0517578125e-05,D,0,2026-08-24_23-25-27,2026-08-24
0.9985522982265653,0.8189499094749547,0.6891891891891891,0.0,0.6369426751592356,1.0,0.0,0.0,0.0,1.0,1.0,-3.0517578125e-05,-3.0517578125e-05,-3.0517578125e-05,-3.0517578125e-05,-3.0517578125e-05,-3.0517578125e-05,D,0,2026-08-24_23-25-27,2026-08-24
0.9884183858125226,0.820156910078455,0.6801801801801802,0.0,0.6369426751592356,1.0,0.0,0.0,0.0,1.0,1.0,-3.0517578125e-05,-3.0517578125e-05,-3.0517578125e-05,-3.0517578125e-05,-3.0517578125e-05,-3.0517578125e-05,D,0,2026-08-24_23-25-27,2026-08-24
0.9949330437929786,0.8261919130959565,0.6711711711711712,0.0,0.6242038216560509,1.0,0.0,0.0,0.0,1.0,1.0,-3.0517578125e-05,-3.0517578125e-05,-3.0517578125e-05,-3.0517578125e-05,-3.0517578125e-05,-3.0517578125e-05,D,0,2026-08-24_23-25-27,2026-08-24
0.9971045964531307,0.8129149064574532,0.6869369369369369,0.0,0.5605095541401274,1.0,0.0,0.0,0.0,1.0,1.0,-3.0517578125e-05,-3.0517578125e-05,-3.0517578125e-05,-3.0517578125e-05,-3.0517578125e-05,-3.0517578125e-05,D,0,2026-08-24_23-25-27,2026-08-24
0.9949330437929786,0.8080869040434521,0.6599099099099099,0.0,0.535031847133758,1.0,0.0,0.0,0.0,1.0,1.0,-3.0517578125e-05,-3.0517578125e-05,-3.0517578125e-05,-3.0517578125e-05,-3.0517578125e-05,-3.0517578125e-05,D,0,2026-08-24_23-25-27,2026-08-24
0.9942091929062613,0.8141219070609536,0.6756756756756757,0.0,0.6496815286624203,1.0,0.0,0.0,0.0,1.0,1.0,-3.0517578125e-05,-3.0517578125e-05,-3.0517578125e-05,-3.0517578125e-05,-3.0517578125e-05,-3.0517578125e-05,D,0,2026-08-24_23-25-27,2026-08-24
0.9992761491132827,0.8129149064574532,0.6824324324324325,0.0,0.5987261146496815,1.0,0.0,0.0,0.0,1.0,1.0,-3.0517578125e-05,-3.0517578125e-05,-3.0517578125e-05,-3.0517578125e-05,-3.0517578125e-05,-3.0517578125e-05,D,0,2026-08-24_23-25-27,2026-08-24
0.9942091929062613,0.8189499094749547,0.6599099099099099,0.0,0.5732484076433121,1.0,0.0,0.0,0.0,1.0,1.0,-3.0517578125e-05,-3.0517578125e-05,-3.0517578125e-05,-3.0517578125e-05,-3.0517578125e-05,-3.0517578125e-05,D,0,2026-08-24_23-25-27,2026-08-24
0.9992761491132827,0.8261919130959565,0.6779279279279279,0.0,0.6114649681528662,1.0,0.0,0.0,0.0,1.0,1.0,-3.0517578125e-05,-3.0517578125e-05,-3.0517578125e-05,-3.0517578125e-05,-3.0517578125e-05,-3.0517578125e-05,D,0,2026-08-24_23-25-27,2026-08-24
0.997828447339848,0.8165359082679541,0.6756756756756757,0.0,0.6878980891719745,1.0,0.0,0.0,0.0,1.0,1.0,-3.0517578125e-05,-3.0517578125e-05,-3.0517578125e-05,-3.0517578125e-05,-3.0517578125e-05,-3.0517578125e-05,D,0,2026-08-24_23-25-27,2026-08-24
0.9942091929062613,0.8129149064574532,0.6891891891891891,0.0,0.6624203821656051,1.0,0.0,0.0,0.0,1.0,1.0,-3.0517578125e-05,-3.0517578125e-05,-3.0517578125e-05,-3.0517578125e-05,-3.0517578125e-05,-3.0517578125e-05,D,0,2026-08-24_23-25-27,2026-08-24
0.995656894679696,0.820156910078455,0.6846846846846847,0.0,0.5859872611464968,1.0,0.0,0.0,0.0,1.0,1.0,-3.0517578125e-05,-3.0517578125e-05,-3.0517578125e-05,-3.0517578125e-05,-3.0517578125e-05,-3.0517578125e-05,D,0,2026-08-24_23-25-27,2026-08-24
0.997828447339848,0.8225709112854557,0.6779279279279279,0.0,0.5987261146496815,1.0,0.0,0.0,0.0,1.0,1.0,-3.0517578125e-05,-3.0517578125e-05,-3.0517578125e-05,-3.0517578125e-05,-3.0517578125e-05,-3.0517578125e-05,D,0,2026-08-24_23-25-27,2026-08-24
0.9985522982265653,0.8213639106819554,0.6644144144144144,0.0,0.6496815286624203,1.0,0.0,0.0,0.0,1.0,1.0,-3.0517578125e-05,-3.0517578125e-05,-3.0517578125e-05,-3.0517578125e-05,-3.0517578125e-05,-3.0517578125e-05,D,0,2026-08-24_23-25-27,2026-08-24
0.9985522982265653,0.820156910078455,0.6824324324324325,0.0,0.5859872611464968,1.0,0.0,0.0,0.0,1.0,1.0,-3.0517578125e-05,-3.0517578125e-05,-3.0517578125e-05,-3.0517578125e-05,-3.0517578125e-05,-3.0517578125e-05,D,0,2026-08-24_23-25-27,2026-08-24
0.9949330437929786,0.820156910078455,0.6801801801801802,0.0,0.6114649681528662,1.0,0.0,0.0,0.0,1.0,1.0,-3.0517578125e-05,-3.0517578125e-05,-3.0517578125e-05,-3.0517578125e-05,-3.0517578125e-05,-3.0517578125e-05,D,0,2026-08-24_23-25-27,2026-08-24
0.9942091929062613,0.8261919130959565,0.6869369369369369,0.0,0.6114649681528662,1.0,0.0,0.0,0.0,1.0,1.0,-3.0517578125e-05,-3.0517578125e-05,-3.0517578125e-05,-3.0517578125e-05,-3.0517578125e-05,-3.0517578125e-05,D,0,2026-08-24_23-25-27,2026-08-24
0.9927614911328266,0.8165359082679541,0.6801801801801802,0.0,0.6242038216560509,1.0,0.0,0.0,0.0,1.0,1.0,-3.0517578125e-05,-3.0517578125e-05,-3.0517578125e-05,-3.0517578125e-05,-3.0517578125e-05,-3.0517578125e-05,D,0,2026-08-24_23-25-27,2026-08-24
0.9971045964531307,0.8165359082679541,0.6554054054054054,0.0,0.5987261146496815,1.0,0.0,0.0,0.0,1.0,1.0,-3.0517578125e-05,-3.0517578125e-05,-3.0517578125e-05,-3.0517578125e-05,-3.0517578125e-05,-3.0517578125e-05,D,0,2026-08-24_23-25-27,2026-08-24
0.9971045964531307,0.820156910078455,0.6869369369369369,0.0,0.535031847133758,1.0,0.0,0.0,0.0,1.0,1.0,-3.0517578125e-05,-3.0517578125e-05,-3.0517578125e-05,-3.0517578125e-05,-3.0517578125e-05,-3.0517578125e-05,D,0,2026-08-24_23-25-27,2026-08-24
0.9942091929062613,0.820156910078455,0.6599099099099099,0.0,0.5987261146496815,1.0,0.0,0.0,0.0,1.0,1.0,-3.0517578125e-05,-3.0517578125e-05,-3.0517578125e-05,-3.0517578125e-05,-3.0517578125e-05,-3.0517578125e-05,D,0,2026-08-24_23-25-27,2026-08-24
1.0,0.8153289076644539,0.6644144144144144,0.0,0.5987261146496815,1.0,0.0,0.0,0.0,1.0,1.0,-3.0517578125e-05,-3.0517578125e-05,-3.0517578125e-05,-3.0517578125e-05,-3.0517578125e-05,-3.0517578125e-05,D,0,2026-08-24_23-25-27,2026-08-24
0.9985522982265653,0.8177429088714544,0.6914414414414415,0.0,0.6369426751592356,1.0,0.0,0.0,0.0,1.0,1.0,-3.0517578125e-05,-3.0517578125e-05,-3.0517578125e-05,-3.0517578125e-05,-3.0517578125e-05,-3.0517578125e-05,D,0,2026-08-24_23-25-27,2026-08-24
0.9963807455664133,0.8044659022329511,0.6756756756756757,0.0,0.4840764331210191,1.0,0.0,0.0,0.0,1.0,1.0,-3.0517578125e-05,-3.0517578125e-05,-3.0517578125e-05,-3.0517578125e-05,-3.0517578125e-05,-3.0517578125e-05,D,0,2026-08-24_23-25-27,2026-08-24
0.9985522982265653,0.8008449004224502,0.6509009009009009,0.0,0.6242038216560509,1.0,0.0,0.0,0.0,1.0,1.0,-3.0517578125e-05,-3.0517578125e-05,-3.0517578125e-05,-3.0517578125e-05,-3.0517578125e-05,-3.0517578125e-05,D,0,2026-08-24_23-25-27,2026-08-24
0.9992761491132827,0.7984308992154496,0.6756756756756757,0.0,0.5605095541401274,1.0,0.0,0.0,0.0,1.0,1.0,-3.0517578125e-05,-3.0517578125e-05,-3.0517578125e-05,-3.0517578125e-05,-3.0517578125e-05,-3.0517578125e-05,D,0,2026-08-24_23-25-27,2026-08-24
0.995656894679696,0.8117079058539529,0.6846846846846847,0.0,0.6496815286624203,1.0,0.0,0.0,0.0,1.0,1.0,-3.0517578125e-05,-3.0517578125e-05,-3.0517578125e-05,-3.0517578125e-05,-3.0517578125e-05,-3.0517578125e-05,D,0,2026-08-24_23-25-27,2026-08-24
0.9927614911328266,0.8032589016294508,0.7837837837837838,0.0,0.6496815286624203,1.0,0.0,0.0,0.0,1.0,1.0,-3.0517578125e-05,-3.0517578125e-05,-3.0517578125e-05,-3.0517578125e-05,-3.0517578125e-05,-3.0517578125e-05,D,1,2026-08-24_23-25-27,2026-08-24
0.9942091929062613,0.8092939046469523,0.7612612612612613,0.0,0.445859872611465,1.0,0.0,0.0,0.0,1.0,1.0,-3.0517578125e-05,-3.0517578125e-05,-3.0517578125e-05,-3.0517578125e-05,-3.0517578125e-05,-3.0517578125e-05,D,1,2026-08-24_23-25-27,2026-08-24
0.9963807455664133,0.8032589016294508,0.7725225225225225,0.0,0.6114649681528662,1.0,0.0,0.0,0.0,1.0,1.0,-3.0517578125e-05,-3.0517578125e-05,-3.0517578125e-05,-3.0517578125e-05,-3.0517578125e-05,-3.0517578125e-05,D,1,2026-08-24_23-25-27,2026-08-24
0.9927614911328266,0.7936028968014484,0.7725225225225225,0.0,0.6242038216560509,1.0,0.0,0.0,0.0,1.0,1.0,-3.0517578125e-05,-3.0517578125e-05,-3.0517578125e-05,-3.0517578125e-05,-3.0517578125e-05,-3.0517578125e-05,D,1,2026-08-24_23-25-27,2026-08-24
0.9927614911328266,0.8032589016294508,0.786036036036036,0.0,0.6114649681528662,1.0,0.0,0.0,0.0,1.0,1.0,-3.0517578125e-05,-3.0517578125e-05,-3.0517578125e-05,-3.0517578125e-05,-3.0517578125e-05,-3.0517578125e-05,D,1,2026-08-24_23-25-27,2026-08-24
0.9971045964531307,0.7923958961979481,0.7635135135135135,0.0,0.7006369426751592,1.0,0.0,0.0,0.0,1.0,1.0,-3.0517578125e-05,-3.0517578125e-05,-3.0517578125e-05,-3.0517578125e-05,-3.0517578125e-05,-3.0517578125e-05,D,1,2026-08-24_23-25-27,2026-08-24
0.991313789359392,0.8056729028364514,0.777027027027027,0.0,0.7006369426751592,1.0,0.0,0.0,0.0,1.0,1.0,-3.0517578125e-05,-3.0517578125e-05,-3.0517578125e-05,-3.0517578125e-05,-3.0517578125e-05,-3.0517578125e-05,D,1,2026-08-24_23-25-27,2026-08-24
0.991313789359392,0.7948098974049487,0.7837837837837838,0.0,0.6242038216560509,1.0,0.0,0.0,0.0,1.0,1.0,-3.0517578125e-05,-3.0517578125e-05,-3.0517578125e-05,-3.0517578125e-05,-3.0517578125e-05,-3.0517578125e-05,D,1,2026-08-24_23-25-27,2026-08-24
1.0,0.8056729028364514,0.7815315315315315,0.0,0.5477707006369427,1.0,0.0,0.0,0.0,1.0,1.0,-3.0517578125e-05,-3.0517578125e-05,-3.0517578125e-05,-3.0517578125e-05,-3.0517578125e-05,-3.0517578125e-05,D,1,2026-08-24_23-25-27,2026-08-24
0.995656894679696,0.8068799034399518,0.7905405405405406,0.0,0.6496815286624203,1.0,0.0,0.0,0.0,1.0,1.0,-3.0517578125e-05,-3.0517578125e-05,-3.0517578125e-05,-3.0517578125e-05,-3.0517578125e-05,-3.0517578125e-05,D,1,2026-08-24_23-25-27,2026-08-24
0.993485342019544,0.7923958961979481,0.7612612612612613,0.0,0.6751592356687898,1.0,0.0,0.0,0.0,1.0,1.0,-3.0517578125e-05,-3.0517578125e-05,-3.0517578125e-05,-3.0517578125e-05,-3.0517578125e-05,-3.0517578125e-05,D,1,2026-08-24_23-25-27,2026-08-24
0.9927614911328266,0.7984308992154496,0.7657657657657657,0.0,0.6114649681528662,1.0,0.0,0.0,0.0,1.0,1.0,-3.0517578125e-05,-3.0517578125e-05,-3.0517578125e-05,-3.0517578125e-05,-3.0517578125e-05,-3.0517578125e-05,D,1,2026-08-24_23-25-27,2026-08-24
0.9949330437929786,0.7984308992154496,0.7725225225225225,0.0,0.5605095541401274,1.0,0.0,0.0,0.0,1.0,1.0,-3.0517578125e-05,-3.0517578125e-05,-3.0517578125e-05,-3.0517578125e-05,-3.0517578125e-05,-3.0517578125e-05,D,1,2026-08-24_23-25-27,2026-08-24
0.9833514296055013,0.8008449004224502,0.7702702702702703,0.0,0.5732484076433121,1.0,0.0,0.0,0.0,1.0,1.0,-3.0517578125e-05,-3.0517578125e-05,-3.0517578125e-05,-3.0517578125e-05,-3.0517578125e-05,-3.0517578125e-05,D,1,2026-08-24_23-25-27,2026-08-24
0.9963807455664133,0.79963789981895,0.7657657657657657,0.0,0.6369426751592356,1.0,0.0,0.0,0.0,1.0,1.0,-3.0517578125e-05,-3.0517578125e-05,-3.0517578125e-05,-3.0517578125e-05,-3.0517578125e-05,-3.0517578125e-05,D,1,2026-08-24_23-25-27,2026-08-24
0.9862468331523706,0.7936028968014484,0.7635135135135135,0.0,0.5987261146496815,1.0,0.0,0.0,0.0,1.0,1.0,-3.0517578125e-05,-3.0517578125e-05,-3.0517578125e-05,-3.0517578125e-05,-3.0517578125e-05,-3.0517578125e-05,D,1,2026-08-24_23-25-27,2026-08-24
0.9927614911328266,0.796016898008449,0.7747747747747747,0.0,0.6369426751592356,1.0,0.0,0.0,0.0,1.0,1.0,-3.0517578125e-05,-3.0517578125e-05,-3.0517578125e-05,-3.0517578125e-05,-3.0517578125e-05,-3.0517578125e-05,D,1,2026-08-24_23-25-27,2026-08-24
0.9876945349258053,0.8032589016294508,0.7657657657657657,0.0,0.6751592356687898,1.0,0.0,0.0,0.0,1.0,1.0,-3.0517578125e-05,-3.0517578125e-05,-3.0517578125e-05,-3.0517578125e-05,-3.0517578125e-05,-3.0517578125e-05,D,1,2026-08-24_23-25-27,2026-08-24
0.9898660875859573,0.79963789981895,0.7635135135135135,0.0,0.5605095541401274,1.0,0.0,0.0,0.0,1.0,1.0,-3.0517578125e-05,-3.0517578125e-05,-3.0517578125e-05,-3.0517578125e-05,-3.0517578125e-05,-3.0517578125e-05,D,1,2026-08-24_23-25-27,2026-08-24
0.9905899384726746,0.8068799034399518,0.7612612612612613,0.0,0.5987261146496815,1.0,0.0,0.0,0.0,1.0,1.0,-3.0517578125e-05,-3.0517578125e-05,-3.0517578125e-05,-3.0517578125e-05,-3.0517578125e-05,-3.0517578125e-05,D,1,2026-08-24_23-25-27,2026-08-24
0.9905899384726746,0.8032589016294508,0.7725225225225225,0.0,0.6114649681528662,1.0,0.0,0.0,0.0,1.0,1.0,-3.0517578125e-05,-3.0517578125e-05,-3.0517578125e-05,-3.0517578125e-05,-3.0517578125e-05,-3.0517578125e-05,D,1,2026-08-24_23-25-27,2026-08-24
0.9905899384726746,0.8032589016294508,0.7657657657657657,0.0,0.6624203821656051,1.0,0.0,0.0,0.0,1.0,1.0,-3.0517578125e-05,-3.0517578125e-05,-3.0517578125e-05,-3.0517578125e-05,-3.0517578125e-05,-3.0517578125e-05,D,1,2026-08-24_23-25-27,2026-08-24
0.993485342019544,0.7936028968014484,0.7567567567567568,0.0,0.6369426751592356,1.0,0.0,0.0,0.0,1.0,1.0,-3.0517578125e-05,-3.0517578125e-05,-3.0517578125e-05,-3.0517578125e-05,-3.0517578125e-05,-3.0517578125e-05,D,1,2026-08-24_23-25-27,2026-08-24
0.9855229822656533,0.8080869040434521,0.786036036036036,0.0,0.6114649681528662,1.0,0.0,0.0,0.0,1.0,1.0,-3.0517578125e-05,-3.0517578125e-05,-3.0517578125e-05,-3.0517578125e-05,-3.0517578125e-05,-3.0517578125e-05,D,1,2026-08-24_23-25-27,2026-08-24
0.9862468331523706,0.8008449004224502,0.7702702702702703,0.0,0.6114649681528662,1.0,0.0,0.0,0.0,1.0,1.0,-3.0517578125e-05,-3.0517578125e-05,-3.0517578125e-05,-3.0517578125e-05,-3.0517578125e-05,-3.0517578125e-05,D,1,2026-08-24_23-25-27,2026-08-24
0.9905899384726746,0.7972238986119493,0.7725225225225225,0.0,0.6242038216560509,1.0,0.0,0.0,0.0,1.0,1.0,-3.0517578125e-05,-3.0517578125e-05,-3.0517578125e-05,-3.0517578125e-05,-3.0517578125e-05,-3.0517578125e-05,D,1,2026-08-24_23-25-27,2026-08-24
0.9855229822656533,0.7911888955944478,0.7477477477477478,0.0,0.6496815286624203,1.0,0.0,0.0,0.0,1.0,1.0,-3.0517578125e-05,-3.0517578125e-05,-3.0517578125e-05,-3.0517578125e-05,-3.0517578125e-05,-3.0517578125e-05,D,1,2026-08-24_23-25-27,2026-08-24
0.9833514296055013,0.7911888955944478,0.786036036036036,0.0,0.445859872611465,1.0,0.0,0.0,0.0,1.0,1.0,-3.0517578125e-05,-3.0517578125e-05,-3.0517578125e-05,-3.0517578125e-05,-3.0517578125e-05,-3.0517578125e-05,D,1,2026-08-24_23-25-27,2026-08-24
0.9819037278320666,0.796016898008449,0.7612612612612613,0.0,0.6369426751592356,1.0,0.0,0.0,0.0,1.0,1.0,-3.0517578125e-05,-3.0517578125e-05,-3.0517578125e-05,-3.0517578125e-05,-3.0517578125e-05,-3.0517578125e-05,D,1,2026-08-24_23-25-27,2026-08-24
0.9833514296055013,0.8008449004224502,0.7702702702702703,0.0,0.6369426751592356,1.0,0.0,0.0,0.0,1.0,1.0,-3.0517578125e-05,-3.0517578125e-05,-3.0517578125e-05,-3.0517578125e-05,-3.0517578125e-05,-3.0517578125e-05,D,1,2026-08-24_23-25-27,2026-08-24
0.9855229822656533,0.8068799034399518,0.7635135135135135,0.0,0.6369426751592356,1.0,0.0,0.0,0.0,1.0,1.0,-3.0517578125e-05,-3.0517578125e-05,-3.0517578125e-05,-3.0517578125e-05,-3.0517578125e-05,-3.0517578125e-05,D,1,2026-08-24_23-25-27,2026-08-24
0.9898660875859573,0.796016898008449,0.7680180180180181,0.0,0.6751592356687898,1.0,0.0,0.0,0.0,1.0,1.0,-3.0517578125e-05,-3.0517578125e-05,-3.0517578125e-05,-3.0517578125e-05,-3.0517578125e-05,-3.0517578125e-05,D,1,2026-08-24_23-25-27,2026-08-24
0.9869706840390879,0.8044659022329511,0.777027027027027,0.0,0.5987261146496815,1.0,0.0,0.0,0.0,1.0,1.0,-3.0517578125e-05,-3.0517578125e-05,-3.0517578125e-05,-3.0517578125e-05,-3.0517578125e-05,-3.0517578125e-05,D,1,2026-08-24_23-25-27,2026-08-24
0.9847991313789359,0.7984308992154496,0.7747747747747747,0.0,0.535031847133758,1.0,0.0,0.0,0.0,1.0,1.0,-3.0517578125e-05,-3.0517578125e-05,-3.0517578125e-05,-3.0517578125e-05,-3.0517578125e-05,-3.0517578125e-05,D,1,2026-08-24_23-25-27,2026-08-24
0.9876945349258053,0.7936028968014484,0.7567567567567568,0.0,0.6242038216560509,1.0,0.0,0.0,0.0,1.0,1.0,-3.0517578125e-05,-3.0517578125e-05,-3.0517578125e-05,-3.0517578125e-05,-3.0517578125e-05,-3.0517578125e-05,D,1,2026-08-24_23-25-27,2026-08-24
0.9840752804922186,0.7936028968014484,0.7612612612612613,0.0,0.7261146496815286,1.0,0.0,0.0,0.0,1.0,1.0,-3.0517578125e-05,-3.0517578125e-05,-3.0517578125e-05,-3.0517578125e-05,-3.0517578125e-05,-3.0517578125e-05,D,1,2026-08-24_23-25-27,2026-08-24
0.9847991313789359,0.7984308992154496,0.7545045045045045,0.0,0.6496815286624203,1.0,0.0,0.0,0.0,1.0,1.0,-3.0517578125e-05,-3.0517578125e-05,-3.0517578125e-05,-3.0517578125e-05,-3.0517578125e-05,-3.0517578125e-05,D,1,2026-08-24_23-25-27,2026-08-24
0.9920376402461093,0.796016898008449,0.7545045045045045,0.0,0.6751592356687898,1.0,0.0,0.0,0.0,1.0,1.0,-3.0517578125e-05,-3.0517578125e-05,-3.0517578125e-05,-3.0517578125e-05,-3.0517578125e-05,-3.0517578125e-05,D,1,2026-08-24_23-25-27,2026-08-24
0.993485342019544,0.8056729028364514,0.7815315315315315,0.0,0.6114649681528662,1.0,0.0,0.0,0.0,1.0,1.0,-3.0517578125e-05,-3.0517578125e-05,-3.0517578125e-05,-3.0517578125e-05,-3.0517578125e-05,-3.0517578125e-05,D,1,2026-08-24_23-25-27,2026-08-24
0.9884183858125226,0.79963789981895,0.759009009009009,0.0,0.6369426751592356,1.0,0.0,0.0,0.0,1.0,1.0,-3.0517578125e-05,-3.0517578125e-05,-3.0517578125e-05,-3.0517578125e-05,-3.0517578125e-05,-3.0517578125e-05,D,1,2026-08-24_23-25-27,2026-08-24
0.9833514296055013,0.8768859384429692,0.7815315315315315,0.0,0.7388535031847133,1.0,0.0,0.0,1.0,1.0,1.0,-3.0517578125e-05,-3.0517578125e-05,-3.0517578125e-05,-3.0517578125e-05,-3.0517578125e-05,-3.0517578125e-05,D,2,2026-08-24_23-25-27,2026-08-24
0.9833514296055013,0.872057936028968,0.7815315315315315,0.0,0.7388535031847133,1.0,0.0,0.0,1.0,1.0,1.0,-3.0517578125e-05,-3.0517578125e-05,-3.0517578125e-05,-3.0517578125e-05,-3.0517578125e-05,-3.0517578125e-05,D,2,2026-08-24_23-25-27,2026-08-24
0.993485342019544,0.8756789378394689,0.786036036036036,0.0,0.7261146496815286,1.0,0.0,0.0,1.0,1.0,1.0,-3.0517578125e-05,-3.0517578125e-05,-3.0517578125e-05,-3.0517578125e-05,-3.0517578125e-05,-3.0517578125e-05,D,2,2026-08-24_23-25-27,2026-08-24
0.9826275787187839,0.8708509354254678,0.7725225225225225,0.0,0.6242038216560509,1.0,0.0,0.0,1.0,1.0,1.0,-3.0517578125e-05,-3.0517578125e-05,-3.0517578125e-05,-3.0517578125e-05,-3.0517578125e-05,-3.0517578125e-05,D,2,2026-08-24_23-25-27,2026-08-24
0.9819037278320666,0.8708509354254678,0.7905405405405406,0.0,0.7006369426751592,1.0,0.0,0.0,1.0,1.0,1.0,-3.0517578125e-05,-3.0517578125e-05,-3.0517578125e-05,-3.0517578125e-05,-3.0517578125e-05,-3.0517578125e-05,D,2,2026-08-24_23-25-27,2026-08-24
0.9840752804922186,0.8829209414604707,0.8018018018018018,0.0,0.7898089171974523,1.0,0.0,0.0,1.0,1.0,1.0,-3.0517578125e-05,-3.0517578125e-05,-3.0517578125e-05,-3.0517578125e-05,-3.0517578125e-05,-3.0517578125e-05,D,2,2026-08-24_23-25-27,2026-08-24
0.9833514296055013,0.8756789378394689,0.7815315315315315,0.0,0.6114649681528662,1.0,0.0,0.0,1.0,1.0,1.0,-3.0517578125e-05,-3.0517578125e-05,-3.0517578125e-05,-3.0517578125e-05,-3.0517578125e-05,-3.0517578125e-05,D,2,2026-08-24_23-25-27,2026-08-24
0.991313789359392,0.8696439348219674,0.7882882882882883,0.0,0.7261146496815286,1.0,0.0,0.0,1.0,1.0,1.0,-3.0517578125e-05,-3.0517578125e-05,-3.0517578125e-05,-3.0517578125e-05,-3.0517578125e-05,-3.0517578125e-05,D,2,2026-08-24_23-25-27,2026-08-24
0.9833514296055013,0.8756789378394689,0.777027027027027,0.0,0.7261146496815286,1.0,0.0,0.0,1.0,1.0,1.0,-3.0517578125e-05,-3.0517578125e-05,-3.0517578125e-05,-3.0517578125e-05,-3.0517578125e-05,-3.0517578125e-05,D,2,2026-08-24_23-25-27,2026-08-24
0.9862468331523706,0.872057936028968,0.7927927927927928,0.0,0.6751592356687898,1.0,0.0,0.0,1.0,1.0,1.0,-3.0517578125e-05,-3.0517578125e-05,-3.0517578125e-05,-3.0517578125e-05,-3.0517578125e-05,-3.0517578125e-05,D,2,2026-08-24_23-25-27,2026-08-24
0.9840752804922186,0.8756789378394689,0.7702702702702703,0.0,0.6624203821656051,1.0,0.0,0.0,1.0,1.0,1.0,-3.0517578125e-05,-3.0517578125e-05,-3.0517578125e-05,-3.0517578125e-05,-3.0517578125e-05,-3.0517578125e-05,D,2,2026-08-24_23-25-27,2026-08-24
0.9855229822656533,0.8756789378394689,0.7927927927927928,0.0,0.8789808917197452,1.0,0.0,0.0,1.0,1.0,1.0,-3.0517578125e-05,-3.0517578125e-05,-3.0517578125e-05,-3.0517578125e-05,-3.0517578125e-05,-3.0517578125e-05,D,2,2026-08-24_23-25-27,2026-08-24
0.9840752804922186,0.872057936028968,0.7635135135135135,0.0,0.7770700636942676,1.0,0.0,0.0,1.0,1.0,1.0,-3.0517578125e-05,-3.0517578125e-05,-3.0517578125e-05,-3.0517578125e-05,-3.0517578125e-05,-3.0517578125e-05,D,2,2026-08-24_23-25-27,2026-08-24
0.9826275787187839,0.8756789378394689,0.7725225225225225,0.0,0.6496815286624203,1.0,0.0,0.0,1.0,1.0,1.0,-3.0517578125e-05,-3.0517578125e-05,-3.0517578125e-05,-3.0517578125e-05,-3.0517578125e-05,-3.0517578125e-05,D,2,2026-08-24_23-25-27,2026-08-24
0.9819037278320666,0.8708509354254678,0.7995495495495496,0.0,0.6114649681528662,1.0,0.0,0.0,1.0,1.0,1.0,-3.0517578125e-05,-3.0517578125e-05,-3.0517578125e-05,-3.0517578125e-05,-3.0517578125e-05,-3.0517578125e-05,D,2,2026-08-24_23-25-27,2026-08-24
0.9819037278320666,0.8768859384429692,0.7837837837837838,0.0,0.6114649681528662,1.0,0.0,0.0,1.0,1.0,1.0,-3.0517578125e-05,-3.0517578125e-05,-3.0517578125e-05,-3.0517578125e-05,-3.0517578125e-05,-3.0517578125e-05,D,2,2026-08-24_23-25-27,2026-08-24
0.9804560260586319,0.8708509354254678,0.7815315315315315,0.0,0.6624203821656051,1.0,0.0,0.0,1.0,1.0,1.0,-3.0517578125e-05,-3.0517578125e-05,-3.0517578125e-05,-3.0517578125e-05,-3.0517578125e-05,-3.0517578125e-05,D,2,2026-08-24_23-25-27,2026-08-24
0.9884183858125226,0.872057936028968,0.777027027027027,0.0,0.6114649681528662,1.0,0.0,0.0,1.0,1.0,1.0,-3.0517578125e-05,-3.0517578125e-05,-3.0517578125e-05,-3.0517578125e-05,-3.0517578125e-05,-3.0517578125e-05,D,2,2026-08-24_23-25-27,2026-08-24
0.9905899384726746,0.8696439348219674,0.7927927927927928,0.0,0.7388535031847133,1.0,0.0,0.0,1.0,1.0,1.0,-3.0517578125e-05,-3.0517578125e-05,-3.0517578125e-05,-3.0517578125e-05,-3.0517578125e-05,-3.0517578125e-05,D,2,2026-08-24_23-25-27,2026-08-24
0.9847991313789359,0.8768859384429692,0.795045045045045,0.0,0.7261146496815286,1.0,0.0,0.0,1.0,1.0,1.0,-3.0517578125e-05,-3.0517578125e-05,-3.0517578125e-05,-3.0517578125e-05,-3.0517578125e-05,-3.0517578125e-05,D,2,2026-08-24_23-25-27,2026-08-24
0.991313789359392,0.8756789378394689,0.777027027027027,0.0,0.6624203821656051,1.0,0.0,0.0,1.0,1.0,1.0,-3.0517578125e-05,-3.0517578125e-05,-3.0517578125e-05,-3.0517578125e-05,-3.0517578125e-05,-3.0517578125e-05,D,2,2026-08-24_23-25-27,2026-08-24
0.9855229822656533,0.8708509354254678,0.786036036036036,0.0,0.7006369426751592,1.0,0.0,0.0,1.0,1.0,1.0,-3.0517578125e-05,-3.0517578125e-05,-3.0517578125e-05,-3.0517578125e-05,-3.0517578125e-05,-3.0517578125e-05,D,2,2026-08-24_23-25-27,2026-08-24
0.9876945349258053,0.8780929390464696,0.7680180180180181,0.0,0.7643312101910829,1.0,0.0,0.0,1.0,1.0,1.0,-3.0517578125e-05,-3.0517578125e-05,-3.0517578125e-05,-3.0517578125e-05,-3.0517578125e-05,-3.0517578125e-05,D,2,2026-08-24_23-25-27,2026-08-24
0.9833514296055013,0.8780929390464696,0.7905405405405406,0.0,0.7388535031847133,1.0,0.0,0.0,1.0,1.0,1.0,-3.0517578125e-05,-3.0517578125e-05,-3.0517578125e-05,-3.0517578125e-05,-3.0517578125e-05,-3.0517578125e-05,D,2,2026-08-24_23-25-27,2026-08-24
0.9826275787187839,0.8684369342184671,0.786036036036036,0.0,0.7515923566878981,1.0,0.0,0.0,1.0,1.0,1.0,-3.0517578125e-05,-3.0517578125e-05,-3.0517578125e-05,-3.0517578125e-05,-3.0517578125e-05,-3.0517578125e-05,D,2,2026-08-24_23-25-27,2026-08-24
0.9826275787187839,0.8672299336149668,0.7837837837837838,0.0,0.6878980891719745,1.0,0.0,0.0,1.0,1.0,1.0,-3.0517578125e-05,-3.0517578125e-05,-3.0517578125e-05,-3.0517578125e-05,-3.0517578125e-05,-3.0517578125e-05,D,2,2026-08-24_23-25-27,2026-08-24
0.991313789359392,0.8732649366324683,0.7680180180180181,0.0,0.7898089171974523,1.0,0.0,0.0,1.0,1.0,1.0,-3.0517578125e-05,-3.0517578125e-05,-3.0517578125e-05,-3.0517578125e-05,-3.0517578125e-05,-3.0517578125e-05,D,2,2026-08-24_23-25-27,2026-08-24
0.9855229822656533,0.8696439348219674,0.7815315315315315,0.0,0.7261146496815286,1.0,0.0,0.0,1.0,1.0,1.0,-3.0517578125e-05,-3.0517578125e-05,-3.0517578125e-05,-3.0517578125e-05,-3.0517578125e-05,-3.0517578125e-05,D,2,2026-08-24_23-25-27,2026-08-24
0.9833514296055013,0.8768859384429692,0.7815315315315315,0.0,0.7261146496815286,1.0,0.0,0.0,1.0,1.0,1.0,-3.0517578125e-05,-3.0517578125e-05,-3.0517578125e-05,-3.0517578125e-05,-3.0517578125e-05,-3.0517578125e-05,D,2,2026-08-24_23-25-27,2026-08-24
0.9869706840390879,0.8768859384429692,0.7905405405405406,0.0,0.8152866242038217,1.0,0.0,0.0,1.0,1.0,1.0,-3.0517578125e-05,-3.0517578125e-05,-3.0517578125e-05,-3.0517578125e-05,-3.0517578125e-05,-3.0517578125e-05,D,2,2026-08-24_23-25-27,2026-08-24
0.9898660875859573,0.8672299336149668,0.7680180180180181,0.0,0.7515923566878981,1.0,0.0,0.0,1.0,1.0,1.0,-3.0517578125e-05,-3.0517578125e-05,-3.0517578125e-05,-3.0517578125e-05,-3.0517578125e-05,-3.0517578125e-05,D,2,2026-08-24_23-25-27,2026-08-24
0.9804560260586319,0.8817139408569704,0.795045045045045,0.0,0.6878980891719745,1.0,0.0,0.0,1.0,1.0,1.0,-3.0517578125e-05,-3.0517578125e-05,-3.0517578125e-05,-3.0517578125e-05,-3.0517578125e-05,-3.0517578125e-05,D,2,2026-08-24_23-25-27,2026-08-24
0.993485342019544,0.8732649366324683,0.7995495495495496,0.0,0.7261146496815286,1.0,0.0,0.0,1.0,1.0,1.0,-3.0517578125e-05,-3.0517578125e-05,-3.0517578125e-05,-3.0517578125e-05,-3.0517578125e-05,-3.0517578125e-05,D,2,2026-08-24_23-25-27,2026-08-24
0.9833514296055013,0.8732649366324683,0.786036036036036,0.0,0.7770700636942676,1.0,0.0,0.0,1.0,1.0,1.0,-3.0517578125e-05,-3.0517578125e-05,-3.0517578125e-05,-3.0517578125e-05,-3.0517578125e-05,-3.0517578125e-05,D,2,2026-08-24_23-25-27,2026-08-24
0.9876945349258053,0.8805069402534701,0.795045045045045,0.0,0.7006369426751592,1.0,0.0,0.0,1.0,1.0,1.0,-3.0517578125e-05,-3.0517578125e-05,-3.0517578125e-05,-3.0517578125e-05,-3.0517578125e-05,-3.0517578125e-05,D,2,2026-08-24_23-25-27,2026-08-24
0.9840752804922186,0.872057936028968,0.7905405405405406,0.0,0.6878980891719745,1.0,0.0,0.0,1.0,1.0,1.0,-3.0517578125e-05,-3.0517578125e-05,-3.0517578125e-05,-3.0517578125e-05,-3.0517578125e-05,-3.0517578125e-05,D,2,2026-08-24_23-25-27,2026-08-24
0.9847991313789359,0.8756789378394689,0.7905405405405406,0.0,0.7006369426751592,1.0,0.0,0.0,1.0,1.0,1.0,-3.0517578125e-05,-3.0517578125e-05,-3.0517578125e-05,-3.0517578125e-05,-3.0517578125e-05,-3.0517578125e-05,D,2,2026-08-24_23-25-27,2026-08-24
0.9876945349258053,0.8684369342184671,0.7972972972972973,0.0,0.7006369426751592,1.0,0.0,0.0,1.0,1.0,1.0,-3.0517578125e-05,-3.0517578125e-05,-3.0517578125e-05,-3.0517578125e-05,-3.0517578125e-05,-3.0517578125e-05,D,2,2026-08-24_23-25-27,2026-08-24
0.9840752804922186,0.8660229330114665,0.7612612612612613,0.0,0.6114649681528662,1.0,0.0,0.0,1.0,1.0,1.0,-3.0517578125e-05,-3.0517578125e-05,-3.0517578125e-05,-3.0517578125e-05,-3.0517578125e-05,-3.0517578125e-05,D,2,2026-08-24_23-25-27,2026-08-24
0.9833514296055013,0.8684369342184671,0.7927927927927928,0.0,0.7261146496815286,1.0,0.0,0.0,1.0,1.0,1.0,-3.0517578125e-05,-3.0517578125e-05,-3.0517578125e-05,-3.0517578125e-05,-3.0517578125e-05,-3.0517578125e-05,D,2,2026-08-24_23-25-27,2026-08-24
0.9927614911328266,1.0,0.7972972972972973,0.0,0.8152866242038217,1.0,0.0,0.0,1.0,1.0,1.0,-3.0517578125e-05,-3.0517578125e-05,-3.0517578125e-05,-3.0517578125e-05,-3.0517578125e-05,-3.0517578125e-05,D,3,2026-08-24_23-25-27,2026-08-24
0.993485342019544,1.0,0.7927927927927928,0.0,0.802547770700637,1.0,0.0,0.0,1.0,1.0,1.0,-3.0517578125e-05,-3.0517578125e-05,-3.0517578125e-05,-3.0517578125e-05,-3.0517578125e-05,-3.0517578125e-05,D,3,2026-08-24_23-25-27,2026-08-24
0.9942091929062613,0.9010259505129753,0.7905405405405406,0.0,0.8280254777070064,1.0,0.0,0.0,1.0,1.0,1.0,-3.0517578125e-05,-3.0517578125e-05,-3.0517578125e-05,-3.0517578125e-05,-3.0517578125e-05,-3.0517578125e-05,D,3,2026-08-24_23-25-27,2026-08-24
0.9949330437929786,1.0,0.7747747747747747,0.0,0.8152866242038217,1.0,0.0,0.0,1.0,1.0,1.0,-3.0517578125e-05,-3.0517578125e-05,-3.0517578125e-05,-3.0517578125e-05,-3.0517578125e-05,-3.0517578125e-05,D,3,2026-08-24_23-25-27,2026-08-24
0.991313789359392,0.9143029571514786,0.786036036036036,0.0,0.8407643312101911,1.0,0.0,0.0,1.0,1.0,1.0,-3.0517578125e-05,-3.0517578125e-05,-3.0517578125e-05,-3.0517578125e-05,-3.0517578125e-05,-3.0517578125e-05,D,3,2026-08-24_23-25-27,2026-08-24
0.9963807455664133,0.9034399517199758,0.8018018018018018,0.0,0.8152866242038217,1.0,0.0,0.0,1.0,1.0,1.0,-3.0517578125e-05,-3.0517578125e-05,-3.0517578125e-05,-3.0517578125e-05,-3.0517578125e-05,-3.0517578125e-05,D,3,2026-08-24_23-25-27,2026-08-24
0.9942091929062613,0.996378998189499,0.786036036036036,0.0,0.802547770700637,1.0,0.0,0.0,1.0,1.0,1.0,-3.0517578125e-05,-3.0517578125e-05,-3.0517578125e-05,-3.0517578125e-05,-3.0517578125e-05,-3.0517578125e-05,D,3,2026-08-24_23-25-27,2026-08-24
0.9949330437929786,0.8913699456849729,0.786036036036036,0.0,0.7261146496815286,1.0,0.0,0.0,1.0,1.0,1.0,-3.0517578125e-05,-3.0517578125e-05,-3.0517578125e-05,-3.0517578125e-05,-3.0517578125e-05,-3.0517578125e-05,D,3,2026-08-24_23-25-27,2026-08-24
0.9905899384726746,0.8925769462884732,0.7815315315315315,0.0,0.7261146496815286,1.0,0.0,0.0,1.0,1.0,1.0,-3.0517578125e-05,-3.0517578125e-05,-3.0517578125e-05,-3.0517578125e-05,-3.0517578125e-05,-3.0517578125e-05,D,3,2026-08-24_23-25-27,2026-08-24
0.9963807455664133,0.9746529873264936,0.7815315315315315,0.0,0.8152866242038217,1.0,0.0,0.0,1.0,1.0,1.0,-3.0517578125e-05,-3.0517578125e-05,-3.0517578125e-05,-3.0517578125e-05,-3.0517578125e-05,-3.0517578125e-05,D,3,2026-08-24_23-25-27,2026-08-24
0.9963807455664133,0.8986119493059747,0.786036036036036,0.0,0.7515923566878981,1.0,0.0,0.0,1.0,1.0,1.0,-3.0517578125e-05,-3.0517578125e-05,-3.0517578125e-05,-3.0517578125e-05,-3.0517578125e-05,-3.0517578125e-05,D,3,2026-08-24_23-25-27,2026-08-24
0.993485342019544,1.0,0.7972972972972973,0.0,0.8280254777070064,1.0,0.0,0.0,1.0,1.0,1.0,-3.0517578125e-05,-3.0517578125e-05,-3.0517578125e-05,-3.0517578125e-05,-3.0517578125e-05,-3.0517578125e-05,D,3,2026-08-24_23-25-27,2026-08-24
0.993485342019544,0.9734459867229933,0.7882882882882883,0.0,0.802547770700637,1.0,0.0,0.0,1.0,1.0,1.0,-3.0517578125e-05,-3.0517578125e-05,-3.0517578125e-05,-3.0517578125e-05,-3.0517578125e-05,-3.0517578125e-05,D,3,2026-08-24_23-25-27,2026-08-24
0.9942091929062613,0.8913699456849729,0.786036036036036,0.0,0.8152866242038217,1.0,0.0,0.0,1.0,1.0,1.0,-3.0517578125e-05,-3.0517578125e-05,-3.0517578125e-05,-3.0517578125e-05,-3.0517578125e-05,-3.0517578125e-05,D,3,2026-08-24_23-25-27,2026-08-24
0.991313789359392,0.9686179843089922,0.7815315315315315,0.0,0.7770700636942676,1.0,0.0,0.0,1.0,1.0,1.0,-3.0517578125e-05,-3.0517578125e-05,-3.0517578125e-05,-3.0517578125e-05,-3.0517578125e-05,-3.0517578125e-05,D,3,2026-08-24_23-25-27,2026-08-24
0.9905899384726746,0.9420639710319855,0.777027027027027,0.0,0.8152866242038217,1.0,0.0,0.0,1.0,1.0,1.0,-3.0517578125e-05,-3.0517578125e-05,-3.0517578125e-05,-3.0517578125e-05,-3.0517578125e-05,-3.0517578125e-05,D,3,2026-08-24_23-25-27,2026-08-24
0.9942091929062613,0.9517199758599879,0.7972972972972973,0.0,0.8407643312101911,1.0,0.0,0.0,1.0,1.0,1.0,-3.0517578125e-05,-3.0517578125e-05,-3.0517578125e-05,-3.0517578125e-05,-3.0517578125e-05,-3.0517578125e-05,D,3,2026-08-24_23-25-27,2026-08-24
0.9942091929062613,0.8913699456849729,0.777027027027027,0.0,0.6878980891719745,1.0,0.0,0.0,1.0,1.0,1.0,-3.0517578125e-05,-3.0517578125e-05,-3.0517578125e-05,-3.0517578125e-05,-3.0517578125e-05,-3.0517578125e-05,D,3,2026-08-24_23-25-27,2026-08-24
0.993485342019544,0.8949909474954737,0.7882882882882883,0.0,0.8152866242038217,1.0,0.0,0.0,1.0,1.0,1.0,-3.0517578125e-05,-3.0517578125e-05,-3.0517578125e-05,-3.0517578125e-05,-3.0517578125e-05,-3.0517578125e-05,D,3,2026-08-24_23-25-27,2026-08-24
0.9942091929062613,0.9420639710319855,0.795045045045045,0.0,0.8535031847133758,1.0,0.0,0.0,1.0,1.0,1.0,-3.0517578125e-05,-3.0517578125e-05,-3.0517578125e-05,-3.0517578125e-05,-3.0517578125e-05,-3.0517578125e-05,D,3,2026-08-24_23-25-27,2026-08-24
0.993485342019544,0.9058539529269765,0.7815315315315315,0.0,0.8152866242038217,1.0,0.0,0.0,1.0,1.0,1.0,-3.0517578125e-05,-3.0517578125e-05,-3.0517578125e-05,-3.0517578125e-05,-3.0517578125e-05,-3.0517578125e-05,D,3,2026-08-24_23-25-27,2026-08-24
0.991313789359392,0.9456849728424864,0.7837837837837838,0.0,0.8152866242038217,1.0,0.0,0.0,1.0,1.0,1.0,-3.0517578125e-05,-3.0517578125e-05,-3.0517578125e-05,-3.0517578125e-05,-3.0517578125e-05,-3.0517578125e-05,D,3,2026-08-24_23-25-27,2026-08-24
0.991313789359392,0.9480989740494871,0.7612612612612613,0.0,0.8280254777070064,1.0,0.0,0.0,1.0,1.0,1.0,-3.0517578125e-05,-3.0517578125e-05,-3.0517578125e-05,-3.0517578125e-05,-3.0517578125e-05,-3.0517578125e-05,D,3,2026-08-24_23-25-27,2026-08-24
0.9942091929062613,0.9565479782739892,0.8018018018018018,0.0,0.8152866242038217,1.0,0.0,0.0,1.0,1.0,1.0,-3.0517578125e-05,-3.0517578125e-05,-3.0517578125e-05,-3.0517578125e-05,-3.0517578125e-05,-3.0517578125e-05,D,3,2026-08-24_23-25-27,2026-08-24
0.9949330437929786,0.9493059746529873,0.7905405405405406,0.0,0.802547770700637,1.0,0.0,0.0,1.0,1.0,1.0,-3.0517578125e-05,-3.0517578125e-05,-3.0517578125e-05,-3.0517578125e-05,-3.0517578125e-05,-3.0517578125e-05,D,3,2026-08-24_23-25-27,2026-08-24
0.9949330437929786,0.936028968014484,0.7635135135135135,0.0,0.8407643312101911,1.0,0.0,0.0,1.0,1.0,1.0,-3.0517578125e-05,-3.0517578125e-05,-3.0517578125e-05,-3.0517578125e-05,-3.0517578125e-05,-3.0517578125e-05,D,3,2026-08-24_23-25-27,2026-08-24
0.993485342019544,0.9396499698249849,0.7905405405405406,0.0,0.8789808917197452,1.0,0.0,0.0,1.0,1.0,1.0,-3.0517578125e-05,-3.0517578125e-05,-3.0517578125e-05,-3.0517578125e-05,-3.0517578125e-05,-3.0517578125e-05,D,3,2026-08-24_23-25-27,2026-08-24
0.9847991313789359,0.9275799637899819,0.7725225225225225,0.0,0.8152866242038217,1.0,0.0,0.0,1.0,1.0,1.0,-3.0517578125e-05,-3.0517578125e-05,-3.0517578125e-05,-3.0517578125e-05,-3.0517578125e-05,-3.0517578125e-05,D,3,2026-08-24_23-25-27,2026-08-24
0.9905899384726746,0.9251659625829813,0.7657657657657657,0.0,0.8407643312101911,1.0,0.0,0.0,1.0,1.0,1.0,-3.0517578125e-05,-3.0517578125e-05,-3.0517578125e-05,-3.0517578125e-05,-3.0517578125e-05,-3.0517578125e-05,D,3,2026-08-24_23-25-27,2026-08-24
0.991313789359392,0.9034399517199758,0.7905405405405406,0.0,0.8407643312101911,1.0,0.0,0.0,1.0,1.0,1.0,-3.0517578125e-05,-3.0517578125e-05,-3.0517578125e-05,-3.0517578125e-05,-3.0517578125e-05,-3.0517578125e-05,D,3,2026-08-24_23-25-27,2026-08-24
0.991313789359392,0.936028968014484,0.777027027027027,0.0,0.7770700636942676,1.0,0.0,0.0,1.0,1.0,1.0,-3.0517578125e-05,-3.0517578125e-05,-3.0517578125e-05,-3.0517578125e-05,-3.0517578125e-05,-3.0517578125e-05,D,3,2026-08-24_23-25-27,2026-08-24
0.9833514296055013,0.9227519613759807,0.7837837837837838,0.0,0.802547770700637,1.0,0.0,0.0,1.0,1.0,1.0,-3.0517578125e-05,-3.0517578125e-05,-3.0517578125e-05,-3.0517578125e-05,-3.0517578125e-05,-3.0517578125e-05,D,3,2026-08-24_23-25-27,2026-08-24
0.9927614911328266,0.9203379601689801,0.795045045045045,0.0,0.7898089171974523,1.0,0.0,0.0,1.0,1.0,1.0,-3.0517578125e-05,-3.0517578125e-05,-3.0517578125e-05,-3.0517578125e-05,-3.0517578125e-05,-3.0517578125e-05,D,3,2026-08-24_23-25-27,2026-08-24
0.9898660875859573,0.9046469523234761,0.759009009009009,0.0,0.7261146496815286,1.0,0.0,0.0,1.0,1.0,1.0,-3.0517578125e-05,-3.0517578125e-05,-3.0517578125e-05,-3.0517578125e-05,-3.0517578125e-05,-3.0517578125e-05,D,3,2026-08-24_23-25-27,2026-08-24
0.9869706840390879,0.9034399517199758,0.7657657657657657,0.0,0.7261146496815286,1.0,0.0,0.0,1.0,1.0,1.0,-3.0517578125e-05,-3.0517578125e-05,-3.0517578125e-05,-3.0517578125e-05,-3.0517578125e-05,-3.0517578125e-05,D,3,2026-08-24_23-25-27,2026-08-24
0.9949330437929786,0.9106819553409776,0.7702702702702703,0.0,0.8152866242038217,1.0,0.0,0.0,1.0,1.0,1.0,-3.0517578125e-05,-3.0517578125e-05,-3.0517578125e-05,-3.0517578125e-05,-3.0517578125e-05,-3.0517578125e-05,D,3,2026-08-24_23-25-27,2026-08-24
0.9840752804922186,0.9034399517199758,0.7612612612612613,0.0,0.802547770700637,1.0,0.0,0.0,1.0,1.0,1.0,-3.0517578125e-05,-3.0517578125e-05,-3.0517578125e-05,-3.0517578125e-05,-3.0517578125e-05,-3.0517578125e-05,D,3,2026-08-24_23-25-27,2026-08-24
0.9840752804922186,0.9034399517199758,0.7680180180180181,0.0,0.8152866242038217,1.0,0.0,0.0,1.0,1.0,1.0,-3.0517578125e-05,-3.0517578125e-05,-3.0517578125e-05,-3.0517578125e-05,-3.0517578125e-05,-3.0517578125e-05,D,3,2026-08-24_23-25-27,2026-08-24
0.9876945349258053,0.899818949909475,0.7612612612612613,0.0,0.8280254777070064,1.0,0.0,0.0,1.0,1.0,1.0,-3.0517578125e-05,-3.0517578125e-05,-3.0517578125e-05,-3.0517578125e-05,-3.0517578125e-05,-3.0517578125e-05,D,3,2026-08-24_23-25-27,2026-08-24
0.9898660875859573,0.9070609535304768,0.7725225225225225,0.0,0.8152866242038217,1.0,0.0,0.0,1.0,1.0,1.0,-3.0517578125e-05,-3.0517578125e-05,-3.0517578125e-05,-3.0517578125e-05,-3.0517578125e-05,-3.0517578125e-05,D,3,2026-08-24_23-25-27,2026-08-24
0.9833514296055013,0.8780929390464696,0.7319819819819819,0.0,0.40764331210191085,1.0,0.0,0.0,1.0,1.0,1.0,-3.0517578125e-05,-3.0517578125e-05,-3.0517578125e-05,-3.0517578125e-05,-3.0517578125e-05,-3.0517578125e-05,D,4,2026-08-24_23-25-27,2026-08-24
0.9819037278320666,0.8756789378394689,0.7364864864864865,0.0,0.535031847133758,1.0,0.0,0.0,1.0,1.0,1.0,-3.0517578125e-05,-3.0517578125e-05,-3.0517578125e-05,-3.0517578125e-05,-3.0517578125e-05,-3.0517578125e-05,D,4,2026-08-24_23-25-27,2026-08-24
0.9797321751719146,0.8805069402534701,0.7319819819819819,0.0,0.4840764331210191,1.0,0.0,0.0,1.0,1.0,1.0,-3.0517578125e-05,-3.0517578125e-05,-3.0517578125e-05,-3.0517578125e-05,-3.0517578125e-05,-3.0517578125e-05,D,4,2026-08-24_23-25-27,2026-08-24
0.9811798769453492,0.8901629450814725,0.7342342342342343,0.0,0.4713375796178344,1.0,0.0,0.0,1.0,1.0,1.0,-3.0517578125e-05,-3.0517578125e-05,-3.0517578125e-05,-3.0517578125e-05,-3.0517578125e-05,-3.0517578125e-05,D,4,2026-08-24_23-25-27,2026-08-24
0.9826275787187839,0.8817139408569704,0.7364864864864865,0.0,0.4713375796178344,1.0,0.0,0.0,1.0,1.0,1.0,-3.0517578125e-05,-3.0517578125e-05,-3.0517578125e-05,-3.0517578125e-05,-3.0517578125e-05,-3.0517578125e-05,D,4,2026-08-24_23-25-27,2026-08-24
0.9790083242851972,0.8853349426674714,0.7477477477477478,0.0,0.4713375796178344,1.0,0.0,0.0,1.0,1.0,1.0,-3.0517578125e-05,-3.0517578125e-05,-3.0517578125e-05,-3.0517578125e-05,-3.0517578125e-05,-3.0517578125e-05,D,4,2026-08-24_23-25-27,2026-08-24
0.9833514296055013,0.8805069402534701,0.740990990990991,0.0,0.43312101910828027,1.0,0.0,0.0,1.0,1.0,1.0,-3.0517578125e-05,-3.0517578125e-05,-3.0517578125e-05,-3.0517578125e-05,-3.0517578125e-05,-3.0517578125e-05,D,4,2026-08-24_23-25-27,2026-08-24
0.9833514296055013,0.884127942063971,0.7364864864864865,0.0,0.4968152866242038,1.0,0.0,0.0,1.0,1.0,1.0,-3.0517578125e-05,-3.0517578125e-05,-3.0517578125e-05,-3.0517578125e-05,-3.0517578125e-05,-3.0517578125e-05,D,4,2026-08-24_23-25-27,2026-08-24
0.9819037278320666,0.8865419432709717,0.7454954954954955,0.0,0.4840764331210191,1.0,0.0,0.0,1.0,1.0,1.0,-3.0517578125e-05,-3.0517578125e-05,-3.0517578125e-05,-3.0517578125e-05,-3.0517578125e-05,-3.0517578125e-05,D,4,2026-08-24_23-25-27,2026-08-24
0.9833514296055013,0.8817139408569704,0.7319819819819819,0.0,0.6496815286624203,1.0,0.0,0.0,1.0,1.0,1.0,-3.0517578125e-05,-3.0517578125e-05,-3.0517578125e-05,-3.0517578125e-05,-3.0517578125e-05,-3.0517578125e-05,D,4,2026-08-24_23-25-27,2026-08-24
0.9819037278320666,0.8889559444779722,0.7454954954954955,0.0,0.5477707006369427,1.0,0.0,0.0,1.0,1.0,1.0,-3.0517578125e-05,-3.0517578125e-05,-3.0517578125e-05,-3.0517578125e-05,-3.0517578125e-05,-3.0517578125e-05,D,4,2026-08-24_23-25-27,2026-08-24
0.9826275787187839,0.8925769462884732,0.7274774774774775,0.0,0.40764331210191085,1.0,0.0,0.0,1.0,1.0,1.0,-3.0517578125e-05,-3.0517578125e-05,-3.0517578125e-05,-3.0517578125e-05,-3.0517578125e-05,-3.0517578125e-05,D,4,2026-08-24_23-25-27,2026-08-24
0.9753890698516106,0.884127942063971,0.7387387387387387,0.0,0.43312101910828027,1.0,0.0,0.0,1.0,1.0,1.0,-3.0517578125e-05,-3.0517578125e-05,-3.0517578125e-05,-3.0517578125e-05,-3.0517578125e-05,-3.0517578125e-05,D,4,2026-08-24_23-25-27,2026-08-24
0.9761129207383279,0.8853349426674714,0.7274774774774775,0.0,0.445859872611465,1.0,0.0,0.0,1.0,1.0,1.0,-3.0517578125e-05,-3.0517578125e-05,-3.0517578125e-05,-3.0517578125e-05,-3.0517578125e-05,-3.0517578125e-05,D,4,2026-08-24_23-25-27,2026-08-24
0.9804560260586319,0.8829209414604707,0.7027027027027027,0.0,0.40764331210191085,1.0,0.0,0.0,1.0,1.0,1.0,-3.0517578125e-05,-3.0517578125e-05,-3.0517578125e-05,-3.0517578125e-05,-3.0517578125e-05,-3.0517578125e-05,D,4,2026-08-24_23-25-27,2026-08-24
0.9768367716250452,0.9034399517199758,0.7387387387387387,0.0,0.43312101910828027,1.0,0.0,0.0,1.0,1.0,1.0,-3.0517578125e-05,-3.0517578125e-05,-3.0517578125e-05,-3.0517578125e-05,-3.0517578125e-05,-3.0517578125e-05,D,4,2026-08-24_23-25-27,2026-08-24
0.9797321751719146,0.9010259505129753,0.7387387387387387,0.0,0.4713375796178344,1.0,0.0,0.0,1.0,1.0,1.0,-3.0517578125e-05,-3.0517578125e-05,-3.0517578125e-05,-3.0517578125e-05,-3.0517578125e-05,-3.0517578125e-05,D,4,2026-08-24_23-25-27,2026-08-24
0.9819037278320666,0.9034399517199758,0.7297297297297297,0.0,0.40764331210191085,1.0,0.0,0.0,1.0,1.0,1.0,-3.0517578125e-05,-3.0517578125e-05,-3.0517578125e-05,-3.0517578125e-05,-3.0517578125e-05,-3.0517578125e-05,D,4,2026-08-24_23-25-27,2026-08-24
0.9811798769453492,0.8949909474954737,0.7387387387387387,0.0,0.5222929936305732,1.0,0.0,0.0,1.0,1.0,1.0,-3.0517578125e-05,-3.0517578125e-05,-3.0517578125e-05,-3.0517578125e-05,-3.0517578125e-05,-3.0517578125e-05,D,4,2026-08-24_23-25-27,2026-08-24
0.9840752804922186,0.899818949909475,0.7454954954954955,0.0,0.42038216560509556,1.0,0.0,0.0,1.0,1.0,1.0,-3.0517578125e-05,-3.0517578125e-05,-3.0517578125e-05,-3.0517578125e-05,-3.0517578125e-05,-3.0517578125e-05,D,4,2026-08-24_23-25-27,2026-08-24
0.9833514296055013,0.8986119493059747,0.7274774774774775,0.0,0.445859872611465,1.0,0.0,0.0,1.0,1.0,1.0,-3.0517578125e-05,-3.0517578125e-05,-3.0517578125e-05,-3.0517578125e-05,-3.0517578125e-05,-3.0517578125e-05,D,4,2026-08-24_23-25-27,2026-08-24
0.9768367716250452,0.8986119493059747,0.7274774774774775,0.0,0.4840764331210191,1.0,0.0,0.0,1.0,1.0,1.0,-3.0517578125e-05,-3.0517578125e-05,-3.0517578125e-05,-3.0517578125e-05,-3.0517578125e-05,-3.0517578125e-05,D,4,2026-08-24_23-25-27,2026-08-24
0.9790083242851972,0.9118889559444779,0.7342342342342343,0.0,0.4713375796178344,1.0,0.0,0.0,1.0,1.0,1.0,-3.0517578125e-05,-3.0517578125e-05,-3.0517578125e-05,-3.0517578125e-05,-3.0517578125e-05,-3.0517578125e-05,D,4,2026-08-24_23-25-27,2026-08-24
0.9811798769453492,0.9070609535304768,0.7454954954954955,0.0,0.445859872611465,1.0,0.0,0.0,1.0,1.0,1.0,-3.0517578125e-05,-3.0517578125e-05,-3.0517578125e-05,-3.0517578125e-05,-3.0517578125e-05,-3.0517578125e-05,D,4,2026-08-24_23-25-27,2026-08-24
0.9782844733984799,0.9058539529269765,0.7477477477477478,0.0,0.43312101910828027,1.0,0.0,0.0,1.0,1.0,1.0,-3.0517578125e-05,-3.0517578125e-05,-3.0517578125e-05,-3.0517578125e-05,-3.0517578125e-05,-3.0517578125e-05,D,4,2026-08-24_23-25-27,2026-08-24
0.9819037278320666,0.9034399517199758,0.7319819819819819,0.0,0.42038216560509556,1.0,0.0,0.0,1.0,1.0,1.0,-3.0517578125e-05,-3.0517578125e-05,-3.0517578125e-05,-3.0517578125e-05,-3.0517578125e-05,-3.0517578125e-05,D,4,2026-08-24_23-25-27,2026-08-24
0.9819037278320666,0.9034399517199758,0.6959459459459459,0.0,0.4713375796178344,1.0,0.0,0.0,1.0,1.0,1.0,-3.0517578125e-05,-3.0517578125e-05,-3.0517578125e-05,-3.0517578125e-05,-3.0517578125e-05,-3.0517578125e-05,D,4,2026-08-24_23-25-27,2026-08-24
0.9768367716250452,0.8865419432709717,0.7387387387387387,0.0,0.4713375796178344,1.0,0.0,0.0,1.0,1.0,1.0,-3.0517578125e-05,-3.0517578125e-05,-3.0517578125e-05,-3.0517578125e-05,-3.0517578125e-05,-3.0517578125e-05,D,4,2026-08-24_23-25-27,2026-08-24
0.9826275787187839,0.8901629450814725,0.7274774774774775,0.0,0.4968152866242038,1.0,0.0,0.0,1.0,1.0,1.0,-3.0517578125e-05,-3.0517578125e-05,-3.0517578125e-05,-3.0517578125e-05,-3.0517578125e-05,-3.0517578125e-05,D,4,2026-08-24_23-25-27,2026-08-24
0.9804560260586319,0.8974049487024743,0.7364864864864865,0.0,0.4840764331210191,1.0,0.0,0.0,1.0,1.0,1.0,-3.0517578125e-05,-3.0517578125e-05,-3.0517578125e-05,-3.0517578125e-05,-3.0517578125e-05,-3.0517578125e-05,D,4,2026-08-24_23-25-27,2026-08-24
0.9797321751719146,0.8925769462884732,0.7274774774774775,0.0,0.535031847133758,1.0,0.0,0.0,1.0,1.0,1.0,-3.0517578125e-05,-3.0517578125e-05,-3.0517578125e-05,-3.0517578125e-05,-3.0517578125e-05,-3.0517578125e-05,D,4,2026-08-24_23-25-27,2026-08-24
0.9833514296055013,0.896197948098974,0.7545045045045045,0.0,0.4713375796178344,1.0,0.0,0.0,1.0,1.0,1.0,-3.0517578125e-05,-3.0517578125e-05,-3.0517578125e-05,-3.0517578125e-05,-3.0517578125e-05,-3.0517578125e-05,D,4,2026-08-24_23-25-27,2026-08-24
0.9826275787187839,0.896197948098974,0.7297297297297297,0.0,0.4840764331210191,1.0,0.0,0.0,1.0,1.0,1.0,-3.0517578125e-05,-3.0517578125e-05,-3.0517578125e-05,-3.0517578125e-05,-3.0517578125e-05,-3.0517578125e-05,D,4,2026-08-24_23-25-27,2026-08-24
0.9819037278320666,0.8974049487024743,0.7364864864864865,0.0,0.5477707006369427,1.0,0.0,0.0,1.0,1.0,1.0,-3.0517578125e-05,-3.0517578125e-05,-3.0517578125e-05,-3.0517578125e-05,-3.0517578125e-05,-3.0517578125e-05,D,4,2026-08-24_23-25-27,2026-08-24
0.9790083242851972,0.8974049487024743,0.7274774774774775,0.0,0.40764331210191085,1.0,0.0,0.0,1.0,1.0,1.0,-3.0517578125e-05,-3.0517578125e-05,-3.0517578125e-05,-3.0517578125e-05,-3.0517578125e-05,-3.0517578125e-05,D,4,2026-08-24_23-25-27,2026-08-24
0.9761129207383279,0.8949909474954737,0.7274774774774775,0.0,0.4840764331210191,1.0,0.0,0.0,1.0,1.0,1.0,-3.0517578125e-05,-3.0517578125e-05,-3.0517578125e-05,-3.0517578125e-05,-3.0517578125e-05,-3.0517578125e-05,D,4,2026-08-24_23-25-27,2026-08-24
0.9753890698516106,0.896197948098974,0.7454954954954955,0.0,0.4968152866242038,1.0,0.0,0.0,1.0,1.0,1.0,-3.0517578125e-05,-3.0517578125e-05,-3.0517578125e-05,-3.0517578125e-05,-3.0517578125e-05,-3.0517578125e-05,D,4,2026-08-24_23-25-27,2026-08-24
0.9797321751719146,0.9010259505129753,0.7319819819819819,0.0,0.5477707006369427,1.0,0.0,0.0,1.0,1.0,1.0,-3.0517578125e-05,-3.0517578125e-05,-3.0517578125e-05,-3.0517578125e-05,-3.0517578125e-05,-3.0517578125e-05,D,4,2026-08-24_23-25-27,2026-08-24
0.9847991313789359,0.9058539529269765,0.7545045045045045,0.0,0.5222929936305732,1.0,0.0,0.0,1.0,1.0,1.0,-3.0517578125e-05,-3.0517578125e-05,-3.0517578125e-05,-3.0517578125e-05,-3.0517578125e-05,-3.0517578125e-05,D,4,2026-08-24_23-25-27,2026-08-24
0.9797321751719146,0.9034399517199758,0.759009009009009,0.0,0.5222929936305732,1.0,0.0,0.0,1.0,1.0,1.0,-3.0517578125e-05,-3.0517578125e-05,-3.0517578125e-05,-3.0517578125e-05,-3.0517578125e-05,-3.0517578125e-05,D,4,2026-08-24_23-25-27,2026-08-24
0.9963807455664133,0.9806879903439951,0.9752252252252253,1.0,0.9426751592356688,0.0,0.0,0.0,0.0,1.0,1.0,-3.0517578125e-05,-3.0517578125e-05,-3.0517578125e-05,-3.0517578125e-05,-3.0517578125e-05,-3.0517578125e-05,E,0,2026-08-24_23-25-27,2026-08-24
0.9949330437929786,0.9794809897404949,0.9707207207207207,1.0,1.0,0.0,0.0,0.0,0.0,1.0,1.0,-3.0517578125e-05,-3.0517578125e-05,-3.0517578125e-05,-3.0517578125e-05,-3.0517578125e-05,-3.0517578125e-05,E,0,2026-08-24_23-25-27,2026-08-24
1.0,0.9722389861194931,0.972972972972973,1.0,0.9808917197452229,0.0,0.0,0.0,0.0,1.0,1.0,-3.0517578125e-05,-3.0517578125e-05,-3.0517578125e-05,-3.0517578125e-05,-3.0517578125e-05,-3.0517578125e-05,E,0,2026-08-24_23-25-27,2026-08-24
0.997828447339848,0.9770669885334943,0.9797297297297297,1.0,1.0,0.0,0.0,0.0,0.0,1.0,1.0,-3.0517578125e-05,-3.0517578125e-05,-3.0517578125e-05,-3.0517578125e-05,-3.0517578125e-05,-3.0517578125e-05,E,0,2026-08-24_23-25-27,2026-08-24
0.9971045964531307,0.975859987929994,0.9954954954954955,1.0,0.9936305732484076,0.0,0.0,0.0,0.0,1.0,1.0,-3.0517578125e-05,-3.0517578125e-05,-3.0517578125e-05,-3.0517578125e-05,-3.0517578125e-05,-3.0517578125e-05,E,0,2026-08-24_23-25-27,2026-08-24
0.9985522982265653,0.9722389861194931,0.963963963963964,1.0,1.0,0.0,0.0,0.0,0.0,1.0,1.0,-3.0517578125e-05,-3.0517578125e-05,-3.0517578125e-05,-3.0517578125e-05,-3.0517578125e-05,-3.0517578125e-05,E,0,2026-08-24_23-25-27,2026-08-24
0.9971045964531307,0.9686179843089922,0.9774774774774775,1.0,1.0,0.0,0.0,0.0,0.0,1.0,1.0,-3.0517578125e-05,-3.0517578125e-05,-3.0517578125e-05,-3.0517578125e-05,-3.0517578125e-05,-3.0517578125e-05,E,0,2026-08-24_23-25-27,2026-08-24
0.9985522982265653,0.9674109837054918,0.9819819819819819,1.0,1.0,0.0,0.0,0.0,0.0,1.0,1.0,-3.0517578125e-05,-3.0517578125e-05,-3.0517578125e-05,-3.0517578125e-05,-3.0517578125e-05,-3.0517578125e-05,E,0,2026-08-24_23-25-27,2026-08-24
0.9971045964531307,0.9662039831019915,0.9819819819819819,1.0,1.0,0.0,0.0,0.0,0.0,1.0,1.0,-3.0517578125e-05,-3.0517578125e-05,-3.0517578125e-05,-3.0517578125e-05,-3.0517578125e-05,-3.0517578125e-05,E,0,2026-08-24_23-25-27,2026-08-24
0.9985522982265653,0.963789981894991,0.9864864864864865,1.0,1.0,0.0,0.0,0.0,0.0,1.0,1.0,-3.0517578125e-05,-3.0517578125e-05,-3.0517578125e-05,-3.0517578125e-05,-3.0517578125e-05,-3.0517578125e-05,E,0,2026-08-24_23-25-27,2026-08-24
0.9963807455664133,0.963789981894991,0.9842342342342343,1.0,1.0,0.0,0.0,0.0,0.0,1.0,1.0,-3.0517578125e-05,-3.0517578125e-05,-3.0517578125e-05,-3.0517578125e-05,-3.0517578125e-05,-3.0517578125e-05,E,0,2026-08-24_23-25-27,2026-08-24
0.995656894679696,0.9674109837054918,0.9842342342342343,1.0,1.0,0.0,0.0,0.0,0.0,1.0,1.0,-3.0517578125e-05,-3.0517578125e-05,-3.0517578125e-05,-3.0517578125e-05,-3.0517578125e-05,-3.0517578125e-05,E,0,2026-08-24_23-25-27,2026-08-24
0.9949330437929786,0.9625829812914907,0.990990990990991,1.0,1.0,0.0,0.0,0.0,0.0,1.0,1.0,-3.0517578125e-05,-3.0517578125e-05,-3.0517578125e-05,-3.0517578125e-05,-3.0517578125e-05,-3.0517578125e-05,E,0,2026-08-24_23-25-27,2026-08-24
0.995656894679696,0.96016898008449,0.9774774774774775,1.0,1.0,0.0,0.0,0.0,0.0,1.0,1.0,-3.0517578125e-05,-3.0517578125e-05,-3.0517578125e-05,-3.0517578125e-05,-3.0517578125e-05,-3.0517578125e-05,E,0,2026-08-24_23-25-27,2026-08-24
0.9942091929062613,0.9577549788774894,0.9819819819819819,1.0,1.0,0.0,0.0,0.0,0.0,1.0,1.0,-3.0517578125e-05,-3.0517578125e-05,-3.0517578125e-05,-3.0517578125e-05,-3.0517578125e-05,-3.0517578125e-05,E,0,2026-08-24_23-25-27,2026-08-24
0.9949330437929786,0.9649969824984912,0.9707207207207207,1.0,1.0,0.0,0.0,0.0,0.0,1.0,1.0,-3.0517578125e-05,-3.0517578125e-05,-3.0517578125e-05,-3.0517578125e-05,-3.0517578125e-05,-3.0517578125e-05,E,0,2026-08-24_23-25-27,2026-08-24
0.9949330437929786,0.9589619794809897,0.9797297297297297,1.0,1.0,0.0,0.0,0.0,0.0,1.0,1.0,-3.0517578125e-05,-3.0517578125e-05,-3.0517578125e-05,-3.0517578125e-05,-3.0517578125e-05,-3.0517578125e-05,E,0,2026-08-24_23-25-27,2026-08-24
0.9992761491132827,0.9456849728424864,0.9774774774774775,1.0,1.0,0.0,0.0,0.0,0.0,1.0,1.0,-3.0517578125e-05,-3.0517578125e-05,-3.0517578125e-05,-3.0517578125e-05,-3.0517578125e-05,-3.0517578125e-05,E,0,2026-08-24_23-25-27,2026-08-24
0.995656894679696,0.9456849728424864,0.9774774774774775,1.0,1.0,0.0,0.0,0.0,0.0,1.0,1.0,-3.0517578125e-05,-3.0517578125e-05,-3.0517578125e-05,-3.0517578125e-05,-3.0517578125e-05,-3.0517578125e-05,E,0,2026-08-24_23-25-27,2026-08-24
0.9949330437929786,0.9493059746529873,0.9842342342342343,1.0,1.0,0.0,0.0,0.0,0.0,1.0,1.0,-3.0517578125e-05,-3.0517578125e-05,-3.0517578125e-05,-3.0517578125e-05,-3.0517578125e-05,-3.0517578125e-05,E,0,2026-08-24_23-25-27,2026-08-24
0.9949330437929786,0.9505129752564876,0.9684684684684685,1.0,1.0,0.0,0.0,0.0,0.0,1.0,1.0,-3.0517578125e-05,-3.0517578125e-05,-3.0517578125e-05,-3.0517578125e-05,-3.0517578125e-05,-3.0517578125e-05,E,0,2026-08-24_23-25-27,2026-08-24
0.9963807455664133,0.9456849728424864,0.9774774774774775,1.0,1.0,0.0,0.0,0.0,0.0,1.0,1.0,-3.0517578125e-05,-3.0517578125e-05,-3.0517578125e-05,-3.0517578125e-05,-3.0517578125e-05,-3.0517578125e-05,E,0,2026-08-24_23-25-27,2026-08-24
0.9927614911328266,0.9444779722389861,0.9774774774774775,1.0,0.9554140127388535,0.0,0.0,0.0,0.0,1.0,1.0,-3.0517578125e-05,-3.0517578125e-05,-3.0517578125e-05,-3.0517578125e-05,-3.0517578125e-05,-3.0517578125e-05,E,0,2026-08-24_23-25-27,2026-08-24
0.9985522982265653,0.9505129752564876,0.9774774774774775,1.0,0.9681528662420382,0.0,0.0,0.0,0.0,1.0,1.0,-3.0517578125e-05,-3.0517578125e-05,-3.0517578125e-05,-3.0517578125e-05,-3.0517578125e-05,-3.0517578125e-05,E,0,2026-08-24_23-25-27,2026-08-24
0.9949330437929786,0.9444779722389861,0.9774774774774775,1.0,1.0,0.0,0.0,0.0,0.0,1.0,1.0,-3.0517578125e-05,-3.0517578125e-05,-3.0517578125e-05,-3.0517578125e-05,-3.0517578125e-05,-3.0517578125e-05,E,0,2026-08-24_23-25-27,2026-08-24
0.995656894679696,0.9456849728424864,0.9774774774774775,1.0,1.0,0.0,0.0,0.0,0.0,1.0,1.0,-3.0517578125e-05,-3.0517578125e-05,-3.0517578125e-05,-3.0517578125e-05,-3.0517578125e-05,-3.0517578125e-05,E,0,2026-08-24_23-25-27,2026-08-24
0.9949330437929786,0.9420639710319855,0.9864864864864865,1.0,1.0,0.0,0.0,0.0,0.0,1.0,1.0,-3.0517578125e-05,-3.0517578125e-05,-3.0517578125e-05,-3.0517578125e-05,-3.0517578125e-05,-3.0517578125e-05,E,0,2026-08-24_23-25-27,2026-08-24
0.997828447339848,0.9420639710319855,0.9842342342342343,1.0,1.0,0.0,0.0,0.0,0.0,1.0,1.0,-3.0517578125e-05,-3.0517578125e-05,-3.0517578125e-05,-3.0517578125e-05,-3.0517578125e-05,-3.0517578125e-05,E,0,2026-08-24_23-25-27,2026-08-24
0.9963807455664133,0.9432709716354858,0.9797297297297297,1.0,1.0,0.0,0.0,0.0,0.0,1.0,1.0,-3.0517578125e-05,-3.0517578125e-05,-3.0517578125e-05,-3.0517578125e-05,-3.0517578125e-05,-3.0517578125e-05,E,0,2026-08-24_23-25-27,2026-08-24
0.9971045964531307,0.9420639710319855,0.9797297297297297,1.0,1.0,0.0,0.0,0.0,0.0,1.0,1.0,-3.0517578125e-05,-3.0517578125e-05,-3.0517578125e-05,-3.0517578125e-05,-3.0517578125e-05,-3.0517578125e-05,E,0,2026-08-24_23-25-27,2026-08-24
0.9949330437929786,0.9432709716354858,0.9842342342342343,1.0,1.0,0.0,0.0,0.0,0.0,1.0,1.0,-3.0517578125e-05,-3.0517578125e-05,-3.0517578125e-05,-3.0517578125e-05,-3.0517578125e-05,-3.0517578125e-05,E,0,2026-08-24_23-25-27,2026-08-24
0.995656894679696,0.9420639710319855,0.9819819819819819,1.0,1.0,0.0,0.0,0.0,0.0,1.0,1.0,-3.0517578125e-05,-3.0517578125e-05,-3.0517578125e-05,-3.0517578125e-05,-3.0517578125e-05,-3.0517578125e-05,E,0,2026-08-24_23-25-27,2026-08-24
0.995656894679696,0.963789981894991,0.9707207207207207,1.0,1.0,0.0,0.0,0.0,0.0,1.0,1.0,-3.0517578125e-05,-3.0517578125e-05,-3.0517578125e-05,-3.0517578125e-05,-3.0517578125e-05,-3.0517578125e-05,E,0,2026-08-24_23-25-27,2026-08-24
0.9927614911328266,0.9541339770669885,0.9774774774774775,1.0,0.9426751592356688,0.0,0.0,0.0,0.0,1.0,1.0,-3.0517578125e-05,-3.0517578125e-05,-3.0517578125e-05,-3.0517578125e-05,-3.0517578125e-05,-3.0517578125e-05,E,0,2026-08-24_23-25-27,2026-08-24
0.9992761491132827,0.9649969824984912,0.9797297297297297,1.0,1.0,0.0,0.0,0.0,0.0,1.0,1.0,-3.0517578125e-05,-3.0517578125e-05,-3.0517578125e-05,-3.0517578125e-05,-3.0517578125e-05,-3.0517578125e-05,E,0,2026-08-24_23-25-27,2026-08-24
0.9942091929062613,0.9565479782739892,0.9662162162162162,1.0,0.9554140127388535,0.0,0.0,0.0,0.0,1.0,1.0,-3.0517578125e-05,-3.0517578125e-05,-3.0517578125e-05,-3.0517578125e-05,-3.0517578125e-05,-3.0517578125e-05,E,0,2026-08-24_23-25-27,2026-08-24
0.9942091929062613,0.96016898008449,0.9774774774774775,1.0,1.0,0.0,0.0,0.0,0.0,1.0,1.0,-3.0517578125e-05,-3.0517578125e-05,-3.0517578125e-05,-3.0517578125e-05,-3.0517578125e-05,-3.0517578125e-05,E,0,2026-08-24_23-25-27,2026-08-24
0.9949330437929786,0.96016898008449,0.9887387387387387,1.0,0.9808917197452229,0.0,0.0,0.0,0.0,1.0,1.0,-3.0517578125e-05,-3.0517578125e-05,-3.0517578125e-05,-3.0517578125e-05,-3.0517578125e-05,-3.0517578125e-05,E,0,2026-08-24_23-25-27,2026-08-24
0.9963807455664133,0.9589619794809897,0.9662162162162162,1.0,0.9299363057324841,0.0,0.0,0.0,0.0,1.0,1.0,-3.0517578125e-05,-3.0517578125e-05,-3.0517578125e-05,-3.0517578125e-05,-3.0517578125e-05,-3.0517578125e-05,E,0,2026-08-24_23-25-27,2026-08-24
0.9963807455664133,0.9529269764634882,0.9617117117117117,1.0,0.9299363057324841,0.0,0.0,0.0,0.0,1.0,1.0,-3.0517578125e-05,-3.0517578125e-05,-3.0517578125e-05,-3.0517578125e-05,-3.0517578125e-05,-3.0517578125e-05,E,0,2026-08-24_23-25-27,2026-08-24
1.0,0.9818949909474954,0.990990990990991,1.0,0.8152866242038217,0.0,0.0,0.0,0.0,1.0,1.0,-3.0517578125e-05,-3.0517578125e-05,-3.0517578125e-05,-3.0517578125e-05,-3.0517578125e-05,-3.0517578125e-05,E,1,2026-08-24_23-25-27,2026-08-24
1.0,1.0,0.9774774774774775,1.0,0.8407643312101911,0.0,0.0,0.0,0.0,1.0,1.0,-3.0517578125e-05,-3.0517578125e-05,-3.0517578125e-05,-3.0517578125e-05,-3.0517578125e-05,-3.0517578125e-05,E,1,2026-08-24_23-25-27,2026-08-24
1.0,1.0,0.9797297297297297,0.9731182795698925,0.8280254777070064,0.0,0.0,0.0,0.0,1.0,1.0,-3.0517578125e-05,-3.0517578125e-05,-3.0517578125e-05,-3.0517578125e-05,-3.0517578125e-05,-3.0517578125e-05,E,1,2026-08-24_23-25-27,2026-08-24
1.0,0.9987929993964997,0.9842342342342343,1.0,0.7770700636942676,0.0,0.0,0.0,0.0,1.0,1.0,-3.0517578125e-05,-3.0517578125e-05,-3.0517578125e-05,-3.0517578125e-05,-3.0517578125e-05,-3.0517578125e-05,E,1,2026-08-24_23-25-27,2026-08-24
1.0,1.0,0.9819819819819819,0.9946236559139785,0.8152866242038217,0.0,0.0,0.0,0.0,1.0,1.0,-3.0517578125e-05,-3.0517578125e-05,-3.0517578125e-05,-3.0517578125e-05,-3.0517578125e-05,-3.0517578125e-05,E,1,2026-08-24_23-25-27,2026-08-24
1.0,1.0,0.9797297297297297,0.9623655913978495,0.802547770700637,0.0,0.0,0.0,0.0,1.0,1.0,-3.0517578125e-05,-3.0517578125e-05,-3.0517578125e-05,-3.0517578125e-05,-3.0517578125e-05,-3.0517578125e-05,E,1,2026-08-24_23-25-27,2026-08-24
1.0,1.0,0.990990990990991,1.0,0.7770700636942676,0.0,0.0,0.0,0.0,1.0,1.0,-3.0517578125e-05,-3.0517578125e-05,-3.0517578125e-05,-3.0517578125e-05,-3.0517578125e-05,-3.0517578125e-05,E,1,2026-08-24_23-25-27,2026-08-24
1.0,1.0,0.9864864864864865,0.989247311827957,0.8152866242038217,0.0,0.0,0.0,0.0,1.0,1.0,-3.0517578125e-05,-3.0517578125e-05,-3.0517578125e-05,-3.0517578125e-05,-3.0517578125e-05,-3.0517578125e-05,E,1,2026-08-24_23-25-27,2026-08-24
1.0,1.0,0.9774774774774775,1.0,0.7770700636942676,0.0,0.0,0.0,0.0,1.0,1.0,-3.0517578125e-05,-3.0517578125e-05,-3.0517578125e-05,-3.0517578125e-05,-3.0517578125e-05,-3.0517578125e-05,E,1,2026-08-24_23-25-27,2026-08-24
1.0,1.0,0.9842342342342343,0.978494623655914,0.7770700636942676,0.0,0.0,0.0,0.0,1.0,1.0,-3.0517578125e-05,-3.0517578125e-05,-3.0517578125e-05,-3.0517578125e-05,-3.0517578125e-05,-3.0517578125e-05,E,1,2026-08-24_23-25-27,2026-08-24
1.0,1.0,0.9774774774774775,1.0,0.7770700636942676,0.0,0.0,0.0,0.0,1.0,1.0,-3.0517578125e-05,-3.0517578125e-05,-3.0517578125e-05,-3.0517578125e-05,-3.0517578125e-05,-3.0517578125e-05,E,1,2026-08-24_23-25-27,2026-08-24
1.0,0.9891369945684972,0.9797297297297297,1.0,0.8152866242038217,0.0,0.0,0.0,0.0,1.0,1.0,-3.0517578125e-05,-3.0517578125e-05,-3.0517578125e-05,-3.0517578125e-05,-3.0517578125e-05,-3.0517578125e-05,E,1,2026-08-24_23-25-27,2026-08-24
1.0,0.9939649969824985,0.9662162162162162,1.0,0.7898089171974523,0.0,0.0,0.0,0.0,1.0,1.0,-3.0517578125e-05,-3.0517578125e-05,-3.0517578125e-05,-3.0517578125e-05,-3.0517578125e-05,-3.0517578125e-05,E,1,2026-08-24_23-25-27,2026-08-24
1.0,0.987929993964997,0.9819819819819819,1.0,0.6878980891719745,0.0,0.0,0.0,0.0,1.0,1.0,-3.0517578125e-05,-3.0517578125e-05,-3.0517578125e-05,-3.0517578125e-05,-3.0517578125e-05,-3.0517578125e-05,E,1,2026-08-24_23-25-27,2026-08-24
1.0,0.9927579963789982,0.9707207207207207,1.0,0.8152866242038217,0.0,0.0,0.0,0.0,1.0,1.0,-3.0517578125e-05,-3.0517578125e-05,-3.0517578125e-05,-3.0517578125e-05,-3.0517578125e-05,-3.0517578125e-05,E,1,2026-08-24_23-25-27,2026-08-24
1.0,0.9891369945684972,0.9797297297297297,1.0,0.7515923566878981,0.0,0.0,0.0,0.0,1.0,1.0,-3.0517578125e-05,-3.0517578125e-05,-3.0517578125e-05,-3.0517578125e-05,-3.0517578125e-05,-3.0517578125e-05,E,1,2026-08-24_23-25-27,2026-08-24
1.0,0.9975859987929994,0.9887387387387387,1.0,0.7261146496815286,0.0,0.0,0.0,0.0,1.0,1.0,-3.0517578125e-05,-3.0517578125e-05,-3.0517578125e-05,-3.0517578125e-05,-3.0517578125e-05,-3.0517578125e-05,E,1,2026-08-24_23-25-27,2026-08-24
1.0,0.9891369945684972,1.0,0.978494623655914,0.8152866242038217,0.0,0.0,0.0,0.0,1.0,1.0,-3.0517578125e-05,-3.0517578125e-05,-3.0517578125e-05,-3.0517578125e-05,-3.0517578125e-05,-3.0517578125e-05,E,1,2026-08-24_23-25-27,2026-08-24
1.0,1.0,0.9819819819819819,1.0,0.802547770700637,0.0,0.0,0.0,0.0,1.0,1.0,-3.0517578125e-05,-3.0517578125e-05,-3.0517578125e-05,-3.0517578125e-05,-3.0517578125e-05,-3.0517578125e-05,E,1,2026-08-24_23-25-27,2026-08-24
1.0,0.9843089921544961,0.963963963963964,1.0,0.7133757961783439,0.0,0.0,0.0,0.0,1.0,1.0,-3.0517578125e-05,-3.0517578125e-05,-3.0517578125e-05,-3.0517578125e-05,-3.0517578125e-05,-3.0517578125e-05,E,1,2026-08-24_23-25-27,2026-08-24
1.0,0.9818949909474954,0.9932432432432432,1.0,0.7006369426751592,0.0,0.0,0.0,0.0,1.0,1.0,-3.0517578125e-05,-3.0517578125e-05,-3.0517578125e-05,-3.0517578125e-05,-3.0517578125e-05,-3.0517578125e-05,E,1,2026-08-24_23-25-27,2026-08-24
1.0,0.9855159927579964,0.972972972972973,1.0,0.7898089171974523,0.0,0.0,0.0,0.0,1.0,1.0,-3.0517578125e-05,-3.0517578125e-05,-3.0517578125e-05,-3.0517578125e-05,-3.0517578125e-05,-3.0517578125e-05,E,1,2026-08-24_23-25-27,2026-08-24
1.0,0.9927579963789982,0.9774774774774775,1.0,0.7515923566878981,0.0,0.0,0.0,0.0,1.0,1.0,-3.0517578125e-05,-3.0517578125e-05,-3.0517578125e-05,-3.0517578125e-05,-3.0517578125e-05,-3.0517578125e-05,E,1,2026-08-24_23-25-27,2026-08-24
1.0,0.9975859987929994,0.9887387387387387,1.0,0.8152866242038217,0.0,0.0,0.0,0.0,1.0,1.0,-3.0517578125e-05,-3.0517578125e-05,-3.0517578125e-05,-3.0517578125e-05,-3.0517578125e-05,-3.0517578125e-05,E,1,2026-08-24_23-25-27,2026-08-24
1.0,0.9806879903439951,0.9774774774774775,1.0,0.7898089171974523,0.0,0.0,0.0,0.0,1.0,1.0,-3.0517578125e-05,-3.0517578125e-05,-3.0517578125e-05,-3.0517578125e-05,-3.0517578125e-05,-3.0517578125e-05,E,1,2026-08-24_23-25-27,2026-08-24
1.0,1.0,0.9977477477477478,1.0,0.7770700636942676,0.0,0.0,0.0,0.0,1.0,1.0,-3.0517578125e-05,-3.0517578125e-05,-3.0517578125e-05,-3.0517578125e-05,-3.0517578125e-05,-3.0517578125e-05,E,1,2026-08-24_23-25-27,2026-08-24
1.0,1.0,0.990990990990991,1.0,0.7898089171974523,0.0,0.0,0.0,0.0,1.0,1.0,-3.0517578125e-05,-3.0517578125e-05,-3.0517578125e-05,-3.0517578125e-05,-3.0517578125e-05,-3.0517578125e-05,E,1,2026-08-24_23-25-27,2026-08-24
1.0,0.9975859987929994,0.9842342342342343,0.9946236559139785,0.7898089171974523,0.0,0.0,0.0,0.0,1.0,1.0,-3.0517578125e-05,-3.0517578125e-05,-3.0517578125e-05,-3.0517578125e-05,-3.0517578125e-05,-3.0517578125e-05,E,1,2026-08-24_23-25-27,2026-08-24
1.0,0.96016898008449,0.9887387387387387,1.0,0.6751592356687898,0.0,0.0,0.0,0.0,1.0,1.0,-3.0517578125e-05,-3.0517578125e-05,-3.0517578125e-05,-3.0517578125e-05,-3.0517578125e-05,-3.0517578125e-05,E,1,2026-08-24_23-25-27,2026-08-24
1.0,0.9855159927579964,0.9887387387387387,1.0,0.802547770700637,0.0,0.0,0.0,0.0,1.0,1.0,-3.0517578125e-05,-3.0517578125e-05,-3.0517578125e-05,-3.0517578125e-05,-3.0517578125e-05,-3.0517578125e-05,E,1,2026-08-24_23-25-27,2026-08-24
1.0,0.975859987929994,0.9842342342342343,0.9838709677419355,0.7898089171974523,0.0,0.0,0.0,0.0,1.0,1.0,-3.0517578125e-05,-3.0517578125e-05,-3.0517578125e-05,-3.0517578125e-05,-3.0517578125e-05,-3.0517578125e-05,E,1,2026-08-24_23-25-27,2026-08-24
1.0,0.9734459867229933,0.9864864864864865,0.967741935483871,0.7388535031847133,0.0,0.0,0.0,0.0,1.0,1.0,-3.0517578125e-05,-3.0517578125e-05,-3.0517578125e-05,-3.0517578125e-05,-3.0517578125e-05,-3.0517578125e-05,E,1,2026-08-24_23-25-27,2026-08-24
1.0,0.9722389861194931,0.9887387387387387,1.0,0.7515923566878981,0.0,0.0,0.0,0.0,1.0,1.0,-3.0517578125e-05,-3.0517578125e-05,-3.0517578125e-05,-3.0517578125e-05,-3.0517578125e-05,-3.0517578125e-05,E,1,2026-08-24_23-25-27,2026-08-24
1.0,0.9734459867229933,0.9932432432432432,0.9838709677419355,0.7770700636942676,0.0,0.0,0.0,0.0,1.0,1.0,-3.0517578125e-05,-3.0517578125e-05,-3.0517578125e-05,-3.0517578125e-05,-3.0517578125e-05,-3.0517578125e-05,E,1,2026-08-24_23-25-27,2026-08-24
1.0,0.963789981894991,0.9774774774774775,1.0,0.7770700636942676,0.0,0.0,0.0,0.0,1.0,1.0,-3.0517578125e-05,-3.0517578125e-05,-3.0517578125e-05,-3.0517578125e-05,-3.0517578125e-05,-3.0517578125e-05,E,1,2026-08-24_23-25-27,2026-08-24
1.0,0.9613759806879904,0.9774774774774775,1.0,0.7898089171974523,0.0,0.0,0.0,0.0,1.0,1.0,-3.0517578125e-05,-3.0517578125e-05,-3.0517578125e-05,-3.0517578125e-05,-3.0517578125e-05,-3.0517578125e-05,E,1,2026-08-24_23-25-27,2026-08-24
1.0,0.9698249849124925,0.9797297297297297,1.0,0.7770700636942676,0.0,0.0,0.0,0.0,1.0,1.0,-3.0517578125e-05,-3.0517578125e-05,-3.0517578125e-05,-3.0517578125e-05,-3.0517578125e-05,-3.0517578125e-05,E,1,2026-08-24_23-25-27,2026-08-24
1.0,0.9746529873264936,1.0,1.0,0.7133757961783439,0.0,0.0,0.0,0.0,1.0,1.0,-3.0517578125e-05,-3.0517578125e-05,-3.0517578125e-05,-3.0517578125e-05,-3.0517578125e-05,-3.0517578125e-05,E,1,2026-08-24_23-25-27,2026-08-24
1.0,0.963789981894991,0.9707207207207207,1.0,0.6369426751592356,0.0,0.0,0.0,0.0,1.0,1.0,-3.0517578125e-05,-3.0517578125e-05,-3.0517578125e-05,-3.0517578125e-05,-3.0517578125e-05,-3.0517578125e-05,E,1,2026-08-24_23-25-27,2026-08-24
1.0,0.9674109837054918,0.9977477477477478,1.0,0.8152866242038217,0.0,0.0,0.0,0.0,1.0,1.0,-3.0517578125e-05,-3.0517578125e-05,-3.0517578125e-05,-3.0517578125e-05,-3.0517578125e-05,-3.0517578125e-05,E,1,2026-08-24_23-25-27,2026-08-24
1.0,1.0,0.9256756756756757,1.0,0.6242038216560509,0.0,0.0,0.0,0.0,1.0,0.0,-3.0517578125e-05,-3.0517578125e-05,-3.0517578125e-05,-3.0517578125e-05,-3.0517578125e-05,-3.0517578125e-05,E,2,2026-08-24_23-25-27,2026-08-24
1.0,1.0,0.9256756756756757,1.0,0.6878980891719745,0.0,0.0,0.0,0.0,1.0,0.0,-3.0517578125e-05,-3.0517578125e-05,-3.0517578125e-05,-3.0517578125e-05,-3.0517578125e-05,-3.0517578125e-05,E,2,2026-08-24_23-25-27,2026-08-24
1.0,1.0,0.9256756756756757,1.0,0.6114649681528662,0.0,0.0,0.0,0.0,1.0,0.0,-3.0517578125e-05,-3.0517578125e-05,-3.0517578125e-05,-3.0517578125e-05,-3.0517578125e-05,-3.0517578125e-05,E,2,2026-08-24_23-25-27,2026-08-24
1.0,1.0,0.918918918918919,1.0,0.6878980891719745,0.0,0.0,0.0,0.0,1.0,0.0,-3.0517578125e-05,-3.0517578125e-05,-3.0517578125e-05,-3.0517578125e-05,-3.0517578125e-05,-3.0517578125e-05,E,2,2026-08-24_23-25-27,2026-08-24
1.0,1.0,0.9076576576576577,0.9946236559139785,0.6878980891719745,0.0,0.0,0.0,0.0,1.0,0.0,-3.0517578125e-05,-3.0517578125e-05,-3.0517578125e-05,-3.0517578125e-05,-3.0517578125e-05,-3.0517578125e-05,E,2,2026-08-24_23-25-27,2026-08-24
1.0,1.0,0.9099099099099099,1.0,0.6242038216560509,0.0,0.0,0.0,0.0,1.0,0.0,-3.0517578125e-05,-3.0517578125e-05,-3.0517578125e-05,-3.0517578125e-05,-3.0517578125e-05,-3.0517578125e-05,E,2,2026-08-24_23-25-27,2026-08-24
1.0,1.0,0.9279279279279279,1.0,0.7515923566878981,0.0,0.0,0.0,0.0,1.0,0.0,-3.0517578125e-05,-3.0517578125e-05,-3.0517578125e-05,-3.0517578125e-05,-3.0517578125e-05,-3.0517578125e-05,E,2,2026-08-24_23-25-27,2026-08-24
1.0,1.0,0.9211711711711712,1.0,0.6114649681528662,0.0,0.0,0.0,0.0,1.0,0.0,-3.0517578125e-05,-3.0517578125e-05,-3.0517578125e-05,-3.0517578125e-05,-3.0517578125e-05,-3.0517578125e-05,E,2,2026-08-24_23-25-27,2026-08-24
1.0,1.0,0.9211711711711712,1.0,0.6114649681528662,0.0,0.0,0.0,0.0,1.0,0.0,-3.0517578125e-05,-3.0517578125e-05,-3.0517578125e-05,-3.0517578125e-05,-3.0517578125e-05,-3.0517578125e-05,E,2,2026-08-24_23-25-27,2026-08-24
1.0,1.0,0.9279279279279279,0.989247311827957,0.7006369426751592,0.0,0.0,0.0,0.0,1.0,0.0,-3.0517578125e-05,-3.0517578125e-05,-3.0517578125e-05,-3.0517578125e-05,-3.0517578125e-05,-3.0517578125e-05,E,2,2026-08-24_23-25-27,2026-08-24
1.0,1.0,0.9256756756756757,1.0,0.6369426751592356,0.0,0.0,0.0,0.0,1.0,0.0,-3.0517578125e-05,-3.0517578125e-05,-3.0517578125e-05,-3.0517578125e-05,-3.0517578125e-05,-3.0517578125e-05,E,2,2026-08-24_23-25-27,2026-08-24
1.0,1.0,0.9279279279279279,1.0,0.6496815286624203,0.0,0.0,0.0,0.0,1.0,0.0,-3.0517578125e-05,-3.0517578125e-05,-3.0517578125e-05,-3.0517578125e-05,-3.0517578125e-05,-3.0517578125e-05,E,2,2026-08-24_23-25-27,2026-08-24
1.0,1.0,0.918918918918919,1.0,0.6751592356687898,0.0,0.0,0.0,0.0,1.0,0.0,-3.0517578125e-05,-3.0517578125e-05,-3.0517578125e-05,-3.0517578125e-05,-3.0517578125e-05,-3.0517578125e-05,E,2,2026-08-24_23-25-27,2026-08-24
1.0,1.0,0.9256756756756757,1.0,0.7770700636942676,0.0,0.0,0.0,0.0,1.0,0.0,-3.0517578125e-05,-3.0517578125e-05,-3.0517578125e-05,-3.0517578125e-05,-3.0517578125e-05,-3.0517578125e-05,E,2,2026-08-24_23-25-27,2026-08-24
1.0,1.0,0.9211711711711712,0.978494623655914,0.6369426751592356,0.0,0.0,0.0,0.0,1.0,0.0,-3.0517578125e-05,-3.0517578125e-05,-3.0517578125e-05,-3.0517578125e-05,-3.0517578125e-05,-3.0517578125e-05,E,2,2026-08-24_23-25-27,2026-08-24
1.0,0.9553409776704889,0.9144144144144144,0.978494623655914,0.5987261146496815,0.0,0.0,0.0,0.0,1.0,0.0,-3.0517578125e-05,-3.0517578125e-05,-3.0517578125e-05,-3.0517578125e-05,-3.0517578125e-05,-3.0517578125e-05,E,2,2026-08-24_23-25-27,2026-08-24
1.0,0.9770669885334943,0.9099099099099099,1.0,0.5732484076433121,0.0,0.0,0.0,0.0,1.0,0.0,-3.0517578125e-05,-3.0517578125e-05,-3.0517578125e-05,-3.0517578125e-05,-3.0517578125e-05,-3.0517578125e-05,E,2,2026-08-24_23-25-27,2026-08-24
1.0,1.0,0.9121621621621622,1.0,0.6624203821656051,0.0,0.0,0.0,0.0,1.0,0.0,-3.0517578125e-05,-3.0517578125e-05,-3.0517578125e-05,-3.0517578125e-05,-3.0517578125e-05,-3.0517578125e-05,E,2,2026-08-24_23-25-27,2026-08-24
1.0,1.0,0.9256756756756757,1.0,0.6114649681528662,0.0,0.0,0.0,0.0,1.0,0.0,-3.0517578125e-05,-3.0517578125e-05,-3.0517578125e-05,-3.0517578125e-05,-3.0517578125e-05,-3.0517578125e-05,E,2,2026-08-24_23-25-27,2026-08-24
1.0,0.9541339770669885,0.9076576576576577,1.0,0.6878980891719745,0.0,0.0,0.0,0.0,1.0,0.0,-3.0517578125e-05,-3.0517578125e-05,-3.0517578125e-05,-3.0517578125e-05,-3.0517578125e-05,-3.0517578125e-05,E,2,2026-08-24_23-25-27,2026-08-24
1.0,0.9565479782739892,0.9144144144144144,1.0,0.6751592356687898,0.0,0.0,0.0,0.0,1.0,0.0,-3.0517578125e-05,-3.0517578125e-05,-3.0517578125e-05,-3.0517578125e-05,-3.0517578125e-05,-3.0517578125e-05,E,2,2026-08-24_23-25-27,2026-08-24
1.0,0.9553409776704889,0.9121621621621622,1.0,0.6878980891719745,0.0,0.0,0.0,0.0,1.0,0.0,-3.0517578125e-05,-3.0517578125e-05,-3.0517578125e-05,-3.0517578125e-05,-3.0517578125e-05,-3.0517578125e-05,E,2,2026-08-24_23-25-27,2026-08-24
1.0,0.9529269764634882,0.9054054054054054,1.0,0.7515923566878981,0.0,0.0,0.0,0.0,1.0,0.0,-3.0517578125e-05,-3.0517578125e-05,-3.0517578125e-05,-3.0517578125e-05,-3.0517578125e-05,-3.0517578125e-05,E,2,2026-08-24_23-25-27,2026-08-24
1.0,0.9480989740494871,0.8986486486486487,0.9946236559139785,0.6751592356687898,0.0,0.0,0.0,0.0,1.0,0.0,-3.0517578125e-05,-3.0517578125e-05,-3.0517578125e-05,-3.0517578125e-05,-3.0517578125e-05,-3.0517578125e-05,E,2,2026-08-24_23-25-27,2026-08-24
1.0,0.9589619794809897,0.9166666666666666,1.0,0.6242038216560509,0.0,0.0,0.0,0.0,1.0,0.0,-3.0517578125e-05,-3.0517578125e-05,-3.0517578125e-05,-3.0517578125e-05,-3.0517578125e-05,-3.0517578125e-05,E,2,2026-08-24_23-25-27,2026-08-24
1.0,0.9529269764634882,0.9211711711711712,1.0,0.6878980891719745,0.0,0.0,0.0,0.0,1.0,0.0,-3.0517578125e-05,-3.0517578125e-05,-3.0517578125e-05,-3.0517578125e-05,-3.0517578125e-05,-3.0517578125e-05,E,2,2026-08-24_23-25-27,2026-08-24
1.0,0.9553409776704889,0.9031531531531531,1.0,0.6369426751592356,0.0,0.0,0.0,0.0,1.0,0.0,-3.0517578125e-05,-3.0517578125e-05,-3.0517578125e-05,-3.0517578125e-05,-3.0517578125e-05,-3.0517578125e-05,E,2,2026-08-24_23-25-27,2026-08-24
1.0,0.9565479782739892,0.9099099099099099,1.0,0.6242038216560509,0.0,0.0,0.0,0.0,1.0,0.0,-3.0517578125e-05,-3.0517578125e-05,-3.0517578125e-05,-3.0517578125e-05,-3.0517578125e-05,-3.0517578125e-05,E,2,2026-08-24_23-25-27,2026-08-24
1.0,0.9553409776704889,0.9054054054054054,1.0,0.7388535031847133,0.0,0.0,0.0,0.0,1.0,0.0,-3.0517578125e-05,-3.0517578125e-05,-3.0517578125e-05,-3.0517578125e-05,-3.0517578125e-05,-3.0517578125e-05,E,2,2026-08-24_23-25-27,2026-08-24
1.0,0.9613759806879904,0.9166666666666666,1.0,0.7388535031847133,0.0,0.0,0.0,0.0,1.0,0.0,-3.0517578125e-05,-3.0517578125e-05,-3.0517578125e-05,-3.0517578125e-05,-3.0517578125e-05,-3.0517578125e-05,E,2,2026-08-24_23-25-27,2026-08-24
1.0,0.9553409776704889,0.9054054054054054,1.0,0.6496815286624203,0.0,0.0,0.0,0.0,1.0,0.0,-3.0517578125e-05,-3.0517578125e-05,-3.0517578125e-05,-3.0517578125e-05,-3.0517578125e-05,-3.0517578125e-05,E,2,2026-08-24_23-25-27,2026-08-24
1.0,0.9529269764634882,0.9031531531531531,1.0,0.6242038216560509,0.0,0.0,0.0,0.0,1.0,0.0,-3.0517578125e-05,-3.0517578125e-05,-3.0517578125e-05,-3.0517578125e-05,-3.0517578125e-05,-3.0517578125e-05,E,2,2026-08-24_23-25-27,2026-08-24
1.0,0.96016898008449,0.9144144144144144,1.0,0.7006369426751592,0.0,0.0,0.0,0.0,1.0,0.0,-3.0517578125e-05,-3.0517578125e-05,-3.0517578125e-05,-3.0517578125e-05,-3.0517578125e-05,-3.0517578125e-05,E,2,2026-08-24_23-25-27,2026-08-24
1.0,0.9565479782739892,0.9166666666666666,1.0,0.7515923566878981,0.0,0.0,0.0,0.0,1.0,0.0,-3.0517578125e-05,-3.0517578125e-05,-3.0517578125e-05,-3.0517578125e-05,-3.0517578125e-05,-3.0517578125e-05,E,2,2026-08-24_23-25-27,2026-08-24
1.0,0.9613759806879904,0.9121621621621622,1.0,0.6496815286624203,0.0,0.0,0.0,0.0,1.0,0.0,-3.0517578125e-05,-3.0517578125e-05,-3.0517578125e-05,-3.0517578125e-05,-3.0517578125e-05,-3.0517578125e-05,E,2,2026-08-24_23-25-27,2026-08-24
1.0,0.9565479782739892,0.9211711711711712,1.0,0.7261146496815286,0.0,0.0,0.0,0.0,1.0,0.0,-3.0517578125e-05,-3.0517578125e-05,-3.0517578125e-05,-3.0517578125e-05,-3.0517578125e-05,-3.0517578125e-05,E,2,2026-08-24_23-25-27,2026-08-24
1.0,0.9553409776704889,0.9054054054054054,1.0,0.6242038216560509,0.0,0.0,0.0,0.0,1.0,0.0,-3.0517578125e-05,-3.0517578125e-05,-3.0517578125e-05,-3.0517578125e-05,-3.0517578125e-05,-3.0517578125e-05,E,2,2026-08-24_23-25-27,2026-08-24
1.0,0.9613759806879904,0.9256756756756757,1.0,0.7006369426751592,0.0,0.0,0.0,0.0,1.0,0.0,-3.0517578125e-05,-3.0517578125e-05,-3.0517578125e-05,-3.0517578125e-05,-3.0517578125e-05,-3.0517578125e-05,E,2,2026-08-24_23-25-27,2026-08-24
1.0,0.9577549788774894,0.9121621621621622,1.0,0.7006369426751592,0.0,0.0,0.0,0.0,1.0,0.0,-3.0517578125e-05,-3.0517578125e-05,-3.0517578125e-05,-3.0517578125e-05,-3.0517578125e-05,-3.0517578125e-05,E,2,2026-08-24_23-25-27,2026-08-24
1.0,0.96016898008449,0.9166666666666666,0.9946236559139785,0.6496815286624203,0.0,0.0,0.0,0.0,1.0,0.0,-3.0517578125e-05,-3.0517578125e-05,-3.0517578125e-05,-3.0517578125e-05,-3.0517578125e-05,-3.0517578125e-05,E,2,2026-08-24_23-25-27,2026-08-24
1.0,0.936028968014484,1.0,1.0,0.43312101910828027,0.0,0.0,0.0,0.0,1.0,0.0,-3.0517578125e-05,-3.0517578125e-05,-3.0517578125e-05,-3.0517578125e-05,-3.0517578125e-05,-3.0517578125e-05,E,3,2026-08-24_23-25-27,2026-08-24
1.0,0.9348219674109837,1.0,1.0,0.42038216560509556,0.0,0.0,0.0,0.0,1.0,0.0,-3.0517578125e-05,-3.0517578125e-05,-3.0517578125e-05,-3.0517578125e-05,-3.0517578125e-05,-3.0517578125e-05,E,3,2026-08-24_23-25-27,2026-08-24
1.0,0.9372359686179843,1.0,1.0,0.43312101910828027,0.0,0.0,0.0,0.0,1.0,0.0,-3.0517578125e-05,-3.0517578125e-05,-3.0517578125e-05,-3.0517578125e-05,-3.0517578125e-05,-3.0517578125e-05,E,3,2026-08-24_23-25-27,2026-08-24
1.0,0.9396499698249849,1.0,1.0,0.445859872611465,0.0,0.0,0.0,0.0,1.0,0.0,-3.0517578125e-05,-3.0517578125e-05,-3.0517578125e-05,-3.0517578125e-05,-3.0517578125e-05,-3.0517578125e-05,E,3,2026-08-24_23-25-27,2026-08-24
1.0,0.9384429692214846,1.0,1.0,0.36942675159235666,0.0,0.0,0.0,0.0,1.0,0.0,-3.0517578125e-05,-3.0517578125e-05,-3.0517578125e-05,-3.0517578125e-05,-3.0517578125e-05,-3.0517578125e-05,E,3,2026-08-24_23-25-27,2026-08-24
1.0,0.9384429692214846,1.0,1.0,0.42038216560509556,0.0,0.0,0.0,0.0,1.0,0.0,-3.0517578125e-05,-3.0517578125e-05,-3.0517578125e-05,-3.0517578125e-05,-3.0517578125e-05,-3.0517578125e-05,E,3,2026-08-24_23-25-27,2026-08-24
1.0,0.936028968014484,1.0,1.0,0.4713375796178344,0.0,0.0,0.0,0.0,1.0,0.0,-3.0517578125e-05,-3.0517578125e-05,-3.0517578125e-05,-3.0517578125e-05,-3.0517578125e-05,-3.0517578125e-05,E,3,2026-08-24_23-25-27,2026-08-24
1.0,0.9408569704284853,1.0,1.0,0.4840764331210191,0.0,0.0,0.0,0.0,1.0,0.0,-3.0517578125e-05,-3.0517578125e-05,-3.0517578125e-05,-3.0517578125e-05,-3.0517578125e-05,-3.0517578125e-05,E,3,2026-08-24_23-25-27,2026-08-24
1.0,0.936028968014484,1.0,1.0,0.40764331210191085,0.0,0.0,0.0,0.0,1.0,0.0,-3.0517578125e-05,-3.0517578125e-05,-3.0517578125e-05,-3.0517578125e-05,-3.0517578125e-05,-3.0517578125e-05,E,3,2026-08-24_23-25-27,2026-08-24
1.0,0.9396499698249849,1.0,1.0,0.40764331210191085,0.0,0.0,0.0,0.0,1.0,0.0,-3.0517578125e-05,-3.0517578125e-05,-3.0517578125e-05,-3.0517578125e-05,-3.0517578125e-05,-3.0517578125e-05,E,3,2026-08-24_23-25-27,2026-08-24
1.0,0.9420639710319855,1.0,1.0,0.40764331210191085,0.0,0.0,0.0,0.0,1.0,0.0,-3.0517578125e-05,-3.0517578125e-05,-3.0517578125e-05,-3.0517578125e-05,-3.0517578125e-05,-3.0517578125e-05,E,3,2026-08-24_23-25-27,2026-08-24
1.0,0.9348219674109837,1.0,1.0,0.40764331210191085,0.0,0.0,0.0,0.0,1.0,0.0,-3.0517578125e-05,-3.0517578125e-05,-3.0517578125e-05,-3.0517578125e-05,-3.0517578125e-05,-3.0517578125e-05,E,3,2026-08-24_23-25-27,2026-08-24
1.0,0.9372359686179843,1.0,1.0,0.40764331210191085,0.0,0.0,0.0,0.0,1.0,0.0,-3.0517578125e-05,-3.0517578125e-05,-3.0517578125e-05,-3.0517578125e-05,-3.0517578125e-05,-3.0517578125e-05,E,3,2026-08-24_23-25-27,2026-08-24
1.0,0.9384429692214846,1.0,1.0,0.40764331210191085,0.0,0.0,0.0,0.0,1.0,0.0,-3.0517578125e-05,-3.0517578125e-05,-3.0517578125e-05,-3.0517578125e-05,-3.0517578125e-05,-3.0517578125e-05,E,3,2026-08-24_23-25-27,2026-08-24
1.0,0.9336149668074833,1.0,1.0,0.40764331210191085,0.0,0.0,0.0,0.0,1.0,0.0,-3.0517578125e-05,-3.0517578125e-05,-3.0517578125e-05,-3.0517578125e-05,-3.0517578125e-05,-3.0517578125e-05,E,3,2026-08-24_23-25-27,2026-08-24
1.0,0.936028968014484,1.0,1.0,0.40764331210191085,0.0,0.0,0.0,0.0,1.0,0.0,-3.0517578125e-05,-3.0517578125e-05,-3.0517578125e-05,-3.0517578125e-05,-3.0517578125e-05,-3.0517578125e-05,E,3,2026-08-24_23-25-27,2026-08-24
1.0,0.9396499698249849,1.0,1.0,0.40764331210191085,0.0,0.0,0.0,0.0,1.0,0.0,-3.0517578125e-05,-3.0517578125e-05,-3.0517578125e-05,-3.0517578125e-05,-3.0517578125e-05,-3.0517578125e-05,E,3,2026-08-24_23-25-27,2026-08-24
1.0,0.936028968014484,1.0,1.0,0.40764331210191085,0.0,0.0,0.0,0.0,1.0,0.0,-3.0517578125e-05,-3.0517578125e-05,-3.0517578125e-05,-3.0517578125e-05,-3.0517578125e-05,-3.0517578125e-05,E,3,2026-08-24_23-25-27,2026-08-24
1.0,0.9312009656004828,1.0,1.0,0.3821656050955414,0.0,0.0,0.0,0.0,1.0,0.0,-3.0517578125e-05,-3.0517578125e-05,-3.0517578125e-05,-3.0517578125e-05,-3.0517578125e-05,-3.0517578125e-05,E,3,2026-08-24_23-25-27,2026-08-24
1.0,0.9312009656004828,1.0,1.0,0.33121019108280253,0.0,0.0,0.0,0.0,1.0,0.0,-3.0517578125e-05,-3.0517578125e-05,-3.0517578125e-05,-3.0517578125e-05,-3.0517578125e-05,-3.0517578125e-05,E,3,2026-08-24_23-25-27,2026-08-24
1.0,0.9287869643934822,1.0,1.0,0.42038216560509556,0.0,0.0,0.0,0.0,1.0,0.0,-3.0517578125e-05,-3.0517578125e-05,-3.0517578125e-05,-3.0517578125e-05,-3.0517578125e-05,-3.0517578125e-05,E,3,2026-08-24_23-25-27,2026-08-24
1.0,0.9408569704284853,1.0,1.0,0.40764331210191085,0.0,0.0,0.0,0.0,1.0,0.0,-3.0517578125e-05,-3.0517578125e-05,-3.0517578125e-05,-3.0517578125e-05,-3.0517578125e-05,-3.0517578125e-05,E,3,2026-08-24_23-25-27,2026-08-24
1.0,0.9420639710319855,1.0,1.0,0.40764331210191085,0.0,0.0,0.0,0.0,1.0,0.0,-3.0517578125e-05,-3.0517578125e-05,-3.0517578125e-05,-3.0517578125e-05,-3.0517578125e-05,-3.0517578125e-05,E,3,2026-08-24_23-25-27,2026-08-24
1.0,0.9312009656004828,1.0,1.0,0.36942675159235666,0.0,0.0,0.0,0.0,1.0,0.0,-3.0517578125e-05,-3.0517578125e-05,-3.0517578125e-05,-3.0517578125e-05,-3.0517578125e-05,-3.0517578125e-05,E,3,2026-08-24_23-25-27,2026-08-24
1.0,0.9420639710319855,1.0,1.0,0.40764331210191085,0.0,0.0,0.0,0.0,1.0,0.0,-3.0517578125e-05,-3.0517578125e-05,-3.0517578125e-05,-3.0517578125e-05,-3.0517578125e-05,-3.0517578125e-05,E,3,2026-08-24_23-25-27,2026-08-24
1.0,0.9420639710319855,1.0,1.0,0.40764331210191085,0.0,0.0,0.0,0.0,1.0,0.0,-3.0517578125e-05,-3.0517578125e-05,-3.0517578125e-05,-3.0517578125e-05,-3.0517578125e-05,-3.0517578125e-05,E,3,2026-08-24_23-25-27,2026-08-24
1.0,0.9336149668074833,0.9977477477477478,1.0,0.42038216560509556,0.0,0.0,0.0,0.0,1.0,0.0,-3.0517578125e-05,-3.0517578125e-05,-3.0517578125e-05,-3.0517578125e-05,-3.0517578125e-05,-3.0517578125e-05,E,3,2026-08-24_23-25-27,2026-08-24
1.0,0.9275799637899819,1.0,1.0,0.4968152866242038,0.0,0.0,0.0,0.0,1.0,0.0,-3.0517578125e-05,-3.0517578125e-05,-3.0517578125e-05,-3.0517578125e-05,-3.0517578125e-05,-3.0517578125e-05,E,3,2026-08-24_23-25-27,2026-08-24
1.0,0.9372359686179843,1.0,1.0,0.3821656050955414,0.0,0.0,0.0,0.0,1.0,0.0,-3.0517578125e-05,-3.0517578125e-05,-3.0517578125e-05,-3.0517578125e-05,-3.0517578125e-05,-3.0517578125e-05,E,3,2026-08-24_23-25-27,2026-08-24
1.0,0.936028968014484,1.0,1.0,0.445859872611465,0.0,0.0,0.0,0.0,1.0,0.0,-3.0517578125e-05,-3.0517578125e-05,-3.0517578125e-05,-3.0517578125e-05,-3.0517578125e-05,-3.0517578125e-05,E,3,2026-08-24_23-25-27,2026-08-24
1.0,0.923958961979481,1.0,1.0,0.4840764331210191,0.0,0.0,0.0,0.0,1.0,0.0,-3.0517578125e-05,-3.0517578125e-05,-3.0517578125e-05,-3.0517578125e-05,-3.0517578125e-05,-3.0517578125e-05,E,3,2026-08-24_23-25-27,2026-08-24
1.0,0.9263729631864815,1.0,1.0,0.42038216560509556,0.0,0.0,0.0,0.0,1.0,0.0,-3.0517578125e-05,-3.0517578125e-05,-3.0517578125e-05,-3.0517578125e-05,-3.0517578125e-05,-3.0517578125e-05,E,3,2026-08-24_23-25-27,2026-08-24
1.0,0.9324079662039831,1.0,1.0,0.42038216560509556,0.0,0.0,0.0,0.0,1.0,0.0,-3.0517578125e-05,-3.0517578125e-05,-3.0517578125e-05,-3.0517578125e-05,-3.0517578125e-05,-3.0517578125e-05,E,3,2026-08-24_23-25-27,2026-08-24
1.0,0.9396499698249849,1.0,1.0,0.40764331210191085,0.0,0.0,0.0,0.0,1.0,0.0,-3.0517578125e-05,-3.0517578125e-05,-3.0517578125e-05,-3.0517578125e-05,-3.0517578125e-05,-3.0517578125e-05,E,3,2026-08-24_23-25-27,2026-08-24
1.0,0.9372359686179843,1.0,1.0,0.40764331210191085,0.0,0.0,0.0,0.0,1.0,0.0,-3.0517578125e-05,-3.0517578125e-05,-3.0517578125e-05,-3.0517578125e-05,-3.0517578125e-05,-3.0517578125e-05,E,3,2026-08-24_23-25-27,2026-08-24
1.0,0.9348219674109837,1.0,1.0,0.40764331210191085,0.0,0.0,0.0,0.0,1.0,0.0,-3.0517578125e-05,-3.0517578125e-05,-3.0517578125e-05,-3.0517578125e-05,-3.0517578125e-05,-3.0517578125e-05,E,3,2026-08-24_23-25-27,2026-08-24
1.0,0.9251659625829813,0.9887387387387387,1.0,0.40764331210191085,0.0,0.0,0.0,0.0,1.0,0.0,-3.0517578125e-05,-3.0517578125e-05,-3.0517578125e-05,-3.0517578125e-05,-3.0517578125e-05,-3.0517578125e-05,E,3,2026-08-24_23-25-27,2026-08-24
1.0,0.9336149668074833,1.0,1.0,0.42038216560509556,0.0,0.0,0.0,0.0,1.0,0.0,-3.0517578125e-05,-3.0517578125e-05,-3.0517578125e-05,-3.0517578125e-05,-3.0517578125e-05,-3.0517578125e-05,E,3,2026-08-24_23-25-27,2026-08-24
1.0,0.9263729631864815,1.0,1.0,0.40764331210191085,0.0,0.0,0.0,0.0,1.0,0.0,-3.0517578125e-05,-3.0517578125e-05,-3.0517578125e-05,-3.0517578125e-05,-3.0517578125e-05,-3.0517578125e-05,E,3,2026-08-24_23-25-27,2026-08-24
1.0,0.9299939649969825,1.0,1.0,0.43312101910828027,0.0,0.0,0.0,0.0,1.0,0.0,-3.0517578125e-05,-3.0517578125e-05,-3.0517578125e-05,-3.0517578125e-05,-3.0517578125e-05,-3.0517578125e-05,E,3,2026-08-24_23-25-27,2026-08-24
1.0,0.9674109837054918,0.9797297297297297,1.0,0.2802547770700637,1.0,0.0,0.0,0.0,1.0,0.0,-3.0517578125e-05,-3.0517578125e-05,-3.0517578125e-05,-3.0517578125e-05,-3.0517578125e-05,-3.0517578125e-05,E,4,2026-08-24_23-25-27,2026-08-24
1.0,0.975859987929994,0.9662162162162162,1.0,0.14012738853503184,1.0,0.0,0.0,0.0,1.0,0.0,-3.0517578125e-05,-3.0517578125e-05,-3.0517578125e-05,-3.0517578125e-05,-3.0517578125e-05,-3.0517578125e-05,E,4,2026-08-24_23-25-27,2026-08-24
1.0,0.9649969824984912,0.9774774774774775,1.0,0.14012738853503184,1.0,0.0,0.0,0.0,1.0,0.0,-3.0517578125e-05,-3.0517578125e-05,-3.0517578125e-05,-3.0517578125e-05,-3.0517578125e-05,-3.0517578125e-05,E,4,2026-08-24_23-25-27,2026-08-24
1.0,0.9336149668074833,0.9707207207207207,1.0,0.11464968152866242,1.0,0.0,0.0,0.0,1.0,0.0,-3.0517578125e-05,-3.0517578125e-05,-3.0517578125e-05,-3.0517578125e-05,-3.0517578125e-05,-3.0517578125e-05,E,4,2026-08-24_23-25-27,2026-08-24
1.0,0.9287869643934822,0.9774774774774775,1.0,0.21656050955414013,1.0,0.0,0.0,0.0,1.0,0.0,-3.0517578125e-05,-3.0517578125e-05,-3.0517578125e-05,-3.0517578125e-05,-3.0517578125e-05,-3.0517578125e-05,E,4,2026-08-24_23-25-27,2026-08-24
1.0,0.9420639710319855,0.9481981981981982,1.0,0.17834394904458598,1.0,0.0,0.0,0.0,1.0,0.0,-3.0517578125e-05,-3.0517578125e-05,-3.0517578125e-05,-3.0517578125e-05,-3.0517578125e-05,-3.0517578125e-05,E,4,2026-08-24_23-25-27,2026-08-24
1.0,0.9408569704284853,0.9707207207207207,1.0,0.17834394904458598,1.0,0.0,0.0,0.0,1.0,0.0,-3.0517578125e-05,-3.0517578125e-05,-3.0517578125e-05,-3.0517578125e-05,-3.0517578125e-05,-3.0517578125e-05,E,4,2026-08-24_23-25-27,2026-08-24
1.0,0.9493059746529873,0.972972972972973,1.0,0.25477707006369427,1.0,0.0,0.0,0.0,1.0,0.0,-3.0517578125e-05,-3.0517578125e-05,-3.0517578125e-05,-3.0517578125e-05,-3.0517578125e-05,-3.0517578125e-05,E,4,2026-08-24_23-25-27,2026-08-24
1.0,0.9324079662039831,0.9752252252252253,1.0,0.25477707006369427,1.0,0.0,0.0,0.0,1.0,0.0,-3.0517578125e-05,-3.0517578125e-05,-3.0517578125e-05,-3.0517578125e-05,-3.0517578125e-05,-3.0517578125e-05,E,4,2026-08-24_23-25-27,2026-08-24
1.0,0.9493059746529873,0.9819819819819819,1.0,0.12738853503184713,1.0,0.0,0.0,0.0,1.0,0.0,-3.0517578125e-05,-3.0517578125e-05,-3.0517578125e-05,-3.0517578125e-05,-3.0517578125e-05,-3.0517578125e-05,E,4,2026-08-24_23-25-27,2026-08-24
1.0,1.0,0.9662162162162162,1.0,0.267515923566879,1.0,0.0,0.0,0.0,1.0,0.0,-3.0517578125e-05,-3.0517578125e-05,-3.0517578125e-05,-3.0517578125e-05,-3.0517578125e-05,-3.0517578125e-05,E,4,2026-08-24_23-25-27,2026-08-24
1.0,0.9420639710319855,0.9774774774774775,1.0,0.2802547770700637,1.0,0.0,0.0,0.0,1.0,0.0,-3.0517578125e-05,-3.0517578125e-05,-3.0517578125e-05,-3.0517578125e-05,-3.0517578125e-05,-3.0517578125e-05,E,4,2026-08-24_23-25-27,2026-08-24
1.0,0.9287869643934822,0.9572072072072072,1.0,0.12738853503184713,1.0,0.0,0.0,0.0,1.0,0.0,-3.0517578125e-05,-3.0517578125e-05,-3.0517578125e-05,-3.0517578125e-05,-3.0517578125e-05,-3.0517578125e-05,E,4,2026-08-24_23-25-27,2026-08-24
1.0,0.8756789378394689,0.9752252252252253,1.0,0.25477707006369427,1.0,0.0,0.0,0.0,1.0,0.0,-3.0517578125e-05,-3.0517578125e-05,-3.0517578125e-05,-3.0517578125e-05,-3.0517578125e-05,-3.0517578125e-05,E,4,2026-08-24_23-25-27,2026-08-24
1.0,0.8829209414604707,0.9617117117117117,1.0,0.17834394904458598,1.0,0.0,0.0,0.0,1.0,0.0,-3.0517578125e-05,-3.0517578125e-05,-3.0517578125e-05,-3.0517578125e-05,-3.0517578125e-05,-3.0517578125e-05,E,4,2026-08-24_23-25-27,2026-08-24
1.0,0.8853349426674714,0.9752252252252253,1.0,0.3184713375796178,1.0,0.0,0.0,0.0,1.0,0.0,-3.0517578125e-05,-3.0517578125e-05,-3.0517578125e-05,-3.0517578125e-05,-3.0517578125e-05,-3.0517578125e-05,E,4,2026-08-24_23-25-27,2026-08-24
1.0,0.8805069402534701,0.9459459459459459,1.0,0.21656050955414013,1.0,0.0,0.0,0.0,1.0,0.0,-3.0517578125e-05,-3.0517578125e-05,-3.0517578125e-05,-3.0517578125e-05,-3.0517578125e-05,-3.0517578125e-05,E,4,2026-08-24_23-25-27,2026-08-24
1.0,0.8865419432709717,0.954954954954955,1.0,0.2802547770700637,1.0,0.0,0.0,0.0,1.0,0.0,-3.0517578125e-05,-3.0517578125e-05,-3.0517578125e-05,-3.0517578125e-05,-3.0517578125e-05,-3.0517578125e-05,E,4,2026-08-24_23-25-27,2026-08-24
1.0,0.8792999396499698,0.9774774774774775,1.0,0.22929936305732485,1.0,0.0,0.0,0.0,1.0,0.0,-3.0517578125e-05,-3.0517578125e-05,-3.0517578125e-05,-3.0517578125e-05,-3.0517578125e-05,-3.0517578125e-05,E,4,2026-08-24_23-25-27,2026-08-24
1.0,1.0,0.972972972972973,1.0,0.267515923566879,1.0,0.0,0.0,0.0,1.0,0.0,-3.0517578125e-05,-3.0517578125e-05,-3.0517578125e-05,-3.0517578125e-05,-3.0517578125e-05,-3.0517578125e-05,E,4,2026-08-24_23-25-27,2026-08-24
1.0,0.9034399517199758,0.9414414414414415,1.0,0.17834394904458598,1.0,0.0,0.0,0.0,1.0,0.0,-3.0517578125e-05,-3.0517578125e-05,-3.0517578125e-05,-3.0517578125e-05,-3.0517578125e-05,-3.0517578125e-05,E,4,2026-08-24_23-25-27,2026-08-24
1.0,0.936028968014484,0.972972972972973,1.0,0.17834394904458598,1.0,0.0,0.0,0.0,1.0,0.0,-3.0517578125e-05,-3.0517578125e-05,-3.0517578125e-05,-3.0517578125e-05,-3.0517578125e-05,-3.0517578125e-05,E,4,2026-08-24_23-25-27,2026-08-24
1.0,0.9420639710319855,0.9819819819819819,1.0,0.267515923566879,1.0,0.0,0.0,0.0,1.0,0.0,-3.0517578125e-05,-3.0517578125e-05,-3.0517578125e-05,-3.0517578125e-05,-3.0517578125e-05,-3.0517578125e-05,E,4,2026-08-24_23-25-27,2026-08-24
1.0,0.96016898008449,0.9684684684684685,1.0,0.21656050955414013,1.0,0.0,0.0,0.0,1.0,0.0,-3.0517578125e-05,-3.0517578125e-05,-3.0517578125e-05,-3.0517578125e-05,-3.0517578125e-05,-3.0517578125e-05,E,4,2026-08-24_23-25-27,2026-08-24
1.0,0.9155099577549789,0.9504504504504504,1.0,0.267515923566879,1.0,0.0,0.0,0.0,1.0,0.0,-3.0517578125e-05,-3.0517578125e-05,-3.0517578125e-05,-3.0517578125e-05,-3.0517578125e-05,-3.0517578125e-05,E,4,2026-08-24_23-25-27,2026-08-24
1.0,0.9034399517199758,0.9662162162162162,1.0,0.22929936305732485,1.0,0.0,0.0,0.0,1.0,0.0,-3.0517578125e-05,-3.0517578125e-05,-3.0517578125e-05,-3.0517578125e-05,-3.0517578125e-05,-3.0517578125e-05,E,4,2026-08-24_23-25-27,2026-08-24
1.0,0.9674109837054918,0.9684684684684685,1.0,0.24203821656050956,1.0,0.0,0.0,0.0,1.0,0.0,-3.0517578125e-05,-3.0517578125e-05,-3.0517578125e-05,-3.0517578125e-05,-3.0517578125e-05,-3.0517578125e-05,E,4,2026-08-24_23-25-27,2026-08-24
1.0,1.0,0.9504504504504504,1.0,0.20382165605095542,1.0,0.0,0.0,0.0,1.0,0.0,-3.0517578125e-05,-3.0517578125e-05,-3.0517578125e-05,-3.0517578125e-05,-3.0517578125e-05,-3.0517578125e-05,E,4,2026-08-24_23-25-27,2026-08-24
1.0,0.9348219674109837,0.963963963963964,1.0,0.1910828025477707,1.0,0.0,0.0,0.0,1.0,0.0,-3.0517578125e-05,-3.0517578125e-05,-3.0517578125e-05,-3.0517578125e-05,-3.0517578125e-05,-3.0517578125e-05,E,4,2026-08-24_23-25-27,2026-08-24
1.0,0.8829209414604707,0.972972972972973,1.0,0.24203821656050956,1.0,0.0,0.0,0.0,1.0,0.0,-3.0517578125e-05,-3.0517578125e-05,-3.0517578125e-05,-3.0517578125e-05,-3.0517578125e-05,-3.0517578125e-05,E,4,2026-08-24_23-25-27,2026-08-24
1.0,0.9034399517199758,0.9752252252252253,1.0,0.16560509554140126,1.0,0.0,0.0,0.0,1.0,0.0,-3.0517578125e-05,-3.0517578125e-05,-3.0517578125e-05,-3.0517578125e-05,-3.0517578125e-05,-3.0517578125e-05,E,4,2026-08-24_23-25-27,2026-08-24
1.0,1.0,0.9684684684684685,1.0,0.2802547770700637,1.0,0.0,0.0,0.0,1.0,0.0,-3.0517578125e-05,-3.0517578125e-05,-3.0517578125e-05,-3.0517578125e-05,-3.0517578125e-05,-3.0517578125e-05,E,4,2026-08-24_23-25-27,2026-08-24
1.0,0.9456849728424864,0.9752252252252253,1.0,0.21656050955414013,1.0,0.0,0.0,0.0,1.0,0.0,-3.0517578125e-05,-3.0517578125e-05,-3.0517578125e-05,-3.0517578125e-05,-3.0517578125e-05,-3.0517578125e-05,E,4,2026-08-24_23-25-27,2026-08-24
1.0,0.8805069402534701,0.9774774774774775,1.0,0.24203821656050956,1.0,0.0,0.0,0.0,1.0,0.0,-3.0517578125e-05,-3.0517578125e-05,-3.0517578125e-05,-3.0517578125e-05,-3.0517578125e-05,-3.0517578125e-05,E,4,2026-08-24_23-25-27,2026-08-24
1.0,0.8792999396499698,0.954954954954955,1.0,0.16560509554140126,1.0,0.0,0.0,0.0,1.0,0.0,-3.0517578125e-05,-3.0517578125e-05,-3.0517578125e-05,-3.0517578125e-05,-3.0517578125e-05,-3.0517578125e-05,E,4,2026-08-24_23-25-27,2026-08-24
1.0,0.8829209414604707,0.972972972972973,1.0,0.1910828025477707,1.0,0.0,0.0,0.0,1.0,0.0,-3.0517578125e-05,-3.0517578125e-05,-3.0517578125e-05,-3.0517578125e-05,-3.0517578125e-05,-3.0517578125e-05,E,4,2026-08-24_23-25-27,2026-08-24
1.0,0.8805069402534701,0.9774774774774775,1.0,0.20382165605095542,1.0,0.0,0.0,0.0,1.0,0.0,-3.0517578125e-05,-3.0517578125e-05,-3.0517578125e-05,-3.0517578125e-05,-3.0517578125e-05,-3.0517578125e-05,E,4,2026-08-24_23-25-27,2026-08-24
1.0,0.8817139408569704,0.9594594594594594,1.0,0.22929936305732485,1.0,0.0,0.0,0.0,1.0,0.0,-3.0517578125e-05,-3.0517578125e-05,-3.0517578125e-05,-3.0517578125e-05,-3.0517578125e-05,-3.0517578125e-05,E,4,2026-08-24_23-25-27,2026-08-24
1.0,0.9275799637899819,0.9527027027027027,1.0,0.21656050955414013,1.0,0.0,0.0,0.0,1.0,0.0,-3.0517578125e-05,-3.0517578125e-05,-3.0517578125e-05,-3.0517578125e-05,-3.0517578125e-05,-3.0517578125e-05,E,4,2026-08-24_23-25-27,2026-08-24
1.0,0.8780929390464696,0.972972972972973,1.0,0.24203821656050956,1.0,0.0,0.0,0.0,1.0,0.0,-3.0517578125e-05,-3.0517578125e-05,-3.0517578125e-05,-3.0517578125e-05,-3.0517578125e-05,-3.0517578125e-05,E,4,2026-08-24_23-25-27,2026-08-24
0.11979732175171914,0.0,0.0,0.6989247311827957,1.0,0.0,1.0,1.0,1.0,1.0,1.0,-3.0517578125e-05,-3.0517578125e-05,-3.0517578125e-05,-3.0517578125e-05,-3.0517578125e-05,-3.0517578125e-05,F,0,2026-08-24_23-25-27,2026-08-24
0.10314875135722042,0.0,0.0,0.7580645161290323,1.0,0.0,1.0,1.0,1.0,1.0,1.0,-3.0517578125e-05,-3.0517578125e-05,-3.0517578125e-05,-3.0517578125e-05,-3.0517578125e-05,-3.0517578125e-05,F,0,2026-08-24_23-25-27,2026-08-24
0.08794788273615635,0.0,0.0,0.7258064516129032,1.0,0.0,1.0,1.0,1.0,1.0,1.0,-3.0517578125e-05,-3.0517578125e-05,-3.0517578125e-05,-3.0517578125e-05,-3.0517578125e-05,-3.0517578125e-05,F,0,2026-08-24_23-25-27,2026-08-24
0.0749185667752443,0.0,0.0,0.6612903225806451,1.0,0.0,1.0,1.0,1.0,1.0,1.0,-3.0517578125e-05,-3.0517578125e-05,-3.0517578125e-05,-3.0517578125e-05,-3.0517578125e-05,-3.0517578125e-05,F,0,2026-08-24_23-25-27,2026-08-24
0.07347086500180963,0.0,0.0,0.6827956989247311,1.0,0.0,1.0,1.0,1.0,1.0,1.0,-3.0517578125e-05,-3.0517578125e-05,-3.0517578125e-05,-3.0517578125e-05,-3.0517578125e-05,-3.0517578125e-05,F,0,2026-08-24_23-25-27,2026-08-24
0.06912775968150561,0.0,0.0,0.6612903225806451,1.0,0.0,1.0,1.0,1.0,1.0,1.0,-3.0517578125e-05,-3.0517578125e-05,-3.0517578125e-05,-3.0517578125e-05,-3.0517578125e-05,-3.0517578125e-05,F,0,2026-08-24_23-25-27,2026-08-24
0.06912775968150561,0.9782739891369946,0.0,0.6881720430107527,1.0,0.0,1.0,1.0,1.0,1.0,1.0,-3.0517578125e-05,-3.0517578125e-05,-3.0517578125e-05,-3.0517578125e-05,-3.0517578125e-05,-3.0517578125e-05,F,0,2026-08-24_23-25-27,2026-08-24
0.06912775968150561,0.0343995171997586,0.0,0.6666666666666666,1.0,0.0,1.0,1.0,1.0,1.0,1.0,-3.0517578125e-05,-3.0517578125e-05,-3.0517578125e-05,-3.0517578125e-05,-3.0517578125e-05,-3.0517578125e-05,F,0,2026-08-24_23-25-27,2026-08-24
0.05175533840028954,0.0,0.0,0.6666666666666666,1.0,0.0,1.0,1.0,1.0,1.0,1.0,-3.0517578125e-05,-3.0517578125e-05,-3.0517578125e-05,-3.0517578125e-05,-3.0517578125e-05,-3.0517578125e-05,F,0,2026-08-24_23-25-27,2026-08-24
0.045240680419833514,0.0,0.0,0.6935483870967742,1.0,0.0,1.0,1.0,1.0,1.0,1.0,-3.0517578125e-05,-3.0517578125e-05,-3.0517578125e-05,-3.0517578125e-05,-3.0517578125e-05,-3.0517578125e-05,F,0,2026-08-24_23-25-27,2026-08-24
0.043069127759681504,0.0,0.0,0.6774193548387096,1.0,0.0,1.0,1.0,1.0,1.0,1.0,-3.0517578125e-05,-3.0517578125e-05,-3.0517578125e-05,-3.0517578125e-05,-3.0517578125e-05,-3.0517578125e-05,F,0,2026-08-24_23-25-27,2026-08-24
0.040897575099529494,0.0,0.0,0.6935483870967742,1.0,0.0,1.0,1.0,1.0,1.0,1.0,-3.0517578125e-05,-3.0517578125e-05,-3.0517578125e-05,-3.0517578125e-05,-3.0517578125e-05,-3.0517578125e-05,F,0,2026-08-24_23-25-27,2026-08-24
0.038002171552660155,0.0,0.0,0.6774193548387096,1.0,0.0,1.0,1.0,1.0,1.0,1.0,-3.0517578125e-05,-3.0517578125e-05,-3.0517578125e-05,-3.0517578125e-05,-3.0517578125e-05,-3.0517578125e-05,F,0,2026-08-24_23-25-27,2026-08-24
0.043069127759681504,0.0,0.0,0.6774193548387096,1.0,0.0,1.0,1.0,1.0,1.0,1.0,-3.0517578125e-05,-3.0517578125e-05,-3.0517578125e-05,-3.0517578125e-05,-3.0517578125e-05,-3.0517578125e-05,F,0,2026-08-24_23-25-27,2026-08-24
0.033659066232356136,0.0,0.0,0.7096774193548387,1.0,0.0,1.0,1.0,1.0,1.0,1.0,-3.0517578125e-05,-3.0517578125e-05,-3.0517578125e-05,-3.0517578125e-05,-3.0517578125e-05,-3.0517578125e-05,F,0,2026-08-24_23-25-27,2026-08-24
0.03510676800579081,0.0,0.0,0.7096774193548387,1.0,0.0,1.0,1.0,1.0,1.0,1.0,-3.0517578125e-05,-3.0517578125e-05,-3.0517578125e-05,-3.0517578125e-05,-3.0517578125e-05,-3.0517578125e-05,F,0,2026-08-24_23-25-27,2026-08-24
0.033659066232356136,0.0,0.0,0.7204301075268817,1.0,0.0,1.0,1.0,1.0,1.0,1.0,-3.0517578125e-05,-3.0517578125e-05,-3.0517578125e-05,-3.0517578125e-05,-3.0517578125e-05,-3.0517578125e-05,F,0,2026-08-24_23-25-27,2026-08-24
0.03510676800579081,0.0,0.0,0.6612903225806451,1.0,0.0,1.0,1.0,1.0,1.0,1.0,-3.0517578125e-05,-3.0517578125e-05,-3.0517578125e-05,-3.0517578125e-05,-3.0517578125e-05,-3.0517578125e-05,F,0,2026-08-24_23-25-27,2026-08-24
0.033659066232356136,0.0,0.0,0.6720430107526881,1.0,0.0,1.0,1.0,1.0,1.0,1.0,-3.0517578125e-05,-3.0517578125e-05,-3.0517578125e-05,-3.0517578125e-05,-3.0517578125e-05,-3.0517578125e-05,F,0,2026-08-24_23-25-27,2026-08-24
0.0329352153456388,0.0,0.0,0.7204301075268817,1.0,0.0,1.0,1.0,1.0,1.0,1.0,-3.0517578125e-05,-3.0517578125e-05,-3.0517578125e-05,-3.0517578125e-05,-3.0517578125e-05,-3.0517578125e-05,F,0,2026-08-24_23-25-27,2026-08-24
0.04379297864639884,0.0,0.0,0.6666666666666666,1.0,0.0,1.0,1.0,1.0,1.0,1.0,-3.0517578125e-05,-3.0517578125e-05,-3.0517578125e-05,-3.0517578125e-05,-3.0517578125e-05,-3.0517578125e-05,F,0,2026-08-24_23-25-27,2026-08-24
0.03727832066594282,0.0,0.0,0.6612903225806451,1.0,0.0,1.0,1.0,1.0,1.0,1.0,-3.0517578125e-05,-3.0517578125e-05,-3.0517578125e-05,-3.0517578125e-05,-3.0517578125e-05,-3.0517578125e-05,F,0,2026-08-24_23-25-27,2026-08-24
0.04451682953311618,0.0,0.0,0.7204301075268817,0.6624203821656051,0.0,1.0,1.0,1.0,1.0,1.0,-3.0517578125e-05,-3.0517578125e-05,-3.0517578125e-05,-3.0517578125e-05,-3.0517578125e-05,-3.0517578125e-05,F,0,2026-08-24_23-25-27,2026-08-24
0.05247918928700688,0.0,0.0,0.7258064516129032,0.7006369426751592,0.0,1.0,1.0,1.0,1.0,1.0,-3.0517578125e-05,-3.0517578125e-05,-3.0517578125e-05,-3.0517578125e-05,-3.0517578125e-05,-3.0517578125e-05,F,0,2026-08-24_23-25-27,2026-08-24
0.06912775968150561,0.0,0.0,0.7096774193548387,0.6242038216560509,0.0,1.0,1.0,1.0,1.0,1.0,-3.0517578125e-05,-3.0517578125e-05,-3.0517578125e-05,-3.0517578125e-05,-3.0517578125e-05,-3.0517578125e-05,F,0,2026-08-24_23-25-27,2026-08-24
0.06912775968150561,0.0,0.0,0.6612903225806451,0.6624203821656051,0.0,1.0,1.0,1.0,1.0,1.0,-3.0517578125e-05,-3.0517578125e-05,-3.0517578125e-05,-3.0517578125e-05,-3.0517578125e-05,-3.0517578125e-05,F,0,2026-08-24_23-25-27,2026-08-24
0.21606948968512488,0.0,0.0,0.6935483870967742,0.7006369426751592,0.0,1.0,1.0,1.0,1.0,1.0,-3.0517578125e-05,-3.0517578125e-05,-3.0517578125e-05,-3.0517578125e-05,-3.0517578125e-05,-3.0517578125e-05,F,0,2026-08-24_23-25-27,2026-08-24
0.20521172638436483,0.0,0.0,0.7258064516129032,0.5987261146496815,0.0,1.0,1.0,1.0,1.0,1.0,-3.0517578125e-05,-3.0517578125e-05,-3.0517578125e-05,-3.0517578125e-05,-3.0517578125e-05,-3.0517578125e-05,F,0,2026-08-24_23-25-27,2026-08-24
0.14730365544697793,0.0,0.0,0.6612903225806451,0.7261146496815286,0.0,1.0,1.0,1.0,1.0,1.0,-3.0517578125e-05,-3.0517578125e-05,-3.0517578125e-05,-3.0517578125e-05,-3.0517578125e-05,-3.0517578125e-05,F,0,2026-08-24_23-25-27,2026-08-24
0.14585595367354326,0.0,0.0,0.7311827956989247,0.6114649681528662,0.0,1.0,1.0,1.0,1.0,1.0,-3.0517578125e-05,-3.0517578125e-05,-3.0517578125e-05,-3.0517578125e-05,-3.0517578125e-05,-3.0517578125e-05,F,0,2026-08-24_23-25-27,2026-08-24
0.1386174448063699,0.0,0.0,0.6612903225806451,0.6751592356687898,0.0,1.0,1.0,1.0,1.0,1.0,-3.0517578125e-05,-3.0517578125e-05,-3.0517578125e-05,-3.0517578125e-05,-3.0517578125e-05,-3.0517578125e-05,F,0,2026-08-24_23-25-27,2026-08-24
0.14802750633369527,0.0,0.0,0.6935483870967742,0.6369426751592356,0.0,1.0,1.0,1.0,1.0,1.0,-3.0517578125e-05,-3.0517578125e-05,-3.0517578125e-05,-3.0517578125e-05,-3.0517578125e-05,-3.0517578125e-05,F,0,2026-08-24_23-25-27,2026-08-24
0.1444082519001086,0.0,0.0,0.6612903225806451,0.6114649681528662,0.0,1.0,1.0,1.0,1.0,1.0,-3.0517578125e-05,-3.0517578125e-05,-3.0517578125e-05,-3.0517578125e-05,-3.0517578125e-05,-3.0517578125e-05,F,0,2026-08-24_23-25-27,2026-08-24
0.12269272529858849,0.0,0.0,0.6827956989247311,0.6114649681528662,0.0,1.0,1.0,1.0,1.0,1.0,-3.0517578125e-05,-3.0517578125e-05,-3.0517578125e-05,-3.0517578125e-05,-3.0517578125e-05,-3.0517578125e-05,F,0,2026-08-24_23-25-27,2026-08-24
0.14802750633369527,0.0,0.0,0.6720430107526881,0.6242038216560509,0.0,1.0,1.0,1.0,1.0,1.0,-3.0517578125e-05,-3.0517578125e-05,-3.0517578125e-05,-3.0517578125e-05,-3.0517578125e-05,-3.0517578125e-05,F,0,2026-08-24_23-25-27,2026-08-24
0.15381831342743396,0.0,0.0,0.6666666666666666,0.6624203821656051,0.0,1.0,1.0,1.0,1.0,1.0,-3.0517578125e-05,-3.0517578125e-05,-3.0517578125e-05,-3.0517578125e-05,-3.0517578125e-05,-3.0517578125e-05,F,0,2026-08-24_23-25-27,2026-08-24
0.15598986608758597,0.0,0.0,0.6935483870967742,0.535031847133758,0.0,1.0,1.0,1.0,1.0,1.0,-3.0517578125e-05,-3.0517578125e-05,-3.0517578125e-05,-3.0517578125e-05,-3.0517578125e-05,-3.0517578125e-05,F,0,2026-08-24_23-25-27,2026-08-24
0.1610568222946073,0.0,0.0,0.6612903225806451,0.7388535031847133,0.0,1.0,1.0,1.0,1.0,1.0,-3.0517578125e-05,-3.0517578125e-05,-3.0517578125e-05,-3.0517578125e-05,-3.0517578125e-05,-3.0517578125e-05,F,0,2026-08-24_23-25-27,2026-08-24
0.16178067318132464,0.0,0.0,0.6935483870967742,0.6242038216560509,0.0,1.0,1.0,1.0,1.0,1.0,-3.0517578125e-05,-3.0517578125e-05,-3.0517578125e-05,-3.0517578125e-05,-3.0517578125e-05,-3.0517578125e-05,F,0,2026-08-24_23-25-27,2026-08-24
0.16757148027506333,0.0,0.0,0.6935483870967742,0.6114649681528662,0.0,1.0,1.0,1.0,1.0,1.0,-3.0517578125e-05,-3.0517578125e-05,-3.0517578125e-05,-3.0517578125e-05,-3.0517578125e-05,-3.0517578125e-05,F,0,2026-08-24_23-25-27,2026-08-24
0.0,0.0,0.0,0.6612903225806451,0.535031847133758,0.0,1.0,1.0,1.0,1.0,1.0,-3.0517578125e-05,-3.0517578125e-05,-3.0517578125e-05,-3.0517578125e-05,-3.0517578125e-05,-3.0517578125e-05,F,1,2026-08-24_23-25-27,2026-08-24
0.010495837857401375,0.0,0.0,0.6236559139784946,0.4713375796178344,0.0,1.0,1.0,1.0,1.0,1.0,-3.0517578125e-05,-3.0517578125e-05,-3.0517578125e-05,-3.0517578125e-05,-3.0517578125e-05,-3.0517578125e-05,F,1,2026-08-24_23-25-27,2026-08-24
0.008324285197249367,0.0,0.0,0.6451612903225806,0.4713375796178344,0.0,1.0,1.0,1.0,1.0,1.0,-3.0517578125e-05,-3.0517578125e-05,-3.0517578125e-05,-3.0517578125e-05,-3.0517578125e-05,-3.0517578125e-05,F,1,2026-08-24_23-25-27,2026-08-24
0.010495837857401375,0.0,0.0,0.6559139784946236,0.445859872611465,0.0,1.0,1.0,1.0,1.0,1.0,-3.0517578125e-05,-3.0517578125e-05,-3.0517578125e-05,-3.0517578125e-05,-3.0517578125e-05,-3.0517578125e-05,F,1,2026-08-24_23-25-27,2026-08-24
0.014115092290988056,0.0,0.0,0.6720430107526881,0.5477707006369427,0.0,1.0,1.0,1.0,1.0,1.0,-3.0517578125e-05,-3.0517578125e-05,-3.0517578125e-05,-3.0517578125e-05,-3.0517578125e-05,-3.0517578125e-05,F,1,2026-08-24_23-25-27,2026-08-24
0.023525153818313427,0.0,0.0,0.6612903225806451,0.43312101910828027,0.0,1.0,1.0,1.0,1.0,1.0,-3.0517578125e-05,-3.0517578125e-05,-3.0517578125e-05,-3.0517578125e-05,-3.0517578125e-05,-3.0517578125e-05,F,1,2026-08-24_23-25-27,2026-08-24
0.01773434672457474,0.0,0.0,0.6397849462365591,0.5222929936305732,0.0,1.0,1.0,1.0,1.0,1.0,-3.0517578125e-05,-3.0517578125e-05,-3.0517578125e-05,-3.0517578125e-05,-3.0517578125e-05,-3.0517578125e-05,F,1,2026-08-24_23-25-27,2026-08-24
0.012667390517553384,0.0,0.0,0.6505376344086021,0.4840764331210191,0.0,1.0,1.0,1.0,1.0,1.0,-3.0517578125e-05,-3.0517578125e-05,-3.0517578125e-05,-3.0517578125e-05,-3.0517578125e-05,-3.0517578125e-05,F,1,2026-08-24_23-25-27,2026-08-24
0.022077452044878754,0.0,0.0,0.6290322580645161,0.5605095541401274,0.0,1.0,1.0,1.0,1.0,1.0,-3.0517578125e-05,-3.0517578125e-05,-3.0517578125e-05,-3.0517578125e-05,-3.0517578125e-05,-3.0517578125e-05,F,1,2026-08-24_23-25-27,2026-08-24
0.024249004705030764,0.0,0.0,0.6612903225806451,0.535031847133758,0.0,1.0,1.0,1.0,1.0,1.0,-3.0517578125e-05,-3.0517578125e-05,-3.0517578125e-05,-3.0517578125e-05,-3.0517578125e-05,-3.0517578125e-05,F,1,2026-08-24_23-25-27,2026-08-24
0.022077452044878754,0.0,0.0,0.6451612903225806,0.445859872611465,0.0,1.0,1.0,1.0,1.0,1.0,-3.0517578125e-05,-3.0517578125e-05,-3.0517578125e-05,-3.0517578125e-05,-3.0517578125e-05,-3.0517578125e-05,F,1,2026-08-24_23-25-27,2026-08-24
0.019905899384726745,0.0,0.0,0.6612903225806451,0.5222929936305732,0.0,1.0,1.0,1.0,1.0,1.0,-3.0517578125e-05,-3.0517578125e-05,-3.0517578125e-05,-3.0517578125e-05,-3.0517578125e-05,-3.0517578125e-05,F,1,2026-08-24_23-25-27,2026-08-24
0.03221136445892146,0.0,0.0,0.6612903225806451,0.535031847133758,0.0,1.0,1.0,1.0,1.0,1.0,-3.0517578125e-05,-3.0517578125e-05,-3.0517578125e-05,-3.0517578125e-05,-3.0517578125e-05,-3.0517578125e-05,F,1,2026-08-24_23-25-27,2026-08-24
0.02714440825190011,0.0,0.0,0.6236559139784946,0.4968152866242038,0.0,1.0,1.0,1.0,1.0,1.0,-3.0517578125e-05,-3.0517578125e-05,-3.0517578125e-05,-3.0517578125e-05,-3.0517578125e-05,-3.0517578125e-05,F,1,2026-08-24_23-25-27,2026-08-24
0.033659066232356136,0.0,0.0,0.5806451612903226,0.4840764331210191,0.0,1.0,1.0,1.0,1.0,1.0,-3.0517578125e-05,-3.0517578125e-05,-3.0517578125e-05,-3.0517578125e-05,-3.0517578125e-05,-3.0517578125e-05,F,1,2026-08-24_23-25-27,2026-08-24
0.033659066232356136,0.0,0.0,0.6290322580645161,0.5732484076433121,0.0,1.0,1.0,1.0,1.0,1.0,-3.0517578125e-05,-3.0517578125e-05,-3.0517578125e-05,-3.0517578125e-05,-3.0517578125e-05,-3.0517578125e-05,F,1,2026-08-24_23-25-27,2026-08-24
0.035830618892508145,0.0,0.0,0.6612903225806451,0.445859872611465,0.0,1.0,1.0,1.0,1.0,1.0,-3.0517578125e-05,-3.0517578125e-05,-3.0517578125e-05,-3.0517578125e-05,-3.0517578125e-05,-3.0517578125e-05,F,1,2026-08-24_23-25-27,2026-08-24
0.04017372421281216,0.0,0.0,0.6129032258064516,0.40764331210191085,0.0,1.0,1.0,1.0,1.0,1.0,-3.0517578125e-05,-3.0517578125e-05,-3.0517578125e-05,-3.0517578125e-05,-3.0517578125e-05,-3.0517578125e-05,F,1,2026-08-24_23-25-27,2026-08-24
0.04451682953311618,0.0,0.0,0.6612903225806451,0.5222929936305732,0.0,1.0,1.0,1.0,1.0,1.0,-3.0517578125e-05,-3.0517578125e-05,-3.0517578125e-05,-3.0517578125e-05,-3.0517578125e-05,-3.0517578125e-05,F,1,2026-08-24_23-25-27,2026-08-24
0.043069127759681504,0.0,0.0,0.6075268817204301,0.40764331210191085,0.0,1.0,1.0,1.0,1.0,1.0,-3.0517578125e-05,-3.0517578125e-05,-3.0517578125e-05,-3.0517578125e-05,-3.0517578125e-05,-3.0517578125e-05,F,1,2026-08-24_23-25-27,2026-08-24
0.03438291711907347,0.0,0.0,0.6075268817204301,0.5222929936305732,0.0,1.0,1.0,1.0,1.0,1.0,-3.0517578125e-05,-3.0517578125e-05,-3.0517578125e-05,-3.0517578125e-05,-3.0517578125e-05,-3.0517578125e-05,F,1,2026-08-24_23-25-27,2026-08-24
0.04379297864639884,0.0,0.0,0.6075268817204301,0.535031847133758,0.0,1.0,1.0,1.0,1.0,1.0,-3.0517578125e-05,-3.0517578125e-05,-3.0517578125e-05,-3.0517578125e-05,-3.0517578125e-05,-3.0517578125e-05,F,1,2026-08-24_23-25-27,2026-08-24
0.04017372421281216,0.0,0.0,0.6559139784946236,0.43312101910828027,0.0,1.0,1.0,1.0,1.0,1.0,-3.0517578125e-05,-3.0517578125e-05,-3.0517578125e-05,-3.0517578125e-05,-3.0517578125e-05,-3.0517578125e-05,F,1,2026-08-24_23-25-27,2026-08-24
0.043069127759681504,0.0,0.0,0.6290322580645161,0.535031847133758,0.0,1.0,1.0,1.0,1.0,1.0,-3.0517578125e-05,-3.0517578125e-05,-3.0517578125e-05,-3.0517578125e-05,-3.0517578125e-05,-3.0517578125e-05,F,1,2026-08-24_23-25-27,2026-08-24
0.06912775968150561,0.0,0.0,0.6612903225806451,0.43312101910828027,0.0,1.0,1.0,1.0,1.0,1.0,-3.0517578125e-05,-3.0517578125e-05,-3.0517578125e-05,-3.0517578125e-05,-3.0517578125e-05,-3.0517578125e-05,F,1,2026-08-24_23-25-27,2026-08-24
0.06912775968150561,0.0,0.0,0.6989247311827957,0.4840764331210191,0.0,1.0,1.0,1.0,1.0,1.0,-3.0517578125e-05,-3.0517578125e-05,-3.0517578125e-05,-3.0517578125e-05,-3.0517578125e-05,-3.0517578125e-05,F,1,2026-08-24_23-25-27,2026-08-24
0.06912775968150561,0.0,0.0,0.6344086021505376,0.5732484076433121,0.0,1.0,1.0,1.0,1.0,1.0,-3.0517578125e-05,-3.0517578125e-05,-3.0517578125e-05,-3.0517578125e-05,-3.0517578125e-05,-3.0517578125e-05,F,1,2026-08-24_23-25-27,2026-08-24
0.06912775968150561,0.0,0.0,0.6612903225806451,0.535031847133758,0.0,1.0,1.0,1.0,1.0,1.0,-3.0517578125e-05,-3.0517578125e-05,-3.0517578125e-05,-3.0517578125e-05,-3.0517578125e-05,-3.0517578125e-05,F,1,2026-08-24_23-25-27,2026-08-24
0.06912775968150561,0.0,0.0,0.6666666666666666,0.5987261146496815,0.0,1.0,1.0,1.0,1.0,1.0,-3.0517578125e-05,-3.0517578125e-05,-3.0517578125e-05,-3.0517578125e-05,-3.0517578125e-05,-3.0517578125e-05,F,1,2026-08-24_23-25-27,2026-08-24
0.06912775968150561,0.0,0.0,0.6236559139784946,0.5477707006369427,0.0,1.0,1.0,1.0,1.0,1.0,-3.0517578125e-05,-3.0517578125e-05,-3.0517578125e-05,-3.0517578125e-05,-3.0517578125e-05,-3.0517578125e-05,F,1,2026-08-24_23-25-27,2026-08-24
0.06912775968150561,0.0,0.0,0.6290322580645161,0.4585987261146497,0.0,1.0,1.0,1.0,1.0,1.0,-3.0517578125e-05,-3.0517578125e-05,-3.0517578125e-05,-3.0517578125e-05,-3.0517578125e-05,-3.0517578125e-05,F,1,2026-08-24_23-25-27,2026-08-24
0.06912775968150561,0.0,0.0,0.6236559139784946,0.4713375796178344,0.0,1.0,1.0,1.0,1.0,1.0,-3.0517578125e-05,-3.0517578125e-05,-3.0517578125e-05,-3.0517578125e-05,-3.0517578125e-05,-3.0517578125e-05,F,1,2026-08-24_23-25-27,2026-08-24
0.07202316322837496,0.0,0.0,0.5752688172043011,0.5987261146496815,0.0,1.0,1.0,1.0,1.0,1.0,-3.0517578125e-05,-3.0517578125e-05,-3.0517578125e-05,-3.0517578125e-05,-3.0517578125e-05,-3.0517578125e-05,F,1,2026-08-24_23-25-27,2026-08-24
0.07781397032211365,0.0,0.0,0.553763440860215,0.535031847133758,0.0,1.0,1.0,1.0,1.0,1.0,-3.0517578125e-05,-3.0517578125e-05,-3.0517578125e-05,-3.0517578125e-05,-3.0517578125e-05,-3.0517578125e-05,F,1,2026-08-24_23-25-27,2026-08-24
0.07129931234165762,0.0,0.0,0.6612903225806451,0.5222929936305732,0.0,1.0,1.0,1.0,1.0,1.0,-3.0517578125e-05,-3.0517578125e-05,-3.0517578125e-05,-3.0517578125e-05,-3.0517578125e-05,-3.0517578125e-05,F,1,2026-08-24_23-25-27,2026-08-24
0.08794788273615635,0.0,0.0,0.6612903225806451,0.5605095541401274,0.0,1.0,1.0,1.0,1.0,1.0,-3.0517578125e-05,-3.0517578125e-05,-3.0517578125e-05,-3.0517578125e-05,-3.0517578125e-05,-3.0517578125e-05,F,1,2026-08-24_23-25-27,2026-08-24
0.08722403184943901,0.0,0.0,0.6182795698924731,0.5222929936305732,0.0,1.0,1.0,1.0,1.0,1.0,-3.0517578125e-05,-3.0517578125e-05,-3.0517578125e-05,-3.0517578125e-05,-3.0517578125e-05,-3.0517578125e-05,F,1,2026-08-24_23-25-27,2026-08-24
0.07781397032211365,0.0,0.0,0.6075268817204301,0.40764331210191085,0.0,1.0,1.0,1.0,1.0,1.0,-3.0517578125e-05,-3.0517578125e-05,-3.0517578125e-05,-3.0517578125e-05,-3.0517578125e-05,-3.0517578125e-05,F,1,2026-08-24_23-25-27,2026-08-24
0.08143322475570032,0.0,0.0,0.5860215053763441,0.4713375796178344,0.0,1.0,1.0,1.0,1.0,1.0,-3.0517578125e-05,-3.0517578125e-05,-3.0517578125e-05,-3.0517578125e-05,-3.0517578125e-05,-3.0517578125e-05,F,1,2026-08-24_23-25-27,2026-08-24
0.08867173362287369,0.0,0.0,0.6344086021505376,0.40764331210191085,0.0,1.0,1.0,1.0,1.0,1.0,-3.0517578125e-05,-3.0517578125e-05,-3.0517578125e-05,-3.0517578125e-05,-3.0517578125e-05,-3.0517578125e-05,F,1,2026-08-24_23-25-27,2026-08-24
0.3572204125950054,0.0,0.0,0.7204301075268817,0.6114649681528662,0.0,1.0,1.0,1.0,1.0,1.0,-3.0517578125e-05,-3.0517578125e-05,-3.0517578125e-05,-3.0517578125e-05,-3.0517578125e-05,-3.0517578125e-05,F,2,2026-08-24_23-25-27,2026-08-24
0.3463626492942454,0.0,0.0,0.6881720430107527,0.5859872611464968,0.0,1.0,1.0,1.0,1.0,1.0,-3.0517578125e-05,-3.0517578125e-05,-3.0517578125e-05,-3.0517578125e-05,-3.0517578125e-05,-3.0517578125e-05,F,2,2026-08-24_23-25-27,2026-08-24
0.24936663047412233,0.0,0.0,0.6720430107526881,0.4840764331210191,0.0,1.0,1.0,1.0,1.0,1.0,-3.0517578125e-05,-3.0517578125e-05,-3.0517578125e-05,-3.0517578125e-05,-3.0517578125e-05,-3.0517578125e-05,F,2,2026-08-24_23-25-27,2026-08-24
0.248642779587405,0.0,0.0,0.7096774193548387,0.5477707006369427,0.0,1.0,1.0,1.0,1.0,1.0,-3.0517578125e-05,-3.0517578125e-05,-3.0517578125e-05,-3.0517578125e-05,-3.0517578125e-05,-3.0517578125e-05,F,2,2026-08-24_23-25-27,2026-08-24
0.24647122692725298,0.0,0.0,0.7043010752688172,0.5859872611464968,0.0,1.0,1.0,1.0,1.0,1.0,-3.0517578125e-05,-3.0517578125e-05,-3.0517578125e-05,-3.0517578125e-05,-3.0517578125e-05,-3.0517578125e-05,F,2,2026-08-24_23-25-27,2026-08-24
0.25732899022801303,0.0,0.0,0.6881720430107527,0.6114649681528662,0.0,1.0,1.0,1.0,1.0,1.0,-3.0517578125e-05,-3.0517578125e-05,-3.0517578125e-05,-3.0517578125e-05,-3.0517578125e-05,-3.0517578125e-05,F,2,2026-08-24_23-25-27,2026-08-24
0.26167209554831705,0.0,0.0,0.7204301075268817,0.6242038216560509,0.0,1.0,1.0,1.0,1.0,1.0,-3.0517578125e-05,-3.0517578125e-05,-3.0517578125e-05,-3.0517578125e-05,-3.0517578125e-05,-3.0517578125e-05,F,2,2026-08-24_23-25-27,2026-08-24
0.2631197973217517,0.0,0.0,0.6989247311827957,0.4840764331210191,0.0,1.0,1.0,1.0,1.0,1.0,-3.0517578125e-05,-3.0517578125e-05,-3.0517578125e-05,-3.0517578125e-05,-3.0517578125e-05,-3.0517578125e-05,F,2,2026-08-24_23-25-27,2026-08-24
0.26384364820846906,0.0,0.0,0.6881720430107527,0.6114649681528662,0.0,1.0,1.0,1.0,1.0,1.0,-3.0517578125e-05,-3.0517578125e-05,-3.0517578125e-05,-3.0517578125e-05,-3.0517578125e-05,-3.0517578125e-05,F,2,2026-08-24_23-25-27,2026-08-24
0.26746290264205574,0.0,0.0,0.6881720430107527,0.6114649681528662,0.0,1.0,1.0,1.0,1.0,1.0,-3.0517578125e-05,-3.0517578125e-05,-3.0517578125e-05,-3.0517578125e-05,-3.0517578125e-05,-3.0517578125e-05,F,2,2026-08-24_23-25-27,2026-08-24
0.2681867535287731,0.0,0.0,0.7365591397849462,0.6624203821656051,0.0,1.0,1.0,1.0,1.0,1.0,-3.0517578125e-05,-3.0517578125e-05,-3.0517578125e-05,-3.0517578125e-05,-3.0517578125e-05,-3.0517578125e-05,F,2,2026-08-24_23-25-27,2026-08-24
0.27180600796235976,0.0,0.0,0.6989247311827957,0.4840764331210191,0.0,1.0,1.0,1.0,1.0,1.0,-3.0517578125e-05,-3.0517578125e-05,-3.0517578125e-05,-3.0517578125e-05,-3.0517578125e-05,-3.0517578125e-05,F,2,2026-08-24_23-25-27,2026-08-24
0.2804922186029678,0.015087507543753771,0.0,0.6720430107526881,0.5987261146496815,0.0,1.0,1.0,1.0,1.0,1.0,-3.0517578125e-05,-3.0517578125e-05,-3.0517578125e-05,-3.0517578125e-05,-3.0517578125e-05,-3.0517578125e-05,F,2,2026-08-24_23-25-27,2026-08-24
0.2783206659428158,0.5642727821363911,0.0,0.7204301075268817,0.6114649681528662,0.0,1.0,1.0,1.0,1.0,1.0,-3.0517578125e-05,-3.0517578125e-05,-3.0517578125e-05,-3.0517578125e-05,-3.0517578125e-05,-3.0517578125e-05,F,2,2026-08-24_23-25-27,2026-08-24
0.5410785378212088,0.0,0.0,0.6881720430107527,0.5987261146496815,0.0,1.0,1.0,1.0,1.0,1.0,-3.0517578125e-05,-3.0517578125e-05,-3.0517578125e-05,-3.0517578125e-05,-3.0517578125e-05,-3.0517578125e-05,F,2,2026-08-24_23-25-27,2026-08-24
0.498371335504886,0.32166566083283044,0.0,0.7311827956989247,0.5987261146496815,0.0,1.0,1.0,1.0,1.0,1.0,-3.0517578125e-05,-3.0517578125e-05,-3.0517578125e-05,-3.0517578125e-05,-3.0517578125e-05,-3.0517578125e-05,F,2,2026-08-24_23-25-27,2026-08-24
0.3984799131378936,0.045262522631261314,0.0,0.6720430107526881,0.6242038216560509,0.0,1.0,1.0,1.0,1.0,1.0,-3.0517578125e-05,-3.0517578125e-05,-3.0517578125e-05,-3.0517578125e-05,-3.0517578125e-05,-3.0517578125e-05,F,2,2026-08-24_23-25-27,2026-08-24
0.44987332609482444,0.0,0.0,0.6612903225806451,0.5222929936305732,0.0,1.0,1.0,1.0,1.0,1.0,-3.0517578125e-05,-3.0517578125e-05,-3.0517578125e-05,-3.0517578125e-05,-3.0517578125e-05,-3.0517578125e-05,F,2,2026-08-24_23-25-27,2026-08-24
0.4629026420557365,0.04043452021726011,0.0,0.6881720430107527,0.5222929936305732,0.0,1.0,1.0,1.0,1.0,1.0,-3.0517578125e-05,-3.0517578125e-05,-3.0517578125e-05,-3.0517578125e-05,-3.0517578125e-05,-3.0517578125e-05,F,2,2026-08-24_23-25-27,2026-08-24
0.4629026420557365,0.0,0.0,0.6612903225806451,0.4968152866242038,0.0,1.0,1.0,1.0,1.0,1.0,-3.0517578125e-05,-3.0517578125e-05,-3.0517578125e-05,-3.0517578125e-05,-3.0517578125e-05,-3.0517578125e-05,F,2,2026-08-24_23-25-27,2026-08-24
0.4723127035830619,0.0,0.0,0.6827956989247311,0.5477707006369427,0.0,1.0,1.0,1.0,1.0,1.0,-3.0517578125e-05,-3.0517578125e-05,-3.0517578125e-05,-3.0517578125e-05,-3.0517578125e-05,-3.0517578125e-05,F,2,2026-08-24_23-25-27,2026-08-24
0.4505971769815418,0.0,0.0,0.6612903225806451,0.445859872611465,0.0,1.0,1.0,1.0,1.0,1.0,-3.0517578125e-05,-3.0517578125e-05,-3.0517578125e-05,-3.0517578125e-05,-3.0517578125e-05,-3.0517578125e-05,F,2,2026-08-24_23-25-27,2026-08-24
0.46217879116901917,0.0,0.0,0.7849462365591398,0.6369426751592356,0.0,1.0,1.0,1.0,1.0,1.0,-3.0517578125e-05,-3.0517578125e-05,-3.0517578125e-05,-3.0517578125e-05,-3.0517578125e-05,-3.0517578125e-05,F,2,2026-08-24_23-25-27,2026-08-24
0.4723127035830619,0.0,0.0,0.6774193548387096,0.5859872611464968,0.0,1.0,1.0,1.0,1.0,1.0,-3.0517578125e-05,-3.0517578125e-05,-3.0517578125e-05,-3.0517578125e-05,-3.0517578125e-05,-3.0517578125e-05,F,2,2026-08-24_23-25-27,2026-08-24
0.47158885269634454,0.0,0.0,0.6397849462365591,0.6114649681528662,0.0,1.0,1.0,1.0,1.0,1.0,-3.0517578125e-05,-3.0517578125e-05,-3.0517578125e-05,-3.0517578125e-05,-3.0517578125e-05,-3.0517578125e-05,F,2,2026-08-24_23-25-27,2026-08-24
0.4788273615635179,0.0,0.0,0.6451612903225806,0.5987261146496815,0.0,1.0,1.0,1.0,1.0,1.0,-3.0517578125e-05,-3.0517578125e-05,-3.0517578125e-05,-3.0517578125e-05,-3.0517578125e-05,-3.0517578125e-05,F,2,2026-08-24_23-25-27,2026-08-24
0.4766558089033659,0.0,0.0,0.7150537634408602,0.5987261146496815,0.0,1.0,1.0,1.0,1.0,1.0,-3.0517578125e-05,-3.0517578125e-05,-3.0517578125e-05,-3.0517578125e-05,-3.0517578125e-05,-3.0517578125e-05,F,2,2026-08-24_23-25-27,2026-08-24
0.4752081071299312,0.0,0.0,0.6935483870967742,0.5732484076433121,0.0,1.0,1.0,1.0,1.0,1.0,-3.0517578125e-05,-3.0517578125e-05,-3.0517578125e-05,-3.0517578125e-05,-3.0517578125e-05,-3.0517578125e-05,F,2,2026-08-24_23-25-27,2026-08-24
0.4752081071299312,0.0,0.0,0.6666666666666666,0.5859872611464968,0.0,1.0,1.0,1.0,1.0,1.0,-3.0517578125e-05,-3.0517578125e-05,-3.0517578125e-05,-3.0517578125e-05,-3.0517578125e-05,-3.0517578125e-05,F,2,2026-08-24_23-25-27,2026-08-24
0.47737965979008323,0.0,0.0,0.6505376344086021,0.6114649681528662,0.0,1.0,1.0,1.0,1.0,1.0,-3.0517578125e-05,-3.0517578125e-05,-3.0517578125e-05,-3.0517578125e-05,-3.0517578125e-05,-3.0517578125e-05,F,2,2026-08-24_23-25-27,2026-08-24
0.47737965979008323,0.0,0.0,0.7150537634408602,0.4968152866242038,0.0,1.0,1.0,1.0,1.0,1.0,-3.0517578125e-05,-3.0517578125e-05,-3.0517578125e-05,-3.0517578125e-05,-3.0517578125e-05,-3.0517578125e-05,F,2,2026-08-24_23-25-27,2026-08-24
0.47593195801664856,0.0,0.0,0.6612903225806451,0.5732484076433121,0.0,1.0,1.0,1.0,1.0,1.0,-3.0517578125e-05,-3.0517578125e-05,-3.0517578125e-05,-3.0517578125e-05,-3.0517578125e-05,-3.0517578125e-05,F,2,2026-08-24_23-25-27,2026-08-24
0.42526239594643506,0.0,0.0,0.7096774193548387,0.5732484076433121,0.0,1.0,1.0,1.0,1.0,1.0,-3.0517578125e-05,-3.0517578125e-05,-3.0517578125e-05,-3.0517578125e-05,-3.0517578125e-05,-3.0517578125e-05,F,2,2026-08-24_23-25-27,2026-08-24
0.42671009771986973,0.0,0.0,0.6559139784946236,0.6114649681528662,0.0,1.0,1.0,1.0,1.0,1.0,-3.0517578125e-05,-3.0517578125e-05,-3.0517578125e-05,-3.0517578125e-05,-3.0517578125e-05,-3.0517578125e-05,F,2,2026-08-24_23-25-27,2026-08-24
0.43973941368078173,0.0,0.0,0.7150537634408602,0.5987261146496815,0.0,1.0,1.0,1.0,1.0,1.0,-3.0517578125e-05,-3.0517578125e-05,-3.0517578125e-05,-3.0517578125e-05,-3.0517578125e-05,-3.0517578125e-05,F,2,2026-08-24_23-25-27,2026-08-24
0.4455302207745204,0.0,0.0,0.7043010752688172,0.4968152866242038,0.0,1.0,1.0,1.0,1.0,1.0,-3.0517578125e-05,-3.0517578125e-05,-3.0517578125e-05,-3.0517578125e-05,-3.0517578125e-05,-3.0517578125e-05,F,2,2026-08-24_23-25-27,2026-08-24
0.4534925805284111,0.0,0.0,0.7365591397849462,0.5732484076433121,0.0,1.0,1.0,1.0,1.0,1.0,-3.0517578125e-05,-3.0517578125e-05,-3.0517578125e-05,-3.0517578125e-05,-3.0517578125e-05,-3.0517578125e-05,F,2,2026-08-24_23-25-27,2026-08-24
0.45421643141512846,0.0,0.0,0.7204301075268817,0.4840764331210191,0.0,1.0,1.0,1.0,1.0,1.0,-3.0517578125e-05,-3.0517578125e-05,-3.0517578125e-05,-3.0517578125e-05,-3.0517578125e-05,-3.0517578125e-05,F,2,2026-08-24_23-25-27,2026-08-24
0.43105320304017375,0.0,0.0,0.6612903225806451,0.6114649681528662,0.0,1.0,1.0,1.0,1.0,1.0,-3.0517578125e-05,-3.0517578125e-05,-3.0517578125e-05,-3.0517578125e-05,-3.0517578125e-05,-3.0517578125e-05,F,2,2026-08-24_23-25-27,2026-08-24
0.44842562432138977,0.0,0.0,0.6989247311827957,0.6114649681528662,0.0,1.0,1.0,1.0,1.0,1.0,-3.0517578125e-05,-3.0517578125e-05,-3.0517578125e-05,-3.0517578125e-05,-3.0517578125e-05,-3.0517578125e-05,F,2,2026-08-24_23-25-27,2026-08-24
0.3905175533840029,0.1056125528062764,0.0,0.6720430107526881,0.6496815286624203,0.0,1.0,1.0,1.0,1.0,1.0,-3.0517578125e-05,-3.0517578125e-05,-3.0517578125e-05,-3.0517578125e-05,-3.0517578125e-05,-3.0517578125e-05,F,3,2026-08-24_23-25-27,2026-08-24
0.3883460007238509,0.29631864815932407,0.0,0.6881720430107527,0.6496815286624203,0.0,1.0,1.0,1.0,1.0,1.0,-3.0517578125e-05,-3.0517578125e-05,-3.0517578125e-05,-3.0517578125e-05,-3.0517578125e-05,-3.0517578125e-05,F,3,2026-08-24_23-25-27,2026-08-24
0.3941368078175896,0.13095956547978274,0.0,0.6612903225806451,0.5222929936305732,0.0,1.0,1.0,1.0,1.0,1.0,-3.0517578125e-05,-3.0517578125e-05,-3.0517578125e-05,-3.0517578125e-05,-3.0517578125e-05,-3.0517578125e-05,F,3,2026-08-24_23-25-27,2026-08-24
0.4042707202316323,0.0,0.0,0.6720430107526881,0.6114649681528662,0.0,1.0,1.0,1.0,1.0,1.0,-3.0517578125e-05,-3.0517578125e-05,-3.0517578125e-05,-3.0517578125e-05,-3.0517578125e-05,-3.0517578125e-05,F,3,2026-08-24_23-25-27,2026-08-24
0.40137531668476295,0.0,0.0,0.6075268817204301,0.6114649681528662,0.0,1.0,1.0,1.0,1.0,1.0,-3.0517578125e-05,-3.0517578125e-05,-3.0517578125e-05,-3.0517578125e-05,-3.0517578125e-05,-3.0517578125e-05,F,3,2026-08-24_23-25-27,2026-08-24
0.41295693087224034,0.1031985515992758,0.0,0.6827956989247311,0.6114649681528662,0.0,1.0,1.0,1.0,1.0,1.0,-3.0517578125e-05,-3.0517578125e-05,-3.0517578125e-05,-3.0517578125e-05,-3.0517578125e-05,-3.0517578125e-05,F,3,2026-08-24_23-25-27,2026-08-24
0.4107853782120883,0.0018105009052504525,0.0,0.6935483870967742,0.6114649681528662,0.0,1.0,1.0,1.0,1.0,1.0,-3.0517578125e-05,-3.0517578125e-05,-3.0517578125e-05,-3.0517578125e-05,-3.0517578125e-05,-3.0517578125e-05,F,3,2026-08-24_23-25-27,2026-08-24
0.41150922909880566,0.03198551599275799,0.0,0.6236559139784946,0.5859872611464968,0.0,1.0,1.0,1.0,1.0,1.0,-3.0517578125e-05,-3.0517578125e-05,-3.0517578125e-05,-3.0517578125e-05,-3.0517578125e-05,-3.0517578125e-05,F,3,2026-08-24_23-25-27,2026-08-24
0.40499457111834963,0.0,0.0,0.5967741935483871,0.6242038216560509,0.0,1.0,1.0,1.0,1.0,1.0,-3.0517578125e-05,-3.0517578125e-05,-3.0517578125e-05,-3.0517578125e-05,-3.0517578125e-05,-3.0517578125e-05,F,3,2026-08-24_23-25-27,2026-08-24
0.407889974665219,0.0,0.0,0.6612903225806451,0.6114649681528662,0.0,1.0,1.0,1.0,1.0,1.0,-3.0517578125e-05,-3.0517578125e-05,-3.0517578125e-05,-3.0517578125e-05,-3.0517578125e-05,-3.0517578125e-05,F,3,2026-08-24_23-25-27,2026-08-24
0.40499457111834963,0.0,0.0,0.6774193548387096,0.535031847133758,0.0,1.0,1.0,1.0,1.0,1.0,-3.0517578125e-05,-3.0517578125e-05,-3.0517578125e-05,-3.0517578125e-05,-3.0517578125e-05,-3.0517578125e-05,F,3,2026-08-24_23-25-27,2026-08-24
0.407889974665219,0.0,0.0,0.6720430107526881,0.6751592356687898,0.0,1.0,1.0,1.0,1.0,1.0,-3.0517578125e-05,-3.0517578125e-05,-3.0517578125e-05,-3.0517578125e-05,-3.0517578125e-05,-3.0517578125e-05,F,3,2026-08-24_23-25-27,2026-08-24
0.4107853782120883,0.0,0.0,0.6451612903225806,0.5859872611464968,0.0,1.0,1.0,1.0,1.0,1.0,-3.0517578125e-05,-3.0517578125e-05,-3.0517578125e-05,-3.0517578125e-05,-3.0517578125e-05,-3.0517578125e-05,F,3,2026-08-24_23-25-27,2026-08-24
0.41295693087224034,0.0,0.0,0.6774193548387096,0.5987261146496815,0.0,1.0,1.0,1.0,1.0,1.0,-3.0517578125e-05,-3.0517578125e-05,-3.0517578125e-05,-3.0517578125e-05,-3.0517578125e-05,-3.0517578125e-05,F,3,2026-08-24_23-25-27,2026-08-24
0.4158523344191097,0.0,0.0,0.6666666666666666,0.6369426751592356,0.0,1.0,1.0,1.0,1.0,1.0,-3.0517578125e-05,-3.0517578125e-05,-3.0517578125e-05,-3.0517578125e-05,-3.0517578125e-05,-3.0517578125e-05,F,3,2026-08-24_23-25-27,2026-08-24
0.41150922909880566,0.0,0.0,0.6075268817204301,0.5987261146496815,0.0,1.0,1.0,1.0,1.0,1.0,-3.0517578125e-05,-3.0517578125e-05,-3.0517578125e-05,-3.0517578125e-05,-3.0517578125e-05,-3.0517578125e-05,F,3,2026-08-24_23-25-27,2026-08-24
0.41947158885269636,0.0,0.0,0.5913978494623656,0.6114649681528662,0.0,1.0,1.0,1.0,1.0,1.0,-3.0517578125e-05,-3.0517578125e-05,-3.0517578125e-05,-3.0517578125e-05,-3.0517578125e-05,-3.0517578125e-05,F,3,2026-08-24_23-25-27,2026-08-24
0.4259862468331524,0.0,0.0,0.6720430107526881,0.6114649681528662,0.0,1.0,1.0,1.0,1.0,1.0,-3.0517578125e-05,-3.0517578125e-05,-3.0517578125e-05,-3.0517578125e-05,-3.0517578125e-05,-3.0517578125e-05,F,3,2026-08-24_23-25-27,2026-08-24
0.42743394860658707,0.0,0.0,0.6666666666666666,0.5987261146496815,0.0,1.0,1.0,1.0,1.0,1.0,-3.0517578125e-05,-3.0517578125e-05,-3.0517578125e-05,-3.0517578125e-05,-3.0517578125e-05,-3.0517578125e-05,F,3,2026-08-24_23-25-27,2026-08-24
0.42888165038002174,0.0,0.0,0.7311827956989247,0.5732484076433121,0.0,1.0,1.0,1.0,1.0,1.0,-3.0517578125e-05,-3.0517578125e-05,-3.0517578125e-05,-3.0517578125e-05,-3.0517578125e-05,-3.0517578125e-05,F,3,2026-08-24_23-25-27,2026-08-24
0.4281577994933044,0.25528062764031384,0.0,0.7311827956989247,0.6624203821656051,0.0,1.0,1.0,1.0,1.0,1.0,-3.0517578125e-05,-3.0517578125e-05,-3.0517578125e-05,-3.0517578125e-05,-3.0517578125e-05,-3.0517578125e-05,F,3,2026-08-24_23-25-27,2026-08-24
0.4296055012667391,0.010259505129752565,0.0,0.6236559139784946,0.5987261146496815,0.0,1.0,1.0,1.0,1.0,1.0,-3.0517578125e-05,-3.0517578125e-05,-3.0517578125e-05,-3.0517578125e-05,-3.0517578125e-05,-3.0517578125e-05,F,3,2026-08-24_23-25-27,2026-08-24
0.44046326456749907,0.0,0.0,0.6774193548387096,0.6369426751592356,0.0,1.0,1.0,1.0,1.0,1.0,-3.0517578125e-05,-3.0517578125e-05,-3.0517578125e-05,-3.0517578125e-05,-3.0517578125e-05,-3.0517578125e-05,F,3,2026-08-24_23-25-27,2026-08-24
0.43973941368078173,0.28545564272782137,0.0,0.7096774193548387,0.6242038216560509,0.0,1.0,1.0,1.0,1.0,1.0,-3.0517578125e-05,-3.0517578125e-05,-3.0517578125e-05,-3.0517578125e-05,-3.0517578125e-05,-3.0517578125e-05,F,3,2026-08-24_23-25-27,2026-08-24
0.4469779225479551,0.0,0.0,0.6559139784946236,0.5732484076433121,0.0,1.0,1.0,1.0,1.0,1.0,-3.0517578125e-05,-3.0517578125e-05,-3.0517578125e-05,-3.0517578125e-05,-3.0517578125e-05,-3.0517578125e-05,F,3,2026-08-24_23-25-27,2026-08-24
0.4505971769815418,0.0,0.0,0.7204301075268817,0.6114649681528662,0.0,1.0,1.0,1.0,1.0,1.0,-3.0517578125e-05,-3.0517578125e-05,-3.0517578125e-05,-3.0517578125e-05,-3.0517578125e-05,-3.0517578125e-05,F,3,2026-08-24_23-25-27,2026-08-24
0.4433586681143684,0.0,0.0,0.6290322580645161,0.6242038216560509,0.0,1.0,1.0,1.0,1.0,1.0,-3.0517578125e-05,-3.0517578125e-05,-3.0517578125e-05,-3.0517578125e-05,-3.0517578125e-05,-3.0517578125e-05,F,3,2026-08-24_23-25-27,2026-08-24
0.4426348172276511,0.0,0.0,0.6612903225806451,0.6624203821656051,0.0,1.0,1.0,1.0,1.0,1.0,-3.0517578125e-05,-3.0517578125e-05,-3.0517578125e-05,-3.0517578125e-05,-3.0517578125e-05,-3.0517578125e-05,F,3,2026-08-24_23-25-27,2026-08-24
0.4469779225479551,0.0,0.0,0.6881720430107527,0.5987261146496815,0.0,1.0,1.0,1.0,1.0,1.0,-3.0517578125e-05,-3.0517578125e-05,-3.0517578125e-05,-3.0517578125e-05,-3.0517578125e-05,-3.0517578125e-05,F,3,2026-08-24_23-25-27,2026-08-24
0.4411871154542164,0.0,0.0,0.7096774193548387,0.5477707006369427,0.0,1.0,1.0,1.0,1.0,1.0,-3.0517578125e-05,-3.0517578125e-05,-3.0517578125e-05,-3.0517578125e-05,-3.0517578125e-05,-3.0517578125e-05,F,3,2026-08-24_23-25-27,2026-08-24
0.4426348172276511,0.0,0.0,0.6612903225806451,0.4840764331210191,0.0,1.0,1.0,1.0,1.0,1.0,-3.0517578125e-05,-3.0517578125e-05,-3.0517578125e-05,-3.0517578125e-05,-3.0517578125e-05,-3.0517578125e-05,F,3,2026-08-24_23-25-27,2026-08-24
0.4426348172276511,0.0,0.0,0.6774193548387096,0.5859872611464968,0.0,1.0,1.0,1.0,1.0,1.0,-3.0517578125e-05,-3.0517578125e-05,-3.0517578125e-05,-3.0517578125e-05,-3.0517578125e-05,-3.0517578125e-05,F,3,2026-08-24_23-25-27,2026-08-24
0.4426348172276511,0.0,0.0,0.6935483870967742,0.5605095541401274,0.0,1.0,1.0,1.0,1.0,1.0,-3.0517578125e-05,-3.0517578125e-05,-3.0517578125e-05,-3.0517578125e-05,-3.0517578125e-05,-3.0517578125e-05,F,3,2026-08-24_23-25-27,2026-08-24
0.44987332609482444,0.0,0.0,0.6881720430107527,0.6496815286624203,0.0,1.0,1.0,1.0,1.0,1.0,-3.0517578125e-05,-3.0517578125e-05,-3.0517578125e-05,-3.0517578125e-05,-3.0517578125e-05,-3.0517578125e-05,F,3,2026-08-24_23-25-27,2026-08-24
0.44770177343467243,0.0,0.0,0.6989247311827957,0.6114649681528662,0.0,1.0,1.0,1.0,1.0,1.0,-3.0517578125e-05,-3.0517578125e-05,-3.0517578125e-05,-3.0517578125e-05,-3.0517578125e-05,-3.0517578125e-05,F,3,2026-08-24_23-25-27,2026-08-24
0.44625407166123776,0.0,0.0,0.6989247311827957,0.5095541401273885,0.0,1.0,1.0,1.0,1.0,1.0,-3.0517578125e-05,-3.0517578125e-05,-3.0517578125e-05,-3.0517578125e-05,-3.0517578125e-05,-3.0517578125e-05,F,3,2026-08-24_23-25-27,2026-08-24
0.4527687296416938,0.0,0.0,0.6774193548387096,0.6369426751592356,0.0,1.0,1.0,1.0,1.0,1.0,-3.0517578125e-05,-3.0517578125e-05,-3.0517578125e-05,-3.0517578125e-05,-3.0517578125e-05,-3.0517578125e-05,F,3,2026-08-24_23-25-27,2026-08-24
0.44987332609482444,0.0,0.0,0.6505376344086021,0.5732484076433121,0.0,1.0,1.0,1.0,1.0,1.0,-3.0517578125e-05,-3.0517578125e-05,-3.0517578125e-05,-3.0517578125e-05,-3.0517578125e-05,-3.0517578125e-05,F,3,2026-08-24_23-25-27,2026-08-24
0.4339486065870431,0.0,0.0,0.6559139784946236,0.6114649681528662,0.0,1.0,1.0,1.0,1.0,1.0,-3.0517578125e-05,-3.0517578125e-05,-3.0517578125e-05,-3.0517578125e-05,-3.0517578125e-05,-3.0517578125e-05,F,3,2026-08-24_23-25-27,2026-08-24
0.43105320304017375,0.0,0.0,0.6720430107526881,0.6114649681528662,0.0,1.0,1.0,1.0,1.0,1.0,-3.0517578125e-05,-3.0517578125e-05,-3.0517578125e-05,-3.0517578125e-05,-3.0517578125e-05,-3.0517578125e-05,F,3,2026-08-24_23-25-27,2026-08-24
0.37965979008324285,0.0,0.0,0.6989247311827957,0.6496815286624203,0.0,1.0,1.0,1.0,1.0,1.0,-3.0517578125e-05,-3.0517578125e-05,-3.0517578125e-05,-3.0517578125e-05,-3.0517578125e-05,-3.0517578125e-05,F,4,2026-08-24_23-25-27,2026-08-24
0.3811074918566775,0.0,0.0,0.7096774193548387,0.6624203821656051,0.0,1.0,1.0,1.0,1.0,1.0,-3.0517578125e-05,-3.0517578125e-05,-3.0517578125e-05,-3.0517578125e-05,-3.0517578125e-05,-3.0517578125e-05,F,4,2026-08-24_23-25-27,2026-08-24
0.3847267462902642,0.0,0.0,0.7258064516129032,0.7388535031847133,0.0,1.0,1.0,1.0,1.0,1.0,-3.0517578125e-05,-3.0517578125e-05,-3.0517578125e-05,-3.0517578125e-05,-3.0517578125e-05,-3.0517578125e-05,F,4,2026-08-24_23-25-27,2026-08-24
0.38906985161056823,0.0,0.0,0.6666666666666666,0.7515923566878981,0.0,1.0,1.0,1.0,1.0,1.0,-3.0517578125e-05,-3.0517578125e-05,-3.0517578125e-05,-3.0517578125e-05,-3.0517578125e-05,-3.0517578125e-05,F,4,2026-08-24_23-25-27,2026-08-24
0.3811074918566775,0.0,0.0,0.6989247311827957,0.6369426751592356,0.0,1.0,1.0,1.0,1.0,1.0,-3.0517578125e-05,-3.0517578125e-05,-3.0517578125e-05,-3.0517578125e-05,-3.0517578125e-05,-3.0517578125e-05,F,4,2026-08-24_23-25-27,2026-08-24
0.38906985161056823,0.0,0.0,0.6612903225806451,0.7770700636942676,0.0,1.0,1.0,1.0,1.0,1.0,-3.0517578125e-05,-3.0517578125e-05,-3.0517578125e-05,-3.0517578125e-05,-3.0517578125e-05,-3.0517578125e-05,F,4,2026-08-24_23-25-27,2026-08-24
0.3905175533840029,0.0,0.0,0.7204301075268817,0.7006369426751592,0.0,1.0,1.0,1.0,1.0,1.0,-3.0517578125e-05,-3.0517578125e-05,-3.0517578125e-05,-3.0517578125e-05,-3.0517578125e-05,-3.0517578125e-05,F,4,2026-08-24_23-25-27,2026-08-24
0.3963083604777416,0.0,0.0,0.7473118279569892,0.6624203821656051,0.0,1.0,1.0,1.0,1.0,1.0,-3.0517578125e-05,-3.0517578125e-05,-3.0517578125e-05,-3.0517578125e-05,-3.0517578125e-05,-3.0517578125e-05,F,4,2026-08-24_23-25-27,2026-08-24
0.3919652551574376,0.0,0.0,0.7473118279569892,0.7261146496815286,0.0,1.0,1.0,1.0,1.0,1.0,-3.0517578125e-05,-3.0517578125e-05,-3.0517578125e-05,-3.0517578125e-05,-3.0517578125e-05,-3.0517578125e-05,F,4,2026-08-24_23-25-27,2026-08-24
0.4020991675714803,0.0,0.0,0.7580645161290323,0.6114649681528662,0.0,1.0,1.0,1.0,1.0,1.0,-3.0517578125e-05,-3.0517578125e-05,-3.0517578125e-05,-3.0517578125e-05,-3.0517578125e-05,-3.0517578125e-05,F,4,2026-08-24_23-25-27,2026-08-24
0.4042707202316323,0.0,0.0,0.7634408602150538,0.7261146496815286,0.0,1.0,1.0,1.0,1.0,1.0,-3.0517578125e-05,-3.0517578125e-05,-3.0517578125e-05,-3.0517578125e-05,-3.0517578125e-05,-3.0517578125e-05,F,4,2026-08-24_23-25-27,2026-08-24
0.4064422728917843,0.0,0.0,0.7365591397849462,0.7261146496815286,0.0,1.0,1.0,1.0,1.0,1.0,-3.0517578125e-05,-3.0517578125e-05,-3.0517578125e-05,-3.0517578125e-05,-3.0517578125e-05,-3.0517578125e-05,F,4,2026-08-24_23-25-27,2026-08-24
0.4042707202316323,0.0,0.0,0.7419354838709677,0.6878980891719745,0.0,1.0,1.0,1.0,1.0,1.0,-3.0517578125e-05,-3.0517578125e-05,-3.0517578125e-05,-3.0517578125e-05,-3.0517578125e-05,-3.0517578125e-05,F,4,2026-08-24_23-25-27,2026-08-24
0.3948606587043069,0.0,0.0,0.7365591397849462,0.7388535031847133,0.0,1.0,1.0,1.0,1.0,1.0,-3.0517578125e-05,-3.0517578125e-05,-3.0517578125e-05,-3.0517578125e-05,-3.0517578125e-05,-3.0517578125e-05,F,4,2026-08-24_23-25-27,2026-08-24
0.41295693087224034,0.0,0.0,0.7365591397849462,0.6751592356687898,0.0,1.0,1.0,1.0,1.0,1.0,-3.0517578125e-05,-3.0517578125e-05,-3.0517578125e-05,-3.0517578125e-05,-3.0517578125e-05,-3.0517578125e-05,F,4,2026-08-24_23-25-27,2026-08-24
0.4158523344191097,0.0,0.0,0.7473118279569892,0.7261146496815286,0.0,1.0,1.0,1.0,1.0,1.0,-3.0517578125e-05,-3.0517578125e-05,-3.0517578125e-05,-3.0517578125e-05,-3.0517578125e-05,-3.0517578125e-05,F,4,2026-08-24_23-25-27,2026-08-24
0.41150922909880566,0.0,0.0,0.7311827956989247,0.6496815286624203,0.0,1.0,1.0,1.0,1.0,1.0,-3.0517578125e-05,-3.0517578125e-05,-3.0517578125e-05,-3.0517578125e-05,-3.0517578125e-05,-3.0517578125e-05,F,4,2026-08-24_23-25-27,2026-08-24
0.4223669923995657,0.0,0.0,0.7204301075268817,0.6242038216560509,0.0,1.0,1.0,1.0,1.0,1.0,-3.0517578125e-05,-3.0517578125e-05,-3.0517578125e-05,-3.0517578125e-05,-3.0517578125e-05,-3.0517578125e-05,F,4,2026-08-24_23-25-27,2026-08-24
0.4158523344191097,0.0,0.0,0.6774193548387096,0.7006369426751592,0.0,1.0,1.0,1.0,1.0,1.0,-3.0517578125e-05,-3.0517578125e-05,-3.0517578125e-05,-3.0517578125e-05,-3.0517578125e-05,-3.0517578125e-05,F,4,2026-08-24_23-25-27,2026-08-24
0.42743394860658707,0.0,0.0,0.7365591397849462,0.6369426751592356,0.0,1.0,1.0,1.0,1.0,1.0,-3.0517578125e-05,-3.0517578125e-05,-3.0517578125e-05,-3.0517578125e-05,-3.0517578125e-05,-3.0517578125e-05,F,4,2026-08-24_23-25-27,2026-08-24
0.4223669923995657,0.0,0.0,0.7419354838709677,0.6878980891719745,0.0,1.0,1.0,1.0,1.0,1.0,-3.0517578125e-05,-3.0517578125e-05,-3.0517578125e-05,-3.0517578125e-05,-3.0517578125e-05,-3.0517578125e-05,F,4,2026-08-24_23-25-27,2026-08-24
0.41947158885269636,0.0,0.0,0.7365591397849462,0.6496815286624203,0.0,1.0,1.0,1.0,1.0,1.0,-3.0517578125e-05,-3.0517578125e-05,-3.0517578125e-05,-3.0517578125e-05,-3.0517578125e-05,-3.0517578125e-05,F,4,2026-08-24_23-25-27,2026-08-24
0.41947158885269636,0.0,0.0,0.7204301075268817,0.6242038216560509,0.0,1.0,1.0,1.0,1.0,1.0,-3.0517578125e-05,-3.0517578125e-05,-3.0517578125e-05,-3.0517578125e-05,-3.0517578125e-05,-3.0517578125e-05,F,4,2026-08-24_23-25-27,2026-08-24
0.41947158885269636,0.0,0.0,0.7473118279569892,0.7261146496815286,0.0,1.0,1.0,1.0,1.0,1.0,-3.0517578125e-05,-3.0517578125e-05,-3.0517578125e-05,-3.0517578125e-05,-3.0517578125e-05,-3.0517578125e-05,F,4,2026-08-24_23-25-27,2026-08-24
0.4245385450597177,0.0,0.0,0.7688172043010753,0.7388535031847133,0.0,1.0,1.0,1.0,1.0,1.0,-3.0517578125e-05,-3.0517578125e-05,-3.0517578125e-05,-3.0517578125e-05,-3.0517578125e-05,-3.0517578125e-05,F,4,2026-08-24_23-25-27,2026-08-24
0.4303293521534564,0.0,0.0,0.7634408602150538,0.7006369426751592,0.0,1.0,1.0,1.0,1.0,1.0,-3.0517578125e-05,-3.0517578125e-05,-3.0517578125e-05,-3.0517578125e-05,-3.0517578125e-05,-3.0517578125e-05,F,4,2026-08-24_23-25-27,2026-08-24
0.42743394860658707,0.0,0.0,0.7473118279569892,0.7388535031847133,0.0,1.0,1.0,1.0,1.0,1.0,-3.0517578125e-05,-3.0517578125e-05,-3.0517578125e-05,-3.0517578125e-05,-3.0517578125e-05,-3.0517578125e-05,F,4,2026-08-24_23-25-27,2026-08-24
0.43105320304017375,0.0,0.0,0.7150537634408602,0.7770700636942676,0.0,1.0,1.0,1.0,1.0,1.0,-3.0517578125e-05,-3.0517578125e-05,-3.0517578125e-05,-3.0517578125e-05,-3.0517578125e-05,-3.0517578125e-05,F,4,2026-08-24_23-25-27,2026-08-24
0.43973941368078173,0.0,0.0,0.7473118279569892,0.7006369426751592,0.0,1.0,1.0,1.0,1.0,1.0,-3.0517578125e-05,-3.0517578125e-05,-3.0517578125e-05,-3.0517578125e-05,-3.0517578125e-05,-3.0517578125e-05,F,4,2026-08-24_23-25-27,2026-08-24
0.44046326456749907,0.0,0.0,0.7795698924731183,0.7643312101910829,0.0,1.0,1.0,1.0,1.0,1.0,-3.0517578125e-05,-3.0517578125e-05,-3.0517578125e-05,-3.0517578125e-05,-3.0517578125e-05,-3.0517578125e-05,F,4,2026-08-24_23-25-27,2026-08-24
0.43973941368078173,0.0,0.0,0.7473118279569892,0.7388535031847133,0.0,1.0,1.0,1.0,1.0,1.0,-3.0517578125e-05,-3.0517578125e-05,-3.0517578125e-05,-3.0517578125e-05,-3.0517578125e-05,-3.0517578125e-05,F,4,2026-08-24_23-25-27,2026-08-24
0.4411871154542164,0.0,0.0,0.7473118279569892,0.6496815286624203,0.0,1.0,1.0,1.0,1.0,1.0,-3.0517578125e-05,-3.0517578125e-05,-3.0517578125e-05,-3.0517578125e-05,-3.0517578125e-05,-3.0517578125e-05,F,4,2026-08-24_23-25-27,2026-08-24
0.43973941368078173,0.0,0.0,0.7096774193548387,0.7006369426751592,0.0,1.0,1.0,1.0,1.0,1.0,-3.0517578125e-05,-3.0517578125e-05,-3.0517578125e-05,-3.0517578125e-05,-3.0517578125e-05,-3.0517578125e-05,F,4,2026-08-24_23-25-27,2026-08-24
0.4281577994933044,0.0,0.0,0.6989247311827957,0.6751592356687898,0.0,1.0,1.0,1.0,1.0,1.0,-3.0517578125e-05,-3.0517578125e-05,-3.0517578125e-05,-3.0517578125e-05,-3.0517578125e-05,-3.0517578125e-05,F,4,2026-08-24_23-25-27,2026-08-24
0.43973941368078173,0.0,0.0,0.7419354838709677,0.6751592356687898,0.0,1.0,1.0,1.0,1.0,1.0,-3.0517578125e-05,-3.0517578125e-05,-3.0517578125e-05,-3.0517578125e-05,-3.0517578125e-05,-3.0517578125e-05,F,4,2026-08-24_23-25-27,2026-08-24
0.43973941368078173,0.0,0.0,0.7473118279569892,0.6496815286624203,0.0,1.0,1.0,1.0,1.0,1.0,-3.0517578125e-05,-3.0517578125e-05,-3.0517578125e-05,-3.0517578125e-05,-3.0517578125e-05,-3.0517578125e-05,F,4,2026-08-24_23-25-27,2026-08-24
0.4411871154542164,0.0,0.0,0.6989247311827957,0.7261146496815286,0.0,1.0,1.0,1.0,1.0,1.0,-3.0517578125e-05,-3.0517578125e-05,-3.0517578125e-05,-3.0517578125e-05,-3.0517578125e-05,-3.0517578125e-05,F,4,2026-08-24_23-25-27,2026-08-24
0.42743394860658707,0.0,0.0,0.7849462365591398,0.6751592356687898,0.0,1.0,1.0,1.0,1.0,1.0,-3.0517578125e-05,-3.0517578125e-05,-3.0517578125e-05,-3.0517578125e-05,-3.0517578125e-05,-3.0517578125e-05,F,4,2026-08-24_23-25-27,2026-08-24
0.44625407166123776,0.0,0.0,0.7580645161290323,0.6242038216560509,0.0,1.0,1.0,1.0,1.0,1.0,-3.0517578125e-05,-3.0517578125e-05,-3.0517578125e-05,-3.0517578125e-05,-3.0517578125e-05,-3.0517578125e-05,F,4,2026-08-24_23-25-27,2026-08-24
0.44842562432138977,0.0,0.0,0.7634408602150538,0.6496815286624203,0.0,1.0,1.0,1.0,1.0,1.0,-3.0517578125e-05,-3.0517578125e-05,-3.0517578125e-05,-3.0517578125e-05,-3.0517578125e-05,-3.0517578125e-05,F,4,2026-08-24_23-25-27,2026-08-24
0.9876945349258053,0.9806879903439951,1.0,0.0,0.06369426751592357,1.0,1.0,1.0,1.0,1.0,1.0,-3.0517578125e-05,-3.0517578125e-05,-3.0517578125e-05,-3.0517578125e-05,-3.0517578125e-05,-3.0517578125e-05,G,0,2026-08-24_23-25-27,2026-08-24
0.9811798769453492,0.9698249849124925,0.9887387387387387,0.0,0.07643312101910828,1.0,1.0,1.0,1.0,1.0,1.0,-3.0517578125e-05,-3.0517578125e-05,-3.0517578125e-05,-3.0517578125e-05,-3.0517578125e-05,-3.0517578125e-05,G,0,2026-08-24_23-25-27,2026-08-24
0.9855229822656533,0.9722389861194931,1.0,0.0,0.03821656050955414,1.0,1.0,1.0,1.0,1.0,1.0,-3.0517578125e-05,-3.0517578125e-05,-3.0517578125e-05,-3.0517578125e-05,-3.0517578125e-05,-3.0517578125e-05,G,0,2026-08-24_23-25-27,2026-08-24
0.9732175171914585,0.9782739891369946,1.0,0.0,0.03821656050955414,1.0,1.0,1.0,1.0,1.0,1.0,-3.0517578125e-05,-3.0517578125e-05,-3.0517578125e-05,-3.0517578125e-05,-3.0517578125e-05,-3.0517578125e-05,G,0,2026-08-24_23-25-27,2026-08-24
0.9811798769453492,0.9686179843089922,1.0,0.0,0.012738853503184714,1.0,1.0,1.0,1.0,1.0,1.0,-3.0517578125e-05,-3.0517578125e-05,-3.0517578125e-05,-3.0517578125e-05,-3.0517578125e-05,-3.0517578125e-05,G,0,2026-08-24_23-25-27,2026-08-24
0.9826275787187839,0.9613759806879904,1.0,0.0,0.11464968152866242,1.0,1.0,1.0,1.0,1.0,1.0,-3.0517578125e-05,-3.0517578125e-05,-3.0517578125e-05,-3.0517578125e-05,-3.0517578125e-05,-3.0517578125e-05,G,0,2026-08-24_23-25-27,2026-08-24
0.9804560260586319,0.9818949909474954,1.0,0.0,0.0,1.0,1.0,1.0,1.0,1.0,1.0,-3.0517578125e-05,-3.0517578125e-05,-3.0517578125e-05,-3.0517578125e-05,-3.0517578125e-05,-3.0517578125e-05,G,0,2026-08-24_23-25-27,2026-08-24
0.9811798769453492,0.9686179843089922,0.9954954954954955,0.0,0.012738853503184714,1.0,1.0,1.0,1.0,1.0,1.0,-3.0517578125e-05,-3.0517578125e-05,-3.0517578125e-05,-3.0517578125e-05,-3.0517578125e-05,-3.0517578125e-05,G,0,2026-08-24_23-25-27,2026-08-24
0.9724936663047412,0.9806879903439951,1.0,0.0,0.15286624203821655,1.0,1.0,1.0,1.0,1.0,1.0,-3.0517578125e-05,-3.0517578125e-05,-3.0517578125e-05,-3.0517578125e-05,-3.0517578125e-05,-3.0517578125e-05,G,0,2026-08-24_23-25-27,2026-08-24
0.9761129207383279,0.9577549788774894,1.0,0.0,0.0,1.0,1.0,1.0,1.0,1.0,1.0,-3.0517578125e-05,-3.0517578125e-05,-3.0517578125e-05,-3.0517578125e-05,-3.0517578125e-05,-3.0517578125e-05,G,0,2026-08-24_23-25-27,2026-08-24
0.9768367716250452,0.9746529873264936,1.0,0.0,0.06369426751592357,1.0,1.0,1.0,1.0,1.0,1.0,-3.0517578125e-05,-3.0517578125e-05,-3.0517578125e-05,-3.0517578125e-05,-3.0517578125e-05,-3.0517578125e-05,G,0,2026-08-24_23-25-27,2026-08-24
0.9775606225117626,0.9686179843089922,1.0,0.0,0.03821656050955414,1.0,1.0,1.0,1.0,1.0,1.0,-3.0517578125e-05,-3.0517578125e-05,-3.0517578125e-05,-3.0517578125e-05,-3.0517578125e-05,-3.0517578125e-05,G,0,2026-08-24_23-25-27,2026-08-24
0.9819037278320666,0.9662039831019915,0.9774774774774775,0.0,0.11464968152866242,1.0,1.0,1.0,1.0,1.0,1.0,-3.0517578125e-05,-3.0517578125e-05,-3.0517578125e-05,-3.0517578125e-05,-3.0517578125e-05,-3.0517578125e-05,G,0,2026-08-24_23-25-27,2026-08-24
0.9833514296055013,0.9674109837054918,0.9977477477477478,0.0,0.050955414012738856,1.0,1.0,1.0,1.0,1.0,1.0,-3.0517578125e-05,-3.0517578125e-05,-3.0517578125e-05,-3.0517578125e-05,-3.0517578125e-05,-3.0517578125e-05,G,0,2026-08-24_23-25-27,2026-08-24
0.9710459645313065,0.963789981894991,1.0,0.0,0.0,1.0,1.0,1.0,1.0,1.0,1.0,-3.0517578125e-05,-3.0517578125e-05,-3.0517578125e-05,-3.0517578125e-05,-3.0517578125e-05,-3.0517578125e-05,G,0,2026-08-24_23-25-27,2026-08-24
0.9753890698516106,0.9770669885334943,0.9819819819819819,0.0,0.08917197452229299,1.0,1.0,1.0,1.0,1.0,1.0,-3.0517578125e-05,-3.0517578125e-05,-3.0517578125e-05,-3.0517578125e-05,-3.0517578125e-05,-3.0517578125e-05,G,0,2026-08-24_23-25-27,2026-08-24
0.9833514296055013,0.9770669885334943,1.0,0.0,0.012738853503184714,1.0,1.0,1.0,1.0,1.0,1.0,-3.0517578125e-05,-3.0517578125e-05,-3.0517578125e-05,-3.0517578125e-05,-3.0517578125e-05,-3.0517578125e-05,G,0,2026-08-24_23-25-27,2026-08-24
0.9833514296055013,0.975859987929994,1.0,0.0,0.025477707006369428,1.0,1.0,1.0,1.0,1.0,1.0,-3.0517578125e-05,-3.0517578125e-05,-3.0517578125e-05,-3.0517578125e-05,-3.0517578125e-05,-3.0517578125e-05,G,0,2026-08-24_23-25-27,2026-08-24
0.9869706840390879,0.9625829812914907,0.9752252252252253,0.0,0.06369426751592357,1.0,1.0,1.0,1.0,1.0,1.0,-3.0517578125e-05,-3.0517578125e-05,-3.0517578125e-05,-3.0517578125e-05,-3.0517578125e-05,-3.0517578125e-05,G,0,2026-08-24_23-25-27,2026-08-24
0.9811798769453492,0.9541339770669885,1.0,0.0,0.050955414012738856,1.0,1.0,1.0,1.0,1.0,1.0,-3.0517578125e-05,-3.0517578125e-05,-3.0517578125e-05,-3.0517578125e-05,-3.0517578125e-05,-3.0517578125e-05,G,0,2026-08-24_23-25-27,2026-08-24
0.9833514296055013,0.9674109837054918,0.9932432432432432,0.0,0.025477707006369428,1.0,1.0,1.0,1.0,1.0,1.0,-3.0517578125e-05,-3.0517578125e-05,-3.0517578125e-05,-3.0517578125e-05,-3.0517578125e-05,-3.0517578125e-05,G,0,2026-08-24_23-25-27,2026-08-24
0.9811798769453492,0.9734459867229933,1.0,0.0,0.08917197452229299,1.0,1.0,1.0,1.0,1.0,1.0,-3.0517578125e-05,-3.0517578125e-05,-3.0517578125e-05,-3.0517578125e-05,-3.0517578125e-05,-3.0517578125e-05,G,0,2026-08-24_23-25-27,2026-08-24
0.9724936663047412,0.9674109837054918,1.0,0.0,0.06369426751592357,1.0,1.0,1.0,1.0,1.0,1.0,-3.0517578125e-05,-3.0517578125e-05,-3.0517578125e-05,-3.0517578125e-05,-3.0517578125e-05,-3.0517578125e-05,G,0,2026-08-24_23-25-27,2026-08-24
0.9761129207383279,0.9686179843089922,0.990990990990991,0.0,0.06369426751592357,1.0,1.0,1.0,1.0,1.0,1.0,-3.0517578125e-05,-3.0517578125e-05,-3.0517578125e-05,-3.0517578125e-05,-3.0517578125e-05,-3.0517578125e-05,G,0,2026-08-24_23-25-27,2026-08-24
0.993485342019544,0.9565479782739892,0.9752252252252253,0.0,0.07643312101910828,1.0,1.0,1.0,1.0,1.0,1.0,-3.0517578125e-05,-3.0517578125e-05,-3.0517578125e-05,-3.0517578125e-05,-3.0517578125e-05,-3.0517578125e-05,G,0,2026-08-24_23-25-27,2026-08-24
0.9797321751719146,0.9734459867229933,1.0,0.0,0.06369426751592357,1.0,1.0,1.0,1.0,1.0,1.0,-3.0517578125e-05,-3.0517578125e-05,-3.0517578125e-05,-3.0517578125e-05,-3.0517578125e-05,-3.0517578125e-05,G,0,2026-08-24_23-25-27,2026-08-24
0.9732175171914585,0.9686179843089922,0.9887387387387387,0.0,0.012738853503184714,1.0,1.0,1.0,1.0,1.0,1.0,-3.0517578125e-05,-3.0517578125e-05,-3.0517578125e-05,-3.0517578125e-05,-3.0517578125e-05,-3.0517578125e-05,G,0,2026-08-24_23-25-27,2026-08-24
0.9739413680781759,0.9734459867229933,0.9887387387387387,0.0,0.08917197452229299,1.0,1.0,1.0,1.0,1.0,1.0,-3.0517578125e-05,-3.0517578125e-05,-3.0517578125e-05,-3.0517578125e-05,-3.0517578125e-05,-3.0517578125e-05,G,0,2026-08-24_23-25-27,2026-08-24
0.9804560260586319,0.9770669885334943,0.9774774774774775,0.0,0.025477707006369428,1.0,1.0,1.0,1.0,1.0,1.0,-3.0517578125e-05,-3.0517578125e-05,-3.0517578125e-05,-3.0517578125e-05,-3.0517578125e-05,-3.0517578125e-05,G,0,2026-08-24_23-25-27,2026-08-24
0.9949330437929786,0.975859987929994,0.9842342342342343,0.0,0.08917197452229299,1.0,1.0,1.0,1.0,1.0,1.0,-3.0517578125e-05,-3.0517578125e-05,-3.0517578125e-05,-3.0517578125e-05,-3.0517578125e-05,-3.0517578125e-05,G,0,2026-08-24_23-25-27,2026-08-24
0.9826275787187839,0.9746529873264936,0.9819819819819819,0.0,0.06369426751592357,1.0,1.0,1.0,1.0,1.0,1.0,-3.0517578125e-05,-3.0517578125e-05,-3.0517578125e-05,-3.0517578125e-05,-3.0517578125e-05,-3.0517578125e-05,G,0,2026-08-24_23-25-27,2026-08-24
0.9826275787187839,0.975859987929994,0.9977477477477478,0.0,0.025477707006369428,1.0,1.0,1.0,1.0,1.0,1.0,-3.0517578125e-05,-3.0517578125e-05,-3.0517578125e-05,-3.0517578125e-05,-3.0517578125e-05,-3.0517578125e-05,G,0,2026-08-24_23-25-27,2026-08-24
1.0,0.9722389861194931,1.0,0.0,0.0,1.0,1.0,1.0,1.0,1.0,1.0,-3.0517578125e-05,-3.0517578125e-05,-3.0517578125e-05,-3.0517578125e-05,-3.0517578125e-05,-3.0517578125e-05,G,0,2026-08-24_23-25-27,2026-08-24
1.0,0.9734459867229933,1.0,0.0,0.08917197452229299,1.0,1.0,1.0,1.0,1.0,1.0,-3.0517578125e-05,-3.0517578125e-05,-3.0517578125e-05,-3.0517578125e-05,-3.0517578125e-05,-3.0517578125e-05,G,0,2026-08-24_23-25-27,2026-08-24
1.0,0.9662039831019915,0.990990990990991,0.0,0.012738853503184714,1.0,1.0,1.0,1.0,1.0,1.0,-3.0517578125e-05,-3.0517578125e-05,-3.0517578125e-05,-3.0517578125e-05,-3.0517578125e-05,-3.0517578125e-05,G,0,2026-08-24_23-25-27,2026-08-24
1.0,0.9794809897404949,0.9752252252252253,0.0,0.050955414012738856,1.0,1.0,1.0,1.0,1.0,1.0,-3.0517578125e-05,-3.0517578125e-05,-3.0517578125e-05,-3.0517578125e-05,-3.0517578125e-05,-3.0517578125e-05,G,0,2026-08-24_23-25-27,2026-08-24
1.0,0.9662039831019915,1.0,0.0,0.0,1.0,1.0,1.0,1.0,1.0,1.0,-3.0517578125e-05,-3.0517578125e-05,-3.0517578125e-05,-3.0517578125e-05,-3.0517578125e-05,-3.0517578125e-05,G,0,2026-08-24_23-25-27,2026-08-24
1.0,0.9649969824984912,0.9887387387387387,0.0,0.03821656050955414,1.0,1.0,1.0,1.0,1.0,1.0,-3.0517578125e-05,-3.0517578125e-05,-3.0517578125e-05,-3.0517578125e-05,-3.0517578125e-05,-3.0517578125e-05,G,0,2026-08-24_23-25-27,2026-08-24
1.0,0.9649969824984912,0.9774774774774775,0.0,0.0,1.0,1.0,1.0,1.0,1.0,1.0,-3.0517578125e-05,-3.0517578125e-05,-3.0517578125e-05,-3.0517578125e-05,-3.0517578125e-05,-3.0517578125e-05,G,0,2026-08-24_23-25-27,2026-08-24
1.0,0.9806879903439951,1.0,0.0,0.0,1.0,1.0,1.0,1.0,1.0,1.0,-3.0517578125e-05,-3.0517578125e-05,-3.0517578125e-05,-3.0517578125e-05,-3.0517578125e-05,-3.0517578125e-05,G,0,2026-08-24_23-25-27,2026-08-24
1.0,1.0,1.0,0.13440860215053763,0.20382165605095542,1.0,1.0,1.0,1.0,1.0,1.0,-3.0517578125e-05,-3.0517578125e-05,-3.0517578125e-05,-3.0517578125e-05,-3.0517578125e-05,-3.0517578125e-05,G,1,2026-08-24_23-25-27,2026-08-24
1.0,1.0,0.9774774774774775,0.12365591397849462,0.07643312101910828,1.0,1.0,1.0,1.0,1.0,1.0,-3.0517578125e-05,-3.0517578125e-05,-3.0517578125e-05,-3.0517578125e-05,-3.0517578125e-05,-3.0517578125e-05,G,1,2026-08-24_23-25-27,2026-08-24
1.0,1.0,0.9932432432432432,0.15591397849462366,0.14012738853503184,1.0,1.0,1.0,1.0,1.0,1.0,-3.0517578125e-05,-3.0517578125e-05,-3.0517578125e-05,-3.0517578125e-05,-3.0517578125e-05,-3.0517578125e-05,G,1,2026-08-24_23-25-27,2026-08-24
1.0,1.0,0.9774774774774775,0.16129032258064516,0.12738853503184713,1.0,1.0,1.0,1.0,1.0,1.0,-3.0517578125e-05,-3.0517578125e-05,-3.0517578125e-05,-3.0517578125e-05,-3.0517578125e-05,-3.0517578125e-05,G,1,2026-08-24_23-25-27,2026-08-24
1.0,1.0,1.0,0.17204301075268819,0.16560509554140126,1.0,1.0,1.0,1.0,1.0,1.0,-3.0517578125e-05,-3.0517578125e-05,-3.0517578125e-05,-3.0517578125e-05,-3.0517578125e-05,-3.0517578125e-05,G,1,2026-08-24_23-25-27,2026-08-24
1.0,1.0,0.9797297297297297,0.21505376344086022,0.20382165605095542,1.0,1.0,1.0,1.0,1.0,1.0,-3.0517578125e-05,-3.0517578125e-05,-3.0517578125e-05,-3.0517578125e-05,-3.0517578125e-05,-3.0517578125e-05,G,1,2026-08-24_23-25-27,2026-08-24
1.0,1.0,1.0,0.20967741935483872,0.15286624203821655,1.0,1.0,1.0,1.0,1.0,1.0,-3.0517578125e-05,-3.0517578125e-05,-3.0517578125e-05,-3.0517578125e-05,-3.0517578125e-05,-3.0517578125e-05,G,1,2026-08-24_23-25-27,2026-08-24
1.0,1.0,0.9932432432432432,0.20430107526881722,0.14012738853503184,1.0,1.0,1.0,1.0,1.0,1.0,-3.0517578125e-05,-3.0517578125e-05,-3.0517578125e-05,-3.0517578125e-05,-3.0517578125e-05,-3.0517578125e-05,G,1,2026-08-24_23-25-27,2026-08-24
1.0,1.0,1.0,0.24731182795698925,0.24203821656050956,1.0,1.0,1.0,1.0,1.0,1.0,-3.0517578125e-05,-3.0517578125e-05,-3.0517578125e-05,-3.0517578125e-05,-3.0517578125e-05,-3.0517578125e-05,G,1,2026-08-24_23-25-27,2026-08-24
1.0,0.9987929993964997,0.9819819819819819,0.25806451612903225,0.08917197452229299,1.0,1.0,1.0,1.0,1.0,1.0,-3.0517578125e-05,-3.0517578125e-05,-3.0517578125e-05,-3.0517578125e-05,-3.0517578125e-05,-3.0517578125e-05,G,1,2026-08-24_23-25-27,2026-08-24
1.0,0.987929993964997,0.9977477477477478,0.25806451612903225,0.16560509554140126,1.0,1.0,1.0,1.0,1.0,1.0,-3.0517578125e-05,-3.0517578125e-05,-3.0517578125e-05,-3.0517578125e-05,-3.0517578125e-05,-3.0517578125e-05,G,1,2026-08-24_23-25-27,2026-08-24
1.0,0.9939649969824985,0.9932432432432432,0.23655913978494625,0.03821656050955414,1.0,1.0,1.0,1.0,1.0,1.0,-3.0517578125e-05,-3.0517578125e-05,-3.0517578125e-05,-3.0517578125e-05,-3.0517578125e-05,-3.0517578125e-05,G,1,2026-08-24_23-25-27,2026-08-24
1.0,0.996378998189499,0.9932432432432432,0.23118279569892472,0.12738853503184713,1.0,1.0,1.0,1.0,1.0,1.0,-3.0517578125e-05,-3.0517578125e-05,-3.0517578125e-05,-3.0517578125e-05,-3.0517578125e-05,-3.0517578125e-05,G,1,2026-08-24_23-25-27,2026-08-24
1.0,1.0,0.990990990990991,0.25806451612903225,0.14012738853503184,1.0,1.0,1.0,1.0,1.0,1.0,-3.0517578125e-05,-3.0517578125e-05,-3.0517578125e-05,-3.0517578125e-05,-3.0517578125e-05,-3.0517578125e-05,G,1,2026-08-24_23-25-27,2026-08-24
1.0,0.996378998189499,0.9797297297297297,0.23118279569892472,0.16560509554140126,1.0,1.0,1.0,1.0,1.0,1.0,-3.0517578125e-05,-3.0517578125e-05,-3.0517578125e-05,-3.0517578125e-05,-3.0517578125e-05,-3.0517578125e-05,G,1,2026-08-24_23-25-27,2026-08-24
1.0,0.996378998189499,0.9797297297297297,0.24731182795698925,0.12738853503184713,1.0,1.0,1.0,1.0,1.0,1.0,-3.0517578125e-05,-3.0517578125e-05,-3.0517578125e-05,-3.0517578125e-05,-3.0517578125e-05,-3.0517578125e-05,G,1,2026-08-24_23-25-27,2026-08-24
1.0,0.9951719975859988,0.9864864864864865,0.22580645161290322,0.20382165605095542,1.0,1.0,1.0,1.0,1.0,1.0,-3.0517578125e-05,-3.0517578125e-05,-3.0517578125e-05,-3.0517578125e-05,-3.0517578125e-05,-3.0517578125e-05,G,1,2026-08-24_23-25-27,2026-08-24
1.0,0.996378998189499,0.9887387387387387,0.23118279569892472,0.14012738853503184,1.0,1.0,1.0,1.0,1.0,1.0,-3.0517578125e-05,-3.0517578125e-05,-3.0517578125e-05,-3.0517578125e-05,-3.0517578125e-05,-3.0517578125e-05,G,1,2026-08-24_23-25-27,2026-08-24
1.0,0.9891369945684972,0.9774774774774775,0.24731182795698925,0.14012738853503184,1.0,1.0,1.0,1.0,1.0,1.0,-3.0517578125e-05,-3.0517578125e-05,-3.0517578125e-05,-3.0517578125e-05,-3.0517578125e-05,-3.0517578125e-05,G,1,2026-08-24_23-25-27,2026-08-24
1.0,0.9927579963789982,0.9887387387387387,0.24731182795698925,0.17834394904458598,1.0,1.0,1.0,1.0,1.0,1.0,-3.0517578125e-05,-3.0517578125e-05,-3.0517578125e-05,-3.0517578125e-05,-3.0517578125e-05,-3.0517578125e-05,G,1,2026-08-24_23-25-27,2026-08-24
1.0,0.9987929993964997,0.9887387387387387,0.1935483870967742,0.16560509554140126,1.0,1.0,1.0,1.0,1.0,1.0,-3.0517578125e-05,-3.0517578125e-05,-3.0517578125e-05,-3.0517578125e-05,-3.0517578125e-05,-3.0517578125e-05,G,1,2026-08-24_23-25-27,2026-08-24
1.0,0.9939649969824985,0.9864864864864865,0.1935483870967742,0.11464968152866242,1.0,1.0,1.0,1.0,1.0,1.0,-3.0517578125e-05,-3.0517578125e-05,-3.0517578125e-05,-3.0517578125e-05,-3.0517578125e-05,-3.0517578125e-05,G,1,2026-08-24_23-25-27,2026-08-24
1.0,0.9939649969824985,0.9842342342342343,0.20967741935483872,0.14012738853503184,1.0,1.0,1.0,1.0,1.0,1.0,-3.0517578125e-05,-3.0517578125e-05,-3.0517578125e-05,-3.0517578125e-05,-3.0517578125e-05,-3.0517578125e-05,G,1,2026-08-24_23-25-27,2026-08-24
1.0,0.9891369945684972,0.9774774774774775,0.21505376344086022,0.14012738853503184,1.0,1.0,1.0,1.0,1.0,1.0,-3.0517578125e-05,-3.0517578125e-05,-3.0517578125e-05,-3.0517578125e-05,-3.0517578125e-05,-3.0517578125e-05,G,1,2026-08-24_23-25-27,2026-08-24
1.0,0.9939649969824985,0.9797297297297297,0.26344086021505375,0.1910828025477707,1.0,1.0,1.0,1.0,1.0,1.0,-3.0517578125e-05,-3.0517578125e-05,-3.0517578125e-05,-3.0517578125e-05,-3.0517578125e-05,-3.0517578125e-05,G,1,2026-08-24_23-25-27,2026-08-24
1.0,0.9855159927579964,0.9774774774774775,0.20430107526881722,0.11464968152866242,1.0,1.0,1.0,1.0,1.0,1.0,-3.0517578125e-05,-3.0517578125e-05,-3.0517578125e-05,-3.0517578125e-05,-3.0517578125e-05,-3.0517578125e-05,G,1,2026-08-24_23-25-27,2026-08-24
1.0,0.9867229933614967,0.963963963963964,0.20967741935483872,0.20382165605095542,1.0,1.0,1.0,1.0,1.0,1.0,-3.0517578125e-05,-3.0517578125e-05,-3.0517578125e-05,-3.0517578125e-05,-3.0517578125e-05,-3.0517578125e-05,G,1,2026-08-24_23-25-27,2026-08-24
1.0,0.9927579963789982,1.0,0.25268817204301075,0.12738853503184713,1.0,1.0,1.0,1.0,1.0,1.0,-3.0517578125e-05,-3.0517578125e-05,-3.0517578125e-05,-3.0517578125e-05,-3.0517578125e-05,-3.0517578125e-05,G,1,2026-08-24_23-25-27,2026-08-24
1.0,0.9891369945684972,0.9842342342342343,0.23655913978494625,0.07643312101910828,1.0,1.0,1.0,1.0,1.0,1.0,-3.0517578125e-05,-3.0517578125e-05,-3.0517578125e-05,-3.0517578125e-05,-3.0517578125e-05,-3.0517578125e-05,G,1,2026-08-24_23-25-27,2026-08-24
1.0,0.9867229933614967,0.9774774774774775,0.1881720430107527,0.12738853503184713,1.0,1.0,1.0,1.0,1.0,1.0,-3.0517578125e-05,-3.0517578125e-05,-3.0517578125e-05,-3.0517578125e-05,-3.0517578125e-05,-3.0517578125e-05,G,1,2026-08-24_23-25-27,2026-08-24
1.0,0.9843089921544961,0.9707207207207207,0.25268817204301075,0.3184713375796178,1.0,1.0,1.0,1.0,1.0,1.0,-3.0517578125e-05,-3.0517578125e-05,-3.0517578125e-05,-3.0517578125e-05,-3.0517578125e-05,-3.0517578125e-05,G,1,2026-08-24_23-25-27,2026-08-24
1.0,0.987929993964997,0.9774774774774775,0.22580645161290322,0.12738853503184713,1.0,1.0,1.0,1.0,1.0,1.0,-3.0517578125e-05,-3.0517578125e-05,-3.0517578125e-05,-3.0517578125e-05,-3.0517578125e-05,-3.0517578125e-05,G,1,2026-08-24_23-25-27,2026-08-24
1.0,0.987929993964997,0.9617117117117117,0.1989247311827957,0.22929936305732485,1.0,1.0,1.0,1.0,1.0,1.0,-3.0517578125e-05,-3.0517578125e-05,-3.0517578125e-05,-3.0517578125e-05,-3.0517578125e-05,-3.0517578125e-05,G,1,2026-08-24_23-25-27,2026-08-24
1.0,0.9891369945684972,0.9707207207207207,0.23118279569892472,0.12738853503184713,1.0,1.0,1.0,1.0,1.0,1.0,-3.0517578125e-05,-3.0517578125e-05,-3.0517578125e-05,-3.0517578125e-05,-3.0517578125e-05,-3.0517578125e-05,G,1,2026-08-24_23-25-27,2026-08-24
1.0,0.9843089921544961,0.9774774774774775,0.21505376344086022,0.14012738853503184,1.0,1.0,1.0,1.0,1.0,1.0,-3.0517578125e-05,-3.0517578125e-05,-3.0517578125e-05,-3.0517578125e-05,-3.0517578125e-05,-3.0517578125e-05,G,1,2026-08-24_23-25-27,2026-08-24
1.0,0.9867229933614967,0.9774774774774775,0.23118279569892472,0.11464968152866242,1.0,1.0,1.0,1.0,1.0,1.0,-3.0517578125e-05,-3.0517578125e-05,-3.0517578125e-05,-3.0517578125e-05,-3.0517578125e-05,-3.0517578125e-05,G,1,2026-08-24_23-25-27,2026-08-24
1.0,0.9867229933614967,0.9774774774774775,0.1881720430107527,0.12738853503184713,1.0,1.0,1.0,1.0,1.0,1.0,-3.0517578125e-05,-3.0517578125e-05,-3.0517578125e-05,-3.0517578125e-05,-3.0517578125e-05,-3.0517578125e-05,G,1,2026-08-24_23-25-27,2026-08-24
1.0,0.9867229933614967,0.9797297297297297,0.14516129032258066,0.16560509554140126,1.0,1.0,1.0,1.0,1.0,1.0,-3.0517578125e-05,-3.0517578125e-05,-3.0517578125e-05,-3.0517578125e-05,-3.0517578125e-05,-3.0517578125e-05,G,1,2026-08-24_23-25-27,2026-08-24
1.0,0.9831019915509958,0.9819819819819819,0.22043010752688172,0.06369426751592357,1.0,1.0,1.0,1.0,1.0,1.0,-3.0517578125e-05,-3.0517578125e-05,-3.0517578125e-05,-3.0517578125e-05,-3.0517578125e-05,-3.0517578125e-05,G,1,2026-08-24_23-25-27,2026-08-24
1.0,0.9806879903439951,0.9752252252252253,0.21505376344086022,0.11464968152866242,1.0,1.0,1.0,1.0,1.0,1.0,-3.0517578125e-05,-3.0517578125e-05,-3.0517578125e-05,-3.0517578125e-05,-3.0517578125e-05,-3.0517578125e-05,G,1,2026-08-24_23-25-27,2026-08-24
0.993485342019544,1.0,1.0,0.3978494623655914,0.16560509554140126,1.0,0.0,1.0,0.0,1.0,0.0,-3.0517578125e-05,-3.0517578125e-05,-3.0517578125e-05,-3.0517578125e-05,-3.0517578125e-05,-3.0517578125e-05,G,2,2026-08-24_23-25-27,2026-08-24
0.9905899384726746,1.0,1.0,0.41397849462365593,0.0,1.0,0.0,1.0,0.0,1.0,0.0,-3.0517578125e-05,-3.0517578125e-05,-3.0517578125e-05,-3.0517578125e-05,-3.0517578125e-05,-3.0517578125e-05,G,2,2026-08-24_23-25-27,2026-08-24
0.9927614911328266,1.0,1.0,0.3924731182795699,0.11464968152866242,1.0,0.0,0.0,0.0,1.0,0.0,-3.0517578125e-05,-3.0517578125e-05,-3.0517578125e-05,-3.0517578125e-05,-3.0517578125e-05,-3.0517578125e-05,G,2,2026-08-24_23-25-27,2026-08-24
0.9833514296055013,1.0,1.0,0.3333333333333333,0.08917197452229299,1.0,0.0,1.0,0.0,1.0,0.0,-3.0517578125e-05,-3.0517578125e-05,-3.0517578125e-05,-3.0517578125e-05,-3.0517578125e-05,-3.0517578125e-05,G,2,2026-08-24_23-25-27,2026-08-24
0.9898660875859573,1.0,1.0,0.41397849462365593,0.050955414012738856,1.0,0.0,1.0,0.0,1.0,0.0,-3.0517578125e-05,-3.0517578125e-05,-3.0517578125e-05,-3.0517578125e-05,-3.0517578125e-05,-3.0517578125e-05,G,2,2026-08-24_23-25-27,2026-08-24
0.9898660875859573,1.0,1.0,0.40860215053763443,0.0,1.0,0.0,1.0,0.0,1.0,0.0,-3.0517578125e-05,-3.0517578125e-05,-3.0517578125e-05,-3.0517578125e-05,-3.0517578125e-05,-3.0517578125e-05,G,2,2026-08-24_23-25-27,2026-08-24
0.9876945349258053,1.0,1.0,0.3709677419354839,0.07643312101910828,1.0,0.0,1.0,0.0,1.0,0.0,-3.0517578125e-05,-3.0517578125e-05,-3.0517578125e-05,-3.0517578125e-05,-3.0517578125e-05,-3.0517578125e-05,G,2,2026-08-24_23-25-27,2026-08-24
0.9884183858125226,1.0,1.0,0.3870967741935484,0.012738853503184714,1.0,0.0,1.0,0.0,1.0,0.0,-3.0517578125e-05,-3.0517578125e-05,-3.0517578125e-05,-3.0517578125e-05,-3.0517578125e-05,-3.0517578125e-05,G,2,2026-08-24_23-25-27,2026-08-24
0.98914223669924,1.0,1.0,0.3333333333333333,0.14012738853503184,1.0,0.0,1.0,0.0,1.0,0.0,-3.0517578125e-05,-3.0517578125e-05,-3.0517578125e-05,-3.0517578125e-05,-3.0517578125e-05,-3.0517578125e-05,G,2,2026-08-24_23-25-27,2026-08-24
0.9840752804922186,1.0,1.0,0.4032258064516129,0.14012738853503184,1.0,0.0,1.0,0.0,1.0,0.0,-3.0517578125e-05,-3.0517578125e-05,-3.0517578125e-05,-3.0517578125e-05,-3.0517578125e-05,-3.0517578125e-05,G,2,2026-08-24_23-25-27,2026-08-24
0.9905899384726746,1.0,1.0,0.3548387096774194,0.0,1.0,0.0,1.0,0.0,1.0,0.0,-3.0517578125e-05,-3.0517578125e-05,-3.0517578125e-05,-3.0517578125e-05,-3.0517578125e-05,-3.0517578125e-05,G,2,2026-08-24_23-25-27,2026-08-24
0.9862468331523706,1.0,1.0,0.3817204301075269,0.11464968152866242,1.0,0.0,1.0,0.0,1.0,0.0,-3.0517578125e-05,-3.0517578125e-05,-3.0517578125e-05,-3.0517578125e-05,-3.0517578125e-05,-3.0517578125e-05,G,2,2026-08-24_23-25-27,2026-08-24
0.9869706840390879,1.0,1.0,0.4032258064516129,0.08917197452229299,1.0,0.0,1.0,0.0,1.0,0.0,-3.0517578125e-05,-3.0517578125e-05,-3.0517578125e-05,-3.0517578125e-05,-3.0517578125e-05,-3.0517578125e-05,G,2,2026-08-24_23-25-27,2026-08-24
0.9840752804922186,1.0,1.0,0.3279569892473118,0.06369426751592357,1.0,0.0,1.0,0.0,1.0,0.0,-3.0517578125e-05,-3.0517578125e-05,-3.0517578125e-05,-3.0517578125e-05,-3.0517578125e-05,-3.0517578125e-05,G,2,2026-08-24_23-25-27,2026-08-24
0.9898660875859573,1.0,1.0,0.3655913978494624,0.07643312101910828,1.0,0.0,1.0,0.0,1.0,0.0,-3.0517578125e-05,-3.0517578125e-05,-3.0517578125e-05,-3.0517578125e-05,-3.0517578125e-05,-3.0517578125e-05,G,2,2026-08-24_23-25-27,2026-08-24
0.9876945349258053,1.0,1.0,0.3172043010752688,0.03821656050955414,1.0,0.0,1.0,0.0,1.0,0.0,-3.0517578125e-05,-3.0517578125e-05,-3.0517578125e-05,-3.0517578125e-05,-3.0517578125e-05,-3.0517578125e-05,G,2,2026-08-24_23-25-27,2026-08-24
0.993485342019544,1.0,1.0,0.3333333333333333,0.14012738853503184,1.0,0.0,1.0,0.0,1.0,0.0,-3.0517578125e-05,-3.0517578125e-05,-3.0517578125e-05,-3.0517578125e-05,-3.0517578125e-05,-3.0517578125e-05,G,2,2026-08-24_23-25-27,2026-08-24
0.9905899384726746,1.0,1.0,0.3763440860215054,0.03821656050955414,1.0,0.0,1.0,0.0,1.0,0.0,-3.0517578125e-05,-3.0517578125e-05,-3.0517578125e-05,-3.0517578125e-05,-3.0517578125e-05,-3.0517578125e-05,G,2,2026-08-24_23-25-27,2026-08-24
0.9876945349258053,1.0,1.0,0.3817204301075269,0.11464968152866242,1.0,0.0,1.0,0.0,1.0,0.0,-3.0517578125e-05,-3.0517578125e-05,-3.0517578125e-05,-3.0517578125e-05,-3.0517578125e-05,-3.0517578125e-05,G,2,2026-08-24_23-25-27,2026-08-24
0.9905899384726746,1.0,1.0,0.3333333333333333,0.06369426751592357,1.0,0.0,1.0,0.0,1.0,0.0,-3.0517578125e-05,-3.0517578125e-05,-3.0517578125e-05,-3.0517578125e-05,-3.0517578125e-05,-3.0517578125e-05,G,2,2026-08-24_23-25-27,2026-08-24
0.9920376402461093,1.0,1.0,0.3655913978494624,0.06369426751592357,1.0,0.0,1.0,0.0,1.0,0.0,-3.0517578125e-05,-3.0517578125e-05,-3.0517578125e-05,-3.0517578125e-05,-3.0517578125e-05,-3.0517578125e-05,G,2,2026-08-24_23-25-27,2026-08-24
1.0,1.0,1.0,0.3279569892473118,0.07643312101910828,1.0,0.0,1.0,0.0,1.0,0.0,-3.0517578125e-05,-3.0517578125e-05,-3.0517578125e-05,-3.0517578125e-05,-3.0517578125e-05,-3.0517578125e-05,G,2,2026-08-24_23-25-27,2026-08-24
1.0,1.0,1.0,0.3763440860215054,0.03821656050955414,1.0,0.0,1.0,0.0,1.0,0.0,-3.0517578125e-05,-3.0517578125e-05,-3.0517578125e-05,-3.0517578125e-05,-3.0517578125e-05,-3.0517578125e-05,G,2,2026-08-24_23-25-27,2026-08-24
1.0,1.0,1.0,0.3924731182795699,0.12738853503184713,1.0,0.0,1.0,0.0,1.0,0.0,-3.0517578125e-05,-3.0517578125e-05,-3.0517578125e-05,-3.0517578125e-05,-3.0517578125e-05,-3.0517578125e-05,G,2,2026-08-24_23-25-27,2026-08-24
1.0,1.0,1.0,0.34408602150537637,0.06369426751592357,1.0,0.0,1.0,0.0,1.0,0.0,-3.0517578125e-05,-3.0517578125e-05,-3.0517578125e-05,-3.0517578125e-05,-3.0517578125e-05,-3.0517578125e-05,G,2,2026-08-24_23-25-27,2026-08-24
1.0,1.0,1.0,0.34408602150537637,0.025477707006369428,1.0,0.0,1.0,0.0,1.0,0.0,-3.0517578125e-05,-3.0517578125e-05,-3.0517578125e-05,-3.0517578125e-05,-3.0517578125e-05,-3.0517578125e-05,G,2,2026-08-24_23-25-27,2026-08-24
1.0,1.0,1.0,0.34946236559139787,0.07643312101910828,1.0,0.0,1.0,0.0,1.0,0.0,-3.0517578125e-05,-3.0517578125e-05,-3.0517578125e-05,-3.0517578125e-05,-3.0517578125e-05,-3.0517578125e-05,G,2,2026-08-24_23-25-27,2026-08-24
1.0,1.0,1.0,0.3172043010752688,0.012738853503184714,1.0,0.0,1.0,0.0,1.0,0.0,-3.0517578125e-05,-3.0517578125e-05,-3.0517578125e-05,-3.0517578125e-05,-3.0517578125e-05,-3.0517578125e-05,G,2,2026-08-24_23-25-27,2026-08-24
1.0,1.0,1.0,0.34946236559139787,0.0,1.0,0.0,1.0,0.0,1.0,0.0,-3.0517578125e-05,-3.0517578125e-05,-3.0517578125e-05,-3.0517578125e-05,-3.0517578125e-05,-3.0517578125e-05,G,2,2026-08-24_23-25-27,2026-08-24
1.0,1.0,1.0,0.34946236559139787,0.050955414012738856,1.0,0.0,1.0,0.0,1.0,0.0,-3.0517578125e-05,-3.0517578125e-05,-3.0517578125e-05,-3.0517578125e-05,-3.0517578125e-05,-3.0517578125e-05,G,2,2026-08-24_23-25-27,2026-08-24
1.0,1.0,1.0,0.3172043010752688,0.03821656050955414,1.0,0.0,1.0,0.0,1.0,0.0,-3.0517578125e-05,-3.0517578125e-05,-3.0517578125e-05,-3.0517578125e-05,-3.0517578125e-05,-3.0517578125e-05,G,2,2026-08-24_23-25-27,2026-08-24
1.0,1.0,1.0,0.34408602150537637,0.07643312101910828,1.0,0.0,1.0,0.0,1.0,0.0,-3.0517578125e-05,-3.0517578125e-05,-3.0517578125e-05,-3.0517578125e-05,-3.0517578125e-05,-3.0517578125e-05,G,2,2026-08-24_23-25-27,2026-08-24
1.0,1.0,1.0,0.46236559139784944,0.11464968152866242,1.0,0.0,1.0,0.0,1.0,0.0,-3.0517578125e-05,-3.0517578125e-05,-3.0517578125e-05,-3.0517578125e-05,-3.0517578125e-05,-3.0517578125e-05,G,2,2026-08-24_23-25-27,2026-08-24
1.0,1.0,1.0,0.3924731182795699,0.0,1.0,0.0,1.0,0.0,1.0,0.0,-3.0517578125e-05,-3.0517578125e-05,-3.0517578125e-05,-3.0517578125e-05,-3.0517578125e-05,-3.0517578125e-05,G,2,2026-08-24_23-25-27,2026-08-24
1.0,1.0,1.0,0.3333333333333333,0.07643312101910828,1.0,0.0,1.0,0.0,1.0,0.0,-3.0517578125e-05,-3.0517578125e-05,-3.0517578125e-05,-3.0517578125e-05,-3.0517578125e-05,-3.0517578125e-05,G,2,2026-08-24_23-25-27,2026-08-24
1.0,1.0,1.0,0.3602150537634409,0.12738853503184713,1.0,0.0,1.0,0.0,1.0,0.0,-3.0517578125e-05,-3.0517578125e-05,-3.0517578125e-05,-3.0517578125e-05,-3.0517578125e-05,-3.0517578125e-05,G,2,2026-08-24_23-25-27,2026-08-24
1.0,1.0,1.0,0.3924731182795699,0.06369426751592357,1.0,0.0,1.0,0.0,1.0,0.0,-3.0517578125e-05,-3.0517578125e-05,-3.0517578125e-05,-3.0517578125e-05,-3.0517578125e-05,-3.0517578125e-05,G,2,2026-08-24_23-25-27,2026-08-24
1.0,1.0,1.0,0.3279569892473118,0.07643312101910828,1.0,0.0,1.0,0.0,1.0,0.0,-3.0517578125e-05,-3.0517578125e-05,-3.0517578125e-05,-3.0517578125e-05,-3.0517578125e-05,-3.0517578125e-05,G,2,2026-08-24_23-25-27,2026-08-24
1.0,1.0,1.0,0.3870967741935484,0.03821656050955414,1.0,0.0,1.0,0.0,1.0,0.0,-3.0517578125e-05,-3.0517578125e-05,-3.0517578125e-05,-3.0517578125e-05,-3.0517578125e-05,-3.0517578125e-05,G,2,2026-08-24_23-25-27,2026-08-24
1.0,1.0,1.0,0.4032258064516129,0.0,1.0,0.0,1.0,0.0,1.0,0.0,-3.0517578125e-05,-3.0517578125e-05,-3.0517578125e-05,-3.0517578125e-05,-3.0517578125e-05,-3.0517578125e-05,G,2,2026-08-24_23-25-27,2026-08-24
1.0,1.0,1.0,0.15591397849462366,0.06369426751592357,1.0,1.0,1.0,1.0,1.0,1.0,-3.0517578125e-05,-3.0517578125e-05,-3.0517578125e-05,-3.0517578125e-05,-3.0517578125e-05,-3.0517578125e-05,G,3,2026-08-24_23-25-27,2026-08-24
0.9992761491132827,1.0,1.0,0.1827956989247312,0.16560509554140126,1.0,1.0,1.0,1.0,1.0,1.0,-3.0517578125e-05,-3.0517578125e-05,-3.0517578125e-05,-3.0517578125e-05,-3.0517578125e-05,-3.0517578125e-05,G,3,2026-08-24_23-25-27,2026-08-24
0.9971045964531307,1.0,1.0,0.1827956989247312,0.12738853503184713,1.0,1.0,1.0,1.0,1.0,1.0,-3.0517578125e-05,-3.0517578125e-05,-3.0517578125e-05,-3.0517578125e-05,-3.0517578125e-05,-3.0517578125e-05,G,3,2026-08-24_23-25-27,2026-08-24
1.0,1.0,1.0,0.17204301075268819,0.16560509554140126,1.0,1.0,1.0,1.0,1.0,1.0,-3.0517578125e-05,-3.0517578125e-05,-3.0517578125e-05,-3.0517578125e-05,-3.0517578125e-05,-3.0517578125e-05,G,3,2026-08-24_23-25-27,2026-08-24
1.0,1.0,1.0,0.17204301075268819,0.11464968152866242,1.0,1.0,1.0,1.0,1.0,1.0,-3.0517578125e-05,-3.0517578125e-05,-3.0517578125e-05,-3.0517578125e-05,-3.0517578125e-05,-3.0517578125e-05,G,3,2026-08-24_23-25-27,2026-08-24
1.0,1.0,1.0,0.15591397849462366,0.03821656050955414,1.0,1.0,1.0,0.0,1.0,1.0,-3.0517578125e-05,-3.0517578125e-05,-3.0517578125e-05,-3.0517578125e-05,-3.0517578125e-05,-3.0517578125e-05,G,3,2026-08-24_23-25-27,2026-08-24
1.0,1.0,1.0,0.12903225806451613,0.050955414012738856,1.0,1.0,1.0,1.0,1.0,1.0,-3.0517578125e-05,-3.0517578125e-05,-3.0517578125e-05,-3.0517578125e-05,-3.0517578125e-05,-3.0517578125e-05,G,3,2026-08-24_23-25-27,2026-08-24
1.0,1.0,1.0,0.13978494623655913,0.11464968152866242,1.0,1.0,1.0,1.0,1.0,1.0,-3.0517578125e-05,-3.0517578125e-05,-3.0517578125e-05,-3.0517578125e-05,-3.0517578125e-05,-3.0517578125e-05,G,3,2026-08-24_23-25-27,2026-08-24
1.0,1.0,1.0,0.14516129032258066,0.08917197452229299,1.0,1.0,1.0,1.0,1.0,1.0,-3.0517578125e-05,-3.0517578125e-05,-3.0517578125e-05,-3.0517578125e-05,-3.0517578125e-05,-3.0517578125e-05,G,3,2026-08-24_23-25-27,2026-08-24
1.0,1.0,1.0,0.16129032258064516,0.03821656050955414,1.0,1.0,1.0,1.0,1.0,1.0,-3.0517578125e-05,-3.0517578125e-05,-3.0517578125e-05,-3.0517578125e-05,-3.0517578125e-05,-3.0517578125e-05,G,3,2026-08-24_23-25-27,2026-08-24
1.0,1.0,1.0,0.15591397849462366,0.06369426751592357,1.0,1.0,1.0,0.0,1.0,1.0,-3.0517578125e-05,-3.0517578125e-05,-3.0517578125e-05,-3.0517578125e-05,-3.0517578125e-05,-3.0517578125e-05,G,3,2026-08-24_23-25-27,2026-08-24
1.0,1.0,1.0,0.14516129032258066,0.16560509554140126,1.0,0.0,1.0,0.0,1.0,1.0,-3.0517578125e-05,-3.0517578125e-05,-3.0517578125e-05,-3.0517578125e-05,-3.0517578125e-05,-3.0517578125e-05,G,3,2026-08-24_23-25-27,2026-08-24
0.9942091929062613,1.0,1.0,0.1774193548387097,0.17834394904458598,1.0,1.0,1.0,0.0,1.0,1.0,-3.0517578125e-05,-3.0517578125e-05,-3.0517578125e-05,-3.0517578125e-05,-3.0517578125e-05,-3.0517578125e-05,G,3,2026-08-24_23-25-27,2026-08-24
1.0,1.0,1.0,0.14516129032258066,0.11464968152866242,1.0,0.0,1.0,0.0,1.0,1.0,-3.0517578125e-05,-3.0517578125e-05,-3.0517578125e-05,-3.0517578125e-05,-3.0517578125e-05,-3.0517578125e-05,G,3,2026-08-24_23-25-27,2026-08-24
1.0,1.0,1.0,0.14516129032258066,0.14012738853503184,1.0,1.0,1.0,0.0,1.0,1.0,-3.0517578125e-05,-3.0517578125e-05,-3.0517578125e-05,-3.0517578125e-05,-3.0517578125e-05,-3.0517578125e-05,G,3,2026-08-24_23-25-27,2026-08-24
1.0,1.0,1.0,0.13440860215053763,0.08917197452229299,1.0,1.0,1.0,0.0,1.0,1.0,-3.0517578125e-05,-3.0517578125e-05,-3.0517578125e-05,-3.0517578125e-05,-3.0517578125e-05,-3.0517578125e-05,G,3,2026-08-24_23-25-27,2026-08-24
0.9898660875859573,1.0,1.0,0.14516129032258066,0.08917197452229299,1.0,1.0,1.0,1.0,1.0,1.0,-3.0517578125e-05,-3.0517578125e-05,-3.0517578125e-05,-3.0517578125e-05,-3.0517578125e-05,-3.0517578125e-05,G,3,2026-08-24_23-25-27,2026-08-24
0.997828447339848,1.0,1.0,0.16129032258064516,0.11464968152866242,1.0,0.0,1.0,0.0,1.0,1.0,-3.0517578125e-05,-3.0517578125e-05,-3.0517578125e-05,-3.0517578125e-05,-3.0517578125e-05,-3.0517578125e-05,G,3,2026-08-24_23-25-27,2026-08-24
1.0,1.0,1.0,0.10752688172043011,0.050955414012738856,1.0,1.0,1.0,0.0,1.0,1.0,-3.0517578125e-05,-3.0517578125e-05,-3.0517578125e-05,-3.0517578125e-05,-3.0517578125e-05,-3.0517578125e-05,G,3,2026-08-24_23-25-27,2026-08-24
0.9985522982265653,1.0,1.0,0.12365591397849462,0.11464968152866242,1.0,1.0,1.0,0.0,1.0,1.0,-3.0517578125e-05,-3.0517578125e-05,-3.0517578125e-05,-3.0517578125e-05,-3.0517578125e-05,-3.0517578125e-05,G,3,2026-08-24_23-25-27,2026-08-24
0.9949330437929786,1.0,1.0,0.10752688172043011,0.06369426751592357,1.0,1.0,1.0,0.0,1.0,1.0,-3.0517578125e-05,-3.0517578125e-05,-3.0517578125e-05,-3.0517578125e-05,-3.0517578125e-05,-3.0517578125e-05,G,3,2026-08-24_23-25-27,2026-08-24
0.9992761491132827,1.0,1.0,0.12365591397849462,0.012738853503184714,1.0,1.0,1.0,0.0,1.0,1.0,-3.0517578125e-05,-3.0517578125e-05,-3.0517578125e-05,-3.0517578125e-05,-3.0517578125e-05,-3.0517578125e-05,G,3,2026-08-24_23-25-27,2026-08-24
0.9949330437929786,1.0,1.0,0.12903225806451613,0.14012738853503184,1.0,1.0,1.0,0.0,1.0,1.0,-3.0517578125e-05,-3.0517578125e-05,-3.0517578125e-05,-3.0517578125e-05,-3.0517578125e-05,-3.0517578125e-05,G,3,2026-08-24_23-25-27,2026-08-24
0.993485342019544,1.0,1.0,0.12365591397849462,0.12738853503184713,1.0,1.0,1.0,0.0,1.0,1.0,-3.0517578125e-05,-3.0517578125e-05,-3.0517578125e-05,-3.0517578125e-05,-3.0517578125e-05,-3.0517578125e-05,G,3,2026-08-24_23-25-27,2026-08-24
0.995656894679696,1.0,1.0,0.14516129032258066,0.06369426751592357,1.0,1.0,1.0,0.0,1.0,1.0,-3.0517578125e-05,-3.0517578125e-05,-3.0517578125e-05,-3.0517578125e-05,-3.0517578125e-05,-3.0517578125e-05,G,3,2026-08-24_23-25-27,2026-08-24
0.9840752804922186,1.0,1.0,0.11827956989247312,0.1910828025477707,1.0,1.0,1.0,0.0,1.0,1.0,-3.0517578125e-05,-3.0517578125e-05,-3.0517578125e-05,-3.0517578125e-05,-3.0517578125e-05,-3.0517578125e-05,G,3,2026-08-24_23-25-27,2026-08-24
1.0,1.0,1.0,0.13440860215053763,0.12738853503184713,1.0,1.0,1.0,0.0,1.0,1.0,-3.0517578125e-05,-3.0517578125e-05,-3.0517578125e-05,-3.0517578125e-05,-3.0517578125e-05,-3.0517578125e-05,G,3,2026-08-24_23-25-27,2026-08-24
0.9971045964531307,1.0,1.0,0.11290322580645161,0.12738853503184713,1.0,0.0,1.0,0.0,1.0,1.0,-3.0517578125e-05,-3.0517578125e-05,-3.0517578125e-05,-3.0517578125e-05,-3.0517578125e-05,-3.0517578125e-05,G,3,2026-08-24_23-25-27,2026-08-24
0.995656894679696,1.0,1.0,0.07526881720430108,0.12738853503184713,1.0,1.0,1.0,0.0,1.0,1.0,-3.0517578125e-05,-3.0517578125e-05,-3.0517578125e-05,-3.0517578125e-05,-3.0517578125e-05,-3.0517578125e-05,G,3,2026-08-24_23-25-27,2026-08-24
1.0,0.9987929993964997,1.0,0.14516129032258066,0.16560509554140126,1.0,1.0,1.0,0.0,1.0,1.0,-3.0517578125e-05,-3.0517578125e-05,-3.0517578125e-05,-3.0517578125e-05,-3.0517578125e-05,-3.0517578125e-05,G,3,2026-08-24_23-25-27,2026-08-24
1.0,1.0,1.0,0.13440860215053763,0.10191082802547771,1.0,1.0,1.0,1.0,1.0,1.0,-3.0517578125e-05,-3.0517578125e-05,-3.0517578125e-05,-3.0517578125e-05,-3.0517578125e-05,-3.0517578125e-05,G,3,2026-08-24_23-25-27,2026-08-24
0.9826275787187839,0.9975859987929994,1.0,0.12903225806451613,0.11464968152866242,1.0,1.0,1.0,1.0,1.0,1.0,-3.0517578125e-05,-3.0517578125e-05,-3.0517578125e-05,-3.0517578125e-05,-3.0517578125e-05,-3.0517578125e-05,G,3,2026-08-24_23-25-27,2026-08-24
0.9949330437929786,1.0,1.0,0.15053763440860216,0.08917197452229299,1.0,1.0,1.0,1.0,1.0,1.0,-3.0517578125e-05,-3.0517578125e-05,-3.0517578125e-05,-3.0517578125e-05,-3.0517578125e-05,-3.0517578125e-05,G,3,2026-08-24_23-25-27,2026-08-24
1.0,1.0,1.0,0.14516129032258066,0.06369426751592357,1.0,1.0,1.0,0.0,1.0,1.0,-3.0517578125e-05,-3.0517578125e-05,-3.0517578125e-05,-3.0517578125e-05,-3.0517578125e-05,-3.0517578125e-05,G,3,2026-08-24_23-25-27,2026-08-24
0.9985522982265653,1.0,1.0,0.12365591397849462,0.15286624203821655,1.0,1.0,1.0,1.0,1.0,1.0,-3.0517578125e-05,-3.0517578125e-05,-3.0517578125e-05,-3.0517578125e-05,-3.0517578125e-05,-3.0517578125e-05,G,3,2026-08-24_23-25-27,2026-08-24
1.0,1.0,1.0,0.17204301075268819,0.14012738853503184,1.0,1.0,1.0,1.0,1.0,1.0,-3.0517578125e-05,-3.0517578125e-05,-3.0517578125e-05,-3.0517578125e-05,-3.0517578125e-05,-3.0517578125e-05,G,3,2026-08-24_23-25-27,2026-08-24
0.993485342019544,1.0,1.0,0.14516129032258066,0.06369426751592357,1.0,1.0,1.0,1.0,1.0,1.0,-3.0517578125e-05,-3.0517578125e-05,-3.0517578125e-05,-3.0517578125e-05,-3.0517578125e-05,-3.0517578125e-05,G,3,2026-08-24_23-25-27,2026-08-24
0.9985522982265653,1.0,1.0,0.14516129032258066,0.12738853503184713,1.0,1.0,1.0,0.0,1.0,1.0,-3.0517578125e-05,-3.0517578125e-05,-3.0517578125e-05,-3.0517578125e-05,-3.0517578125e-05,-3.0517578125e-05,G,3,2026-08-24_23-25-27,2026-08-24
1.0,1.0,1.0,0.14516129032258066,0.06369426751592357,1.0,0.0,1.0,1.0,1.0,1.0,-3.0517578125e-05,-3.0517578125e-05,-3.0517578125e-05,-3.0517578125e-05,-3.0517578125e-05,-3.0517578125e-05,G,3,2026-08-24_23-25-27,2026-08-24
1.0,1.0,1.0,0.14516129032258066,0.06369426751592357,1.0,1.0,1.0,1.0,1.0,1.0,-3.0517578125e-05,-3.0517578125e-05,-3.0517578125e-05,-3.0517578125e-05,-3.0517578125e-05,-3.0517578125e-05,G,3,2026-08-24_23-25-27,2026-08-24
0.9971045964531307,0.9806879903439951,1.0,0.5752688172043011,0.17834394904458598,1.0,1.0,1.0,0.0,1.0,1.0,-3.0517578125e-05,-3.0517578125e-05,-3.0517578125e-05,-3.0517578125e-05,-3.0517578125e-05,-3.0517578125e-05,G,4,2026-08-24_23-25-27,2026-08-24
1.0,0.9770669885334943,1.0,0.5913978494623656,0.12738853503184713,1.0,1.0,1.0,0.0,1.0,1.0,-3.0517578125e-05,-3.0517578125e-05,-3.0517578125e-05,-3.0517578125e-05,-3.0517578125e-05,-3.0517578125e-05,G,4,2026-08-24_23-25-27,2026-08-24
1.0,0.9734459867229933,1.0,0.5591397849462365,0.11464968152866242,1.0,1.0,1.0,1.0,1.0,1.0,-3.0517578125e-05,-3.0517578125e-05,-3.0517578125e-05,-3.0517578125e-05,-3.0517578125e-05,-3.0517578125e-05,G,4,2026-08-24_23-25-27,2026-08-24
0.9985522982265653,0.9806879903439951,1.0,0.5268817204301075,0.08917197452229299,1.0,1.0,1.0,0.0,1.0,1.0,-3.0517578125e-05,-3.0517578125e-05,-3.0517578125e-05,-3.0517578125e-05,-3.0517578125e-05,-3.0517578125e-05,G,4,2026-08-24_23-25-27,2026-08-24
1.0,0.9734459867229933,1.0,0.553763440860215,0.025477707006369428,1.0,1.0,1.0,0.0,1.0,1.0,-3.0517578125e-05,-3.0517578125e-05,-3.0517578125e-05,-3.0517578125e-05,-3.0517578125e-05,-3.0517578125e-05,G,4,2026-08-24_23-25-27,2026-08-24
1.0,0.9794809897404949,1.0,0.5860215053763441,0.15286624203821655,1.0,1.0,1.0,0.0,1.0,1.0,-3.0517578125e-05,-3.0517578125e-05,-3.0517578125e-05,-3.0517578125e-05,-3.0517578125e-05,-3.0517578125e-05,G,4,2026-08-24_23-25-27,2026-08-24
1.0,0.9806879903439951,1.0,0.5591397849462365,0.08917197452229299,1.0,1.0,1.0,0.0,1.0,1.0,-3.0517578125e-05,-3.0517578125e-05,-3.0517578125e-05,-3.0517578125e-05,-3.0517578125e-05,-3.0517578125e-05,G,4,2026-08-24_23-25-27,2026-08-24
0.995656894679696,0.9794809897404949,1.0,0.510752688172043,0.17834394904458598,1.0,1.0,1.0,0.0,1.0,1.0,-3.0517578125e-05,-3.0517578125e-05,-3.0517578125e-05,-3.0517578125e-05,-3.0517578125e-05,-3.0517578125e-05,G,4,2026-08-24_23-25-27,2026-08-24
0.993485342019544,0.9806879903439951,1.0,0.5591397849462365,0.12738853503184713,1.0,1.0,1.0,0.0,1.0,1.0,-3.0517578125e-05,-3.0517578125e-05,-3.0517578125e-05,-3.0517578125e-05,-3.0517578125e-05,-3.0517578125e-05,G,4,2026-08-24_23-25-27,2026-08-24
0.9949330437929786,0.9770669885334943,1.0,0.510752688172043,0.14012738853503184,1.0,1.0,1.0,0.0,1.0,1.0,-3.0517578125e-05,-3.0517578125e-05,-3.0517578125e-05,-3.0517578125e-05,-3.0517578125e-05,-3.0517578125e-05,G,4,2026-08-24_23-25-27,2026-08-24
0.98914223669924,0.9806879903439951,1.0,0.5376344086021505,0.11464968152866242,1.0,1.0,1.0,0.0,1.0,1.0,-3.0517578125e-05,-3.0517578125e-05,-3.0517578125e-05,-3.0517578125e-05,-3.0517578125e-05,-3.0517578125e-05,G,4,2026-08-24_23-25-27,2026-08-24
0.9833514296055013,0.9867229933614967,1.0,0.5053763440860215,0.11464968152866242,1.0,1.0,1.0,0.0,1.0,1.0,-3.0517578125e-05,-3.0517578125e-05,-3.0517578125e-05,-3.0517578125e-05,-3.0517578125e-05,-3.0517578125e-05,G,4,2026-08-24_23-25-27,2026-08-24
0.993485342019544,0.9806879903439951,1.0,0.4838709677419355,0.03821656050955414,1.0,1.0,1.0,0.0,1.0,1.0,-3.0517578125e-05,-3.0517578125e-05,-3.0517578125e-05,-3.0517578125e-05,-3.0517578125e-05,-3.0517578125e-05,G,4,2026-08-24_23-25-27,2026-08-24
0.9898660875859573,0.963789981894991,1.0,0.543010752688172,0.012738853503184714,1.0,1.0,1.0,0.0,1.0,1.0,-3.0517578125e-05,-3.0517578125e-05,-3.0517578125e-05,-3.0517578125e-05,-3.0517578125e-05,-3.0517578125e-05,G,4,2026-08-24_23-25-27,2026-08-24
0.9927614911328266,0.9649969824984912,0.9774774774774775,0.4731182795698925,0.08917197452229299,1.0,1.0,1.0,1.0,1.0,1.0,-3.0517578125e-05,-3.0517578125e-05,-3.0517578125e-05,-3.0517578125e-05,-3.0517578125e-05,-3.0517578125e-05,G,4,2026-08-24_23-25-27,2026-08-24
0.9869706840390879,0.9674109837054918,0.990990990990991,0.489247311827957,0.16560509554140126,1.0,1.0,1.0,0.0,1.0,1.0,-3.0517578125e-05,-3.0517578125e-05,-3.0517578125e-05,-3.0517578125e-05,-3.0517578125e-05,-3.0517578125e-05,G,4,2026-08-24_23-25-27,2026-08-24
0.9898660875859573,0.9806879903439951,1.0,0.4838709677419355,0.16560509554140126,1.0,1.0,1.0,0.0,1.0,1.0,-3.0517578125e-05,-3.0517578125e-05,-3.0517578125e-05,-3.0517578125e-05,-3.0517578125e-05,-3.0517578125e-05,G,4,2026-08-24_23-25-27,2026-08-24
0.9942091929062613,0.9674109837054918,1.0,0.489247311827957,0.03821656050955414,1.0,1.0,1.0,0.0,1.0,1.0,-3.0517578125e-05,-3.0517578125e-05,-3.0517578125e-05,-3.0517578125e-05,-3.0517578125e-05,-3.0517578125e-05,G,4,2026-08-24_23-25-27,2026-08-24
0.9949330437929786,0.9806879903439951,0.9977477477477478,0.5,0.0,1.0,1.0,1.0,0.0,1.0,1.0,-3.0517578125e-05,-3.0517578125e-05,-3.0517578125e-05,-3.0517578125e-05,-3.0517578125e-05,-3.0517578125e-05,G,4,2026-08-24_23-25-27,2026-08-24
0.9876945349258053,0.975859987929994,1.0,0.489247311827957,0.06369426751592357,1.0,1.0,1.0,0.0,1.0,1.0,-3.0517578125e-05,-3.0517578125e-05,-3.0517578125e-05,-3.0517578125e-05,-3.0517578125e-05,-3.0517578125e-05,G,4,2026-08-24_23-25-27,2026-08-24
0.9920376402461093,0.9782739891369946,1.0,0.489247311827957,0.012738853503184714,1.0,1.0,1.0,0.0,1.0,1.0,-3.0517578125e-05,-3.0517578125e-05,-3.0517578125e-05,-3.0517578125e-05,-3.0517578125e-05,-3.0517578125e-05,G,4,2026-08-24_23-25-27,2026-08-24
0.9847991313789359,0.9770669885334943,1.0,0.41935483870967744,0.012738853503184714,1.0,1.0,1.0,1.0,1.0,1.0,-3.0517578125e-05,-3.0517578125e-05,-3.0517578125e-05,-3.0517578125e-05,-3.0517578125e-05,-3.0517578125e-05,G,4,2026-08-24_23-25-27,2026-08-24
1.0,0.9806879903439951,1.0,0.5268817204301075,0.11464968152866242,1.0,1.0,1.0,0.0,1.0,1.0,-3.0517578125e-05,-3.0517578125e-05,-3.0517578125e-05,-3.0517578125e-05,-3.0517578125e-05,-3.0517578125e-05,G,4,2026-08-24_23-25-27,2026-08-24
0.9971045964531307,0.975859987929994,0.990990990990991,0.4946236559139785,0.14012738853503184,1.0,1.0,1.0,0.0,1.0,1.0,-3.0517578125e-05,-3.0517578125e-05,-3.0517578125e-05,-3.0517578125e-05,-3.0517578125e-05,-3.0517578125e-05,G,4,2026-08-24_23-25-27,2026-08-24
1.0,0.9782739891369946,1.0,0.5161290322580645,0.14012738853503184,1.0,1.0,1.0,0.0,1.0,1.0,-3.0517578125e-05,-3.0517578125e-05,-3.0517578125e-05,-3.0517578125e-05,-3.0517578125e-05,-3.0517578125e-05,G,4,2026-08-24_23-25-27,2026-08-24
1.0,0.9734459867229933,0.9977477477477478,0.4838709677419355,0.06369426751592357,1.0,1.0,1.0,0.0,1.0,1.0,-3.0517578125e-05,-3.0517578125e-05,-3.0517578125e-05,-3.0517578125e-05,-3.0517578125e-05,-3.0517578125e-05,G,4,2026-08-24_23-25-27,2026-08-24
1.0,0.9794809897404949,1.0,0.489247311827957,0.11464968152866242,1.0,1.0,1.0,0.0,1.0,1.0,-3.0517578125e-05,-3.0517578125e-05,-3.0517578125e-05,-3.0517578125e-05,-3.0517578125e-05,-3.0517578125e-05,G,4,2026-08-24_23-25-27,2026-08-24
1.0,0.9746529873264936,0.990990990990991,0.489247311827957,0.15286624203821655,1.0,1.0,1.0,0.0,1.0,1.0,-3.0517578125e-05,-3.0517578125e-05,-3.0517578125e-05,-3.0517578125e-05,-3.0517578125e-05,-3.0517578125e-05,G,4,2026-08-24_23-25-27,2026-08-24
1.0,0.9674109837054918,1.0,0.4838709677419355,0.14012738853503184,1.0,1.0,1.0,0.0,1.0,1.0,-3.0517578125e-05,-3.0517578125e-05,-3.0517578125e-05,-3.0517578125e-05,-3.0517578125e-05,-3.0517578125e-05,G,4,2026-08-24_23-25-27,2026-08-24
0.995656894679696,0.9746529873264936,0.990990990990991,0.4032258064516129,0.20382165605095542,1.0,1.0,1.0,0.0,1.0,1.0,-3.0517578125e-05,-3.0517578125e-05,-3.0517578125e-05,-3.0517578125e-05,-3.0517578125e-05,-3.0517578125e-05,G,4,2026-08-24_23-25-27,2026-08-24
1.0,0.9987929993964997,1.0,0.41935483870967744,0.11464968152866242,1.0,1.0,1.0,1.0,1.0,1.0,-3.0517578125e-05,-3.0517578125e-05,-3.0517578125e-05,-3.0517578125e-05,-3.0517578125e-05,-3.0517578125e-05,G,4,2026-08-24_23-25-27,2026-08-24
1.0,0.9794809897404949,0.990990990990991,0.45698924731182794,0.06369426751592357,1.0,1.0,1.0,0.0,1.0,1.0,-3.0517578125e-05,-3.0517578125e-05,-3.0517578125e-05,-3.0517578125e-05,-3.0517578125e-05,-3.0517578125e-05,G,4,2026-08-24_23-25-27,2026-08-24
1.0,0.9782739891369946,0.9842342342342343,0.43548387096774194,0.07643312101910828,1.0,1.0,1.0,0.0,1.0,1.0,-3.0517578125e-05,-3.0517578125e-05,-3.0517578125e-05,-3.0517578125e-05,-3.0517578125e-05,-3.0517578125e-05,G,4,2026-08-24_23-25-27,2026-08-24
1.0,0.9770669885334943,0.9977477477477478,0.3870967741935484,0.06369426751592357,1.0,1.0,1.0,0.0,1.0,1.0,-3.0517578125e-05,-3.0517578125e-05,-3.0517578125e-05,-3.0517578125e-05,-3.0517578125e-05,-3.0517578125e-05,G,4,2026-08-24_23-25-27,2026-08-24
0.9797321751719146,0.9746529873264936,1.0,0.4032258064516129,0.03821656050955414,1.0,1.0,1.0,0.0,1.0,1.0,-3.0517578125e-05,-3.0517578125e-05,-3.0517578125e-05,-3.0517578125e-05,-3.0517578125e-05,-3.0517578125e-05,G,4,2026-08-24_23-25-27,2026-08-24
0.9753890698516106,0.9625829812914907,0.990990990990991,0.4032258064516129,0.12738853503184713,1.0,1.0,1.0,1.0,1.0,1.0,-3.0517578125e-05,-3.0517578125e-05,-3.0517578125e-05,-3.0517578125e-05,-3.0517578125e-05,-3.0517578125e-05,G,4,2026-08-24_23-25-27,2026-08-24
0.9724936663047412,0.9770669885334943,0.9774774774774775,0.34946236559139787,0.11464968152866242,1.0,1.0,1.0,0.0,1.0,1.0,-3.0517578125e-05,-3.0517578125e-05,-3.0517578125e-05,-3.0517578125e-05,-3.0517578125e-05,-3.0517578125e-05,G,4,2026-08-24_23-25-27,2026-08-24
0.9761129207383279,0.9746529873264936,0.990990990990991,0.42473118279569894,0.07643312101910828,1.0,1.0,1.0,0.0,1.0,1.0,-3.0517578125e-05,-3.0517578125e-05,-3.0517578125e-05,-3.0517578125e-05,-3.0517578125e-05,-3.0517578125e-05,G,4,2026-08-24_23-25-27,2026-08-24
0.9703221136445892,0.9806879903439951,1.0,0.42473118279569894,0.14012738853503184,1.0,1.0,1.0,1.0,1.0,1.0,-3.0517578125e-05,-3.0517578125e-05,-3.0517578125e-05,-3.0517578125e-05,-3.0517578125e-05,-3.0517578125e-05,G,4,2026-08-24_23-25-27,2026-08-24
0.9761129207383279,0.9493059746529873,0.9842342342342343,0.3709677419354839,0.20382165605095542,1.0,1.0,1.0,1.0,1.0,1.0,-3.0517578125e-05,-3.0517578125e-05,-3.0517578125e-05,-3.0517578125e-05,-3.0517578125e-05,-3.0517578125e-05,G,4,2026-08-24_23-25-27,2026-08-24
0.4107853782120883,0.9987929993964997,0.9527027027027027,1.0,0.802547770700637,0.0,1.0,1.0,1.0,1.0,0.0,-3.0517578125e-05,-3.0517578125e-05,-3.0517578125e-05,-3.0517578125e-05,-3.0517578125e-05,-3.0517578125e-05,I,0,2026-08-24_23-25-27,2026-08-24
0.40354686934491496,0.9987929993964997,0.9324324324324325,0.989247311827957,0.8789808917197452,0.0,1.0,1.0,1.0,1.0,0.0,-3.0517578125e-05,-3.0517578125e-05,-3.0517578125e-05,-3.0517578125e-05,-3.0517578125e-05,-3.0517578125e-05,I,0,2026-08-24_23-25-27,2026-08-24
0.4107853782120883,0.9975859987929994,0.9436936936936937,1.0,0.8152866242038217,0.0,1.0,1.0,1.0,1.0,0.0,-3.0517578125e-05,-3.0517578125e-05,-3.0517578125e-05,-3.0517578125e-05,-3.0517578125e-05,-3.0517578125e-05,I,0,2026-08-24_23-25-27,2026-08-24
0.4042707202316323,1.0,0.9279279279279279,0.9516129032258065,0.8280254777070064,0.0,1.0,1.0,1.0,1.0,0.0,-3.0517578125e-05,-3.0517578125e-05,-3.0517578125e-05,-3.0517578125e-05,-3.0517578125e-05,-3.0517578125e-05,I,0,2026-08-24_23-25-27,2026-08-24
0.4042707202316323,1.0,0.9121621621621622,1.0,0.7515923566878981,0.0,1.0,1.0,1.0,1.0,0.0,-3.0517578125e-05,-3.0517578125e-05,-3.0517578125e-05,-3.0517578125e-05,-3.0517578125e-05,-3.0517578125e-05,I,0,2026-08-24_23-25-27,2026-08-24
0.4064422728917843,1.0,0.9369369369369369,1.0,0.6369426751592356,0.0,1.0,1.0,1.0,1.0,0.0,-3.0517578125e-05,-3.0517578125e-05,-3.0517578125e-05,-3.0517578125e-05,-3.0517578125e-05,-3.0517578125e-05,I,0,2026-08-24_23-25-27,2026-08-24
0.4107853782120883,1.0,0.9346846846846847,1.0,0.8152866242038217,0.0,1.0,1.0,1.0,1.0,0.0,-3.0517578125e-05,-3.0517578125e-05,-3.0517578125e-05,-3.0517578125e-05,-3.0517578125e-05,-3.0517578125e-05,I,0,2026-08-24_23-25-27,2026-08-24
0.4086138255519363,1.0,0.972972972972973,1.0,0.802547770700637,0.0,1.0,1.0,1.0,1.0,0.0,-3.0517578125e-05,-3.0517578125e-05,-3.0517578125e-05,-3.0517578125e-05,-3.0517578125e-05,-3.0517578125e-05,I,0,2026-08-24_23-25-27,2026-08-24
0.40499457111834963,1.0,0.954954954954955,1.0,0.8152866242038217,0.0,1.0,1.0,1.0,1.0,0.0,-3.0517578125e-05,-3.0517578125e-05,-3.0517578125e-05,-3.0517578125e-05,-3.0517578125e-05,-3.0517578125e-05,I,0,2026-08-24_23-25-27,2026-08-24
0.4042707202316323,0.9770669885334943,0.9391891891891891,1.0,0.8152866242038217,0.0,1.0,1.0,1.0,1.0,0.0,-3.0517578125e-05,-3.0517578125e-05,-3.0517578125e-05,-3.0517578125e-05,-3.0517578125e-05,-3.0517578125e-05,I,0,2026-08-24_23-25-27,2026-08-24
0.40933767643865365,1.0,0.9346846846846847,1.0,0.8407643312101911,0.0,1.0,1.0,1.0,1.0,0.0,-3.0517578125e-05,-3.0517578125e-05,-3.0517578125e-05,-3.0517578125e-05,-3.0517578125e-05,-3.0517578125e-05,I,0,2026-08-24_23-25-27,2026-08-24
0.4042707202316323,1.0,0.9324324324324325,1.0,0.8152866242038217,0.0,1.0,1.0,1.0,1.0,0.0,-3.0517578125e-05,-3.0517578125e-05,-3.0517578125e-05,-3.0517578125e-05,-3.0517578125e-05,-3.0517578125e-05,I,0,2026-08-24_23-25-27,2026-08-24
0.4064422728917843,1.0,0.9481981981981982,1.0,0.8152866242038217,0.0,1.0,1.0,1.0,1.0,0.0,-3.0517578125e-05,-3.0517578125e-05,-3.0517578125e-05,-3.0517578125e-05,-3.0517578125e-05,-3.0517578125e-05,I,0,2026-08-24_23-25-27,2026-08-24
0.4064422728917843,1.0,0.954954954954955,1.0,0.7898089171974523,0.0,1.0,1.0,1.0,1.0,0.0,-3.0517578125e-05,-3.0517578125e-05,-3.0517578125e-05,-3.0517578125e-05,-3.0517578125e-05,-3.0517578125e-05,I,0,2026-08-24_23-25-27,2026-08-24
0.4107853782120883,1.0,0.9707207207207207,1.0,0.7515923566878981,0.0,1.0,1.0,1.0,1.0,0.0,-3.0517578125e-05,-3.0517578125e-05,-3.0517578125e-05,-3.0517578125e-05,-3.0517578125e-05,-3.0517578125e-05,I,0,2026-08-24_23-25-27,2026-08-24
0.4042707202316323,1.0,0.9774774774774775,1.0,0.8152866242038217,0.0,1.0,1.0,1.0,1.0,0.0,-3.0517578125e-05,-3.0517578125e-05,-3.0517578125e-05,-3.0517578125e-05,-3.0517578125e-05,-3.0517578125e-05,I,0,2026-08-24_23-25-27,2026-08-24
0.4042707202316323,0.9734459867229933,0.9279279279279279,1.0,0.8152866242038217,0.0,1.0,1.0,1.0,1.0,0.0,-3.0517578125e-05,-3.0517578125e-05,-3.0517578125e-05,-3.0517578125e-05,-3.0517578125e-05,-3.0517578125e-05,I,0,2026-08-24_23-25-27,2026-08-24
0.407889974665219,0.9686179843089922,0.9076576576576577,1.0,0.8407643312101911,0.0,1.0,1.0,1.0,1.0,0.0,-3.0517578125e-05,-3.0517578125e-05,-3.0517578125e-05,-3.0517578125e-05,-3.0517578125e-05,-3.0517578125e-05,I,0,2026-08-24_23-25-27,2026-08-24
0.4064422728917843,1.0,0.954954954954955,1.0,0.6878980891719745,0.0,1.0,1.0,1.0,1.0,0.0,-3.0517578125e-05,-3.0517578125e-05,-3.0517578125e-05,-3.0517578125e-05,-3.0517578125e-05,-3.0517578125e-05,I,0,2026-08-24_23-25-27,2026-08-24
0.40137531668476295,1.0,0.9324324324324325,1.0,0.8152866242038217,0.0,1.0,1.0,1.0,1.0,0.0,-3.0517578125e-05,-3.0517578125e-05,-3.0517578125e-05,-3.0517578125e-05,-3.0517578125e-05,-3.0517578125e-05,I,0,2026-08-24_23-25-27,2026-08-24
0.4042707202316323,0.9806879903439951,0.9414414414414415,0.967741935483871,0.8152866242038217,0.0,1.0,1.0,1.0,1.0,0.0,-3.0517578125e-05,-3.0517578125e-05,-3.0517578125e-05,-3.0517578125e-05,-3.0517578125e-05,-3.0517578125e-05,I,0,2026-08-24_23-25-27,2026-08-24
0.4064422728917843,1.0,0.9234234234234234,1.0,0.802547770700637,0.0,1.0,1.0,1.0,1.0,0.0,-3.0517578125e-05,-3.0517578125e-05,-3.0517578125e-05,-3.0517578125e-05,-3.0517578125e-05,-3.0517578125e-05,I,0,2026-08-24_23-25-27,2026-08-24
0.40354686934491496,0.9686179843089922,0.9121621621621622,1.0,0.7388535031847133,0.0,1.0,1.0,1.0,1.0,0.0,-3.0517578125e-05,-3.0517578125e-05,-3.0517578125e-05,-3.0517578125e-05,-3.0517578125e-05,-3.0517578125e-05,I,0,2026-08-24_23-25-27,2026-08-24
0.41150922909880566,1.0,0.9414414414414415,1.0,0.8152866242038217,0.0,1.0,1.0,1.0,1.0,0.0,-3.0517578125e-05,-3.0517578125e-05,-3.0517578125e-05,-3.0517578125e-05,-3.0517578125e-05,-3.0517578125e-05,I,0,2026-08-24_23-25-27,2026-08-24
0.414404632645675,1.0,0.9572072072072072,1.0,0.8280254777070064,0.0,1.0,1.0,1.0,1.0,0.0,-3.0517578125e-05,-3.0517578125e-05,-3.0517578125e-05,-3.0517578125e-05,-3.0517578125e-05,-3.0517578125e-05,I,0,2026-08-24_23-25-27,2026-08-24
0.416576185305827,1.0,0.9234234234234234,0.989247311827957,0.7898089171974523,0.0,1.0,1.0,1.0,1.0,0.0,-3.0517578125e-05,-3.0517578125e-05,-3.0517578125e-05,-3.0517578125e-05,-3.0517578125e-05,-3.0517578125e-05,I,0,2026-08-24_23-25-27,2026-08-24
0.41150922909880566,1.0,0.9617117117117117,1.0,0.802547770700637,0.0,1.0,1.0,1.0,1.0,0.0,-3.0517578125e-05,-3.0517578125e-05,-3.0517578125e-05,-3.0517578125e-05,-3.0517578125e-05,-3.0517578125e-05,I,0,2026-08-24_23-25-27,2026-08-24
0.3963083604777416,1.0,0.972972972972973,1.0,0.7388535031847133,0.0,1.0,1.0,1.0,1.0,0.0,-3.0517578125e-05,-3.0517578125e-05,-3.0517578125e-05,-3.0517578125e-05,-3.0517578125e-05,-3.0517578125e-05,I,0,2026-08-24_23-25-27,2026-08-24
0.4042707202316323,1.0,0.9527027027027027,1.0,0.7515923566878981,0.0,1.0,1.0,1.0,1.0,0.0,-3.0517578125e-05,-3.0517578125e-05,-3.0517578125e-05,-3.0517578125e-05,-3.0517578125e-05,-3.0517578125e-05,I,0,2026-08-24_23-25-27,2026-08-24
0.40499457111834963,1.0,0.9527027027027027,1.0,0.7515923566878981,0.0,1.0,1.0,1.0,1.0,0.0,-3.0517578125e-05,-3.0517578125e-05,-3.0517578125e-05,-3.0517578125e-05,-3.0517578125e-05,-3.0517578125e-05,I,0,2026-08-24_23-25-27,2026-08-24
0.407889974665219,1.0,0.9211711711711712,1.0,0.7515923566878981,0.0,1.0,1.0,1.0,1.0,0.0,-3.0517578125e-05,-3.0517578125e-05,-3.0517578125e-05,-3.0517578125e-05,-3.0517578125e-05,-3.0517578125e-05,I,0,2026-08-24_23-25-27,2026-08-24
0.39775606225117627,1.0,0.9391891891891891,1.0,0.802547770700637,0.0,1.0,1.0,1.0,1.0,0.0,-3.0517578125e-05,-3.0517578125e-05,-3.0517578125e-05,-3.0517578125e-05,-3.0517578125e-05,-3.0517578125e-05,I,0,2026-08-24_23-25-27,2026-08-24
0.3963083604777416,1.0,0.9436936936936937,1.0,0.8152866242038217,0.0,1.0,1.0,1.0,1.0,0.0,-3.0517578125e-05,-3.0517578125e-05,-3.0517578125e-05,-3.0517578125e-05,-3.0517578125e-05,-3.0517578125e-05,I,0,2026-08-24_23-25-27,2026-08-24
0.40933767643865365,1.0,0.9369369369369369,1.0,0.7770700636942676,0.0,1.0,1.0,1.0,1.0,0.0,-3.0517578125e-05,-3.0517578125e-05,-3.0517578125e-05,-3.0517578125e-05,-3.0517578125e-05,-3.0517578125e-05,I,0,2026-08-24_23-25-27,2026-08-24
0.40716612377850164,1.0,0.9459459459459459,0.9946236559139785,0.7006369426751592,0.0,1.0,1.0,1.0,1.0,0.0,-3.0517578125e-05,-3.0517578125e-05,-3.0517578125e-05,-3.0517578125e-05,-3.0517578125e-05,-3.0517578125e-05,I,0,2026-08-24_23-25-27,2026-08-24
0.4006514657980456,1.0,0.9211711711711712,1.0,0.8152866242038217,0.0,1.0,1.0,1.0,1.0,0.0,-3.0517578125e-05,-3.0517578125e-05,-3.0517578125e-05,-3.0517578125e-05,-3.0517578125e-05,-3.0517578125e-05,I,0,2026-08-24_23-25-27,2026-08-24
0.40499457111834963,1.0,0.9414414414414415,0.978494623655914,0.802547770700637,0.0,1.0,1.0,1.0,1.0,0.0,-3.0517578125e-05,-3.0517578125e-05,-3.0517578125e-05,-3.0517578125e-05,-3.0517578125e-05,-3.0517578125e-05,I,0,2026-08-24_23-25-27,2026-08-24
0.40571842200506697,1.0,0.9279279279279279,1.0,0.8152866242038217,0.0,1.0,1.0,1.0,1.0,0.0,-3.0517578125e-05,-3.0517578125e-05,-3.0517578125e-05,-3.0517578125e-05,-3.0517578125e-05,-3.0517578125e-05,I,0,2026-08-24_23-25-27,2026-08-24
0.40716612377850164,1.0,0.9414414414414415,1.0,0.802547770700637,0.0,1.0,1.0,1.0,1.0,0.0,-3.0517578125e-05,-3.0517578125e-05,-3.0517578125e-05,-3.0517578125e-05,-3.0517578125e-05,-3.0517578125e-05,I,0,2026-08-24_23-25-27,2026-08-24
0.40571842200506697,1.0,0.9414414414414415,0.9838709677419355,0.8152866242038217,0.0,1.0,1.0,1.0,1.0,0.0,-3.0517578125e-05,-3.0517578125e-05,-3.0517578125e-05,-3.0517578125e-05,-3.0517578125e-05,-3.0517578125e-05,I,0,2026-08-24_23-25-27,2026-08-24
0.19218241042345277,0.9975859987929994,1.0,1.0,0.8280254777070064,0.0,1.0,1.0,1.0,1.0,1.0,-3.0517578125e-05,-3.0517578125e-05,-3.0517578125e-05,-3.0517578125e-05,-3.0517578125e-05,-3.0517578125e-05,I,1,2026-08-24_23-25-27,2026-08-24
0.19363011219688744,1.0,1.0,1.0,0.8789808917197452,0.0,1.0,1.0,1.0,1.0,1.0,-3.0517578125e-05,-3.0517578125e-05,-3.0517578125e-05,-3.0517578125e-05,-3.0517578125e-05,-3.0517578125e-05,I,1,2026-08-24_23-25-27,2026-08-24
0.18566775244299674,1.0,1.0,1.0,0.8662420382165605,0.0,1.0,1.0,1.0,1.0,1.0,-3.0517578125e-05,-3.0517578125e-05,-3.0517578125e-05,-3.0517578125e-05,-3.0517578125e-05,-3.0517578125e-05,I,1,2026-08-24_23-25-27,2026-08-24
0.18639160332971408,1.0,1.0,1.0,0.8662420382165605,0.0,1.0,1.0,1.0,1.0,1.0,-3.0517578125e-05,-3.0517578125e-05,-3.0517578125e-05,-3.0517578125e-05,-3.0517578125e-05,-3.0517578125e-05,I,1,2026-08-24_23-25-27,2026-08-24
0.18783930510314875,1.0,1.0,1.0,0.8407643312101911,0.0,1.0,1.0,1.0,1.0,1.0,-3.0517578125e-05,-3.0517578125e-05,-3.0517578125e-05,-3.0517578125e-05,-3.0517578125e-05,-3.0517578125e-05,I,1,2026-08-24_23-25-27,2026-08-24
0.19507781397032212,1.0,1.0,1.0,0.8789808917197452,0.0,1.0,1.0,1.0,1.0,1.0,-3.0517578125e-05,-3.0517578125e-05,-3.0517578125e-05,-3.0517578125e-05,-3.0517578125e-05,-3.0517578125e-05,I,1,2026-08-24_23-25-27,2026-08-24
0.18349619978284473,1.0,1.0,1.0,0.9554140127388535,0.0,1.0,1.0,1.0,1.0,1.0,-3.0517578125e-05,-3.0517578125e-05,-3.0517578125e-05,-3.0517578125e-05,-3.0517578125e-05,-3.0517578125e-05,I,1,2026-08-24_23-25-27,2026-08-24
0.18639160332971408,1.0,1.0,1.0,0.8535031847133758,0.0,1.0,1.0,1.0,1.0,1.0,-3.0517578125e-05,-3.0517578125e-05,-3.0517578125e-05,-3.0517578125e-05,-3.0517578125e-05,-3.0517578125e-05,I,1,2026-08-24_23-25-27,2026-08-24
0.18132464712269272,1.0,1.0,1.0,0.8535031847133758,0.0,1.0,1.0,1.0,1.0,1.0,-3.0517578125e-05,-3.0517578125e-05,-3.0517578125e-05,-3.0517578125e-05,-3.0517578125e-05,-3.0517578125e-05,I,1,2026-08-24_23-25-27,2026-08-24
0.1791530944625407,1.0,1.0,1.0,0.9299363057324841,0.0,1.0,1.0,1.0,1.0,1.0,-3.0517578125e-05,-3.0517578125e-05,-3.0517578125e-05,-3.0517578125e-05,-3.0517578125e-05,-3.0517578125e-05,I,1,2026-08-24_23-25-27,2026-08-24
0.1769815418023887,1.0,1.0,1.0,0.9426751592356688,0.0,1.0,1.0,1.0,1.0,1.0,-3.0517578125e-05,-3.0517578125e-05,-3.0517578125e-05,-3.0517578125e-05,-3.0517578125e-05,-3.0517578125e-05,I,1,2026-08-24_23-25-27,2026-08-24
0.17625769091567137,1.0,1.0,1.0,0.8789808917197452,0.0,1.0,1.0,1.0,1.0,1.0,-3.0517578125e-05,-3.0517578125e-05,-3.0517578125e-05,-3.0517578125e-05,-3.0517578125e-05,-3.0517578125e-05,I,1,2026-08-24_23-25-27,2026-08-24
0.17625769091567137,1.0,1.0,1.0,0.9554140127388535,0.0,1.0,1.0,1.0,1.0,1.0,-3.0517578125e-05,-3.0517578125e-05,-3.0517578125e-05,-3.0517578125e-05,-3.0517578125e-05,-3.0517578125e-05,I,1,2026-08-24_23-25-27,2026-08-24
0.17046688382193267,1.0,1.0,1.0,0.8789808917197452,0.0,1.0,1.0,1.0,1.0,1.0,-3.0517578125e-05,-3.0517578125e-05,-3.0517578125e-05,-3.0517578125e-05,-3.0517578125e-05,-3.0517578125e-05,I,1,2026-08-24_23-25-27,2026-08-24
0.17553384002895403,1.0,1.0,1.0,0.9426751592356688,0.0,1.0,1.0,1.0,1.0,1.0,-3.0517578125e-05,-3.0517578125e-05,-3.0517578125e-05,-3.0517578125e-05,-3.0517578125e-05,-3.0517578125e-05,I,1,2026-08-24_23-25-27,2026-08-24
0.17770539268910604,1.0,1.0,1.0,0.8152866242038217,0.0,1.0,1.0,1.0,1.0,1.0,-3.0517578125e-05,-3.0517578125e-05,-3.0517578125e-05,-3.0517578125e-05,-3.0517578125e-05,-3.0517578125e-05,I,1,2026-08-24_23-25-27,2026-08-24
0.17625769091567137,1.0,1.0,1.0,0.8789808917197452,0.0,1.0,1.0,1.0,1.0,1.0,-3.0517578125e-05,-3.0517578125e-05,-3.0517578125e-05,-3.0517578125e-05,-3.0517578125e-05,-3.0517578125e-05,I,1,2026-08-24_23-25-27,2026-08-24
0.17625769091567137,1.0,1.0,1.0,0.8789808917197452,0.0,1.0,1.0,1.0,1.0,1.0,-3.0517578125e-05,-3.0517578125e-05,-3.0517578125e-05,-3.0517578125e-05,-3.0517578125e-05,-3.0517578125e-05,I,1,2026-08-24_23-25-27,2026-08-24
0.17625769091567137,1.0,1.0,1.0,0.9681528662420382,0.0,1.0,1.0,1.0,1.0,1.0,-3.0517578125e-05,-3.0517578125e-05,-3.0517578125e-05,-3.0517578125e-05,-3.0517578125e-05,-3.0517578125e-05,I,1,2026-08-24_23-25-27,2026-08-24
0.18639160332971408,1.0,1.0,1.0,0.8662420382165605,0.0,1.0,1.0,1.0,1.0,1.0,-3.0517578125e-05,-3.0517578125e-05,-3.0517578125e-05,-3.0517578125e-05,-3.0517578125e-05,-3.0517578125e-05,I,1,2026-08-24_23-25-27,2026-08-24
0.17119073470865,1.0,1.0,1.0,0.8280254777070064,0.0,1.0,1.0,1.0,1.0,1.0,-3.0517578125e-05,-3.0517578125e-05,-3.0517578125e-05,-3.0517578125e-05,-3.0517578125e-05,-3.0517578125e-05,I,1,2026-08-24_23-25-27,2026-08-24
0.1827723488961274,1.0,1.0,1.0,0.9808917197452229,0.0,1.0,1.0,1.0,1.0,0.0,-3.0517578125e-05,-3.0517578125e-05,-3.0517578125e-05,-3.0517578125e-05,-3.0517578125e-05,-3.0517578125e-05,I,1,2026-08-24_23-25-27,2026-08-24
0.18928700687658342,1.0,1.0,1.0,0.8789808917197452,0.0,1.0,1.0,1.0,1.0,0.0,-3.0517578125e-05,-3.0517578125e-05,-3.0517578125e-05,-3.0517578125e-05,-3.0517578125e-05,-3.0517578125e-05,I,1,2026-08-24_23-25-27,2026-08-24
0.18060079623597539,1.0,1.0,1.0,0.8280254777070064,0.0,1.0,1.0,1.0,1.0,0.0,-3.0517578125e-05,-3.0517578125e-05,-3.0517578125e-05,-3.0517578125e-05,-3.0517578125e-05,-3.0517578125e-05,I,1,2026-08-24_23-25-27,2026-08-24
0.1827723488961274,1.0,1.0,1.0,0.8535031847133758,0.0,1.0,1.0,1.0,1.0,0.0,-3.0517578125e-05,-3.0517578125e-05,-3.0517578125e-05,-3.0517578125e-05,-3.0517578125e-05,-3.0517578125e-05,I,1,2026-08-24_23-25-27,2026-08-24
0.18132464712269272,1.0,1.0,1.0,0.89171974522293,0.0,1.0,1.0,1.0,1.0,0.0,-3.0517578125e-05,-3.0517578125e-05,-3.0517578125e-05,-3.0517578125e-05,-3.0517578125e-05,-3.0517578125e-05,I,1,2026-08-24_23-25-27,2026-08-24
0.18639160332971408,1.0,1.0,1.0,0.9808917197452229,0.0,1.0,1.0,1.0,1.0,0.0,-3.0517578125e-05,-3.0517578125e-05,-3.0517578125e-05,-3.0517578125e-05,-3.0517578125e-05,-3.0517578125e-05,I,1,2026-08-24_23-25-27,2026-08-24
0.18639160332971408,1.0,1.0,1.0,0.8535031847133758,0.0,1.0,1.0,1.0,1.0,0.0,-3.0517578125e-05,-3.0517578125e-05,-3.0517578125e-05,-3.0517578125e-05,-3.0517578125e-05,-3.0517578125e-05,I,1,2026-08-24_23-25-27,2026-08-24
0.19580166485703945,1.0,1.0,1.0,0.9171974522292994,0.0,1.0,1.0,1.0,1.0,0.0,-3.0517578125e-05,-3.0517578125e-05,-3.0517578125e-05,-3.0517578125e-05,-3.0517578125e-05,-3.0517578125e-05,I,1,2026-08-24_23-25-27,2026-08-24
0.19145855953673543,0.987929993964997,1.0,1.0,0.9554140127388535,0.0,1.0,1.0,1.0,1.0,0.0,-3.0517578125e-05,-3.0517578125e-05,-3.0517578125e-05,-3.0517578125e-05,-3.0517578125e-05,-3.0517578125e-05,I,1,2026-08-24_23-25-27,2026-08-24
0.18639160332971408,1.0,1.0,1.0,0.9426751592356688,0.0,1.0,1.0,1.0,1.0,0.0,-3.0517578125e-05,-3.0517578125e-05,-3.0517578125e-05,-3.0517578125e-05,-3.0517578125e-05,-3.0517578125e-05,I,1,2026-08-24_23-25-27,2026-08-24
0.1849439015562794,1.0,1.0,1.0,0.8789808917197452,0.0,1.0,1.0,1.0,1.0,0.0,-3.0517578125e-05,-3.0517578125e-05,-3.0517578125e-05,-3.0517578125e-05,-3.0517578125e-05,-3.0517578125e-05,I,1,2026-08-24_23-25-27,2026-08-24
0.18928700687658342,1.0,1.0,1.0,0.9808917197452229,0.0,1.0,1.0,1.0,1.0,0.0,-3.0517578125e-05,-3.0517578125e-05,-3.0517578125e-05,-3.0517578125e-05,-3.0517578125e-05,-3.0517578125e-05,I,1,2026-08-24_23-25-27,2026-08-24
0.18928700687658342,0.996378998189499,1.0,1.0,0.9808917197452229,0.0,1.0,1.0,1.0,1.0,0.0,-3.0517578125e-05,-3.0517578125e-05,-3.0517578125e-05,-3.0517578125e-05,-3.0517578125e-05,-3.0517578125e-05,I,1,2026-08-24_23-25-27,2026-08-24
0.1885631559898661,0.9915509957754979,1.0,1.0,0.9044585987261147,0.0,1.0,1.0,1.0,1.0,0.0,-3.0517578125e-05,-3.0517578125e-05,-3.0517578125e-05,-3.0517578125e-05,-3.0517578125e-05,-3.0517578125e-05,I,1,2026-08-24_23-25-27,2026-08-24
0.1849439015562794,0.9939649969824985,1.0,1.0,0.8152866242038217,0.0,1.0,1.0,1.0,1.0,0.0,-3.0517578125e-05,-3.0517578125e-05,-3.0517578125e-05,-3.0517578125e-05,-3.0517578125e-05,-3.0517578125e-05,I,1,2026-08-24_23-25-27,2026-08-24
0.1929062613101701,0.9939649969824985,1.0,1.0,0.8535031847133758,0.0,1.0,1.0,1.0,1.0,0.0,-3.0517578125e-05,-3.0517578125e-05,-3.0517578125e-05,-3.0517578125e-05,-3.0517578125e-05,-3.0517578125e-05,I,1,2026-08-24_23-25-27,2026-08-24
0.18928700687658342,0.9891369945684972,1.0,1.0,0.9299363057324841,0.0,1.0,1.0,1.0,1.0,0.0,-3.0517578125e-05,-3.0517578125e-05,-3.0517578125e-05,-3.0517578125e-05,-3.0517578125e-05,-3.0517578125e-05,I,1,2026-08-24_23-25-27,2026-08-24
0.19218241042345277,0.987929993964997,1.0,1.0,0.9426751592356688,0.0,1.0,1.0,1.0,1.0,0.0,-3.0517578125e-05,-3.0517578125e-05,-3.0517578125e-05,-3.0517578125e-05,-3.0517578125e-05,-3.0517578125e-05,I,1,2026-08-24_23-25-27,2026-08-24
0.18566775244299674,0.9915509957754979,1.0,1.0,0.89171974522293,0.0,1.0,1.0,1.0,1.0,0.0,-3.0517578125e-05,-3.0517578125e-05,-3.0517578125e-05,-3.0517578125e-05,-3.0517578125e-05,-3.0517578125e-05,I,1,2026-08-24_23-25-27,2026-08-24
0.1632283749547593,1.0,1.0,0.9623655913978495,0.14012738853503184,0.0,1.0,1.0,1.0,1.0,0.0,-3.0517578125e-05,-3.0517578125e-05,-3.0517578125e-05,-3.0517578125e-05,-3.0517578125e-05,-3.0517578125e-05,I,2,2026-08-24_23-25-27,2026-08-24
0.16250452406804197,1.0,1.0,1.0,0.25477707006369427,0.0,1.0,1.0,1.0,1.0,0.0,-3.0517578125e-05,-3.0517578125e-05,-3.0517578125e-05,-3.0517578125e-05,-3.0517578125e-05,-3.0517578125e-05,I,2,2026-08-24_23-25-27,2026-08-24
0.15309446254071662,1.0,1.0,1.0,0.2929936305732484,0.0,1.0,1.0,1.0,1.0,0.0,-3.0517578125e-05,-3.0517578125e-05,-3.0517578125e-05,-3.0517578125e-05,-3.0517578125e-05,-3.0517578125e-05,I,2,2026-08-24_23-25-27,2026-08-24
0.17046688382193267,1.0,1.0,1.0,0.2929936305732484,0.0,1.0,1.0,1.0,1.0,0.0,-3.0517578125e-05,-3.0517578125e-05,-3.0517578125e-05,-3.0517578125e-05,-3.0517578125e-05,-3.0517578125e-05,I,2,2026-08-24_23-25-27,2026-08-24
0.17119073470865,1.0,1.0,1.0,0.1910828025477707,0.0,1.0,1.0,1.0,1.0,0.0,-3.0517578125e-05,-3.0517578125e-05,-3.0517578125e-05,-3.0517578125e-05,-3.0517578125e-05,-3.0517578125e-05,I,2,2026-08-24_23-25-27,2026-08-24
0.16033297140788996,1.0,1.0,1.0,0.21656050955414013,0.0,1.0,1.0,1.0,1.0,0.0,-3.0517578125e-05,-3.0517578125e-05,-3.0517578125e-05,-3.0517578125e-05,-3.0517578125e-05,-3.0517578125e-05,I,2,2026-08-24_23-25-27,2026-08-24
0.16539992761491132,1.0,1.0,1.0,0.12738853503184713,0.0,1.0,1.0,1.0,1.0,0.0,-3.0517578125e-05,-3.0517578125e-05,-3.0517578125e-05,-3.0517578125e-05,-3.0517578125e-05,-3.0517578125e-05,I,2,2026-08-24_23-25-27,2026-08-24
0.16467607672819398,1.0,1.0,1.0,0.25477707006369427,0.0,1.0,1.0,1.0,1.0,0.0,-3.0517578125e-05,-3.0517578125e-05,-3.0517578125e-05,-3.0517578125e-05,-3.0517578125e-05,-3.0517578125e-05,I,2,2026-08-24_23-25-27,2026-08-24
0.1769815418023887,1.0,1.0,1.0,0.267515923566879,0.0,1.0,1.0,1.0,1.0,0.0,-3.0517578125e-05,-3.0517578125e-05,-3.0517578125e-05,-3.0517578125e-05,-3.0517578125e-05,-3.0517578125e-05,I,2,2026-08-24_23-25-27,2026-08-24
0.1769815418023887,1.0,1.0,1.0,0.1910828025477707,0.0,1.0,1.0,1.0,1.0,0.0,-3.0517578125e-05,-3.0517578125e-05,-3.0517578125e-05,-3.0517578125e-05,-3.0517578125e-05,-3.0517578125e-05,I,2,2026-08-24_23-25-27,2026-08-24
0.17263843648208468,1.0,1.0,1.0,0.11464968152866242,0.0,1.0,1.0,1.0,1.0,0.0,-3.0517578125e-05,-3.0517578125e-05,-3.0517578125e-05,-3.0517578125e-05,-3.0517578125e-05,-3.0517578125e-05,I,2,2026-08-24_23-25-27,2026-08-24
0.17191458559536735,1.0,1.0,1.0,0.16560509554140126,0.0,1.0,1.0,1.0,1.0,0.0,-3.0517578125e-05,-3.0517578125e-05,-3.0517578125e-05,-3.0517578125e-05,-3.0517578125e-05,-3.0517578125e-05,I,2,2026-08-24_23-25-27,2026-08-24
0.1610568222946073,1.0,1.0,1.0,0.1910828025477707,0.0,1.0,1.0,1.0,1.0,0.0,-3.0517578125e-05,-3.0517578125e-05,-3.0517578125e-05,-3.0517578125e-05,-3.0517578125e-05,-3.0517578125e-05,I,2,2026-08-24_23-25-27,2026-08-24
0.169019182048498,1.0,1.0,1.0,0.34394904458598724,0.0,1.0,1.0,1.0,1.0,0.0,-3.0517578125e-05,-3.0517578125e-05,-3.0517578125e-05,-3.0517578125e-05,-3.0517578125e-05,-3.0517578125e-05,I,2,2026-08-24_23-25-27,2026-08-24
0.18349619978284473,1.0,1.0,1.0,0.3184713375796178,0.0,1.0,1.0,1.0,1.0,0.0,-3.0517578125e-05,-3.0517578125e-05,-3.0517578125e-05,-3.0517578125e-05,-3.0517578125e-05,-3.0517578125e-05,I,2,2026-08-24_23-25-27,2026-08-24
0.17336228736880202,1.0,1.0,1.0,0.14012738853503184,0.0,1.0,1.0,1.0,1.0,0.0,-3.0517578125e-05,-3.0517578125e-05,-3.0517578125e-05,-3.0517578125e-05,-3.0517578125e-05,-3.0517578125e-05,I,2,2026-08-24_23-25-27,2026-08-24
0.1885631559898661,1.0,1.0,1.0,0.21656050955414013,0.0,1.0,1.0,1.0,1.0,0.0,-3.0517578125e-05,-3.0517578125e-05,-3.0517578125e-05,-3.0517578125e-05,-3.0517578125e-05,-3.0517578125e-05,I,2,2026-08-24_23-25-27,2026-08-24
0.17336228736880202,1.0,1.0,1.0,0.20382165605095542,0.0,1.0,1.0,1.0,1.0,0.0,-3.0517578125e-05,-3.0517578125e-05,-3.0517578125e-05,-3.0517578125e-05,-3.0517578125e-05,-3.0517578125e-05,I,2,2026-08-24_23-25-27,2026-08-24
0.16829533116178066,1.0,1.0,1.0,0.21656050955414013,0.0,1.0,1.0,1.0,1.0,0.0,-3.0517578125e-05,-3.0517578125e-05,-3.0517578125e-05,-3.0517578125e-05,-3.0517578125e-05,-3.0517578125e-05,I,2,2026-08-24_23-25-27,2026-08-24
0.16467607672819398,1.0,1.0,1.0,0.3057324840764331,0.0,1.0,1.0,1.0,1.0,0.0,-3.0517578125e-05,-3.0517578125e-05,-3.0517578125e-05,-3.0517578125e-05,-3.0517578125e-05,-3.0517578125e-05,I,2,2026-08-24_23-25-27,2026-08-24
0.17263843648208468,1.0,1.0,1.0,0.2929936305732484,0.0,1.0,1.0,1.0,1.0,0.0,-3.0517578125e-05,-3.0517578125e-05,-3.0517578125e-05,-3.0517578125e-05,-3.0517578125e-05,-3.0517578125e-05,I,2,2026-08-24_23-25-27,2026-08-24
0.16178067318132464,1.0,1.0,0.989247311827957,0.22929936305732485,0.0,1.0,1.0,1.0,1.0,0.0,-3.0517578125e-05,-3.0517578125e-05,-3.0517578125e-05,-3.0517578125e-05,-3.0517578125e-05,-3.0517578125e-05,I,2,2026-08-24_23-25-27,2026-08-24
0.1588852696344553,1.0,1.0,1.0,0.24203821656050956,0.0,1.0,1.0,1.0,1.0,0.0,-3.0517578125e-05,-3.0517578125e-05,-3.0517578125e-05,-3.0517578125e-05,-3.0517578125e-05,-3.0517578125e-05,I,2,2026-08-24_23-25-27,2026-08-24
0.1632283749547593,1.0,1.0,1.0,0.267515923566879,0.0,1.0,1.0,1.0,1.0,0.0,-3.0517578125e-05,-3.0517578125e-05,-3.0517578125e-05,-3.0517578125e-05,-3.0517578125e-05,-3.0517578125e-05,I,2,2026-08-24_23-25-27,2026-08-24
0.1632283749547593,1.0,1.0,1.0,0.24203821656050956,0.0,1.0,1.0,1.0,1.0,0.0,-3.0517578125e-05,-3.0517578125e-05,-3.0517578125e-05,-3.0517578125e-05,-3.0517578125e-05,-3.0517578125e-05,I,2,2026-08-24_23-25-27,2026-08-24
0.17263843648208468,1.0,1.0,1.0,0.24203821656050956,0.0,1.0,1.0,1.0,1.0,0.0,-3.0517578125e-05,-3.0517578125e-05,-3.0517578125e-05,-3.0517578125e-05,-3.0517578125e-05,-3.0517578125e-05,I,2,2026-08-24_23-25-27,2026-08-24
0.1632283749547593,1.0,1.0,1.0,0.14012738853503184,0.0,1.0,1.0,1.0,1.0,0.0,-3.0517578125e-05,-3.0517578125e-05,-3.0517578125e-05,-3.0517578125e-05,-3.0517578125e-05,-3.0517578125e-05,I,2,2026-08-24_23-25-27,2026-08-24
0.16033297140788996,1.0,1.0,1.0,0.21656050955414013,0.0,1.0,1.0,1.0,1.0,0.0,-3.0517578125e-05,-3.0517578125e-05,-3.0517578125e-05,-3.0517578125e-05,-3.0517578125e-05,-3.0517578125e-05,I,2,2026-08-24_23-25-27,2026-08-24
0.17770539268910604,1.0,1.0,1.0,0.267515923566879,0.0,1.0,1.0,1.0,1.0,0.0,-3.0517578125e-05,-3.0517578125e-05,-3.0517578125e-05,-3.0517578125e-05,-3.0517578125e-05,-3.0517578125e-05,I,2,2026-08-24_23-25-27,2026-08-24
0.169019182048498,1.0,1.0,1.0,0.21656050955414013,0.0,1.0,1.0,1.0,1.0,0.0,-3.0517578125e-05,-3.0517578125e-05,-3.0517578125e-05,-3.0517578125e-05,-3.0517578125e-05,-3.0517578125e-05,I,2,2026-08-24_23-25-27,2026-08-24
0.17191458559536735,1.0,1.0,1.0,0.16560509554140126,0.0,1.0,1.0,1.0,1.0,0.0,-3.0517578125e-05,-3.0517578125e-05,-3.0517578125e-05,-3.0517578125e-05,-3.0517578125e-05,-3.0517578125e-05,I,2,2026-08-24_23-25-27,2026-08-24
0.1748099891422367,1.0,1.0,1.0,0.3184713375796178,0.0,1.0,1.0,1.0,1.0,0.0,-3.0517578125e-05,-3.0517578125e-05,-3.0517578125e-05,-3.0517578125e-05,-3.0517578125e-05,-3.0517578125e-05,I,2,2026-08-24_23-25-27,2026-08-24
0.1748099891422367,1.0,1.0,1.0,0.22929936305732485,0.0,1.0,1.0,1.0,1.0,0.0,-3.0517578125e-05,-3.0517578125e-05,-3.0517578125e-05,-3.0517578125e-05,-3.0517578125e-05,-3.0517578125e-05,I,2,2026-08-24_23-25-27,2026-08-24
0.16829533116178066,1.0,1.0,1.0,0.21656050955414013,0.0,1.0,1.0,1.0,1.0,0.0,-3.0517578125e-05,-3.0517578125e-05,-3.0517578125e-05,-3.0517578125e-05,-3.0517578125e-05,-3.0517578125e-05,I,2,2026-08-24_23-25-27,2026-08-24
0.17191458559536735,1.0,1.0,1.0,0.12738853503184713,0.0,1.0,1.0,1.0,1.0,0.0,-3.0517578125e-05,-3.0517578125e-05,-3.0517578125e-05,-3.0517578125e-05,-3.0517578125e-05,-3.0517578125e-05,I,2,2026-08-24_23-25-27,2026-08-24
0.17770539268910604,1.0,1.0,1.0,0.16560509554140126,0.0,1.0,1.0,1.0,1.0,0.0,-3.0517578125e-05,-3.0517578125e-05,-3.0517578125e-05,-3.0517578125e-05,-3.0517578125e-05,-3.0517578125e-05,I,2,2026-08-24_23-25-27,2026-08-24
0.17987694534925805,1.0,1.0,1.0,0.14012738853503184,0.0,1.0,1.0,1.0,1.0,0.0,-3.0517578125e-05,-3.0517578125e-05,-3.0517578125e-05,-3.0517578125e-05,-3.0517578125e-05,-3.0517578125e-05,I,2,2026-08-24_23-25-27,2026-08-24
0.17770539268910604,1.0,1.0,1.0,0.3821656050955414,0.0,1.0,1.0,1.0,1.0,0.0,-3.0517578125e-05,-3.0517578125e-05,-3.0517578125e-05,-3.0517578125e-05,-3.0517578125e-05,-3.0517578125e-05,I,2,2026-08-24_23-25-27,2026-08-24
0.17625769091567137,1.0,1.0,1.0,0.22929936305732485,0.0,1.0,1.0,1.0,1.0,0.0,-3.0517578125e-05,-3.0517578125e-05,-3.0517578125e-05,-3.0517578125e-05,-3.0517578125e-05,-3.0517578125e-05,I,2,2026-08-24_23-25-27,2026-08-24
0.17191458559536735,1.0,1.0,1.0,0.267515923566879,0.0,1.0,1.0,1.0,1.0,0.0,-3.0517578125e-05,-3.0517578125e-05,-3.0517578125e-05,-3.0517578125e-05,-3.0517578125e-05,-3.0517578125e-05,I,2,2026-08-24_23-25-27,2026-08-24
0.17336228736880202,1.0,1.0,1.0,0.17834394904458598,0.0,1.0,1.0,1.0,1.0,1.0,-3.0517578125e-05,-3.0517578125e-05,-3.0517578125e-05,-3.0517578125e-05,-3.0517578125e-05,-3.0517578125e-05,I,3,2026-08-24_23-25-27,2026-08-24
0.1791530944625407,1.0,1.0,1.0,0.16560509554140126,0.0,1.0,1.0,1.0,1.0,1.0,-3.0517578125e-05,-3.0517578125e-05,-3.0517578125e-05,-3.0517578125e-05,-3.0517578125e-05,-3.0517578125e-05,I,3,2026-08-24_23-25-27,2026-08-24
0.18204849800941006,1.0,1.0,1.0,0.1910828025477707,0.0,1.0,1.0,1.0,1.0,1.0,-3.0517578125e-05,-3.0517578125e-05,-3.0517578125e-05,-3.0517578125e-05,-3.0517578125e-05,-3.0517578125e-05,I,3,2026-08-24_23-25-27,2026-08-24
0.19363011219688744,1.0,1.0,1.0,0.14012738853503184,0.0,1.0,1.0,1.0,1.0,1.0,-3.0517578125e-05,-3.0517578125e-05,-3.0517578125e-05,-3.0517578125e-05,-3.0517578125e-05,-3.0517578125e-05,I,3,2026-08-24_23-25-27,2026-08-24
0.17191458559536735,1.0,1.0,1.0,0.12738853503184713,0.0,1.0,1.0,1.0,1.0,1.0,-3.0517578125e-05,-3.0517578125e-05,-3.0517578125e-05,-3.0517578125e-05,-3.0517578125e-05,-3.0517578125e-05,I,3,2026-08-24_23-25-27,2026-08-24
0.19507781397032212,1.0,1.0,1.0,0.21656050955414013,0.0,1.0,1.0,1.0,1.0,1.0,-3.0517578125e-05,-3.0517578125e-05,-3.0517578125e-05,-3.0517578125e-05,-3.0517578125e-05,-3.0517578125e-05,I,3,2026-08-24_23-25-27,2026-08-24
0.19942091929062614,1.0,1.0,1.0,0.22929936305732485,0.0,1.0,1.0,1.0,1.0,1.0,-3.0517578125e-05,-3.0517578125e-05,-3.0517578125e-05,-3.0517578125e-05,-3.0517578125e-05,-3.0517578125e-05,I,3,2026-08-24_23-25-27,2026-08-24
0.19724936663047413,1.0,1.0,1.0,0.07643312101910828,0.0,1.0,1.0,1.0,1.0,1.0,-3.0517578125e-05,-3.0517578125e-05,-3.0517578125e-05,-3.0517578125e-05,-3.0517578125e-05,-3.0517578125e-05,I,3,2026-08-24_23-25-27,2026-08-24
0.19942091929062614,1.0,1.0,1.0,0.17834394904458598,0.0,1.0,1.0,1.0,1.0,1.0,-3.0517578125e-05,-3.0517578125e-05,-3.0517578125e-05,-3.0517578125e-05,-3.0517578125e-05,-3.0517578125e-05,I,3,2026-08-24_23-25-27,2026-08-24
0.2189648932319942,1.0,1.0,1.0,0.15286624203821655,0.0,1.0,1.0,1.0,1.0,1.0,-3.0517578125e-05,-3.0517578125e-05,-3.0517578125e-05,-3.0517578125e-05,-3.0517578125e-05,-3.0517578125e-05,I,3,2026-08-24_23-25-27,2026-08-24
0.20376402461093016,1.0,1.0,1.0,0.14012738853503184,0.0,1.0,1.0,1.0,1.0,1.0,-3.0517578125e-05,-3.0517578125e-05,-3.0517578125e-05,-3.0517578125e-05,-3.0517578125e-05,-3.0517578125e-05,I,3,2026-08-24_23-25-27,2026-08-24
0.2124502352515382,1.0,1.0,1.0,0.21656050955414013,0.0,1.0,1.0,1.0,1.0,1.0,-3.0517578125e-05,-3.0517578125e-05,-3.0517578125e-05,-3.0517578125e-05,-3.0517578125e-05,-3.0517578125e-05,I,3,2026-08-24_23-25-27,2026-08-24
0.2146217879116902,1.0,1.0,1.0,0.21656050955414013,0.0,1.0,1.0,1.0,1.0,1.0,-3.0517578125e-05,-3.0517578125e-05,-3.0517578125e-05,-3.0517578125e-05,-3.0517578125e-05,-3.0517578125e-05,I,3,2026-08-24_23-25-27,2026-08-24
0.22258414766558088,1.0,1.0,1.0,0.22929936305732485,0.0,1.0,1.0,1.0,1.0,1.0,-3.0517578125e-05,-3.0517578125e-05,-3.0517578125e-05,-3.0517578125e-05,-3.0517578125e-05,-3.0517578125e-05,I,3,2026-08-24_23-25-27,2026-08-24
0.21968874411871153,1.0,1.0,1.0,0.267515923566879,0.0,1.0,1.0,1.0,1.0,1.0,-3.0517578125e-05,-3.0517578125e-05,-3.0517578125e-05,-3.0517578125e-05,-3.0517578125e-05,-3.0517578125e-05,I,3,2026-08-24_23-25-27,2026-08-24
0.2124502352515382,1.0,1.0,1.0,0.14012738853503184,0.0,1.0,1.0,1.0,1.0,1.0,-3.0517578125e-05,-3.0517578125e-05,-3.0517578125e-05,-3.0517578125e-05,-3.0517578125e-05,-3.0517578125e-05,I,3,2026-08-24_23-25-27,2026-08-24
0.2182410423452769,1.0,0.9977477477477478,1.0,0.06369426751592357,0.0,1.0,1.0,1.0,1.0,1.0,-3.0517578125e-05,-3.0517578125e-05,-3.0517578125e-05,-3.0517578125e-05,-3.0517578125e-05,-3.0517578125e-05,I,3,2026-08-24_23-25-27,2026-08-24
0.21751719145855955,1.0,1.0,1.0,0.17834394904458598,0.0,1.0,1.0,1.0,1.0,1.0,-3.0517578125e-05,-3.0517578125e-05,-3.0517578125e-05,-3.0517578125e-05,-3.0517578125e-05,-3.0517578125e-05,I,3,2026-08-24_23-25-27,2026-08-24
0.22330799855229821,1.0,1.0,1.0,0.16560509554140126,0.0,1.0,1.0,1.0,1.0,1.0,-3.0517578125e-05,-3.0517578125e-05,-3.0517578125e-05,-3.0517578125e-05,-3.0517578125e-05,-3.0517578125e-05,I,3,2026-08-24_23-25-27,2026-08-24
0.2327180600796236,0.996378998189499,0.9954954954954955,1.0,0.21656050955414013,0.0,1.0,1.0,1.0,1.0,1.0,-3.0517578125e-05,-3.0517578125e-05,-3.0517578125e-05,-3.0517578125e-05,-3.0517578125e-05,-3.0517578125e-05,I,3,2026-08-24_23-25-27,2026-08-24
0.23416576185305826,1.0,1.0,1.0,0.15286624203821655,0.0,1.0,1.0,1.0,1.0,1.0,-3.0517578125e-05,-3.0517578125e-05,-3.0517578125e-05,-3.0517578125e-05,-3.0517578125e-05,-3.0517578125e-05,I,3,2026-08-24_23-25-27,2026-08-24
0.22837495475931957,1.0,1.0,1.0,0.12738853503184713,0.0,1.0,1.0,1.0,1.0,1.0,-3.0517578125e-05,-3.0517578125e-05,-3.0517578125e-05,-3.0517578125e-05,-3.0517578125e-05,-3.0517578125e-05,I,3,2026-08-24_23-25-27,2026-08-24
0.22765110387260223,1.0,1.0,1.0,0.1910828025477707,0.0,1.0,1.0,1.0,1.0,1.0,-3.0517578125e-05,-3.0517578125e-05,-3.0517578125e-05,-3.0517578125e-05,-3.0517578125e-05,-3.0517578125e-05,I,3,2026-08-24_23-25-27,2026-08-24
0.23127035830618892,1.0,1.0,1.0,0.07643312101910828,0.0,1.0,1.0,1.0,1.0,1.0,-3.0517578125e-05,-3.0517578125e-05,-3.0517578125e-05,-3.0517578125e-05,-3.0517578125e-05,-3.0517578125e-05,I,3,2026-08-24_23-25-27,2026-08-24
0.24212812160694897,1.0,0.9932432432432432,1.0,0.025477707006369428,0.0,1.0,1.0,1.0,1.0,1.0,-3.0517578125e-05,-3.0517578125e-05,-3.0517578125e-05,-3.0517578125e-05,-3.0517578125e-05,-3.0517578125e-05,I,3,2026-08-24_23-25-27,2026-08-24
0.23995656894679696,1.0,1.0,1.0,0.06369426751592357,0.0,1.0,1.0,1.0,1.0,1.0,-3.0517578125e-05,-3.0517578125e-05,-3.0517578125e-05,-3.0517578125e-05,-3.0517578125e-05,-3.0517578125e-05,I,3,2026-08-24_23-25-27,2026-08-24
0.248642779587405,1.0,0.972972972972973,1.0,0.08917197452229299,0.0,1.0,1.0,1.0,1.0,1.0,-3.0517578125e-05,-3.0517578125e-05,-3.0517578125e-05,-3.0517578125e-05,-3.0517578125e-05,-3.0517578125e-05,I,3,2026-08-24_23-25-27,2026-08-24
0.2428519724936663,1.0,1.0,1.0,0.21656050955414013,0.0,1.0,1.0,1.0,1.0,1.0,-3.0517578125e-05,-3.0517578125e-05,-3.0517578125e-05,-3.0517578125e-05,-3.0517578125e-05,-3.0517578125e-05,I,3,2026-08-24_23-25-27,2026-08-24
0.25370973579442635,1.0,0.9977477477477478,1.0,0.20382165605095542,0.0,1.0,1.0,1.0,1.0,1.0,-3.0517578125e-05,-3.0517578125e-05,-3.0517578125e-05,-3.0517578125e-05,-3.0517578125e-05,-3.0517578125e-05,I,3,2026-08-24_23-25-27,2026-08-24
0.2609482446615997,1.0,1.0,1.0,0.11464968152866242,0.0,1.0,1.0,1.0,1.0,1.0,-3.0517578125e-05,-3.0517578125e-05,-3.0517578125e-05,-3.0517578125e-05,-3.0517578125e-05,-3.0517578125e-05,I,3,2026-08-24_23-25-27,2026-08-24
0.25153818313427434,1.0,1.0,1.0,0.1910828025477707,0.0,1.0,1.0,1.0,1.0,1.0,-3.0517578125e-05,-3.0517578125e-05,-3.0517578125e-05,-3.0517578125e-05,-3.0517578125e-05,-3.0517578125e-05,I,3,2026-08-24_23-25-27,2026-08-24
0.25805284111473037,1.0,1.0,1.0,0.267515923566879,0.0,1.0,1.0,1.0,1.0,1.0,-3.0517578125e-05,-3.0517578125e-05,-3.0517578125e-05,-3.0517578125e-05,-3.0517578125e-05,-3.0517578125e-05,I,3,2026-08-24_23-25-27,2026-08-24
0.2602243937748824,1.0,1.0,1.0,0.17834394904458598,0.0,1.0,1.0,1.0,1.0,1.0,-3.0517578125e-05,-3.0517578125e-05,-3.0517578125e-05,-3.0517578125e-05,-3.0517578125e-05,-3.0517578125e-05,I,3,2026-08-24_23-25-27,2026-08-24
0.26529134998190373,1.0,1.0,1.0,0.2802547770700637,0.0,1.0,1.0,1.0,1.0,1.0,-3.0517578125e-05,-3.0517578125e-05,-3.0517578125e-05,-3.0517578125e-05,-3.0517578125e-05,-3.0517578125e-05,I,3,2026-08-24_23-25-27,2026-08-24
0.2544335866811437,1.0,1.0,1.0,0.0,0.0,1.0,1.0,1.0,1.0,1.0,-3.0517578125e-05,-3.0517578125e-05,-3.0517578125e-05,-3.0517578125e-05,-3.0517578125e-05,-3.0517578125e-05,I,3,2026-08-24_23-25-27,2026-08-24
0.2544335866811437,1.0,1.0,1.0,0.12738853503184713,0.0,1.0,1.0,1.0,1.0,1.0,-3.0517578125e-05,-3.0517578125e-05,-3.0517578125e-05,-3.0517578125e-05,-3.0517578125e-05,-3.0517578125e-05,I,3,2026-08-24_23-25-27,2026-08-24
0.25732899022801303,1.0,1.0,1.0,0.11464968152866242,0.0,1.0,1.0,1.0,1.0,1.0,-3.0517578125e-05,-3.0517578125e-05,-3.0517578125e-05,-3.0517578125e-05,-3.0517578125e-05,-3.0517578125e-05,I,3,2026-08-24_23-25-27,2026-08-24
0.26529134998190373,1.0,1.0,1.0,0.21656050955414013,0.0,1.0,1.0,1.0,1.0,1.0,-3.0517578125e-05,-3.0517578125e-05,-3.0517578125e-05,-3.0517578125e-05,-3.0517578125e-05,-3.0517578125e-05,I,3,2026-08-24_23-25-27,2026-08-24
0.26529134998190373,1.0,1.0,0.989247311827957,0.12738853503184713,0.0,1.0,1.0,1.0,1.0,1.0,-3.0517578125e-05,-3.0517578125e-05,-3.0517578125e-05,-3.0517578125e-05,-3.0517578125e-05,-3.0517578125e-05,I,3,2026-08-24_23-25-27,2026-08-24
0.26529134998190373,1.0,1.0,1.0,0.06369426751592357,0.0,1.0,1.0,1.0,1.0,1.0,-3.0517578125e-05,-3.0517578125e-05,-3.0517578125e-05,-3.0517578125e-05,-3.0517578125e-05,-3.0517578125e-05,I,3,2026-08-24_23-25-27,2026-08-24
0.23850886717336228,1.0,1.0,1.0,0.2802547770700637,0.0,1.0,1.0,1.0,1.0,1.0,-3.0517578125e-05,-3.0517578125e-05,-3.0517578125e-05,-3.0517578125e-05,-3.0517578125e-05,-3.0517578125e-05,I,4,2026-08-24_23-25-27,2026-08-24
0.23054650741947158,1.0,0.9842342342342343,1.0,0.24203821656050956,0.0,1.0,1.0,1.0,1.0,1.0,-3.0517578125e-05,-3.0517578125e-05,-3.0517578125e-05,-3.0517578125e-05,-3.0517578125e-05,-3.0517578125e-05,I,4,2026-08-24_23-25-27,2026-08-24
0.23416576185305826,1.0,1.0,1.0,0.39490445859872614,0.0,1.0,1.0,1.0,1.0,1.0,-3.0517578125e-05,-3.0517578125e-05,-3.0517578125e-05,-3.0517578125e-05,-3.0517578125e-05,-3.0517578125e-05,I,4,2026-08-24_23-25-27,2026-08-24
0.23995656894679696,1.0,1.0,1.0,0.21656050955414013,0.0,1.0,1.0,1.0,1.0,1.0,-3.0517578125e-05,-3.0517578125e-05,-3.0517578125e-05,-3.0517578125e-05,-3.0517578125e-05,-3.0517578125e-05,I,4,2026-08-24_23-25-27,2026-08-24
0.24429967426710097,1.0,1.0,1.0,0.34394904458598724,0.0,1.0,1.0,1.0,1.0,1.0,-3.0517578125e-05,-3.0517578125e-05,-3.0517578125e-05,-3.0517578125e-05,-3.0517578125e-05,-3.0517578125e-05,I,4,2026-08-24_23-25-27,2026-08-24
0.24647122692725298,1.0,1.0,1.0,0.3184713375796178,0.0,1.0,1.0,1.0,1.0,1.0,-3.0517578125e-05,-3.0517578125e-05,-3.0517578125e-05,-3.0517578125e-05,-3.0517578125e-05,-3.0517578125e-05,I,4,2026-08-24_23-25-27,2026-08-24
0.2428519724936663,1.0,1.0,1.0,0.267515923566879,0.0,1.0,1.0,1.0,1.0,1.0,-3.0517578125e-05,-3.0517578125e-05,-3.0517578125e-05,-3.0517578125e-05,-3.0517578125e-05,-3.0517578125e-05,I,4,2026-08-24_23-25-27,2026-08-24
0.248642779587405,1.0,1.0,1.0,0.36942675159235666,0.0,1.0,1.0,1.0,1.0,1.0,-3.0517578125e-05,-3.0517578125e-05,-3.0517578125e-05,-3.0517578125e-05,-3.0517578125e-05,-3.0517578125e-05,I,4,2026-08-24_23-25-27,2026-08-24
0.25153818313427434,1.0,1.0,1.0,0.2802547770700637,0.0,1.0,1.0,1.0,1.0,1.0,-3.0517578125e-05,-3.0517578125e-05,-3.0517578125e-05,-3.0517578125e-05,-3.0517578125e-05,-3.0517578125e-05,I,4,2026-08-24_23-25-27,2026-08-24
0.2631197973217517,1.0,1.0,1.0,0.3184713375796178,0.0,1.0,1.0,1.0,1.0,1.0,-3.0517578125e-05,-3.0517578125e-05,-3.0517578125e-05,-3.0517578125e-05,-3.0517578125e-05,-3.0517578125e-05,I,4,2026-08-24_23-25-27,2026-08-24
0.2609482446615997,1.0,1.0,1.0,0.25477707006369427,0.0,1.0,1.0,1.0,1.0,1.0,-3.0517578125e-05,-3.0517578125e-05,-3.0517578125e-05,-3.0517578125e-05,-3.0517578125e-05,-3.0517578125e-05,I,4,2026-08-24_23-25-27,2026-08-24
0.25805284111473037,1.0,1.0,1.0,0.1910828025477707,0.0,1.0,1.0,1.0,1.0,1.0,-3.0517578125e-05,-3.0517578125e-05,-3.0517578125e-05,-3.0517578125e-05,-3.0517578125e-05,-3.0517578125e-05,I,4,2026-08-24_23-25-27,2026-08-24
0.2609482446615997,1.0,0.9932432432432432,1.0,0.24203821656050956,0.0,1.0,1.0,1.0,1.0,1.0,-3.0517578125e-05,-3.0517578125e-05,-3.0517578125e-05,-3.0517578125e-05,-3.0517578125e-05,-3.0517578125e-05,I,4,2026-08-24_23-25-27,2026-08-24
0.2544335866811437,1.0,1.0,1.0,0.34394904458598724,0.0,1.0,1.0,1.0,1.0,1.0,-3.0517578125e-05,-3.0517578125e-05,-3.0517578125e-05,-3.0517578125e-05,-3.0517578125e-05,-3.0517578125e-05,I,4,2026-08-24_23-25-27,2026-08-24
0.2609482446615997,1.0,1.0,1.0,0.24203821656050956,0.0,1.0,1.0,1.0,1.0,1.0,-3.0517578125e-05,-3.0517578125e-05,-3.0517578125e-05,-3.0517578125e-05,-3.0517578125e-05,-3.0517578125e-05,I,4,2026-08-24_23-25-27,2026-08-24
0.27180600796235976,1.0,1.0,1.0,0.2802547770700637,0.0,1.0,1.0,1.0,1.0,1.0,-3.0517578125e-05,-3.0517578125e-05,-3.0517578125e-05,-3.0517578125e-05,-3.0517578125e-05,-3.0517578125e-05,I,4,2026-08-24_23-25-27,2026-08-24
0.2645674990951864,1.0,0.9842342342342343,1.0,0.22929936305732485,0.0,1.0,1.0,1.0,1.0,1.0,-3.0517578125e-05,-3.0517578125e-05,-3.0517578125e-05,-3.0517578125e-05,-3.0517578125e-05,-3.0517578125e-05,I,4,2026-08-24_23-25-27,2026-08-24
0.2602243937748824,1.0,1.0,1.0,0.267515923566879,0.0,1.0,1.0,1.0,1.0,1.0,-3.0517578125e-05,-3.0517578125e-05,-3.0517578125e-05,-3.0517578125e-05,-3.0517578125e-05,-3.0517578125e-05,I,4,2026-08-24_23-25-27,2026-08-24
0.26529134998190373,1.0,0.9864864864864865,1.0,0.3184713375796178,0.0,1.0,1.0,1.0,1.0,1.0,-3.0517578125e-05,-3.0517578125e-05,-3.0517578125e-05,-3.0517578125e-05,-3.0517578125e-05,-3.0517578125e-05,I,4,2026-08-24_23-25-27,2026-08-24
0.27759681505609846,1.0,1.0,1.0,0.17834394904458598,0.0,1.0,1.0,1.0,1.0,1.0,-3.0517578125e-05,-3.0517578125e-05,-3.0517578125e-05,-3.0517578125e-05,-3.0517578125e-05,-3.0517578125e-05,I,4,2026-08-24_23-25-27,2026-08-24
0.2884545783568585,1.0,1.0,1.0,0.21656050955414013,0.0,1.0,1.0,1.0,1.0,1.0,-3.0517578125e-05,-3.0517578125e-05,-3.0517578125e-05,-3.0517578125e-05,-3.0517578125e-05,-3.0517578125e-05,I,4,2026-08-24_23-25-27,2026-08-24
0.27759681505609846,1.0,0.9774774774774775,1.0,0.16560509554140126,0.0,1.0,1.0,1.0,1.0,1.0,-3.0517578125e-05,-3.0517578125e-05,-3.0517578125e-05,-3.0517578125e-05,-3.0517578125e-05,-3.0517578125e-05,I,4,2026-08-24_23-25-27,2026-08-24
0.27759681505609846,1.0,1.0,1.0,0.21656050955414013,0.0,1.0,1.0,1.0,1.0,1.0,-3.0517578125e-05,-3.0517578125e-05,-3.0517578125e-05,-3.0517578125e-05,-3.0517578125e-05,-3.0517578125e-05,I,4,2026-08-24_23-25-27,2026-08-24
0.28338762214983715,1.0,1.0,1.0,0.25477707006369427,0.0,1.0,1.0,1.0,1.0,1.0,-3.0517578125e-05,-3.0517578125e-05,-3.0517578125e-05,-3.0517578125e-05,-3.0517578125e-05,-3.0517578125e-05,I,4,2026-08-24_23-25-27,2026-08-24
0.28773072747014117,1.0,1.0,1.0,0.2802547770700637,0.0,1.0,1.0,1.0,1.0,1.0,-3.0517578125e-05,-3.0517578125e-05,-3.0517578125e-05,-3.0517578125e-05,-3.0517578125e-05,-3.0517578125e-05,I,4,2026-08-24_23-25-27,2026-08-24
0.29569308722403187,1.0,1.0,1.0,0.3184713375796178,0.0,1.0,1.0,1.0,1.0,1.0,-3.0517578125e-05,-3.0517578125e-05,-3.0517578125e-05,-3.0517578125e-05,-3.0517578125e-05,-3.0517578125e-05,I,4,2026-08-24_23-25-27,2026-08-24
0.28917842924357584,1.0,1.0,1.0,0.21656050955414013,0.0,1.0,1.0,1.0,1.0,0.0,-3.0517578125e-05,-3.0517578125e-05,-3.0517578125e-05,-3.0517578125e-05,-3.0517578125e-05,-3.0517578125e-05,I,4,2026-08-24_23-25-27,2026-08-24
0.2884545783568585,1.0,0.9797297297297297,1.0,0.2929936305732484,0.0,1.0,1.0,1.0,1.0,0.0,-3.0517578125e-05,-3.0517578125e-05,-3.0517578125e-05,-3.0517578125e-05,-3.0517578125e-05,-3.0517578125e-05,I,4,2026-08-24_23-25-27,2026-08-24
0.29714078899746654,1.0,1.0,1.0,0.1910828025477707,0.0,1.0,1.0,1.0,1.0,0.0,-3.0517578125e-05,-3.0517578125e-05,-3.0517578125e-05,-3.0517578125e-05,-3.0517578125e-05,-3.0517578125e-05,I,4,2026-08-24_23-25-27,2026-08-24
0.28773072747014117,1.0,1.0,1.0,0.34394904458598724,0.0,1.0,1.0,1.0,1.0,0.0,-3.0517578125e-05,-3.0517578125e-05,-3.0517578125e-05,-3.0517578125e-05,-3.0517578125e-05,-3.0517578125e-05,I,4,2026-08-24_23-25-27,2026-08-24
0.3000361925443359,0.9927579963789982,1.0,1.0,0.3184713375796178,0.0,1.0,1.0,1.0,1.0,0.0,-3.0517578125e-05,-3.0517578125e-05,-3.0517578125e-05,-3.0517578125e-05,-3.0517578125e-05,-3.0517578125e-05,I,4,2026-08-24_23-25-27,2026-08-24
0.3116178067318133,1.0,1.0,1.0,0.2802547770700637,0.0,1.0,1.0,1.0,1.0,0.0,-3.0517578125e-05,-3.0517578125e-05,-3.0517578125e-05,-3.0517578125e-05,-3.0517578125e-05,-3.0517578125e-05,I,4,2026-08-24_23-25-27,2026-08-24
0.28917842924357584,1.0,1.0,1.0,0.21656050955414013,0.0,1.0,1.0,1.0,1.0,0.0,-3.0517578125e-05,-3.0517578125e-05,-3.0517578125e-05,-3.0517578125e-05,-3.0517578125e-05,-3.0517578125e-05,I,4,2026-08-24_23-25-27,2026-08-24
0.29496923633731453,1.0,1.0,1.0,0.24203821656050956,0.0,1.0,1.0,1.0,1.0,0.0,-3.0517578125e-05,-3.0517578125e-05,-3.0517578125e-05,-3.0517578125e-05,-3.0517578125e-05,-3.0517578125e-05,I,4,2026-08-24_23-25-27,2026-08-24
0.30365544697792257,1.0,0.9819819819819819,1.0,0.24203821656050956,0.0,1.0,1.0,1.0,1.0,0.0,-3.0517578125e-05,-3.0517578125e-05,-3.0517578125e-05,-3.0517578125e-05,-3.0517578125e-05,-3.0517578125e-05,I,4,2026-08-24_23-25-27,2026-08-24
0.29714078899746654,1.0,0.9752252252252253,1.0,0.2929936305732484,0.0,1.0,1.0,1.0,1.0,0.0,-3.0517578125e-05,-3.0517578125e-05,-3.0517578125e-05,-3.0517578125e-05,-3.0517578125e-05,-3.0517578125e-05,I,4,2026-08-24_23-25-27,2026-08-24
0.30293159609120524,0.9975859987929994,0.9842342342342343,1.0,0.3184713375796178,0.0,1.0,1.0,1.0,1.0,0.0,-3.0517578125e-05,-3.0517578125e-05,-3.0517578125e-05,-3.0517578125e-05,-3.0517578125e-05,-3.0517578125e-05,I,4,2026-08-24_23-25-27,2026-08-24
0.3000361925443359,1.0,1.0,1.0,0.34394904458598724,0.0,1.0,1.0,1.0,1.0,0.0,-3.0517578125e-05,-3.0517578125e-05,-3.0517578125e-05,-3.0517578125e-05,-3.0517578125e-05,-3.0517578125e-05,I,4,2026-08-24_23-25-27,2026-08-24
0.3007600434310532,1.0,1.0,1.0,0.22929936305732485,0.0,1.0,1.0,1.0,1.0,0.0,-3.0517578125e-05,-3.0517578125e-05,-3.0517578125e-05,-3.0517578125e-05,-3.0517578125e-05,-3.0517578125e-05,I,4,2026-08-24_23-25-27,2026-08-24
0.30365544697792257,1.0,1.0,1.0,0.22929936305732485,0.0,1.0,1.0,1.0,1.0,0.0,-3.0517578125e-05,-3.0517578125e-05,-3.0517578125e-05,-3.0517578125e-05,-3.0517578125e-05,-3.0517578125e-05,I,4,2026-08-24_23-25-27,2026-08-24
0.0,1.0,0.9414414414414415,0.0,1.0,1.0,1.0,1.0,1.0,0.0,0.0,-3.0517578125e-05,-3.0517578125e-05,-3.0517578125e-05,-3.0517578125e-05,-3.0517578125e-05,-3.0517578125e-05,J,0,2026-08-24_23-25-27,2026-08-24
0.0,1.0,0.9234234234234234,0.0,1.0,1.0,1.0,1.0,1.0,0.0,0.0,-3.0517578125e-05,-3.0517578125e-05,-3.0517578125e-05,-3.0517578125e-05,-3.0517578125e-05,-3.0517578125e-05,J,0,2026-08-24_23-25-27,2026-08-24
0.0,1.0,0.9459459459459459,0.0,1.0,1.0,1.0,1.0,1.0,0.0,0.0,-3.0517578125e-05,-3.0517578125e-05,-3.0517578125e-05,-3.0517578125e-05,-3.0517578125e-05,-3.0517578125e-05,J,0,2026-08-24_23-25-27,2026-08-24
0.0,1.0,0.9346846846846847,0.0,1.0,1.0,1.0,1.0,1.0,0.0,0.0,-3.0517578125e-05,-3.0517578125e-05,-3.0517578125e-05,-3.0517578125e-05,-3.0517578125e-05,-3.0517578125e-05,J,0,2026-08-24_23-25-27,2026-08-24
0.0,1.0,0.9324324324324325,0.0,1.0,1.0,1.0,1.0,1.0,0.0,0.0,-3.0517578125e-05,-3.0517578125e-05,-3.0517578125e-05,-3.0517578125e-05,-3.0517578125e-05,-3.0517578125e-05,J,0,2026-08-24_23-25-27,2026-08-24
0.0,1.0,0.9324324324324325,0.0,1.0,1.0,1.0,1.0,1.0,0.0,0.0,-3.0517578125e-05,-3.0517578125e-05,-3.0517578125e-05,-3.0517578125e-05,-3.0517578125e-05,-3.0517578125e-05,J,0,2026-08-24_23-25-27,2026-08-24
0.0,1.0,0.9369369369369369,0.0,1.0,1.0,1.0,1.0,1.0,0.0,0.0,-3.0517578125e-05,-3.0517578125e-05,-3.0517578125e-05,-3.0517578125e-05,-3.0517578125e-05,-3.0517578125e-05,J,0,2026-08-24_23-25-27,2026-08-24
0.0,1.0,0.9279279279279279,0.0,1.0,1.0,1.0,1.0,1.0,0.0,0.0,-3.0517578125e-05,-3.0517578125e-05,-3.0517578125e-05,-3.0517578125e-05,-3.0517578125e-05,-3.0517578125e-05,J,0,2026-08-24_23-25-27,2026-08-24
0.0,1.0,0.9369369369369369,0.0,1.0,1.0,1.0,1.0,1.0,0.0,0.0,-3.0517578125e-05,-3.0517578125e-05,-3.0517578125e-05,-3.0517578125e-05,-3.0517578125e-05,-3.0517578125e-05,J,0,2026-08-24_23-25-27,2026-08-24
0.0,1.0,0.9459459459459459,0.0,1.0,1.0,1.0,1.0,1.0,0.0,0.0,-3.0517578125e-05,-3.0517578125e-05,-3.0517578125e-05,-3.0517578125e-05,-3.0517578125e-05,-3.0517578125e-05,J,0,2026-08-24_23-25-27,2026-08-24
0.0,1.0,0.954954954954955,0.0,1.0,1.0,1.0,1.0,1.0,0.0,0.0,-3.0517578125e-05,-3.0517578125e-05,-3.0517578125e-05,-3.0517578125e-05,-3.0517578125e-05,-3.0517578125e-05,J,0,2026-08-24_23-25-27,2026-08-24
0.0,1.0,0.9369369369369369,0.0,1.0,1.0,1.0,1.0,1.0,0.0,0.0,-3.0517578125e-05,-3.0517578125e-05,-3.0517578125e-05,-3.0517578125e-05,-3.0517578125e-05,-3.0517578125e-05,J,0,2026-08-24_23-25-27,2026-08-24
0.0,1.0,0.9617117117117117,0.0,1.0,1.0,1.0,1.0,1.0,0.0,0.0,-3.0517578125e-05,-3.0517578125e-05,-3.0517578125e-05,-3.0517578125e-05,-3.0517578125e-05,-3.0517578125e-05,J,0,2026-08-24_23-25-27,2026-08-24
0.0,1.0,0.9391891891891891,0.0,1.0,1.0,1.0,1.0,1.0,0.0,0.0,-3.0517578125e-05,-3.0517578125e-05,-3.0517578125e-05,-3.0517578125e-05,-3.0517578125e-05,-3.0517578125e-05,J,0,2026-08-24_23-25-27,2026-08-24
0.0,1.0,0.9459459459459459,0.0,1.0,1.0,1.0,1.0,1.0,0.0,0.0,-3.0517578125e-05,-3.0517578125e-05,-3.0517578125e-05,-3.0517578125e-05,-3.0517578125e-05,-3.0517578125e-05,J,0,2026-08-24_23-25-27,2026-08-24
0.0,1.0,0.9391891891891891,0.0,1.0,1.0,1.0,1.0,1.0,0.0,0.0,-3.0517578125e-05,-3.0517578125e-05,-3.0517578125e-05,-3.0517578125e-05,-3.0517578125e-05,-3.0517578125e-05,J,0,2026-08-24_23-25-27,2026-08-24
0.0,1.0,0.9527027027027027,0.0,1.0,1.0,1.0,1.0,1.0,0.0,0.0,-3.0517578125e-05,-3.0517578125e-05,-3.0517578125e-05,-3.0517578125e-05,-3.0517578125e-05,-3.0517578125e-05,J,0,2026-08-24_23-25-27,2026-08-24
0.0,1.0,0.9414414414414415,0.0,1.0,1.0,1.0,1.0,1.0,0.0,0.0,-3.0517578125e-05,-3.0517578125e-05,-3.0517578125e-05,-3.0517578125e-05,-3.0517578125e-05,-3.0517578125e-05,J,0,2026-08-24_23-25-27,2026-08-24
0.0,1.0,0.9481981981981982,0.0,1.0,1.0,1.0,1.0,1.0,0.0,0.0,-3.0517578125e-05,-3.0517578125e-05,-3.0517578125e-05,-3.0517578125e-05,-3.0517578125e-05,-3.0517578125e-05,J,0,2026-08-24_23-25-27,2026-08-24
0.0,1.0,0.9459459459459459,0.0,1.0,1.0,1.0,1.0,1.0,0.0,0.0,-3.0517578125e-05,-3.0517578125e-05,-3.0517578125e-05,-3.0517578125e-05,-3.0517578125e-05,-3.0517578125e-05,J,0,2026-08-24_23-25-27,2026-08-24
0.0,1.0,0.9369369369369369,0.0,1.0,1.0,1.0,1.0,1.0,0.0,0.0,-3.0517578125e-05,-3.0517578125e-05,-3.0517578125e-05,-3.0517578125e-05,-3.0517578125e-05,-3.0517578125e-05,J,0,2026-08-24_23-25-27,2026-08-24
0.0,1.0,0.9369369369369369,0.0,1.0,1.0,1.0,1.0,1.0,0.0,0.0,-3.0517578125e-05,-3.0517578125e-05,-3.0517578125e-05,-3.0517578125e-05,-3.0517578125e-05,-3.0517578125e-05,J,0,2026-08-24_23-25-27,2026-08-24
0.0,1.0,0.9369369369369369,0.0,1.0,1.0,1.0,1.0,1.0,0.0,0.0,-3.0517578125e-05,-3.0517578125e-05,-3.0517578125e-05,-3.0517578125e-05,-3.0517578125e-05,-3.0517578125e-05,J,0,2026-08-24_23-25-27,2026-08-24
0.0,1.0,0.9279279279279279,0.0,1.0,1.0,1.0,1.0,1.0,0.0,0.0,-3.0517578125e-05,-3.0517578125e-05,-3.0517578125e-05,-3.0517578125e-05,-3.0517578125e-05,-3.0517578125e-05,J,0,2026-08-24_23-25-27,2026-08-24
0.0,1.0,0.9481981981981982,0.0,1.0,1.0,1.0,1.0,1.0,0.0,0.0,-3.0517578125e-05,-3.0517578125e-05,-3.0517578125e-05,-3.0517578125e-05,-3.0517578125e-05,-3.0517578125e-05,J,0,2026-08-24_23-25-27,2026-08-24
0.0,1.0,0.9527027027027027,0.0,1.0,1.0,1.0,1.0,1.0,0.0,0.0,-3.0517578125e-05,-3.0517578125e-05,-3.0517578125e-05,-3.0517578125e-05,-3.0517578125e-05,-3.0517578125e-05,J,0,2026-08-24_23-25-27,2026-08-24
0.0,1.0,0.9436936936936937,0.0,1.0,1.0,1.0,1.0,1.0,0.0,0.0,-3.0517578125e-05,-3.0517578125e-05,-3.0517578125e-05,-3.0517578125e-05,-3.0517578125e-05,-3.0517578125e-05,J,0,2026-08-24_23-25-27,2026-08-24
0.0,1.0,0.954954954954955,0.0,1.0,1.0,1.0,1.0,1.0,0.0,0.0,-3.0517578125e-05,-3.0517578125e-05,-3.0517578125e-05,-3.0517578125e-05,-3.0517578125e-05,-3.0517578125e-05,J,0,2026-08-24_23-25-27,2026-08-24
0.0,1.0,0.9391891891891891,0.0,1.0,1.0,1.0,1.0,1.0,0.0,0.0,-3.0517578125e-05,-3.0517578125e-05,-3.0517578125e-05,-3.0517578125e-05,-3.0517578125e-05,-3.0517578125e-05,J,0,2026-08-24_23-25-27,2026-08-24
0.0,1.0,0.9504504504504504,0.0,1.0,1.0,1.0,1.0,1.0,0.0,0.0,-3.0517578125e-05,-3.0517578125e-05,-3.0517578125e-05,-3.0517578125e-05,-3.0517578125e-05,-3.0517578125e-05,J,0,2026-08-24_23-25-27,2026-08-24
0.0,1.0,0.9414414414414415,0.0,1.0,1.0,1.0,1.0,1.0,0.0,0.0,-3.0517578125e-05,-3.0517578125e-05,-3.0517578125e-05,-3.0517578125e-05,-3.0517578125e-05,-3.0517578125e-05,J,0,2026-08-24_23-25-27,2026-08-24
0.0,1.0,0.918918918918919,0.0,1.0,1.0,1.0,1.0,1.0,0.0,0.0,-3.0517578125e-05,-3.0517578125e-05,-3.0517578125e-05,-3.0517578125e-05,-3.0517578125e-05,-3.0517578125e-05,J,0,2026-08-24_23-25-27,2026-08-24
0.0,1.0,0.9391891891891891,0.0,1.0,1.0,1.0,1.0,1.0,0.0,0.0,-3.0517578125e-05,-3.0517578125e-05,-3.0517578125e-05,-3.0517578125e-05,-3.0517578125e-05,-3.0517578125e-05,J,0,2026-08-24_23-25-27,2026-08-24
0.0,1.0,0.9481981981981982,0.0,1.0,1.0,1.0,1.0,1.0,0.0,0.0,-3.0517578125e-05,-3.0517578125e-05,-3.0517578125e-05,-3.0517578125e-05,-3.0517578125e-05,-3.0517578125e-05,J,0,2026-08-24_23-25-27,2026-08-24
0.0,1.0,0.9279279279279279,0.0,1.0,1.0,1.0,1.0,1.0,0.0,0.0,-3.0517578125e-05,-3.0517578125e-05,-3.0517578125e-05,-3.0517578125e-05,-3.0517578125e-05,-3.0517578125e-05,J,0,2026-08-24_23-25-27,2026-08-24
0.0,1.0,0.9617117117117117,0.0,1.0,1.0,1.0,1.0,1.0,0.0,0.0,-3.0517578125e-05,-3.0517578125e-05,-3.0517578125e-05,-3.0517578125e-05,-3.0517578125e-05,-3.0517578125e-05,J,0,2026-08-24_23-25-27,2026-08-24
0.0,1.0,0.9369369369369369,0.0,1.0,1.0,1.0,1.0,1.0,0.0,0.0,-3.0517578125e-05,-3.0517578125e-05,-3.0517578125e-05,-3.0517578125e-05,-3.0517578125e-05,-3.0517578125e-05,J,0,2026-08-24_23-25-27,2026-08-24
0.0,1.0,0.9436936936936937,0.0,1.0,1.0,1.0,1.0,1.0,0.0,0.0,-3.0517578125e-05,-3.0517578125e-05,-3.0517578125e-05,-3.0517578125e-05,-3.0517578125e-05,-3.0517578125e-05,J,0,2026-08-24_23-25-27,2026-08-24
0.0,1.0,0.9481981981981982,0.0,1.0,1.0,1.0,1.0,1.0,0.0,0.0,-3.0517578125e-05,-3.0517578125e-05,-3.0517578125e-05,-3.0517578125e-05,-3.0517578125e-05,-3.0517578125e-05,J,0,2026-08-24_23-25-27,2026-08-24
0.0,1.0,0.9414414414414415,0.0,1.0,1.0,1.0,1.0,1.0,0.0,0.0,-3.0517578125e-05,-3.0517578125e-05,-3.0517578125e-05,-3.0517578125e-05,-3.0517578125e-05,-3.0517578125e-05,J,0,2026-08-24_23-25-27,2026-08-24
0.031487513572204126,0.9505129752564876,0.8355855855855856,0.3172043010752688,1.0,1.0,1.0,1.0,1.0,0.0,1.0,-3.0517578125e-05,-3.0517578125e-05,-3.0517578125e-05,-3.0517578125e-05,-3.0517578125e-05,-3.0517578125e-05,J,1,2026-08-24_23-25-27,2026-08-24
0.0329352153456388,0.9674109837054918,0.8671171171171171,0.34946236559139787,0.8789808917197452,1.0,1.0,1.0,1.0,0.0,1.0,-3.0517578125e-05,-3.0517578125e-05,-3.0517578125e-05,-3.0517578125e-05,-3.0517578125e-05,-3.0517578125e-05,J,1,2026-08-24_23-25-27,2026-08-24
0.03221136445892146,0.9625829812914907,0.8851351351351351,0.3118279569892473,0.9299363057324841,1.0,1.0,1.0,1.0,0.0,1.0,-3.0517578125e-05,-3.0517578125e-05,-3.0517578125e-05,-3.0517578125e-05,-3.0517578125e-05,-3.0517578125e-05,J,1,2026-08-24_23-25-27,2026-08-24
0.033659066232356136,0.9553409776704889,0.8243243243243243,0.2903225806451613,1.0,1.0,1.0,1.0,1.0,0.0,1.0,-3.0517578125e-05,-3.0517578125e-05,-3.0517578125e-05,-3.0517578125e-05,-3.0517578125e-05,-3.0517578125e-05,J,1,2026-08-24_23-25-27,2026-08-24
0.03076366268548679,0.9529269764634882,0.8333333333333334,0.27419354838709675,0.9554140127388535,1.0,1.0,1.0,1.0,0.0,1.0,-3.0517578125e-05,-3.0517578125e-05,-3.0517578125e-05,-3.0517578125e-05,-3.0517578125e-05,-3.0517578125e-05,J,1,2026-08-24_23-25-27,2026-08-24
0.038002171552660155,0.96016898008449,0.8198198198198198,0.25806451612903225,1.0,1.0,1.0,1.0,1.0,0.0,1.0,-3.0517578125e-05,-3.0517578125e-05,-3.0517578125e-05,-3.0517578125e-05,-3.0517578125e-05,-3.0517578125e-05,J,1,2026-08-24_23-25-27,2026-08-24
0.02859211002533478,0.9529269764634882,0.8288288288288288,0.25806451612903225,0.9426751592356688,1.0,1.0,1.0,1.0,0.0,1.0,-3.0517578125e-05,-3.0517578125e-05,-3.0517578125e-05,-3.0517578125e-05,-3.0517578125e-05,-3.0517578125e-05,J,1,2026-08-24_23-25-27,2026-08-24
0.033659066232356136,0.9565479782739892,0.8626126126126126,0.22043010752688172,1.0,1.0,1.0,1.0,1.0,0.0,1.0,-3.0517578125e-05,-3.0517578125e-05,-3.0517578125e-05,-3.0517578125e-05,-3.0517578125e-05,-3.0517578125e-05,J,1,2026-08-24_23-25-27,2026-08-24
0.03221136445892146,0.963789981894991,0.8626126126126126,0.2903225806451613,1.0,1.0,1.0,1.0,1.0,0.0,1.0,-3.0517578125e-05,-3.0517578125e-05,-3.0517578125e-05,-3.0517578125e-05,-3.0517578125e-05,-3.0517578125e-05,J,1,2026-08-24_23-25-27,2026-08-24
0.025696706478465437,0.9565479782739892,0.8333333333333334,0.22580645161290322,1.0,1.0,1.0,1.0,1.0,0.0,1.0,-3.0517578125e-05,-3.0517578125e-05,-3.0517578125e-05,-3.0517578125e-05,-3.0517578125e-05,-3.0517578125e-05,J,1,2026-08-24_23-25-27,2026-08-24
0.031487513572204126,0.9565479782739892,0.831081081081081,0.23118279569892472,0.9299363057324841,1.0,1.0,1.0,1.0,0.0,1.0,-3.0517578125e-05,-3.0517578125e-05,-3.0517578125e-05,-3.0517578125e-05,-3.0517578125e-05,-3.0517578125e-05,J,1,2026-08-24_23-25-27,2026-08-24
0.033659066232356136,0.9432709716354858,0.8581081081081081,0.3172043010752688,1.0,1.0,1.0,1.0,1.0,0.0,1.0,-3.0517578125e-05,-3.0517578125e-05,-3.0517578125e-05,-3.0517578125e-05,-3.0517578125e-05,-3.0517578125e-05,J,1,2026-08-24_23-25-27,2026-08-24
0.03076366268548679,0.9505129752564876,0.8536036036036037,0.24731182795698925,0.9808917197452229,1.0,1.0,1.0,1.0,0.0,1.0,-3.0517578125e-05,-3.0517578125e-05,-3.0517578125e-05,-3.0517578125e-05,-3.0517578125e-05,-3.0517578125e-05,J,1,2026-08-24_23-25-27,2026-08-24
0.025696706478465437,0.9577549788774894,0.8333333333333334,0.26344086021505375,0.9426751592356688,1.0,1.0,1.0,1.0,0.0,1.0,-3.0517578125e-05,-3.0517578125e-05,-3.0517578125e-05,-3.0517578125e-05,-3.0517578125e-05,-3.0517578125e-05,J,1,2026-08-24_23-25-27,2026-08-24
0.024249004705030764,0.9529269764634882,0.8288288288288288,0.27956989247311825,0.9299363057324841,1.0,1.0,1.0,1.0,0.0,1.0,-3.0517578125e-05,-3.0517578125e-05,-3.0517578125e-05,-3.0517578125e-05,-3.0517578125e-05,-3.0517578125e-05,J,1,2026-08-24_23-25-27,2026-08-24
0.030039811798769453,0.9420639710319855,0.8288288288288288,0.24193548387096775,1.0,1.0,1.0,1.0,1.0,0.0,1.0,-3.0517578125e-05,-3.0517578125e-05,-3.0517578125e-05,-3.0517578125e-05,-3.0517578125e-05,-3.0517578125e-05,J,1,2026-08-24_23-25-27,2026-08-24
0.0329352153456388,0.9662039831019915,0.8445945945945946,0.23655913978494625,0.8407643312101911,1.0,1.0,1.0,1.0,0.0,1.0,-3.0517578125e-05,-3.0517578125e-05,-3.0517578125e-05,-3.0517578125e-05,-3.0517578125e-05,-3.0517578125e-05,J,1,2026-08-24_23-25-27,2026-08-24
0.026420557365182774,0.96016898008449,0.8671171171171171,0.22580645161290322,0.9936305732484076,1.0,1.0,1.0,1.0,0.0,1.0,-3.0517578125e-05,-3.0517578125e-05,-3.0517578125e-05,-3.0517578125e-05,-3.0517578125e-05,-3.0517578125e-05,J,1,2026-08-24_23-25-27,2026-08-24
0.024249004705030764,0.9444779722389861,0.8558558558558559,0.21505376344086022,0.9936305732484076,1.0,1.0,1.0,1.0,0.0,1.0,-3.0517578125e-05,-3.0517578125e-05,-3.0517578125e-05,-3.0517578125e-05,-3.0517578125e-05,-3.0517578125e-05,J,1,2026-08-24_23-25-27,2026-08-24
0.030039811798769453,0.9493059746529873,0.8400900900900901,0.2956989247311828,1.0,1.0,1.0,1.0,1.0,0.0,1.0,-3.0517578125e-05,-3.0517578125e-05,-3.0517578125e-05,-3.0517578125e-05,-3.0517578125e-05,-3.0517578125e-05,J,1,2026-08-24_23-25-27,2026-08-24
0.024249004705030764,0.9625829812914907,0.8468468468468469,0.14516129032258066,0.9554140127388535,1.0,1.0,1.0,1.0,0.0,1.0,-3.0517578125e-05,-3.0517578125e-05,-3.0517578125e-05,-3.0517578125e-05,-3.0517578125e-05,-3.0517578125e-05,J,1,2026-08-24_23-25-27,2026-08-24
0.026420557365182774,0.9553409776704889,0.8400900900900901,0.23118279569892472,1.0,1.0,1.0,1.0,1.0,0.0,1.0,-3.0517578125e-05,-3.0517578125e-05,-3.0517578125e-05,-3.0517578125e-05,-3.0517578125e-05,-3.0517578125e-05,J,1,2026-08-24_23-25-27,2026-08-24
0.022077452044878754,0.96016898008449,0.8423423423423423,0.15591397849462366,0.9936305732484076,1.0,1.0,1.0,1.0,0.0,1.0,-3.0517578125e-05,-3.0517578125e-05,-3.0517578125e-05,-3.0517578125e-05,-3.0517578125e-05,-3.0517578125e-05,J,1,2026-08-24_23-25-27,2026-08-24
0.02062975027144408,0.9493059746529873,0.8198198198198198,0.16129032258064516,1.0,1.0,1.0,1.0,1.0,0.0,1.0,-3.0517578125e-05,-3.0517578125e-05,-3.0517578125e-05,-3.0517578125e-05,-3.0517578125e-05,-3.0517578125e-05,J,1,2026-08-24_23-25-27,2026-08-24
0.018458197611292075,0.9794809897404949,0.8603603603603603,0.22580645161290322,0.9936305732484076,1.0,1.0,1.0,1.0,0.0,1.0,-3.0517578125e-05,-3.0517578125e-05,-3.0517578125e-05,-3.0517578125e-05,-3.0517578125e-05,-3.0517578125e-05,J,1,2026-08-24_23-25-27,2026-08-24
0.014838943177705392,1.0,0.831081081081081,0.1774193548387097,1.0,1.0,1.0,1.0,1.0,0.0,1.0,-3.0517578125e-05,-3.0517578125e-05,-3.0517578125e-05,-3.0517578125e-05,-3.0517578125e-05,-3.0517578125e-05,J,1,2026-08-24_23-25-27,2026-08-24
0.022077452044878754,0.9831019915509958,0.795045045045045,0.16129032258064516,0.89171974522293,1.0,1.0,1.0,1.0,0.0,1.0,-3.0517578125e-05,-3.0517578125e-05,-3.0517578125e-05,-3.0517578125e-05,-3.0517578125e-05,-3.0517578125e-05,J,1,2026-08-24_23-25-27,2026-08-24
0.02280130293159609,1.0,0.8536036036036037,0.26344086021505375,1.0,1.0,1.0,1.0,1.0,0.0,1.0,-3.0517578125e-05,-3.0517578125e-05,-3.0517578125e-05,-3.0517578125e-05,-3.0517578125e-05,-3.0517578125e-05,J,1,2026-08-24_23-25-27,2026-08-24
0.029315960912052116,1.0,0.8333333333333334,0.22580645161290322,1.0,1.0,1.0,1.0,1.0,0.0,1.0,-3.0517578125e-05,-3.0517578125e-05,-3.0517578125e-05,-3.0517578125e-05,-3.0517578125e-05,-3.0517578125e-05,J,1,2026-08-24_23-25-27,2026-08-24
0.018458197611292075,1.0,0.8626126126126126,0.16129032258064516,0.8789808917197452,1.0,1.0,1.0,1.0,0.0,1.0,-3.0517578125e-05,-3.0517578125e-05,-3.0517578125e-05,-3.0517578125e-05,-3.0517578125e-05,-3.0517578125e-05,J,1,2026-08-24_23-25-27,2026-08-24
0.019905899384726745,1.0,0.8671171171171171,0.23655913978494625,1.0,1.0,1.0,1.0,1.0,0.0,1.0,-3.0517578125e-05,-3.0517578125e-05,-3.0517578125e-05,-3.0517578125e-05,-3.0517578125e-05,-3.0517578125e-05,J,1,2026-08-24_23-25-27,2026-08-24
0.02062975027144408,1.0,0.8333333333333334,0.1827956989247312,1.0,1.0,1.0,1.0,1.0,0.0,1.0,-3.0517578125e-05,-3.0517578125e-05,-3.0517578125e-05,-3.0517578125e-05,-3.0517578125e-05,-3.0517578125e-05,J,1,2026-08-24_23-25-27,2026-08-24
0.010495837857401375,0.9951719975859988,0.831081081081081,0.24193548387096775,1.0,1.0,1.0,1.0,1.0,0.0,1.0,-3.0517578125e-05,-3.0517578125e-05,-3.0517578125e-05,-3.0517578125e-05,-3.0517578125e-05,-3.0517578125e-05,J,1,2026-08-24_23-25-27,2026-08-24
0.02062975027144408,1.0,0.8423423423423423,0.17204301075268819,0.9936305732484076,1.0,1.0,1.0,1.0,0.0,1.0,-3.0517578125e-05,-3.0517578125e-05,-3.0517578125e-05,-3.0517578125e-05,-3.0517578125e-05,-3.0517578125e-05,J,1,2026-08-24_23-25-27,2026-08-24
0.01918204849800941,0.9987929993964997,0.8355855855855856,0.23118279569892472,0.9681528662420382,1.0,1.0,1.0,1.0,0.0,1.0,-3.0517578125e-05,-3.0517578125e-05,-3.0517578125e-05,-3.0517578125e-05,-3.0517578125e-05,-3.0517578125e-05,J,1,2026-08-24_23-25-27,2026-08-24
0.02714440825190011,0.9867229933614967,0.831081081081081,0.24193548387096775,1.0,1.0,1.0,1.0,1.0,0.0,1.0,-3.0517578125e-05,-3.0517578125e-05,-3.0517578125e-05,-3.0517578125e-05,-3.0517578125e-05,-3.0517578125e-05,J,1,2026-08-24_23-25-27,2026-08-24
0.021353601158161418,0.996378998189499,0.8288288288288288,0.26344086021505375,1.0,1.0,1.0,1.0,1.0,0.0,1.0,-3.0517578125e-05,-3.0517578125e-05,-3.0517578125e-05,-3.0517578125e-05,-3.0517578125e-05,-3.0517578125e-05,J,1,2026-08-24_23-25-27,2026-08-24
0.022077452044878754,0.9987929993964997,0.8265765765765766,0.22580645161290322,0.9426751592356688,1.0,1.0,1.0,1.0,0.0,1.0,-3.0517578125e-05,-3.0517578125e-05,-3.0517578125e-05,-3.0517578125e-05,-3.0517578125e-05,-3.0517578125e-05,J,1,2026-08-24_23-25-27,2026-08-24
0.023525153818313427,0.9867229933614967,0.8220720720720721,0.23118279569892472,0.9299363057324841,1.0,1.0,1.0,1.0,0.0,1.0,-3.0517578125e-05,-3.0517578125e-05,-3.0517578125e-05,-3.0517578125e-05,-3.0517578125e-05,-3.0517578125e-05,J,1,2026-08-24_23-25-27,2026-08-24
0.01918204849800941,0.9939649969824985,0.831081081081081,0.22580645161290322,1.0,1.0,1.0,1.0,1.0,0.0,1.0,-3.0517578125e-05,-3.0517578125e-05,-3.0517578125e-05,-3.0517578125e-05,-3.0517578125e-05,-3.0517578125e-05,J,1,2026-08-24_23-25-27,2026-08-24
0.006876583423814694,0.9070609535304768,0.9054054054054054,0.0,1.0,1.0,1.0,1.0,1.0,1.0,0.0,-3.0517578125e-05,-3.0517578125e-05,-3.0517578125e-05,-3.0517578125e-05,-3.0517578125e-05,-3.0517578125e-05,J,2,2026-08-24_23-25-27,2026-08-24
0.008324285197249367,0.9143029571514786,0.9459459459459459,0.0,1.0,1.0,1.0,1.0,1.0,1.0,0.0,-3.0517578125e-05,-3.0517578125e-05,-3.0517578125e-05,-3.0517578125e-05,-3.0517578125e-05,-3.0517578125e-05,J,2,2026-08-24_23-25-27,2026-08-24
0.013391241404270721,0.9384429692214846,0.9144144144144144,0.0,1.0,1.0,1.0,1.0,1.0,1.0,0.0,-3.0517578125e-05,-3.0517578125e-05,-3.0517578125e-05,-3.0517578125e-05,-3.0517578125e-05,-3.0517578125e-05,J,2,2026-08-24_23-25-27,2026-08-24
0.018458197611292075,1.0,0.9279279279279279,0.0,1.0,1.0,1.0,1.0,1.0,1.0,0.0,-3.0517578125e-05,-3.0517578125e-05,-3.0517578125e-05,-3.0517578125e-05,-3.0517578125e-05,-3.0517578125e-05,J,2,2026-08-24_23-25-27,2026-08-24
0.02062975027144408,1.0,0.9234234234234234,0.0,1.0,1.0,1.0,1.0,1.0,1.0,0.0,-3.0517578125e-05,-3.0517578125e-05,-3.0517578125e-05,-3.0517578125e-05,-3.0517578125e-05,-3.0517578125e-05,J,2,2026-08-24_23-25-27,2026-08-24
0.017010495837857402,0.9770669885334943,0.9099099099099099,0.0,1.0,1.0,1.0,1.0,1.0,1.0,0.0,-3.0517578125e-05,-3.0517578125e-05,-3.0517578125e-05,-3.0517578125e-05,-3.0517578125e-05,-3.0517578125e-05,J,2,2026-08-24_23-25-27,2026-08-24
0.013391241404270721,0.9806879903439951,0.9279279279279279,0.0,1.0,1.0,1.0,1.0,1.0,1.0,0.0,-3.0517578125e-05,-3.0517578125e-05,-3.0517578125e-05,-3.0517578125e-05,-3.0517578125e-05,-3.0517578125e-05,J,2,2026-08-24_23-25-27,2026-08-24
0.019905899384726745,0.975859987929994,0.9076576576576577,0.0,1.0,1.0,1.0,1.0,1.0,1.0,0.0,-3.0517578125e-05,-3.0517578125e-05,-3.0517578125e-05,-3.0517578125e-05,-3.0517578125e-05,-3.0517578125e-05,J,2,2026-08-24_23-25-27,2026-08-24
0.01773434672457474,0.9831019915509958,0.918918918918919,0.0,1.0,1.0,1.0,1.0,1.0,1.0,0.0,-3.0517578125e-05,-3.0517578125e-05,-3.0517578125e-05,-3.0517578125e-05,-3.0517578125e-05,-3.0517578125e-05,J,2,2026-08-24_23-25-27,2026-08-24
0.02062975027144408,0.9722389861194931,0.8918918918918919,0.0,1.0,1.0,1.0,1.0,1.0,1.0,0.0,-3.0517578125e-05,-3.0517578125e-05,-3.0517578125e-05,-3.0517578125e-05,-3.0517578125e-05,-3.0517578125e-05,J,2,2026-08-24_23-25-27,2026-08-24
0.022077452044878754,0.9746529873264936,0.9211711711711712,0.0,1.0,1.0,1.0,1.0,1.0,1.0,0.0,-3.0517578125e-05,-3.0517578125e-05,-3.0517578125e-05,-3.0517578125e-05,-3.0517578125e-05,-3.0517578125e-05,J,2,2026-08-24_23-25-27,2026-08-24
0.024249004705030764,0.9674109837054918,0.9391891891891891,0.0,1.0,1.0,1.0,1.0,1.0,1.0,0.0,-3.0517578125e-05,-3.0517578125e-05,-3.0517578125e-05,-3.0517578125e-05,-3.0517578125e-05,-3.0517578125e-05,J,2,2026-08-24_23-25-27,2026-08-24
0.025696706478465437,0.9831019915509958,0.9099099099099099,0.0,1.0,1.0,1.0,1.0,1.0,1.0,0.0,-3.0517578125e-05,-3.0517578125e-05,-3.0517578125e-05,-3.0517578125e-05,-3.0517578125e-05,-3.0517578125e-05,J,2,2026-08-24_23-25-27,2026-08-24
0.029315960912052116,0.9806879903439951,0.9256756756756757,0.0,1.0,1.0,1.0,1.0,1.0,1.0,0.0,-3.0517578125e-05,-3.0517578125e-05,-3.0517578125e-05,-3.0517578125e-05,-3.0517578125e-05,-3.0517578125e-05,J,2,2026-08-24_23-25-27,2026-08-24
0.029315960912052116,0.9831019915509958,0.9279279279279279,0.0,1.0,1.0,1.0,1.0,1.0,1.0,0.0,-3.0517578125e-05,-3.0517578125e-05,-3.0517578125e-05,-3.0517578125e-05,-3.0517578125e-05,-3.0517578125e-05,J,2,2026-08-24_23-25-27,2026-08-24
0.030039811798769453,0.9867229933614967,0.9076576576576577,0.0,1.0,1.0,1.0,1.0,1.0,1.0,0.0,-3.0517578125e-05,-3.0517578125e-05,-3.0517578125e-05,-3.0517578125e-05,-3.0517578125e-05,-3.0517578125e-05,J,2,2026-08-24_23-25-27,2026-08-24
0.030039811798769453,0.9794809897404949,0.9166666666666666,0.0,1.0,1.0,1.0,1.0,1.0,1.0,0.0,-3.0517578125e-05,-3.0517578125e-05,-3.0517578125e-05,-3.0517578125e-05,-3.0517578125e-05,-3.0517578125e-05,J,2,2026-08-24_23-25-27,2026-08-24
0.03221136445892146,1.0,0.9076576576576577,0.0,1.0,1.0,1.0,1.0,1.0,1.0,0.0,-3.0517578125e-05,-3.0517578125e-05,-3.0517578125e-05,-3.0517578125e-05,-3.0517578125e-05,-3.0517578125e-05,J,2,2026-08-24_23-25-27,2026-08-24
0.031487513572204126,1.0,0.9279279279279279,0.0,1.0,1.0,1.0,1.0,1.0,1.0,0.0,-3.0517578125e-05,-3.0517578125e-05,-3.0517578125e-05,-3.0517578125e-05,-3.0517578125e-05,-3.0517578125e-05,J,2,2026-08-24_23-25-27,2026-08-24
0.026420557365182774,0.996378998189499,0.9301801801801802,0.0,1.0,1.0,1.0,1.0,1.0,1.0,0.0,-3.0517578125e-05,-3.0517578125e-05,-3.0517578125e-05,-3.0517578125e-05,-3.0517578125e-05,-3.0517578125e-05,J,2,2026-08-24_23-25-27,2026-08-24
0.033659066232356136,1.0,0.9099099099099099,0.0,1.0,1.0,1.0,1.0,1.0,1.0,0.0,-3.0517578125e-05,-3.0517578125e-05,-3.0517578125e-05,-3.0517578125e-05,-3.0517578125e-05,-3.0517578125e-05,J,2,2026-08-24_23-25-27,2026-08-24
0.033659066232356136,1.0,0.9099099099099099,0.0,1.0,1.0,1.0,1.0,1.0,1.0,0.0,-3.0517578125e-05,-3.0517578125e-05,-3.0517578125e-05,-3.0517578125e-05,-3.0517578125e-05,-3.0517578125e-05,J,2,2026-08-24_23-25-27,2026-08-24
0.031487513572204126,1.0,0.9211711711711712,0.0,1.0,1.0,1.0,1.0,1.0,1.0,0.0,-3.0517578125e-05,-3.0517578125e-05,-3.0517578125e-05,-3.0517578125e-05,-3.0517578125e-05,-3.0517578125e-05,J,2,2026-08-24_23-25-27,2026-08-24
0.04596453130655085,1.0,0.9279279279279279,0.0,1.0,1.0,1.0,1.0,1.0,1.0,0.0,-3.0517578125e-05,-3.0517578125e-05,-3.0517578125e-05,-3.0517578125e-05,-3.0517578125e-05,-3.0517578125e-05,J,2,2026-08-24_23-25-27,2026-08-24
0.03655446977922548,1.0,0.9301801801801802,0.0,1.0,1.0,1.0,1.0,1.0,1.0,0.0,-3.0517578125e-05,-3.0517578125e-05,-3.0517578125e-05,-3.0517578125e-05,-3.0517578125e-05,-3.0517578125e-05,J,2,2026-08-24_23-25-27,2026-08-24
0.03510676800579081,1.0,0.9324324324324325,0.0,1.0,1.0,1.0,1.0,1.0,1.0,0.0,-3.0517578125e-05,-3.0517578125e-05,-3.0517578125e-05,-3.0517578125e-05,-3.0517578125e-05,-3.0517578125e-05,J,2,2026-08-24_23-25-27,2026-08-24
0.03438291711907347,1.0,0.9166666666666666,0.0,1.0,1.0,1.0,1.0,1.0,1.0,0.0,-3.0517578125e-05,-3.0517578125e-05,-3.0517578125e-05,-3.0517578125e-05,-3.0517578125e-05,-3.0517578125e-05,J,2,2026-08-24_23-25-27,2026-08-24
0.03221136445892146,1.0,0.9166666666666666,0.0,1.0,1.0,1.0,1.0,1.0,1.0,0.0,-3.0517578125e-05,-3.0517578125e-05,-3.0517578125e-05,-3.0517578125e-05,-3.0517578125e-05,-3.0517578125e-05,J,2,2026-08-24_23-25-27,2026-08-24
0.03510676800579081,1.0,0.9459459459459459,0.0,1.0,1.0,1.0,1.0,1.0,1.0,0.0,-3.0517578125e-05,-3.0517578125e-05,-3.0517578125e-05,-3.0517578125e-05,-3.0517578125e-05,-3.0517578125e-05,J,2,2026-08-24_23-25-27,2026-08-24
0.04162142598624683,1.0,0.9076576576576577,0.0,1.0,1.0,1.0,1.0,1.0,1.0,0.0,-3.0517578125e-05,-3.0517578125e-05,-3.0517578125e-05,-3.0517578125e-05,-3.0517578125e-05,-3.0517578125e-05,J,2,2026-08-24_23-25-27,2026-08-24
0.040897575099529494,1.0,0.9031531531531531,0.0,1.0,1.0,1.0,1.0,1.0,1.0,0.0,-3.0517578125e-05,-3.0517578125e-05,-3.0517578125e-05,-3.0517578125e-05,-3.0517578125e-05,-3.0517578125e-05,J,2,2026-08-24_23-25-27,2026-08-24
0.03944987332609482,1.0,0.9054054054054054,0.0,1.0,1.0,1.0,1.0,1.0,1.0,0.0,-3.0517578125e-05,-3.0517578125e-05,-3.0517578125e-05,-3.0517578125e-05,-3.0517578125e-05,-3.0517578125e-05,J,2,2026-08-24_23-25-27,2026-08-24
0.03655446977922548,1.0,0.9099099099099099,0.0,1.0,1.0,1.0,1.0,1.0,1.0,0.0,-3.0517578125e-05,-3.0517578125e-05,-3.0517578125e-05,-3.0517578125e-05,-3.0517578125e-05,-3.0517578125e-05,J,2,2026-08-24_23-25-27,2026-08-24
0.04596453130655085,1.0,0.9211711711711712,0.0,1.0,1.0,1.0,1.0,1.0,1.0,0.0,-3.0517578125e-05,-3.0517578125e-05,-3.0517578125e-05,-3.0517578125e-05,-3.0517578125e-05,-3.0517578125e-05,J,2,2026-08-24_23-25-27,2026-08-24
0.038002171552660155,1.0,0.9099099099099099,0.0,1.0,1.0,1.0,1.0,1.0,1.0,0.0,-3.0517578125e-05,-3.0517578125e-05,-3.0517578125e-05,-3.0517578125e-05,-3.0517578125e-05,-3.0517578125e-05,J,2,2026-08-24_23-25-27,2026-08-24
0.04379297864639884,1.0,0.9054054054054054,0.0,1.0,1.0,1.0,1.0,1.0,1.0,0.0,-3.0517578125e-05,-3.0517578125e-05,-3.0517578125e-05,-3.0517578125e-05,-3.0517578125e-05,-3.0517578125e-05,J,2,2026-08-24_23-25-27,2026-08-24
0.04379297864639884,1.0,0.9054054054054054,0.0,1.0,1.0,1.0,1.0,1.0,1.0,0.0,-3.0517578125e-05,-3.0517578125e-05,-3.0517578125e-05,-3.0517578125e-05,-3.0517578125e-05,-3.0517578125e-05,J,2,2026-08-24_23-25-27,2026-08-24
0.033659066232356136,1.0,0.918918918918919,0.0,1.0,1.0,1.0,1.0,1.0,1.0,0.0,-3.0517578125e-05,-3.0517578125e-05,-3.0517578125e-05,-3.0517578125e-05,-3.0517578125e-05,-3.0517578125e-05,J,2,2026-08-24_23-25-27,2026-08-24
0.045240680419833514,1.0,0.9054054054054054,0.0,1.0,1.0,1.0,1.0,1.0,1.0,0.0,-3.0517578125e-05,-3.0517578125e-05,-3.0517578125e-05,-3.0517578125e-05,-3.0517578125e-05,-3.0517578125e-05,J,2,2026-08-24_23-25-27,2026-08-24
0.04379297864639884,1.0,0.9121621621621622,0.0,1.0,1.0,1.0,1.0,1.0,1.0,0.0,-3.0517578125e-05,-3.0517578125e-05,-3.0517578125e-05,-3.0517578125e-05,-3.0517578125e-05,-3.0517578125e-05,J,2,2026-08-24_23-25-27,2026-08-24
0.09156713716974303,0.9541339770669885,0.9054054054054054,0.0,1.0,1.0,1.0,1.0,1.0,0.0,0.0,-3.0517578125e-05,-3.0517578125e-05,-3.0517578125e-05,-3.0517578125e-05,-3.0517578125e-05,-3.0517578125e-05,J,3,2026-08-24_23-25-27,2026-08-24
0.0908432862830257,0.9589619794809897,0.9346846846846847,0.0,1.0,1.0,1.0,1.0,1.0,0.0,0.0,-3.0517578125e-05,-3.0517578125e-05,-3.0517578125e-05,-3.0517578125e-05,-3.0517578125e-05,-3.0517578125e-05,J,3,2026-08-24_23-25-27,2026-08-24
0.08432862830256967,0.9541339770669885,0.9211711711711712,0.0,1.0,1.0,1.0,1.0,1.0,0.0,0.0,-3.0517578125e-05,-3.0517578125e-05,-3.0517578125e-05,-3.0517578125e-05,-3.0517578125e-05,-3.0517578125e-05,J,3,2026-08-24_23-25-27,2026-08-24
0.09156713716974303,0.963789981894991,0.9369369369369369,0.0,1.0,1.0,1.0,1.0,1.0,0.0,0.0,-3.0517578125e-05,-3.0517578125e-05,-3.0517578125e-05,-3.0517578125e-05,-3.0517578125e-05,-3.0517578125e-05,J,3,2026-08-24_23-25-27,2026-08-24
0.09229098805646037,0.9577549788774894,0.9166666666666666,0.0,1.0,1.0,1.0,1.0,1.0,0.0,0.0,-3.0517578125e-05,-3.0517578125e-05,-3.0517578125e-05,-3.0517578125e-05,-3.0517578125e-05,-3.0517578125e-05,J,3,2026-08-24_23-25-27,2026-08-24
0.09011943539630836,0.9480989740494871,0.9369369369369369,0.0,1.0,1.0,1.0,1.0,1.0,0.0,0.0,-3.0517578125e-05,-3.0517578125e-05,-3.0517578125e-05,-3.0517578125e-05,-3.0517578125e-05,-3.0517578125e-05,J,3,2026-08-24_23-25-27,2026-08-24
0.09011943539630836,1.0,0.9054054054054054,0.0,1.0,1.0,1.0,1.0,1.0,0.0,0.0,-3.0517578125e-05,-3.0517578125e-05,-3.0517578125e-05,-3.0517578125e-05,-3.0517578125e-05,-3.0517578125e-05,J,3,2026-08-24_23-25-27,2026-08-24
0.09229098805646037,1.0,0.9346846846846847,0.0,1.0,1.0,1.0,1.0,1.0,0.0,0.0,-3.0517578125e-05,-3.0517578125e-05,-3.0517578125e-05,-3.0517578125e-05,-3.0517578125e-05,-3.0517578125e-05,J,3,2026-08-24_23-25-27,2026-08-24
0.08650018096272168,0.96016898008449,0.918918918918919,0.0,1.0,1.0,1.0,1.0,1.0,0.0,0.0,-3.0517578125e-05,-3.0517578125e-05,-3.0517578125e-05,-3.0517578125e-05,-3.0517578125e-05,-3.0517578125e-05,J,3,2026-08-24_23-25-27,2026-08-24
0.09011943539630836,0.9505129752564876,0.9121621621621622,0.0,1.0,1.0,1.0,1.0,1.0,0.0,0.0,-3.0517578125e-05,-3.0517578125e-05,-3.0517578125e-05,-3.0517578125e-05,-3.0517578125e-05,-3.0517578125e-05,J,3,2026-08-24_23-25-27,2026-08-24
0.0908432862830257,0.9589619794809897,0.9414414414414415,0.0,1.0,1.0,1.0,1.0,1.0,0.0,0.0,-3.0517578125e-05,-3.0517578125e-05,-3.0517578125e-05,-3.0517578125e-05,-3.0517578125e-05,-3.0517578125e-05,J,3,2026-08-24_23-25-27,2026-08-24
0.0908432862830257,0.9505129752564876,0.9369369369369369,0.0,1.0,1.0,1.0,1.0,1.0,0.0,0.0,-3.0517578125e-05,-3.0517578125e-05,-3.0517578125e-05,-3.0517578125e-05,-3.0517578125e-05,-3.0517578125e-05,J,3,2026-08-24_23-25-27,2026-08-24
0.08432862830256967,0.963789981894991,0.9391891891891891,0.0,1.0,1.0,1.0,1.0,1.0,0.0,0.0,-3.0517578125e-05,-3.0517578125e-05,-3.0517578125e-05,-3.0517578125e-05,-3.0517578125e-05,-3.0517578125e-05,J,3,2026-08-24_23-25-27,2026-08-24
0.08432862830256967,0.9541339770669885,0.9391891891891891,0.0,1.0,1.0,1.0,1.0,1.0,0.0,0.0,-3.0517578125e-05,-3.0517578125e-05,-3.0517578125e-05,-3.0517578125e-05,-3.0517578125e-05,-3.0517578125e-05,J,3,2026-08-24_23-25-27,2026-08-24
0.08577633007600434,0.96016898008449,0.9166666666666666,0.0,1.0,1.0,1.0,1.0,1.0,0.0,0.0,-3.0517578125e-05,-3.0517578125e-05,-3.0517578125e-05,-3.0517578125e-05,-3.0517578125e-05,-3.0517578125e-05,J,3,2026-08-24_23-25-27,2026-08-24
0.09011943539630836,0.96016898008449,0.9076576576576577,0.0,1.0,1.0,1.0,1.0,1.0,0.0,0.0,-3.0517578125e-05,-3.0517578125e-05,-3.0517578125e-05,-3.0517578125e-05,-3.0517578125e-05,-3.0517578125e-05,J,3,2026-08-24_23-25-27,2026-08-24
0.09156713716974303,0.963789981894991,0.918918918918919,0.0,1.0,1.0,1.0,1.0,1.0,0.0,0.0,-3.0517578125e-05,-3.0517578125e-05,-3.0517578125e-05,-3.0517578125e-05,-3.0517578125e-05,-3.0517578125e-05,J,3,2026-08-24_23-25-27,2026-08-24
0.08650018096272168,0.9577549788774894,0.9414414414414415,0.0,1.0,1.0,1.0,1.0,1.0,0.0,0.0,-3.0517578125e-05,-3.0517578125e-05,-3.0517578125e-05,-3.0517578125e-05,-3.0517578125e-05,-3.0517578125e-05,J,3,2026-08-24_23-25-27,2026-08-24
0.08794788273615635,0.96016898008449,0.9279279279279279,0.0,1.0,1.0,1.0,1.0,1.0,0.0,0.0,-3.0517578125e-05,-3.0517578125e-05,-3.0517578125e-05,-3.0517578125e-05,-3.0517578125e-05,-3.0517578125e-05,J,3,2026-08-24_23-25-27,2026-08-24
0.085052479189287,0.9529269764634882,0.9256756756756757,0.0,1.0,1.0,1.0,1.0,1.0,0.0,0.0,-3.0517578125e-05,-3.0517578125e-05,-3.0517578125e-05,-3.0517578125e-05,-3.0517578125e-05,-3.0517578125e-05,J,3,2026-08-24_23-25-27,2026-08-24
0.16974303293521534,0.9493059746529873,0.918918918918919,0.0,1.0,1.0,1.0,1.0,1.0,0.0,0.0,-3.0517578125e-05,-3.0517578125e-05,-3.0517578125e-05,-3.0517578125e-05,-3.0517578125e-05,-3.0517578125e-05,J,3,2026-08-24_23-25-27,2026-08-24
0.09229098805646037,0.9553409776704889,0.9076576576576577,0.0,1.0,1.0,1.0,1.0,1.0,0.0,0.0,-3.0517578125e-05,-3.0517578125e-05,-3.0517578125e-05,-3.0517578125e-05,-3.0517578125e-05,-3.0517578125e-05,J,3,2026-08-24_23-25-27,2026-08-24
0.09446254071661238,0.9468919734459867,0.9054054054054054,0.0,1.0,1.0,1.0,1.0,1.0,0.0,0.0,-3.0517578125e-05,-3.0517578125e-05,-3.0517578125e-05,-3.0517578125e-05,-3.0517578125e-05,-3.0517578125e-05,J,3,2026-08-24_23-25-27,2026-08-24
0.09808179515019906,0.9529269764634882,0.9414414414414415,0.0,1.0,1.0,1.0,1.0,1.0,0.0,0.0,-3.0517578125e-05,-3.0517578125e-05,-3.0517578125e-05,-3.0517578125e-05,-3.0517578125e-05,-3.0517578125e-05,J,3,2026-08-24_23-25-27,2026-08-24
0.09591024249004705,0.9480989740494871,0.9121621621621622,0.0,1.0,1.0,1.0,1.0,1.0,0.0,0.0,-3.0517578125e-05,-3.0517578125e-05,-3.0517578125e-05,-3.0517578125e-05,-3.0517578125e-05,-3.0517578125e-05,J,3,2026-08-24_23-25-27,2026-08-24
0.1429605501266739,0.96016898008449,0.9391891891891891,0.0,1.0,1.0,1.0,1.0,1.0,0.0,0.0,-3.0517578125e-05,-3.0517578125e-05,-3.0517578125e-05,-3.0517578125e-05,-3.0517578125e-05,-3.0517578125e-05,J,3,2026-08-24_23-25-27,2026-08-24
0.12631197973217517,0.9577549788774894,0.9459459459459459,0.0,1.0,1.0,1.0,1.0,1.0,0.0,0.0,-3.0517578125e-05,-3.0517578125e-05,-3.0517578125e-05,-3.0517578125e-05,-3.0517578125e-05,-3.0517578125e-05,J,3,2026-08-24_23-25-27,2026-08-24
0.1328266377126312,0.9505129752564876,0.9279279279279279,0.0,1.0,1.0,1.0,1.0,1.0,0.0,0.0,-3.0517578125e-05,-3.0517578125e-05,-3.0517578125e-05,-3.0517578125e-05,-3.0517578125e-05,-3.0517578125e-05,J,3,2026-08-24_23-25-27,2026-08-24
0.12631197973217517,0.9505129752564876,0.9279279279279279,0.0,1.0,1.0,1.0,1.0,1.0,0.0,0.0,-3.0517578125e-05,-3.0517578125e-05,-3.0517578125e-05,-3.0517578125e-05,-3.0517578125e-05,-3.0517578125e-05,J,3,2026-08-24_23-25-27,2026-08-24
0.12269272529858849,0.9505129752564876,0.9166666666666666,0.0,1.0,1.0,1.0,1.0,1.0,0.0,0.0,-3.0517578125e-05,-3.0517578125e-05,-3.0517578125e-05,-3.0517578125e-05,-3.0517578125e-05,-3.0517578125e-05,J,3,2026-08-24_23-25-27,2026-08-24
0.1111111111111111,0.96016898008449,0.9369369369369369,0.0,1.0,1.0,1.0,1.0,1.0,0.0,0.0,-3.0517578125e-05,-3.0517578125e-05,-3.0517578125e-05,-3.0517578125e-05,-3.0517578125e-05,-3.0517578125e-05,J,3,2026-08-24_23-25-27,2026-08-24
0.3586681143684401,1.0,0.9346846846846847,0.0,1.0,1.0,1.0,1.0,1.0,0.0,0.0,-3.0517578125e-05,-3.0517578125e-05,-3.0517578125e-05,-3.0517578125e-05,-3.0517578125e-05,-3.0517578125e-05,J,3,2026-08-24_23-25-27,2026-08-24
0.33695258776692,0.9480989740494871,0.9054054054054054,0.0,1.0,1.0,1.0,1.0,1.0,0.0,0.0,-3.0517578125e-05,-3.0517578125e-05,-3.0517578125e-05,-3.0517578125e-05,-3.0517578125e-05,-3.0517578125e-05,J,3,2026-08-24_23-25-27,2026-08-24
0.3333333333333333,0.9348219674109837,0.918918918918919,0.0,1.0,1.0,1.0,1.0,1.0,0.0,0.0,-3.0517578125e-05,-3.0517578125e-05,-3.0517578125e-05,-3.0517578125e-05,-3.0517578125e-05,-3.0517578125e-05,J,3,2026-08-24_23-25-27,2026-08-24
0.416576185305827,0.9505129752564876,0.9234234234234234,0.0,1.0,1.0,1.0,1.0,1.0,0.0,0.0,-3.0517578125e-05,-3.0517578125e-05,-3.0517578125e-05,-3.0517578125e-05,-3.0517578125e-05,-3.0517578125e-05,J,3,2026-08-24_23-25-27,2026-08-24
0.41368078175895767,0.9468919734459867,0.9324324324324325,0.0,1.0,1.0,1.0,1.0,1.0,0.0,0.0,-3.0517578125e-05,-3.0517578125e-05,-3.0517578125e-05,-3.0517578125e-05,-3.0517578125e-05,-3.0517578125e-05,J,3,2026-08-24_23-25-27,2026-08-24
0.41730003619254435,0.9505129752564876,0.9166666666666666,0.0,1.0,1.0,1.0,1.0,1.0,0.0,0.0,-3.0517578125e-05,-3.0517578125e-05,-3.0517578125e-05,-3.0517578125e-05,-3.0517578125e-05,-3.0517578125e-05,J,3,2026-08-24_23-25-27,2026-08-24
0.4223669923995657,0.9420639710319855,0.9211711711711712,0.0,1.0,1.0,1.0,1.0,1.0,0.0,0.0,-3.0517578125e-05,-3.0517578125e-05,-3.0517578125e-05,-3.0517578125e-05,-3.0517578125e-05,-3.0517578125e-05,J,3,2026-08-24_23-25-27,2026-08-24
0.42743394860658707,0.9468919734459867,0.9121621621621622,0.0,1.0,1.0,1.0,1.0,1.0,0.0,0.0,-3.0517578125e-05,-3.0517578125e-05,-3.0517578125e-05,-3.0517578125e-05,-3.0517578125e-05,-3.0517578125e-05,J,3,2026-08-24_23-25-27,2026-08-24
0.4223669923995657,0.9420639710319855,0.9031531531531531,0.0,1.0,1.0,1.0,1.0,1.0,0.0,0.0,-3.0517578125e-05,-3.0517578125e-05,-3.0517578125e-05,-3.0517578125e-05,-3.0517578125e-05,-3.0517578125e-05,J,3,2026-08-24_23-25-27,2026-08-24
0.11473036554469779,1.0,0.972972972972973,0.0,1.0,1.0,1.0,1.0,1.0,0.0,0.0,-3.0517578125e-05,-3.0517578125e-05,-3.0517578125e-05,-3.0517578125e-05,-3.0517578125e-05,-3.0517578125e-05,J,4,2026-08-24_23-25-27,2026-08-24
0.11473036554469779,0.9674109837054918,0.9752252252252253,0.0,1.0,1.0,1.0,1.0,1.0,0.0,0.0,-3.0517578125e-05,-3.0517578125e-05,-3.0517578125e-05,-3.0517578125e-05,-3.0517578125e-05,-3.0517578125e-05,J,4,2026-08-24_23-25-27,2026-08-24
0.11617806731813246,0.9649969824984912,0.9481981981981982,0.0,1.0,1.0,1.0,1.0,1.0,0.0,0.0,-3.0517578125e-05,-3.0517578125e-05,-3.0517578125e-05,-3.0517578125e-05,-3.0517578125e-05,-3.0517578125e-05,J,4,2026-08-24_23-25-27,2026-08-24
0.11328266377126311,0.9625829812914907,0.9527027027027027,0.0,1.0,1.0,1.0,1.0,1.0,0.0,0.0,-3.0517578125e-05,-3.0517578125e-05,-3.0517578125e-05,-3.0517578125e-05,-3.0517578125e-05,-3.0517578125e-05,J,4,2026-08-24_23-25-27,2026-08-24
0.10966340933767643,1.0,0.9774774774774775,0.0,1.0,1.0,1.0,1.0,1.0,0.0,0.0,-3.0517578125e-05,-3.0517578125e-05,-3.0517578125e-05,-3.0517578125e-05,-3.0517578125e-05,-3.0517578125e-05,J,4,2026-08-24_23-25-27,2026-08-24
0.11038726022439377,1.0,0.9459459459459459,0.0,1.0,1.0,1.0,1.0,1.0,0.0,0.0,-3.0517578125e-05,-3.0517578125e-05,-3.0517578125e-05,-3.0517578125e-05,-3.0517578125e-05,-3.0517578125e-05,J,4,2026-08-24_23-25-27,2026-08-24
0.11255881288454578,1.0,0.9504504504504504,0.0,1.0,1.0,1.0,1.0,1.0,0.0,0.0,-3.0517578125e-05,-3.0517578125e-05,-3.0517578125e-05,-3.0517578125e-05,-3.0517578125e-05,-3.0517578125e-05,J,4,2026-08-24_23-25-27,2026-08-24
0.10749185667752444,0.963789981894991,0.9572072072072072,0.0,1.0,1.0,1.0,1.0,1.0,0.0,0.0,-3.0517578125e-05,-3.0517578125e-05,-3.0517578125e-05,-3.0517578125e-05,-3.0517578125e-05,-3.0517578125e-05,J,4,2026-08-24_23-25-27,2026-08-24
0.10387260224393775,0.9589619794809897,0.954954954954955,0.0,1.0,1.0,1.0,1.0,1.0,0.0,0.0,-3.0517578125e-05,-3.0517578125e-05,-3.0517578125e-05,-3.0517578125e-05,-3.0517578125e-05,-3.0517578125e-05,J,4,2026-08-24_23-25-27,2026-08-24
0.10459645313065509,0.9734459867229933,0.9414414414414415,0.0,1.0,1.0,1.0,1.0,1.0,0.0,0.0,-3.0517578125e-05,-3.0517578125e-05,-3.0517578125e-05,-3.0517578125e-05,-3.0517578125e-05,-3.0517578125e-05,J,4,2026-08-24_23-25-27,2026-08-24
0.10387260224393775,0.9649969824984912,0.9414414414414415,0.0,1.0,1.0,1.0,1.0,1.0,0.0,0.0,-3.0517578125e-05,-3.0517578125e-05,-3.0517578125e-05,-3.0517578125e-05,-3.0517578125e-05,-3.0517578125e-05,J,4,2026-08-24_23-25-27,2026-08-24
0.10314875135722042,1.0,0.9504504504504504,0.0,1.0,1.0,1.0,1.0,1.0,0.0,0.0,-3.0517578125e-05,-3.0517578125e-05,-3.0517578125e-05,-3.0517578125e-05,-3.0517578125e-05,-3.0517578125e-05,J,4,2026-08-24_23-25-27,2026-08-24
0.10314875135722042,0.9565479782739892,0.9459459459459459,0.0,1.0,1.0,1.0,1.0,1.0,0.0,0.0,-3.0517578125e-05,-3.0517578125e-05,-3.0517578125e-05,-3.0517578125e-05,-3.0517578125e-05,-3.0517578125e-05,J,4,2026-08-24_23-25-27,2026-08-24
0.10314875135722042,1.0,0.9391891891891891,0.0,1.0,1.0,1.0,1.0,1.0,0.0,0.0,-3.0517578125e-05,-3.0517578125e-05,-3.0517578125e-05,-3.0517578125e-05,-3.0517578125e-05,-3.0517578125e-05,J,4,2026-08-24_23-25-27,2026-08-24
0.10314875135722042,1.0,0.9572072072072072,0.0,1.0,1.0,1.0,1.0,1.0,0.0,0.0,-3.0517578125e-05,-3.0517578125e-05,-3.0517578125e-05,-3.0517578125e-05,-3.0517578125e-05,-3.0517578125e-05,J,4,2026-08-24_23-25-27,2026-08-24
0.10532030401737243,1.0,0.954954954954955,0.0,1.0,1.0,1.0,1.0,1.0,0.0,0.0,-3.0517578125e-05,-3.0517578125e-05,-3.0517578125e-05,-3.0517578125e-05,-3.0517578125e-05,-3.0517578125e-05,J,4,2026-08-24_23-25-27,2026-08-24
0.10532030401737243,1.0,0.9662162162162162,0.0,1.0,1.0,1.0,1.0,1.0,0.0,0.0,-3.0517578125e-05,-3.0517578125e-05,-3.0517578125e-05,-3.0517578125e-05,-3.0517578125e-05,-3.0517578125e-05,J,4,2026-08-24_23-25-27,2026-08-24
0.10387260224393775,1.0,0.954954954954955,0.0,1.0,1.0,1.0,1.0,1.0,0.0,0.0,-3.0517578125e-05,-3.0517578125e-05,-3.0517578125e-05,-3.0517578125e-05,-3.0517578125e-05,-3.0517578125e-05,J,4,2026-08-24_23-25-27,2026-08-24
0.10966340933767643,1.0,0.9481981981981982,0.0,1.0,1.0,1.0,1.0,1.0,0.0,0.0,-3.0517578125e-05,-3.0517578125e-05,-3.0517578125e-05,-3.0517578125e-05,-3.0517578125e-05,-3.0517578125e-05,J,4,2026-08-24_23-25-27,2026-08-24
0.10749185667752444,1.0,0.963963963963964,0.0,1.0,1.0,1.0,1.0,1.0,0.0,0.0,-3.0517578125e-05,-3.0517578125e-05,-3.0517578125e-05,-3.0517578125e-05,-3.0517578125e-05,-3.0517578125e-05,J,4,2026-08-24_23-25-27,2026-08-24
0.1067680057908071,1.0,0.9527027027027027,0.0,1.0,1.0,1.0,1.0,1.0,0.0,0.0,-3.0517578125e-05,-3.0517578125e-05,-3.0517578125e-05,-3.0517578125e-05,-3.0517578125e-05,-3.0517578125e-05,J,4,2026-08-24_23-25-27,2026-08-24
0.10966340933767643,0.9529269764634882,0.9504504504504504,0.0,1.0,1.0,1.0,1.0,1.0,0.0,0.0,-3.0517578125e-05,-3.0517578125e-05,-3.0517578125e-05,-3.0517578125e-05,-3.0517578125e-05,-3.0517578125e-05,J,4,2026-08-24_23-25-27,2026-08-24
0.10604415490408976,0.9613759806879904,0.954954954954955,0.0,1.0,1.0,1.0,1.0,1.0,0.0,0.0,-3.0517578125e-05,-3.0517578125e-05,-3.0517578125e-05,-3.0517578125e-05,-3.0517578125e-05,-3.0517578125e-05,J,4,2026-08-24_23-25-27,2026-08-24
0.11328266377126311,0.9710319855159928,0.9436936936936937,0.0,1.0,1.0,1.0,1.0,1.0,0.0,0.0,-3.0517578125e-05,-3.0517578125e-05,-3.0517578125e-05,-3.0517578125e-05,-3.0517578125e-05,-3.0517578125e-05,J,4,2026-08-24_23-25-27,2026-08-24
0.11038726022439377,1.0,0.9617117117117117,0.0,1.0,1.0,1.0,1.0,1.0,0.0,0.0,-3.0517578125e-05,-3.0517578125e-05,-3.0517578125e-05,-3.0517578125e-05,-3.0517578125e-05,-3.0517578125e-05,J,4,2026-08-24_23-25-27,2026-08-24
0.10459645313065509,1.0,0.9527027027027027,0.0,1.0,1.0,1.0,1.0,1.0,0.0,0.0,-3.0517578125e-05,-3.0517578125e-05,-3.0517578125e-05,-3.0517578125e-05,-3.0517578125e-05,-3.0517578125e-05,J,4,2026-08-24_23-25-27,2026-08-24
0.10893955845095911,1.0,0.954954954954955,0.0,1.0,1.0,1.0,1.0,1.0,0.0,0.0,-3.0517578125e-05,-3.0517578125e-05,-3.0517578125e-05,-3.0517578125e-05,-3.0517578125e-05,-3.0517578125e-05,J,4,2026-08-24_23-25-27,2026-08-24
0.10749185667752444,1.0,0.9414414414414415,0.0,1.0,1.0,1.0,1.0,1.0,0.0,0.0,-3.0517578125e-05,-3.0517578125e-05,-3.0517578125e-05,-3.0517578125e-05,-3.0517578125e-05,-3.0517578125e-05,J,4,2026-08-24_23-25-27,2026-08-24
0.1111111111111111,0.96016898008449,0.9414414414414415,0.0,1.0,1.0,1.0,1.0,1.0,0.0,0.0,-3.0517578125e-05,-3.0517578125e-05,-3.0517578125e-05,-3.0517578125e-05,-3.0517578125e-05,-3.0517578125e-05,J,4,2026-08-24_23-25-27,2026-08-24
0.1169019182048498,1.0,0.9774774774774775,0.0,1.0,1.0,1.0,1.0,1.0,0.0,0.0,-3.0517578125e-05,-3.0517578125e-05,-3.0517578125e-05,-3.0517578125e-05,-3.0517578125e-05,-3.0517578125e-05,J,4,2026-08-24_23-25-27,2026-08-24
0.11255881288454578,1.0,0.9481981981981982,0.0,1.0,1.0,1.0,1.0,1.0,0.0,0.0,-3.0517578125e-05,-3.0517578125e-05,-3.0517578125e-05,-3.0517578125e-05,-3.0517578125e-05,-3.0517578125e-05,J,4,2026-08-24_23-25-27,2026-08-24
0.11545421643141512,1.0,0.9369369369369369,0.0,1.0,1.0,1.0,1.0,1.0,0.0,0.0,-3.0517578125e-05,-3.0517578125e-05,-3.0517578125e-05,-3.0517578125e-05,-3.0517578125e-05,-3.0517578125e-05,J,4,2026-08-24_23-25-27,2026-08-24
0.11473036554469779,0.9649969824984912,0.9617117117117117,0.0,1.0,1.0,1.0,1.0,1.0,0.0,0.0,-3.0517578125e-05,-3.0517578125e-05,-3.0517578125e-05,-3.0517578125e-05,-3.0517578125e-05,-3.0517578125e-05,J,4,2026-08-24_23-25-27,2026-08-24
0.11907347086500181,0.96016898008449,0.9617117117117117,0.0,1.0,1.0,1.0,1.0,1.0,0.0,0.0,-3.0517578125e-05,-3.0517578125e-05,-3.0517578125e-05,-3.0517578125e-05,-3.0517578125e-05,-3.0517578125e-05,J,4,2026-08-24_23-25-27,2026-08-24
0.11907347086500181,0.9674109837054918,0.9459459459459459,0.0,1.0,1.0,1.0,1.0,1.0,0.0,0.0,-3.0517578125e-05,-3.0517578125e-05,-3.0517578125e-05,-3.0517578125e-05,-3.0517578125e-05,-3.0517578125e-05,J,4,2026-08-24_23-25-27,2026-08-24
0.1169019182048498,1.0,0.954954954954955,0.0,1.0,1.0,1.0,1.0,1.0,0.0,0.0,-3.0517578125e-05,-3.0517578125e-05,-3.0517578125e-05,-3.0517578125e-05,-3.0517578125e-05,-3.0517578125e-05,J,4,2026-08-24_23-25-27,2026-08-24
0.11834961997828447,1.0,0.9414414414414415,0.0,1.0,1.0,1.0,1.0,1.0,0.0,0.0,-3.0517578125e-05,-3.0517578125e-05,-3.0517578125e-05,-3.0517578125e-05,-3.0517578125e-05,-3.0517578125e-05,J,4,2026-08-24_23-25-27,2026-08-24
0.12269272529858849,1.0,0.9684684684684685,0.0,1.0,1.0,1.0,1.0,1.0,0.0,0.0,-3.0517578125e-05,-3.0517578125e-05,-3.0517578125e-05,-3.0517578125e-05,-3.0517578125e-05,-3.0517578125e-05,J,4,2026-08-24_23-25-27,2026-08-24
0.12631197973217517,1.0,0.9572072072072072,0.0,1.0,1.0,1.0,1.0,1.0,0.0,0.0,-3.0517578125e-05,-3.0517578125e-05,-3.0517578125e-05,-3.0517578125e-05,-3.0517578125e-05,-3.0517578125e-05,J,4,2026-08-24_23-25-27,2026-08-24
0.12631197973217517,0.9806879903439951,0.9481981981981982,0.0,1.0,1.0,1.0,1.0,1.0,0.0,0.0,-3.0517578125e-05,-3.0517578125e-05,-3.0517578125e-05,-3.0517578125e-05,-3.0517578125e-05,-3.0517578125e-05,J,4,2026-08-24_23-25-27,2026-08-24
1.0,0.9565479782739892,0.0,0.0,0.0,1.0,1.0,1.0,1.0,1.0,1.0,-3.0517578125e-05,-3.0517578125e-05,-3.0517578125e-05,-3.0517578125e-05,-3.0517578125e-05,-3.0517578125e-05,K,0,2026-08-24_23-25-27,2026-08-24
1.0,0.9541339770669885,0.0,0.0,0.03821656050955414,1.0,1.0,1.0,1.0,1.0,1.0,-3.0517578125e-05,-3.0517578125e-05,-3.0517578125e-05,-3.0517578125e-05,-3.0517578125e-05,-3.0517578125e-05,K,0,2026-08-24_23-25-27,2026-08-24
1.0,0.96016898008449,0.0,0.0,0.03821656050955414,1.0,1.0,1.0,1.0,1.0,1.0,-3.0517578125e-05,-3.0517578125e-05,-3.0517578125e-05,-3.0517578125e-05,-3.0517578125e-05,-3.0517578125e-05,K,0,2026-08-24_23-25-27,2026-08-24
1.0,0.9613759806879904,0.0,0.0,0.0,1.0,1.0,1.0,1.0,1.0,1.0,-3.0517578125e-05,-3.0517578125e-05,-3.0517578125e-05,-3.0517578125e-05,-3.0517578125e-05,-3.0517578125e-05,K,0,2026-08-24_23-25-27,2026-08-24
1.0,0.9505129752564876,0.0,0.0,0.0,1.0,1.0,1.0,1.0,1.0,1.0,-3.0517578125e-05,-3.0517578125e-05,-3.0517578125e-05,-3.0517578125e-05,-3.0517578125e-05,-3.0517578125e-05,K,0,2026-08-24_23-25-27,2026-08-24
1.0,0.96016898008449,0.0,0.0,0.0,1.0,1.0,1.0,1.0,1.0,1.0,-3.0517578125e-05,-3.0517578125e-05,-3.0517578125e-05,-3.0517578125e-05,-3.0517578125e-05,-3.0517578125e-05,K,0,2026-08-24_23-25-27,2026-08-24
1.0,0.96016898008449,0.0,0.0,0.0,1.0,1.0,1.0,1.0,1.0,1.0,-3.0517578125e-05,-3.0517578125e-05,-3.0517578125e-05,-3.0517578125e-05,-3.0517578125e-05,-3.0517578125e-05,K,0,2026-08-24_23-25-27,2026-08-24
1.0,0.9577549788774894,0.0,0.0,0.0,1.0,1.0,1.0,1.0,1.0,1.0,-3.0517578125e-05,-3.0517578125e-05,-3.0517578125e-05,-3.0517578125e-05,-3.0517578125e-05,-3.0517578125e-05,K,0,2026-08-24_23-25-27,2026-08-24
1.0,0.9674109837054918,0.0,0.0,0.0,1.0,1.0,1.0,1.0,1.0,1.0,-3.0517578125e-05,-3.0517578125e-05,-3.0517578125e-05,-3.0517578125e-05,-3.0517578125e-05,-3.0517578125e-05,K,0,2026-08-24_23-25-27,2026-08-24
1.0,0.9577549788774894,0.0,0.0,0.0,1.0,1.0,1.0,1.0,1.0,1.0,-3.0517578125e-05,-3.0517578125e-05,-3.0517578125e-05,-3.0517578125e-05,-3.0517578125e-05,-3.0517578125e-05,K,0,2026-08-24_23-25-27,2026-08-24
1.0,0.9770669885334943,0.0,0.0,0.0,1.0,1.0,1.0,1.0,1.0,1.0,-3.0517578125e-05,-3.0517578125e-05,-3.0517578125e-05,-3.0517578125e-05,-3.0517578125e-05,-3.0517578125e-05,K,0,2026-08-24_23-25-27,2026-08-24
1.0,0.9625829812914907,0.0,0.0,0.12738853503184713,1.0,1.0,1.0,1.0,1.0,1.0,-3.0517578125e-05,-3.0517578125e-05,-3.0517578125e-05,-3.0517578125e-05,-3.0517578125e-05,-3.0517578125e-05,K,0,2026-08-24_23-25-27,2026-08-24
1.0,0.9613759806879904,0.0,0.0,0.0,1.0,1.0,1.0,1.0,1.0,1.0,-3.0517578125e-05,-3.0517578125e-05,-3.0517578125e-05,-3.0517578125e-05,-3.0517578125e-05,-3.0517578125e-05,K,0,2026-08-24_23-25-27,2026-08-24
1.0,0.9698249849124925,0.0,0.0,0.012738853503184714,1.0,1.0,1.0,1.0,1.0,1.0,-3.0517578125e-05,-3.0517578125e-05,-3.0517578125e-05,-3.0517578125e-05,-3.0517578125e-05,-3.0517578125e-05,K,0,2026-08-24_23-25-27,2026-08-24
1.0,0.9420639710319855,0.0,0.0,0.0,1.0,1.0,1.0,1.0,1.0,1.0,-3.0517578125e-05,-3.0517578125e-05,-3.0517578125e-05,-3.0517578125e-05,-3.0517578125e-05,-3.0517578125e-05,K,0,2026-08-24_23-25-27,2026-08-24
1.0,0.9794809897404949,0.0,0.0,0.06369426751592357,1.0,1.0,1.0,1.0,1.0,1.0,-3.0517578125e-05,-3.0517578125e-05,-3.0517578125e-05,-3.0517578125e-05,-3.0517578125e-05,-3.0517578125e-05,K,0,2026-08-24_23-25-27,2026-08-24
1.0,0.9505129752564876,0.0,0.0,0.025477707006369428,1.0,1.0,1.0,1.0,1.0,1.0,-3.0517578125e-05,-3.0517578125e-05,-3.0517578125e-05,-3.0517578125e-05,-3.0517578125e-05,-3.0517578125e-05,K,0,2026-08-24_23-25-27,2026-08-24
1.0,0.9734459867229933,0.0,0.0,0.08917197452229299,1.0,1.0,1.0,1.0,1.0,1.0,-3.0517578125e-05,-3.0517578125e-05,-3.0517578125e-05,-3.0517578125e-05,-3.0517578125e-05,-3.0517578125e-05,K,0,2026-08-24_23-25-27,2026-08-24
1.0,0.9493059746529873,0.0,0.0,0.025477707006369428,1.0,1.0,1.0,1.0,1.0,1.0,-3.0517578125e-05,-3.0517578125e-05,-3.0517578125e-05,-3.0517578125e-05,-3.0517578125e-05,-3.0517578125e-05,K,0,2026-08-24_23-25-27,2026-08-24
1.0,0.9480989740494871,0.0,0.0,0.025477707006369428,1.0,1.0,1.0,1.0,1.0,1.0,-3.0517578125e-05,-3.0517578125e-05,-3.0517578125e-05,-3.0517578125e-05,-3.0517578125e-05,-3.0517578125e-05,K,0,2026-08-24_23-25-27,2026-08-24
1.0,0.9613759806879904,0.0,0.0,0.012738853503184714,1.0,1.0,1.0,1.0,1.0,1.0,-3.0517578125e-05,-3.0517578125e-05,-3.0517578125e-05,-3.0517578125e-05,-3.0517578125e-05,-3.0517578125e-05,K,0,2026-08-24_23-25-27,2026-08-24
1.0,0.9589619794809897,0.0,0.0,0.0,1.0,1.0,1.0,1.0,1.0,1.0,-3.0517578125e-05,-3.0517578125e-05,-3.0517578125e-05,-3.0517578125e-05,-3.0517578125e-05,-3.0517578125e-05,K,0,2026-08-24_23-25-27,2026-08-24
1.0,0.9674109837054918,0.0,0.0,0.0,1.0,1.0,1.0,1.0,1.0,1.0,-3.0517578125e-05,-3.0517578125e-05,-3.0517578125e-05,-3.0517578125e-05,-3.0517578125e-05,-3.0517578125e-05,K,0,2026-08-24_23-25-27,2026-08-24
1.0,0.9649969824984912,0.0,0.0,0.0,1.0,1.0,1.0,1.0,1.0,1.0,-3.0517578125e-05,-3.0517578125e-05,-3.0517578125e-05,-3.0517578125e-05,-3.0517578125e-05,-3.0517578125e-05,K,0,2026-08-24_23-25-27,2026-08-24
1.0,0.9529269764634882,0.0,0.0,0.03821656050955414,1.0,1.0,1.0,1.0,1.0,1.0,-3.0517578125e-05,-3.0517578125e-05,-3.0517578125e-05,-3.0517578125e-05,-3.0517578125e-05,-3.0517578125e-05,K,0,2026-08-24_23-25-27,2026-08-24
1.0,0.9529269764634882,0.0,0.0,0.0,1.0,1.0,1.0,1.0,1.0,1.0,-3.0517578125e-05,-3.0517578125e-05,-3.0517578125e-05,-3.0517578125e-05,-3.0517578125e-05,-3.0517578125e-05,K,0,2026-08-24_23-25-27,2026-08-24
1.0,0.9649969824984912,0.0,0.0,0.0,1.0,1.0,1.0,1.0,1.0,1.0,-3.0517578125e-05,-3.0517578125e-05,-3.0517578125e-05,-3.0517578125e-05,-3.0517578125e-05,-3.0517578125e-05,K,0,2026-08-24_23-25-27,2026-08-24
1.0,0.9420639710319855,0.0,0.0,0.03821656050955414,1.0,1.0,1.0,1.0,1.0,1.0,-3.0517578125e-05,-3.0517578125e-05,-3.0517578125e-05,-3.0517578125e-05,-3.0517578125e-05,-3.0517578125e-05,K,0,2026-08-24_23-25-27,2026-08-24
1.0,0.9553409776704889,0.0,0.0,0.0,1.0,1.0,1.0,1.0,1.0,1.0,-3.0517578125e-05,-3.0517578125e-05,-3.0517578125e-05,-3.0517578125e-05,-3.0517578125e-05,-3.0517578125e-05,K,0,2026-08-24_23-25-27,2026-08-24
1.0,0.9553409776704889,0.0,0.0,0.03821656050955414,1.0,1.0,1.0,1.0,1.0,1.0,-3.0517578125e-05,-3.0517578125e-05,-3.0517578125e-05,-3.0517578125e-05,-3.0517578125e-05,-3.0517578125e-05,K,0,2026-08-24_23-25-27,2026-08-24
1.0,0.9613759806879904,0.0,0.0,0.0,1.0,1.0,1.0,1.0,1.0,1.0,-3.0517578125e-05,-3.0517578125e-05,-3.0517578125e-05,-3.0517578125e-05,-3.0517578125e-05,-3.0517578125e-05,K,0,2026-08-24_23-25-27,2026-08-24
1.0,0.936028968014484,0.0,0.0,0.0,1.0,1.0,1.0,1.0,1.0,1.0,-3.0517578125e-05,-3.0517578125e-05,-3.0517578125e-05,-3.0517578125e-05,-3.0517578125e-05,-3.0517578125e-05,K,0,2026-08-24_23-25-27,2026-08-24
1.0,0.9625829812914907,0.0,0.0,0.0,1.0,1.0,1.0,1.0,1.0,1.0,-3.0517578125e-05,-3.0517578125e-05,-3.0517578125e-05,-3.0517578125e-05,-3.0517578125e-05,-3.0517578125e-05,K,0,2026-08-24_23-25-27,2026-08-24
1.0,0.96016898008449,0.0,0.0,0.0,1.0,1.0,1.0,1.0,1.0,1.0,-3.0517578125e-05,-3.0517578125e-05,-3.0517578125e-05,-3.0517578125e-05,-3.0517578125e-05,-3.0517578125e-05,K,0,2026-08-24_23-25-27,2026-08-24
1.0,0.9529269764634882,0.0,0.0,0.0,1.0,1.0,1.0,1.0,1.0,1.0,-3.0517578125e-05,-3.0517578125e-05,-3.0517578125e-05,-3.0517578125e-05,-3.0517578125e-05,-3.0517578125e-05,K,0,2026-08-24_23-25-27,2026-08-24
1.0,0.9698249849124925,0.0,0.0,0.03821656050955414,1.0,1.0,1.0,1.0,1.0,1.0,-3.0517578125e-05,-3.0517578125e-05,-3.0517578125e-05,-3.0517578125e-05,-3.0517578125e-05,-3.0517578125e-05,K,0,2026-08-24_23-25-27,2026-08-24
1.0,0.975859987929994,0.0,0.0,0.025477707006369428,1.0,1.0,1.0,1.0,1.0,1.0,-3.0517578125e-05,-3.0517578125e-05,-3.0517578125e-05,-3.0517578125e-05,-3.0517578125e-05,-3.0517578125e-05,K,0,2026-08-24_23-25-27,2026-08-24
1.0,0.9456849728424864,0.0,0.0,0.0,1.0,1.0,1.0,1.0,1.0,1.0,-3.0517578125e-05,-3.0517578125e-05,-3.0517578125e-05,-3.0517578125e-05,-3.0517578125e-05,-3.0517578125e-05,K,0,2026-08-24_23-25-27,2026-08-24
1.0,0.9444779722389861,0.0,0.0,0.025477707006369428,1.0,1.0,1.0,1.0,1.0,1.0,-3.0517578125e-05,-3.0517578125e-05,-3.0517578125e-05,-3.0517578125e-05,-3.0517578125e-05,-3.0517578125e-05,K,0,2026-08-24_23-25-27,2026-08-24
1.0,0.9529269764634882,0.0,0.0,0.0,1.0,1.0,1.0,1.0,1.0,1.0,-3.0517578125e-05,-3.0517578125e-05,-3.0517578125e-05,-3.0517578125e-05,-3.0517578125e-05,-3.0517578125e-05,K,0,2026-08-24_23-25-27,2026-08-24
1.0,1.0,0.0,0.0,0.0,1.0,1.0,1.0,1.0,1.0,1.0,-3.0517578125e-05,-3.0517578125e-05,-3.0517578125e-05,-3.0517578125e-05,-3.0517578125e-05,-3.0517578125e-05,K,1,2026-08-24_23-25-27,2026-08-24
1.0,1.0,0.0,0.0,0.0,1.0,1.0,1.0,1.0,1.0,1.0,-3.0517578125e-05,-3.0517578125e-05,-3.0517578125e-05,-3.0517578125e-05,-3.0517578125e-05,-3.0517578125e-05,K,1,2026-08-24_23-25-27,2026-08-24
1.0,1.0,0.0,0.0,0.0,1.0,1.0,1.0,1.0,1.0,1.0,-3.0517578125e-05,-3.0517578125e-05,-3.0517578125e-05,-3.0517578125e-05,-3.0517578125e-05,-3.0517578125e-05,K,1,2026-08-24_23-25-27,2026-08-24
1.0,1.0,0.0,0.0,0.012738853503184714,1.0,1.0,1.0,1.0,1.0,1.0,-3.0517578125e-05,-3.0517578125e-05,-3.0517578125e-05,-3.0517578125e-05,-3.0517578125e-05,-3.0517578125e-05,K,1,2026-08-24_23-25-27,2026-08-24
1.0,0.9987929993964997,0.0,0.0,0.16560509554140126,1.0,1.0,1.0,1.0,1.0,1.0,-3.0517578125e-05,-3.0517578125e-05,-3.0517578125e-05,-3.0517578125e-05,-3.0517578125e-05,-3.0517578125e-05,K,1,2026-08-24_23-25-27,2026-08-24
1.0,1.0,0.0,0.0,0.03821656050955414,1.0,1.0,1.0,1.0,1.0,1.0,-3.0517578125e-05,-3.0517578125e-05,-3.0517578125e-05,-3.0517578125e-05,-3.0517578125e-05,-3.0517578125e-05,K,1,2026-08-24_23-25-27,2026-08-24
1.0,1.0,0.0,0.0,0.025477707006369428,1.0,1.0,1.0,1.0,1.0,1.0,-3.0517578125e-05,-3.0517578125e-05,-3.0517578125e-05,-3.0517578125e-05,-3.0517578125e-05,-3.0517578125e-05,K,1,2026-08-24_23-25-27,2026-08-24
1.0,1.0,0.0,0.0,0.0,1.0,1.0,1.0,1.0,1.0,1.0,-3.0517578125e-05,-3.0517578125e-05,-3.0517578125e-05,-3.0517578125e-05,-3.0517578125e-05,-3.0517578125e-05,K,1,2026-08-24_23-25-27,2026-08-24
1.0,0.9806879903439951,0.0,0.0,0.0,1.0,1.0,1.0,1.0,1.0,1.0,-3.0517578125e-05,-3.0517578125e-05,-3.0517578125e-05,-3.0517578125e-05,-3.0517578125e-05,-3.0517578125e-05,K,1,2026-08-24_23-25-27,2026-08-24
1.0,0.9806879903439951,0.0,0.0,0.0,1.0,1.0,1.0,1.0,1.0,1.0,-3.0517578125e-05,-3.0517578125e-05,-3.0517578125e-05,-3.0517578125e-05,-3.0517578125e-05,-3.0517578125e-05,K,1,2026-08-24_23-25-27,2026-08-24
1.0,1.0,0.0,0.0,0.0,1.0,1.0,1.0,1.0,1.0,1.0,-3.0517578125e-05,-3.0517578125e-05,-3.0517578125e-05,-3.0517578125e-05,-3.0517578125e-05,-3.0517578125e-05,K,1,2026-08-24_23-25-27,2026-08-24
1.0,0.9746529873264936,0.0,0.0,0.16560509554140126,1.0,1.0,1.0,1.0,1.0,1.0,-3.0517578125e-05,-3.0517578125e-05,-3.0517578125e-05,-3.0517578125e-05,-3.0517578125e-05,-3.0517578125e-05,K,1,2026-08-24_23-25-27,2026-08-24
1.0,0.9806879903439951,0.0,0.0,0.012738853503184714,1.0,1.0,1.0,1.0,1.0,1.0,-3.0517578125e-05,-3.0517578125e-05,-3.0517578125e-05,-3.0517578125e-05,-3.0517578125e-05,-3.0517578125e-05,K,1,2026-08-24_23-25-27,2026-08-24
1.0,0.9746529873264936,0.0,0.0,0.012738853503184714,1.0,1.0,1.0,1.0,1.0,1.0,-3.0517578125e-05,-3.0517578125e-05,-3.0517578125e-05,-3.0517578125e-05,-3.0517578125e-05,-3.0517578125e-05,K,1,2026-08-24_23-25-27,2026-08-24
1.0,0.9722389861194931,0.0,0.0,0.06369426751592357,1.0,1.0,1.0,1.0,1.0,1.0,-3.0517578125e-05,-3.0517578125e-05,-3.0517578125e-05,-3.0517578125e-05,-3.0517578125e-05,-3.0517578125e-05,K,1,2026-08-24_23-25-27,2026-08-24
1.0,1.0,0.0,0.0,0.0,1.0,1.0,1.0,1.0,1.0,1.0,-3.0517578125e-05,-3.0517578125e-05,-3.0517578125e-05,-3.0517578125e-05,-3.0517578125e-05,-3.0517578125e-05,K,1,2026-08-24_23-25-27,2026-08-24
1.0,1.0,0.0,0.0,0.012738853503184714,1.0,1.0,1.0,1.0,1.0,1.0,-3.0517578125e-05,-3.0517578125e-05,-3.0517578125e-05,-3.0517578125e-05,-3.0517578125e-05,-3.0517578125e-05,K,1,2026-08-24_23-25-27,2026-08-24
1.0,1.0,0.0,0.0,0.0,1.0,1.0,1.0,1.0,1.0,1.0,-3.0517578125e-05,-3.0517578125e-05,-3.0517578125e-05,-3.0517578125e-05,-3.0517578125e-05,-3.0517578125e-05,K,1,2026-08-24_23-25-27,2026-08-24
1.0,1.0,0.0,0.0,0.0,1.0,1.0,1.0,1.0,1.0,1.0,-3.0517578125e-05,-3.0517578125e-05,-3.0517578125e-05,-3.0517578125e-05,-3.0517578125e-05,-3.0517578125e-05,K,1,2026-08-24_23-25-27,2026-08-24
1.0,1.0,0.0,0.0,0.07643312101910828,1.0,1.0,1.0,1.0,1.0,1.0,-3.0517578125e-05,-3.0517578125e-05,-3.0517578125e-05,-3.0517578125e-05,-3.0517578125e-05,-3.0517578125e-05,K,1,2026-08-24_23-25-27,2026-08-24
1.0,0.9806879903439951,0.0,0.0,0.03821656050955414,1.0,1.0,1.0,1.0,1.0,1.0,-3.0517578125e-05,-3.0517578125e-05,-3.0517578125e-05,-3.0517578125e-05,-3.0517578125e-05,-3.0517578125e-05,K,1,2026-08-24_23-25-27,2026-08-24
1.0,1.0,0.0,0.0,0.06369426751592357,1.0,1.0,1.0,1.0,1.0,1.0,-3.0517578125e-05,-3.0517578125e-05,-3.0517578125e-05,-3.0517578125e-05,-3.0517578125e-05,-3.0517578125e-05,K,1,2026-08-24_23-25-27,2026-08-24
1.0,1.0,0.0,0.0,0.025477707006369428,1.0,1.0,1.0,1.0,1.0,1.0,-3.0517578125e-05,-3.0517578125e-05,-3.0517578125e-05,-3.0517578125e-05,-3.0517578125e-05,-3.0517578125e-05,K,1,2026-08-24_23-25-27,2026-08-24
1.0,1.0,0.0,0.0,0.025477707006369428,1.0,1.0,1.0,1.0,1.0,1.0,-3.0517578125e-05,-3.0517578125e-05,-3.0517578125e-05,-3.0517578125e-05,-3.0517578125e-05,-3.0517578125e-05,K,1,2026-08-24_23-25-27,2026-08-24
1.0,0.9746529873264936,0.0,0.0,0.012738853503184714,1.0,1.0,1.0,1.0,1.0,1.0,-3.0517578125e-05,-3.0517578125e-05,-3.0517578125e-05,-3.0517578125e-05,-3.0517578125e-05,-3.0517578125e-05,K,1,2026-08-24_23-25-27,2026-08-24
1.0,0.9794809897404949,0.0,0.0,0.17834394904458598,1.0,1.0,1.0,1.0,1.0,1.0,-3.0517578125e-05,-3.0517578125e-05,-3.0517578125e-05,-3.0517578125e-05,-3.0517578125e-05,-3.0517578125e-05,K,1,2026-08-24_23-25-27,2026-08-24
1.0,0.9625829812914907,0.0,0.0,0.0,1.0,1.0,1.0,1.0,1.0,1.0,-3.0517578125e-05,-3.0517578125e-05,-3.0517578125e-05,-3.0517578125e-05,-3.0517578125e-05,-3.0517578125e-05,K,1,2026-08-24_23-25-27,2026-08-24
1.0,0.9734459867229933,0.0,0.0,0.07643312101910828,1.0,1.0,1.0,1.0,1.0,1.0,-3.0517578125e-05,-3.0517578125e-05,-3.0517578125e-05,-3.0517578125e-05,-3.0517578125e-05,-3.0517578125e-05,K,1,2026-08-24_23-25-27,2026-08-24
1.0,0.9915509957754979,0.0,0.0,0.0,1.0,1.0,1.0,1.0,1.0,1.0,-3.0517578125e-05,-3.0517578125e-05,-3.0517578125e-05,-3.0517578125e-05,-3.0517578125e-05,-3.0517578125e-05,K,1,2026-08-24_23-25-27,2026-08-24
1.0,0.9613759806879904,0.0,0.0,0.0,1.0,1.0,1.0,1.0,1.0,1.0,-3.0517578125e-05,-3.0517578125e-05,-3.0517578125e-05,-3.0517578125e-05,-3.0517578125e-05,-3.0517578125e-05,K,1,2026-08-24_23-25-27,2026-08-24
1.0,0.9722389861194931,0.0,0.0,0.0,1.0,1.0,1.0,1.0,1.0,1.0,-3.0517578125e-05,-3.0517578125e-05,-3.0517578125e-05,-3.0517578125e-05,-3.0517578125e-05,-3.0517578125e-05,K,1,2026-08-24_23-25-27,2026-08-24
1.0,0.9806879903439951,0.0,0.0,0.03821656050955414,1.0,1.0,1.0,1.0,1.0,1.0,-3.0517578125e-05,-3.0517578125e-05,-3.0517578125e-05,-3.0517578125e-05,-3.0517578125e-05,-3.0517578125e-05,K,1,2026-08-24_23-25-27,2026-08-24
1.0,0.9625829812914907,0.0,0.0,0.0,1.0,1.0,1.0,1.0,1.0,1.0,-3.0517578125e-05,-3.0517578125e-05,-3.0517578125e-05,-3.0517578125e-05,-3.0517578125e-05,-3.0517578125e-05,K,1,2026-08-24_23-25-27,2026-08-24
1.0,1.0,0.0,0.0,0.0,1.0,1.0,1.0,1.0,1.0,1.0,-3.0517578125e-05,-3.0517578125e-05,-3.0517578125e-05,-3.0517578125e-05,-3.0517578125e-05,-3.0517578125e-05,K,1,2026-08-24_23-25-27,2026-08-24
1.0,0.9867229933614967,0.0,0.0,0.012738853503184714,1.0,1.0,1.0,1.0,1.0,1.0,-3.0517578125e-05,-3.0517578125e-05,-3.0517578125e-05,-3.0517578125e-05,-3.0517578125e-05,-3.0517578125e-05,K,1,2026-08-24_23-25-27,2026-08-24
1.0,1.0,0.0,0.0,0.06369426751592357,1.0,1.0,1.0,1.0,1.0,1.0,-3.0517578125e-05,-3.0517578125e-05,-3.0517578125e-05,-3.0517578125e-05,-3.0517578125e-05,-3.0517578125e-05,K,1,2026-08-24_23-25-27,2026-08-24
1.0,1.0,0.0,0.0,0.012738853503184714,1.0,1.0,1.0,1.0,1.0,1.0,-3.0517578125e-05,-3.0517578125e-05,-3.0517578125e-05,-3.0517578125e-05,-3.0517578125e-05,-3.0517578125e-05,K,1,2026-08-24_23-25-27,2026-08-24
1.0,1.0,0.0,0.0,0.08917197452229299,1.0,1.0,1.0,1.0,1.0,1.0,-3.0517578125e-05,-3.0517578125e-05,-3.0517578125e-05,-3.0517578125e-05,-3.0517578125e-05,-3.0517578125e-05,K,1,2026-08-24_23-25-27,2026-08-24
1.0,1.0,0.0,0.0,0.03821656050955414,1.0,1.0,1.0,1.0,1.0,1.0,-3.0517578125e-05,-3.0517578125e-05,-3.0517578125e-05,-3.0517578125e-05,-3.0517578125e-05,-3.0517578125e-05,K,1,2026-08-24_23-25-27,2026-08-24
1.0,1.0,0.0,0.0,0.012738853503184714,1.0,1.0,1.0,1.0,1.0,1.0,-3.0517578125e-05,-3.0517578125e-05,-3.0517578125e-05,-3.0517578125e-05,-3.0517578125e-05,-3.0517578125e-05,K,1,2026-08-24_23-25-27,2026-08-24
1.0,0.9843089921544961,0.0,0.0,0.17834394904458598,1.0,1.0,1.0,1.0,1.0,1.0,-3.0517578125e-05,-3.0517578125e-05,-3.0517578125e-05,-3.0517578125e-05,-3.0517578125e-05,-3.0517578125e-05,K,2,2026-08-24_23-25-27,2026-08-24
1.0,1.0,0.0,0.0,0.0,1.0,1.0,1.0,1.0,1.0,1.0,-3.0517578125e-05,-3.0517578125e-05,-3.0517578125e-05,-3.0517578125e-05,-3.0517578125e-05,-3.0517578125e-05,K,2,2026-08-24_23-25-27,2026-08-24
1.0,1.0,0.0,0.0,0.14012738853503184,1.0,1.0,1.0,1.0,1.0,1.0,-3.0517578125e-05,-3.0517578125e-05,-3.0517578125e-05,-3.0517578125e-05,-3.0517578125e-05,-3.0517578125e-05,K,2,2026-08-24_23-25-27,2026-08-24
1.0,0.9891369945684972,0.0,0.0,0.0,1.0,1.0,1.0,1.0,1.0,1.0,-3.0517578125e-05,-3.0517578125e-05,-3.0517578125e-05,-3.0517578125e-05,-3.0517578125e-05,-3.0517578125e-05,K,2,2026-08-24_23-25-27,2026-08-24
1.0,1.0,0.0,0.0,0.025477707006369428,1.0,1.0,1.0,1.0,1.0,1.0,-3.0517578125e-05,-3.0517578125e-05,-3.0517578125e-05,-3.0517578125e-05,-3.0517578125e-05,-3.0517578125e-05,K,2,2026-08-24_23-25-27,2026-08-24
1.0,1.0,0.0,0.0,0.03821656050955414,1.0,1.0,1.0,1.0,1.0,1.0,-3.0517578125e-05,-3.0517578125e-05,-3.0517578125e-05,-3.0517578125e-05,-3.0517578125e-05,-3.0517578125e-05,K,2,2026-08-24_23-25-27,2026-08-24
1.0,0.9818949909474954,0.0,0.0,0.16560509554140126,1.0,1.0,1.0,1.0,1.0,1.0,-3.0517578125e-05,-3.0517578125e-05,-3.0517578125e-05,-3.0517578125e-05,-3.0517578125e-05,-3.0517578125e-05,K,2,2026-08-24_23-25-27,2026-08-24
1.0,1.0,0.0,0.0,0.025477707006369428,1.0,1.0,1.0,1.0,1.0,1.0,-3.0517578125e-05,-3.0517578125e-05,-3.0517578125e-05,-3.0517578125e-05,-3.0517578125e-05,-3.0517578125e-05,K,2,2026-08-24_23-25-27,2026-08-24
1.0,1.0,0.0,0.0,0.03821656050955414,1.0,1.0,1.0,1.0,1.0,1.0,-3.0517578125e-05,-3.0517578125e-05,-3.0517578125e-05,-3.0517578125e-05,-3.0517578125e-05,-3.0517578125e-05,K,2,2026-08-24_23-25-27,2026-08-24
1.0,0.9818949909474954,0.0,0.0,0.025477707006369428,1.0,1.0,1.0,1.0,1.0,1.0,-3.0517578125e-05,-3.0517578125e-05,-3.0517578125e-05,-3.0517578125e-05,-3.0517578125e-05,-3.0517578125e-05,K,2,2026-08-24_23-25-27,2026-08-24
1.0,0.9722389861194931,0.0,0.0,0.06369426751592357,1.0,1.0,1.0,1.0,1.0,1.0,-3.0517578125e-05,-3.0517578125e-05,-3.0517578125e-05,-3.0517578125e-05,-3.0517578125e-05,-3.0517578125e-05,K,2,2026-08-24_23-25-27,2026-08-24
1.0,1.0,0.0,0.0,0.050955414012738856,1.0,1.0,1.0,1.0,1.0,1.0,-3.0517578125e-05,-3.0517578125e-05,-3.0517578125e-05,-3.0517578125e-05,-3.0517578125e-05,-3.0517578125e-05,K,2,2026-08-24_23-25-27,2026-08-24
1.0,1.0,0.0,0.0,0.03821656050955414,1.0,1.0,1.0,1.0,1.0,1.0,-3.0517578125e-05,-3.0517578125e-05,-3.0517578125e-05,-3.0517578125e-05,-3.0517578125e-05,-3.0517578125e-05,K,2,2026-08-24_23-25-27,2026-08-24
1.0,1.0,0.0,0.0,0.07643312101910828,1.0,1.0,1.0,1.0,1.0,1.0,-3.0517578125e-05,-3.0517578125e-05,-3.0517578125e-05,-3.0517578125e-05,-3.0517578125e-05,-3.0517578125e-05,K,2,2026-08-24_23-25-27,2026-08-24
1.0,0.9806879903439951,0.0,0.0,0.06369426751592357,1.0,1.0,1.0,1.0,1.0,1.0,-3.0517578125e-05,-3.0517578125e-05,-3.0517578125e-05,-3.0517578125e-05,-3.0517578125e-05,-3.0517578125e-05,K,2,2026-08-24_23-25-27,2026-08-24
1.0,1.0,0.0,0.0,0.0,1.0,1.0,1.0,1.0,1.0,1.0,-3.0517578125e-05,-3.0517578125e-05,-3.0517578125e-05,-3.0517578125e-05,-3.0517578125e-05,-3.0517578125e-05,K,2,2026-08-24_23-25-27,2026-08-24
1.0,1.0,0.0,0.0,0.0,1.0,1.0,1.0,1.0,1.0,1.0,-3.0517578125e-05,-3.0517578125e-05,-3.0517578125e-05,-3.0517578125e-05,-3.0517578125e-05,-3.0517578125e-05,K,2,2026-08-24_23-25-27,2026-08-24
1.0,1.0,0.0,0.0,0.050955414012738856,1.0,1.0,1.0,1.0,1.0,1.0,-3.0517578125e-05,-3.0517578125e-05,-3.0517578125e-05,-3.0517578125e-05,-3.0517578125e-05,-3.0517578125e-05,K,2,2026-08-24_23-25-27,2026-08-24
1.0,1.0,0.0,0.0,0.012738853503184714,1.0,1.0,1.0,1.0,1.0,1.0,-3.0517578125e-05,-3.0517578125e-05,-3.0517578125e-05,-3.0517578125e-05,-3.0517578125e-05,-3.0517578125e-05,K,2,2026-08-24_23-25-27,2026-08-24
1.0,1.0,0.0,0.0,0.012738853503184714,1.0,1.0,1.0,1.0,1.0,1.0,-3.0517578125e-05,-3.0517578125e-05,-3.0517578125e-05,-3.0517578125e-05,-3.0517578125e-05,-3.0517578125e-05,K,2,2026-08-24_23-25-27,2026-08-24
1.0,1.0,0.0,0.0,0.012738853503184714,1.0,1.0,1.0,1.0,1.0,1.0,-3.0517578125e-05,-3.0517578125e-05,-3.0517578125e-05,-3.0517578125e-05,-3.0517578125e-05,-3.0517578125e-05,K,2,2026-08-24_23-25-27,2026-08-24
1.0,1.0,0.0,0.0,0.07643312101910828,1.0,1.0,1.0,1.0,1.0,1.0,-3.0517578125e-05,-3.0517578125e-05,-3.0517578125e-05,-3.0517578125e-05,-3.0517578125e-05,-3.0517578125e-05,K,2,2026-08-24_23-25-27,2026-08-24
1.0,1.0,0.0,0.0,0.012738853503184714,1.0,1.0,1.0,1.0,1.0,1.0,-3.0517578125e-05,-3.0517578125e-05,-3.0517578125e-05,-3.0517578125e-05,-3.0517578125e-05,-3.0517578125e-05,K,2,2026-08-24_23-25-27,2026-08-24
1.0,1.0,0.0,0.0,0.0,1.0,1.0,1.0,1.0,1.0,1.0,-3.0517578125e-05,-3.0517578125e-05,-3.0517578125e-05,-3.0517578125e-05,-3.0517578125e-05,-3.0517578125e-05,K,2,2026-08-24_23-25-27,2026-08-24
1.0,1.0,0.0,0.0,0.0,1.0,1.0,1.0,1.0,1.0,1.0,-3.0517578125e-05,-3.0517578125e-05,-3.0517578125e-05,-3.0517578125e-05,-3.0517578125e-05,-3.0517578125e-05,K,2,2026-08-24_23-25-27,2026-08-24
1.0,1.0,0.0,0.0,0.012738853503184714,1.0,1.0,1.0,1.0,1.0,1.0,-3.0517578125e-05,-3.0517578125e-05,-3.0517578125e-05,-3.0517578125e-05,-3.0517578125e-05,-3.0517578125e-05,K,2,2026-08-24_23-25-27,2026-08-24
1.0,0.9891369945684972,0.0,0.0,0.08917197452229299,1.0,1.0,1.0,1.0,1.0,1.0,-3.0517578125e-05,-3.0517578125e-05,-3.0517578125e-05,-3.0517578125e-05,-3.0517578125e-05,-3.0517578125e-05,K,2,2026-08-24_23-25-27,2026-08-24
1.0,1.0,0.0,0.0,0.11464968152866242,1.0,1.0,1.0,1.0,1.0,1.0,-3.0517578125e-05,-3.0517578125e-05,-3.0517578125e-05,-3.0517578125e-05,-3.0517578125e-05,-3.0517578125e-05,K,2,2026-08-24_23-25-27,2026-08-24
1.0,0.996378998189499,0.0,0.0,0.03821656050955414,1.0,1.0,1.0,1.0,1.0,1.0,-3.0517578125e-05,-3.0517578125e-05,-3.0517578125e-05,-3.0517578125e-05,-3.0517578125e-05,-3.0517578125e-05,K,2,2026-08-24_23-25-27,2026-08-24
1.0,0.987929993964997,0.0,0.0,0.025477707006369428,1.0,1.0,1.0,1.0,1.0,1.0,-3.0517578125e-05,-3.0517578125e-05,-3.0517578125e-05,-3.0517578125e-05,-3.0517578125e-05,-3.0517578125e-05,K,2,2026-08-24_23-25-27,2026-08-24
1.0,0.987929993964997,0.0,0.0,0.0,1.0,1.0,1.0,1.0,1.0,1.0,-3.0517578125e-05,-3.0517578125e-05,-3.0517578125e-05,-3.0517578125e-05,-3.0517578125e-05,-3.0517578125e-05,K,2,2026-08-24_23-25-27,2026-08-24
1.0,1.0,0.0,0.0,0.050955414012738856,1.0,1.0,1.0,1.0,1.0,1.0,-3.0517578125e-05,-3.0517578125e-05,-3.0517578125e-05,-3.0517578125e-05,-3.0517578125e-05,-3.0517578125e-05,K,2,2026-08-24_23-25-27,2026-08-24
1.0,1.0,0.0,0.0,0.0,1.0,1.0,1.0,1.0,1.0,1.0,-3.0517578125e-05,-3.0517578125e-05,-3.0517578125e-05,-3.0517578125e-05,-3.0517578125e-05,-3.0517578125e-05,K,2,2026-08-24_23-25-27,2026-08-24
1.0,0.9686179843089922,0.0,0.0,0.07643312101910828,1.0,1.0,1.0,1.0,1.0,1.0,-3.0517578125e-05,-3.0517578125e-05,-3.0517578125e-05,-3.0517578125e-05,-3.0517578125e-05,-3.0517578125e-05,K,2,2026-08-24_23-25-27,2026-08-24
1.0,0.9927579963789982,0.0,0.0,0.03821656050955414,1.0,1.0,1.0,1.0,1.0,1.0,-3.0517578125e-05,-3.0517578125e-05,-3.0517578125e-05,-3.0517578125e-05,-3.0517578125e-05,-3.0517578125e-05,K,2,2026-08-24_23-25-27,2026-08-24
1.0,1.0,0.0,0.0,0.12738853503184713,1.0,1.0,1.0,1.0,1.0,1.0,-3.0517578125e-05,-3.0517578125e-05,-3.0517578125e-05,-3.0517578125e-05,-3.0517578125e-05,-3.0517578125e-05,K,2,2026-08-24_23-25-27,2026-08-24
1.0,1.0,0.0,0.0,0.0,1.0,1.0,1.0,1.0,1.0,1.0,-3.0517578125e-05,-3.0517578125e-05,-3.0517578125e-05,-3.0517578125e-05,-3.0517578125e-05,-3.0517578125e-05,K,2,2026-08-24_23-25-27,2026-08-24
1.0,0.9674109837054918,0.0,0.0,0.0,1.0,1.0,1.0,1.0,1.0,1.0,-3.0517578125e-05,-3.0517578125e-05,-3.0517578125e-05,-3.0517578125e-05,-3.0517578125e-05,-3.0517578125e-05,K,2,2026-08-24_23-25-27,2026-08-24
1.0,0.9794809897404949,0.0,0.0,0.06369426751592357,1.0,1.0,1.0,1.0,1.0,1.0,-3.0517578125e-05,-3.0517578125e-05,-3.0517578125e-05,-3.0517578125e-05,-3.0517578125e-05,-3.0517578125e-05,K,2,2026-08-24_23-25-27,2026-08-24
1.0,0.9831019915509958,0.0,0.0,0.11464968152866242,1.0,1.0,1.0,1.0,1.0,1.0,-3.0517578125e-05,-3.0517578125e-05,-3.0517578125e-05,-3.0517578125e-05,-3.0517578125e-05,-3.0517578125e-05,K,2,2026-08-24_23-25-27,2026-08-24
1.0,0.9782739891369946,0.0,0.0,0.1910828025477707,1.0,1.0,1.0,1.0,1.0,1.0,-3.0517578125e-05,-3.0517578125e-05,-3.0517578125e-05,-3.0517578125e-05,-3.0517578125e-05,-3.0517578125e-05,K,3,2026-08-24_23-25-27,2026-08-24
1.0,0.9674109837054918,0.0,0.0,0.21656050955414013,1.0,1.0,1.0,1.0,1.0,1.0,-3.0517578125e-05,-3.0517578125e-05,-3.0517578125e-05,-3.0517578125e-05,-3.0517578125e-05,-3.0517578125e-05,K,3,2026-08-24_23-25-27,2026-08-24
1.0,0.9806879903439951,0.0,0.0,0.14012738853503184,1.0,1.0,1.0,1.0,1.0,1.0,-3.0517578125e-05,-3.0517578125e-05,-3.0517578125e-05,-3.0517578125e-05,-3.0517578125e-05,-3.0517578125e-05,K,3,2026-08-24_23-25-27,2026-08-24
1.0,0.96016898008449,0.0,0.0,0.14012738853503184,1.0,1.0,1.0,1.0,1.0,1.0,-3.0517578125e-05,-3.0517578125e-05,-3.0517578125e-05,-3.0517578125e-05,-3.0517578125e-05,-3.0517578125e-05,K,3,2026-08-24_23-25-27,2026-08-24
1.0,0.96016898008449,0.0,0.0,0.20382165605095542,1.0,1.0,1.0,1.0,1.0,1.0,-3.0517578125e-05,-3.0517578125e-05,-3.0517578125e-05,-3.0517578125e-05,-3.0517578125e-05,-3.0517578125e-05,K,3,2026-08-24_23-25-27,2026-08-24
1.0,0.975859987929994,0.0,0.0,0.12738853503184713,1.0,1.0,1.0,1.0,1.0,1.0,-3.0517578125e-05,-3.0517578125e-05,-3.0517578125e-05,-3.0517578125e-05,-3.0517578125e-05,-3.0517578125e-05,K,3,2026-08-24_23-25-27,2026-08-24
1.0,0.9662039831019915,0.0,0.0,0.16560509554140126,1.0,1.0,1.0,1.0,1.0,1.0,-3.0517578125e-05,-3.0517578125e-05,-3.0517578125e-05,-3.0517578125e-05,-3.0517578125e-05,-3.0517578125e-05,K,3,2026-08-24_23-25-27,2026-08-24
1.0,0.9794809897404949,0.0,0.0,0.14012738853503184,1.0,1.0,1.0,1.0,1.0,1.0,-3.0517578125e-05,-3.0517578125e-05,-3.0517578125e-05,-3.0517578125e-05,-3.0517578125e-05,-3.0517578125e-05,K,3,2026-08-24_23-25-27,2026-08-24
1.0,0.9505129752564876,0.0,0.0,0.21656050955414013,1.0,1.0,1.0,1.0,1.0,1.0,-3.0517578125e-05,-3.0517578125e-05,-3.0517578125e-05,-3.0517578125e-05,-3.0517578125e-05,-3.0517578125e-05,K,3,2026-08-24_23-25-27,2026-08-24
1.0,0.9806879903439951,0.0,0.0,0.21656050955414013,1.0,1.0,1.0,1.0,1.0,1.0,-3.0517578125e-05,-3.0517578125e-05,-3.0517578125e-05,-3.0517578125e-05,-3.0517578125e-05,-3.0517578125e-05,K,3,2026-08-24_23-25-27,2026-08-24
1.0,0.9662039831019915,0.0,0.0,0.21656050955414013,1.0,1.0,1.0,1.0,1.0,1.0,-3.0517578125e-05,-3.0517578125e-05,-3.0517578125e-05,-3.0517578125e-05,-3.0517578125e-05,-3.0517578125e-05,K,3,2026-08-24_23-25-27,2026-08-24
1.0,0.9806879903439951,0.0,0.0,0.22929936305732485,1.0,1.0,1.0,1.0,1.0,1.0,-3.0517578125e-05,-3.0517578125e-05,-3.0517578125e-05,-3.0517578125e-05,-3.0517578125e-05,-3.0517578125e-05,K,3,2026-08-24_23-25-27,2026-08-24
1.0,0.963789981894991,0.0,0.0,0.14012738853503184,1.0,1.0,1.0,1.0,1.0,1.0,-3.0517578125e-05,-3.0517578125e-05,-3.0517578125e-05,-3.0517578125e-05,-3.0517578125e-05,-3.0517578125e-05,K,3,2026-08-24_23-25-27,2026-08-24
1.0,0.9686179843089922,0.0,0.0,0.21656050955414013,1.0,1.0,1.0,1.0,1.0,1.0,-3.0517578125e-05,-3.0517578125e-05,-3.0517578125e-05,-3.0517578125e-05,-3.0517578125e-05,-3.0517578125e-05,K,3,2026-08-24_23-25-27,2026-08-24
1.0,0.9577549788774894,0.0,0.0,0.1910828025477707,1.0,1.0,1.0,1.0,1.0,1.0,-3.0517578125e-05,-3.0517578125e-05,-3.0517578125e-05,-3.0517578125e-05,-3.0517578125e-05,-3.0517578125e-05,K,3,2026-08-24_23-25-27,2026-08-24
1.0,0.9565479782739892,0.0,0.0,0.20382165605095542,1.0,1.0,1.0,1.0,1.0,1.0,-3.0517578125e-05,-3.0517578125e-05,-3.0517578125e-05,-3.0517578125e-05,-3.0517578125e-05,-3.0517578125e-05,K,3,2026-08-24_23-25-27,2026-08-24
1.0,0.9577549788774894,0.0,0.0,0.17834394904458598,1.0,1.0,1.0,1.0,1.0,1.0,-3.0517578125e-05,-3.0517578125e-05,-3.0517578125e-05,-3.0517578125e-05,-3.0517578125e-05,-3.0517578125e-05,K,3,2026-08-24_23-25-27,2026-08-24
1.0,0.9553409776704889,0.0,0.0,0.21656050955414013,1.0,1.0,1.0,1.0,1.0,1.0,-3.0517578125e-05,-3.0517578125e-05,-3.0517578125e-05,-3.0517578125e-05,-3.0517578125e-05,-3.0517578125e-05,K,3,2026-08-24_23-25-27,2026-08-24
1.0,0.96016898008449,0.0,0.0,0.22929936305732485,1.0,1.0,1.0,1.0,1.0,1.0,-3.0517578125e-05,-3.0517578125e-05,-3.0517578125e-05,-3.0517578125e-05,-3.0517578125e-05,-3.0517578125e-05,K,3,2026-08-24_23-25-27,2026-08-24
1.0,0.9613759806879904,0.0,0.0,0.22929936305732485,1.0,1.0,1.0,1.0,1.0,1.0,-3.0517578125e-05,-3.0517578125e-05,-3.0517578125e-05,-3.0517578125e-05,-3.0517578125e-05,-3.0517578125e-05,K,3,2026-08-24_23-25-27,2026-08-24
1.0,0.9577549788774894,0.0,0.0,0.16560509554140126,1.0,1.0,1.0,1.0,1.0,1.0,-3.0517578125e-05,-3.0517578125e-05,-3.0517578125e-05,-3.0517578125e-05,-3.0517578125e-05,-3.0517578125e-05,K,3,2026-08-24_23-25-27,2026-08-24
1.0,0.9577549788774894,0.0,0.0,0.17834394904458598,1.0,1.0,1.0,1.0,1.0,1.0,-3.0517578125e-05,-3.0517578125e-05,-3.0517578125e-05,-3.0517578125e-05,-3.0517578125e-05,-3.0517578125e-05,K,3,2026-08-24_23-25-27,2026-08-24
1.0,0.9613759806879904,0.0,0.0,0.17834394904458598,1.0,1.0,1.0,1.0,1.0,1.0,-3.0517578125e-05,-3.0517578125e-05,-3.0517578125e-05,-3.0517578125e-05,-3.0517578125e-05,-3.0517578125e-05,K,3,2026-08-24_23-25-27,2026-08-24
1.0,0.9529269764634882,0.0,0.0,0.17834394904458598,1.0,1.0,1.0,1.0,1.0,1.0,-3.0517578125e-05,-3.0517578125e-05,-3.0517578125e-05,-3.0517578125e-05,-3.0517578125e-05,-3.0517578125e-05,K,3,2026-08-24_23-25-27,2026-08-24
1.0,0.9734459867229933,0.0,0.0,0.25477707006369427,1.0,1.0,1.0,1.0,1.0,1.0,-3.0517578125e-05,-3.0517578125e-05,-3.0517578125e-05,-3.0517578125e-05,-3.0517578125e-05,-3.0517578125e-05,K,3,2026-08-24_23-25-27,2026-08-24
1.0,0.9613759806879904,0.0,0.0,0.17834394904458598,1.0,1.0,1.0,1.0,1.0,1.0,-3.0517578125e-05,-3.0517578125e-05,-3.0517578125e-05,-3.0517578125e-05,-3.0517578125e-05,-3.0517578125e-05,K,3,2026-08-24_23-25-27,2026-08-24
1.0,0.9480989740494871,0.0,0.0,0.20382165605095542,1.0,1.0,1.0,1.0,1.0,1.0,-3.0517578125e-05,-3.0517578125e-05,-3.0517578125e-05,-3.0517578125e-05,-3.0517578125e-05,-3.0517578125e-05,K,3,2026-08-24_23-25-27,2026-08-24
1.0,0.936028968014484,0.0,0.0,0.14012738853503184,1.0,1.0,1.0,1.0,1.0,1.0,-3.0517578125e-05,-3.0517578125e-05,-3.0517578125e-05,-3.0517578125e-05,-3.0517578125e-05,-3.0517578125e-05,K,3,2026-08-24_23-25-27,2026-08-24
1.0,0.9674109837054918,0.0,0.0,0.12738853503184713,1.0,1.0,1.0,1.0,1.0,1.0,-3.0517578125e-05,-3.0517578125e-05,-3.0517578125e-05,-3.0517578125e-05,-3.0517578125e-05,-3.0517578125e-05,K,3,2026-08-24_23-25-27,2026-08-24
1.0,0.9444779722389861,0.0,0.0,0.20382165605095542,1.0,1.0,1.0,1.0,1.0,1.0,-3.0517578125e-05,-3.0517578125e-05,-3.0517578125e-05,-3.0517578125e-05,-3.0517578125e-05,-3.0517578125e-05,K,3,2026-08-24_23-25-27,2026-08-24
1.0,0.9493059746529873,0.0,0.0,0.24203821656050956,1.0,1.0,1.0,1.0,1.0,1.0,-3.0517578125e-05,-3.0517578125e-05,-3.0517578125e-05,-3.0517578125e-05,-3.0517578125e-05,-3.0517578125e-05,K,3,2026-08-24_23-25-27,2026-08-24
1.0,0.9432709716354858,0.0,0.0,0.25477707006369427,1.0,1.0,1.0,1.0,1.0,1.0,-3.0517578125e-05,-3.0517578125e-05,-3.0517578125e-05,-3.0517578125e-05,-3.0517578125e-05,-3.0517578125e-05,K,3,2026-08-24_23-25-27,2026-08-24
1.0,0.9468919734459867,0.0,0.0,0.07643312101910828,1.0,1.0,1.0,1.0,1.0,1.0,-3.0517578125e-05,-3.0517578125e-05,-3.0517578125e-05,-3.0517578125e-05,-3.0517578125e-05,-3.0517578125e-05,K,3,2026-08-24_23-25-27,2026-08-24
1.0,0.9420639710319855,0.0,0.0,0.24203821656050956,1.0,1.0,1.0,1.0,1.0,1.0,-3.0517578125e-05,-3.0517578125e-05,-3.0517578125e-05,-3.0517578125e-05,-3.0517578125e-05,-3.0517578125e-05,K,3,2026-08-24_23-25-27,2026-08-24
1.0,0.9565479782739892,0.0,0.0,0.15286624203821655,1.0,1.0,1.0,1.0,1.0,1.0,-3.0517578125e-05,-3.0517578125e-05,-3.0517578125e-05,-3.0517578125e-05,-3.0517578125e-05,-3.0517578125e-05,K,3,2026-08-24_23-25-27,2026-08-24
1.0,0.9529269764634882,0.0,0.0,0.3184713375796178,1.0,1.0,1.0,1.0,1.0,1.0,-3.0517578125e-05,-3.0517578125e-05,-3.0517578125e-05,-3.0517578125e-05,-3.0517578125e-05,-3.0517578125e-05,K,3,2026-08-24_23-25-27,2026-08-24
1.0,0.9432709716354858,0.0,0.0,0.17834394904458598,1.0,1.0,1.0,1.0,1.0,1.0,-3.0517578125e-05,-3.0517578125e-05,-3.0517578125e-05,-3.0517578125e-05,-3.0517578125e-05,-3.0517578125e-05,K,3,2026-08-24_23-25-27,2026-08-24
1.0,0.9444779722389861,0.0,0.0,0.20382165605095542,1.0,1.0,1.0,1.0,1.0,1.0,-3.0517578125e-05,-3.0517578125e-05,-3.0517578125e-05,-3.0517578125e-05,-3.0517578125e-05,-3.0517578125e-05,K,3,2026-08-24_23-25-27,2026-08-24
1.0,0.9456849728424864,0.0,0.0,0.20382165605095542,1.0,1.0,1.0,1.0,1.0,1.0,-3.0517578125e-05,-3.0517578125e-05,-3.0517578125e-05,-3.0517578125e-05,-3.0517578125e-05,-3.0517578125e-05,K,3,2026-08-24_23-25-27,2026-08-24
1.0,0.9529269764634882,0.0,0.0,0.17834394904458598,1.0,1.0,1.0,1.0,1.0,1.0,-3.0517578125e-05,-3.0517578125e-05,-3.0517578125e-05,-3.0517578125e-05,-3.0517578125e-05,-3.0517578125e-05,K,3,2026-08-24_23-25-27,2026-08-24
1.0,0.9794809897404949,0.0,0.0,0.5987261146496815,1.0,1.0,1.0,1.0,1.0,1.0,-3.0517578125e-05,-3.0517578125e-05,-3.0517578125e-05,-3.0517578125e-05,-3.0517578125e-05,-3.0517578125e-05,K,4,2026-08-24_23-25-27,2026-08-24
1.0,0.9782739891369946,0.0,0.0,0.5605095541401274,1.0,1.0,1.0,1.0,1.0,1.0,-3.0517578125e-05,-3.0517578125e-05,-3.0517578125e-05,-3.0517578125e-05,-3.0517578125e-05,-3.0517578125e-05,K,4,2026-08-24_23-25-27,2026-08-24
1.0,0.9710319855159928,0.0,0.0,0.4840764331210191,1.0,1.0,1.0,1.0,1.0,1.0,-3.0517578125e-05,-3.0517578125e-05,-3.0517578125e-05,-3.0517578125e-05,-3.0517578125e-05,-3.0517578125e-05,K,4,2026-08-24_23-25-27,2026-08-24
1.0,0.9734459867229933,0.0,0.0,0.4840764331210191,1.0,1.0,1.0,1.0,1.0,1.0,-3.0517578125e-05,-3.0517578125e-05,-3.0517578125e-05,-3.0517578125e-05,-3.0517578125e-05,-3.0517578125e-05,K,4,2026-08-24_23-25-27,2026-08-24
1.0,0.963789981894991,0.0,0.0,0.4585987261146497,1.0,1.0,1.0,1.0,1.0,1.0,-3.0517578125e-05,-3.0517578125e-05,-3.0517578125e-05,-3.0517578125e-05,-3.0517578125e-05,-3.0517578125e-05,K,4,2026-08-24_23-25-27,2026-08-24
1.0,0.9734459867229933,0.0,0.0,0.5222929936305732,1.0,1.0,1.0,1.0,1.0,1.0,-3.0517578125e-05,-3.0517578125e-05,-3.0517578125e-05,-3.0517578125e-05,-3.0517578125e-05,-3.0517578125e-05,K,4,2026-08-24_23-25-27,2026-08-24
1.0,0.9553409776704889,0.0,0.0,0.4585987261146497,1.0,1.0,1.0,1.0,1.0,1.0,-3.0517578125e-05,-3.0517578125e-05,-3.0517578125e-05,-3.0517578125e-05,-3.0517578125e-05,-3.0517578125e-05,K,4,2026-08-24_23-25-27,2026-08-24
1.0,0.9722389861194931,0.0,0.0,0.39490445859872614,1.0,1.0,1.0,1.0,1.0,1.0,-3.0517578125e-05,-3.0517578125e-05,-3.0517578125e-05,-3.0517578125e-05,-3.0517578125e-05,-3.0517578125e-05,K,4,2026-08-24_23-25-27,2026-08-24
1.0,0.9734459867229933,0.0,0.0,0.445859872611465,1.0,1.0,1.0,1.0,1.0,1.0,-3.0517578125e-05,-3.0517578125e-05,-3.0517578125e-05,-3.0517578125e-05,-3.0517578125e-05,-3.0517578125e-05,K,4,2026-08-24_23-25-27,2026-08-24
1.0,0.975859987929994,0.0,0.0,0.5477707006369427,1.0,1.0,1.0,1.0,1.0,1.0,-3.0517578125e-05,-3.0517578125e-05,-3.0517578125e-05,-3.0517578125e-05,-3.0517578125e-05,-3.0517578125e-05,K,4,2026-08-24_23-25-27,2026-08-24
1.0,0.9722389861194931,0.0,0.0,0.535031847133758,1.0,1.0,1.0,1.0,1.0,1.0,-3.0517578125e-05,-3.0517578125e-05,-3.0517578125e-05,-3.0517578125e-05,-3.0517578125e-05,-3.0517578125e-05,K,4,2026-08-24_23-25-27,2026-08-24
1.0,0.9420639710319855,0.0,0.0,0.2929936305732484,1.0,1.0,1.0,1.0,1.0,1.0,-3.0517578125e-05,-3.0517578125e-05,-3.0517578125e-05,-3.0517578125e-05,-3.0517578125e-05,-3.0517578125e-05,K,4,2026-08-24_23-25-27,2026-08-24
1.0,0.9613759806879904,0.0,0.0,0.5477707006369427,1.0,1.0,1.0,1.0,1.0,1.0,-3.0517578125e-05,-3.0517578125e-05,-3.0517578125e-05,-3.0517578125e-05,-3.0517578125e-05,-3.0517578125e-05,K,4,2026-08-24_23-25-27,2026-08-24
1.0,0.9625829812914907,0.0,0.0,0.4713375796178344,1.0,1.0,1.0,1.0,1.0,1.0,-3.0517578125e-05,-3.0517578125e-05,-3.0517578125e-05,-3.0517578125e-05,-3.0517578125e-05,-3.0517578125e-05,K,4,2026-08-24_23-25-27,2026-08-24
1.0,0.9831019915509958,0.0,0.0,0.4713375796178344,1.0,1.0,1.0,1.0,1.0,1.0,-3.0517578125e-05,-3.0517578125e-05,-3.0517578125e-05,-3.0517578125e-05,-3.0517578125e-05,-3.0517578125e-05,K,4,2026-08-24_23-25-27,2026-08-24
1.0,0.9722389861194931,0.0,0.0,0.40764331210191085,1.0,1.0,1.0,1.0,1.0,1.0,-3.0517578125e-05,-3.0517578125e-05,-3.0517578125e-05,-3.0517578125e-05,-3.0517578125e-05,-3.0517578125e-05,K,4,2026-08-24_23-25-27,2026-08-24
1.0,0.9746529873264936,0.0,0.0,0.4968152866242038,1.0,1.0,1.0,1.0,1.0,1.0,-3.0517578125e-05,-3.0517578125e-05,-3.0517578125e-05,-3.0517578125e-05,-3.0517578125e-05,-3.0517578125e-05,K,4,2026-08-24_23-25-27,2026-08-24
1.0,0.9722389861194931,0.0,0.0,0.7515923566878981,1.0,1.0,1.0,1.0,1.0,1.0,-3.0517578125e-05,-3.0517578125e-05,-3.0517578125e-05,-3.0517578125e-05,-3.0517578125e-05,-3.0517578125e-05,K,4,2026-08-24_23-25-27,2026-08-24
1.0,0.9480989740494871,0.0,0.0,0.40764331210191085,1.0,1.0,1.0,1.0,1.0,1.0,-3.0517578125e-05,-3.0517578125e-05,-3.0517578125e-05,-3.0517578125e-05,-3.0517578125e-05,-3.0517578125e-05,K,4,2026-08-24_23-25-27,2026-08-24
1.0,0.9806879903439951,0.0,0.0,0.5222929936305732,1.0,1.0,1.0,1.0,1.0,1.0,-3.0517578125e-05,-3.0517578125e-05,-3.0517578125e-05,-3.0517578125e-05,-3.0517578125e-05,-3.0517578125e-05,K,4,2026-08-24_23-25-27,2026-08-24
1.0,0.9698249849124925,0.0,0.0,0.4840764331210191,1.0,1.0,1.0,1.0,1.0,1.0,-3.0517578125e-05,-3.0517578125e-05,-3.0517578125e-05,-3.0517578125e-05,-3.0517578125e-05,-3.0517578125e-05,K,4,2026-08-24_23-25-27,2026-08-24
1.0,0.9649969824984912,0.0,0.0,0.36942675159235666,1.0,1.0,1.0,1.0,1.0,1.0,-3.0517578125e-05,-3.0517578125e-05,-3.0517578125e-05,-3.0517578125e-05,-3.0517578125e-05,-3.0517578125e-05,K,4,2026-08-24_23-25-27,2026-08-24
1.0,0.9710319855159928,0.0,0.0,0.5987261146496815,1.0,1.0,1.0,1.0,1.0,1.0,-3.0517578125e-05,-3.0517578125e-05,-3.0517578125e-05,-3.0517578125e-05,-3.0517578125e-05,-3.0517578125e-05,K,4,2026-08-24_23-25-27,2026-08-24
1.0,0.9698249849124925,0.0,0.0,0.4840764331210191,1.0,1.0,1.0,1.0,1.0,1.0,-3.0517578125e-05,-3.0517578125e-05,-3.0517578125e-05,-3.0517578125e-05,-3.0517578125e-05,-3.0517578125e-05,K,4,2026-08-24_23-25-27,2026-08-24
1.0,0.9625829812914907,0.0,0.0,0.5222929936305732,1.0,1.0,1.0,1.0,1.0,1.0,-3.0517578125e-05,-3.0517578125e-05,-3.0517578125e-05,-3.0517578125e-05,-3.0517578125e-05,-3.0517578125e-05,K,4,2026-08-24_23-25-27,2026-08-24
1.0,0.9649969824984912,0.0,0.0,0.4968152866242038,1.0,1.0,1.0,1.0,1.0,1.0,-3.0517578125e-05,-3.0517578125e-05,-3.0517578125e-05,-3.0517578125e-05,-3.0517578125e-05,-3.0517578125e-05,K,4,2026-08-24_23-25-27,2026-08-24
1.0,0.9674109837054918,0.0,0.0,0.4713375796178344,1.0,1.0,1.0,1.0,1.0,1.0,-3.0517578125e-05,-3.0517578125e-05,-3.0517578125e-05,-3.0517578125e-05,-3.0517578125e-05,-3.0517578125e-05,K,4,2026-08-24_23-25-27,2026-08-24
1.0,0.9746529873264936,0.0,0.0,0.4840764331210191,1.0,1.0,1.0,1.0,1.0,1.0,-3.0517578125e-05,-3.0517578125e-05,-3.0517578125e-05,-3.0517578125e-05,-3.0517578125e-05,-3.0517578125e-05,K,4,2026-08-24_23-25-27,2026-08-24
1.0,0.9613759806879904,0.0,0.0,0.4840764331210191,1.0,1.0,1.0,1.0,1.0,1.0,-3.0517578125e-05,-3.0517578125e-05,-3.0517578125e-05,-3.0517578125e-05,-3.0517578125e-05,-3.0517578125e-05,K,4,2026-08-24_23-25-27,2026-08-24
1.0,0.9686179843089922,0.0,0.0,0.5477707006369427,1.0,1.0,1.0,1.0,1.0,1.0,-3.0517578125e-05,-3.0517578125e-05,-3.0517578125e-05,-3.0517578125e-05,-3.0517578125e-05,-3.0517578125e-05,K,4,2026-08-24_23-25-27,2026-08-24
1.0,0.9698249849124925,0.0,0.0,0.4840764331210191,1.0,1.0,1.0,1.0,1.0,1.0,-3.0517578125e-05,-3.0517578125e-05,-3.0517578125e-05,-3.0517578125e-05,-3.0517578125e-05,-3.0517578125e-05,K,4,2026-08-24_23-25-27,2026-08-24
1.0,0.9649969824984912,0.0,0.0,0.6242038216560509,1.0,1.0,1.0,1.0,1.0,1.0,-3.0517578125e-05,-3.0517578125e-05,-3.0517578125e-05,-3.0517578125e-05,-3.0517578125e-05,-3.0517578125e-05,K,4,2026-08-24_23-25-27,2026-08-24
1.0,0.9625829812914907,0.0,0.0,0.5477707006369427,1.0,1.0,1.0,1.0,1.0,1.0,-3.0517578125e-05,-3.0517578125e-05,-3.0517578125e-05,-3.0517578125e-05,-3.0517578125e-05,-3.0517578125e-05,K,4,2026-08-24_23-25-27,2026-08-24
1.0,0.9613759806879904,0.0,0.0,0.5732484076433121,1.0,1.0,1.0,1.0,1.0,1.0,-3.0517578125e-05,-3.0517578125e-05,-3.0517578125e-05,-3.0517578125e-05,-3.0517578125e-05,-3.0517578125e-05,K,4,2026-08-24_23-25-27,2026-08-24
1.0,0.9662039831019915,0.0,0.0,0.5605095541401274,1.0,1.0,1.0,1.0,1.0,1.0,-3.0517578125e-05,-3.0517578125e-05,-3.0517578125e-05,-3.0517578125e-05,-3.0517578125e-05,-3.0517578125e-05,K,4,2026-08-24_23-25-27,2026-08-24
1.0,0.9746529873264936,0.0,0.0,0.40764331210191085,1.0,1.0,1.0,1.0,1.0,1.0,-3.0517578125e-05,-3.0517578125e-05,-3.0517578125e-05,-3.0517578125e-05,-3.0517578125e-05,-3.0517578125e-05,K,4,2026-08-24_23-25-27,2026-08-24
1.0,0.9746529873264936,0.0,0.0,0.4968152866242038,1.0,1.0,1.0,1.0,1.0,1.0,-3.0517578125e-05,-3.0517578125e-05,-3.0517578125e-05,-3.0517578125e-05,-3.0517578125e-05,-3.0517578125e-05,K,4,2026-08-24_23-25-27,2026-08-24
1.0,0.9698249849124925,0.0,0.0,0.4840764331210191,1.0,1.0,1.0,1.0,1.0,1.0,-3.0517578125e-05,-3.0517578125e-05,-3.0517578125e-05,-3.0517578125e-05,-3.0517578125e-05,-3.0517578125e-05,K,4,2026-08-24_23-25-27,2026-08-24
1.0,0.9577549788774894,0.0,0.0,0.4713375796178344,1.0,1.0,1.0,1.0,1.0,1.0,-3.0517578125e-05,-3.0517578125e-05,-3.0517578125e-05,-3.0517578125e-05,-3.0517578125e-05,-3.0517578125e-05,K,4,2026-08-24_23-25-27,2026-08-24
1.0,0.9625829812914907,0.0,0.0,0.445859872611465,1.0,1.0,1.0,1.0,1.0,1.0,-3.0517578125e-05,-3.0517578125e-05,-3.0517578125e-05,-3.0517578125e-05,-3.0517578125e-05,-3.0517578125e-05,K,4,2026-08-24_23-25-27,2026-08-24
1.0,1.0,0.990990990990991,0.0,0.0,1.0,1.0,1.0,1.0,1.0,1.0,-3.0517578125e-05,-3.0517578125e-05,-3.0517578125e-05,-3.0517578125e-05,-3.0517578125e-05,-3.0517578125e-05,L,0,2026-08-24_23-25-27,2026-08-24
1.0,1.0,0.9887387387387387,0.0,0.06369426751592357,1.0,1.0,1.0,1.0,1.0,1.0,-3.0517578125e-05,-3.0517578125e-05,-3.0517578125e-05,-3.0517578125e-05,-3.0517578125e-05,-3.0517578125e-05,L,0,2026-08-24_23-25-27,2026-08-24
1.0,1.0,1.0,0.0,0.0,1.0,1.0,1.0,1.0,1.0,1.0,-3.0517578125e-05,-3.0517578125e-05,-3.0517578125e-05,-3.0517578125e-05,-3.0517578125e-05,-3.0517578125e-05,L,0,2026-08-24_23-25-27,2026-08-24
1.0,1.0,0.9887387387387387,0.0,0.0,1.0,1.0,1.0,1.0,1.0,1.0,-3.0517578125e-05,-3.0517578125e-05,-3.0517578125e-05,-3.0517578125e-05,-3.0517578125e-05,-3.0517578125e-05,L,0,2026-08-24_23-25-27,2026-08-24
1.0,0.9987929993964997,0.9887387387387387,0.0,0.012738853503184714,1.0,1.0,1.0,1.0,1.0,1.0,-3.0517578125e-05,-3.0517578125e-05,-3.0517578125e-05,-3.0517578125e-05,-3.0517578125e-05,-3.0517578125e-05,L,0,2026-08-24_23-25-27,2026-08-24
1.0,0.9975859987929994,0.9977477477477478,0.0,0.0,1.0,1.0,1.0,1.0,1.0,1.0,-3.0517578125e-05,-3.0517578125e-05,-3.0517578125e-05,-3.0517578125e-05,-3.0517578125e-05,-3.0517578125e-05,L,0,2026-08-24_23-25-27,2026-08-24
1.0,1.0,1.0,0.0,0.0,1.0,1.0,1.0,1.0,1.0,1.0,-3.0517578125e-05,-3.0517578125e-05,-3.0517578125e-05,-3.0517578125e-05,-3.0517578125e-05,-3.0517578125e-05,L,0,2026-08-24_23-25-27,2026-08-24
1.0,0.9927579963789982,0.9752252252252253,0.0,0.03821656050955414,1.0,1.0,1.0,1.0,1.0,1.0,-3.0517578125e-05,-3.0517578125e-05,-3.0517578125e-05,-3.0517578125e-05,-3.0517578125e-05,-3.0517578125e-05,L,0,2026-08-24_23-25-27,2026-08-24
1.0,1.0,0.9977477477477478,0.0,0.0,1.0,1.0,1.0,1.0,1.0,1.0,-3.0517578125e-05,-3.0517578125e-05,-3.0517578125e-05,-3.0517578125e-05,-3.0517578125e-05,-3.0517578125e-05,L,0,2026-08-24_23-25-27,2026-08-24
1.0,1.0,1.0,0.0,0.0,1.0,1.0,1.0,1.0,1.0,1.0,-3.0517578125e-05,-3.0517578125e-05,-3.0517578125e-05,-3.0517578125e-05,-3.0517578125e-05,-3.0517578125e-05,L,0,2026-08-24_23-25-27,2026-08-24
1.0,1.0,1.0,0.0,0.050955414012738856,1.0,1.0,1.0,1.0,1.0,1.0,-3.0517578125e-05,-3.0517578125e-05,-3.0517578125e-05,-3.0517578125e-05,-3.0517578125e-05,-3.0517578125e-05,L,0,2026-08-24_23-25-27,2026-08-24
1.0,0.996378998189499,0.963963963963964,0.0,0.0,1.0,1.0,1.0,1.0,1.0,1.0,-3.0517578125e-05,-3.0517578125e-05,-3.0517578125e-05,-3.0517578125e-05,-3.0517578125e-05,-3.0517578125e-05,L,0,2026-08-24_23-25-27,2026-08-24
1.0,1.0,1.0,0.0,0.0,1.0,1.0,1.0,1.0,1.0,1.0,-3.0517578125e-05,-3.0517578125e-05,-3.0517578125e-05,-3.0517578125e-05,-3.0517578125e-05,-3.0517578125e-05,L,0,2026-08-24_23-25-27,2026-08-24
1.0,1.0,0.9842342342342343,0.0,0.012738853503184714,1.0,1.0,1.0,1.0,1.0,1.0,-3.0517578125e-05,-3.0517578125e-05,-3.0517578125e-05,-3.0517578125e-05,-3.0517578125e-05,-3.0517578125e-05,L,0,2026-08-24_23-25-27,2026-08-24
1.0,1.0,1.0,0.0,0.025477707006369428,1.0,1.0,1.0,1.0,1.0,1.0,-3.0517578125e-05,-3.0517578125e-05,-3.0517578125e-05,-3.0517578125e-05,-3.0517578125e-05,-3.0517578125e-05,L,0,2026-08-24_23-25-27,2026-08-24
1.0,1.0,0.9842342342342343,0.0,0.025477707006369428,1.0,1.0,1.0,1.0,1.0,1.0,-3.0517578125e-05,-3.0517578125e-05,-3.0517578125e-05,-3.0517578125e-05,-3.0517578125e-05,-3.0517578125e-05,L,0,2026-08-24_23-25-27,2026-08-24
1.0,1.0,0.990990990990991,0.0,0.012738853503184714,1.0,1.0,1.0,1.0,1.0,1.0,-3.0517578125e-05,-3.0517578125e-05,-3.0517578125e-05,-3.0517578125e-05,-3.0517578125e-05,-3.0517578125e-05,L,0,2026-08-24_23-25-27,2026-08-24
1.0,1.0,1.0,0.0,0.050955414012738856,1.0,1.0,1.0,1.0,1.0,1.0,-3.0517578125e-05,-3.0517578125e-05,-3.0517578125e-05,-3.0517578125e-05,-3.0517578125e-05,-3.0517578125e-05,L,0,2026-08-24_23-25-27,2026-08-24
1.0,1.0,1.0,0.0,0.06369426751592357,1.0,1.0,1.0,1.0,1.0,1.0,-3.0517578125e-05,-3.0517578125e-05,-3.0517578125e-05,-3.0517578125e-05,-3.0517578125e-05,-3.0517578125e-05,L,0,2026-08-24_23-25-27,2026-08-24
1.0,1.0,0.9774774774774775,0.0,0.0,1.0,1.0,1.0,1.0,1.0,1.0,-3.0517578125e-05,-3.0517578125e-05,-3.0517578125e-05,-3.0517578125e-05,-3.0517578125e-05,-3.0517578125e-05,L,0,2026-08-24_23-25-27,2026-08-24
1.0,1.0,0.9887387387387387,0.0,0.0,1.0,1.0,1.0,1.0,1.0,1.0,-3.0517578125e-05,-3.0517578125e-05,-3.0517578125e-05,-3.0517578125e-05,-3.0517578125e-05,-3.0517578125e-05,L,0,2026-08-24_23-25-27,2026-08-24
1.0,1.0,0.9819819819819819,0.0,0.012738853503184714,1.0,1.0,1.0,1.0,1.0,1.0,-3.0517578125e-05,-3.0517578125e-05,-3.0517578125e-05,-3.0517578125e-05,-3.0517578125e-05,-3.0517578125e-05,L,0,2026-08-24_23-25-27,2026-08-24
1.0,0.987929993964997,0.954954954954955,0.0,0.0,1.0,1.0,1.0,1.0,1.0,1.0,-3.0517578125e-05,-3.0517578125e-05,-3.0517578125e-05,-3.0517578125e-05,-3.0517578125e-05,-3.0517578125e-05,L,0,2026-08-24_23-25-27,2026-08-24
1.0,1.0,1.0,0.0,0.0,1.0,1.0,1.0,1.0,1.0,1.0,-3.0517578125e-05,-3.0517578125e-05,-3.0517578125e-05,-3.0517578125e-05,-3.0517578125e-05,-3.0517578125e-05,L,0,2026-08-24_23-25-27,2026-08-24
1.0,1.0,1.0,0.0,0.012738853503184714,1.0,1.0,1.0,1.0,1.0,1.0,-3.0517578125e-05,-3.0517578125e-05,-3.0517578125e-05,-3.0517578125e-05,-3.0517578125e-05,-3.0517578125e-05,L,0,2026-08-24_23-25-27,2026-08-24
1.0,1.0,1.0,0.0,0.0,1.0,1.0,1.0,1.0,1.0,1.0,-3.0517578125e-05,-3.0517578125e-05,-3.0517578125e-05,-3.0517578125e-05,-3.0517578125e-05,-3.0517578125e-05,L,0,2026-08-24_23-25-27,2026-08-24
1.0,1.0,1.0,0.0,0.03821656050955414,1.0,1.0,1.0,1.0,1.0,1.0,-3.0517578125e-05,-3.0517578125e-05,-3.0517578125e-05,-3.0517578125e-05,-3.0517578125e-05,-3.0517578125e-05,L,0,2026-08-24_23-25-27,2026-08-24
1.0,0.9927579963789982,0.990990990990991,0.0,0.0,1.0,1.0,1.0,1.0,1.0,1.0,-3.0517578125e-05,-3.0517578125e-05,-3.0517578125e-05,-3.0517578125e-05,-3.0517578125e-05,-3.0517578125e-05,L,0,2026-08-24_23-25-27,2026-08-24
1.0,1.0,1.0,0.0,0.06369426751592357,1.0,1.0,1.0,1.0,1.0,1.0,-3.0517578125e-05,-3.0517578125e-05,-3.0517578125e-05,-3.0517578125e-05,-3.0517578125e-05,-3.0517578125e-05,L,0,2026-08-24_23-25-27,2026-08-24
1.0,0.9818949909474954,0.954954954954955,0.0,0.0,1.0,1.0,1.0,1.0,1.0,1.0,-3.0517578125e-05,-3.0517578125e-05,-3.0517578125e-05,-3.0517578125e-05,-3.0517578125e-05,-3.0517578125e-05,L,0,2026-08-24_23-25-27,2026-08-24
1.0,1.0,0.9887387387387387,0.0,0.0,1.0,1.0,1.0,1.0,1.0,1.0,-3.0517578125e-05,-3.0517578125e-05,-3.0517578125e-05,-3.0517578125e-05,-3.0517578125e-05,-3.0517578125e-05,L,0,2026-08-24_23-25-27,2026-08-24
1.0,0.9831019915509958,0.9572072072072072,0.0,0.0,1.0,1.0,1.0,1.0,1.0,1.0,-3.0517578125e-05,-3.0517578125e-05,-3.0517578125e-05,-3.0517578125e-05,-3.0517578125e-05,-3.0517578125e-05,L,0,2026-08-24_23-25-27,2026-08-24
1.0,1.0,1.0,0.0,0.0,1.0,1.0,1.0,1.0,1.0,1.0,-3.0517578125e-05,-3.0517578125e-05,-3.0517578125e-05,-3.0517578125e-05,-3.0517578125e-05,-3.0517578125e-05,L,0,2026-08-24_23-25-27,2026-08-24
1.0,0.9987929993964997,0.9819819819819819,0.0,0.0,1.0,1.0,1.0,1.0,1.0,1.0,-3.0517578125e-05,-3.0517578125e-05,-3.0517578125e-05,-3.0517578125e-05,-3.0517578125e-05,-3.0517578125e-05,L,0,2026-08-24_23-25-27,2026-08-24
1.0,0.9975859987929994,0.9887387387387387,0.0,0.0,1.0,1.0,1.0,1.0,1.0,1.0,-3.0517578125e-05,-3.0517578125e-05,-3.0517578125e-05,-3.0517578125e-05,-3.0517578125e-05,-3.0517578125e-05,L,0,2026-08-24_23-25-27,2026-08-24
1.0,1.0,0.9887387387387387,0.0,0.050955414012738856,1.0,1.0,1.0,1.0,1.0,1.0,-3.0517578125e-05,-3.0517578125e-05,-3.0517578125e-05,-3.0517578125e-05,-3.0517578125e-05,-3.0517578125e-05,L,0,2026-08-24_23-25-27,2026-08-24
1.0,1.0,0.9842342342342343,0.0,0.025477707006369428,1.0,1.0,1.0,1.0,1.0,1.0,-3.0517578125e-05,-3.0517578125e-05,-3.0517578125e-05,-3.0517578125e-05,-3.0517578125e-05,-3.0517578125e-05,L,0,2026-08-24_23-25-27,2026-08-24
1.0,1.0,1.0,0.0,0.012738853503184714,1.0,1.0,1.0,1.0,1.0,1.0,-3.0517578125e-05,-3.0517578125e-05,-3.0517578125e-05,-3.0517578125e-05,-3.0517578125e-05,-3.0517578125e-05,L,0,2026-08-24_23-25-27,2026-08-24
1.0,0.9951719975859988,0.9842342342342343,0.0,0.012738853503184714,1.0,1.0,1.0,1.0,1.0,1.0,-3.0517578125e-05,-3.0517578125e-05,-3.0517578125e-05,-3.0517578125e-05,-3.0517578125e-05,-3.0517578125e-05,L,0,2026-08-24_23-25-27,2026-08-24
1.0,1.0,1.0,0.0,0.0,1.0,1.0,1.0,1.0,1.0,1.0,-3.0517578125e-05,-3.0517578125e-05,-3.0517578125e-05,-3.0517578125e-05,-3.0517578125e-05,-3.0517578125e-05,L,0,2026-08-24_23-25-27,2026-08-24
1.0,0.9674109837054918,1.0,0.0,0.06369426751592357,1.0,1.0,1.0,1.0,1.0,1.0,-3.0517578125e-05,-3.0517578125e-05,-3.0517578125e-05,-3.0517578125e-05,-3.0517578125e-05,-3.0517578125e-05,L,1,2026-08-24_23-25-27,2026-08-24
1.0,0.9686179843089922,1.0,0.0,0.12738853503184713,1.0,1.0,1.0,1.0,1.0,1.0,-3.0517578125e-05,-3.0517578125e-05,-3.0517578125e-05,-3.0517578125e-05,-3.0517578125e-05,-3.0517578125e-05,L,1,2026-08-24_23-25-27,2026-08-24
1.0,0.9722389861194931,1.0,0.0,0.0,1.0,1.0,1.0,1.0,1.0,1.0,-3.0517578125e-05,-3.0517578125e-05,-3.0517578125e-05,-3.0517578125e-05,-3.0517578125e-05,-3.0517578125e-05,L,1,2026-08-24_23-25-27,2026-08-24
1.0,0.9674109837054918,1.0,0.0,0.08917197452229299,1.0,1.0,1.0,1.0,1.0,1.0,-3.0517578125e-05,-3.0517578125e-05,-3.0517578125e-05,-3.0517578125e-05,-3.0517578125e-05,-3.0517578125e-05,L,1,2026-08-24_23-25-27,2026-08-24
1.0,0.9770669885334943,1.0,0.0,0.025477707006369428,1.0,1.0,1.0,1.0,1.0,1.0,-3.0517578125e-05,-3.0517578125e-05,-3.0517578125e-05,-3.0517578125e-05,-3.0517578125e-05,-3.0517578125e-05,L,1,2026-08-24_23-25-27,2026-08-24
1.0,0.9698249849124925,1.0,0.0,0.06369426751592357,1.0,1.0,1.0,1.0,1.0,1.0,-3.0517578125e-05,-3.0517578125e-05,-3.0517578125e-05,-3.0517578125e-05,-3.0517578125e-05,-3.0517578125e-05,L,1,2026-08-24_23-25-27,2026-08-24
1.0,0.9806879903439951,1.0,0.0,0.11464968152866242,1.0,1.0,1.0,1.0,1.0,1.0,-3.0517578125e-05,-3.0517578125e-05,-3.0517578125e-05,-3.0517578125e-05,-3.0517578125e-05,-3.0517578125e-05,L,1,2026-08-24_23-25-27,2026-08-24
1.0,0.9746529873264936,1.0,0.0,0.025477707006369428,1.0,1.0,1.0,1.0,1.0,1.0,-3.0517578125e-05,-3.0517578125e-05,-3.0517578125e-05,-3.0517578125e-05,-3.0517578125e-05,-3.0517578125e-05,L,1,2026-08-24_23-25-27,2026-08-24
1.0,0.9662039831019915,1.0,0.0,0.025477707006369428,1.0,1.0,1.0,1.0,1.0,1.0,-3.0517578125e-05,-3.0517578125e-05,-3.0517578125e-05,-3.0517578125e-05,-3.0517578125e-05,-3.0517578125e-05,L,1,2026-08-24_23-25-27,2026-08-24
1.0,0.9770669885334943,0.9977477477477478,0.0,0.03821656050955414,1.0,1.0,1.0,1.0,1.0,1.0,-3.0517578125e-05,-3.0517578125e-05,-3.0517578125e-05,-3.0517578125e-05,-3.0517578125e-05,-3.0517578125e-05,L,1,2026-08-24_23-25-27,2026-08-24
1.0,0.9746529873264936,1.0,0.0,0.0,1.0,1.0,1.0,1.0,1.0,1.0,-3.0517578125e-05,-3.0517578125e-05,-3.0517578125e-05,-3.0517578125e-05,-3.0517578125e-05,-3.0517578125e-05,L,1,2026-08-24_23-25-27,2026-08-24
1.0,0.9649969824984912,1.0,0.0,0.0,1.0,1.0,1.0,1.0,1.0,1.0,-3.0517578125e-05,-3.0517578125e-05,-3.0517578125e-05,-3.0517578125e-05,-3.0517578125e-05,-3.0517578125e-05,L,1,2026-08-24_23-25-27,2026-08-24
1.0,0.9770669885334943,1.0,0.0,0.07643312101910828,1.0,1.0,1.0,1.0,1.0,1.0,-3.0517578125e-05,-3.0517578125e-05,-3.0517578125e-05,-3.0517578125e-05,-3.0517578125e-05,-3.0517578125e-05,L,1,2026-08-24_23-25-27,2026-08-24
1.0,0.9770669885334943,1.0,0.0,0.08917197452229299,1.0,1.0,1.0,1.0,1.0,1.0,-3.0517578125e-05,-3.0517578125e-05,-3.0517578125e-05,-3.0517578125e-05,-3.0517578125e-05,-3.0517578125e-05,L,1,2026-08-24_23-25-27,2026-08-24
1.0,0.9674109837054918,1.0,0.0,0.03821656050955414,1.0,1.0,1.0,1.0,1.0,1.0,-3.0517578125e-05,-3.0517578125e-05,-3.0517578125e-05,-3.0517578125e-05,-3.0517578125e-05,-3.0517578125e-05,L,1,2026-08-24_23-25-27,2026-08-24
1.0,0.9613759806879904,1.0,0.0,0.06369426751592357,1.0,1.0,1.0,1.0,1.0,1.0,-3.0517578125e-05,-3.0517578125e-05,-3.0517578125e-05,-3.0517578125e-05,-3.0517578125e-05,-3.0517578125e-05,L,1,2026-08-24_23-25-27,2026-08-24
1.0,0.9674109837054918,1.0,0.0,0.11464968152866242,1.0,1.0,1.0,1.0,1.0,1.0,-3.0517578125e-05,-3.0517578125e-05,-3.0517578125e-05,-3.0517578125e-05,-3.0517578125e-05,-3.0517578125e-05,L,1,2026-08-24_23-25-27,2026-08-24
1.0,0.9734459867229933,1.0,0.0,0.0,1.0,1.0,1.0,1.0,1.0,1.0,-3.0517578125e-05,-3.0517578125e-05,-3.0517578125e-05,-3.0517578125e-05,-3.0517578125e-05,-3.0517578125e-05,L,1,2026-08-24_23-25-27,2026-08-24
1.0,0.9589619794809897,1.0,0.0,0.15286624203821655,1.0,1.0,1.0,1.0,1.0,1.0,-3.0517578125e-05,-3.0517578125e-05,-3.0517578125e-05,-3.0517578125e-05,-3.0517578125e-05,-3.0517578125e-05,L,1,2026-08-24_23-25-27,2026-08-24
1.0,0.9806879903439951,1.0,0.0,0.03821656050955414,1.0,1.0,1.0,1.0,1.0,1.0,-3.0517578125e-05,-3.0517578125e-05,-3.0517578125e-05,-3.0517578125e-05,-3.0517578125e-05,-3.0517578125e-05,L,1,2026-08-24_23-25-27,2026-08-24
1.0,0.96016898008449,1.0,0.0,0.025477707006369428,1.0,1.0,1.0,1.0,1.0,1.0,-3.0517578125e-05,-3.0517578125e-05,-3.0517578125e-05,-3.0517578125e-05,-3.0517578125e-05,-3.0517578125e-05,L,1,2026-08-24_23-25-27,2026-08-24
1.0,0.9613759806879904,1.0,0.0,0.0,1.0,1.0,1.0,1.0,1.0,1.0,-3.0517578125e-05,-3.0517578125e-05,-3.0517578125e-05,-3.0517578125e-05,-3.0517578125e-05,-3.0517578125e-05,L,1,2026-08-24_23-25-27,2026-08-24
1.0,0.9734459867229933,1.0,0.0,0.012738853503184714,1.0,1.0,1.0,1.0,1.0,1.0,-3.0517578125e-05,-3.0517578125e-05,-3.0517578125e-05,-3.0517578125e-05,-3.0517578125e-05,-3.0517578125e-05,L,1,2026-08-24_23-25-27,2026-08-24
1.0,0.9746529873264936,1.0,0.0,0.07643312101910828,1.0,1.0,1.0,1.0,1.0,1.0,-3.0517578125e-05,-3.0517578125e-05,-3.0517578125e-05,-3.0517578125e-05,-3.0517578125e-05,-3.0517578125e-05,L,1,2026-08-24_23-25-27,2026-08-24
1.0,0.9734459867229933,1.0,0.0,0.06369426751592357,1.0,1.0,1.0,1.0,1.0,1.0,-3.0517578125e-05,-3.0517578125e-05,-3.0517578125e-05,-3.0517578125e-05,-3.0517578125e-05,-3.0517578125e-05,L,1,2026-08-24_23-25-27,2026-08-24
1.0,0.9613759806879904,1.0,0.0,0.025477707006369428,1.0,1.0,1.0,1.0,1.0,1.0,-3.0517578125e-05,-3.0517578125e-05,-3.0517578125e-05,-3.0517578125e-05,-3.0517578125e-05,-3.0517578125e-05,L,1,2026-08-24_23-25-27,2026-08-24
1.0,0.9794809897404949,1.0,0.0,0.0,1.0,1.0,1.0,1.0,1.0,1.0,-3.0517578125e-05,-3.0517578125e-05,-3.0517578125e-05,-3.0517578125e-05,-3.0517578125e-05,-3.0517578125e-05,L,1,2026-08-24_23-25-27,2026-08-24
1.0,0.9746529873264936,1.0,0.0,0.025477707006369428,1.0,1.0,1.0,1.0,1.0,1.0,-3.0517578125e-05,-3.0517578125e-05,-3.0517578125e-05,-3.0517578125e-05,-3.0517578125e-05,-3.0517578125e-05,L,1,2026-08-24_23-25-27,2026-08-24
1.0,0.9686179843089922,1.0,0.0,0.0,1.0,1.0,1.0,1.0,1.0,1.0,-3.0517578125e-05,-3.0517578125e-05,-3.0517578125e-05,-3.0517578125e-05,-3.0517578125e-05,-3.0517578125e-05,L,1,2026-08-24_23-25-27,2026-08-24
1.0,0.9806879903439951,1.0,0.0,0.0,1.0,1.0,1.0,1.0,1.0,1.0,-3.0517578125e-05,-3.0517578125e-05,-3.0517578125e-05,-3.0517578125e-05,-3.0517578125e-05,-3.0517578125e-05,L,1,2026-08-24_23-25-27,2026-08-24
1.0,0.9710319855159928,1.0,0.0,0.012738853503184714,1.0,1.0,1.0,1.0,1.0,1.0,-3.0517578125e-05,-3.0517578125e-05,-3.0517578125e-05,-3.0517578125e-05,-3.0517578125e-05,-3.0517578125e-05,L,1,2026-08-24_23-25-27,2026-08-24
1.0,0.9613759806879904,1.0,0.0,0.0,1.0,1.0,1.0,1.0,1.0,1.0,-3.0517578125e-05,-3.0517578125e-05,-3.0517578125e-05,-3.0517578125e-05,-3.0517578125e-05,-3.0517578125e-05,L,1,2026-08-24_23-25-27,2026-08-24
1.0,0.9806879903439951,1.0,0.0,0.012738853503184714,1.0,1.0,1.0,1.0,1.0,1.0,-3.0517578125e-05,-3.0517578125e-05,-3.0517578125e-05,-3.0517578125e-05,-3.0517578125e-05,-3.0517578125e-05,L,1,2026-08-24_23-25-27,2026-08-24
1.0,0.9734459867229933,1.0,0.0,0.03821656050955414,1.0,1.0,1.0,1.0,1.0,1.0,-3.0517578125e-05,-3.0517578125e-05,-3.0517578125e-05,-3.0517578125e-05,-3.0517578125e-05,-3.0517578125e-05,L,1,2026-08-24_23-25-27,2026-08-24
1.0,0.9734459867229933,1.0,0.0,0.03821656050955414,1.0,1.0,1.0,1.0,1.0,1.0,-3.0517578125e-05,-3.0517578125e-05,-3.0517578125e-05,-3.0517578125e-05,-3.0517578125e-05,-3.0517578125e-05,L,1,2026-08-24_23-25-27,2026-08-24
1.0,0.9770669885334943,0.9887387387387387,0.0,0.14012738853503184,1.0,1.0,1.0,1.0,1.0,1.0,-3.0517578125e-05,-3.0517578125e-05,-3.0517578125e-05,-3.0517578125e-05,-3.0517578125e-05,-3.0517578125e-05,L,1,2026-08-24_23-25-27,2026-08-24
1.0,0.9662039831019915,0.9932432432432432,0.0,0.06369426751592357,1.0,1.0,1.0,1.0,1.0,1.0,-3.0517578125e-05,-3.0517578125e-05,-3.0517578125e-05,-3.0517578125e-05,-3.0517578125e-05,-3.0517578125e-05,L,1,2026-08-24_23-25-27,2026-08-24
1.0,0.975859987929994,1.0,0.0,0.07643312101910828,1.0,1.0,1.0,1.0,1.0,1.0,-3.0517578125e-05,-3.0517578125e-05,-3.0517578125e-05,-3.0517578125e-05,-3.0517578125e-05,-3.0517578125e-05,L,1,2026-08-24_23-25-27,2026-08-24
1.0,0.9698249849124925,0.9977477477477478,0.0,0.012738853503184714,1.0,1.0,1.0,1.0,1.0,1.0,-3.0517578125e-05,-3.0517578125e-05,-3.0517578125e-05,-3.0517578125e-05,-3.0517578125e-05,-3.0517578125e-05,L,1,2026-08-24_23-25-27,2026-08-24
1.0,0.9794809897404949,0.9797297297297297,0.0,0.0,1.0,1.0,1.0,1.0,1.0,1.0,-3.0517578125e-05,-3.0517578125e-05,-3.0517578125e-05,-3.0517578125e-05,-3.0517578125e-05,-3.0517578125e-05,L,1,2026-08-24_23-25-27,2026-08-24
1.0,1.0,1.0,0.0,0.025477707006369428,1.0,1.0,1.0,1.0,1.0,1.0,-3.0517578125e-05,-3.0517578125e-05,-3.0517578125e-05,-3.0517578125e-05,-3.0517578125e-05,-3.0517578125e-05,L,2,2026-08-24_23-25-27,2026-08-24
1.0,1.0,1.0,0.0,0.012738853503184714,1.0,1.0,1.0,1.0,1.0,1.0,-3.0517578125e-05,-3.0517578125e-05,-3.0517578125e-05,-3.0517578125e-05,-3.0517578125e-05,-3.0517578125e-05,L,2,2026-08-24_23-25-27,2026-08-24
1.0,1.0,1.0,0.0,0.0,1.0,1.0,1.0,1.0,1.0,1.0,-3.0517578125e-05,-3.0517578125e-05,-3.0517578125e-05,-3.0517578125e-05,-3.0517578125e-05,-3.0517578125e-05,L,2,2026-08-24_23-25-27,2026-08-24
1.0,1.0,1.0,0.0,0.0,1.0,1.0,1.0,1.0,1.0,1.0,-3.0517578125e-05,-3.0517578125e-05,-3.0517578125e-05,-3.0517578125e-05,-3.0517578125e-05,-3.0517578125e-05,L,2,2026-08-24_23-25-27,2026-08-24
1.0,1.0,1.0,0.0,0.0,1.0,1.0,1.0,1.0,1.0,1.0,-3.0517578125e-05,-3.0517578125e-05,-3.0517578125e-05,-3.0517578125e-05,-3.0517578125e-05,-3.0517578125e-05,L,2,2026-08-24_23-25-27,2026-08-24
1.0,1.0,1.0,0.0,0.0,1.0,1.0,1.0,1.0,1.0,1.0,-3.0517578125e-05,-3.0517578125e-05,-3.0517578125e-05,-3.0517578125e-05,-3.0517578125e-05,-3.0517578125e-05,L,2,2026-08-24_23-25-27,2026-08-24
1.0,0.9734459867229933,1.0,0.0,0.03821656050955414,1.0,1.0,1.0,1.0,1.0,1.0,-3.0517578125e-05,-3.0517578125e-05,-3.0517578125e-05,-3.0517578125e-05,-3.0517578125e-05,-3.0517578125e-05,L,2,2026-08-24_23-25-27,2026-08-24
1.0,1.0,1.0,0.0,0.0,1.0,1.0,1.0,1.0,1.0,1.0,-3.0517578125e-05,-3.0517578125e-05,-3.0517578125e-05,-3.0517578125e-05,-3.0517578125e-05,-3.0517578125e-05,L,2,2026-08-24_23-25-27,2026-08-24
1.0,1.0,1.0,0.0,0.0,1.0,1.0,1.0,1.0,1.0,1.0,-3.0517578125e-05,-3.0517578125e-05,-3.0517578125e-05,-3.0517578125e-05,-3.0517578125e-05,-3.0517578125e-05,L,2,2026-08-24_23-25-27,2026-08-24
1.0,1.0,1.0,0.0,0.0,1.0,1.0,1.0,1.0,1.0,1.0,-3.0517578125e-05,-3.0517578125e-05,-3.0517578125e-05,-3.0517578125e-05,-3.0517578125e-05,-3.0517578125e-05,L,2,2026-08-24_23-25-27,2026-08-24
1.0,1.0,1.0,0.0,0.0,1.0,1.0,1.0,1.0,1.0,1.0,-3.0517578125e-05,-3.0517578125e-05,-3.0517578125e-05,-3.0517578125e-05,-3.0517578125e-05,-3.0517578125e-05,L,2,2026-08-24_23-25-27,2026-08-24
1.0,0.9794809897404949,1.0,0.0,0.0,1.0,1.0,1.0,1.0,1.0,1.0,-3.0517578125e-05,-3.0517578125e-05,-3.0517578125e-05,-3.0517578125e-05,-3.0517578125e-05,-3.0517578125e-05,L,2,2026-08-24_23-25-27,2026-08-24
1.0,1.0,1.0,0.0,0.0,1.0,1.0,1.0,1.0,1.0,1.0,-3.0517578125e-05,-3.0517578125e-05,-3.0517578125e-05,-3.0517578125e-05,-3.0517578125e-05,-3.0517578125e-05,L,2,2026-08-24_23-25-27,2026-08-24
1.0,1.0,1.0,0.0,0.0,1.0,1.0,1.0,1.0,1.0,1.0,-3.0517578125e-05,-3.0517578125e-05,-3.0517578125e-05,-3.0517578125e-05,-3.0517578125e-05,-3.0517578125e-05,L,2,2026-08-24_23-25-27,2026-08-24
1.0,0.963789981894991,1.0,0.0,0.0,1.0,1.0,1.0,1.0,1.0,1.0,-3.0517578125e-05,-3.0517578125e-05,-3.0517578125e-05,-3.0517578125e-05,-3.0517578125e-05,-3.0517578125e-05,L,2,2026-08-24_23-25-27,2026-08-24
1.0,0.9686179843089922,1.0,0.0,0.050955414012738856,1.0,1.0,1.0,1.0,1.0,1.0,-3.0517578125e-05,-3.0517578125e-05,-3.0517578125e-05,-3.0517578125e-05,-3.0517578125e-05,-3.0517578125e-05,L,2,2026-08-24_23-25-27,2026-08-24
1.0,0.9782739891369946,1.0,0.0,0.0,1.0,1.0,1.0,1.0,1.0,1.0,-3.0517578125e-05,-3.0517578125e-05,-3.0517578125e-05,-3.0517578125e-05,-3.0517578125e-05,-3.0517578125e-05,L,2,2026-08-24_23-25-27,2026-08-24
1.0,1.0,1.0,0.0,0.0,1.0,1.0,1.0,1.0,1.0,1.0,-3.0517578125e-05,-3.0517578125e-05,-3.0517578125e-05,-3.0517578125e-05,-3.0517578125e-05,-3.0517578125e-05,L,2,2026-08-24_23-25-27,2026-08-24
1.0,0.9553409776704889,1.0,0.0,0.0,1.0,1.0,1.0,1.0,1.0,1.0,-3.0517578125e-05,-3.0517578125e-05,-3.0517578125e-05,-3.0517578125e-05,-3.0517578125e-05,-3.0517578125e-05,L,2,2026-08-24_23-25-27,2026-08-24
1.0,0.9770669885334943,1.0,0.0,0.0,1.0,1.0,1.0,1.0,1.0,1.0,-3.0517578125e-05,-3.0517578125e-05,-3.0517578125e-05,-3.0517578125e-05,-3.0517578125e-05,-3.0517578125e-05,L,2,2026-08-24_23-25-27,2026-08-24
1.0,0.9674109837054918,1.0,0.0,0.0,1.0,1.0,1.0,1.0,1.0,1.0,-3.0517578125e-05,-3.0517578125e-05,-3.0517578125e-05,-3.0517578125e-05,-3.0517578125e-05,-3.0517578125e-05,L,2,2026-08-24_23-25-27,2026-08-24
1.0,0.9674109837054918,1.0,0.0,0.0,1.0,1.0,1.0,1.0,1.0,1.0,-3.0517578125e-05,-3.0517578125e-05,-3.0517578125e-05,-3.0517578125e-05,-3.0517578125e-05,-3.0517578125e-05,L,2,2026-08-24_23-25-27,2026-08-24
1.0,0.9674109837054918,1.0,0.0,0.012738853503184714,1.0,1.0,1.0,1.0,1.0,1.0,-3.0517578125e-05,-3.0517578125e-05,-3.0517578125e-05,-3.0517578125e-05,-3.0517578125e-05,-3.0517578125e-05,L,2,2026-08-24_23-25-27,2026-08-24
1.0,0.9806879903439951,1.0,0.0,0.07643312101910828,1.0,1.0,1.0,1.0,1.0,1.0,-3.0517578125e-05,-3.0517578125e-05,-3.0517578125e-05,-3.0517578125e-05,-3.0517578125e-05,-3.0517578125e-05,L,2,2026-08-24_23-25-27,2026-08-24
1.0,0.9613759806879904,1.0,0.0,0.03821656050955414,1.0,1.0,1.0,1.0,1.0,1.0,-3.0517578125e-05,-3.0517578125e-05,-3.0517578125e-05,-3.0517578125e-05,-3.0517578125e-05,-3.0517578125e-05,L,2,2026-08-24_23-25-27,2026-08-24
1.0,0.9734459867229933,1.0,0.0,0.0,1.0,1.0,1.0,1.0,1.0,1.0,-3.0517578125e-05,-3.0517578125e-05,-3.0517578125e-05,-3.0517578125e-05,-3.0517578125e-05,-3.0517578125e-05,L,2,2026-08-24_23-25-27,2026-08-24
1.0,0.9529269764634882,1.0,0.0,0.025477707006369428,1.0,1.0,1.0,1.0,1.0,1.0,-3.0517578125e-05,-3.0517578125e-05,-3.0517578125e-05,-3.0517578125e-05,-3.0517578125e-05,-3.0517578125e-05,L,2,2026-08-24_23-25-27,2026-08-24
1.0,0.9770669885334943,1.0,0.0,0.03821656050955414,1.0,1.0,1.0,1.0,1.0,1.0,-3.0517578125e-05,-3.0517578125e-05,-3.0517578125e-05,-3.0517578125e-05,-3.0517578125e-05,-3.0517578125e-05,L,2,2026-08-24_23-25-27,2026-08-24
1.0,0.9722389861194931,1.0,0.0,0.0,1.0,1.0,1.0,1.0,1.0,1.0,-3.0517578125e-05,-3.0517578125e-05,-3.0517578125e-05,-3.0517578125e-05,-3.0517578125e-05,-3.0517578125e-05,L,2,2026-08-24_23-25-27,2026-08-24
1.0,0.987929993964997,1.0,0.0,0.06369426751592357,1.0,1.0,1.0,1.0,1.0,1.0,-3.0517578125e-05,-3.0517578125e-05,-3.0517578125e-05,-3.0517578125e-05,-3.0517578125e-05,-3.0517578125e-05,L,2,2026-08-24_23-25-27,2026-08-24
1.0,0.9710319855159928,1.0,0.0,0.11464968152866242,1.0,1.0,1.0,1.0,1.0,1.0,-3.0517578125e-05,-3.0517578125e-05,-3.0517578125e-05,-3.0517578125e-05,-3.0517578125e-05,-3.0517578125e-05,L,2,2026-08-24_23-25-27,2026-08-24
1.0,0.9613759806879904,1.0,0.0,0.03821656050955414,1.0,1.0,1.0,1.0,1.0,1.0,-3.0517578125e-05,-3.0517578125e-05,-3.0517578125e-05,-3.0517578125e-05,-3.0517578125e-05,-3.0517578125e-05,L,2,2026-08-24_23-25-27,2026-08-24
1.0,0.9818949909474954,1.0,0.0,0.025477707006369428,1.0,1.0,1.0,1.0,1.0,1.0,-3.0517578125e-05,-3.0517578125e-05,-3.0517578125e-05,-3.0517578125e-05,-3.0517578125e-05,-3.0517578125e-05,L,2,2026-08-24_23-25-27,2026-08-24
1.0,0.9746529873264936,1.0,0.0,0.0,1.0,1.0,1.0,1.0,1.0,1.0,-3.0517578125e-05,-3.0517578125e-05,-3.0517578125e-05,-3.0517578125e-05,-3.0517578125e-05,-3.0517578125e-05,L,2,2026-08-24_23-25-27,2026-08-24
1.0,1.0,1.0,0.0,0.0,1.0,1.0,1.0,1.0,1.0,1.0,-3.0517578125e-05,-3.0517578125e-05,-3.0517578125e-05,-3.0517578125e-05,-3.0517578125e-05,-3.0517578125e-05,L,2,2026-08-24_23-25-27,2026-08-24
1.0,1.0,1.0,0.0,0.0,1.0,1.0,1.0,1.0,1.0,1.0,-3.0517578125e-05,-3.0517578125e-05,-3.0517578125e-05,-3.0517578125e-05,-3.0517578125e-05,-3.0517578125e-05,L,2,2026-08-24_23-25-27,2026-08-24
1.0,1.0,1.0,0.0,0.03821656050955414,1.0,1.0,1.0,1.0,1.0,1.0,-3.0517578125e-05,-3.0517578125e-05,-3.0517578125e-05,-3.0517578125e-05,-3.0517578125e-05,-3.0517578125e-05,L,2,2026-08-24_23-25-27,2026-08-24
1.0,0.9746529873264936,1.0,0.0,0.0,1.0,1.0,1.0,1.0,1.0,1.0,-3.0517578125e-05,-3.0517578125e-05,-3.0517578125e-05,-3.0517578125e-05,-3.0517578125e-05,-3.0517578125e-05,L,2,2026-08-24_23-25-27,2026-08-24
1.0,1.0,1.0,0.0,0.0,1.0,1.0,1.0,1.0,1.0,1.0,-3.0517578125e-05,-3.0517578125e-05,-3.0517578125e-05,-3.0517578125e-05,-3.0517578125e-05,-3.0517578125e-05,L,2,2026-08-24_23-25-27,2026-08-24
1.0,1.0,1.0,0.0,0.012738853503184714,1.0,1.0,1.0,1.0,1.0,1.0,-3.0517578125e-05,-3.0517578125e-05,-3.0517578125e-05,-3.0517578125e-05,-3.0517578125e-05,-3.0517578125e-05,L,2,2026-08-24_23-25-27,2026-08-24
1.0,0.9855159927579964,1.0,0.0,0.0,1.0,1.0,1.0,1.0,1.0,1.0,-3.0517578125e-05,-3.0517578125e-05,-3.0517578125e-05,-3.0517578125e-05,-3.0517578125e-05,-3.0517578125e-05,L,3,2026-08-24_23-25-27,2026-08-24
1.0,0.9806879903439951,1.0,0.0,0.0,1.0,1.0,1.0,1.0,1.0,1.0,-3.0517578125e-05,-3.0517578125e-05,-3.0517578125e-05,-3.0517578125e-05,-3.0517578125e-05,-3.0517578125e-05,L,3,2026-08-24_23-25-27,2026-08-24
1.0,0.9831019915509958,1.0,0.0,0.012738853503184714,1.0,1.0,1.0,1.0,1.0,1.0,-3.0517578125e-05,-3.0517578125e-05,-3.0517578125e-05,-3.0517578125e-05,-3.0517578125e-05,-3.0517578125e-05,L,3,2026-08-24_23-25-27,2026-08-24
1.0,0.9867229933614967,1.0,0.0,0.0,1.0,1.0,1.0,1.0,1.0,1.0,-3.0517578125e-05,-3.0517578125e-05,-3.0517578125e-05,-3.0517578125e-05,-3.0517578125e-05,-3.0517578125e-05,L,3,2026-08-24_23-25-27,2026-08-24
1.0,0.9867229933614967,1.0,0.0,0.025477707006369428,1.0,1.0,1.0,1.0,1.0,1.0,-3.0517578125e-05,-3.0517578125e-05,-3.0517578125e-05,-3.0517578125e-05,-3.0517578125e-05,-3.0517578125e-05,L,3,2026-08-24_23-25-27,2026-08-24
1.0,0.987929993964997,1.0,0.0,0.025477707006369428,1.0,1.0,1.0,1.0,1.0,1.0,-3.0517578125e-05,-3.0517578125e-05,-3.0517578125e-05,-3.0517578125e-05,-3.0517578125e-05,-3.0517578125e-05,L,3,2026-08-24_23-25-27,2026-08-24
1.0,0.9734459867229933,1.0,0.0,0.0,1.0,1.0,1.0,1.0,1.0,1.0,-3.0517578125e-05,-3.0517578125e-05,-3.0517578125e-05,-3.0517578125e-05,-3.0517578125e-05,-3.0517578125e-05,L,3,2026-08-24_23-25-27,2026-08-24
1.0,0.9915509957754979,1.0,0.0,0.0,1.0,1.0,1.0,1.0,1.0,1.0,-3.0517578125e-05,-3.0517578125e-05,-3.0517578125e-05,-3.0517578125e-05,-3.0517578125e-05,-3.0517578125e-05,L,3,2026-08-24_23-25-27,2026-08-24
1.0,0.9806879903439951,1.0,0.0,0.0,1.0,1.0,1.0,1.0,1.0,1.0,-3.0517578125e-05,-3.0517578125e-05,-3.0517578125e-05,-3.0517578125e-05,-3.0517578125e-05,-3.0517578125e-05,L,3,2026-08-24_23-25-27,2026-08-24
1.0,0.9987929993964997,1.0,0.0,0.0,1.0,1.0,1.0,1.0,1.0,1.0,-3.0517578125e-05,-3.0517578125e-05,-3.0517578125e-05,-3.0517578125e-05,-3.0517578125e-05,-3.0517578125e-05,L,3,2026-08-24_23-25-27,2026-08-24
1.0,0.9867229933614967,1.0,0.0,0.0,1.0,1.0,1.0,1.0,1.0,1.0,-3.0517578125e-05,-3.0517578125e-05,-3.0517578125e-05,-3.0517578125e-05,-3.0517578125e-05,-3.0517578125e-05,L,3,2026-08-24_23-25-27,2026-08-24
1.0,0.9915509957754979,1.0,0.0,0.0,1.0,1.0,1.0,1.0,1.0,1.0,-3.0517578125e-05,-3.0517578125e-05,-3.0517578125e-05,-3.0517578125e-05,-3.0517578125e-05,-3.0517578125e-05,L,3,2026-08-24_23-25-27,2026-08-24
1.0,0.9806879903439951,1.0,0.0,0.0,1.0,1.0,1.0,1.0,1.0,1.0,-3.0517578125e-05,-3.0517578125e-05,-3.0517578125e-05,-3.0517578125e-05,-3.0517578125e-05,-3.0517578125e-05,L,3,2026-08-24_23-25-27,2026-08-24
1.0,0.9831019915509958,1.0,0.0,0.0,1.0,1.0,1.0,1.0,1.0,1.0,-3.0517578125e-05,-3.0517578125e-05,-3.0517578125e-05,-3.0517578125e-05,-3.0517578125e-05,-3.0517578125e-05,L,3,2026-08-24_23-25-27,2026-08-24
1.0,0.9867229933614967,1.0,0.0,0.06369426751592357,1.0,1.0,1.0,1.0,1.0,1.0,-3.0517578125e-05,-3.0517578125e-05,-3.0517578125e-05,-3.0517578125e-05,-3.0517578125e-05,-3.0517578125e-05,L,3,2026-08-24_23-25-27,2026-08-24
1.0,0.9698249849124925,1.0,0.0,0.012738853503184714,1.0,1.0,1.0,1.0,1.0,1.0,-3.0517578125e-05,-3.0517578125e-05,-3.0517578125e-05,-3.0517578125e-05,-3.0517578125e-05,-3.0517578125e-05,L,3,2026-08-24_23-25-27,2026-08-24
1.0,0.9867229933614967,1.0,0.0,0.0,1.0,1.0,1.0,1.0,1.0,1.0,-3.0517578125e-05,-3.0517578125e-05,-3.0517578125e-05,-3.0517578125e-05,-3.0517578125e-05,-3.0517578125e-05,L,3,2026-08-24_23-25-27,2026-08-24
1.0,0.9939649969824985,1.0,0.0,0.0,1.0,1.0,1.0,1.0,1.0,1.0,-3.0517578125e-05,-3.0517578125e-05,-3.0517578125e-05,-3.0517578125e-05,-3.0517578125e-05,-3.0517578125e-05,L,3,2026-08-24_23-25-27,2026-08-24
1.0,0.9927579963789982,1.0,0.0,0.025477707006369428,1.0,1.0,1.0,1.0,1.0,1.0,-3.0517578125e-05,-3.0517578125e-05,-3.0517578125e-05,-3.0517578125e-05,-3.0517578125e-05,-3.0517578125e-05,L,3,2026-08-24_23-25-27,2026-08-24
1.0,0.9818949909474954,1.0,0.0,0.0,1.0,1.0,1.0,1.0,1.0,1.0,-3.0517578125e-05,-3.0517578125e-05,-3.0517578125e-05,-3.0517578125e-05,-3.0517578125e-05,-3.0517578125e-05,L,3,2026-08-24_23-25-27,2026-08-24
1.0,0.9806879903439951,1.0,0.0,0.0,1.0,1.0,1.0,1.0,1.0,1.0,-3.0517578125e-05,-3.0517578125e-05,-3.0517578125e-05,-3.0517578125e-05,-3.0517578125e-05,-3.0517578125e-05,L,3,2026-08-24_23-25-27,2026-08-24
1.0,0.9939649969824985,1.0,0.0,0.012738853503184714,1.0,1.0,1.0,1.0,1.0,1.0,-3.0517578125e-05,-3.0517578125e-05,-3.0517578125e-05,-3.0517578125e-05,-3.0517578125e-05,-3.0517578125e-05,L,3,2026-08-24_23-25-27,2026-08-24
1.0,0.9806879903439951,1.0,0.0,0.0,1.0,1.0,1.0,1.0,1.0,1.0,-3.0517578125e-05,-3.0517578125e-05,-3.0517578125e-05,-3.0517578125e-05,-3.0517578125e-05,-3.0517578125e-05,L,3,2026-08-24_23-25-27,2026-08-24
1.0,0.9831019915509958,1.0,0.0,0.025477707006369428,1.0,1.0,1.0,1.0,1.0,1.0,-3.0517578125e-05,-3.0517578125e-05,-3.0517578125e-05,-3.0517578125e-05,-3.0517578125e-05,-3.0517578125e-05,L,3,2026-08-24_23-25-27,2026-08-24
1.0,0.975859987929994,1.0,0.0,0.0,1.0,1.0,1.0,1.0,1.0,1.0,-3.0517578125e-05,-3.0517578125e-05,-3.0517578125e-05,-3.0517578125e-05,-3.0517578125e-05,-3.0517578125e-05,L,3,2026-08-24_23-25-27,2026-08-24
1.0,0.9831019915509958,1.0,0.0,0.0,1.0,1.0,1.0,1.0,1.0,1.0,-3.0517578125e-05,-3.0517578125e-05,-3.0517578125e-05,-3.0517578125e-05,-3.0517578125e-05,-3.0517578125e-05,L,3,2026-08-24_23-25-27,2026-08-24
1.0,0.9770669885334943,1.0,0.0,0.0,1.0,1.0,1.0,1.0,1.0,1.0,-3.0517578125e-05,-3.0517578125e-05,-3.0517578125e-05,-3.0517578125e-05,-3.0517578125e-05,-3.0517578125e-05,L,3,2026-08-24_23-25-27,2026-08-24
1.0,0.9722389861194931,1.0,0.0,0.0,1.0,1.0,1.0,1.0,1.0,1.0,-3.0517578125e-05,-3.0517578125e-05,-3.0517578125e-05,-3.0517578125e-05,-3.0517578125e-05,-3.0517578125e-05,L,3,2026-08-24_23-25-27,2026-08-24
1.0,0.9831019915509958,1.0,0.0,0.0,1.0,1.0,1.0,1.0,1.0,1.0,-3.0517578125e-05,-3.0517578125e-05,-3.0517578125e-05,-3.0517578125e-05,-3.0517578125e-05,-3.0517578125e-05,L,3,2026-08-24_23-25-27,2026-08-24
1.0,0.9782739891369946,1.0,0.0,0.0,1.0,1.0,1.0,1.0,1.0,1.0,-3.0517578125e-05,-3.0517578125e-05,-3.0517578125e-05,-3.0517578125e-05,-3.0517578125e-05,-3.0517578125e-05,L,3,2026-08-24_23-25-27,2026-08-24
1.0,0.9818949909474954,1.0,0.0,0.0,1.0,1.0,1.0,1.0,1.0,1.0,-3.0517578125e-05,-3.0517578125e-05,-3.0517578125e-05,-3.0517578125e-05,-3.0517578125e-05,-3.0517578125e-05,L,3,2026-08-24_23-25-27,2026-08-24
1.0,0.9806879903439951,1.0,0.0,0.0,1.0,1.0,1.0,1.0,1.0,1.0,-3.0517578125e-05,-3.0517578125e-05,-3.0517578125e-05,-3.0517578125e-05,-3.0517578125e-05,-3.0517578125e-05,L,3,2026-08-24_23-25-27,2026-08-24
1.0,0.9734459867229933,1.0,0.0,0.0,1.0,1.0,1.0,1.0,1.0,1.0,-3.0517578125e-05,-3.0517578125e-05,-3.0517578125e-05,-3.0517578125e-05,-3.0517578125e-05,-3.0517578125e-05,L,3,2026-08-24_23-25-27,2026-08-24
1.0,0.9782739891369946,1.0,0.0,0.0,1.0,1.0,1.0,1.0,1.0,1.0,-3.0517578125e-05,-3.0517578125e-05,-3.0517578125e-05,-3.0517578125e-05,-3.0517578125e-05,-3.0517578125e-05,L,3,2026-08-24_23-25-27,2026-08-24
1.0,0.9818949909474954,1.0,0.0,0.0,1.0,1.0,1.0,1.0,1.0,1.0,-3.0517578125e-05,-3.0517578125e-05,-3.0517578125e-05,-3.0517578125e-05,-3.0517578125e-05,-3.0517578125e-05,L,3,2026-08-24_23-25-27,2026-08-24
1.0,0.9746529873264936,1.0,0.0,0.0,1.0,1.0,1.0,1.0,1.0,1.0,-3.0517578125e-05,-3.0517578125e-05,-3.0517578125e-05,-3.0517578125e-05,-3.0517578125e-05,-3.0517578125e-05,L,3,2026-08-24_23-25-27,2026-08-24
1.0,0.9855159927579964,1.0,0.0,0.0,1.0,1.0,1.0,1.0,1.0,1.0,-3.0517578125e-05,-3.0517578125e-05,-3.0517578125e-05,-3.0517578125e-05,-3.0517578125e-05,-3.0517578125e-05,L,3,2026-08-24_23-25-27,2026-08-24
1.0,0.9891369945684972,1.0,0.0,0.0,1.0,1.0,1.0,1.0,1.0,1.0,-3.0517578125e-05,-3.0517578125e-05,-3.0517578125e-05,-3.0517578125e-05,-3.0517578125e-05,-3.0517578125e-05,L,3,2026-08-24_23-25-27,2026-08-24
1.0,0.9770669885334943,1.0,0.0,0.0,1.0,1.0,1.0,1.0,1.0,1.0,-3.0517578125e-05,-3.0517578125e-05,-3.0517578125e-05,-3.0517578125e-05,-3.0517578125e-05,-3.0517578125e-05,L,3,2026-08-24_23-25-27,2026-08-24
1.0,0.9794809897404949,1.0,0.0,0.0,1.0,1.0,1.0,1.0,1.0,1.0,-3.0517578125e-05,-3.0517578125e-05,-3.0517578125e-05,-3.0517578125e-05,-3.0517578125e-05,-3.0517578125e-05,L,3,2026-08-24_23-25-27,2026-08-24
1.0,0.9939649969824985,1.0,0.0,0.0,1.0,1.0,1.0,1.0,1.0,1.0,-3.0517578125e-05,-3.0517578125e-05,-3.0517578125e-05,-3.0517578125e-05,-3.0517578125e-05,-3.0517578125e-05,L,4,2026-08-24_23-25-27,2026-08-24
1.0,0.987929993964997,1.0,0.0,0.0,1.0,1.0,1.0,1.0,1.0,1.0,-3.0517578125e-05,-3.0517578125e-05,-3.0517578125e-05,-3.0517578125e-05,-3.0517578125e-05,-3.0517578125e-05,L,4,2026-08-24_23-25-27,2026-08-24
1.0,0.996378998189499,1.0,0.0,0.07643312101910828,1.0,1.0,1.0,1.0,1.0,1.0,-3.0517578125e-05,-3.0517578125e-05,-3.0517578125e-05,-3.0517578125e-05,-3.0517578125e-05,-3.0517578125e-05,L,4,2026-08-24_23-25-27,2026-08-24
1.0,0.9794809897404949,1.0,0.0,0.012738853503184714,1.0,1.0,1.0,1.0,1.0,1.0,-3.0517578125e-05,-3.0517578125e-05,-3.0517578125e-05,-3.0517578125e-05,-3.0517578125e-05,-3.0517578125e-05,L,4,2026-08-24_23-25-27,2026-08-24
1.0,0.9891369945684972,1.0,0.0,0.0,1.0,1.0,1.0,1.0,1.0,1.0,-3.0517578125e-05,-3.0517578125e-05,-3.0517578125e-05,-3.0517578125e-05,-3.0517578125e-05,-3.0517578125e-05,L,4,2026-08-24_23-25-27,2026-08-24
1.0,0.9951719975859988,1.0,0.0,0.050955414012738856,1.0,1.0,1.0,1.0,1.0,1.0,-3.0517578125e-05,-3.0517578125e-05,-3.0517578125e-05,-3.0517578125e-05,-3.0517578125e-05,-3.0517578125e-05,L,4,2026-08-24_23-25-27,2026-08-24
1.0,0.9939649969824985,1.0,0.0,0.06369426751592357,1.0,1.0,1.0,1.0,1.0,1.0,-3.0517578125e-05,-3.0517578125e-05,-3.0517578125e-05,-3.0517578125e-05,-3.0517578125e-05,-3.0517578125e-05,L,4,2026-08-24_23-25-27,2026-08-24
1.0,0.9831019915509958,1.0,0.0,0.0,1.0,1.0,1.0,1.0,1.0,1.0,-3.0517578125e-05,-3.0517578125e-05,-3.0517578125e-05,-3.0517578125e-05,-3.0517578125e-05,-3.0517578125e-05,L,4,2026-08-24_23-25-27,2026-08-24
1.0,0.9818949909474954,1.0,0.0,0.0,1.0,1.0,1.0,1.0,1.0,1.0,-3.0517578125e-05,-3.0517578125e-05,-3.0517578125e-05,-3.0517578125e-05,-3.0517578125e-05,-3.0517578125e-05,L,4,2026-08-24_23-25-27,2026-08-24
1.0,0.9806879903439951,1.0,0.0,0.14012738853503184,1.0,1.0,1.0,1.0,1.0,1.0,-3.0517578125e-05,-3.0517578125e-05,-3.0517578125e-05,-3.0517578125e-05,-3.0517578125e-05,-3.0517578125e-05,L,4,2026-08-24_23-25-27,2026-08-24
1.0,0.9806879903439951,1.0,0.0,0.0,1.0,1.0,1.0,1.0,1.0,1.0,-3.0517578125e-05,-3.0517578125e-05,-3.0517578125e-05,-3.0517578125e-05,-3.0517578125e-05,-3.0517578125e-05,L,4,2026-08-24_23-25-27,2026-08-24
1.0,0.9734459867229933,1.0,0.0,0.0,1.0,1.0,1.0,1.0,1.0,1.0,-3.0517578125e-05,-3.0517578125e-05,-3.0517578125e-05,-3.0517578125e-05,-3.0517578125e-05,-3.0517578125e-05,L,4,2026-08-24_23-25-27,2026-08-24
1.0,0.9891369945684972,1.0,0.0,0.0,1.0,1.0,1.0,1.0,1.0,1.0,-3.0517578125e-05,-3.0517578125e-05,-3.0517578125e-05,-3.0517578125e-05,-3.0517578125e-05,-3.0517578125e-05,L,4,2026-08-24_23-25-27,2026-08-24
1.0,1.0,1.0,0.0,0.12738853503184713,1.0,1.0,1.0,1.0,1.0,1.0,-3.0517578125e-05,-3.0517578125e-05,-3.0517578125e-05,-3.0517578125e-05,-3.0517578125e-05,-3.0517578125e-05,L,4,2026-08-24_23-25-27,2026-08-24
1.0,0.9770669885334943,1.0,0.0,0.0,1.0,1.0,1.0,1.0,1.0,1.0,-3.0517578125e-05,-3.0517578125e-05,-3.0517578125e-05,-3.0517578125e-05,-3.0517578125e-05,-3.0517578125e-05,L,4,2026-08-24_23-25-27,2026-08-24
1.0,0.9855159927579964,1.0,0.0,0.12738853503184713,1.0,1.0,1.0,1.0,1.0,1.0,-3.0517578125e-05,-3.0517578125e-05,-3.0517578125e-05,-3.0517578125e-05,-3.0517578125e-05,-3.0517578125e-05,L,4,2026-08-24_23-25-27,2026-08-24
1.0,1.0,1.0,0.0,0.0,1.0,1.0,1.0,1.0,1.0,1.0,-3.0517578125e-05,-3.0517578125e-05,-3.0517578125e-05,-3.0517578125e-05,-3.0517578125e-05,-3.0517578125e-05,L,4,2026-08-24_23-25-27,2026-08-24
1.0,0.9927579963789982,1.0,0.0,0.025477707006369428,1.0,1.0,1.0,1.0,1.0,1.0,-3.0517578125e-05,-3.0517578125e-05,-3.0517578125e-05,-3.0517578125e-05,-3.0517578125e-05,-3.0517578125e-05,L,4,2026-08-24_23-25-27,2026-08-24
1.0,0.9891369945684972,1.0,0.0,0.06369426751592357,1.0,1.0,1.0,1.0,1.0,1.0,-3.0517578125e-05,-3.0517578125e-05,-3.0517578125e-05,-3.0517578125e-05,-3.0517578125e-05,-3.0517578125e-05,L,4,2026-08-24_23-25-27,2026-08-24
1.0,1.0,1.0,0.0,0.14012738853503184,1.0,1.0,1.0,1.0,1.0,1.0,-3.0517578125e-05,-3.0517578125e-05,-3.0517578125e-05,-3.0517578125e-05,-3.0517578125e-05,-3.0517578125e-05,L,4,2026-08-24_23-25-27,2026-08-24
1.0,0.9915509957754979,1.0,0.0,0.012738853503184714,1.0,1.0,1.0,1.0,1.0,1.0,-3.0517578125e-05,-3.0517578125e-05,-3.0517578125e-05,-3.0517578125e-05,-3.0517578125e-05,-3.0517578125e-05,L,4,2026-08-24_23-25-27,2026-08-24
1.0,1.0,1.0,0.0,0.0,1.0,1.0,1.0,1.0,1.0,1.0,-3.0517578125e-05,-3.0517578125e-05,-3.0517578125e-05,-3.0517578125e-05,-3.0517578125e-05,-3.0517578125e-05,L,4,2026-08-24_23-25-27,2026-08-24
1.0,0.9915509957754979,1.0,0.0,0.06369426751592357,1.0,1.0,1.0,1.0,1.0,1.0,-3.0517578125e-05,-3.0517578125e-05,-3.0517578125e-05,-3.0517578125e-05,-3.0517578125e-05,-3.0517578125e-05,L,4,2026-08-24_23-25-27,2026-08-24
1.0,0.9915509957754979,1.0,0.0,0.0,1.0,1.0,1.0,1.0,1.0,1.0,-3.0517578125e-05,-3.0517578125e-05,-3.0517578125e-05,-3.0517578125e-05,-3.0517578125e-05,-3.0517578125e-05,L,4,2026-08-24_23-25-27,2026-08-24
1.0,0.9915509957754979,1.0,0.0,0.08917197452229299,1.0,1.0,1.0,1.0,1.0,1.0,-3.0517578125e-05,-3.0517578125e-05,-3.0517578125e-05,-3.0517578125e-05,-3.0517578125e-05,-3.0517578125e-05,L,4,2026-08-24_23-25-27,2026-08-24
1.0,0.9674109837054918,1.0,0.0,0.07643312101910828,1.0,1.0,1.0,1.0,1.0,1.0,-3.0517578125e-05,-3.0517578125e-05,-3.0517578125e-05,-3.0517578125e-05,-3.0517578125e-05,-3.0517578125e-05,L,4,2026-08-24_23-25-27,2026-08-24
1.0,0.9794809897404949,1.0,0.0,0.03821656050955414,1.0,1.0,1.0,1.0,1.0,1.0,-3.0517578125e-05,-3.0517578125e-05,-3.0517578125e-05,-3.0517578125e-05,-3.0517578125e-05,-3.0517578125e-05,L,4,2026-08-24_23-25-27,2026-08-24
1.0,0.9818949909474954,1.0,0.0,0.0,1.0,1.0,1.0,1.0,1.0,1.0,-3.0517578125e-05,-3.0517578125e-05,-3.0517578125e-05,-3.0517578125e-05,-3.0517578125e-05,-3.0517578125e-05,L,4,2026-08-24_23-25-27,2026-08-24
1.0,0.9818949909474954,1.0,0.0,0.025477707006369428,1.0,1.0,1.0,1.0,1.0,1.0,-3.0517578125e-05,-3.0517578125e-05,-3.0517578125e-05,-3.0517578125e-05,-3.0517578125e-05,-3.0517578125e-05,L,4,2026-08-24_23-25-27,2026-08-24
1.0,0.9831019915509958,1.0,0.0,0.0,1.0,1.0,1.0,1.0,1.0,1.0,-3.0517578125e-05,-3.0517578125e-05,-3.0517578125e-05,-3.0517578125e-05,-3.0517578125e-05,-3.0517578125e-05,L,4,2026-08-24_23-25-27,2026-08-24
1.0,0.9843089921544961,1.0,0.0,0.0,1.0,1.0,1.0,1.0,1.0,1.0,-3.0517578125e-05,-3.0517578125e-05,-3.0517578125e-05,-3.0517578125e-05,-3.0517578125e-05,-3.0517578125e-05,L,4,2026-08-24_23-25-27,2026-08-24
1.0,0.9867229933614967,1.0,0.0,0.012738853503184714,1.0,1.0,1.0,1.0,1.0,1.0,-3.0517578125e-05,-3.0517578125e-05,-3.0517578125e-05,-3.0517578125e-05,-3.0517578125e-05,-3.0517578125e-05,L,4,2026-08-24_23-25-27,2026-08-24
1.0,0.9927579963789982,1.0,0.0,0.06369426751592357,1.0,1.0,1.0,1.0,1.0,1.0,-3.0517578125e-05,-3.0517578125e-05,-3.0517578125e-05,-3.0517578125e-05,-3.0517578125e-05,-3.0517578125e-05,L,4,2026-08-24_23-25-27,2026-08-24
1.0,0.9939649969824985,1.0,0.0,0.08917197452229299,1.0,1.0,1.0,1.0,1.0,1.0,-3.0517578125e-05,-3.0517578125e-05,-3.0517578125e-05,-3.0517578125e-05,-3.0517578125e-05,-3.0517578125e-05,L,4,2026-08-24_23-25-27,2026-08-24
1.0,0.9770669885334943,1.0,0.0,0.11464968152866242,1.0,1.0,1.0,1.0,1.0,1.0,-3.0517578125e-05,-3.0517578125e-05,-3.0517578125e-05,-3.0517578125e-05,-3.0517578125e-05,-3.0517578125e-05,L,4,2026-08-24_23-25-27,2026-08-24
1.0,0.9987929993964997,1.0,0.0,0.06369426751592357,1.0,1.0,1.0,1.0,1.0,1.0,-3.0517578125e-05,-3.0517578125e-05,-3.0517578125e-05,-3.0517578125e-05,-3.0517578125e-05,-3.0517578125e-05,L,4,2026-08-24_23-25-27,2026-08-24
1.0,0.9843089921544961,1.0,0.0,0.06369426751592357,1.0,1.0,1.0,1.0,1.0,1.0,-3.0517578125e-05,-3.0517578125e-05,-3.0517578125e-05,-3.0517578125e-05,-3.0517578125e-05,-3.0517578125e-05,L,4,2026-08-24_23-25-27,2026-08-24
1.0,0.9818949909474954,1.0,0.0,0.0,1.0,1.0,1.0,1.0,1.0,1.0,-3.0517578125e-05,-3.0517578125e-05,-3.0517578125e-05,-3.0517578125e-05,-3.0517578125e-05,-3.0517578125e-05,L,4,2026-08-24_23-25-27,2026-08-24
1.0,0.9843089921544961,1.0,0.0,0.0,1.0,1.0,1.0,1.0,1.0,1.0,-3.0517578125e-05,-3.0517578125e-05,-3.0517578125e-05,-3.0517578125e-05,-3.0517578125e-05,-3.0517578125e-05,L,4,2026-08-24_23-25-27,2026-08-24
1.0,0.9867229933614967,1.0,0.0,0.0,1.0,1.0,1.0,1.0,1.0,1.0,-3.0517578125e-05,-3.0517578125e-05,-3.0517578125e-05,-3.0517578125e-05,-3.0517578125e-05,-3.0517578125e-05,L,4,2026-08-24_23-25-27,2026-08-24
